Mon Dec 15 19:00:18 2025: Running xcd server. This server was built by gradle.
Mon Dec 15 19:00:18 2025: Server was asked to start on port: '42831'
Mon Dec 15 19:00:18 2025: Server is using token UUID: 'b3d8d78c-66b4-4836-8b7b-fc46553aa5cf'
Mon Dec 15 19:00:18 2025: SESSION_MGR: creating session with session uuid: '6d04a3e9-ade5-4ab9-8d63-1f78fcd2ec76' and name 'default'
Mon Dec 15 19:00:18 2025: Attempting to start server on port '42831'
Mon Dec 15 19:00:18 2025: XCD main fifo: created main fifo '/tmp/xcdmainb3d8d78c-66b4-4836-8b7b-fc46553aa5cf', fd read = 12
Mon Dec 15 19:00:18 2025: Running Dispatch Server
Mon Dec 15 19:00:18 2025: Version 2.2.0
Mon Dec 15 19:00:19 2025: Dispatch Server: Accepted socket connection from client
Mon Dec 15 19:00:19 2025: Starting Socket connection
Mon Dec 15 19:00:19 2025: EXCHANGE_TOKEN received, server token: b3d8d78c-66b4-4836-8b7b-fc46553aa5cf, passed token: b3d8d78c-66b4-4836-8b7b-fc46553aa5cf
Mon Dec 15 19:00:19 2025: DISPATCH_HANDLER: Adding handler from function makeHandler in library libxv_system_diagram failed with exception: Could not dynamically load libxv_system_diagram.so
Mon Dec 15 19:00:19 2025: SESSION_MGR: creating session with session uuid: '49ef6e44-7517-4720-9bf0-965bfd0bd669' and name 'vitis-run_compile_transformer_top'
Mon Dec 15 19:00:19 2025: KERNEL_SVC: creating session with uuid: '49ef6e44-7517-4720-9bf0-965bfd0bd669' and name 'vitis-run_compile_transformer_top'
Mon Dec 15 19:00:19 2025: GUIDANCE_SMGR: creating guidance session with uuid: '49ef6e44-7517-4720-9bf0-965bfd0bd669' and name 'vitis-run_compile_transformer_top'
Mon Dec 15 19:00:23 2025: Dispatch Server: Accepted socket connection from client
Mon Dec 15 19:00:23 2025: Starting Socket connection
Mon Dec 15 19:00:23 2025: SESSION_MGR: closing session for UUID '49ef6e44-7517-4720-9bf0-965bfd0bd669' with name 'vitis-run_compile_transformer_top'
Mon Dec 15 19:00:23 2025: KERNEL_SVC: closing session for UUID '49ef6e44-7517-4720-9bf0-965bfd0bd669' with name 'vitis-run_compile_transformer_top'
Mon Dec 15 19:00:23 2025: GUIDANCE_SMGR: closing session for UUID '49ef6e44-7517-4720-9bf0-965bfd0bd669' with name 'vitis-run_compile_transformer_top'
Mon Dec 15 19:00:23 2025: STOP_SERVER received, server token: b3d8d78c-66b4-4836-8b7b-fc46553aa5cf, passed token: b3d8d78c-66b4-4836-8b7b-fc46553aa5cf
Mon Dec 15 19:00:23 2025: Socket received request to stop server.
Mon Dec 15 19:00:23 2025: Dispatch Server: do_await_stop
Mon Dec 15 19:00:23 2025: Dispatch Server: stopping mainFifo_
Mon Dec 15 19:00:23 2025: XCD main fifo: Stopping
Mon Dec 15 19:00:23 2025: XCD main fifo: do_read error code: Operation canceled
Mon Dec 15 19:00:23 2025: XCD main fifo: bytes_transferred: 0
Mon Dec 15 19:00:23 2025: SERVER: destructor for server bound to port 42831
Mon Dec 15 19:00:23 2025: XCD main fifo: Good unlink of /tmp/xcdmainb3d8d78c-66b4-4836-8b7b-fc46553aa5cf
Mon Dec 15 19:00:23 2025: Server exiting with status 0.
Mon Dec 15 19:00:23 2025: Closing log file.
Mon Dec 15 19:03:01 2025: Running xcd server. This server was built by gradle.
Mon Dec 15 19:03:01 2025: Server was asked to start on port: '42685'
Mon Dec 15 19:03:01 2025: Server is using token UUID: 'c4682e0f-7bb2-4833-86da-3a4e9b5e399f'
Mon Dec 15 19:03:01 2025: SESSION_MGR: creating session with session uuid: '6d04a3e9-ade5-4ab9-8d63-1f78fcd2ec76' and name 'default'
Mon Dec 15 19:03:01 2025: Attempting to start server on port '42685'
Mon Dec 15 19:03:01 2025: XCD main fifo: created main fifo '/tmp/xcdmainc4682e0f-7bb2-4833-86da-3a4e9b5e399f', fd read = 12
Mon Dec 15 19:03:01 2025: Running Dispatch Server
Mon Dec 15 19:03:01 2025: Version 2.2.0
Mon Dec 15 19:03:03 2025: Dispatch Server: Accepted socket connection from client
Mon Dec 15 19:03:03 2025: Starting Socket connection
Mon Dec 15 19:03:03 2025: EXCHANGE_TOKEN received, server token: c4682e0f-7bb2-4833-86da-3a4e9b5e399f, passed token: c4682e0f-7bb2-4833-86da-3a4e9b5e399f
Mon Dec 15 19:03:03 2025: DISPATCH_HANDLER: Adding handler from function makeHandler in library libxv_system_diagram failed with exception: Could not dynamically load libxv_system_diagram.so
Mon Dec 15 19:03:03 2025: SESSION_MGR: creating session with session uuid: 'de9d7348-ae39-4dd3-aef1-fd095018f7d4' and name 'vitis-run_compile_transformer_top'
Mon Dec 15 19:03:03 2025: KERNEL_SVC: creating session with uuid: 'de9d7348-ae39-4dd3-aef1-fd095018f7d4' and name 'vitis-run_compile_transformer_top'
Mon Dec 15 19:03:03 2025: GUIDANCE_SMGR: creating guidance session with uuid: 'de9d7348-ae39-4dd3-aef1-fd095018f7d4' and name 'vitis-run_compile_transformer_top'
Mon Dec 15 19:03:06 2025: Dispatch Server: Accepted socket connection from client
Mon Dec 15 19:03:06 2025: Starting Socket connection
Mon Dec 15 19:03:07 2025: SESSION_MGR: closing session for UUID 'de9d7348-ae39-4dd3-aef1-fd095018f7d4' with name 'vitis-run_compile_transformer_top'
Mon Dec 15 19:03:07 2025: KERNEL_SVC: closing session for UUID 'de9d7348-ae39-4dd3-aef1-fd095018f7d4' with name 'vitis-run_compile_transformer_top'
Mon Dec 15 19:03:07 2025: GUIDANCE_SMGR: closing session for UUID 'de9d7348-ae39-4dd3-aef1-fd095018f7d4' with name 'vitis-run_compile_transformer_top'
Mon Dec 15 19:03:07 2025: STOP_SERVER received, server token: c4682e0f-7bb2-4833-86da-3a4e9b5e399f, passed token: c4682e0f-7bb2-4833-86da-3a4e9b5e399f
Mon Dec 15 19:03:07 2025: Socket received request to stop server.
Mon Dec 15 19:03:07 2025: Dispatch Server: do_await_stop
Mon Dec 15 19:03:07 2025: Dispatch Server: stopping mainFifo_
Mon Dec 15 19:03:07 2025: XCD main fifo: Stopping
Mon Dec 15 19:03:07 2025: XCD main fifo: do_read error code: Operation canceled
Mon Dec 15 19:03:07 2025: XCD main fifo: bytes_transferred: 0
Mon Dec 15 19:03:07 2025: SERVER: destructor for server bound to port 42685
Mon Dec 15 19:03:07 2025: XCD main fifo: Good unlink of /tmp/xcdmainc4682e0f-7bb2-4833-86da-3a4e9b5e399f
Mon Dec 15 19:03:07 2025: Server exiting with status 0.
Mon Dec 15 19:03:07 2025: Closing log file.
Mon Dec 15 19:05:02 2025: Running xcd server. This server was built by gradle.
Mon Dec 15 19:05:02 2025: Server was asked to start on port: '33779'
Mon Dec 15 19:05:02 2025: Server is using token UUID: '54b5b9b8-10be-4113-9532-c475f7a6e11b'
Mon Dec 15 19:05:02 2025: SESSION_MGR: creating session with session uuid: '6d04a3e9-ade5-4ab9-8d63-1f78fcd2ec76' and name 'default'
Mon Dec 15 19:05:02 2025: Attempting to start server on port '33779'
Mon Dec 15 19:05:02 2025: XCD main fifo: created main fifo '/tmp/xcdmain54b5b9b8-10be-4113-9532-c475f7a6e11b', fd read = 12
Mon Dec 15 19:05:02 2025: Running Dispatch Server
Mon Dec 15 19:05:02 2025: Version 2.2.0
Mon Dec 15 19:05:03 2025: Dispatch Server: Accepted socket connection from client
Mon Dec 15 19:05:03 2025: Starting Socket connection
Mon Dec 15 19:05:03 2025: EXCHANGE_TOKEN received, server token: 54b5b9b8-10be-4113-9532-c475f7a6e11b, passed token: 54b5b9b8-10be-4113-9532-c475f7a6e11b
Mon Dec 15 19:05:03 2025: DISPATCH_HANDLER: Adding handler from function makeHandler in library libxv_system_diagram failed with exception: Could not dynamically load libxv_system_diagram.so
Mon Dec 15 19:05:03 2025: SESSION_MGR: creating session with session uuid: 'ef19500a-4f0a-4380-bb72-b7dbe2fc91f4' and name 'vitis-run_compile_transformer_top'
Mon Dec 15 19:05:03 2025: KERNEL_SVC: creating session with uuid: 'ef19500a-4f0a-4380-bb72-b7dbe2fc91f4' and name 'vitis-run_compile_transformer_top'
Mon Dec 15 19:05:03 2025: GUIDANCE_SMGR: creating guidance session with uuid: 'ef19500a-4f0a-4380-bb72-b7dbe2fc91f4' and name 'vitis-run_compile_transformer_top'
Mon Dec 15 19:05:07 2025: Dispatch Server: Accepted socket connection from client
Mon Dec 15 19:05:07 2025: Starting Socket connection
Mon Dec 15 19:05:07 2025: SESSION_MGR: closing session for UUID 'ef19500a-4f0a-4380-bb72-b7dbe2fc91f4' with name 'vitis-run_compile_transformer_top'
Mon Dec 15 19:05:07 2025: KERNEL_SVC: closing session for UUID 'ef19500a-4f0a-4380-bb72-b7dbe2fc91f4' with name 'vitis-run_compile_transformer_top'
Mon Dec 15 19:05:07 2025: GUIDANCE_SMGR: closing session for UUID 'ef19500a-4f0a-4380-bb72-b7dbe2fc91f4' with name 'vitis-run_compile_transformer_top'
Mon Dec 15 19:05:07 2025: STOP_SERVER received, server token: 54b5b9b8-10be-4113-9532-c475f7a6e11b, passed token: 54b5b9b8-10be-4113-9532-c475f7a6e11b
Mon Dec 15 19:05:07 2025: Socket received request to stop server.
Mon Dec 15 19:05:07 2025: Dispatch Server: do_await_stop
Mon Dec 15 19:05:07 2025: Dispatch Server: stopping mainFifo_
Mon Dec 15 19:05:07 2025: XCD main fifo: Stopping
Mon Dec 15 19:05:07 2025: XCD main fifo: do_read error code: Operation canceled
Mon Dec 15 19:05:07 2025: XCD main fifo: bytes_transferred: 0
Mon Dec 15 19:05:07 2025: SERVER: destructor for server bound to port 33779
Mon Dec 15 19:05:07 2025: XCD main fifo: Good unlink of /tmp/xcdmain54b5b9b8-10be-4113-9532-c475f7a6e11b
Mon Dec 15 19:05:07 2025: Server exiting with status 0.
Mon Dec 15 19:05:07 2025: Closing log file.
Mon Dec 15 19:12:50 2025: Running xcd server. This server was built by gradle.
Mon Dec 15 19:12:50 2025: Server was asked to start on port: '37449'
Mon Dec 15 19:12:50 2025: Server is using token UUID: '3e0b6677-6357-437a-a434-e55e03b56d02'
Mon Dec 15 19:12:50 2025: SESSION_MGR: creating session with session uuid: '6d04a3e9-ade5-4ab9-8d63-1f78fcd2ec76' and name 'default'
Mon Dec 15 19:12:50 2025: Attempting to start server on port '37449'
Mon Dec 15 19:12:50 2025: XCD main fifo: created main fifo '/tmp/xcdmain3e0b6677-6357-437a-a434-e55e03b56d02', fd read = 12
Mon Dec 15 19:12:50 2025: Running Dispatch Server
Mon Dec 15 19:12:50 2025: Version 2.2.0
Mon Dec 15 19:12:51 2025: Dispatch Server: Accepted socket connection from client
Mon Dec 15 19:12:51 2025: Starting Socket connection
Mon Dec 15 19:12:51 2025: EXCHANGE_TOKEN received, server token: 3e0b6677-6357-437a-a434-e55e03b56d02, passed token: 3e0b6677-6357-437a-a434-e55e03b56d02
Mon Dec 15 19:12:51 2025: DISPATCH_HANDLER: Adding handler from function makeHandler in library libxv_system_diagram failed with exception: Could not dynamically load libxv_system_diagram.so
Mon Dec 15 19:12:51 2025: SESSION_MGR: creating session with session uuid: 'b7e9f89c-3b57-497b-a37b-af15b02a1a2c' and name 'vitis-run_compile_transformer_top'
Mon Dec 15 19:12:51 2025: KERNEL_SVC: creating session with uuid: 'b7e9f89c-3b57-497b-a37b-af15b02a1a2c' and name 'vitis-run_compile_transformer_top'
Mon Dec 15 19:12:51 2025: GUIDANCE_SMGR: creating guidance session with uuid: 'b7e9f89c-3b57-497b-a37b-af15b02a1a2c' and name 'vitis-run_compile_transformer_top'
Mon Dec 15 19:12:55 2025: Dispatch Server: Accepted socket connection from client
Mon Dec 15 19:12:55 2025: Starting Socket connection
Mon Dec 15 19:12:56 2025: SESSION_MGR: closing session for UUID 'b7e9f89c-3b57-497b-a37b-af15b02a1a2c' with name 'vitis-run_compile_transformer_top'
Mon Dec 15 19:12:56 2025: KERNEL_SVC: closing session for UUID 'b7e9f89c-3b57-497b-a37b-af15b02a1a2c' with name 'vitis-run_compile_transformer_top'
Mon Dec 15 19:12:56 2025: GUIDANCE_SMGR: closing session for UUID 'b7e9f89c-3b57-497b-a37b-af15b02a1a2c' with name 'vitis-run_compile_transformer_top'
Mon Dec 15 19:12:56 2025: STOP_SERVER received, server token: 3e0b6677-6357-437a-a434-e55e03b56d02, passed token: 3e0b6677-6357-437a-a434-e55e03b56d02
Mon Dec 15 19:12:56 2025: Socket received request to stop server.
Mon Dec 15 19:12:56 2025: Dispatch Server: do_await_stop
Mon Dec 15 19:12:56 2025: Dispatch Server: stopping mainFifo_
Mon Dec 15 19:12:56 2025: XCD main fifo: Stopping
Mon Dec 15 19:12:56 2025: XCD main fifo: do_read error code: Operation canceled
Mon Dec 15 19:12:56 2025: XCD main fifo: bytes_transferred: 0
Mon Dec 15 19:12:56 2025: SERVER: destructor for server bound to port 37449
Mon Dec 15 19:12:56 2025: XCD main fifo: Good unlink of /tmp/xcdmain3e0b6677-6357-437a-a434-e55e03b56d02
Mon Dec 15 19:12:56 2025: Server exiting with status 0.
Mon Dec 15 19:12:56 2025: Closing log file.
Mon Dec 15 19:13:05 2025: Running xcd server. This server was built by gradle.
Mon Dec 15 19:13:05 2025: Server was asked to start on port: '35303'
Mon Dec 15 19:13:05 2025: Server is using token UUID: '88ee0695-4411-45c7-8c16-87d7bf00d354'
Mon Dec 15 19:13:05 2025: SESSION_MGR: creating session with session uuid: '6d04a3e9-ade5-4ab9-8d63-1f78fcd2ec76' and name 'default'
Mon Dec 15 19:13:05 2025: Attempting to start server on port '35303'
Mon Dec 15 19:13:05 2025: XCD main fifo: created main fifo '/tmp/xcdmain88ee0695-4411-45c7-8c16-87d7bf00d354', fd read = 12
Mon Dec 15 19:13:05 2025: Running Dispatch Server
Mon Dec 15 19:13:05 2025: Version 2.2.0
Mon Dec 15 19:13:06 2025: Dispatch Server: Accepted socket connection from client
Mon Dec 15 19:13:06 2025: Starting Socket connection
Mon Dec 15 19:13:06 2025: EXCHANGE_TOKEN received, server token: 88ee0695-4411-45c7-8c16-87d7bf00d354, passed token: 88ee0695-4411-45c7-8c16-87d7bf00d354
Mon Dec 15 19:13:06 2025: DISPATCH_HANDLER: Adding handler from function makeHandler in library libxv_system_diagram failed with exception: Could not dynamically load libxv_system_diagram.so
Mon Dec 15 19:13:06 2025: SESSION_MGR: creating session with session uuid: '7eb5e8d7-68d7-469c-a661-25872fb7e570' and name 'vitis-run_compile_transformer_top'
Mon Dec 15 19:13:06 2025: KERNEL_SVC: creating session with uuid: '7eb5e8d7-68d7-469c-a661-25872fb7e570' and name 'vitis-run_compile_transformer_top'
Mon Dec 15 19:13:06 2025: GUIDANCE_SMGR: creating guidance session with uuid: '7eb5e8d7-68d7-469c-a661-25872fb7e570' and name 'vitis-run_compile_transformer_top'
Mon Dec 15 19:13:10 2025: Dispatch Server: Accepted socket connection from client
Mon Dec 15 19:13:10 2025: Starting Socket connection
Mon Dec 15 19:13:11 2025: SESSION_MGR: closing session for UUID '7eb5e8d7-68d7-469c-a661-25872fb7e570' with name 'vitis-run_compile_transformer_top'
Mon Dec 15 19:13:11 2025: KERNEL_SVC: closing session for UUID '7eb5e8d7-68d7-469c-a661-25872fb7e570' with name 'vitis-run_compile_transformer_top'
Mon Dec 15 19:13:11 2025: GUIDANCE_SMGR: closing session for UUID '7eb5e8d7-68d7-469c-a661-25872fb7e570' with name 'vitis-run_compile_transformer_top'
Mon Dec 15 19:13:11 2025: STOP_SERVER received, server token: 88ee0695-4411-45c7-8c16-87d7bf00d354, passed token: 88ee0695-4411-45c7-8c16-87d7bf00d354
Mon Dec 15 19:13:11 2025: Socket received request to stop server.
Mon Dec 15 19:13:11 2025: Dispatch Server: do_await_stop
Mon Dec 15 19:13:11 2025: Dispatch Server: stopping mainFifo_
Mon Dec 15 19:13:11 2025: XCD main fifo: Stopping
Mon Dec 15 19:13:11 2025: XCD main fifo: do_read error code: Operation canceled
Mon Dec 15 19:13:11 2025: XCD main fifo: bytes_transferred: 0
Mon Dec 15 19:13:11 2025: SERVER: destructor for server bound to port 35303
Mon Dec 15 19:13:11 2025: XCD main fifo: Good unlink of /tmp/xcdmain88ee0695-4411-45c7-8c16-87d7bf00d354
Mon Dec 15 19:13:11 2025: Server exiting with status 0.
Mon Dec 15 19:13:11 2025: Closing log file.
Mon Dec 15 19:21:52 2025: Running xcd server. This server was built by gradle.
Mon Dec 15 19:21:52 2025: Server was asked to start on port: '43967'
Mon Dec 15 19:21:52 2025: Server is using token UUID: '2b562b8e-f5ff-40dd-abf5-5aa579df325f'
Mon Dec 15 19:21:52 2025: SESSION_MGR: creating session with session uuid: '6d04a3e9-ade5-4ab9-8d63-1f78fcd2ec76' and name 'default'
Mon Dec 15 19:21:52 2025: Attempting to start server on port '43967'
Mon Dec 15 19:21:52 2025: XCD main fifo: created main fifo '/tmp/xcdmain2b562b8e-f5ff-40dd-abf5-5aa579df325f', fd read = 12
Mon Dec 15 19:21:52 2025: Running Dispatch Server
Mon Dec 15 19:21:52 2025: Version 2.2.0
Mon Dec 15 19:21:53 2025: Dispatch Server: Accepted socket connection from client
Mon Dec 15 19:21:53 2025: Starting Socket connection
Mon Dec 15 19:21:53 2025: EXCHANGE_TOKEN received, server token: 2b562b8e-f5ff-40dd-abf5-5aa579df325f, passed token: 2b562b8e-f5ff-40dd-abf5-5aa579df325f
Mon Dec 15 19:21:53 2025: DISPATCH_HANDLER: Adding handler from function makeHandler in library libxv_system_diagram failed with exception: Could not dynamically load libxv_system_diagram.so
Mon Dec 15 19:21:53 2025: SESSION_MGR: creating session with session uuid: '6656099b-cd80-4175-a4fc-c04254785f30' and name 'vitis-run_compile_transformer_top'
Mon Dec 15 19:21:53 2025: KERNEL_SVC: creating session with uuid: '6656099b-cd80-4175-a4fc-c04254785f30' and name 'vitis-run_compile_transformer_top'
Mon Dec 15 19:21:53 2025: GUIDANCE_SMGR: creating guidance session with uuid: '6656099b-cd80-4175-a4fc-c04254785f30' and name 'vitis-run_compile_transformer_top'
Mon Dec 15 19:21:57 2025: Dispatch Server: Accepted socket connection from client
Mon Dec 15 19:21:57 2025: Starting Socket connection
Mon Dec 15 19:21:58 2025: SESSION_MGR: closing session for UUID '6656099b-cd80-4175-a4fc-c04254785f30' with name 'vitis-run_compile_transformer_top'
Mon Dec 15 19:21:58 2025: KERNEL_SVC: closing session for UUID '6656099b-cd80-4175-a4fc-c04254785f30' with name 'vitis-run_compile_transformer_top'
Mon Dec 15 19:21:58 2025: GUIDANCE_SMGR: closing session for UUID '6656099b-cd80-4175-a4fc-c04254785f30' with name 'vitis-run_compile_transformer_top'
Mon Dec 15 19:21:58 2025: STOP_SERVER received, server token: 2b562b8e-f5ff-40dd-abf5-5aa579df325f, passed token: 2b562b8e-f5ff-40dd-abf5-5aa579df325f
Mon Dec 15 19:21:58 2025: Socket received request to stop server.
Mon Dec 15 19:21:58 2025: Dispatch Server: do_await_stop
Mon Dec 15 19:21:58 2025: Dispatch Server: stopping mainFifo_
Mon Dec 15 19:21:58 2025: XCD main fifo: Stopping
Mon Dec 15 19:21:58 2025: XCD main fifo: do_read error code: Operation canceled
Mon Dec 15 19:21:58 2025: XCD main fifo: bytes_transferred: 0
Mon Dec 15 19:21:58 2025: SERVER: destructor for server bound to port 43967
Mon Dec 15 19:21:58 2025: XCD main fifo: Good unlink of /tmp/xcdmain2b562b8e-f5ff-40dd-abf5-5aa579df325f
Mon Dec 15 19:21:58 2025: Server exiting with status 0.
Mon Dec 15 19:21:58 2025: Closing log file.
Mon Dec 15 20:32:19 2025: Running xcd server. This server was built by gradle.
Mon Dec 15 20:32:19 2025: Server was asked to start on port: '39137'
Mon Dec 15 20:32:19 2025: Server is using token UUID: '4746f24c-0b9d-4b77-9a5c-e70734f57939'
Mon Dec 15 20:32:19 2025: SESSION_MGR: creating session with session uuid: '6d04a3e9-ade5-4ab9-8d63-1f78fcd2ec76' and name 'default'
Mon Dec 15 20:32:19 2025: Attempting to start server on port '39137'
Mon Dec 15 20:32:19 2025: XCD main fifo: created main fifo '/tmp/xcdmain4746f24c-0b9d-4b77-9a5c-e70734f57939', fd read = 12
Mon Dec 15 20:32:19 2025: Running Dispatch Server
Mon Dec 15 20:32:19 2025: Version 2.2.0
Mon Dec 15 20:32:21 2025: Dispatch Server: Accepted socket connection from client
Mon Dec 15 20:32:21 2025: Starting Socket connection
Mon Dec 15 20:32:21 2025: EXCHANGE_TOKEN received, server token: 4746f24c-0b9d-4b77-9a5c-e70734f57939, passed token: 4746f24c-0b9d-4b77-9a5c-e70734f57939
Mon Dec 15 20:32:21 2025: DISPATCH_HANDLER: Adding handler from function makeHandler in library libxv_system_diagram failed with exception: Could not dynamically load libxv_system_diagram.so
Mon Dec 15 20:32:21 2025: SESSION_MGR: creating session with session uuid: '4477d00e-fa25-44b3-871a-81c069532050' and name 'vitis-run_compile_transformer_top'
Mon Dec 15 20:32:21 2025: KERNEL_SVC: creating session with uuid: '4477d00e-fa25-44b3-871a-81c069532050' and name 'vitis-run_compile_transformer_top'
Mon Dec 15 20:32:21 2025: GUIDANCE_SMGR: creating guidance session with uuid: '4477d00e-fa25-44b3-871a-81c069532050' and name 'vitis-run_compile_transformer_top'
Mon Dec 15 20:32:25 2025: Dispatch Server: Accepted socket connection from client
Mon Dec 15 20:32:25 2025: Starting Socket connection
Mon Dec 15 20:32:25 2025: SESSION_MGR: closing session for UUID '4477d00e-fa25-44b3-871a-81c069532050' with name 'vitis-run_compile_transformer_top'
Mon Dec 15 20:32:25 2025: KERNEL_SVC: closing session for UUID '4477d00e-fa25-44b3-871a-81c069532050' with name 'vitis-run_compile_transformer_top'
Mon Dec 15 20:32:25 2025: GUIDANCE_SMGR: closing session for UUID '4477d00e-fa25-44b3-871a-81c069532050' with name 'vitis-run_compile_transformer_top'
Mon Dec 15 20:32:25 2025: STOP_SERVER received, server token: 4746f24c-0b9d-4b77-9a5c-e70734f57939, passed token: 4746f24c-0b9d-4b77-9a5c-e70734f57939
Mon Dec 15 20:32:25 2025: Socket received request to stop server.
Mon Dec 15 20:32:25 2025: Dispatch Server: do_await_stop
Mon Dec 15 20:32:25 2025: Dispatch Server: stopping mainFifo_
Mon Dec 15 20:32:25 2025: XCD main fifo: Stopping
Mon Dec 15 20:32:25 2025: XCD main fifo: do_read error code: Operation canceled
Mon Dec 15 20:32:25 2025: XCD main fifo: bytes_transferred: 0
Mon Dec 15 20:32:25 2025: SERVER: destructor for server bound to port 39137
Mon Dec 15 20:32:25 2025: XCD main fifo: Good unlink of /tmp/xcdmain4746f24c-0b9d-4b77-9a5c-e70734f57939
Mon Dec 15 20:32:25 2025: Server exiting with status 0.
Mon Dec 15 20:32:25 2025: Closing log file.
Mon Dec 15 20:33:21 2025: Running xcd server. This server was built by gradle.
Mon Dec 15 20:33:21 2025: Server was asked to start on port: '40283'
Mon Dec 15 20:33:21 2025: Server is using token UUID: '01d1284c-d62c-46d7-82e6-0cc21205e97c'
Mon Dec 15 20:33:21 2025: SESSION_MGR: creating session with session uuid: '6d04a3e9-ade5-4ab9-8d63-1f78fcd2ec76' and name 'default'
Mon Dec 15 20:33:21 2025: Attempting to start server on port '40283'
Mon Dec 15 20:33:21 2025: XCD main fifo: created main fifo '/tmp/xcdmain01d1284c-d62c-46d7-82e6-0cc21205e97c', fd read = 12
Mon Dec 15 20:33:21 2025: Running Dispatch Server
Mon Dec 15 20:33:21 2025: Version 2.2.0
Mon Dec 15 20:33:22 2025: Dispatch Server: Accepted socket connection from client
Mon Dec 15 20:33:22 2025: Starting Socket connection
Mon Dec 15 20:33:22 2025: EXCHANGE_TOKEN received, server token: 01d1284c-d62c-46d7-82e6-0cc21205e97c, passed token: 01d1284c-d62c-46d7-82e6-0cc21205e97c
Mon Dec 15 20:33:22 2025: DISPATCH_HANDLER: Adding handler from function makeHandler in library libxv_system_diagram failed with exception: Could not dynamically load libxv_system_diagram.so
Mon Dec 15 20:33:22 2025: SESSION_MGR: creating session with session uuid: '2a1b4bd3-9abb-4f4a-b715-311c317ba5c0' and name 'vitis-run_compile_transformer_top'
Mon Dec 15 20:33:22 2025: KERNEL_SVC: creating session with uuid: '2a1b4bd3-9abb-4f4a-b715-311c317ba5c0' and name 'vitis-run_compile_transformer_top'
Mon Dec 15 20:33:22 2025: GUIDANCE_SMGR: creating guidance session with uuid: '2a1b4bd3-9abb-4f4a-b715-311c317ba5c0' and name 'vitis-run_compile_transformer_top'
Mon Dec 15 20:33:26 2025: Dispatch Server: Accepted socket connection from client
Mon Dec 15 20:33:26 2025: Starting Socket connection
Mon Dec 15 20:33:27 2025: SESSION_MGR: closing session for UUID '2a1b4bd3-9abb-4f4a-b715-311c317ba5c0' with name 'vitis-run_compile_transformer_top'
Mon Dec 15 20:33:27 2025: KERNEL_SVC: closing session for UUID '2a1b4bd3-9abb-4f4a-b715-311c317ba5c0' with name 'vitis-run_compile_transformer_top'
Mon Dec 15 20:33:27 2025: GUIDANCE_SMGR: closing session for UUID '2a1b4bd3-9abb-4f4a-b715-311c317ba5c0' with name 'vitis-run_compile_transformer_top'
Mon Dec 15 20:33:27 2025: STOP_SERVER received, server token: 01d1284c-d62c-46d7-82e6-0cc21205e97c, passed token: 01d1284c-d62c-46d7-82e6-0cc21205e97c
Mon Dec 15 20:33:27 2025: Socket received request to stop server.
Mon Dec 15 20:33:27 2025: Dispatch Server: do_await_stop
Mon Dec 15 20:33:27 2025: Dispatch Server: stopping mainFifo_
Mon Dec 15 20:33:27 2025: XCD main fifo: Stopping
Mon Dec 15 20:33:27 2025: XCD main fifo: do_read error code: Operation canceled
Mon Dec 15 20:33:27 2025: XCD main fifo: bytes_transferred: 0
Mon Dec 15 20:33:27 2025: SERVER: destructor for server bound to port 40283
Mon Dec 15 20:33:27 2025: XCD main fifo: Good unlink of /tmp/xcdmain01d1284c-d62c-46d7-82e6-0cc21205e97c
Mon Dec 15 20:33:27 2025: Server exiting with status 0.
Mon Dec 15 20:33:27 2025: Closing log file.
Mon Dec 15 20:33:52 2025: Running xcd server. This server was built by gradle.
Mon Dec 15 20:33:52 2025: Server was asked to start on port: '41503'
Mon Dec 15 20:33:52 2025: Server is using token UUID: 'c4feaf03-379a-4765-a198-80b429a109b1'
Mon Dec 15 20:33:52 2025: SESSION_MGR: creating session with session uuid: '6d04a3e9-ade5-4ab9-8d63-1f78fcd2ec76' and name 'default'
Mon Dec 15 20:33:52 2025: Attempting to start server on port '41503'
Mon Dec 15 20:33:52 2025: XCD main fifo: created main fifo '/tmp/xcdmainc4feaf03-379a-4765-a198-80b429a109b1', fd read = 12
Mon Dec 15 20:33:52 2025: Running Dispatch Server
Mon Dec 15 20:33:52 2025: Version 2.2.0
Mon Dec 15 20:33:53 2025: Dispatch Server: Accepted socket connection from client
Mon Dec 15 20:33:53 2025: Starting Socket connection
Mon Dec 15 20:33:53 2025: EXCHANGE_TOKEN received, server token: c4feaf03-379a-4765-a198-80b429a109b1, passed token: c4feaf03-379a-4765-a198-80b429a109b1
Mon Dec 15 20:33:53 2025: DISPATCH_HANDLER: Adding handler from function makeHandler in library libxv_system_diagram failed with exception: Could not dynamically load libxv_system_diagram.so
Mon Dec 15 20:33:53 2025: SESSION_MGR: creating session with session uuid: '00d65cc1-982d-4d3b-8837-47cb88a5831a' and name 'vitis-run_compile_transformer_top'
Mon Dec 15 20:33:53 2025: KERNEL_SVC: creating session with uuid: '00d65cc1-982d-4d3b-8837-47cb88a5831a' and name 'vitis-run_compile_transformer_top'
Mon Dec 15 20:33:53 2025: GUIDANCE_SMGR: creating guidance session with uuid: '00d65cc1-982d-4d3b-8837-47cb88a5831a' and name 'vitis-run_compile_transformer_top'
Mon Dec 15 20:33:57 2025: Dispatch Server: Accepted socket connection from client
Mon Dec 15 20:33:57 2025: Starting Socket connection
Mon Dec 15 20:33:58 2025: SESSION_MGR: closing session for UUID '00d65cc1-982d-4d3b-8837-47cb88a5831a' with name 'vitis-run_compile_transformer_top'
Mon Dec 15 20:33:58 2025: KERNEL_SVC: closing session for UUID '00d65cc1-982d-4d3b-8837-47cb88a5831a' with name 'vitis-run_compile_transformer_top'
Mon Dec 15 20:33:58 2025: GUIDANCE_SMGR: closing session for UUID '00d65cc1-982d-4d3b-8837-47cb88a5831a' with name 'vitis-run_compile_transformer_top'
Mon Dec 15 20:33:58 2025: STOP_SERVER received, server token: c4feaf03-379a-4765-a198-80b429a109b1, passed token: c4feaf03-379a-4765-a198-80b429a109b1
Mon Dec 15 20:33:58 2025: Socket received request to stop server.
Mon Dec 15 20:33:58 2025: Dispatch Server: do_await_stop
Mon Dec 15 20:33:58 2025: Dispatch Server: stopping mainFifo_
Mon Dec 15 20:33:58 2025: XCD main fifo: Stopping
Mon Dec 15 20:33:58 2025: XCD main fifo: do_read error code: Operation canceled
Mon Dec 15 20:33:58 2025: XCD main fifo: bytes_transferred: 0
Mon Dec 15 20:33:58 2025: SERVER: destructor for server bound to port 41503
Mon Dec 15 20:33:58 2025: XCD main fifo: Good unlink of /tmp/xcdmainc4feaf03-379a-4765-a198-80b429a109b1
Mon Dec 15 20:33:58 2025: Server exiting with status 0.
Mon Dec 15 20:33:58 2025: Closing log file.
Mon Dec 15 20:36:27 2025: Running xcd server. This server was built by gradle.
Mon Dec 15 20:36:27 2025: Server was asked to start on port: '33981'
Mon Dec 15 20:36:27 2025: Server is using token UUID: '2786ec88-86f0-422b-9c0a-3c28d6dd2369'
Mon Dec 15 20:36:27 2025: SESSION_MGR: creating session with session uuid: '6d04a3e9-ade5-4ab9-8d63-1f78fcd2ec76' and name 'default'
Mon Dec 15 20:36:27 2025: Attempting to start server on port '33981'
Mon Dec 15 20:36:27 2025: XCD main fifo: created main fifo '/tmp/xcdmain2786ec88-86f0-422b-9c0a-3c28d6dd2369', fd read = 12
Mon Dec 15 20:36:27 2025: Running Dispatch Server
Mon Dec 15 20:36:27 2025: Version 2.2.0
Mon Dec 15 20:36:28 2025: Dispatch Server: Accepted socket connection from client
Mon Dec 15 20:36:28 2025: Starting Socket connection
Mon Dec 15 20:36:28 2025: EXCHANGE_TOKEN received, server token: 2786ec88-86f0-422b-9c0a-3c28d6dd2369, passed token: 2786ec88-86f0-422b-9c0a-3c28d6dd2369
Mon Dec 15 20:36:29 2025: DISPATCH_HANDLER: Adding handler from function makeHandler in library libxv_system_diagram failed with exception: Could not dynamically load libxv_system_diagram.so
Mon Dec 15 20:36:29 2025: SESSION_MGR: creating session with session uuid: '4c7c274e-4107-4ba2-b9e1-388a0ca22fe5' and name 'vitis-run_compile_transformer_top'
Mon Dec 15 20:36:29 2025: KERNEL_SVC: creating session with uuid: '4c7c274e-4107-4ba2-b9e1-388a0ca22fe5' and name 'vitis-run_compile_transformer_top'
Mon Dec 15 20:36:29 2025: GUIDANCE_SMGR: creating guidance session with uuid: '4c7c274e-4107-4ba2-b9e1-388a0ca22fe5' and name 'vitis-run_compile_transformer_top'
Mon Dec 15 20:36:32 2025: Dispatch Server: Accepted socket connection from client
Mon Dec 15 20:36:32 2025: Starting Socket connection
Mon Dec 15 20:36:33 2025: SESSION_MGR: closing session for UUID '4c7c274e-4107-4ba2-b9e1-388a0ca22fe5' with name 'vitis-run_compile_transformer_top'
Mon Dec 15 20:36:33 2025: KERNEL_SVC: closing session for UUID '4c7c274e-4107-4ba2-b9e1-388a0ca22fe5' with name 'vitis-run_compile_transformer_top'
Mon Dec 15 20:36:33 2025: GUIDANCE_SMGR: closing session for UUID '4c7c274e-4107-4ba2-b9e1-388a0ca22fe5' with name 'vitis-run_compile_transformer_top'
Mon Dec 15 20:36:33 2025: STOP_SERVER received, server token: 2786ec88-86f0-422b-9c0a-3c28d6dd2369, passed token: 2786ec88-86f0-422b-9c0a-3c28d6dd2369
Mon Dec 15 20:36:33 2025: Socket received request to stop server.
Mon Dec 15 20:36:33 2025: Dispatch Server: do_await_stop
Mon Dec 15 20:36:33 2025: Dispatch Server: stopping mainFifo_
Mon Dec 15 20:36:33 2025: XCD main fifo: Stopping
Mon Dec 15 20:36:33 2025: XCD main fifo: do_read error code: Operation canceled
Mon Dec 15 20:36:33 2025: XCD main fifo: bytes_transferred: 0
Mon Dec 15 20:36:33 2025: SERVER: destructor for server bound to port 33981
Mon Dec 15 20:36:33 2025: XCD main fifo: Good unlink of /tmp/xcdmain2786ec88-86f0-422b-9c0a-3c28d6dd2369
Mon Dec 15 20:36:33 2025: Server exiting with status 0.
Mon Dec 15 20:36:33 2025: Closing log file.
Mon Dec 15 21:03:57 2025: Running xcd server. This server was built by gradle.
Mon Dec 15 21:03:57 2025: Server was asked to start on port: '41939'
Mon Dec 15 21:03:57 2025: Server is using token UUID: '149a31e0-9355-47b3-a82f-7da44671fe62'
Mon Dec 15 21:03:57 2025: SESSION_MGR: creating session with session uuid: '6d04a3e9-ade5-4ab9-8d63-1f78fcd2ec76' and name 'default'
Mon Dec 15 21:03:57 2025: Attempting to start server on port '41939'
Mon Dec 15 21:03:57 2025: XCD main fifo: created main fifo '/tmp/xcdmain149a31e0-9355-47b3-a82f-7da44671fe62', fd read = 12
Mon Dec 15 21:03:57 2025: Running Dispatch Server
Mon Dec 15 21:03:57 2025: Version 2.2.0
Mon Dec 15 21:03:59 2025: Dispatch Server: Accepted socket connection from client
Mon Dec 15 21:03:59 2025: Starting Socket connection
Mon Dec 15 21:03:59 2025: EXCHANGE_TOKEN received, server token: 149a31e0-9355-47b3-a82f-7da44671fe62, passed token: 149a31e0-9355-47b3-a82f-7da44671fe62
Mon Dec 15 21:03:59 2025: DISPATCH_HANDLER: Adding handler from function makeHandler in library libxv_system_diagram failed with exception: Could not dynamically load libxv_system_diagram.so
Mon Dec 15 21:03:59 2025: SESSION_MGR: creating session with session uuid: '94fe8c78-324a-43ab-9c7e-2868c2c5821a' and name 'vitis-run_compile_transformer_top'
Mon Dec 15 21:03:59 2025: KERNEL_SVC: creating session with uuid: '94fe8c78-324a-43ab-9c7e-2868c2c5821a' and name 'vitis-run_compile_transformer_top'
Mon Dec 15 21:03:59 2025: GUIDANCE_SMGR: creating guidance session with uuid: '94fe8c78-324a-43ab-9c7e-2868c2c5821a' and name 'vitis-run_compile_transformer_top'
Mon Dec 15 21:04:03 2025: Dispatch Server: Accepted socket connection from client
Mon Dec 15 21:04:03 2025: Starting Socket connection
Mon Dec 15 21:04:03 2025: SESSION_MGR: closing session for UUID '94fe8c78-324a-43ab-9c7e-2868c2c5821a' with name 'vitis-run_compile_transformer_top'
Mon Dec 15 21:04:03 2025: KERNEL_SVC: closing session for UUID '94fe8c78-324a-43ab-9c7e-2868c2c5821a' with name 'vitis-run_compile_transformer_top'
Mon Dec 15 21:04:03 2025: GUIDANCE_SMGR: closing session for UUID '94fe8c78-324a-43ab-9c7e-2868c2c5821a' with name 'vitis-run_compile_transformer_top'
Mon Dec 15 21:04:03 2025: STOP_SERVER received, server token: 149a31e0-9355-47b3-a82f-7da44671fe62, passed token: 149a31e0-9355-47b3-a82f-7da44671fe62
Mon Dec 15 21:04:03 2025: Socket received request to stop server.
Mon Dec 15 21:04:03 2025: Dispatch Server: do_await_stop
Mon Dec 15 21:04:03 2025: Dispatch Server: stopping mainFifo_
Mon Dec 15 21:04:03 2025: XCD main fifo: Stopping
Mon Dec 15 21:04:03 2025: XCD main fifo: do_read error code: Operation canceled
Mon Dec 15 21:04:03 2025: XCD main fifo: bytes_transferred: 0
Mon Dec 15 21:04:03 2025: SERVER: destructor for server bound to port 41939
Mon Dec 15 21:04:03 2025: XCD main fifo: Good unlink of /tmp/xcdmain149a31e0-9355-47b3-a82f-7da44671fe62
Mon Dec 15 21:04:03 2025: Server exiting with status 0.
Mon Dec 15 21:04:03 2025: Closing log file.
Mon Dec 15 21:19:26 2025: Running xcd server. This server was built by gradle.
Mon Dec 15 21:19:26 2025: Server was asked to start on port: '46495'
Mon Dec 15 21:19:26 2025: Server is using token UUID: 'a72d19dd-8fb3-4572-800e-3a7525a6b2c3'
Mon Dec 15 21:19:26 2025: SESSION_MGR: creating session with session uuid: '6d04a3e9-ade5-4ab9-8d63-1f78fcd2ec76' and name 'default'
Mon Dec 15 21:19:26 2025: Attempting to start server on port '46495'
Mon Dec 15 21:19:26 2025: XCD main fifo: created main fifo '/tmp/xcdmaina72d19dd-8fb3-4572-800e-3a7525a6b2c3', fd read = 12
Mon Dec 15 21:19:26 2025: Running Dispatch Server
Mon Dec 15 21:19:26 2025: Version 2.2.0
Mon Dec 15 21:19:28 2025: Dispatch Server: Accepted socket connection from client
Mon Dec 15 21:19:28 2025: Starting Socket connection
Mon Dec 15 21:19:28 2025: EXCHANGE_TOKEN received, server token: a72d19dd-8fb3-4572-800e-3a7525a6b2c3, passed token: a72d19dd-8fb3-4572-800e-3a7525a6b2c3
Mon Dec 15 21:19:28 2025: DISPATCH_HANDLER: Adding handler from function makeHandler in library libxv_system_diagram failed with exception: Could not dynamically load libxv_system_diagram.so
Mon Dec 15 21:19:28 2025: SESSION_MGR: creating session with session uuid: '1eaa5d8e-c6d0-46ed-910a-d617e9c61bf3' and name 'vitis-run_compile_transformer_top'
Mon Dec 15 21:19:28 2025: KERNEL_SVC: creating session with uuid: '1eaa5d8e-c6d0-46ed-910a-d617e9c61bf3' and name 'vitis-run_compile_transformer_top'
Mon Dec 15 21:19:28 2025: GUIDANCE_SMGR: creating guidance session with uuid: '1eaa5d8e-c6d0-46ed-910a-d617e9c61bf3' and name 'vitis-run_compile_transformer_top'
Mon Dec 15 21:19:31 2025: Dispatch Server: Accepted socket connection from client
Mon Dec 15 21:19:31 2025: Starting Socket connection
Mon Dec 15 21:19:32 2025: SESSION_MGR: closing session for UUID '1eaa5d8e-c6d0-46ed-910a-d617e9c61bf3' with name 'vitis-run_compile_transformer_top'
Mon Dec 15 21:19:32 2025: KERNEL_SVC: closing session for UUID '1eaa5d8e-c6d0-46ed-910a-d617e9c61bf3' with name 'vitis-run_compile_transformer_top'
Mon Dec 15 21:19:32 2025: GUIDANCE_SMGR: closing session for UUID '1eaa5d8e-c6d0-46ed-910a-d617e9c61bf3' with name 'vitis-run_compile_transformer_top'
Mon Dec 15 21:19:32 2025: STOP_SERVER received, server token: a72d19dd-8fb3-4572-800e-3a7525a6b2c3, passed token: a72d19dd-8fb3-4572-800e-3a7525a6b2c3
Mon Dec 15 21:19:32 2025: Socket received request to stop server.
Mon Dec 15 21:19:32 2025: Dispatch Server: do_await_stop
Mon Dec 15 21:19:32 2025: Dispatch Server: stopping mainFifo_
Mon Dec 15 21:19:32 2025: XCD main fifo: Stopping
Mon Dec 15 21:19:32 2025: XCD main fifo: do_read error code: Operation canceled
Mon Dec 15 21:19:32 2025: XCD main fifo: bytes_transferred: 0
Mon Dec 15 21:19:32 2025: SERVER: destructor for server bound to port 46495
Mon Dec 15 21:19:32 2025: XCD main fifo: Good unlink of /tmp/xcdmaina72d19dd-8fb3-4572-800e-3a7525a6b2c3
Mon Dec 15 21:19:32 2025: Server exiting with status 0.
Mon Dec 15 21:19:32 2025: Closing log file.
Mon Dec 15 21:26:46 2025: Running xcd server. This server was built by gradle.
Mon Dec 15 21:26:46 2025: Server was asked to start on port: '36771'
Mon Dec 15 21:26:46 2025: Server is using token UUID: '096c5f1e-d960-4148-8290-256c114fedf1'
Mon Dec 15 21:26:46 2025: SESSION_MGR: creating session with session uuid: '6d04a3e9-ade5-4ab9-8d63-1f78fcd2ec76' and name 'default'
Mon Dec 15 21:26:46 2025: Attempting to start server on port '36771'
Mon Dec 15 21:26:46 2025: XCD main fifo: created main fifo '/tmp/xcdmain096c5f1e-d960-4148-8290-256c114fedf1', fd read = 12
Mon Dec 15 21:26:46 2025: Running Dispatch Server
Mon Dec 15 21:26:46 2025: Version 2.2.0
Mon Dec 15 21:26:47 2025: Dispatch Server: Accepted socket connection from client
Mon Dec 15 21:26:47 2025: Starting Socket connection
Mon Dec 15 21:26:47 2025: EXCHANGE_TOKEN received, server token: 096c5f1e-d960-4148-8290-256c114fedf1, passed token: 096c5f1e-d960-4148-8290-256c114fedf1
Mon Dec 15 21:26:47 2025: DISPATCH_HANDLER: Adding handler from function makeHandler in library libxv_system_diagram failed with exception: Could not dynamically load libxv_system_diagram.so
Mon Dec 15 21:26:47 2025: SESSION_MGR: creating session with session uuid: '1bcc8033-58b2-47f3-94d7-0948cd738a19' and name 'vitis-run_compile_transformer_top'
Mon Dec 15 21:26:47 2025: KERNEL_SVC: creating session with uuid: '1bcc8033-58b2-47f3-94d7-0948cd738a19' and name 'vitis-run_compile_transformer_top'
Mon Dec 15 21:26:47 2025: GUIDANCE_SMGR: creating guidance session with uuid: '1bcc8033-58b2-47f3-94d7-0948cd738a19' and name 'vitis-run_compile_transformer_top'
Mon Dec 15 21:26:51 2025: Dispatch Server: Accepted socket connection from client
Mon Dec 15 21:26:51 2025: Starting Socket connection
Mon Dec 15 21:26:51 2025: SESSION_MGR: closing session for UUID '1bcc8033-58b2-47f3-94d7-0948cd738a19' with name 'vitis-run_compile_transformer_top'
Mon Dec 15 21:26:51 2025: KERNEL_SVC: closing session for UUID '1bcc8033-58b2-47f3-94d7-0948cd738a19' with name 'vitis-run_compile_transformer_top'
Mon Dec 15 21:26:51 2025: GUIDANCE_SMGR: closing session for UUID '1bcc8033-58b2-47f3-94d7-0948cd738a19' with name 'vitis-run_compile_transformer_top'
Mon Dec 15 21:26:51 2025: STOP_SERVER received, server token: 096c5f1e-d960-4148-8290-256c114fedf1, passed token: 096c5f1e-d960-4148-8290-256c114fedf1
Mon Dec 15 21:26:51 2025: Socket received request to stop server.
Mon Dec 15 21:26:51 2025: Dispatch Server: do_await_stop
Mon Dec 15 21:26:51 2025: Dispatch Server: stopping mainFifo_
Mon Dec 15 21:26:51 2025: XCD main fifo: Stopping
Mon Dec 15 21:26:51 2025: XCD main fifo: do_read error code: Operation canceled
Mon Dec 15 21:26:51 2025: XCD main fifo: bytes_transferred: 0
Mon Dec 15 21:26:51 2025: SERVER: destructor for server bound to port 36771
Mon Dec 15 21:26:51 2025: XCD main fifo: Good unlink of /tmp/xcdmain096c5f1e-d960-4148-8290-256c114fedf1
Mon Dec 15 21:26:51 2025: Server exiting with status 0.
Mon Dec 15 21:26:51 2025: Closing log file.
Mon Dec 15 21:27:57 2025: Running xcd server. This server was built by gradle.
Mon Dec 15 21:27:57 2025: Server was asked to start on port: '46713'
Mon Dec 15 21:27:57 2025: Server is using token UUID: '9250481e-5de0-4cd2-bcab-ca7ca2b8d577'
Mon Dec 15 21:27:57 2025: SESSION_MGR: creating session with session uuid: '6d04a3e9-ade5-4ab9-8d63-1f78fcd2ec76' and name 'default'
Mon Dec 15 21:27:57 2025: Attempting to start server on port '46713'
Mon Dec 15 21:27:57 2025: XCD main fifo: created main fifo '/tmp/xcdmain9250481e-5de0-4cd2-bcab-ca7ca2b8d577', fd read = 12
Mon Dec 15 21:27:57 2025: Running Dispatch Server
Mon Dec 15 21:27:57 2025: Version 2.2.0
Mon Dec 15 21:27:58 2025: Dispatch Server: Accepted socket connection from client
Mon Dec 15 21:27:58 2025: Starting Socket connection
Mon Dec 15 21:27:58 2025: EXCHANGE_TOKEN received, server token: 9250481e-5de0-4cd2-bcab-ca7ca2b8d577, passed token: 9250481e-5de0-4cd2-bcab-ca7ca2b8d577
Mon Dec 15 21:27:58 2025: DISPATCH_HANDLER: Adding handler from function makeHandler in library libxv_system_diagram failed with exception: Could not dynamically load libxv_system_diagram.so
Mon Dec 15 21:27:59 2025: SESSION_MGR: creating session with session uuid: 'bce471f5-7119-4934-9d7c-1c656fbba8a4' and name 'vitis-run_compile_transformer_top'
Mon Dec 15 21:27:59 2025: KERNEL_SVC: creating session with uuid: 'bce471f5-7119-4934-9d7c-1c656fbba8a4' and name 'vitis-run_compile_transformer_top'
Mon Dec 15 21:27:59 2025: GUIDANCE_SMGR: creating guidance session with uuid: 'bce471f5-7119-4934-9d7c-1c656fbba8a4' and name 'vitis-run_compile_transformer_top'
Mon Dec 15 21:28:02 2025: Dispatch Server: Accepted socket connection from client
Mon Dec 15 21:28:02 2025: Starting Socket connection
Mon Dec 15 21:28:03 2025: SESSION_MGR: closing session for UUID 'bce471f5-7119-4934-9d7c-1c656fbba8a4' with name 'vitis-run_compile_transformer_top'
Mon Dec 15 21:28:03 2025: KERNEL_SVC: closing session for UUID 'bce471f5-7119-4934-9d7c-1c656fbba8a4' with name 'vitis-run_compile_transformer_top'
Mon Dec 15 21:28:03 2025: GUIDANCE_SMGR: closing session for UUID 'bce471f5-7119-4934-9d7c-1c656fbba8a4' with name 'vitis-run_compile_transformer_top'
Mon Dec 15 21:28:03 2025: STOP_SERVER received, server token: 9250481e-5de0-4cd2-bcab-ca7ca2b8d577, passed token: 9250481e-5de0-4cd2-bcab-ca7ca2b8d577
Mon Dec 15 21:28:03 2025: Socket received request to stop server.
Mon Dec 15 21:28:03 2025: Dispatch Server: do_await_stop
Mon Dec 15 21:28:03 2025: Dispatch Server: stopping mainFifo_
Mon Dec 15 21:28:03 2025: XCD main fifo: Stopping
Mon Dec 15 21:28:03 2025: XCD main fifo: do_read error code: Operation canceled
Mon Dec 15 21:28:03 2025: XCD main fifo: bytes_transferred: 0
Mon Dec 15 21:28:03 2025: SERVER: destructor for server bound to port 46713
Mon Dec 15 21:28:03 2025: XCD main fifo: Good unlink of /tmp/xcdmain9250481e-5de0-4cd2-bcab-ca7ca2b8d577
Mon Dec 15 21:28:03 2025: Server exiting with status 0.
Mon Dec 15 21:28:03 2025: Closing log file.
Mon Dec 15 21:37:37 2025: Running xcd server. This server was built by gradle.
Mon Dec 15 21:37:37 2025: Server was asked to start on port: '32921'
Mon Dec 15 21:37:37 2025: Server is using token UUID: '94857b01-31b9-4d50-9f85-c18289bce28f'
Mon Dec 15 21:37:37 2025: SESSION_MGR: creating session with session uuid: '6d04a3e9-ade5-4ab9-8d63-1f78fcd2ec76' and name 'default'
Mon Dec 15 21:37:37 2025: Attempting to start server on port '32921'
Mon Dec 15 21:37:37 2025: XCD main fifo: created main fifo '/tmp/xcdmain94857b01-31b9-4d50-9f85-c18289bce28f', fd read = 12
Mon Dec 15 21:37:37 2025: Running Dispatch Server
Mon Dec 15 21:37:37 2025: Version 2.2.0
Mon Dec 15 21:37:38 2025: Dispatch Server: Accepted socket connection from client
Mon Dec 15 21:37:38 2025: Starting Socket connection
Mon Dec 15 21:37:38 2025: EXCHANGE_TOKEN received, server token: 94857b01-31b9-4d50-9f85-c18289bce28f, passed token: 94857b01-31b9-4d50-9f85-c18289bce28f
Mon Dec 15 21:37:39 2025: DISPATCH_HANDLER: Adding handler from function makeHandler in library libxv_system_diagram failed with exception: Could not dynamically load libxv_system_diagram.so
Mon Dec 15 21:37:39 2025: SESSION_MGR: creating session with session uuid: '101f7f5c-c534-4f6d-8224-b5133e33e19f' and name 'vitis-run_compile_transformer_top'
Mon Dec 15 21:37:39 2025: KERNEL_SVC: creating session with uuid: '101f7f5c-c534-4f6d-8224-b5133e33e19f' and name 'vitis-run_compile_transformer_top'
Mon Dec 15 21:37:39 2025: GUIDANCE_SMGR: creating guidance session with uuid: '101f7f5c-c534-4f6d-8224-b5133e33e19f' and name 'vitis-run_compile_transformer_top'
Mon Dec 15 21:37:42 2025: Dispatch Server: Accepted socket connection from client
Mon Dec 15 21:37:42 2025: Starting Socket connection
Mon Dec 15 21:37:43 2025: SESSION_MGR: closing session for UUID '101f7f5c-c534-4f6d-8224-b5133e33e19f' with name 'vitis-run_compile_transformer_top'
Mon Dec 15 21:37:43 2025: KERNEL_SVC: closing session for UUID '101f7f5c-c534-4f6d-8224-b5133e33e19f' with name 'vitis-run_compile_transformer_top'
Mon Dec 15 21:37:43 2025: GUIDANCE_SMGR: closing session for UUID '101f7f5c-c534-4f6d-8224-b5133e33e19f' with name 'vitis-run_compile_transformer_top'
Mon Dec 15 21:37:43 2025: STOP_SERVER received, server token: 94857b01-31b9-4d50-9f85-c18289bce28f, passed token: 94857b01-31b9-4d50-9f85-c18289bce28f
Mon Dec 15 21:37:43 2025: Socket received request to stop server.
Mon Dec 15 21:37:43 2025: Dispatch Server: do_await_stop
Mon Dec 15 21:37:43 2025: Dispatch Server: stopping mainFifo_
Mon Dec 15 21:37:43 2025: XCD main fifo: Stopping
Mon Dec 15 21:37:43 2025: XCD main fifo: do_read error code: Operation canceled
Mon Dec 15 21:37:43 2025: XCD main fifo: bytes_transferred: 0
Mon Dec 15 21:37:43 2025: SERVER: destructor for server bound to port 32921
Mon Dec 15 21:37:43 2025: XCD main fifo: Good unlink of /tmp/xcdmain94857b01-31b9-4d50-9f85-c18289bce28f
Mon Dec 15 21:37:43 2025: Server exiting with status 0.
Mon Dec 15 21:37:43 2025: Closing log file.
Mon Dec 15 21:41:04 2025: Running xcd server. This server was built by gradle.
Mon Dec 15 21:41:04 2025: Server was asked to start on port: '45531'
Mon Dec 15 21:41:04 2025: Server is using token UUID: '409704b7-cf28-41c6-8e46-caee22038078'
Mon Dec 15 21:41:04 2025: SESSION_MGR: creating session with session uuid: '6d04a3e9-ade5-4ab9-8d63-1f78fcd2ec76' and name 'default'
Mon Dec 15 21:41:04 2025: Attempting to start server on port '45531'
Mon Dec 15 21:41:04 2025: XCD main fifo: created main fifo '/tmp/xcdmain409704b7-cf28-41c6-8e46-caee22038078', fd read = 12
Mon Dec 15 21:41:04 2025: Running Dispatch Server
Mon Dec 15 21:41:04 2025: Version 2.2.0
Mon Dec 15 21:41:06 2025: Dispatch Server: Accepted socket connection from client
Mon Dec 15 21:41:06 2025: Starting Socket connection
Mon Dec 15 21:41:06 2025: EXCHANGE_TOKEN received, server token: 409704b7-cf28-41c6-8e46-caee22038078, passed token: 409704b7-cf28-41c6-8e46-caee22038078
Mon Dec 15 21:41:06 2025: DISPATCH_HANDLER: Adding handler from function makeHandler in library libxv_system_diagram failed with exception: Could not dynamically load libxv_system_diagram.so
Mon Dec 15 21:41:06 2025: SESSION_MGR: creating session with session uuid: '44e12a30-6b15-456c-bb16-ddb041e4391c' and name 'vitis-run_compile_transformer_top'
Mon Dec 15 21:41:06 2025: KERNEL_SVC: creating session with uuid: '44e12a30-6b15-456c-bb16-ddb041e4391c' and name 'vitis-run_compile_transformer_top'
Mon Dec 15 21:41:06 2025: GUIDANCE_SMGR: creating guidance session with uuid: '44e12a30-6b15-456c-bb16-ddb041e4391c' and name 'vitis-run_compile_transformer_top'
Mon Dec 15 21:41:10 2025: Dispatch Server: Accepted socket connection from client
Mon Dec 15 21:41:10 2025: Starting Socket connection
Mon Dec 15 21:41:10 2025: SESSION_MGR: closing session for UUID '44e12a30-6b15-456c-bb16-ddb041e4391c' with name 'vitis-run_compile_transformer_top'
Mon Dec 15 21:41:10 2025: KERNEL_SVC: closing session for UUID '44e12a30-6b15-456c-bb16-ddb041e4391c' with name 'vitis-run_compile_transformer_top'
Mon Dec 15 21:41:10 2025: GUIDANCE_SMGR: closing session for UUID '44e12a30-6b15-456c-bb16-ddb041e4391c' with name 'vitis-run_compile_transformer_top'
Mon Dec 15 21:41:10 2025: STOP_SERVER received, server token: 409704b7-cf28-41c6-8e46-caee22038078, passed token: 409704b7-cf28-41c6-8e46-caee22038078
Mon Dec 15 21:41:10 2025: Socket received request to stop server.
Mon Dec 15 21:41:10 2025: Dispatch Server: do_await_stop
Mon Dec 15 21:41:10 2025: Dispatch Server: stopping mainFifo_
Mon Dec 15 21:41:10 2025: XCD main fifo: Stopping
Mon Dec 15 21:41:10 2025: XCD main fifo: do_read error code: Operation canceled
Mon Dec 15 21:41:10 2025: XCD main fifo: bytes_transferred: 0
Mon Dec 15 21:41:10 2025: SERVER: destructor for server bound to port 45531
Mon Dec 15 21:41:10 2025: XCD main fifo: Good unlink of /tmp/xcdmain409704b7-cf28-41c6-8e46-caee22038078
Mon Dec 15 21:41:10 2025: Server exiting with status 0.
Mon Dec 15 21:41:10 2025: Closing log file.
Mon Dec 15 21:41:37 2025: Running xcd server. This server was built by gradle.
Mon Dec 15 21:41:37 2025: Server was asked to start on port: '33817'
Mon Dec 15 21:41:37 2025: Server is using token UUID: '3c489b55-b5b8-4339-8c65-42cd57bc9af1'
Mon Dec 15 21:41:37 2025: SESSION_MGR: creating session with session uuid: '6d04a3e9-ade5-4ab9-8d63-1f78fcd2ec76' and name 'default'
Mon Dec 15 21:41:37 2025: Attempting to start server on port '33817'
Mon Dec 15 21:41:37 2025: XCD main fifo: created main fifo '/tmp/xcdmain3c489b55-b5b8-4339-8c65-42cd57bc9af1', fd read = 12
Mon Dec 15 21:41:37 2025: Running Dispatch Server
Mon Dec 15 21:41:37 2025: Version 2.2.0
Mon Dec 15 21:41:39 2025: Dispatch Server: Accepted socket connection from client
Mon Dec 15 21:41:39 2025: Starting Socket connection
Mon Dec 15 21:41:39 2025: EXCHANGE_TOKEN received, server token: 3c489b55-b5b8-4339-8c65-42cd57bc9af1, passed token: 3c489b55-b5b8-4339-8c65-42cd57bc9af1
Mon Dec 15 21:41:39 2025: DISPATCH_HANDLER: Adding handler from function makeHandler in library libxv_system_diagram failed with exception: Could not dynamically load libxv_system_diagram.so
Mon Dec 15 21:41:39 2025: SESSION_MGR: creating session with session uuid: 'd56bf69b-917e-4530-9286-7363e7c54a4a' and name 'vitis-run_compile_transformer_top'
Mon Dec 15 21:41:39 2025: KERNEL_SVC: creating session with uuid: 'd56bf69b-917e-4530-9286-7363e7c54a4a' and name 'vitis-run_compile_transformer_top'
Mon Dec 15 21:41:39 2025: GUIDANCE_SMGR: creating guidance session with uuid: 'd56bf69b-917e-4530-9286-7363e7c54a4a' and name 'vitis-run_compile_transformer_top'
Mon Dec 15 21:41:42 2025: Dispatch Server: Accepted socket connection from client
Mon Dec 15 21:41:42 2025: Starting Socket connection
Mon Dec 15 21:41:43 2025: SESSION_MGR: closing session for UUID 'd56bf69b-917e-4530-9286-7363e7c54a4a' with name 'vitis-run_compile_transformer_top'
Mon Dec 15 21:41:43 2025: KERNEL_SVC: closing session for UUID 'd56bf69b-917e-4530-9286-7363e7c54a4a' with name 'vitis-run_compile_transformer_top'
Mon Dec 15 21:41:43 2025: GUIDANCE_SMGR: closing session for UUID 'd56bf69b-917e-4530-9286-7363e7c54a4a' with name 'vitis-run_compile_transformer_top'
Mon Dec 15 21:41:43 2025: STOP_SERVER received, server token: 3c489b55-b5b8-4339-8c65-42cd57bc9af1, passed token: 3c489b55-b5b8-4339-8c65-42cd57bc9af1
Mon Dec 15 21:41:43 2025: Socket received request to stop server.
Mon Dec 15 21:41:43 2025: Dispatch Server: do_await_stop
Mon Dec 15 21:41:43 2025: Dispatch Server: stopping mainFifo_
Mon Dec 15 21:41:43 2025: XCD main fifo: Stopping
Mon Dec 15 21:41:43 2025: XCD main fifo: do_read error code: Operation canceled
Mon Dec 15 21:41:43 2025: XCD main fifo: bytes_transferred: 0
Mon Dec 15 21:41:43 2025: SERVER: destructor for server bound to port 33817
Mon Dec 15 21:41:43 2025: XCD main fifo: Good unlink of /tmp/xcdmain3c489b55-b5b8-4339-8c65-42cd57bc9af1
Mon Dec 15 21:41:43 2025: Server exiting with status 0.
Mon Dec 15 21:41:43 2025: Closing log file.
Mon Dec 15 21:53:49 2025: Running xcd server. This server was built by gradle.
Mon Dec 15 21:53:49 2025: Server was asked to start on port: '33945'
Mon Dec 15 21:53:49 2025: Server is using token UUID: '2bc6d5c6-1d7e-4638-855f-4b6c2c2d4704'
Mon Dec 15 21:53:49 2025: SESSION_MGR: creating session with session uuid: '6d04a3e9-ade5-4ab9-8d63-1f78fcd2ec76' and name 'default'
Mon Dec 15 21:53:49 2025: Attempting to start server on port '33945'
Mon Dec 15 21:53:49 2025: XCD main fifo: created main fifo '/tmp/xcdmain2bc6d5c6-1d7e-4638-855f-4b6c2c2d4704', fd read = 12
Mon Dec 15 21:53:49 2025: Running Dispatch Server
Mon Dec 15 21:53:49 2025: Version 2.2.0
Mon Dec 15 21:53:51 2025: Dispatch Server: Accepted socket connection from client
Mon Dec 15 21:53:51 2025: Starting Socket connection
Mon Dec 15 21:53:51 2025: EXCHANGE_TOKEN received, server token: 2bc6d5c6-1d7e-4638-855f-4b6c2c2d4704, passed token: 2bc6d5c6-1d7e-4638-855f-4b6c2c2d4704
Mon Dec 15 21:53:51 2025: DISPATCH_HANDLER: Adding handler from function makeHandler in library libxv_system_diagram failed with exception: Could not dynamically load libxv_system_diagram.so
Mon Dec 15 21:53:51 2025: SESSION_MGR: creating session with session uuid: 'c0911cc8-fc6c-411a-b6c2-f33f635d3da0' and name 'vitis-run_compile_transformer_top'
Mon Dec 15 21:53:51 2025: KERNEL_SVC: creating session with uuid: 'c0911cc8-fc6c-411a-b6c2-f33f635d3da0' and name 'vitis-run_compile_transformer_top'
Mon Dec 15 21:53:51 2025: GUIDANCE_SMGR: creating guidance session with uuid: 'c0911cc8-fc6c-411a-b6c2-f33f635d3da0' and name 'vitis-run_compile_transformer_top'
Mon Dec 15 21:53:54 2025: Dispatch Server: Accepted socket connection from client
Mon Dec 15 21:53:54 2025: Starting Socket connection
Mon Dec 15 21:53:55 2025: SESSION_MGR: closing session for UUID 'c0911cc8-fc6c-411a-b6c2-f33f635d3da0' with name 'vitis-run_compile_transformer_top'
Mon Dec 15 21:53:55 2025: KERNEL_SVC: closing session for UUID 'c0911cc8-fc6c-411a-b6c2-f33f635d3da0' with name 'vitis-run_compile_transformer_top'
Mon Dec 15 21:53:55 2025: GUIDANCE_SMGR: closing session for UUID 'c0911cc8-fc6c-411a-b6c2-f33f635d3da0' with name 'vitis-run_compile_transformer_top'
Mon Dec 15 21:53:55 2025: STOP_SERVER received, server token: 2bc6d5c6-1d7e-4638-855f-4b6c2c2d4704, passed token: 2bc6d5c6-1d7e-4638-855f-4b6c2c2d4704
Mon Dec 15 21:53:55 2025: Socket received request to stop server.
Mon Dec 15 21:53:55 2025: Dispatch Server: do_await_stop
Mon Dec 15 21:53:55 2025: Dispatch Server: stopping mainFifo_
Mon Dec 15 21:53:55 2025: XCD main fifo: Stopping
Mon Dec 15 21:53:55 2025: XCD main fifo: do_read error code: Operation canceled
Mon Dec 15 21:53:55 2025: XCD main fifo: bytes_transferred: 0
Mon Dec 15 21:53:55 2025: SERVER: destructor for server bound to port 33945
Mon Dec 15 21:53:55 2025: XCD main fifo: Good unlink of /tmp/xcdmain2bc6d5c6-1d7e-4638-855f-4b6c2c2d4704
Mon Dec 15 21:53:55 2025: Server exiting with status 0.
Mon Dec 15 21:53:55 2025: Closing log file.
Mon Dec 15 21:56:10 2025: Running xcd server. This server was built by gradle.
Mon Dec 15 21:56:10 2025: Server was asked to start on port: '44881'
Mon Dec 15 21:56:10 2025: Server is using token UUID: 'b600e0a1-dd2d-446f-9508-2508c92fd4c4'
Mon Dec 15 21:56:10 2025: SESSION_MGR: creating session with session uuid: '6d04a3e9-ade5-4ab9-8d63-1f78fcd2ec76' and name 'default'
Mon Dec 15 21:56:10 2025: Attempting to start server on port '44881'
Mon Dec 15 21:56:10 2025: XCD main fifo: created main fifo '/tmp/xcdmainb600e0a1-dd2d-446f-9508-2508c92fd4c4', fd read = 12
Mon Dec 15 21:56:10 2025: Running Dispatch Server
Mon Dec 15 21:56:10 2025: Version 2.2.0
Mon Dec 15 21:56:11 2025: Dispatch Server: Accepted socket connection from client
Mon Dec 15 21:56:11 2025: Starting Socket connection
Mon Dec 15 21:56:11 2025: EXCHANGE_TOKEN received, server token: b600e0a1-dd2d-446f-9508-2508c92fd4c4, passed token: b600e0a1-dd2d-446f-9508-2508c92fd4c4
Mon Dec 15 21:56:11 2025: DISPATCH_HANDLER: Adding handler from function makeHandler in library libxv_system_diagram failed with exception: Could not dynamically load libxv_system_diagram.so
Mon Dec 15 21:56:11 2025: SESSION_MGR: creating session with session uuid: 'a0ac5003-0553-480c-8866-e698bd5d5414' and name 'vitis-run_compile_transformer_top'
Mon Dec 15 21:56:11 2025: KERNEL_SVC: creating session with uuid: 'a0ac5003-0553-480c-8866-e698bd5d5414' and name 'vitis-run_compile_transformer_top'
Mon Dec 15 21:56:11 2025: GUIDANCE_SMGR: creating guidance session with uuid: 'a0ac5003-0553-480c-8866-e698bd5d5414' and name 'vitis-run_compile_transformer_top'
Mon Dec 15 21:56:15 2025: Dispatch Server: Accepted socket connection from client
Mon Dec 15 21:56:15 2025: Starting Socket connection
Mon Dec 15 21:56:16 2025: SESSION_MGR: closing session for UUID 'a0ac5003-0553-480c-8866-e698bd5d5414' with name 'vitis-run_compile_transformer_top'
Mon Dec 15 21:56:16 2025: KERNEL_SVC: closing session for UUID 'a0ac5003-0553-480c-8866-e698bd5d5414' with name 'vitis-run_compile_transformer_top'
Mon Dec 15 21:56:16 2025: GUIDANCE_SMGR: closing session for UUID 'a0ac5003-0553-480c-8866-e698bd5d5414' with name 'vitis-run_compile_transformer_top'
Mon Dec 15 21:56:16 2025: STOP_SERVER received, server token: b600e0a1-dd2d-446f-9508-2508c92fd4c4, passed token: b600e0a1-dd2d-446f-9508-2508c92fd4c4
Mon Dec 15 21:56:16 2025: Socket received request to stop server.
Mon Dec 15 21:56:16 2025: Dispatch Server: do_await_stop
Mon Dec 15 21:56:16 2025: Dispatch Server: stopping mainFifo_
Mon Dec 15 21:56:16 2025: XCD main fifo: Stopping
Mon Dec 15 21:56:16 2025: XCD main fifo: do_read error code: Operation canceled
Mon Dec 15 21:56:16 2025: XCD main fifo: bytes_transferred: 0
Mon Dec 15 21:56:16 2025: SERVER: destructor for server bound to port 44881
Mon Dec 15 21:56:16 2025: XCD main fifo: Good unlink of /tmp/xcdmainb600e0a1-dd2d-446f-9508-2508c92fd4c4
Mon Dec 15 21:56:16 2025: Server exiting with status 0.
Mon Dec 15 21:56:16 2025: Closing log file.
Mon Dec 15 21:59:09 2025: Running xcd server. This server was built by gradle.
Mon Dec 15 21:59:09 2025: Server was asked to start on port: '34801'
Mon Dec 15 21:59:09 2025: Server is using token UUID: 'efd34f54-5a54-43ea-85be-c2eaafc3ca20'
Mon Dec 15 21:59:09 2025: SESSION_MGR: creating session with session uuid: '6d04a3e9-ade5-4ab9-8d63-1f78fcd2ec76' and name 'default'
Mon Dec 15 21:59:09 2025: Attempting to start server on port '34801'
Mon Dec 15 21:59:09 2025: XCD main fifo: created main fifo '/tmp/xcdmainefd34f54-5a54-43ea-85be-c2eaafc3ca20', fd read = 12
Mon Dec 15 21:59:09 2025: Running Dispatch Server
Mon Dec 15 21:59:09 2025: Version 2.2.0
Mon Dec 15 21:59:10 2025: Dispatch Server: Accepted socket connection from client
Mon Dec 15 21:59:10 2025: Starting Socket connection
Mon Dec 15 21:59:10 2025: EXCHANGE_TOKEN received, server token: efd34f54-5a54-43ea-85be-c2eaafc3ca20, passed token: efd34f54-5a54-43ea-85be-c2eaafc3ca20
Mon Dec 15 21:59:10 2025: DISPATCH_HANDLER: Adding handler from function makeHandler in library libxv_system_diagram failed with exception: Could not dynamically load libxv_system_diagram.so
Mon Dec 15 21:59:10 2025: SESSION_MGR: creating session with session uuid: 'bcdb5b2d-54f7-451c-9560-afc41a717c89' and name 'vitis-run_compile_transformer_top'
Mon Dec 15 21:59:10 2025: KERNEL_SVC: creating session with uuid: 'bcdb5b2d-54f7-451c-9560-afc41a717c89' and name 'vitis-run_compile_transformer_top'
Mon Dec 15 21:59:10 2025: GUIDANCE_SMGR: creating guidance session with uuid: 'bcdb5b2d-54f7-451c-9560-afc41a717c89' and name 'vitis-run_compile_transformer_top'
Mon Dec 15 21:59:14 2025: Dispatch Server: Accepted socket connection from client
Mon Dec 15 21:59:14 2025: Starting Socket connection
Mon Dec 15 21:59:14 2025: SESSION_MGR: closing session for UUID 'bcdb5b2d-54f7-451c-9560-afc41a717c89' with name 'vitis-run_compile_transformer_top'
Mon Dec 15 21:59:14 2025: KERNEL_SVC: closing session for UUID 'bcdb5b2d-54f7-451c-9560-afc41a717c89' with name 'vitis-run_compile_transformer_top'
Mon Dec 15 21:59:14 2025: GUIDANCE_SMGR: closing session for UUID 'bcdb5b2d-54f7-451c-9560-afc41a717c89' with name 'vitis-run_compile_transformer_top'
Mon Dec 15 21:59:14 2025: STOP_SERVER received, server token: efd34f54-5a54-43ea-85be-c2eaafc3ca20, passed token: efd34f54-5a54-43ea-85be-c2eaafc3ca20
Mon Dec 15 21:59:14 2025: Socket received request to stop server.
Mon Dec 15 21:59:14 2025: Dispatch Server: do_await_stop
Mon Dec 15 21:59:14 2025: Dispatch Server: stopping mainFifo_
Mon Dec 15 21:59:14 2025: XCD main fifo: Stopping
Mon Dec 15 21:59:14 2025: XCD main fifo: do_read error code: Operation canceled
Mon Dec 15 21:59:14 2025: XCD main fifo: bytes_transferred: 0
Mon Dec 15 21:59:14 2025: SERVER: destructor for server bound to port 34801
Mon Dec 15 21:59:14 2025: XCD main fifo: Good unlink of /tmp/xcdmainefd34f54-5a54-43ea-85be-c2eaafc3ca20
Mon Dec 15 21:59:14 2025: Server exiting with status 0.
Mon Dec 15 21:59:14 2025: Closing log file.
Mon Dec 15 22:50:11 2025: Running xcd server. This server was built by gradle.
Mon Dec 15 22:50:11 2025: Server was asked to start on port: '43769'
Mon Dec 15 22:50:11 2025: Server is using token UUID: '08fee8e3-895d-4fd9-bd9d-3697a35ac0a2'
Mon Dec 15 22:50:11 2025: SESSION_MGR: creating session with session uuid: '6d04a3e9-ade5-4ab9-8d63-1f78fcd2ec76' and name 'default'
Mon Dec 15 22:50:11 2025: Attempting to start server on port '43769'
Mon Dec 15 22:50:11 2025: XCD main fifo: created main fifo '/tmp/xcdmain08fee8e3-895d-4fd9-bd9d-3697a35ac0a2', fd read = 12
Mon Dec 15 22:50:11 2025: Running Dispatch Server
Mon Dec 15 22:50:11 2025: Version 2.2.0
Mon Dec 15 22:50:12 2025: Dispatch Server: Accepted socket connection from client
Mon Dec 15 22:50:12 2025: Starting Socket connection
Mon Dec 15 22:50:12 2025: EXCHANGE_TOKEN received, server token: 08fee8e3-895d-4fd9-bd9d-3697a35ac0a2, passed token: 08fee8e3-895d-4fd9-bd9d-3697a35ac0a2
Mon Dec 15 22:50:12 2025: DISPATCH_HANDLER: Adding handler from function makeHandler in library libxv_system_diagram failed with exception: Could not dynamically load libxv_system_diagram.so
Mon Dec 15 22:50:12 2025: SESSION_MGR: creating session with session uuid: 'f9dd10c0-734d-4e29-8697-4a7bdf489e98' and name 'vitis-run_compile_transformer_top'
Mon Dec 15 22:50:12 2025: KERNEL_SVC: creating session with uuid: 'f9dd10c0-734d-4e29-8697-4a7bdf489e98' and name 'vitis-run_compile_transformer_top'
Mon Dec 15 22:50:12 2025: GUIDANCE_SMGR: creating guidance session with uuid: 'f9dd10c0-734d-4e29-8697-4a7bdf489e98' and name 'vitis-run_compile_transformer_top'
Mon Dec 15 22:50:16 2025: Dispatch Server: Accepted socket connection from client
Mon Dec 15 22:50:16 2025: Starting Socket connection
Mon Dec 15 22:50:17 2025: SESSION_MGR: closing session for UUID 'f9dd10c0-734d-4e29-8697-4a7bdf489e98' with name 'vitis-run_compile_transformer_top'
Mon Dec 15 22:50:17 2025: KERNEL_SVC: closing session for UUID 'f9dd10c0-734d-4e29-8697-4a7bdf489e98' with name 'vitis-run_compile_transformer_top'
Mon Dec 15 22:50:17 2025: GUIDANCE_SMGR: closing session for UUID 'f9dd10c0-734d-4e29-8697-4a7bdf489e98' with name 'vitis-run_compile_transformer_top'
Mon Dec 15 22:50:17 2025: STOP_SERVER received, server token: 08fee8e3-895d-4fd9-bd9d-3697a35ac0a2, passed token: 08fee8e3-895d-4fd9-bd9d-3697a35ac0a2
Mon Dec 15 22:50:17 2025: Socket received request to stop server.
Mon Dec 15 22:50:17 2025: Dispatch Server: do_await_stop
Mon Dec 15 22:50:17 2025: Dispatch Server: stopping mainFifo_
Mon Dec 15 22:50:17 2025: XCD main fifo: Stopping
Mon Dec 15 22:50:17 2025: XCD main fifo: do_read error code: Operation canceled
Mon Dec 15 22:50:17 2025: XCD main fifo: bytes_transferred: 0
Mon Dec 15 22:50:17 2025: SERVER: destructor for server bound to port 43769
Mon Dec 15 22:50:17 2025: XCD main fifo: Good unlink of /tmp/xcdmain08fee8e3-895d-4fd9-bd9d-3697a35ac0a2
Mon Dec 15 22:50:17 2025: Server exiting with status 0.
Mon Dec 15 22:50:17 2025: Closing log file.
Mon Dec 15 22:53:43 2025: Running xcd server. This server was built by gradle.
Mon Dec 15 22:53:43 2025: Server was asked to start on port: '42653'
Mon Dec 15 22:53:43 2025: Server is using token UUID: '7e617629-4cc7-460d-bfce-72a2e37d7bcb'
Mon Dec 15 22:53:43 2025: SESSION_MGR: creating session with session uuid: '6d04a3e9-ade5-4ab9-8d63-1f78fcd2ec76' and name 'default'
Mon Dec 15 22:53:43 2025: Attempting to start server on port '42653'
Mon Dec 15 22:53:43 2025: XCD main fifo: created main fifo '/tmp/xcdmain7e617629-4cc7-460d-bfce-72a2e37d7bcb', fd read = 12
Mon Dec 15 22:53:43 2025: Running Dispatch Server
Mon Dec 15 22:53:43 2025: Version 2.2.0
Mon Dec 15 22:53:44 2025: Dispatch Server: Accepted socket connection from client
Mon Dec 15 22:53:44 2025: Starting Socket connection
Mon Dec 15 22:53:44 2025: EXCHANGE_TOKEN received, server token: 7e617629-4cc7-460d-bfce-72a2e37d7bcb, passed token: 7e617629-4cc7-460d-bfce-72a2e37d7bcb
Mon Dec 15 22:53:44 2025: DISPATCH_HANDLER: Adding handler from function makeHandler in library libxv_system_diagram failed with exception: Could not dynamically load libxv_system_diagram.so
Mon Dec 15 22:53:44 2025: SESSION_MGR: creating session with session uuid: 'd7a7d1cb-723a-440c-a08b-c67c23d509b2' and name 'vitis-run_compile_transformer_top'
Mon Dec 15 22:53:44 2025: KERNEL_SVC: creating session with uuid: 'd7a7d1cb-723a-440c-a08b-c67c23d509b2' and name 'vitis-run_compile_transformer_top'
Mon Dec 15 22:53:44 2025: GUIDANCE_SMGR: creating guidance session with uuid: 'd7a7d1cb-723a-440c-a08b-c67c23d509b2' and name 'vitis-run_compile_transformer_top'
Mon Dec 15 22:53:48 2025: Dispatch Server: Accepted socket connection from client
Mon Dec 15 22:53:48 2025: Starting Socket connection
Mon Dec 15 22:53:49 2025: SESSION_MGR: closing session for UUID 'd7a7d1cb-723a-440c-a08b-c67c23d509b2' with name 'vitis-run_compile_transformer_top'
Mon Dec 15 22:53:49 2025: KERNEL_SVC: closing session for UUID 'd7a7d1cb-723a-440c-a08b-c67c23d509b2' with name 'vitis-run_compile_transformer_top'
Mon Dec 15 22:53:49 2025: GUIDANCE_SMGR: closing session for UUID 'd7a7d1cb-723a-440c-a08b-c67c23d509b2' with name 'vitis-run_compile_transformer_top'
Mon Dec 15 22:53:49 2025: STOP_SERVER received, server token: 7e617629-4cc7-460d-bfce-72a2e37d7bcb, passed token: 7e617629-4cc7-460d-bfce-72a2e37d7bcb
Mon Dec 15 22:53:49 2025: Socket received request to stop server.
Mon Dec 15 22:53:49 2025: Dispatch Server: do_await_stop
Mon Dec 15 22:53:49 2025: Dispatch Server: stopping mainFifo_
Mon Dec 15 22:53:49 2025: XCD main fifo: Stopping
Mon Dec 15 22:53:49 2025: XCD main fifo: do_read error code: Operation canceled
Mon Dec 15 22:53:49 2025: XCD main fifo: bytes_transferred: 0
Mon Dec 15 22:53:49 2025: SERVER: destructor for server bound to port 42653
Mon Dec 15 22:53:49 2025: XCD main fifo: Good unlink of /tmp/xcdmain7e617629-4cc7-460d-bfce-72a2e37d7bcb
Mon Dec 15 22:53:49 2025: Server exiting with status 0.
Mon Dec 15 22:53:49 2025: Closing log file.
Mon Dec 15 22:56:03 2025: Running xcd server. This server was built by gradle.
Mon Dec 15 22:56:03 2025: Server was asked to start on port: '41273'
Mon Dec 15 22:56:03 2025: Server is using token UUID: '6d8c9645-0a8a-455c-912a-61033c24636d'
Mon Dec 15 22:56:03 2025: SESSION_MGR: creating session with session uuid: '6d04a3e9-ade5-4ab9-8d63-1f78fcd2ec76' and name 'default'
Mon Dec 15 22:56:03 2025: Attempting to start server on port '41273'
Mon Dec 15 22:56:03 2025: XCD main fifo: created main fifo '/tmp/xcdmain6d8c9645-0a8a-455c-912a-61033c24636d', fd read = 12
Mon Dec 15 22:56:03 2025: Running Dispatch Server
Mon Dec 15 22:56:03 2025: Version 2.2.0
Mon Dec 15 22:56:04 2025: Dispatch Server: Accepted socket connection from client
Mon Dec 15 22:56:04 2025: Starting Socket connection
Mon Dec 15 22:56:04 2025: EXCHANGE_TOKEN received, server token: 6d8c9645-0a8a-455c-912a-61033c24636d, passed token: 6d8c9645-0a8a-455c-912a-61033c24636d
Mon Dec 15 22:56:04 2025: DISPATCH_HANDLER: Adding handler from function makeHandler in library libxv_system_diagram failed with exception: Could not dynamically load libxv_system_diagram.so
Mon Dec 15 22:56:04 2025: SESSION_MGR: creating session with session uuid: '17ac47ca-b6a7-4853-9cff-c3dd75b3e1a8' and name 'vitis-run_compile_transformer_top'
Mon Dec 15 22:56:04 2025: KERNEL_SVC: creating session with uuid: '17ac47ca-b6a7-4853-9cff-c3dd75b3e1a8' and name 'vitis-run_compile_transformer_top'
Mon Dec 15 22:56:04 2025: GUIDANCE_SMGR: creating guidance session with uuid: '17ac47ca-b6a7-4853-9cff-c3dd75b3e1a8' and name 'vitis-run_compile_transformer_top'
Mon Dec 15 22:56:08 2025: Dispatch Server: Accepted socket connection from client
Mon Dec 15 22:56:08 2025: Starting Socket connection
Mon Dec 15 22:56:09 2025: SESSION_MGR: closing session for UUID '17ac47ca-b6a7-4853-9cff-c3dd75b3e1a8' with name 'vitis-run_compile_transformer_top'
Mon Dec 15 22:56:09 2025: KERNEL_SVC: closing session for UUID '17ac47ca-b6a7-4853-9cff-c3dd75b3e1a8' with name 'vitis-run_compile_transformer_top'
Mon Dec 15 22:56:09 2025: GUIDANCE_SMGR: closing session for UUID '17ac47ca-b6a7-4853-9cff-c3dd75b3e1a8' with name 'vitis-run_compile_transformer_top'
Mon Dec 15 22:56:09 2025: STOP_SERVER received, server token: 6d8c9645-0a8a-455c-912a-61033c24636d, passed token: 6d8c9645-0a8a-455c-912a-61033c24636d
Mon Dec 15 22:56:09 2025: Socket received request to stop server.
Mon Dec 15 22:56:09 2025: Dispatch Server: do_await_stop
Mon Dec 15 22:56:09 2025: Dispatch Server: stopping mainFifo_
Mon Dec 15 22:56:09 2025: XCD main fifo: Stopping
Mon Dec 15 22:56:09 2025: XCD main fifo: do_read error code: Operation canceled
Mon Dec 15 22:56:09 2025: XCD main fifo: bytes_transferred: 0
Mon Dec 15 22:56:09 2025: SERVER: destructor for server bound to port 41273
Mon Dec 15 22:56:09 2025: XCD main fifo: Good unlink of /tmp/xcdmain6d8c9645-0a8a-455c-912a-61033c24636d
Mon Dec 15 22:56:09 2025: Server exiting with status 0.
Mon Dec 15 22:56:09 2025: Closing log file.
Mon Dec 15 22:59:10 2025: Running xcd server. This server was built by gradle.
Mon Dec 15 22:59:10 2025: Server was asked to start on port: '34625'
Mon Dec 15 22:59:10 2025: Server is using token UUID: 'd664d3c4-b9e3-4432-95d3-39e8ff5f2831'
Mon Dec 15 22:59:10 2025: SESSION_MGR: creating session with session uuid: '6d04a3e9-ade5-4ab9-8d63-1f78fcd2ec76' and name 'default'
Mon Dec 15 22:59:10 2025: Attempting to start server on port '34625'
Mon Dec 15 22:59:10 2025: XCD main fifo: created main fifo '/tmp/xcdmaind664d3c4-b9e3-4432-95d3-39e8ff5f2831', fd read = 12
Mon Dec 15 22:59:10 2025: Running Dispatch Server
Mon Dec 15 22:59:10 2025: Version 2.2.0
Mon Dec 15 22:59:11 2025: Dispatch Server: Accepted socket connection from client
Mon Dec 15 22:59:11 2025: Starting Socket connection
Mon Dec 15 22:59:11 2025: EXCHANGE_TOKEN received, server token: d664d3c4-b9e3-4432-95d3-39e8ff5f2831, passed token: d664d3c4-b9e3-4432-95d3-39e8ff5f2831
Mon Dec 15 22:59:11 2025: DISPATCH_HANDLER: Adding handler from function makeHandler in library libxv_system_diagram failed with exception: Could not dynamically load libxv_system_diagram.so
Mon Dec 15 22:59:11 2025: SESSION_MGR: creating session with session uuid: '3f13eed4-2a3e-49a9-b7c5-53ce18392cd6' and name 'v++_compile_transformer_top'
Mon Dec 15 22:59:11 2025: KERNEL_SVC: creating session with uuid: '3f13eed4-2a3e-49a9-b7c5-53ce18392cd6' and name 'v++_compile_transformer_top'
Mon Dec 15 22:59:11 2025: GUIDANCE_SMGR: creating guidance session with uuid: '3f13eed4-2a3e-49a9-b7c5-53ce18392cd6' and name 'v++_compile_transformer_top'
Mon Dec 15 22:59:15 2025: Dispatch Server: Accepted socket connection from client
Mon Dec 15 22:59:15 2025: Starting Socket connection
Mon Dec 15 22:59:36 2025: SESSION_MGR: closing session for UUID '3f13eed4-2a3e-49a9-b7c5-53ce18392cd6' with name 'v++_compile_transformer_top'
Mon Dec 15 22:59:36 2025: KERNEL_SVC: closing session for UUID '3f13eed4-2a3e-49a9-b7c5-53ce18392cd6' with name 'v++_compile_transformer_top'
Mon Dec 15 22:59:36 2025: GUIDANCE_SMGR: closing session for UUID '3f13eed4-2a3e-49a9-b7c5-53ce18392cd6' with name 'v++_compile_transformer_top'
Mon Dec 15 22:59:36 2025: STOP_SERVER received, server token: d664d3c4-b9e3-4432-95d3-39e8ff5f2831, passed token: d664d3c4-b9e3-4432-95d3-39e8ff5f2831
Mon Dec 15 22:59:36 2025: Socket received request to stop server.
Mon Dec 15 22:59:36 2025: Dispatch Server: do_await_stop
Mon Dec 15 22:59:36 2025: Dispatch Server: stopping mainFifo_
Mon Dec 15 22:59:36 2025: XCD main fifo: Stopping
Mon Dec 15 22:59:36 2025: XCD main fifo: do_read error code: Operation canceled
Mon Dec 15 22:59:36 2025: XCD main fifo: bytes_transferred: 0
Mon Dec 15 22:59:36 2025: SERVER: destructor for server bound to port 34625
Mon Dec 15 22:59:36 2025: XCD main fifo: Good unlink of /tmp/xcdmaind664d3c4-b9e3-4432-95d3-39e8ff5f2831
Mon Dec 15 22:59:36 2025: Server exiting with status 0.
Mon Dec 15 22:59:36 2025: Closing log file.
Mon Dec 15 23:40:24 2025: Running xcd server. This server was built by gradle.
Mon Dec 15 23:40:24 2025: Server was asked to start on port: '34875'
Mon Dec 15 23:40:24 2025: Server is using token UUID: '431647be-5322-4cf2-96d1-5a0bc35c9430'
Mon Dec 15 23:40:24 2025: SESSION_MGR: creating session with session uuid: '6d04a3e9-ade5-4ab9-8d63-1f78fcd2ec76' and name 'default'
Mon Dec 15 23:40:24 2025: Attempting to start server on port '34875'
Mon Dec 15 23:40:24 2025: XCD main fifo: created main fifo '/tmp/xcdmain431647be-5322-4cf2-96d1-5a0bc35c9430', fd read = 12
Mon Dec 15 23:40:24 2025: Running Dispatch Server
Mon Dec 15 23:40:24 2025: Version 2.2.0
Mon Dec 15 23:40:25 2025: Dispatch Server: Accepted socket connection from client
Mon Dec 15 23:40:25 2025: Starting Socket connection
Mon Dec 15 23:40:25 2025: EXCHANGE_TOKEN received, server token: 431647be-5322-4cf2-96d1-5a0bc35c9430, passed token: 431647be-5322-4cf2-96d1-5a0bc35c9430
Mon Dec 15 23:40:25 2025: DISPATCH_HANDLER: Adding handler from function makeHandler in library libxv_system_diagram failed with exception: Could not dynamically load libxv_system_diagram.so
Mon Dec 15 23:40:25 2025: SESSION_MGR: creating session with session uuid: '0104bb83-846e-45ae-b9aa-81ab98dba2a7' and name 'vitis-run_compile_transformer_top'
Mon Dec 15 23:40:25 2025: KERNEL_SVC: creating session with uuid: '0104bb83-846e-45ae-b9aa-81ab98dba2a7' and name 'vitis-run_compile_transformer_top'
Mon Dec 15 23:40:25 2025: GUIDANCE_SMGR: creating guidance session with uuid: '0104bb83-846e-45ae-b9aa-81ab98dba2a7' and name 'vitis-run_compile_transformer_top'
Mon Dec 15 23:40:29 2025: Dispatch Server: Accepted socket connection from client
Mon Dec 15 23:40:29 2025: Starting Socket connection
Mon Dec 15 23:40:30 2025: SESSION_MGR: closing session for UUID '0104bb83-846e-45ae-b9aa-81ab98dba2a7' with name 'vitis-run_compile_transformer_top'
Mon Dec 15 23:40:30 2025: KERNEL_SVC: closing session for UUID '0104bb83-846e-45ae-b9aa-81ab98dba2a7' with name 'vitis-run_compile_transformer_top'
Mon Dec 15 23:40:30 2025: GUIDANCE_SMGR: closing session for UUID '0104bb83-846e-45ae-b9aa-81ab98dba2a7' with name 'vitis-run_compile_transformer_top'
Mon Dec 15 23:40:30 2025: STOP_SERVER received, server token: 431647be-5322-4cf2-96d1-5a0bc35c9430, passed token: 431647be-5322-4cf2-96d1-5a0bc35c9430
Mon Dec 15 23:40:30 2025: Socket received request to stop server.
Mon Dec 15 23:40:30 2025: Dispatch Server: do_await_stop
Mon Dec 15 23:40:30 2025: Dispatch Server: stopping mainFifo_
Mon Dec 15 23:40:30 2025: XCD main fifo: Stopping
Mon Dec 15 23:40:30 2025: XCD main fifo: do_read error code: Operation canceled
Mon Dec 15 23:40:30 2025: XCD main fifo: bytes_transferred: 0
Mon Dec 15 23:40:30 2025: SERVER: destructor for server bound to port 34875
Mon Dec 15 23:40:30 2025: XCD main fifo: Good unlink of /tmp/xcdmain431647be-5322-4cf2-96d1-5a0bc35c9430
Mon Dec 15 23:40:30 2025: Server exiting with status 0.
Mon Dec 15 23:40:30 2025: Closing log file.
Mon Dec 15 23:40:55 2025: Running xcd server. This server was built by gradle.
Mon Dec 15 23:40:55 2025: Server was asked to start on port: '36071'
Mon Dec 15 23:40:55 2025: Server is using token UUID: '84f56741-4770-4ef8-a916-af80b78877ef'
Mon Dec 15 23:40:55 2025: SESSION_MGR: creating session with session uuid: '6d04a3e9-ade5-4ab9-8d63-1f78fcd2ec76' and name 'default'
Mon Dec 15 23:40:55 2025: Attempting to start server on port '36071'
Mon Dec 15 23:40:55 2025: XCD main fifo: created main fifo '/tmp/xcdmain84f56741-4770-4ef8-a916-af80b78877ef', fd read = 12
Mon Dec 15 23:40:55 2025: Running Dispatch Server
Mon Dec 15 23:40:55 2025: Version 2.2.0
Mon Dec 15 23:40:57 2025: Dispatch Server: Accepted socket connection from client
Mon Dec 15 23:40:57 2025: Starting Socket connection
Mon Dec 15 23:40:57 2025: EXCHANGE_TOKEN received, server token: 84f56741-4770-4ef8-a916-af80b78877ef, passed token: 84f56741-4770-4ef8-a916-af80b78877ef
Mon Dec 15 23:40:57 2025: DISPATCH_HANDLER: Adding handler from function makeHandler in library libxv_system_diagram failed with exception: Could not dynamically load libxv_system_diagram.so
Mon Dec 15 23:40:57 2025: SESSION_MGR: creating session with session uuid: '16b1f96b-fc3c-4616-af21-7e7882b98ad5' and name 'v++_compile_transformer_top'
Mon Dec 15 23:40:57 2025: KERNEL_SVC: creating session with uuid: '16b1f96b-fc3c-4616-af21-7e7882b98ad5' and name 'v++_compile_transformer_top'
Mon Dec 15 23:40:57 2025: GUIDANCE_SMGR: creating guidance session with uuid: '16b1f96b-fc3c-4616-af21-7e7882b98ad5' and name 'v++_compile_transformer_top'
Mon Dec 15 23:41:00 2025: Dispatch Server: Accepted socket connection from client
Mon Dec 15 23:41:00 2025: Starting Socket connection
Mon Dec 15 23:41:21 2025: SESSION_MGR: closing session for UUID '16b1f96b-fc3c-4616-af21-7e7882b98ad5' with name 'v++_compile_transformer_top'
Mon Dec 15 23:41:21 2025: KERNEL_SVC: closing session for UUID '16b1f96b-fc3c-4616-af21-7e7882b98ad5' with name 'v++_compile_transformer_top'
Mon Dec 15 23:41:21 2025: GUIDANCE_SMGR: closing session for UUID '16b1f96b-fc3c-4616-af21-7e7882b98ad5' with name 'v++_compile_transformer_top'
Mon Dec 15 23:41:21 2025: STOP_SERVER received, server token: 84f56741-4770-4ef8-a916-af80b78877ef, passed token: 84f56741-4770-4ef8-a916-af80b78877ef
Mon Dec 15 23:41:21 2025: Socket received request to stop server.
Mon Dec 15 23:41:21 2025: Dispatch Server: do_await_stop
Mon Dec 15 23:41:21 2025: Dispatch Server: stopping mainFifo_
Mon Dec 15 23:41:21 2025: XCD main fifo: Stopping
Mon Dec 15 23:41:21 2025: XCD main fifo: do_read error code: Operation canceled
Mon Dec 15 23:41:21 2025: XCD main fifo: bytes_transferred: 0
Mon Dec 15 23:41:21 2025: SERVER: destructor for server bound to port 36071
Mon Dec 15 23:41:21 2025: XCD main fifo: Good unlink of /tmp/xcdmain84f56741-4770-4ef8-a916-af80b78877ef
Mon Dec 15 23:41:21 2025: Server exiting with status 0.
Mon Dec 15 23:41:21 2025: Closing log file.
Tue Dec 16 02:27:01 2025: Running xcd server. This server was built by gradle.
Tue Dec 16 02:27:01 2025: Server was asked to start on port: '42489'
Tue Dec 16 02:27:01 2025: Server is using token UUID: '77cba108-bf52-40de-8293-35e90f5cbb28'
Tue Dec 16 02:27:01 2025: SESSION_MGR: creating session with session uuid: '6d04a3e9-ade5-4ab9-8d63-1f78fcd2ec76' and name 'default'
Tue Dec 16 02:27:02 2025: Attempting to start server on port '42489'
Tue Dec 16 02:27:02 2025: XCD main fifo: created main fifo '/tmp/xcdmain77cba108-bf52-40de-8293-35e90f5cbb28', fd read = 12
Tue Dec 16 02:27:02 2025: Running Dispatch Server
Tue Dec 16 02:27:02 2025: Version 2.2.0
Tue Dec 16 02:27:03 2025: Dispatch Server: Accepted socket connection from client
Tue Dec 16 02:27:03 2025: Starting Socket connection
Tue Dec 16 02:27:03 2025: EXCHANGE_TOKEN received, server token: 77cba108-bf52-40de-8293-35e90f5cbb28, passed token: 77cba108-bf52-40de-8293-35e90f5cbb28
Tue Dec 16 02:27:03 2025: DISPATCH_HANDLER: Adding handler from function makeHandler in library libxv_system_diagram failed with exception: Could not dynamically load libxv_system_diagram.so
Tue Dec 16 02:27:03 2025: SESSION_MGR: creating session with session uuid: '8f20660b-caab-49b4-8fba-da235bea59d9' and name 'vitis-run_compile_transformer_top'
Tue Dec 16 02:27:03 2025: KERNEL_SVC: creating session with uuid: '8f20660b-caab-49b4-8fba-da235bea59d9' and name 'vitis-run_compile_transformer_top'
Tue Dec 16 02:27:03 2025: GUIDANCE_SMGR: creating guidance session with uuid: '8f20660b-caab-49b4-8fba-da235bea59d9' and name 'vitis-run_compile_transformer_top'
Tue Dec 16 02:27:07 2025: Dispatch Server: Accepted socket connection from client
Tue Dec 16 02:27:07 2025: Starting Socket connection
Tue Dec 16 02:27:08 2025: SESSION_MGR: closing session for UUID '8f20660b-caab-49b4-8fba-da235bea59d9' with name 'vitis-run_compile_transformer_top'
Tue Dec 16 02:27:08 2025: KERNEL_SVC: closing session for UUID '8f20660b-caab-49b4-8fba-da235bea59d9' with name 'vitis-run_compile_transformer_top'
Tue Dec 16 02:27:08 2025: GUIDANCE_SMGR: closing session for UUID '8f20660b-caab-49b4-8fba-da235bea59d9' with name 'vitis-run_compile_transformer_top'
Tue Dec 16 02:27:08 2025: STOP_SERVER received, server token: 77cba108-bf52-40de-8293-35e90f5cbb28, passed token: 77cba108-bf52-40de-8293-35e90f5cbb28
Tue Dec 16 02:27:08 2025: Socket received request to stop server.
Tue Dec 16 02:27:08 2025: Dispatch Server: do_await_stop
Tue Dec 16 02:27:08 2025: Dispatch Server: stopping mainFifo_
Tue Dec 16 02:27:08 2025: XCD main fifo: Stopping
Tue Dec 16 02:27:08 2025: XCD main fifo: do_read error code: Operation canceled
Tue Dec 16 02:27:08 2025: XCD main fifo: bytes_transferred: 0
Tue Dec 16 02:27:08 2025: SERVER: destructor for server bound to port 42489
Tue Dec 16 02:27:08 2025: XCD main fifo: Good unlink of /tmp/xcdmain77cba108-bf52-40de-8293-35e90f5cbb28
Tue Dec 16 02:27:08 2025: Server exiting with status 0.
Tue Dec 16 02:27:08 2025: Closing log file.
Tue Dec 16 02:27:44 2025: Running xcd server. This server was built by gradle.
Tue Dec 16 02:27:44 2025: Server was asked to start on port: '34787'
Tue Dec 16 02:27:44 2025: Server is using token UUID: 'dca5e709-fb90-45ac-9880-4a90a5fefdb9'
Tue Dec 16 02:27:44 2025: SESSION_MGR: creating session with session uuid: '6d04a3e9-ade5-4ab9-8d63-1f78fcd2ec76' and name 'default'
Tue Dec 16 02:27:44 2025: Attempting to start server on port '34787'
Tue Dec 16 02:27:44 2025: XCD main fifo: created main fifo '/tmp/xcdmaindca5e709-fb90-45ac-9880-4a90a5fefdb9', fd read = 12
Tue Dec 16 02:27:44 2025: Running Dispatch Server
Tue Dec 16 02:27:44 2025: Version 2.2.0
Tue Dec 16 02:27:46 2025: Dispatch Server: Accepted socket connection from client
Tue Dec 16 02:27:46 2025: Starting Socket connection
Tue Dec 16 02:27:46 2025: EXCHANGE_TOKEN received, server token: dca5e709-fb90-45ac-9880-4a90a5fefdb9, passed token: dca5e709-fb90-45ac-9880-4a90a5fefdb9
Tue Dec 16 02:27:46 2025: DISPATCH_HANDLER: Adding handler from function makeHandler in library libxv_system_diagram failed with exception: Could not dynamically load libxv_system_diagram.so
Tue Dec 16 02:27:46 2025: SESSION_MGR: creating session with session uuid: 'e9c2e788-46ce-4dd7-8d82-1c21f8422a06' and name 'vitis-run_compile_transformer_top'
Tue Dec 16 02:27:46 2025: KERNEL_SVC: creating session with uuid: 'e9c2e788-46ce-4dd7-8d82-1c21f8422a06' and name 'vitis-run_compile_transformer_top'
Tue Dec 16 02:27:46 2025: GUIDANCE_SMGR: creating guidance session with uuid: 'e9c2e788-46ce-4dd7-8d82-1c21f8422a06' and name 'vitis-run_compile_transformer_top'
Tue Dec 16 02:27:50 2025: Dispatch Server: Accepted socket connection from client
Tue Dec 16 02:27:50 2025: Starting Socket connection
Tue Dec 16 02:27:50 2025: SESSION_MGR: closing session for UUID 'e9c2e788-46ce-4dd7-8d82-1c21f8422a06' with name 'vitis-run_compile_transformer_top'
Tue Dec 16 02:27:50 2025: KERNEL_SVC: closing session for UUID 'e9c2e788-46ce-4dd7-8d82-1c21f8422a06' with name 'vitis-run_compile_transformer_top'
Tue Dec 16 02:27:50 2025: GUIDANCE_SMGR: closing session for UUID 'e9c2e788-46ce-4dd7-8d82-1c21f8422a06' with name 'vitis-run_compile_transformer_top'
Tue Dec 16 02:27:50 2025: STOP_SERVER received, server token: dca5e709-fb90-45ac-9880-4a90a5fefdb9, passed token: dca5e709-fb90-45ac-9880-4a90a5fefdb9
Tue Dec 16 02:27:50 2025: Socket received request to stop server.
Tue Dec 16 02:27:50 2025: Dispatch Server: do_await_stop
Tue Dec 16 02:27:50 2025: Dispatch Server: stopping mainFifo_
Tue Dec 16 02:27:50 2025: XCD main fifo: Stopping
Tue Dec 16 02:27:50 2025: XCD main fifo: do_read error code: Operation canceled
Tue Dec 16 02:27:50 2025: XCD main fifo: bytes_transferred: 0
Tue Dec 16 02:27:50 2025: SERVER: destructor for server bound to port 34787
Tue Dec 16 02:27:50 2025: XCD main fifo: Good unlink of /tmp/xcdmaindca5e709-fb90-45ac-9880-4a90a5fefdb9
Tue Dec 16 02:27:50 2025: Server exiting with status 0.
Tue Dec 16 02:27:50 2025: Closing log file.
Tue Dec 16 02:29:05 2025: Running xcd server. This server was built by gradle.
Tue Dec 16 02:29:05 2025: Server was asked to start on port: '45503'
Tue Dec 16 02:29:05 2025: Server is using token UUID: 'e4de2a22-77d7-4069-b933-000af97f13c8'
Tue Dec 16 02:29:05 2025: SESSION_MGR: creating session with session uuid: '6d04a3e9-ade5-4ab9-8d63-1f78fcd2ec76' and name 'default'
Tue Dec 16 02:29:05 2025: Attempting to start server on port '45503'
Tue Dec 16 02:29:05 2025: XCD main fifo: created main fifo '/tmp/xcdmaine4de2a22-77d7-4069-b933-000af97f13c8', fd read = 12
Tue Dec 16 02:29:05 2025: Running Dispatch Server
Tue Dec 16 02:29:05 2025: Version 2.2.0
Tue Dec 16 02:29:07 2025: Dispatch Server: Accepted socket connection from client
Tue Dec 16 02:29:07 2025: Starting Socket connection
Tue Dec 16 02:29:07 2025: EXCHANGE_TOKEN received, server token: e4de2a22-77d7-4069-b933-000af97f13c8, passed token: e4de2a22-77d7-4069-b933-000af97f13c8
Tue Dec 16 02:29:07 2025: DISPATCH_HANDLER: Adding handler from function makeHandler in library libxv_system_diagram failed with exception: Could not dynamically load libxv_system_diagram.so
Tue Dec 16 02:29:07 2025: SESSION_MGR: creating session with session uuid: 'f0a39d6f-cb56-4a81-8449-b8be2d0884e0' and name 'vitis-run_compile_transformer_top'
Tue Dec 16 02:29:07 2025: KERNEL_SVC: creating session with uuid: 'f0a39d6f-cb56-4a81-8449-b8be2d0884e0' and name 'vitis-run_compile_transformer_top'
Tue Dec 16 02:29:07 2025: GUIDANCE_SMGR: creating guidance session with uuid: 'f0a39d6f-cb56-4a81-8449-b8be2d0884e0' and name 'vitis-run_compile_transformer_top'
Tue Dec 16 02:29:10 2025: Dispatch Server: Accepted socket connection from client
Tue Dec 16 02:29:10 2025: Starting Socket connection
Tue Dec 16 02:29:11 2025: SESSION_MGR: closing session for UUID 'f0a39d6f-cb56-4a81-8449-b8be2d0884e0' with name 'vitis-run_compile_transformer_top'
Tue Dec 16 02:29:11 2025: KERNEL_SVC: closing session for UUID 'f0a39d6f-cb56-4a81-8449-b8be2d0884e0' with name 'vitis-run_compile_transformer_top'
Tue Dec 16 02:29:11 2025: GUIDANCE_SMGR: closing session for UUID 'f0a39d6f-cb56-4a81-8449-b8be2d0884e0' with name 'vitis-run_compile_transformer_top'
Tue Dec 16 02:29:11 2025: STOP_SERVER received, server token: e4de2a22-77d7-4069-b933-000af97f13c8, passed token: e4de2a22-77d7-4069-b933-000af97f13c8
Tue Dec 16 02:29:11 2025: Socket received request to stop server.
Tue Dec 16 02:29:11 2025: Dispatch Server: do_await_stop
Tue Dec 16 02:29:11 2025: Dispatch Server: stopping mainFifo_
Tue Dec 16 02:29:11 2025: XCD main fifo: Stopping
Tue Dec 16 02:29:11 2025: XCD main fifo: do_read error code: Operation canceled
Tue Dec 16 02:29:11 2025: XCD main fifo: bytes_transferred: 0
Tue Dec 16 02:29:11 2025: SERVER: destructor for server bound to port 45503
Tue Dec 16 02:29:11 2025: XCD main fifo: Good unlink of /tmp/xcdmaine4de2a22-77d7-4069-b933-000af97f13c8
Tue Dec 16 02:29:11 2025: Server exiting with status 0.
Tue Dec 16 02:29:11 2025: Closing log file.
Tue Dec 16 02:35:10 2025: Running xcd server. This server was built by gradle.
Tue Dec 16 02:35:10 2025: Server was asked to start on port: '43525'
Tue Dec 16 02:35:10 2025: Server is using token UUID: '387c84ea-c50b-472d-b659-5a92e2601d59'
Tue Dec 16 02:35:10 2025: SESSION_MGR: creating session with session uuid: '6d04a3e9-ade5-4ab9-8d63-1f78fcd2ec76' and name 'default'
Tue Dec 16 02:35:10 2025: Attempting to start server on port '43525'
Tue Dec 16 02:35:10 2025: XCD main fifo: created main fifo '/tmp/xcdmain387c84ea-c50b-472d-b659-5a92e2601d59', fd read = 12
Tue Dec 16 02:35:10 2025: Running Dispatch Server
Tue Dec 16 02:35:10 2025: Version 2.2.0
Tue Dec 16 02:35:12 2025: Dispatch Server: Accepted socket connection from client
Tue Dec 16 02:35:12 2025: Starting Socket connection
Tue Dec 16 02:35:12 2025: EXCHANGE_TOKEN received, server token: 387c84ea-c50b-472d-b659-5a92e2601d59, passed token: 387c84ea-c50b-472d-b659-5a92e2601d59
Tue Dec 16 02:35:12 2025: DISPATCH_HANDLER: Adding handler from function makeHandler in library libxv_system_diagram failed with exception: Could not dynamically load libxv_system_diagram.so
Tue Dec 16 02:35:12 2025: SESSION_MGR: creating session with session uuid: 'c806a93a-30b2-4eab-a349-51552ae7ff96' and name 'vitis-run_compile_transformer_top'
Tue Dec 16 02:35:12 2025: KERNEL_SVC: creating session with uuid: 'c806a93a-30b2-4eab-a349-51552ae7ff96' and name 'vitis-run_compile_transformer_top'
Tue Dec 16 02:35:12 2025: GUIDANCE_SMGR: creating guidance session with uuid: 'c806a93a-30b2-4eab-a349-51552ae7ff96' and name 'vitis-run_compile_transformer_top'
Tue Dec 16 02:35:16 2025: Dispatch Server: Accepted socket connection from client
Tue Dec 16 02:35:16 2025: Starting Socket connection
Tue Dec 16 02:35:16 2025: SESSION_MGR: closing session for UUID 'c806a93a-30b2-4eab-a349-51552ae7ff96' with name 'vitis-run_compile_transformer_top'
Tue Dec 16 02:35:16 2025: KERNEL_SVC: closing session for UUID 'c806a93a-30b2-4eab-a349-51552ae7ff96' with name 'vitis-run_compile_transformer_top'
Tue Dec 16 02:35:16 2025: GUIDANCE_SMGR: closing session for UUID 'c806a93a-30b2-4eab-a349-51552ae7ff96' with name 'vitis-run_compile_transformer_top'
Tue Dec 16 02:35:16 2025: STOP_SERVER received, server token: 387c84ea-c50b-472d-b659-5a92e2601d59, passed token: 387c84ea-c50b-472d-b659-5a92e2601d59
Tue Dec 16 02:35:16 2025: Socket received request to stop server.
Tue Dec 16 02:35:16 2025: Dispatch Server: do_await_stop
Tue Dec 16 02:35:16 2025: Dispatch Server: stopping mainFifo_
Tue Dec 16 02:35:16 2025: XCD main fifo: Stopping
Tue Dec 16 02:35:16 2025: XCD main fifo: do_read error code: Operation canceled
Tue Dec 16 02:35:16 2025: XCD main fifo: bytes_transferred: 0
Tue Dec 16 02:35:16 2025: SERVER: destructor for server bound to port 43525
Tue Dec 16 02:35:16 2025: XCD main fifo: Good unlink of /tmp/xcdmain387c84ea-c50b-472d-b659-5a92e2601d59
Tue Dec 16 02:35:16 2025: Server exiting with status 0.
Tue Dec 16 02:35:16 2025: Closing log file.
Tue Dec 16 02:37:12 2025: Running xcd server. This server was built by gradle.
Tue Dec 16 02:37:12 2025: Server was asked to start on port: '40821'
Tue Dec 16 02:37:12 2025: Server is using token UUID: 'b2816750-16e5-43f8-9f36-9b1bd636c148'
Tue Dec 16 02:37:12 2025: SESSION_MGR: creating session with session uuid: '6d04a3e9-ade5-4ab9-8d63-1f78fcd2ec76' and name 'default'
Tue Dec 16 02:37:12 2025: Attempting to start server on port '40821'
Tue Dec 16 02:37:12 2025: XCD main fifo: created main fifo '/tmp/xcdmainb2816750-16e5-43f8-9f36-9b1bd636c148', fd read = 12
Tue Dec 16 02:37:12 2025: Running Dispatch Server
Tue Dec 16 02:37:12 2025: Version 2.2.0
Tue Dec 16 02:37:13 2025: Dispatch Server: Accepted socket connection from client
Tue Dec 16 02:37:13 2025: Starting Socket connection
Tue Dec 16 02:37:13 2025: EXCHANGE_TOKEN received, server token: b2816750-16e5-43f8-9f36-9b1bd636c148, passed token: b2816750-16e5-43f8-9f36-9b1bd636c148
Tue Dec 16 02:37:13 2025: DISPATCH_HANDLER: Adding handler from function makeHandler in library libxv_system_diagram failed with exception: Could not dynamically load libxv_system_diagram.so
Tue Dec 16 02:37:13 2025: SESSION_MGR: creating session with session uuid: 'e1384a62-89b3-4a0d-9493-7fae1cb872ea' and name 'vitis-run_compile_transformer_top'
Tue Dec 16 02:37:13 2025: KERNEL_SVC: creating session with uuid: 'e1384a62-89b3-4a0d-9493-7fae1cb872ea' and name 'vitis-run_compile_transformer_top'
Tue Dec 16 02:37:13 2025: GUIDANCE_SMGR: creating guidance session with uuid: 'e1384a62-89b3-4a0d-9493-7fae1cb872ea' and name 'vitis-run_compile_transformer_top'
Tue Dec 16 02:37:17 2025: Dispatch Server: Accepted socket connection from client
Tue Dec 16 02:37:17 2025: Starting Socket connection
Tue Dec 16 02:37:18 2025: SESSION_MGR: closing session for UUID 'e1384a62-89b3-4a0d-9493-7fae1cb872ea' with name 'vitis-run_compile_transformer_top'
Tue Dec 16 02:37:18 2025: KERNEL_SVC: closing session for UUID 'e1384a62-89b3-4a0d-9493-7fae1cb872ea' with name 'vitis-run_compile_transformer_top'
Tue Dec 16 02:37:18 2025: GUIDANCE_SMGR: closing session for UUID 'e1384a62-89b3-4a0d-9493-7fae1cb872ea' with name 'vitis-run_compile_transformer_top'
Tue Dec 16 02:37:18 2025: STOP_SERVER received, server token: b2816750-16e5-43f8-9f36-9b1bd636c148, passed token: b2816750-16e5-43f8-9f36-9b1bd636c148
Tue Dec 16 02:37:18 2025: Socket received request to stop server.
Tue Dec 16 02:37:18 2025: Dispatch Server: do_await_stop
Tue Dec 16 02:37:18 2025: Dispatch Server: stopping mainFifo_
Tue Dec 16 02:37:18 2025: XCD main fifo: Stopping
Tue Dec 16 02:37:18 2025: XCD main fifo: do_read error code: Operation canceled
Tue Dec 16 02:37:18 2025: XCD main fifo: bytes_transferred: 0
Tue Dec 16 02:37:18 2025: SERVER: destructor for server bound to port 40821
Tue Dec 16 02:37:18 2025: XCD main fifo: Good unlink of /tmp/xcdmainb2816750-16e5-43f8-9f36-9b1bd636c148
Tue Dec 16 02:37:18 2025: Server exiting with status 0.
Tue Dec 16 02:37:18 2025: Closing log file.
Tue Dec 16 02:38:00 2025: Running xcd server. This server was built by gradle.
Tue Dec 16 02:38:00 2025: Server was asked to start on port: '43429'
Tue Dec 16 02:38:00 2025: Server is using token UUID: 'c7e3eccd-a980-4e0e-81d8-4b3187c52032'
Tue Dec 16 02:38:00 2025: SESSION_MGR: creating session with session uuid: '6d04a3e9-ade5-4ab9-8d63-1f78fcd2ec76' and name 'default'
Tue Dec 16 02:38:00 2025: Attempting to start server on port '43429'
Tue Dec 16 02:38:00 2025: XCD main fifo: created main fifo '/tmp/xcdmainc7e3eccd-a980-4e0e-81d8-4b3187c52032', fd read = 12
Tue Dec 16 02:38:00 2025: Running Dispatch Server
Tue Dec 16 02:38:00 2025: Version 2.2.0
Tue Dec 16 02:38:01 2025: Dispatch Server: Accepted socket connection from client
Tue Dec 16 02:38:01 2025: Starting Socket connection
Tue Dec 16 02:38:01 2025: EXCHANGE_TOKEN received, server token: c7e3eccd-a980-4e0e-81d8-4b3187c52032, passed token: c7e3eccd-a980-4e0e-81d8-4b3187c52032
Tue Dec 16 02:38:01 2025: DISPATCH_HANDLER: Adding handler from function makeHandler in library libxv_system_diagram failed with exception: Could not dynamically load libxv_system_diagram.so
Tue Dec 16 02:38:01 2025: SESSION_MGR: creating session with session uuid: 'a6b2e1e6-9922-4f02-b520-f9ec8cfa5b06' and name 'vitis-run_compile_transformer_top'
Tue Dec 16 02:38:01 2025: KERNEL_SVC: creating session with uuid: 'a6b2e1e6-9922-4f02-b520-f9ec8cfa5b06' and name 'vitis-run_compile_transformer_top'
Tue Dec 16 02:38:01 2025: GUIDANCE_SMGR: creating guidance session with uuid: 'a6b2e1e6-9922-4f02-b520-f9ec8cfa5b06' and name 'vitis-run_compile_transformer_top'
Tue Dec 16 02:38:05 2025: Dispatch Server: Accepted socket connection from client
Tue Dec 16 02:38:05 2025: Starting Socket connection
Tue Dec 16 02:38:06 2025: SESSION_MGR: closing session for UUID 'a6b2e1e6-9922-4f02-b520-f9ec8cfa5b06' with name 'vitis-run_compile_transformer_top'
Tue Dec 16 02:38:06 2025: KERNEL_SVC: closing session for UUID 'a6b2e1e6-9922-4f02-b520-f9ec8cfa5b06' with name 'vitis-run_compile_transformer_top'
Tue Dec 16 02:38:06 2025: GUIDANCE_SMGR: closing session for UUID 'a6b2e1e6-9922-4f02-b520-f9ec8cfa5b06' with name 'vitis-run_compile_transformer_top'
Tue Dec 16 02:38:06 2025: STOP_SERVER received, server token: c7e3eccd-a980-4e0e-81d8-4b3187c52032, passed token: c7e3eccd-a980-4e0e-81d8-4b3187c52032
Tue Dec 16 02:38:06 2025: Socket received request to stop server.
Tue Dec 16 02:38:06 2025: Dispatch Server: do_await_stop
Tue Dec 16 02:38:06 2025: Dispatch Server: stopping mainFifo_
Tue Dec 16 02:38:06 2025: XCD main fifo: Stopping
Tue Dec 16 02:38:06 2025: XCD main fifo: do_read error code: Operation canceled
Tue Dec 16 02:38:06 2025: XCD main fifo: bytes_transferred: 0
Tue Dec 16 02:38:06 2025: SERVER: destructor for server bound to port 43429
Tue Dec 16 02:38:06 2025: XCD main fifo: Good unlink of /tmp/xcdmainc7e3eccd-a980-4e0e-81d8-4b3187c52032
Tue Dec 16 02:38:06 2025: Server exiting with status 0.
Tue Dec 16 02:38:06 2025: Closing log file.
Tue Dec 16 13:02:56 2025: Running xcd server. This server was built by gradle.
Tue Dec 16 13:02:56 2025: Server was asked to start on port: '43913'
Tue Dec 16 13:02:56 2025: Server is using token UUID: 'd5ca2298-0fed-4909-893e-c5a025cfc9c1'
Tue Dec 16 13:02:56 2025: SESSION_MGR: creating session with session uuid: '6d04a3e9-ade5-4ab9-8d63-1f78fcd2ec76' and name 'default'
Tue Dec 16 13:02:56 2025: Attempting to start server on port '43913'
Tue Dec 16 13:02:56 2025: XCD main fifo: created main fifo '/tmp/xcdmaind5ca2298-0fed-4909-893e-c5a025cfc9c1', fd read = 12
Tue Dec 16 13:02:56 2025: Running Dispatch Server
Tue Dec 16 13:02:56 2025: Version 2.2.0
Tue Dec 16 13:02:57 2025: Dispatch Server: Accepted socket connection from client
Tue Dec 16 13:02:57 2025: Starting Socket connection
Tue Dec 16 13:02:57 2025: EXCHANGE_TOKEN received, server token: d5ca2298-0fed-4909-893e-c5a025cfc9c1, passed token: d5ca2298-0fed-4909-893e-c5a025cfc9c1
Tue Dec 16 13:02:57 2025: DISPATCH_HANDLER: Adding handler from function makeHandler in library libxv_system_diagram failed with exception: Could not dynamically load libxv_system_diagram.so
Tue Dec 16 13:02:57 2025: SESSION_MGR: creating session with session uuid: 'f5561ede-7a1f-486e-8241-ccf815a0c4e9' and name 'vitis-run_compile_transformer_top'
Tue Dec 16 13:02:57 2025: KERNEL_SVC: creating session with uuid: 'f5561ede-7a1f-486e-8241-ccf815a0c4e9' and name 'vitis-run_compile_transformer_top'
Tue Dec 16 13:02:57 2025: GUIDANCE_SMGR: creating guidance session with uuid: 'f5561ede-7a1f-486e-8241-ccf815a0c4e9' and name 'vitis-run_compile_transformer_top'
Tue Dec 16 13:03:01 2025: Dispatch Server: Accepted socket connection from client
Tue Dec 16 13:03:01 2025: Starting Socket connection
Tue Dec 16 13:03:02 2025: SESSION_MGR: closing session for UUID 'f5561ede-7a1f-486e-8241-ccf815a0c4e9' with name 'vitis-run_compile_transformer_top'
Tue Dec 16 13:03:02 2025: KERNEL_SVC: closing session for UUID 'f5561ede-7a1f-486e-8241-ccf815a0c4e9' with name 'vitis-run_compile_transformer_top'
Tue Dec 16 13:03:02 2025: GUIDANCE_SMGR: closing session for UUID 'f5561ede-7a1f-486e-8241-ccf815a0c4e9' with name 'vitis-run_compile_transformer_top'
Tue Dec 16 13:03:02 2025: STOP_SERVER received, server token: d5ca2298-0fed-4909-893e-c5a025cfc9c1, passed token: d5ca2298-0fed-4909-893e-c5a025cfc9c1
Tue Dec 16 13:03:02 2025: Socket received request to stop server.
Tue Dec 16 13:03:02 2025: Dispatch Server: do_await_stop
Tue Dec 16 13:03:02 2025: Dispatch Server: stopping mainFifo_
Tue Dec 16 13:03:02 2025: XCD main fifo: Stopping
Tue Dec 16 13:03:02 2025: XCD main fifo: do_read error code: Operation canceled
Tue Dec 16 13:03:02 2025: XCD main fifo: bytes_transferred: 0
Tue Dec 16 13:03:02 2025: SERVER: destructor for server bound to port 43913
Tue Dec 16 13:03:02 2025: XCD main fifo: Good unlink of /tmp/xcdmaind5ca2298-0fed-4909-893e-c5a025cfc9c1
Tue Dec 16 13:03:02 2025: Server exiting with status 0.
Tue Dec 16 13:03:02 2025: Closing log file.
Tue Dec 16 13:04:24 2025: Running xcd server. This server was built by gradle.
Tue Dec 16 13:04:24 2025: Server was asked to start on port: '34459'
Tue Dec 16 13:04:24 2025: Server is using token UUID: 'e609ac05-d390-4fb3-925c-fec9d3b6c444'
Tue Dec 16 13:04:24 2025: SESSION_MGR: creating session with session uuid: '6d04a3e9-ade5-4ab9-8d63-1f78fcd2ec76' and name 'default'
Tue Dec 16 13:04:24 2025: Attempting to start server on port '34459'
Tue Dec 16 13:04:24 2025: XCD main fifo: created main fifo '/tmp/xcdmaine609ac05-d390-4fb3-925c-fec9d3b6c444', fd read = 12
Tue Dec 16 13:04:24 2025: Running Dispatch Server
Tue Dec 16 13:04:24 2025: Version 2.2.0
Tue Dec 16 13:04:25 2025: Dispatch Server: Accepted socket connection from client
Tue Dec 16 13:04:25 2025: Starting Socket connection
Tue Dec 16 13:04:25 2025: EXCHANGE_TOKEN received, server token: e609ac05-d390-4fb3-925c-fec9d3b6c444, passed token: e609ac05-d390-4fb3-925c-fec9d3b6c444
Tue Dec 16 13:04:25 2025: DISPATCH_HANDLER: Adding handler from function makeHandler in library libxv_system_diagram failed with exception: Could not dynamically load libxv_system_diagram.so
Tue Dec 16 13:04:25 2025: SESSION_MGR: creating session with session uuid: 'b7f7f80e-d53a-4726-8c85-0ef8b6024253' and name 'vitis-run_compile_transformer_top'
Tue Dec 16 13:04:25 2025: KERNEL_SVC: creating session with uuid: 'b7f7f80e-d53a-4726-8c85-0ef8b6024253' and name 'vitis-run_compile_transformer_top'
Tue Dec 16 13:04:25 2025: GUIDANCE_SMGR: creating guidance session with uuid: 'b7f7f80e-d53a-4726-8c85-0ef8b6024253' and name 'vitis-run_compile_transformer_top'
Tue Dec 16 13:04:29 2025: Dispatch Server: Accepted socket connection from client
Tue Dec 16 13:04:29 2025: Starting Socket connection
Tue Dec 16 13:04:30 2025: SESSION_MGR: closing session for UUID 'b7f7f80e-d53a-4726-8c85-0ef8b6024253' with name 'vitis-run_compile_transformer_top'
Tue Dec 16 13:04:30 2025: KERNEL_SVC: closing session for UUID 'b7f7f80e-d53a-4726-8c85-0ef8b6024253' with name 'vitis-run_compile_transformer_top'
Tue Dec 16 13:04:30 2025: GUIDANCE_SMGR: closing session for UUID 'b7f7f80e-d53a-4726-8c85-0ef8b6024253' with name 'vitis-run_compile_transformer_top'
Tue Dec 16 13:04:30 2025: STOP_SERVER received, server token: e609ac05-d390-4fb3-925c-fec9d3b6c444, passed token: e609ac05-d390-4fb3-925c-fec9d3b6c444
Tue Dec 16 13:04:30 2025: Socket received request to stop server.
Tue Dec 16 13:04:30 2025: Dispatch Server: do_await_stop
Tue Dec 16 13:04:30 2025: Dispatch Server: stopping mainFifo_
Tue Dec 16 13:04:30 2025: XCD main fifo: Stopping
Tue Dec 16 13:04:30 2025: XCD main fifo: do_read error code: Operation canceled
Tue Dec 16 13:04:30 2025: XCD main fifo: bytes_transferred: 0
Tue Dec 16 13:04:30 2025: SERVER: destructor for server bound to port 34459
Tue Dec 16 13:04:30 2025: XCD main fifo: Good unlink of /tmp/xcdmaine609ac05-d390-4fb3-925c-fec9d3b6c444
Tue Dec 16 13:04:30 2025: Server exiting with status 0.
Tue Dec 16 13:04:30 2025: Closing log file.
Tue Dec 16 13:05:38 2025: Running xcd server. This server was built by gradle.
Tue Dec 16 13:05:38 2025: Server was asked to start on port: '44573'
Tue Dec 16 13:05:38 2025: Server is using token UUID: '0296101f-528a-43b0-a4a7-f9896295bc9d'
Tue Dec 16 13:05:38 2025: SESSION_MGR: creating session with session uuid: '6d04a3e9-ade5-4ab9-8d63-1f78fcd2ec76' and name 'default'
Tue Dec 16 13:05:38 2025: Attempting to start server on port '44573'
Tue Dec 16 13:05:38 2025: XCD main fifo: created main fifo '/tmp/xcdmain0296101f-528a-43b0-a4a7-f9896295bc9d', fd read = 12
Tue Dec 16 13:05:38 2025: Running Dispatch Server
Tue Dec 16 13:05:38 2025: Version 2.2.0
Tue Dec 16 13:05:39 2025: Dispatch Server: Accepted socket connection from client
Tue Dec 16 13:05:39 2025: Starting Socket connection
Tue Dec 16 13:05:39 2025: EXCHANGE_TOKEN received, server token: 0296101f-528a-43b0-a4a7-f9896295bc9d, passed token: 0296101f-528a-43b0-a4a7-f9896295bc9d
Tue Dec 16 13:05:39 2025: DISPATCH_HANDLER: Adding handler from function makeHandler in library libxv_system_diagram failed with exception: Could not dynamically load libxv_system_diagram.so
Tue Dec 16 13:05:39 2025: SESSION_MGR: creating session with session uuid: 'd722ce0c-8324-4640-b293-c27bfef16485' and name 'vitis-run_compile_transformer_top'
Tue Dec 16 13:05:39 2025: KERNEL_SVC: creating session with uuid: 'd722ce0c-8324-4640-b293-c27bfef16485' and name 'vitis-run_compile_transformer_top'
Tue Dec 16 13:05:39 2025: GUIDANCE_SMGR: creating guidance session with uuid: 'd722ce0c-8324-4640-b293-c27bfef16485' and name 'vitis-run_compile_transformer_top'
Tue Dec 16 13:05:43 2025: Dispatch Server: Accepted socket connection from client
Tue Dec 16 13:05:43 2025: Starting Socket connection
Tue Dec 16 13:05:45 2025: SESSION_MGR: closing session for UUID 'd722ce0c-8324-4640-b293-c27bfef16485' with name 'vitis-run_compile_transformer_top'
Tue Dec 16 13:05:45 2025: KERNEL_SVC: closing session for UUID 'd722ce0c-8324-4640-b293-c27bfef16485' with name 'vitis-run_compile_transformer_top'
Tue Dec 16 13:05:45 2025: GUIDANCE_SMGR: closing session for UUID 'd722ce0c-8324-4640-b293-c27bfef16485' with name 'vitis-run_compile_transformer_top'
Tue Dec 16 13:05:45 2025: STOP_SERVER received, server token: 0296101f-528a-43b0-a4a7-f9896295bc9d, passed token: 0296101f-528a-43b0-a4a7-f9896295bc9d
Tue Dec 16 13:05:45 2025: Socket received request to stop server.
Tue Dec 16 13:05:45 2025: Dispatch Server: do_await_stop
Tue Dec 16 13:05:45 2025: Dispatch Server: stopping mainFifo_
Tue Dec 16 13:05:45 2025: XCD main fifo: Stopping
Tue Dec 16 13:05:45 2025: XCD main fifo: do_read error code: Operation canceled
Tue Dec 16 13:05:45 2025: XCD main fifo: bytes_transferred: 0
Tue Dec 16 13:05:45 2025: SERVER: destructor for server bound to port 44573
Tue Dec 16 13:05:45 2025: XCD main fifo: Good unlink of /tmp/xcdmain0296101f-528a-43b0-a4a7-f9896295bc9d
Tue Dec 16 13:05:45 2025: Server exiting with status 0.
Tue Dec 16 13:05:45 2025: Closing log file.
Tue Dec 16 13:05:59 2025: Running xcd server. This server was built by gradle.
Tue Dec 16 13:05:59 2025: Server was asked to start on port: '44683'
Tue Dec 16 13:05:59 2025: Server is using token UUID: 'b6977610-8ff5-4e14-a6ef-12b18682cbcf'
Tue Dec 16 13:05:59 2025: SESSION_MGR: creating session with session uuid: '6d04a3e9-ade5-4ab9-8d63-1f78fcd2ec76' and name 'default'
Tue Dec 16 13:05:59 2025: Attempting to start server on port '44683'
Tue Dec 16 13:05:59 2025: XCD main fifo: created main fifo '/tmp/xcdmainb6977610-8ff5-4e14-a6ef-12b18682cbcf', fd read = 12
Tue Dec 16 13:05:59 2025: Running Dispatch Server
Tue Dec 16 13:05:59 2025: Version 2.2.0
Tue Dec 16 13:06:00 2025: Dispatch Server: Accepted socket connection from client
Tue Dec 16 13:06:00 2025: Starting Socket connection
Tue Dec 16 13:06:00 2025: EXCHANGE_TOKEN received, server token: b6977610-8ff5-4e14-a6ef-12b18682cbcf, passed token: b6977610-8ff5-4e14-a6ef-12b18682cbcf
Tue Dec 16 13:06:00 2025: DISPATCH_HANDLER: Adding handler from function makeHandler in library libxv_system_diagram failed with exception: Could not dynamically load libxv_system_diagram.so
Tue Dec 16 13:06:00 2025: SESSION_MGR: creating session with session uuid: '57951838-d51a-4f49-a7b5-59bc966c8101' and name 'vitis-run_compile_transformer_top'
Tue Dec 16 13:06:00 2025: KERNEL_SVC: creating session with uuid: '57951838-d51a-4f49-a7b5-59bc966c8101' and name 'vitis-run_compile_transformer_top'
Tue Dec 16 13:06:00 2025: GUIDANCE_SMGR: creating guidance session with uuid: '57951838-d51a-4f49-a7b5-59bc966c8101' and name 'vitis-run_compile_transformer_top'
Tue Dec 16 13:06:04 2025: Dispatch Server: Accepted socket connection from client
Tue Dec 16 13:06:04 2025: Starting Socket connection
Tue Dec 16 13:06:05 2025: SESSION_MGR: closing session for UUID '57951838-d51a-4f49-a7b5-59bc966c8101' with name 'vitis-run_compile_transformer_top'
Tue Dec 16 13:06:05 2025: KERNEL_SVC: closing session for UUID '57951838-d51a-4f49-a7b5-59bc966c8101' with name 'vitis-run_compile_transformer_top'
Tue Dec 16 13:06:05 2025: GUIDANCE_SMGR: closing session for UUID '57951838-d51a-4f49-a7b5-59bc966c8101' with name 'vitis-run_compile_transformer_top'
Tue Dec 16 13:06:05 2025: STOP_SERVER received, server token: b6977610-8ff5-4e14-a6ef-12b18682cbcf, passed token: b6977610-8ff5-4e14-a6ef-12b18682cbcf
Tue Dec 16 13:06:05 2025: Socket received request to stop server.
Tue Dec 16 13:06:05 2025: Dispatch Server: do_await_stop
Tue Dec 16 13:06:05 2025: Dispatch Server: stopping mainFifo_
Tue Dec 16 13:06:05 2025: XCD main fifo: Stopping
Tue Dec 16 13:06:05 2025: XCD main fifo: do_read error code: Operation canceled
Tue Dec 16 13:06:05 2025: XCD main fifo: bytes_transferred: 0
Tue Dec 16 13:06:05 2025: SERVER: destructor for server bound to port 44683
Tue Dec 16 13:06:05 2025: XCD main fifo: Good unlink of /tmp/xcdmainb6977610-8ff5-4e14-a6ef-12b18682cbcf
Tue Dec 16 13:06:05 2025: Server exiting with status 0.
Tue Dec 16 13:06:05 2025: Closing log file.
Tue Dec 16 13:06:43 2025: Running xcd server. This server was built by gradle.
Tue Dec 16 13:06:43 2025: Server was asked to start on port: '42259'
Tue Dec 16 13:06:43 2025: Server is using token UUID: '272cc32f-3cfc-4dac-9841-4138cb6ebb39'
Tue Dec 16 13:06:43 2025: SESSION_MGR: creating session with session uuid: '6d04a3e9-ade5-4ab9-8d63-1f78fcd2ec76' and name 'default'
Tue Dec 16 13:06:43 2025: Attempting to start server on port '42259'
Tue Dec 16 13:06:43 2025: XCD main fifo: created main fifo '/tmp/xcdmain272cc32f-3cfc-4dac-9841-4138cb6ebb39', fd read = 12
Tue Dec 16 13:06:43 2025: Running Dispatch Server
Tue Dec 16 13:06:43 2025: Version 2.2.0
Tue Dec 16 13:06:45 2025: Dispatch Server: Accepted socket connection from client
Tue Dec 16 13:06:45 2025: Starting Socket connection
Tue Dec 16 13:06:45 2025: EXCHANGE_TOKEN received, server token: 272cc32f-3cfc-4dac-9841-4138cb6ebb39, passed token: 272cc32f-3cfc-4dac-9841-4138cb6ebb39
Tue Dec 16 13:06:45 2025: DISPATCH_HANDLER: Adding handler from function makeHandler in library libxv_system_diagram failed with exception: Could not dynamically load libxv_system_diagram.so
Tue Dec 16 13:06:45 2025: SESSION_MGR: creating session with session uuid: 'd734dcec-29a9-4de2-abc4-a7ffe2bf4023' and name 'vitis-run_compile_transformer_top'
Tue Dec 16 13:06:45 2025: KERNEL_SVC: creating session with uuid: 'd734dcec-29a9-4de2-abc4-a7ffe2bf4023' and name 'vitis-run_compile_transformer_top'
Tue Dec 16 13:06:45 2025: GUIDANCE_SMGR: creating guidance session with uuid: 'd734dcec-29a9-4de2-abc4-a7ffe2bf4023' and name 'vitis-run_compile_transformer_top'
Tue Dec 16 13:06:49 2025: Dispatch Server: Accepted socket connection from client
Tue Dec 16 13:06:49 2025: Starting Socket connection
Tue Dec 16 13:06:49 2025: SESSION_MGR: closing session for UUID 'd734dcec-29a9-4de2-abc4-a7ffe2bf4023' with name 'vitis-run_compile_transformer_top'
Tue Dec 16 13:06:49 2025: KERNEL_SVC: closing session for UUID 'd734dcec-29a9-4de2-abc4-a7ffe2bf4023' with name 'vitis-run_compile_transformer_top'
Tue Dec 16 13:06:49 2025: GUIDANCE_SMGR: closing session for UUID 'd734dcec-29a9-4de2-abc4-a7ffe2bf4023' with name 'vitis-run_compile_transformer_top'
Tue Dec 16 13:06:49 2025: STOP_SERVER received, server token: 272cc32f-3cfc-4dac-9841-4138cb6ebb39, passed token: 272cc32f-3cfc-4dac-9841-4138cb6ebb39
Tue Dec 16 13:06:49 2025: Socket received request to stop server.
Tue Dec 16 13:06:49 2025: Dispatch Server: do_await_stop
Tue Dec 16 13:06:49 2025: Dispatch Server: stopping mainFifo_
Tue Dec 16 13:06:49 2025: XCD main fifo: Stopping
Tue Dec 16 13:06:49 2025: XCD main fifo: do_read error code: Operation canceled
Tue Dec 16 13:06:49 2025: XCD main fifo: bytes_transferred: 0
Tue Dec 16 13:06:49 2025: SERVER: destructor for server bound to port 42259
Tue Dec 16 13:06:49 2025: XCD main fifo: Good unlink of /tmp/xcdmain272cc32f-3cfc-4dac-9841-4138cb6ebb39
Tue Dec 16 13:06:49 2025: Server exiting with status 0.
Tue Dec 16 13:06:49 2025: Closing log file.
Tue Dec 16 13:13:49 2025: Running xcd server. This server was built by gradle.
Tue Dec 16 13:13:49 2025: Server was asked to start on port: '38477'
Tue Dec 16 13:13:49 2025: Server is using token UUID: 'b76874bb-6780-44b8-9dc2-125e69758626'
Tue Dec 16 13:13:49 2025: SESSION_MGR: creating session with session uuid: '6d04a3e9-ade5-4ab9-8d63-1f78fcd2ec76' and name 'default'
Tue Dec 16 13:13:49 2025: Attempting to start server on port '38477'
Tue Dec 16 13:13:49 2025: XCD main fifo: created main fifo '/tmp/xcdmainb76874bb-6780-44b8-9dc2-125e69758626', fd read = 12
Tue Dec 16 13:13:49 2025: Running Dispatch Server
Tue Dec 16 13:13:49 2025: Version 2.2.0
Tue Dec 16 13:13:50 2025: Dispatch Server: Accepted socket connection from client
Tue Dec 16 13:13:50 2025: Starting Socket connection
Tue Dec 16 13:13:50 2025: EXCHANGE_TOKEN received, server token: b76874bb-6780-44b8-9dc2-125e69758626, passed token: b76874bb-6780-44b8-9dc2-125e69758626
Tue Dec 16 13:13:50 2025: DISPATCH_HANDLER: Adding handler from function makeHandler in library libxv_system_diagram failed with exception: Could not dynamically load libxv_system_diagram.so
Tue Dec 16 13:13:50 2025: SESSION_MGR: creating session with session uuid: 'c7a3afa7-c826-4426-a878-9a61997c6da3' and name 'vitis-run_compile_transformer_top'
Tue Dec 16 13:13:50 2025: KERNEL_SVC: creating session with uuid: 'c7a3afa7-c826-4426-a878-9a61997c6da3' and name 'vitis-run_compile_transformer_top'
Tue Dec 16 13:13:50 2025: GUIDANCE_SMGR: creating guidance session with uuid: 'c7a3afa7-c826-4426-a878-9a61997c6da3' and name 'vitis-run_compile_transformer_top'
Tue Dec 16 13:13:54 2025: Dispatch Server: Accepted socket connection from client
Tue Dec 16 13:13:54 2025: Starting Socket connection
Tue Dec 16 13:13:55 2025: SESSION_MGR: closing session for UUID 'c7a3afa7-c826-4426-a878-9a61997c6da3' with name 'vitis-run_compile_transformer_top'
Tue Dec 16 13:13:55 2025: KERNEL_SVC: closing session for UUID 'c7a3afa7-c826-4426-a878-9a61997c6da3' with name 'vitis-run_compile_transformer_top'
Tue Dec 16 13:13:55 2025: GUIDANCE_SMGR: closing session for UUID 'c7a3afa7-c826-4426-a878-9a61997c6da3' with name 'vitis-run_compile_transformer_top'
Tue Dec 16 13:13:55 2025: STOP_SERVER received, server token: b76874bb-6780-44b8-9dc2-125e69758626, passed token: b76874bb-6780-44b8-9dc2-125e69758626
Tue Dec 16 13:13:55 2025: Socket received request to stop server.
Tue Dec 16 13:13:55 2025: Dispatch Server: do_await_stop
Tue Dec 16 13:13:55 2025: Dispatch Server: stopping mainFifo_
Tue Dec 16 13:13:55 2025: XCD main fifo: Stopping
Tue Dec 16 13:13:55 2025: XCD main fifo: do_read error code: Operation canceled
Tue Dec 16 13:13:55 2025: XCD main fifo: bytes_transferred: 0
Tue Dec 16 13:13:55 2025: SERVER: destructor for server bound to port 38477
Tue Dec 16 13:13:55 2025: XCD main fifo: Good unlink of /tmp/xcdmainb76874bb-6780-44b8-9dc2-125e69758626
Tue Dec 16 13:13:55 2025: Server exiting with status 0.
Tue Dec 16 13:13:55 2025: Closing log file.
Tue Dec 16 13:17:41 2025: Running xcd server. This server was built by gradle.
Tue Dec 16 13:17:41 2025: Server was asked to start on port: '42699'
Tue Dec 16 13:17:41 2025: Server is using token UUID: '3a602e38-35e8-48ba-a279-360b910aac85'
Tue Dec 16 13:17:41 2025: SESSION_MGR: creating session with session uuid: '6d04a3e9-ade5-4ab9-8d63-1f78fcd2ec76' and name 'default'
Tue Dec 16 13:17:41 2025: Attempting to start server on port '42699'
Tue Dec 16 13:17:41 2025: XCD main fifo: created main fifo '/tmp/xcdmain3a602e38-35e8-48ba-a279-360b910aac85', fd read = 12
Tue Dec 16 13:17:41 2025: Running Dispatch Server
Tue Dec 16 13:17:41 2025: Version 2.2.0
Tue Dec 16 13:17:42 2025: Dispatch Server: Accepted socket connection from client
Tue Dec 16 13:17:42 2025: Starting Socket connection
Tue Dec 16 13:17:42 2025: EXCHANGE_TOKEN received, server token: 3a602e38-35e8-48ba-a279-360b910aac85, passed token: 3a602e38-35e8-48ba-a279-360b910aac85
Tue Dec 16 13:17:42 2025: DISPATCH_HANDLER: Adding handler from function makeHandler in library libxv_system_diagram failed with exception: Could not dynamically load libxv_system_diagram.so
Tue Dec 16 13:17:42 2025: SESSION_MGR: creating session with session uuid: 'c68ec6be-e972-4cc5-a358-28976944986a' and name 'vitis-run_compile_transformer_top'
Tue Dec 16 13:17:42 2025: KERNEL_SVC: creating session with uuid: 'c68ec6be-e972-4cc5-a358-28976944986a' and name 'vitis-run_compile_transformer_top'
Tue Dec 16 13:17:42 2025: GUIDANCE_SMGR: creating guidance session with uuid: 'c68ec6be-e972-4cc5-a358-28976944986a' and name 'vitis-run_compile_transformer_top'
Tue Dec 16 13:17:46 2025: Dispatch Server: Accepted socket connection from client
Tue Dec 16 13:17:46 2025: Starting Socket connection
Tue Dec 16 13:17:47 2025: SESSION_MGR: closing session for UUID 'c68ec6be-e972-4cc5-a358-28976944986a' with name 'vitis-run_compile_transformer_top'
Tue Dec 16 13:17:47 2025: KERNEL_SVC: closing session for UUID 'c68ec6be-e972-4cc5-a358-28976944986a' with name 'vitis-run_compile_transformer_top'
Tue Dec 16 13:17:47 2025: GUIDANCE_SMGR: closing session for UUID 'c68ec6be-e972-4cc5-a358-28976944986a' with name 'vitis-run_compile_transformer_top'
Tue Dec 16 13:17:47 2025: STOP_SERVER received, server token: 3a602e38-35e8-48ba-a279-360b910aac85, passed token: 3a602e38-35e8-48ba-a279-360b910aac85
Tue Dec 16 13:17:47 2025: Socket received request to stop server.
Tue Dec 16 13:17:47 2025: Dispatch Server: do_await_stop
Tue Dec 16 13:17:47 2025: Dispatch Server: stopping mainFifo_
Tue Dec 16 13:17:47 2025: XCD main fifo: Stopping
Tue Dec 16 13:17:47 2025: XCD main fifo: do_read error code: Operation canceled
Tue Dec 16 13:17:47 2025: XCD main fifo: bytes_transferred: 0
Tue Dec 16 13:17:47 2025: SERVER: destructor for server bound to port 42699
Tue Dec 16 13:17:47 2025: XCD main fifo: Good unlink of /tmp/xcdmain3a602e38-35e8-48ba-a279-360b910aac85
Tue Dec 16 13:17:47 2025: Server exiting with status 0.
Tue Dec 16 13:17:47 2025: Closing log file.
Tue Dec 16 13:17:55 2025: Running xcd server. This server was built by gradle.
Tue Dec 16 13:17:55 2025: Server was asked to start on port: '44193'
Tue Dec 16 13:17:55 2025: Server is using token UUID: '6f2577c6-a701-4ebb-8ddc-c9da2b0c326b'
Tue Dec 16 13:17:55 2025: SESSION_MGR: creating session with session uuid: '6d04a3e9-ade5-4ab9-8d63-1f78fcd2ec76' and name 'default'
Tue Dec 16 13:17:55 2025: Attempting to start server on port '44193'
Tue Dec 16 13:17:55 2025: XCD main fifo: created main fifo '/tmp/xcdmain6f2577c6-a701-4ebb-8ddc-c9da2b0c326b', fd read = 12
Tue Dec 16 13:17:55 2025: Running Dispatch Server
Tue Dec 16 13:17:55 2025: Version 2.2.0
Tue Dec 16 13:17:56 2025: Dispatch Server: Accepted socket connection from client
Tue Dec 16 13:17:56 2025: Starting Socket connection
Tue Dec 16 13:17:56 2025: EXCHANGE_TOKEN received, server token: 6f2577c6-a701-4ebb-8ddc-c9da2b0c326b, passed token: 6f2577c6-a701-4ebb-8ddc-c9da2b0c326b
Tue Dec 16 13:17:56 2025: DISPATCH_HANDLER: Adding handler from function makeHandler in library libxv_system_diagram failed with exception: Could not dynamically load libxv_system_diagram.so
Tue Dec 16 13:17:56 2025: SESSION_MGR: creating session with session uuid: '3e8db0dd-e1ae-4f2c-aaf8-cea44161f9ef' and name 'vitis-run_compile_transformer_top'
Tue Dec 16 13:17:56 2025: KERNEL_SVC: creating session with uuid: '3e8db0dd-e1ae-4f2c-aaf8-cea44161f9ef' and name 'vitis-run_compile_transformer_top'
Tue Dec 16 13:17:56 2025: GUIDANCE_SMGR: creating guidance session with uuid: '3e8db0dd-e1ae-4f2c-aaf8-cea44161f9ef' and name 'vitis-run_compile_transformer_top'
Tue Dec 16 13:18:00 2025: Dispatch Server: Accepted socket connection from client
Tue Dec 16 13:18:00 2025: Starting Socket connection
Tue Dec 16 13:18:01 2025: SESSION_MGR: closing session for UUID '3e8db0dd-e1ae-4f2c-aaf8-cea44161f9ef' with name 'vitis-run_compile_transformer_top'
Tue Dec 16 13:18:01 2025: KERNEL_SVC: closing session for UUID '3e8db0dd-e1ae-4f2c-aaf8-cea44161f9ef' with name 'vitis-run_compile_transformer_top'
Tue Dec 16 13:18:01 2025: GUIDANCE_SMGR: closing session for UUID '3e8db0dd-e1ae-4f2c-aaf8-cea44161f9ef' with name 'vitis-run_compile_transformer_top'
Tue Dec 16 13:18:01 2025: STOP_SERVER received, server token: 6f2577c6-a701-4ebb-8ddc-c9da2b0c326b, passed token: 6f2577c6-a701-4ebb-8ddc-c9da2b0c326b
Tue Dec 16 13:18:01 2025: Socket received request to stop server.
Tue Dec 16 13:18:01 2025: Dispatch Server: do_await_stop
Tue Dec 16 13:18:01 2025: Dispatch Server: stopping mainFifo_
Tue Dec 16 13:18:01 2025: XCD main fifo: Stopping
Tue Dec 16 13:18:01 2025: XCD main fifo: do_read error code: Operation canceled
Tue Dec 16 13:18:01 2025: XCD main fifo: bytes_transferred: 0
Tue Dec 16 13:18:01 2025: SERVER: destructor for server bound to port 44193
Tue Dec 16 13:18:01 2025: XCD main fifo: Good unlink of /tmp/xcdmain6f2577c6-a701-4ebb-8ddc-c9da2b0c326b
Tue Dec 16 13:18:01 2025: Server exiting with status 0.
Tue Dec 16 13:18:01 2025: Closing log file.
Tue Dec 16 13:20:27 2025: Running xcd server. This server was built by gradle.
Tue Dec 16 13:20:27 2025: Server was asked to start on port: '34767'
Tue Dec 16 13:20:27 2025: Server is using token UUID: '7c44aff0-869a-4d42-a78c-18c2f5a94346'
Tue Dec 16 13:20:27 2025: SESSION_MGR: creating session with session uuid: '6d04a3e9-ade5-4ab9-8d63-1f78fcd2ec76' and name 'default'
Tue Dec 16 13:20:27 2025: Attempting to start server on port '34767'
Tue Dec 16 13:20:27 2025: XCD main fifo: created main fifo '/tmp/xcdmain7c44aff0-869a-4d42-a78c-18c2f5a94346', fd read = 12
Tue Dec 16 13:20:27 2025: Running Dispatch Server
Tue Dec 16 13:20:27 2025: Version 2.2.0
Tue Dec 16 13:20:28 2025: Dispatch Server: Accepted socket connection from client
Tue Dec 16 13:20:28 2025: Starting Socket connection
Tue Dec 16 13:20:28 2025: EXCHANGE_TOKEN received, server token: 7c44aff0-869a-4d42-a78c-18c2f5a94346, passed token: 7c44aff0-869a-4d42-a78c-18c2f5a94346
Tue Dec 16 13:20:28 2025: DISPATCH_HANDLER: Adding handler from function makeHandler in library libxv_system_diagram failed with exception: Could not dynamically load libxv_system_diagram.so
Tue Dec 16 13:20:28 2025: SESSION_MGR: creating session with session uuid: 'abf1d072-1192-4105-b554-adf23cc27131' and name 'vitis-run_compile_transformer_top'
Tue Dec 16 13:20:28 2025: KERNEL_SVC: creating session with uuid: 'abf1d072-1192-4105-b554-adf23cc27131' and name 'vitis-run_compile_transformer_top'
Tue Dec 16 13:20:28 2025: GUIDANCE_SMGR: creating guidance session with uuid: 'abf1d072-1192-4105-b554-adf23cc27131' and name 'vitis-run_compile_transformer_top'
Tue Dec 16 13:20:32 2025: Dispatch Server: Accepted socket connection from client
Tue Dec 16 13:20:32 2025: Starting Socket connection
Tue Dec 16 13:20:33 2025: SESSION_MGR: closing session for UUID 'abf1d072-1192-4105-b554-adf23cc27131' with name 'vitis-run_compile_transformer_top'
Tue Dec 16 13:20:33 2025: KERNEL_SVC: closing session for UUID 'abf1d072-1192-4105-b554-adf23cc27131' with name 'vitis-run_compile_transformer_top'
Tue Dec 16 13:20:33 2025: GUIDANCE_SMGR: closing session for UUID 'abf1d072-1192-4105-b554-adf23cc27131' with name 'vitis-run_compile_transformer_top'
Tue Dec 16 13:20:33 2025: STOP_SERVER received, server token: 7c44aff0-869a-4d42-a78c-18c2f5a94346, passed token: 7c44aff0-869a-4d42-a78c-18c2f5a94346
Tue Dec 16 13:20:33 2025: Socket received request to stop server.
Tue Dec 16 13:20:33 2025: Dispatch Server: do_await_stop
Tue Dec 16 13:20:33 2025: Dispatch Server: stopping mainFifo_
Tue Dec 16 13:20:33 2025: XCD main fifo: Stopping
Tue Dec 16 13:20:33 2025: XCD main fifo: do_read error code: Operation canceled
Tue Dec 16 13:20:33 2025: XCD main fifo: bytes_transferred: 0
Tue Dec 16 13:20:33 2025: SERVER: destructor for server bound to port 34767
Tue Dec 16 13:20:33 2025: XCD main fifo: Good unlink of /tmp/xcdmain7c44aff0-869a-4d42-a78c-18c2f5a94346
Tue Dec 16 13:20:33 2025: Server exiting with status 0.
Tue Dec 16 13:20:33 2025: Closing log file.
Tue Dec 16 13:30:10 2025: Running xcd server. This server was built by gradle.
Tue Dec 16 13:30:10 2025: Server was asked to start on port: '46535'
Tue Dec 16 13:30:10 2025: Server is using token UUID: 'ce2b9c8d-a00b-4aca-a949-cbfc95e1ce95'
Tue Dec 16 13:30:10 2025: SESSION_MGR: creating session with session uuid: '6d04a3e9-ade5-4ab9-8d63-1f78fcd2ec76' and name 'default'
Tue Dec 16 13:30:10 2025: Attempting to start server on port '46535'
Tue Dec 16 13:30:10 2025: XCD main fifo: created main fifo '/tmp/xcdmaince2b9c8d-a00b-4aca-a949-cbfc95e1ce95', fd read = 12
Tue Dec 16 13:30:10 2025: Running Dispatch Server
Tue Dec 16 13:30:10 2025: Version 2.2.0
Tue Dec 16 13:30:11 2025: Dispatch Server: Accepted socket connection from client
Tue Dec 16 13:30:11 2025: Starting Socket connection
Tue Dec 16 13:30:11 2025: EXCHANGE_TOKEN received, server token: ce2b9c8d-a00b-4aca-a949-cbfc95e1ce95, passed token: ce2b9c8d-a00b-4aca-a949-cbfc95e1ce95
Tue Dec 16 13:30:11 2025: DISPATCH_HANDLER: Adding handler from function makeHandler in library libxv_system_diagram failed with exception: Could not dynamically load libxv_system_diagram.so
Tue Dec 16 13:30:11 2025: SESSION_MGR: creating session with session uuid: 'c7db0392-b7e3-4823-b704-43921bc41247' and name 'vitis-run_compile_transformer_top'
Tue Dec 16 13:30:11 2025: KERNEL_SVC: creating session with uuid: 'c7db0392-b7e3-4823-b704-43921bc41247' and name 'vitis-run_compile_transformer_top'
Tue Dec 16 13:30:11 2025: GUIDANCE_SMGR: creating guidance session with uuid: 'c7db0392-b7e3-4823-b704-43921bc41247' and name 'vitis-run_compile_transformer_top'
Tue Dec 16 13:30:15 2025: Dispatch Server: Accepted socket connection from client
Tue Dec 16 13:30:15 2025: Starting Socket connection
Tue Dec 16 13:30:16 2025: SESSION_MGR: closing session for UUID 'c7db0392-b7e3-4823-b704-43921bc41247' with name 'vitis-run_compile_transformer_top'
Tue Dec 16 13:30:16 2025: KERNEL_SVC: closing session for UUID 'c7db0392-b7e3-4823-b704-43921bc41247' with name 'vitis-run_compile_transformer_top'
Tue Dec 16 13:30:16 2025: GUIDANCE_SMGR: closing session for UUID 'c7db0392-b7e3-4823-b704-43921bc41247' with name 'vitis-run_compile_transformer_top'
Tue Dec 16 13:30:16 2025: STOP_SERVER received, server token: ce2b9c8d-a00b-4aca-a949-cbfc95e1ce95, passed token: ce2b9c8d-a00b-4aca-a949-cbfc95e1ce95
Tue Dec 16 13:30:16 2025: Socket received request to stop server.
Tue Dec 16 13:30:16 2025: Dispatch Server: do_await_stop
Tue Dec 16 13:30:16 2025: Dispatch Server: stopping mainFifo_
Tue Dec 16 13:30:16 2025: XCD main fifo: Stopping
Tue Dec 16 13:30:16 2025: XCD main fifo: do_read error code: Operation canceled
Tue Dec 16 13:30:16 2025: XCD main fifo: bytes_transferred: 0
Tue Dec 16 13:30:16 2025: SERVER: destructor for server bound to port 46535
Tue Dec 16 13:30:16 2025: XCD main fifo: Good unlink of /tmp/xcdmaince2b9c8d-a00b-4aca-a949-cbfc95e1ce95
Tue Dec 16 13:30:16 2025: Server exiting with status 0.
Tue Dec 16 13:30:16 2025: Closing log file.
Tue Dec 16 13:30:49 2025: Running xcd server. This server was built by gradle.
Tue Dec 16 13:30:49 2025: Server was asked to start on port: '36715'
Tue Dec 16 13:30:49 2025: Server is using token UUID: '9750525b-cbd2-49ba-880c-722513a22c9d'
Tue Dec 16 13:30:49 2025: SESSION_MGR: creating session with session uuid: '6d04a3e9-ade5-4ab9-8d63-1f78fcd2ec76' and name 'default'
Tue Dec 16 13:30:49 2025: Attempting to start server on port '36715'
Tue Dec 16 13:30:49 2025: XCD main fifo: created main fifo '/tmp/xcdmain9750525b-cbd2-49ba-880c-722513a22c9d', fd read = 12
Tue Dec 16 13:30:49 2025: Running Dispatch Server
Tue Dec 16 13:30:49 2025: Version 2.2.0
Tue Dec 16 13:30:51 2025: Dispatch Server: Accepted socket connection from client
Tue Dec 16 13:30:51 2025: Starting Socket connection
Tue Dec 16 13:30:51 2025: EXCHANGE_TOKEN received, server token: 9750525b-cbd2-49ba-880c-722513a22c9d, passed token: 9750525b-cbd2-49ba-880c-722513a22c9d
Tue Dec 16 13:30:51 2025: DISPATCH_HANDLER: Adding handler from function makeHandler in library libxv_system_diagram failed with exception: Could not dynamically load libxv_system_diagram.so
Tue Dec 16 13:30:51 2025: SESSION_MGR: creating session with session uuid: 'dfdd69cb-39e0-4f78-8a7a-66c21d0d5c8b' and name 'vitis-run_compile_transformer_top'
Tue Dec 16 13:30:51 2025: KERNEL_SVC: creating session with uuid: 'dfdd69cb-39e0-4f78-8a7a-66c21d0d5c8b' and name 'vitis-run_compile_transformer_top'
Tue Dec 16 13:30:51 2025: GUIDANCE_SMGR: creating guidance session with uuid: 'dfdd69cb-39e0-4f78-8a7a-66c21d0d5c8b' and name 'vitis-run_compile_transformer_top'
Tue Dec 16 13:30:55 2025: Dispatch Server: Accepted socket connection from client
Tue Dec 16 13:30:55 2025: Starting Socket connection
Tue Dec 16 13:30:56 2025: SESSION_MGR: closing session for UUID 'dfdd69cb-39e0-4f78-8a7a-66c21d0d5c8b' with name 'vitis-run_compile_transformer_top'
Tue Dec 16 13:30:56 2025: KERNEL_SVC: closing session for UUID 'dfdd69cb-39e0-4f78-8a7a-66c21d0d5c8b' with name 'vitis-run_compile_transformer_top'
Tue Dec 16 13:30:56 2025: GUIDANCE_SMGR: closing session for UUID 'dfdd69cb-39e0-4f78-8a7a-66c21d0d5c8b' with name 'vitis-run_compile_transformer_top'
Tue Dec 16 13:30:56 2025: STOP_SERVER received, server token: 9750525b-cbd2-49ba-880c-722513a22c9d, passed token: 9750525b-cbd2-49ba-880c-722513a22c9d
Tue Dec 16 13:30:56 2025: Socket received request to stop server.
Tue Dec 16 13:30:56 2025: Dispatch Server: do_await_stop
Tue Dec 16 13:30:56 2025: Dispatch Server: stopping mainFifo_
Tue Dec 16 13:30:56 2025: XCD main fifo: Stopping
Tue Dec 16 13:30:56 2025: XCD main fifo: do_read error code: Operation canceled
Tue Dec 16 13:30:56 2025: XCD main fifo: bytes_transferred: 0
Tue Dec 16 13:30:56 2025: SERVER: destructor for server bound to port 36715
Tue Dec 16 13:30:56 2025: XCD main fifo: Good unlink of /tmp/xcdmain9750525b-cbd2-49ba-880c-722513a22c9d
Tue Dec 16 13:30:56 2025: Server exiting with status 0.
Tue Dec 16 13:30:56 2025: Closing log file.
Tue Dec 16 13:36:02 2025: Running xcd server. This server was built by gradle.
Tue Dec 16 13:36:02 2025: Server was asked to start on port: '38491'
Tue Dec 16 13:36:02 2025: Server is using token UUID: '91caaf33-3989-4ed7-a6d1-85e2394b7984'
Tue Dec 16 13:36:02 2025: SESSION_MGR: creating session with session uuid: '6d04a3e9-ade5-4ab9-8d63-1f78fcd2ec76' and name 'default'
Tue Dec 16 13:36:02 2025: Attempting to start server on port '38491'
Tue Dec 16 13:36:02 2025: XCD main fifo: created main fifo '/tmp/xcdmain91caaf33-3989-4ed7-a6d1-85e2394b7984', fd read = 12
Tue Dec 16 13:36:02 2025: Running Dispatch Server
Tue Dec 16 13:36:02 2025: Version 2.2.0
Tue Dec 16 13:36:03 2025: Dispatch Server: Accepted socket connection from client
Tue Dec 16 13:36:03 2025: Starting Socket connection
Tue Dec 16 13:36:03 2025: EXCHANGE_TOKEN received, server token: 91caaf33-3989-4ed7-a6d1-85e2394b7984, passed token: 91caaf33-3989-4ed7-a6d1-85e2394b7984
Tue Dec 16 13:36:03 2025: DISPATCH_HANDLER: Adding handler from function makeHandler in library libxv_system_diagram failed with exception: Could not dynamically load libxv_system_diagram.so
Tue Dec 16 13:36:03 2025: SESSION_MGR: creating session with session uuid: '05031b79-17ab-4cda-b249-835c7563d4c0' and name 'vitis-run_compile_transformer_top'
Tue Dec 16 13:36:03 2025: KERNEL_SVC: creating session with uuid: '05031b79-17ab-4cda-b249-835c7563d4c0' and name 'vitis-run_compile_transformer_top'
Tue Dec 16 13:36:03 2025: GUIDANCE_SMGR: creating guidance session with uuid: '05031b79-17ab-4cda-b249-835c7563d4c0' and name 'vitis-run_compile_transformer_top'
Tue Dec 16 13:36:07 2025: Dispatch Server: Accepted socket connection from client
Tue Dec 16 13:36:07 2025: Starting Socket connection
Tue Dec 16 13:36:08 2025: SESSION_MGR: closing session for UUID '05031b79-17ab-4cda-b249-835c7563d4c0' with name 'vitis-run_compile_transformer_top'
Tue Dec 16 13:36:08 2025: KERNEL_SVC: closing session for UUID '05031b79-17ab-4cda-b249-835c7563d4c0' with name 'vitis-run_compile_transformer_top'
Tue Dec 16 13:36:08 2025: GUIDANCE_SMGR: closing session for UUID '05031b79-17ab-4cda-b249-835c7563d4c0' with name 'vitis-run_compile_transformer_top'
Tue Dec 16 13:36:08 2025: STOP_SERVER received, server token: 91caaf33-3989-4ed7-a6d1-85e2394b7984, passed token: 91caaf33-3989-4ed7-a6d1-85e2394b7984
Tue Dec 16 13:36:08 2025: Socket received request to stop server.
Tue Dec 16 13:36:08 2025: Dispatch Server: do_await_stop
Tue Dec 16 13:36:08 2025: Dispatch Server: stopping mainFifo_
Tue Dec 16 13:36:08 2025: XCD main fifo: Stopping
Tue Dec 16 13:36:08 2025: XCD main fifo: do_read error code: Operation canceled
Tue Dec 16 13:36:08 2025: XCD main fifo: bytes_transferred: 0
Tue Dec 16 13:36:08 2025: SERVER: destructor for server bound to port 38491
Tue Dec 16 13:36:08 2025: XCD main fifo: Good unlink of /tmp/xcdmain91caaf33-3989-4ed7-a6d1-85e2394b7984
Tue Dec 16 13:36:08 2025: Server exiting with status 0.
Tue Dec 16 13:36:08 2025: Closing log file.
Tue Dec 16 13:39:53 2025: Running xcd server. This server was built by gradle.
Tue Dec 16 13:39:53 2025: Server was asked to start on port: '36367'
Tue Dec 16 13:39:53 2025: Server is using token UUID: '9227d66b-6877-4416-b07a-3ea8f6e3c290'
Tue Dec 16 13:39:53 2025: SESSION_MGR: creating session with session uuid: '6d04a3e9-ade5-4ab9-8d63-1f78fcd2ec76' and name 'default'
Tue Dec 16 13:39:53 2025: Attempting to start server on port '36367'
Tue Dec 16 13:39:53 2025: XCD main fifo: created main fifo '/tmp/xcdmain9227d66b-6877-4416-b07a-3ea8f6e3c290', fd read = 12
Tue Dec 16 13:39:53 2025: Running Dispatch Server
Tue Dec 16 13:39:53 2025: Version 2.2.0
Tue Dec 16 13:39:55 2025: Dispatch Server: Accepted socket connection from client
Tue Dec 16 13:39:55 2025: Starting Socket connection
Tue Dec 16 13:39:55 2025: EXCHANGE_TOKEN received, server token: 9227d66b-6877-4416-b07a-3ea8f6e3c290, passed token: 9227d66b-6877-4416-b07a-3ea8f6e3c290
Tue Dec 16 13:39:55 2025: DISPATCH_HANDLER: Adding handler from function makeHandler in library libxv_system_diagram failed with exception: Could not dynamically load libxv_system_diagram.so
Tue Dec 16 13:39:55 2025: SESSION_MGR: creating session with session uuid: 'cb1d17ee-7ea6-4b99-a1cf-2ca08c13f48a' and name 'vitis-run_compile_transformer_top'
Tue Dec 16 13:39:55 2025: KERNEL_SVC: creating session with uuid: 'cb1d17ee-7ea6-4b99-a1cf-2ca08c13f48a' and name 'vitis-run_compile_transformer_top'
Tue Dec 16 13:39:55 2025: GUIDANCE_SMGR: creating guidance session with uuid: 'cb1d17ee-7ea6-4b99-a1cf-2ca08c13f48a' and name 'vitis-run_compile_transformer_top'
Tue Dec 16 13:39:58 2025: Dispatch Server: Accepted socket connection from client
Tue Dec 16 13:39:58 2025: Starting Socket connection
Tue Dec 16 13:39:59 2025: SESSION_MGR: closing session for UUID 'cb1d17ee-7ea6-4b99-a1cf-2ca08c13f48a' with name 'vitis-run_compile_transformer_top'
Tue Dec 16 13:39:59 2025: KERNEL_SVC: closing session for UUID 'cb1d17ee-7ea6-4b99-a1cf-2ca08c13f48a' with name 'vitis-run_compile_transformer_top'
Tue Dec 16 13:39:59 2025: GUIDANCE_SMGR: closing session for UUID 'cb1d17ee-7ea6-4b99-a1cf-2ca08c13f48a' with name 'vitis-run_compile_transformer_top'
Tue Dec 16 13:39:59 2025: STOP_SERVER received, server token: 9227d66b-6877-4416-b07a-3ea8f6e3c290, passed token: 9227d66b-6877-4416-b07a-3ea8f6e3c290
Tue Dec 16 13:39:59 2025: Socket received request to stop server.
Tue Dec 16 13:39:59 2025: Dispatch Server: do_await_stop
Tue Dec 16 13:39:59 2025: Dispatch Server: stopping mainFifo_
Tue Dec 16 13:39:59 2025: XCD main fifo: Stopping
Tue Dec 16 13:39:59 2025: XCD main fifo: do_read error code: Operation canceled
Tue Dec 16 13:39:59 2025: XCD main fifo: bytes_transferred: 0
Tue Dec 16 13:39:59 2025: SERVER: destructor for server bound to port 36367
Tue Dec 16 13:39:59 2025: XCD main fifo: Good unlink of /tmp/xcdmain9227d66b-6877-4416-b07a-3ea8f6e3c290
Tue Dec 16 13:39:59 2025: Server exiting with status 0.
Tue Dec 16 13:39:59 2025: Closing log file.
Tue Dec 16 13:40:49 2025: Running xcd server. This server was built by gradle.
Tue Dec 16 13:40:49 2025: Server was asked to start on port: '34273'
Tue Dec 16 13:40:49 2025: Server is using token UUID: 'd7cad501-c482-48a5-87cb-90e6d87adc38'
Tue Dec 16 13:40:49 2025: SESSION_MGR: creating session with session uuid: '6d04a3e9-ade5-4ab9-8d63-1f78fcd2ec76' and name 'default'
Tue Dec 16 13:40:49 2025: Attempting to start server on port '34273'
Tue Dec 16 13:40:49 2025: XCD main fifo: created main fifo '/tmp/xcdmaind7cad501-c482-48a5-87cb-90e6d87adc38', fd read = 12
Tue Dec 16 13:40:49 2025: Running Dispatch Server
Tue Dec 16 13:40:49 2025: Version 2.2.0
Tue Dec 16 13:40:50 2025: Dispatch Server: Accepted socket connection from client
Tue Dec 16 13:40:50 2025: Starting Socket connection
Tue Dec 16 13:40:50 2025: EXCHANGE_TOKEN received, server token: d7cad501-c482-48a5-87cb-90e6d87adc38, passed token: d7cad501-c482-48a5-87cb-90e6d87adc38
Tue Dec 16 13:40:50 2025: DISPATCH_HANDLER: Adding handler from function makeHandler in library libxv_system_diagram failed with exception: Could not dynamically load libxv_system_diagram.so
Tue Dec 16 13:40:50 2025: SESSION_MGR: creating session with session uuid: '777ef78a-587f-4835-8c35-052730c69924' and name 'vitis-run_compile_transformer_top'
Tue Dec 16 13:40:50 2025: KERNEL_SVC: creating session with uuid: '777ef78a-587f-4835-8c35-052730c69924' and name 'vitis-run_compile_transformer_top'
Tue Dec 16 13:40:50 2025: GUIDANCE_SMGR: creating guidance session with uuid: '777ef78a-587f-4835-8c35-052730c69924' and name 'vitis-run_compile_transformer_top'
Tue Dec 16 13:40:54 2025: Dispatch Server: Accepted socket connection from client
Tue Dec 16 13:40:54 2025: Starting Socket connection
Tue Dec 16 13:40:55 2025: SESSION_MGR: closing session for UUID '777ef78a-587f-4835-8c35-052730c69924' with name 'vitis-run_compile_transformer_top'
Tue Dec 16 13:40:55 2025: KERNEL_SVC: closing session for UUID '777ef78a-587f-4835-8c35-052730c69924' with name 'vitis-run_compile_transformer_top'
Tue Dec 16 13:40:55 2025: GUIDANCE_SMGR: closing session for UUID '777ef78a-587f-4835-8c35-052730c69924' with name 'vitis-run_compile_transformer_top'
Tue Dec 16 13:40:55 2025: STOP_SERVER received, server token: d7cad501-c482-48a5-87cb-90e6d87adc38, passed token: d7cad501-c482-48a5-87cb-90e6d87adc38
Tue Dec 16 13:40:55 2025: Socket received request to stop server.
Tue Dec 16 13:40:55 2025: Dispatch Server: do_await_stop
Tue Dec 16 13:40:55 2025: Dispatch Server: stopping mainFifo_
Tue Dec 16 13:40:55 2025: XCD main fifo: Stopping
Tue Dec 16 13:40:55 2025: XCD main fifo: do_read error code: Operation canceled
Tue Dec 16 13:40:55 2025: XCD main fifo: bytes_transferred: 0
Tue Dec 16 13:40:55 2025: SERVER: destructor for server bound to port 34273
Tue Dec 16 13:40:55 2025: XCD main fifo: Good unlink of /tmp/xcdmaind7cad501-c482-48a5-87cb-90e6d87adc38
Tue Dec 16 13:40:55 2025: Server exiting with status 0.
Tue Dec 16 13:40:55 2025: Closing log file.
Tue Dec 16 13:46:03 2025: Running xcd server. This server was built by gradle.
Tue Dec 16 13:46:03 2025: Server was asked to start on port: '38711'
Tue Dec 16 13:46:03 2025: Server is using token UUID: '8a915d45-f1b7-4219-8391-9aa166646fb3'
Tue Dec 16 13:46:03 2025: SESSION_MGR: creating session with session uuid: '6d04a3e9-ade5-4ab9-8d63-1f78fcd2ec76' and name 'default'
Tue Dec 16 13:46:03 2025: Attempting to start server on port '38711'
Tue Dec 16 13:46:03 2025: XCD main fifo: created main fifo '/tmp/xcdmain8a915d45-f1b7-4219-8391-9aa166646fb3', fd read = 12
Tue Dec 16 13:46:03 2025: Running Dispatch Server
Tue Dec 16 13:46:03 2025: Version 2.2.0
Tue Dec 16 13:46:05 2025: Dispatch Server: Accepted socket connection from client
Tue Dec 16 13:46:05 2025: Starting Socket connection
Tue Dec 16 13:46:05 2025: EXCHANGE_TOKEN received, server token: 8a915d45-f1b7-4219-8391-9aa166646fb3, passed token: 8a915d45-f1b7-4219-8391-9aa166646fb3
Tue Dec 16 13:46:05 2025: DISPATCH_HANDLER: Adding handler from function makeHandler in library libxv_system_diagram failed with exception: Could not dynamically load libxv_system_diagram.so
Tue Dec 16 13:46:05 2025: SESSION_MGR: creating session with session uuid: 'c42ad4f7-c26e-4699-832e-4666ffe0ad8b' and name 'vitis-run_compile_transformer_top'
Tue Dec 16 13:46:05 2025: KERNEL_SVC: creating session with uuid: 'c42ad4f7-c26e-4699-832e-4666ffe0ad8b' and name 'vitis-run_compile_transformer_top'
Tue Dec 16 13:46:05 2025: GUIDANCE_SMGR: creating guidance session with uuid: 'c42ad4f7-c26e-4699-832e-4666ffe0ad8b' and name 'vitis-run_compile_transformer_top'
Tue Dec 16 13:46:09 2025: Dispatch Server: Accepted socket connection from client
Tue Dec 16 13:46:09 2025: Starting Socket connection
Tue Dec 16 13:46:09 2025: SESSION_MGR: closing session for UUID 'c42ad4f7-c26e-4699-832e-4666ffe0ad8b' with name 'vitis-run_compile_transformer_top'
Tue Dec 16 13:46:09 2025: KERNEL_SVC: closing session for UUID 'c42ad4f7-c26e-4699-832e-4666ffe0ad8b' with name 'vitis-run_compile_transformer_top'
Tue Dec 16 13:46:09 2025: GUIDANCE_SMGR: closing session for UUID 'c42ad4f7-c26e-4699-832e-4666ffe0ad8b' with name 'vitis-run_compile_transformer_top'
Tue Dec 16 13:46:09 2025: STOP_SERVER received, server token: 8a915d45-f1b7-4219-8391-9aa166646fb3, passed token: 8a915d45-f1b7-4219-8391-9aa166646fb3
Tue Dec 16 13:46:09 2025: Socket received request to stop server.
Tue Dec 16 13:46:09 2025: Dispatch Server: do_await_stop
Tue Dec 16 13:46:09 2025: Dispatch Server: stopping mainFifo_
Tue Dec 16 13:46:09 2025: XCD main fifo: Stopping
Tue Dec 16 13:46:09 2025: XCD main fifo: do_read error code: Operation canceled
Tue Dec 16 13:46:09 2025: XCD main fifo: bytes_transferred: 0
Tue Dec 16 13:46:09 2025: SERVER: destructor for server bound to port 38711
Tue Dec 16 13:46:09 2025: XCD main fifo: Good unlink of /tmp/xcdmain8a915d45-f1b7-4219-8391-9aa166646fb3
Tue Dec 16 13:46:09 2025: Server exiting with status 0.
Tue Dec 16 13:46:09 2025: Closing log file.
Tue Dec 16 13:47:46 2025: Running xcd server. This server was built by gradle.
Tue Dec 16 13:47:46 2025: Server was asked to start on port: '40521'
Tue Dec 16 13:47:46 2025: Server is using token UUID: '2019972a-4b02-4901-9368-52c6ecb5eef9'
Tue Dec 16 13:47:46 2025: SESSION_MGR: creating session with session uuid: '6d04a3e9-ade5-4ab9-8d63-1f78fcd2ec76' and name 'default'
Tue Dec 16 13:47:46 2025: Attempting to start server on port '40521'
Tue Dec 16 13:47:46 2025: XCD main fifo: created main fifo '/tmp/xcdmain2019972a-4b02-4901-9368-52c6ecb5eef9', fd read = 12
Tue Dec 16 13:47:46 2025: Running Dispatch Server
Tue Dec 16 13:47:46 2025: Version 2.2.0
Tue Dec 16 13:47:47 2025: Dispatch Server: Accepted socket connection from client
Tue Dec 16 13:47:47 2025: Starting Socket connection
Tue Dec 16 13:47:47 2025: EXCHANGE_TOKEN received, server token: 2019972a-4b02-4901-9368-52c6ecb5eef9, passed token: 2019972a-4b02-4901-9368-52c6ecb5eef9
Tue Dec 16 13:47:47 2025: DISPATCH_HANDLER: Adding handler from function makeHandler in library libxv_system_diagram failed with exception: Could not dynamically load libxv_system_diagram.so
Tue Dec 16 13:47:47 2025: SESSION_MGR: creating session with session uuid: '684a4dbf-9599-4d45-a2c6-f12029af6471' and name 'vitis-run_compile_transformer_top'
Tue Dec 16 13:47:47 2025: KERNEL_SVC: creating session with uuid: '684a4dbf-9599-4d45-a2c6-f12029af6471' and name 'vitis-run_compile_transformer_top'
Tue Dec 16 13:47:47 2025: GUIDANCE_SMGR: creating guidance session with uuid: '684a4dbf-9599-4d45-a2c6-f12029af6471' and name 'vitis-run_compile_transformer_top'
Tue Dec 16 13:47:51 2025: Dispatch Server: Accepted socket connection from client
Tue Dec 16 13:47:51 2025: Starting Socket connection
Tue Dec 16 13:47:52 2025: SESSION_MGR: closing session for UUID '684a4dbf-9599-4d45-a2c6-f12029af6471' with name 'vitis-run_compile_transformer_top'
Tue Dec 16 13:47:52 2025: KERNEL_SVC: closing session for UUID '684a4dbf-9599-4d45-a2c6-f12029af6471' with name 'vitis-run_compile_transformer_top'
Tue Dec 16 13:47:52 2025: GUIDANCE_SMGR: closing session for UUID '684a4dbf-9599-4d45-a2c6-f12029af6471' with name 'vitis-run_compile_transformer_top'
Tue Dec 16 13:47:52 2025: STOP_SERVER received, server token: 2019972a-4b02-4901-9368-52c6ecb5eef9, passed token: 2019972a-4b02-4901-9368-52c6ecb5eef9
Tue Dec 16 13:47:52 2025: Socket received request to stop server.
Tue Dec 16 13:47:52 2025: Dispatch Server: do_await_stop
Tue Dec 16 13:47:52 2025: Dispatch Server: stopping mainFifo_
Tue Dec 16 13:47:52 2025: XCD main fifo: Stopping
Tue Dec 16 13:47:52 2025: XCD main fifo: do_read error code: Operation canceled
Tue Dec 16 13:47:52 2025: XCD main fifo: bytes_transferred: 0
Tue Dec 16 13:47:52 2025: SERVER: destructor for server bound to port 40521
Tue Dec 16 13:47:52 2025: XCD main fifo: Good unlink of /tmp/xcdmain2019972a-4b02-4901-9368-52c6ecb5eef9
Tue Dec 16 13:47:52 2025: Server exiting with status 0.
Tue Dec 16 13:47:52 2025: Closing log file.
Tue Dec 16 13:51:14 2025: Running xcd server. This server was built by gradle.
Tue Dec 16 13:51:14 2025: Server was asked to start on port: '33825'
Tue Dec 16 13:51:14 2025: Server is using token UUID: '002f7ddc-fd6c-4ad0-9a6f-9aa5d96a15f5'
Tue Dec 16 13:51:14 2025: SESSION_MGR: creating session with session uuid: '6d04a3e9-ade5-4ab9-8d63-1f78fcd2ec76' and name 'default'
Tue Dec 16 13:51:14 2025: Attempting to start server on port '33825'
Tue Dec 16 13:51:14 2025: XCD main fifo: created main fifo '/tmp/xcdmain002f7ddc-fd6c-4ad0-9a6f-9aa5d96a15f5', fd read = 12
Tue Dec 16 13:51:14 2025: Running Dispatch Server
Tue Dec 16 13:51:14 2025: Version 2.2.0
Tue Dec 16 13:51:15 2025: Dispatch Server: Accepted socket connection from client
Tue Dec 16 13:51:15 2025: Starting Socket connection
Tue Dec 16 13:51:15 2025: EXCHANGE_TOKEN received, server token: 002f7ddc-fd6c-4ad0-9a6f-9aa5d96a15f5, passed token: 002f7ddc-fd6c-4ad0-9a6f-9aa5d96a15f5
Tue Dec 16 13:51:15 2025: DISPATCH_HANDLER: Adding handler from function makeHandler in library libxv_system_diagram failed with exception: Could not dynamically load libxv_system_diagram.so
Tue Dec 16 13:51:15 2025: SESSION_MGR: creating session with session uuid: '64614c13-6287-4c86-a8b6-128c9cc3fa59' and name 'vitis-run_compile_transformer_top'
Tue Dec 16 13:51:15 2025: KERNEL_SVC: creating session with uuid: '64614c13-6287-4c86-a8b6-128c9cc3fa59' and name 'vitis-run_compile_transformer_top'
Tue Dec 16 13:51:15 2025: GUIDANCE_SMGR: creating guidance session with uuid: '64614c13-6287-4c86-a8b6-128c9cc3fa59' and name 'vitis-run_compile_transformer_top'
Tue Dec 16 13:51:19 2025: Dispatch Server: Accepted socket connection from client
Tue Dec 16 13:51:19 2025: Starting Socket connection
Tue Dec 16 13:51:20 2025: SESSION_MGR: closing session for UUID '64614c13-6287-4c86-a8b6-128c9cc3fa59' with name 'vitis-run_compile_transformer_top'
Tue Dec 16 13:51:20 2025: KERNEL_SVC: closing session for UUID '64614c13-6287-4c86-a8b6-128c9cc3fa59' with name 'vitis-run_compile_transformer_top'
Tue Dec 16 13:51:20 2025: GUIDANCE_SMGR: closing session for UUID '64614c13-6287-4c86-a8b6-128c9cc3fa59' with name 'vitis-run_compile_transformer_top'
Tue Dec 16 13:51:20 2025: STOP_SERVER received, server token: 002f7ddc-fd6c-4ad0-9a6f-9aa5d96a15f5, passed token: 002f7ddc-fd6c-4ad0-9a6f-9aa5d96a15f5
Tue Dec 16 13:51:20 2025: Socket received request to stop server.
Tue Dec 16 13:51:20 2025: Dispatch Server: do_await_stop
Tue Dec 16 13:51:20 2025: Dispatch Server: stopping mainFifo_
Tue Dec 16 13:51:20 2025: XCD main fifo: Stopping
Tue Dec 16 13:51:20 2025: XCD main fifo: do_read error code: Operation canceled
Tue Dec 16 13:51:20 2025: XCD main fifo: bytes_transferred: 0
Tue Dec 16 13:51:20 2025: SERVER: destructor for server bound to port 33825
Tue Dec 16 13:51:20 2025: XCD main fifo: Good unlink of /tmp/xcdmain002f7ddc-fd6c-4ad0-9a6f-9aa5d96a15f5
Tue Dec 16 13:51:20 2025: Server exiting with status 0.
Tue Dec 16 13:51:20 2025: Closing log file.
Tue Dec 16 13:59:46 2025: Running xcd server. This server was built by gradle.
Tue Dec 16 13:59:46 2025: Server was asked to start on port: '45439'
Tue Dec 16 13:59:46 2025: Server is using token UUID: '7e7c4e26-4a10-47da-aa04-81d2063b2bcc'
Tue Dec 16 13:59:46 2025: SESSION_MGR: creating session with session uuid: '6d04a3e9-ade5-4ab9-8d63-1f78fcd2ec76' and name 'default'
Tue Dec 16 13:59:46 2025: Attempting to start server on port '45439'
Tue Dec 16 13:59:46 2025: XCD main fifo: created main fifo '/tmp/xcdmain7e7c4e26-4a10-47da-aa04-81d2063b2bcc', fd read = 12
Tue Dec 16 13:59:46 2025: Running Dispatch Server
Tue Dec 16 13:59:46 2025: Version 2.2.0
Tue Dec 16 13:59:47 2025: Dispatch Server: Accepted socket connection from client
Tue Dec 16 13:59:47 2025: Starting Socket connection
Tue Dec 16 13:59:47 2025: EXCHANGE_TOKEN received, server token: 7e7c4e26-4a10-47da-aa04-81d2063b2bcc, passed token: 7e7c4e26-4a10-47da-aa04-81d2063b2bcc
Tue Dec 16 13:59:47 2025: DISPATCH_HANDLER: Adding handler from function makeHandler in library libxv_system_diagram failed with exception: Could not dynamically load libxv_system_diagram.so
Tue Dec 16 13:59:47 2025: SESSION_MGR: creating session with session uuid: '2a9689c1-7fa0-4644-b4a9-e2a91c9304ab' and name 'vitis-run_compile_transformer_top'
Tue Dec 16 13:59:47 2025: KERNEL_SVC: creating session with uuid: '2a9689c1-7fa0-4644-b4a9-e2a91c9304ab' and name 'vitis-run_compile_transformer_top'
Tue Dec 16 13:59:47 2025: GUIDANCE_SMGR: creating guidance session with uuid: '2a9689c1-7fa0-4644-b4a9-e2a91c9304ab' and name 'vitis-run_compile_transformer_top'
Tue Dec 16 13:59:51 2025: Dispatch Server: Accepted socket connection from client
Tue Dec 16 13:59:51 2025: Starting Socket connection
Tue Dec 16 13:59:52 2025: SESSION_MGR: closing session for UUID '2a9689c1-7fa0-4644-b4a9-e2a91c9304ab' with name 'vitis-run_compile_transformer_top'
Tue Dec 16 13:59:52 2025: KERNEL_SVC: closing session for UUID '2a9689c1-7fa0-4644-b4a9-e2a91c9304ab' with name 'vitis-run_compile_transformer_top'
Tue Dec 16 13:59:52 2025: GUIDANCE_SMGR: closing session for UUID '2a9689c1-7fa0-4644-b4a9-e2a91c9304ab' with name 'vitis-run_compile_transformer_top'
Tue Dec 16 13:59:52 2025: STOP_SERVER received, server token: 7e7c4e26-4a10-47da-aa04-81d2063b2bcc, passed token: 7e7c4e26-4a10-47da-aa04-81d2063b2bcc
Tue Dec 16 13:59:52 2025: Socket received request to stop server.
Tue Dec 16 13:59:52 2025: Dispatch Server: do_await_stop
Tue Dec 16 13:59:52 2025: Dispatch Server: stopping mainFifo_
Tue Dec 16 13:59:52 2025: XCD main fifo: Stopping
Tue Dec 16 13:59:52 2025: XCD main fifo: do_read error code: Operation canceled
Tue Dec 16 13:59:52 2025: XCD main fifo: bytes_transferred: 0
Tue Dec 16 13:59:52 2025: SERVER: destructor for server bound to port 45439
Tue Dec 16 13:59:52 2025: XCD main fifo: Good unlink of /tmp/xcdmain7e7c4e26-4a10-47da-aa04-81d2063b2bcc
Tue Dec 16 13:59:52 2025: Server exiting with status 0.
Tue Dec 16 13:59:52 2025: Closing log file.
Tue Dec 16 14:12:48 2025: Running xcd server. This server was built by gradle.
Tue Dec 16 14:12:48 2025: Server was asked to start on port: '45349'
Tue Dec 16 14:12:48 2025: Server is using token UUID: '4eda1aa9-4a5d-4c21-a045-35c9f2fb1805'
Tue Dec 16 14:12:48 2025: SESSION_MGR: creating session with session uuid: '6d04a3e9-ade5-4ab9-8d63-1f78fcd2ec76' and name 'default'
Tue Dec 16 14:12:48 2025: Attempting to start server on port '45349'
Tue Dec 16 14:12:48 2025: XCD main fifo: created main fifo '/tmp/xcdmain4eda1aa9-4a5d-4c21-a045-35c9f2fb1805', fd read = 12
Tue Dec 16 14:12:48 2025: Running Dispatch Server
Tue Dec 16 14:12:48 2025: Version 2.2.0
Tue Dec 16 14:12:49 2025: Dispatch Server: Accepted socket connection from client
Tue Dec 16 14:12:49 2025: Starting Socket connection
Tue Dec 16 14:12:49 2025: EXCHANGE_TOKEN received, server token: 4eda1aa9-4a5d-4c21-a045-35c9f2fb1805, passed token: 4eda1aa9-4a5d-4c21-a045-35c9f2fb1805
Tue Dec 16 14:12:49 2025: DISPATCH_HANDLER: Adding handler from function makeHandler in library libxv_system_diagram failed with exception: Could not dynamically load libxv_system_diagram.so
Tue Dec 16 14:12:49 2025: SESSION_MGR: creating session with session uuid: '2d51c9a9-bb78-4aab-a35b-e7d5fac3add9' and name 'vitis-run_compile_transformer_top'
Tue Dec 16 14:12:49 2025: KERNEL_SVC: creating session with uuid: '2d51c9a9-bb78-4aab-a35b-e7d5fac3add9' and name 'vitis-run_compile_transformer_top'
Tue Dec 16 14:12:49 2025: GUIDANCE_SMGR: creating guidance session with uuid: '2d51c9a9-bb78-4aab-a35b-e7d5fac3add9' and name 'vitis-run_compile_transformer_top'
Tue Dec 16 14:12:53 2025: Dispatch Server: Accepted socket connection from client
Tue Dec 16 14:12:53 2025: Starting Socket connection
Tue Dec 16 14:12:53 2025: SESSION_MGR: closing session for UUID '2d51c9a9-bb78-4aab-a35b-e7d5fac3add9' with name 'vitis-run_compile_transformer_top'
Tue Dec 16 14:12:53 2025: KERNEL_SVC: closing session for UUID '2d51c9a9-bb78-4aab-a35b-e7d5fac3add9' with name 'vitis-run_compile_transformer_top'
Tue Dec 16 14:12:53 2025: GUIDANCE_SMGR: closing session for UUID '2d51c9a9-bb78-4aab-a35b-e7d5fac3add9' with name 'vitis-run_compile_transformer_top'
Tue Dec 16 14:12:53 2025: STOP_SERVER received, server token: 4eda1aa9-4a5d-4c21-a045-35c9f2fb1805, passed token: 4eda1aa9-4a5d-4c21-a045-35c9f2fb1805
Tue Dec 16 14:12:53 2025: Socket received request to stop server.
Tue Dec 16 14:12:53 2025: Dispatch Server: do_await_stop
Tue Dec 16 14:12:53 2025: Dispatch Server: stopping mainFifo_
Tue Dec 16 14:12:53 2025: XCD main fifo: Stopping
Tue Dec 16 14:12:53 2025: XCD main fifo: do_read error code: Operation canceled
Tue Dec 16 14:12:53 2025: XCD main fifo: bytes_transferred: 0
Tue Dec 16 14:12:53 2025: SERVER: destructor for server bound to port 45349
Tue Dec 16 14:12:53 2025: XCD main fifo: Good unlink of /tmp/xcdmain4eda1aa9-4a5d-4c21-a045-35c9f2fb1805
Tue Dec 16 14:12:53 2025: Server exiting with status 0.
Tue Dec 16 14:12:53 2025: Closing log file.
Tue Dec 16 14:13:45 2025: Running xcd server. This server was built by gradle.
Tue Dec 16 14:13:45 2025: Server was asked to start on port: '46379'
Tue Dec 16 14:13:45 2025: Server is using token UUID: 'd7976427-4130-48d1-ab75-82a97f987219'
Tue Dec 16 14:13:45 2025: SESSION_MGR: creating session with session uuid: '6d04a3e9-ade5-4ab9-8d63-1f78fcd2ec76' and name 'default'
Tue Dec 16 14:13:45 2025: Attempting to start server on port '46379'
Tue Dec 16 14:13:45 2025: XCD main fifo: created main fifo '/tmp/xcdmaind7976427-4130-48d1-ab75-82a97f987219', fd read = 12
Tue Dec 16 14:13:45 2025: Running Dispatch Server
Tue Dec 16 14:13:45 2025: Version 2.2.0
Tue Dec 16 14:13:47 2025: Dispatch Server: Accepted socket connection from client
Tue Dec 16 14:13:47 2025: Starting Socket connection
Tue Dec 16 14:13:47 2025: EXCHANGE_TOKEN received, server token: d7976427-4130-48d1-ab75-82a97f987219, passed token: d7976427-4130-48d1-ab75-82a97f987219
Tue Dec 16 14:13:47 2025: DISPATCH_HANDLER: Adding handler from function makeHandler in library libxv_system_diagram failed with exception: Could not dynamically load libxv_system_diagram.so
Tue Dec 16 14:13:47 2025: SESSION_MGR: creating session with session uuid: '7d892142-4dc7-404b-b366-3a8a35082da0' and name 'vitis-run_compile_transformer_top'
Tue Dec 16 14:13:47 2025: KERNEL_SVC: creating session with uuid: '7d892142-4dc7-404b-b366-3a8a35082da0' and name 'vitis-run_compile_transformer_top'
Tue Dec 16 14:13:47 2025: GUIDANCE_SMGR: creating guidance session with uuid: '7d892142-4dc7-404b-b366-3a8a35082da0' and name 'vitis-run_compile_transformer_top'
Tue Dec 16 14:13:51 2025: Dispatch Server: Accepted socket connection from client
Tue Dec 16 14:13:51 2025: Starting Socket connection
Tue Dec 16 14:13:51 2025: SESSION_MGR: closing session for UUID '7d892142-4dc7-404b-b366-3a8a35082da0' with name 'vitis-run_compile_transformer_top'
Tue Dec 16 14:13:51 2025: KERNEL_SVC: closing session for UUID '7d892142-4dc7-404b-b366-3a8a35082da0' with name 'vitis-run_compile_transformer_top'
Tue Dec 16 14:13:51 2025: GUIDANCE_SMGR: closing session for UUID '7d892142-4dc7-404b-b366-3a8a35082da0' with name 'vitis-run_compile_transformer_top'
Tue Dec 16 14:13:51 2025: STOP_SERVER received, server token: d7976427-4130-48d1-ab75-82a97f987219, passed token: d7976427-4130-48d1-ab75-82a97f987219
Tue Dec 16 14:13:51 2025: Socket received request to stop server.
Tue Dec 16 14:13:51 2025: Dispatch Server: do_await_stop
Tue Dec 16 14:13:51 2025: Dispatch Server: stopping mainFifo_
Tue Dec 16 14:13:51 2025: XCD main fifo: Stopping
Tue Dec 16 14:13:51 2025: XCD main fifo: do_read error code: Operation canceled
Tue Dec 16 14:13:51 2025: XCD main fifo: bytes_transferred: 0
Tue Dec 16 14:13:51 2025: SERVER: destructor for server bound to port 46379
Tue Dec 16 14:13:51 2025: XCD main fifo: Good unlink of /tmp/xcdmaind7976427-4130-48d1-ab75-82a97f987219
Tue Dec 16 14:13:51 2025: Server exiting with status 0.
Tue Dec 16 14:13:51 2025: Closing log file.
Tue Dec 16 14:14:51 2025: Running xcd server. This server was built by gradle.
Tue Dec 16 14:14:51 2025: Server was asked to start on port: '35721'
Tue Dec 16 14:14:51 2025: Server is using token UUID: '13e1e917-df90-477c-a0b6-53de5f90e385'
Tue Dec 16 14:14:51 2025: SESSION_MGR: creating session with session uuid: '6d04a3e9-ade5-4ab9-8d63-1f78fcd2ec76' and name 'default'
Tue Dec 16 14:14:51 2025: Attempting to start server on port '35721'
Tue Dec 16 14:14:51 2025: XCD main fifo: created main fifo '/tmp/xcdmain13e1e917-df90-477c-a0b6-53de5f90e385', fd read = 12
Tue Dec 16 14:14:51 2025: Running Dispatch Server
Tue Dec 16 14:14:51 2025: Version 2.2.0
Tue Dec 16 14:14:52 2025: Dispatch Server: Accepted socket connection from client
Tue Dec 16 14:14:52 2025: Starting Socket connection
Tue Dec 16 14:14:52 2025: EXCHANGE_TOKEN received, server token: 13e1e917-df90-477c-a0b6-53de5f90e385, passed token: 13e1e917-df90-477c-a0b6-53de5f90e385
Tue Dec 16 14:14:52 2025: DISPATCH_HANDLER: Adding handler from function makeHandler in library libxv_system_diagram failed with exception: Could not dynamically load libxv_system_diagram.so
Tue Dec 16 14:14:52 2025: SESSION_MGR: creating session with session uuid: 'cda549cc-2113-4f1e-b891-a560e5cb39d6' and name 'vitis-run_compile_transformer_top'
Tue Dec 16 14:14:52 2025: KERNEL_SVC: creating session with uuid: 'cda549cc-2113-4f1e-b891-a560e5cb39d6' and name 'vitis-run_compile_transformer_top'
Tue Dec 16 14:14:52 2025: GUIDANCE_SMGR: creating guidance session with uuid: 'cda549cc-2113-4f1e-b891-a560e5cb39d6' and name 'vitis-run_compile_transformer_top'
Tue Dec 16 14:14:56 2025: Dispatch Server: Accepted socket connection from client
Tue Dec 16 14:14:56 2025: Starting Socket connection
Tue Dec 16 14:14:57 2025: SESSION_MGR: closing session for UUID 'cda549cc-2113-4f1e-b891-a560e5cb39d6' with name 'vitis-run_compile_transformer_top'
Tue Dec 16 14:14:57 2025: KERNEL_SVC: closing session for UUID 'cda549cc-2113-4f1e-b891-a560e5cb39d6' with name 'vitis-run_compile_transformer_top'
Tue Dec 16 14:14:57 2025: GUIDANCE_SMGR: closing session for UUID 'cda549cc-2113-4f1e-b891-a560e5cb39d6' with name 'vitis-run_compile_transformer_top'
Tue Dec 16 14:14:57 2025: STOP_SERVER received, server token: 13e1e917-df90-477c-a0b6-53de5f90e385, passed token: 13e1e917-df90-477c-a0b6-53de5f90e385
Tue Dec 16 14:14:57 2025: Socket received request to stop server.
Tue Dec 16 14:14:57 2025: Dispatch Server: do_await_stop
Tue Dec 16 14:14:57 2025: Dispatch Server: stopping mainFifo_
Tue Dec 16 14:14:57 2025: XCD main fifo: Stopping
Tue Dec 16 14:14:57 2025: XCD main fifo: do_read error code: Operation canceled
Tue Dec 16 14:14:57 2025: XCD main fifo: bytes_transferred: 0
Tue Dec 16 14:14:57 2025: SERVER: destructor for server bound to port 35721
Tue Dec 16 14:14:57 2025: XCD main fifo: Good unlink of /tmp/xcdmain13e1e917-df90-477c-a0b6-53de5f90e385
Tue Dec 16 14:14:57 2025: Server exiting with status 0.
Tue Dec 16 14:14:57 2025: Closing log file.
Tue Dec 16 14:15:55 2025: Running xcd server. This server was built by gradle.
Tue Dec 16 14:15:55 2025: Server was asked to start on port: '41907'
Tue Dec 16 14:15:55 2025: Server is using token UUID: '101122a5-8a92-4e58-9c55-283c42a4d454'
Tue Dec 16 14:15:55 2025: SESSION_MGR: creating session with session uuid: '6d04a3e9-ade5-4ab9-8d63-1f78fcd2ec76' and name 'default'
Tue Dec 16 14:15:55 2025: Attempting to start server on port '41907'
Tue Dec 16 14:15:55 2025: XCD main fifo: created main fifo '/tmp/xcdmain101122a5-8a92-4e58-9c55-283c42a4d454', fd read = 12
Tue Dec 16 14:15:55 2025: Running Dispatch Server
Tue Dec 16 14:15:55 2025: Version 2.2.0
Tue Dec 16 14:15:56 2025: Dispatch Server: Accepted socket connection from client
Tue Dec 16 14:15:56 2025: Starting Socket connection
Tue Dec 16 14:15:56 2025: EXCHANGE_TOKEN received, server token: 101122a5-8a92-4e58-9c55-283c42a4d454, passed token: 101122a5-8a92-4e58-9c55-283c42a4d454
Tue Dec 16 14:15:56 2025: DISPATCH_HANDLER: Adding handler from function makeHandler in library libxv_system_diagram failed with exception: Could not dynamically load libxv_system_diagram.so
Tue Dec 16 14:15:56 2025: SESSION_MGR: creating session with session uuid: 'c141cf72-a217-4787-8e8b-a5a82bd86c52' and name 'vitis-run_compile_transformer_top'
Tue Dec 16 14:15:56 2025: KERNEL_SVC: creating session with uuid: 'c141cf72-a217-4787-8e8b-a5a82bd86c52' and name 'vitis-run_compile_transformer_top'
Tue Dec 16 14:15:56 2025: GUIDANCE_SMGR: creating guidance session with uuid: 'c141cf72-a217-4787-8e8b-a5a82bd86c52' and name 'vitis-run_compile_transformer_top'
Tue Dec 16 14:16:00 2025: Dispatch Server: Accepted socket connection from client
Tue Dec 16 14:16:00 2025: Starting Socket connection
Tue Dec 16 14:16:01 2025: SESSION_MGR: closing session for UUID 'c141cf72-a217-4787-8e8b-a5a82bd86c52' with name 'vitis-run_compile_transformer_top'
Tue Dec 16 14:16:01 2025: KERNEL_SVC: closing session for UUID 'c141cf72-a217-4787-8e8b-a5a82bd86c52' with name 'vitis-run_compile_transformer_top'
Tue Dec 16 14:16:01 2025: GUIDANCE_SMGR: closing session for UUID 'c141cf72-a217-4787-8e8b-a5a82bd86c52' with name 'vitis-run_compile_transformer_top'
Tue Dec 16 14:16:01 2025: STOP_SERVER received, server token: 101122a5-8a92-4e58-9c55-283c42a4d454, passed token: 101122a5-8a92-4e58-9c55-283c42a4d454
Tue Dec 16 14:16:01 2025: Socket received request to stop server.
Tue Dec 16 14:16:01 2025: Dispatch Server: do_await_stop
Tue Dec 16 14:16:01 2025: Dispatch Server: stopping mainFifo_
Tue Dec 16 14:16:01 2025: XCD main fifo: Stopping
Tue Dec 16 14:16:01 2025: XCD main fifo: do_read error code: Operation canceled
Tue Dec 16 14:16:01 2025: XCD main fifo: bytes_transferred: 0
Tue Dec 16 14:16:01 2025: SERVER: destructor for server bound to port 41907
Tue Dec 16 14:16:01 2025: XCD main fifo: Good unlink of /tmp/xcdmain101122a5-8a92-4e58-9c55-283c42a4d454
Tue Dec 16 14:16:01 2025: Server exiting with status 0.
Tue Dec 16 14:16:01 2025: Closing log file.
Tue Dec 16 14:17:47 2025: Running xcd server. This server was built by gradle.
Tue Dec 16 14:17:47 2025: Server was asked to start on port: '39765'
Tue Dec 16 14:17:47 2025: Server is using token UUID: 'fa1de4a5-7b08-4705-bf45-5acc96db8d9c'
Tue Dec 16 14:17:47 2025: SESSION_MGR: creating session with session uuid: '6d04a3e9-ade5-4ab9-8d63-1f78fcd2ec76' and name 'default'
Tue Dec 16 14:17:47 2025: Attempting to start server on port '39765'
Tue Dec 16 14:17:47 2025: XCD main fifo: created main fifo '/tmp/xcdmainfa1de4a5-7b08-4705-bf45-5acc96db8d9c', fd read = 12
Tue Dec 16 14:17:47 2025: Running Dispatch Server
Tue Dec 16 14:17:47 2025: Version 2.2.0
Tue Dec 16 14:17:48 2025: Dispatch Server: Accepted socket connection from client
Tue Dec 16 14:17:48 2025: Starting Socket connection
Tue Dec 16 14:17:48 2025: EXCHANGE_TOKEN received, server token: fa1de4a5-7b08-4705-bf45-5acc96db8d9c, passed token: fa1de4a5-7b08-4705-bf45-5acc96db8d9c
Tue Dec 16 14:17:48 2025: DISPATCH_HANDLER: Adding handler from function makeHandler in library libxv_system_diagram failed with exception: Could not dynamically load libxv_system_diagram.so
Tue Dec 16 14:17:48 2025: SESSION_MGR: creating session with session uuid: '77f214b5-8f99-489e-87b5-38c7207f06a3' and name 'v++_compile_transformer_top'
Tue Dec 16 14:17:48 2025: KERNEL_SVC: creating session with uuid: '77f214b5-8f99-489e-87b5-38c7207f06a3' and name 'v++_compile_transformer_top'
Tue Dec 16 14:17:48 2025: GUIDANCE_SMGR: creating guidance session with uuid: '77f214b5-8f99-489e-87b5-38c7207f06a3' and name 'v++_compile_transformer_top'
Tue Dec 16 14:17:52 2025: Dispatch Server: Accepted socket connection from client
Tue Dec 16 14:17:52 2025: Starting Socket connection
Tue Dec 16 14:18:16 2025: SESSION_MGR: closing session for UUID '77f214b5-8f99-489e-87b5-38c7207f06a3' with name 'v++_compile_transformer_top'
Tue Dec 16 14:18:16 2025: KERNEL_SVC: closing session for UUID '77f214b5-8f99-489e-87b5-38c7207f06a3' with name 'v++_compile_transformer_top'
Tue Dec 16 14:18:16 2025: GUIDANCE_SMGR: closing session for UUID '77f214b5-8f99-489e-87b5-38c7207f06a3' with name 'v++_compile_transformer_top'
Tue Dec 16 14:18:16 2025: STOP_SERVER received, server token: fa1de4a5-7b08-4705-bf45-5acc96db8d9c, passed token: fa1de4a5-7b08-4705-bf45-5acc96db8d9c
Tue Dec 16 14:18:16 2025: Socket received request to stop server.
Tue Dec 16 14:18:16 2025: Dispatch Server: do_await_stop
Tue Dec 16 14:18:16 2025: Dispatch Server: stopping mainFifo_
Tue Dec 16 14:18:16 2025: XCD main fifo: Stopping
Tue Dec 16 14:18:16 2025: XCD main fifo: do_read error code: Operation canceled
Tue Dec 16 14:18:16 2025: XCD main fifo: bytes_transferred: 0
Tue Dec 16 14:18:16 2025: SERVER: destructor for server bound to port 39765
Tue Dec 16 14:18:16 2025: XCD main fifo: Good unlink of /tmp/xcdmainfa1de4a5-7b08-4705-bf45-5acc96db8d9c
Tue Dec 16 14:18:16 2025: Server exiting with status 0.
Tue Dec 16 14:18:16 2025: Closing log file.
Tue Dec 16 14:21:07 2025: Running xcd server. This server was built by gradle.
Tue Dec 16 14:21:07 2025: Server was asked to start on port: '40153'
Tue Dec 16 14:21:07 2025: Server is using token UUID: '1c6c8084-0c72-4f56-9a79-62b0419452f7'
Tue Dec 16 14:21:07 2025: SESSION_MGR: creating session with session uuid: '6d04a3e9-ade5-4ab9-8d63-1f78fcd2ec76' and name 'default'
Tue Dec 16 14:21:07 2025: Attempting to start server on port '40153'
Tue Dec 16 14:21:07 2025: XCD main fifo: created main fifo '/tmp/xcdmain1c6c8084-0c72-4f56-9a79-62b0419452f7', fd read = 12
Tue Dec 16 14:21:07 2025: Running Dispatch Server
Tue Dec 16 14:21:07 2025: Version 2.2.0
Tue Dec 16 14:21:09 2025: Dispatch Server: Accepted socket connection from client
Tue Dec 16 14:21:09 2025: Starting Socket connection
Tue Dec 16 14:21:09 2025: EXCHANGE_TOKEN received, server token: 1c6c8084-0c72-4f56-9a79-62b0419452f7, passed token: 1c6c8084-0c72-4f56-9a79-62b0419452f7
Tue Dec 16 14:21:09 2025: DISPATCH_HANDLER: Adding handler from function makeHandler in library libxv_system_diagram failed with exception: Could not dynamically load libxv_system_diagram.so
Tue Dec 16 14:21:09 2025: SESSION_MGR: creating session with session uuid: 'edb6c31f-22a8-4869-9a7d-0e21f512938b' and name 'vitis-run_compile_transformer_top'
Tue Dec 16 14:21:09 2025: KERNEL_SVC: creating session with uuid: 'edb6c31f-22a8-4869-9a7d-0e21f512938b' and name 'vitis-run_compile_transformer_top'
Tue Dec 16 14:21:09 2025: GUIDANCE_SMGR: creating guidance session with uuid: 'edb6c31f-22a8-4869-9a7d-0e21f512938b' and name 'vitis-run_compile_transformer_top'
Tue Dec 16 14:21:12 2025: Dispatch Server: Accepted socket connection from client
Tue Dec 16 14:21:12 2025: Starting Socket connection
Tue Dec 16 14:21:13 2025: SESSION_MGR: closing session for UUID 'edb6c31f-22a8-4869-9a7d-0e21f512938b' with name 'vitis-run_compile_transformer_top'
Tue Dec 16 14:21:13 2025: KERNEL_SVC: closing session for UUID 'edb6c31f-22a8-4869-9a7d-0e21f512938b' with name 'vitis-run_compile_transformer_top'
Tue Dec 16 14:21:13 2025: GUIDANCE_SMGR: closing session for UUID 'edb6c31f-22a8-4869-9a7d-0e21f512938b' with name 'vitis-run_compile_transformer_top'
Tue Dec 16 14:21:13 2025: STOP_SERVER received, server token: 1c6c8084-0c72-4f56-9a79-62b0419452f7, passed token: 1c6c8084-0c72-4f56-9a79-62b0419452f7
Tue Dec 16 14:21:13 2025: Socket received request to stop server.
Tue Dec 16 14:21:13 2025: Dispatch Server: do_await_stop
Tue Dec 16 14:21:13 2025: Dispatch Server: stopping mainFifo_
Tue Dec 16 14:21:13 2025: XCD main fifo: Stopping
Tue Dec 16 14:21:13 2025: XCD main fifo: do_read error code: Operation canceled
Tue Dec 16 14:21:13 2025: XCD main fifo: bytes_transferred: 0
Tue Dec 16 14:21:13 2025: SERVER: destructor for server bound to port 40153
Tue Dec 16 14:21:13 2025: XCD main fifo: Good unlink of /tmp/xcdmain1c6c8084-0c72-4f56-9a79-62b0419452f7
Tue Dec 16 14:21:13 2025: Server exiting with status 0.
Tue Dec 16 14:21:13 2025: Closing log file.
Tue Dec 16 14:21:39 2025: Running xcd server. This server was built by gradle.
Tue Dec 16 14:21:39 2025: Server was asked to start on port: '37785'
Tue Dec 16 14:21:39 2025: Server is using token UUID: '99cf6727-d3f7-41ab-ab8e-d8673b783a4c'
Tue Dec 16 14:21:39 2025: SESSION_MGR: creating session with session uuid: '6d04a3e9-ade5-4ab9-8d63-1f78fcd2ec76' and name 'default'
Tue Dec 16 14:21:39 2025: Attempting to start server on port '37785'
Tue Dec 16 14:21:39 2025: XCD main fifo: created main fifo '/tmp/xcdmain99cf6727-d3f7-41ab-ab8e-d8673b783a4c', fd read = 12
Tue Dec 16 14:21:39 2025: Running Dispatch Server
Tue Dec 16 14:21:39 2025: Version 2.2.0
Tue Dec 16 14:21:40 2025: Dispatch Server: Accepted socket connection from client
Tue Dec 16 14:21:40 2025: Starting Socket connection
Tue Dec 16 14:21:40 2025: EXCHANGE_TOKEN received, server token: 99cf6727-d3f7-41ab-ab8e-d8673b783a4c, passed token: 99cf6727-d3f7-41ab-ab8e-d8673b783a4c
Tue Dec 16 14:21:40 2025: DISPATCH_HANDLER: Adding handler from function makeHandler in library libxv_system_diagram failed with exception: Could not dynamically load libxv_system_diagram.so
Tue Dec 16 14:21:40 2025: SESSION_MGR: creating session with session uuid: 'e3f4b673-ed0e-40b5-8908-791affa8c117' and name 'v++_compile_transformer_top'
Tue Dec 16 14:21:40 2025: KERNEL_SVC: creating session with uuid: 'e3f4b673-ed0e-40b5-8908-791affa8c117' and name 'v++_compile_transformer_top'
Tue Dec 16 14:21:40 2025: GUIDANCE_SMGR: creating guidance session with uuid: 'e3f4b673-ed0e-40b5-8908-791affa8c117' and name 'v++_compile_transformer_top'
Tue Dec 16 14:21:44 2025: Dispatch Server: Accepted socket connection from client
Tue Dec 16 14:21:44 2025: Starting Socket connection
Tue Dec 16 14:22:08 2025: SESSION_MGR: closing session for UUID 'e3f4b673-ed0e-40b5-8908-791affa8c117' with name 'v++_compile_transformer_top'
Tue Dec 16 14:22:08 2025: KERNEL_SVC: closing session for UUID 'e3f4b673-ed0e-40b5-8908-791affa8c117' with name 'v++_compile_transformer_top'
Tue Dec 16 14:22:08 2025: GUIDANCE_SMGR: closing session for UUID 'e3f4b673-ed0e-40b5-8908-791affa8c117' with name 'v++_compile_transformer_top'
Tue Dec 16 14:22:08 2025: STOP_SERVER received, server token: 99cf6727-d3f7-41ab-ab8e-d8673b783a4c, passed token: 99cf6727-d3f7-41ab-ab8e-d8673b783a4c
Tue Dec 16 14:22:08 2025: Socket received request to stop server.
Tue Dec 16 14:22:08 2025: Dispatch Server: do_await_stop
Tue Dec 16 14:22:08 2025: Dispatch Server: stopping mainFifo_
Tue Dec 16 14:22:08 2025: XCD main fifo: Stopping
Tue Dec 16 14:22:08 2025: XCD main fifo: do_read error code: Operation canceled
Tue Dec 16 14:22:08 2025: XCD main fifo: bytes_transferred: 0
Tue Dec 16 14:22:08 2025: SERVER: destructor for server bound to port 37785
Tue Dec 16 14:22:08 2025: XCD main fifo: Good unlink of /tmp/xcdmain99cf6727-d3f7-41ab-ab8e-d8673b783a4c
Tue Dec 16 14:22:08 2025: Server exiting with status 0.
Tue Dec 16 14:22:08 2025: Closing log file.
Tue Dec 16 14:52:28 2025: Running xcd server. This server was built by gradle.
Tue Dec 16 14:52:28 2025: Server was asked to start on port: '35847'
Tue Dec 16 14:52:28 2025: Server is using token UUID: '3dd0fff8-fdff-4b0b-9a79-36d4b1b60969'
Tue Dec 16 14:52:28 2025: SESSION_MGR: creating session with session uuid: '6d04a3e9-ade5-4ab9-8d63-1f78fcd2ec76' and name 'default'
Tue Dec 16 14:52:28 2025: Attempting to start server on port '35847'
Tue Dec 16 14:52:28 2025: XCD main fifo: created main fifo '/tmp/xcdmain3dd0fff8-fdff-4b0b-9a79-36d4b1b60969', fd read = 12
Tue Dec 16 14:52:28 2025: Running Dispatch Server
Tue Dec 16 14:52:28 2025: Version 2.2.0
Tue Dec 16 14:52:30 2025: Dispatch Server: Accepted socket connection from client
Tue Dec 16 14:52:30 2025: Starting Socket connection
Tue Dec 16 14:52:30 2025: EXCHANGE_TOKEN received, server token: 3dd0fff8-fdff-4b0b-9a79-36d4b1b60969, passed token: 3dd0fff8-fdff-4b0b-9a79-36d4b1b60969
Tue Dec 16 14:52:30 2025: DISPATCH_HANDLER: Adding handler from function makeHandler in library libxv_system_diagram failed with exception: Could not dynamically load libxv_system_diagram.so
Tue Dec 16 14:52:30 2025: SESSION_MGR: creating session with session uuid: '8338d860-ab3f-4a1a-8087-894f35bd19ad' and name 'vitis-run_compile_transformer_top'
Tue Dec 16 14:52:30 2025: KERNEL_SVC: creating session with uuid: '8338d860-ab3f-4a1a-8087-894f35bd19ad' and name 'vitis-run_compile_transformer_top'
Tue Dec 16 14:52:30 2025: GUIDANCE_SMGR: creating guidance session with uuid: '8338d860-ab3f-4a1a-8087-894f35bd19ad' and name 'vitis-run_compile_transformer_top'
Tue Dec 16 14:52:34 2025: Dispatch Server: Accepted socket connection from client
Tue Dec 16 14:52:34 2025: Starting Socket connection
Tue Dec 16 14:52:34 2025: SESSION_MGR: closing session for UUID '8338d860-ab3f-4a1a-8087-894f35bd19ad' with name 'vitis-run_compile_transformer_top'
Tue Dec 16 14:52:34 2025: KERNEL_SVC: closing session for UUID '8338d860-ab3f-4a1a-8087-894f35bd19ad' with name 'vitis-run_compile_transformer_top'
Tue Dec 16 14:52:34 2025: GUIDANCE_SMGR: closing session for UUID '8338d860-ab3f-4a1a-8087-894f35bd19ad' with name 'vitis-run_compile_transformer_top'
Tue Dec 16 14:52:34 2025: STOP_SERVER received, server token: 3dd0fff8-fdff-4b0b-9a79-36d4b1b60969, passed token: 3dd0fff8-fdff-4b0b-9a79-36d4b1b60969
Tue Dec 16 14:52:34 2025: Socket received request to stop server.
Tue Dec 16 14:52:34 2025: Dispatch Server: do_await_stop
Tue Dec 16 14:52:34 2025: Dispatch Server: stopping mainFifo_
Tue Dec 16 14:52:34 2025: XCD main fifo: Stopping
Tue Dec 16 14:52:34 2025: XCD main fifo: do_read error code: Operation canceled
Tue Dec 16 14:52:34 2025: XCD main fifo: bytes_transferred: 0
Tue Dec 16 14:52:34 2025: SERVER: destructor for server bound to port 35847
Tue Dec 16 14:52:34 2025: XCD main fifo: Good unlink of /tmp/xcdmain3dd0fff8-fdff-4b0b-9a79-36d4b1b60969
Tue Dec 16 14:52:34 2025: Server exiting with status 0.
Tue Dec 16 14:52:34 2025: Closing log file.
Tue Dec 16 15:02:23 2025: Running xcd server. This server was built by gradle.
Tue Dec 16 15:02:23 2025: Server was asked to start on port: '38183'
Tue Dec 16 15:02:23 2025: Server is using token UUID: 'b9cd63d2-6e47-4d51-9f8d-538338fb6ee3'
Tue Dec 16 15:02:23 2025: SESSION_MGR: creating session with session uuid: '6d04a3e9-ade5-4ab9-8d63-1f78fcd2ec76' and name 'default'
Tue Dec 16 15:02:23 2025: Attempting to start server on port '38183'
Tue Dec 16 15:02:23 2025: XCD main fifo: created main fifo '/tmp/xcdmainb9cd63d2-6e47-4d51-9f8d-538338fb6ee3', fd read = 12
Tue Dec 16 15:02:23 2025: Running Dispatch Server
Tue Dec 16 15:02:23 2025: Version 2.2.0
Tue Dec 16 15:02:24 2025: Dispatch Server: Accepted socket connection from client
Tue Dec 16 15:02:24 2025: Starting Socket connection
Tue Dec 16 15:02:24 2025: EXCHANGE_TOKEN received, server token: b9cd63d2-6e47-4d51-9f8d-538338fb6ee3, passed token: b9cd63d2-6e47-4d51-9f8d-538338fb6ee3
Tue Dec 16 15:02:24 2025: DISPATCH_HANDLER: Adding handler from function makeHandler in library libxv_system_diagram failed with exception: Could not dynamically load libxv_system_diagram.so
Tue Dec 16 15:02:24 2025: SESSION_MGR: creating session with session uuid: '5b19c88c-7a12-4f66-a9ba-4cdf14c27e2b' and name 'vitis-run_compile_transformer_top'
Tue Dec 16 15:02:24 2025: KERNEL_SVC: creating session with uuid: '5b19c88c-7a12-4f66-a9ba-4cdf14c27e2b' and name 'vitis-run_compile_transformer_top'
Tue Dec 16 15:02:24 2025: GUIDANCE_SMGR: creating guidance session with uuid: '5b19c88c-7a12-4f66-a9ba-4cdf14c27e2b' and name 'vitis-run_compile_transformer_top'
Tue Dec 16 15:02:28 2025: Dispatch Server: Accepted socket connection from client
Tue Dec 16 15:02:28 2025: Starting Socket connection
Tue Dec 16 15:02:29 2025: SESSION_MGR: closing session for UUID '5b19c88c-7a12-4f66-a9ba-4cdf14c27e2b' with name 'vitis-run_compile_transformer_top'
Tue Dec 16 15:02:29 2025: KERNEL_SVC: closing session for UUID '5b19c88c-7a12-4f66-a9ba-4cdf14c27e2b' with name 'vitis-run_compile_transformer_top'
Tue Dec 16 15:02:29 2025: GUIDANCE_SMGR: closing session for UUID '5b19c88c-7a12-4f66-a9ba-4cdf14c27e2b' with name 'vitis-run_compile_transformer_top'
Tue Dec 16 15:02:29 2025: STOP_SERVER received, server token: b9cd63d2-6e47-4d51-9f8d-538338fb6ee3, passed token: b9cd63d2-6e47-4d51-9f8d-538338fb6ee3
Tue Dec 16 15:02:29 2025: Socket received request to stop server.
Tue Dec 16 15:02:29 2025: Dispatch Server: do_await_stop
Tue Dec 16 15:02:29 2025: Dispatch Server: stopping mainFifo_
Tue Dec 16 15:02:29 2025: XCD main fifo: Stopping
Tue Dec 16 15:02:29 2025: XCD main fifo: do_read error code: Operation canceled
Tue Dec 16 15:02:29 2025: XCD main fifo: bytes_transferred: 0
Tue Dec 16 15:02:29 2025: SERVER: destructor for server bound to port 38183
Tue Dec 16 15:02:29 2025: XCD main fifo: Good unlink of /tmp/xcdmainb9cd63d2-6e47-4d51-9f8d-538338fb6ee3
Tue Dec 16 15:02:29 2025: Server exiting with status 0.
Tue Dec 16 15:02:29 2025: Closing log file.
Tue Dec 16 15:03:46 2025: Running xcd server. This server was built by gradle.
Tue Dec 16 15:03:46 2025: Server was asked to start on port: '40309'
Tue Dec 16 15:03:46 2025: Server is using token UUID: 'b484867c-d4ba-45e2-bd5f-50f84404a499'
Tue Dec 16 15:03:46 2025: SESSION_MGR: creating session with session uuid: '6d04a3e9-ade5-4ab9-8d63-1f78fcd2ec76' and name 'default'
Tue Dec 16 15:03:46 2025: Attempting to start server on port '40309'
Tue Dec 16 15:03:46 2025: XCD main fifo: created main fifo '/tmp/xcdmainb484867c-d4ba-45e2-bd5f-50f84404a499', fd read = 12
Tue Dec 16 15:03:46 2025: Running Dispatch Server
Tue Dec 16 15:03:46 2025: Version 2.2.0
Tue Dec 16 15:03:47 2025: Dispatch Server: Accepted socket connection from client
Tue Dec 16 15:03:47 2025: Starting Socket connection
Tue Dec 16 15:03:47 2025: EXCHANGE_TOKEN received, server token: b484867c-d4ba-45e2-bd5f-50f84404a499, passed token: b484867c-d4ba-45e2-bd5f-50f84404a499
Tue Dec 16 15:03:47 2025: DISPATCH_HANDLER: Adding handler from function makeHandler in library libxv_system_diagram failed with exception: Could not dynamically load libxv_system_diagram.so
Tue Dec 16 15:03:47 2025: SESSION_MGR: creating session with session uuid: '1cc140b8-c012-49b7-b4ca-92bb54023809' and name 'v++_compile_transformer_top'
Tue Dec 16 15:03:47 2025: KERNEL_SVC: creating session with uuid: '1cc140b8-c012-49b7-b4ca-92bb54023809' and name 'v++_compile_transformer_top'
Tue Dec 16 15:03:47 2025: GUIDANCE_SMGR: creating guidance session with uuid: '1cc140b8-c012-49b7-b4ca-92bb54023809' and name 'v++_compile_transformer_top'
Tue Dec 16 15:03:51 2025: Dispatch Server: Accepted socket connection from client
Tue Dec 16 15:03:51 2025: Starting Socket connection
Tue Dec 16 15:04:15 2025: SESSION_MGR: closing session for UUID '1cc140b8-c012-49b7-b4ca-92bb54023809' with name 'v++_compile_transformer_top'
Tue Dec 16 15:04:15 2025: KERNEL_SVC: closing session for UUID '1cc140b8-c012-49b7-b4ca-92bb54023809' with name 'v++_compile_transformer_top'
Tue Dec 16 15:04:15 2025: GUIDANCE_SMGR: closing session for UUID '1cc140b8-c012-49b7-b4ca-92bb54023809' with name 'v++_compile_transformer_top'
Tue Dec 16 15:04:15 2025: STOP_SERVER received, server token: b484867c-d4ba-45e2-bd5f-50f84404a499, passed token: b484867c-d4ba-45e2-bd5f-50f84404a499
Tue Dec 16 15:04:15 2025: Socket received request to stop server.
Tue Dec 16 15:04:15 2025: Dispatch Server: do_await_stop
Tue Dec 16 15:04:15 2025: Dispatch Server: stopping mainFifo_
Tue Dec 16 15:04:15 2025: XCD main fifo: Stopping
Tue Dec 16 15:04:15 2025: XCD main fifo: do_read error code: Operation canceled
Tue Dec 16 15:04:15 2025: XCD main fifo: bytes_transferred: 0
Tue Dec 16 15:04:15 2025: SERVER: destructor for server bound to port 40309
Tue Dec 16 15:04:15 2025: XCD main fifo: Good unlink of /tmp/xcdmainb484867c-d4ba-45e2-bd5f-50f84404a499
Tue Dec 16 15:04:15 2025: Server exiting with status 0.
Tue Dec 16 15:04:15 2025: Closing log file.
Tue Dec 16 16:41:18 2025: Running xcd server. This server was built by gradle.
Tue Dec 16 16:41:18 2025: Server was asked to start on port: '46289'
Tue Dec 16 16:41:18 2025: Server is using token UUID: '3bcba8fc-e432-4303-bad0-63c52cbc067c'
Tue Dec 16 16:41:18 2025: SESSION_MGR: creating session with session uuid: '6d04a3e9-ade5-4ab9-8d63-1f78fcd2ec76' and name 'default'
Tue Dec 16 16:41:18 2025: Attempting to start server on port '46289'
Tue Dec 16 16:41:18 2025: XCD main fifo: created main fifo '/tmp/xcdmain3bcba8fc-e432-4303-bad0-63c52cbc067c', fd read = 12
Tue Dec 16 16:41:18 2025: Running Dispatch Server
Tue Dec 16 16:41:18 2025: Version 2.2.0
Tue Dec 16 16:41:20 2025: Dispatch Server: Accepted socket connection from client
Tue Dec 16 16:41:20 2025: Starting Socket connection
Tue Dec 16 16:41:20 2025: EXCHANGE_TOKEN received, server token: 3bcba8fc-e432-4303-bad0-63c52cbc067c, passed token: 3bcba8fc-e432-4303-bad0-63c52cbc067c
Tue Dec 16 16:41:20 2025: DISPATCH_HANDLER: Adding handler from function makeHandler in library libxv_system_diagram failed with exception: Could not dynamically load libxv_system_diagram.so
Tue Dec 16 16:41:20 2025: SESSION_MGR: creating session with session uuid: '54ae6959-1923-4f40-8800-471434025b8b' and name 'vitis-run_compile_transformer_top'
Tue Dec 16 16:41:20 2025: KERNEL_SVC: creating session with uuid: '54ae6959-1923-4f40-8800-471434025b8b' and name 'vitis-run_compile_transformer_top'
Tue Dec 16 16:41:20 2025: GUIDANCE_SMGR: creating guidance session with uuid: '54ae6959-1923-4f40-8800-471434025b8b' and name 'vitis-run_compile_transformer_top'
Tue Dec 16 16:41:24 2025: Dispatch Server: Accepted socket connection from client
Tue Dec 16 16:41:24 2025: Starting Socket connection
Tue Dec 16 16:41:24 2025: SESSION_MGR: closing session for UUID '54ae6959-1923-4f40-8800-471434025b8b' with name 'vitis-run_compile_transformer_top'
Tue Dec 16 16:41:24 2025: KERNEL_SVC: closing session for UUID '54ae6959-1923-4f40-8800-471434025b8b' with name 'vitis-run_compile_transformer_top'
Tue Dec 16 16:41:24 2025: GUIDANCE_SMGR: closing session for UUID '54ae6959-1923-4f40-8800-471434025b8b' with name 'vitis-run_compile_transformer_top'
Tue Dec 16 16:41:24 2025: STOP_SERVER received, server token: 3bcba8fc-e432-4303-bad0-63c52cbc067c, passed token: 3bcba8fc-e432-4303-bad0-63c52cbc067c
Tue Dec 16 16:41:24 2025: Socket received request to stop server.
Tue Dec 16 16:41:24 2025: Dispatch Server: do_await_stop
Tue Dec 16 16:41:24 2025: Dispatch Server: stopping mainFifo_
Tue Dec 16 16:41:24 2025: XCD main fifo: Stopping
Tue Dec 16 16:41:24 2025: XCD main fifo: do_read error code: Operation canceled
Tue Dec 16 16:41:24 2025: XCD main fifo: bytes_transferred: 0
Tue Dec 16 16:41:24 2025: SERVER: destructor for server bound to port 46289
Tue Dec 16 16:41:24 2025: XCD main fifo: Good unlink of /tmp/xcdmain3bcba8fc-e432-4303-bad0-63c52cbc067c
Tue Dec 16 16:41:24 2025: Server exiting with status 0.
Tue Dec 16 16:41:24 2025: Closing log file.
Tue Dec 16 16:41:33 2025: Running xcd server. This server was built by gradle.
Tue Dec 16 16:41:33 2025: Server was asked to start on port: '44563'
Tue Dec 16 16:41:33 2025: Server is using token UUID: '41263f78-b5c6-4f1b-b3ac-3fbecdc9e74b'
Tue Dec 16 16:41:33 2025: SESSION_MGR: creating session with session uuid: '6d04a3e9-ade5-4ab9-8d63-1f78fcd2ec76' and name 'default'
Tue Dec 16 16:41:33 2025: Attempting to start server on port '44563'
Tue Dec 16 16:41:33 2025: XCD main fifo: created main fifo '/tmp/xcdmain41263f78-b5c6-4f1b-b3ac-3fbecdc9e74b', fd read = 12
Tue Dec 16 16:41:33 2025: Running Dispatch Server
Tue Dec 16 16:41:33 2025: Version 2.2.0
Tue Dec 16 16:41:35 2025: Dispatch Server: Accepted socket connection from client
Tue Dec 16 16:41:35 2025: Starting Socket connection
Tue Dec 16 16:41:35 2025: EXCHANGE_TOKEN received, server token: 41263f78-b5c6-4f1b-b3ac-3fbecdc9e74b, passed token: 41263f78-b5c6-4f1b-b3ac-3fbecdc9e74b
Tue Dec 16 16:41:35 2025: DISPATCH_HANDLER: Adding handler from function makeHandler in library libxv_system_diagram failed with exception: Could not dynamically load libxv_system_diagram.so
Tue Dec 16 16:41:35 2025: SESSION_MGR: creating session with session uuid: 'f54cda57-9afd-47f0-b53a-4ccd49a1703a' and name 'v++_compile_transformer_top'
Tue Dec 16 16:41:35 2025: KERNEL_SVC: creating session with uuid: 'f54cda57-9afd-47f0-b53a-4ccd49a1703a' and name 'v++_compile_transformer_top'
Tue Dec 16 16:41:35 2025: GUIDANCE_SMGR: creating guidance session with uuid: 'f54cda57-9afd-47f0-b53a-4ccd49a1703a' and name 'v++_compile_transformer_top'
Tue Dec 16 16:41:39 2025: Dispatch Server: Accepted socket connection from client
Tue Dec 16 16:41:39 2025: Starting Socket connection
Tue Dec 16 16:42:02 2025: SESSION_MGR: closing session for UUID 'f54cda57-9afd-47f0-b53a-4ccd49a1703a' with name 'v++_compile_transformer_top'
Tue Dec 16 16:42:02 2025: KERNEL_SVC: closing session for UUID 'f54cda57-9afd-47f0-b53a-4ccd49a1703a' with name 'v++_compile_transformer_top'
Tue Dec 16 16:42:02 2025: GUIDANCE_SMGR: closing session for UUID 'f54cda57-9afd-47f0-b53a-4ccd49a1703a' with name 'v++_compile_transformer_top'
Tue Dec 16 16:42:02 2025: STOP_SERVER received, server token: 41263f78-b5c6-4f1b-b3ac-3fbecdc9e74b, passed token: 41263f78-b5c6-4f1b-b3ac-3fbecdc9e74b
Tue Dec 16 16:42:02 2025: Socket received request to stop server.
Tue Dec 16 16:42:02 2025: Dispatch Server: do_await_stop
Tue Dec 16 16:42:02 2025: Dispatch Server: stopping mainFifo_
Tue Dec 16 16:42:02 2025: XCD main fifo: Stopping
Tue Dec 16 16:42:02 2025: XCD main fifo: do_read error code: Operation canceled
Tue Dec 16 16:42:02 2025: XCD main fifo: bytes_transferred: 0
Tue Dec 16 16:42:02 2025: SERVER: destructor for server bound to port 44563
Tue Dec 16 16:42:02 2025: XCD main fifo: Good unlink of /tmp/xcdmain41263f78-b5c6-4f1b-b3ac-3fbecdc9e74b
Tue Dec 16 16:42:02 2025: Server exiting with status 0.
Tue Dec 16 16:42:02 2025: Closing log file.
Tue Dec 16 16:51:56 2025: Running xcd server. This server was built by gradle.
Tue Dec 16 16:51:56 2025: Server was asked to start on port: '42931'
Tue Dec 16 16:51:56 2025: Server is using token UUID: '59a16f8d-f5e0-4c18-b504-ec5de0890dda'
Tue Dec 16 16:51:56 2025: SESSION_MGR: creating session with session uuid: '6d04a3e9-ade5-4ab9-8d63-1f78fcd2ec76' and name 'default'
Tue Dec 16 16:51:56 2025: Attempting to start server on port '42931'
Tue Dec 16 16:51:56 2025: XCD main fifo: created main fifo '/tmp/xcdmain59a16f8d-f5e0-4c18-b504-ec5de0890dda', fd read = 12
Tue Dec 16 16:51:56 2025: Running Dispatch Server
Tue Dec 16 16:51:56 2025: Version 2.2.0
Tue Dec 16 16:51:58 2025: Dispatch Server: Accepted socket connection from client
Tue Dec 16 16:51:58 2025: Starting Socket connection
Tue Dec 16 16:51:58 2025: EXCHANGE_TOKEN received, server token: 59a16f8d-f5e0-4c18-b504-ec5de0890dda, passed token: 59a16f8d-f5e0-4c18-b504-ec5de0890dda
Tue Dec 16 16:51:58 2025: DISPATCH_HANDLER: Adding handler from function makeHandler in library libxv_system_diagram failed with exception: Could not dynamically load libxv_system_diagram.so
Tue Dec 16 16:51:58 2025: SESSION_MGR: creating session with session uuid: '22f4ae1d-0674-4095-ad46-78a4422e86ab' and name 'vitis-run_compile_transformer_top'
Tue Dec 16 16:51:58 2025: KERNEL_SVC: creating session with uuid: '22f4ae1d-0674-4095-ad46-78a4422e86ab' and name 'vitis-run_compile_transformer_top'
Tue Dec 16 16:51:58 2025: GUIDANCE_SMGR: creating guidance session with uuid: '22f4ae1d-0674-4095-ad46-78a4422e86ab' and name 'vitis-run_compile_transformer_top'
Tue Dec 16 16:52:02 2025: Dispatch Server: Accepted socket connection from client
Tue Dec 16 16:52:02 2025: Starting Socket connection
Tue Dec 16 16:52:02 2025: SESSION_MGR: closing session for UUID '22f4ae1d-0674-4095-ad46-78a4422e86ab' with name 'vitis-run_compile_transformer_top'
Tue Dec 16 16:52:02 2025: KERNEL_SVC: closing session for UUID '22f4ae1d-0674-4095-ad46-78a4422e86ab' with name 'vitis-run_compile_transformer_top'
Tue Dec 16 16:52:02 2025: GUIDANCE_SMGR: closing session for UUID '22f4ae1d-0674-4095-ad46-78a4422e86ab' with name 'vitis-run_compile_transformer_top'
Tue Dec 16 16:52:02 2025: STOP_SERVER received, server token: 59a16f8d-f5e0-4c18-b504-ec5de0890dda, passed token: 59a16f8d-f5e0-4c18-b504-ec5de0890dda
Tue Dec 16 16:52:02 2025: Socket received request to stop server.
Tue Dec 16 16:52:02 2025: Dispatch Server: do_await_stop
Tue Dec 16 16:52:02 2025: Dispatch Server: stopping mainFifo_
Tue Dec 16 16:52:02 2025: XCD main fifo: Stopping
Tue Dec 16 16:52:02 2025: XCD main fifo: do_read error code: Operation canceled
Tue Dec 16 16:52:02 2025: XCD main fifo: bytes_transferred: 0
Tue Dec 16 16:52:02 2025: SERVER: destructor for server bound to port 42931
Tue Dec 16 16:52:02 2025: XCD main fifo: Good unlink of /tmp/xcdmain59a16f8d-f5e0-4c18-b504-ec5de0890dda
Tue Dec 16 16:52:02 2025: Server exiting with status 0.
Tue Dec 16 16:52:02 2025: Closing log file.
Tue Dec 16 16:52:10 2025: Running xcd server. This server was built by gradle.
Tue Dec 16 16:52:10 2025: Server was asked to start on port: '46867'
Tue Dec 16 16:52:10 2025: Server is using token UUID: '968a2834-7396-4d82-b5a6-50ee592fd446'
Tue Dec 16 16:52:10 2025: SESSION_MGR: creating session with session uuid: '6d04a3e9-ade5-4ab9-8d63-1f78fcd2ec76' and name 'default'
Tue Dec 16 16:52:10 2025: Attempting to start server on port '46867'
Tue Dec 16 16:52:10 2025: XCD main fifo: created main fifo '/tmp/xcdmain968a2834-7396-4d82-b5a6-50ee592fd446', fd read = 12
Tue Dec 16 16:52:10 2025: Running Dispatch Server
Tue Dec 16 16:52:10 2025: Version 2.2.0
Tue Dec 16 16:52:12 2025: Dispatch Server: Accepted socket connection from client
Tue Dec 16 16:52:12 2025: Starting Socket connection
Tue Dec 16 16:52:12 2025: EXCHANGE_TOKEN received, server token: 968a2834-7396-4d82-b5a6-50ee592fd446, passed token: 968a2834-7396-4d82-b5a6-50ee592fd446
Tue Dec 16 16:52:12 2025: DISPATCH_HANDLER: Adding handler from function makeHandler in library libxv_system_diagram failed with exception: Could not dynamically load libxv_system_diagram.so
Tue Dec 16 16:52:12 2025: SESSION_MGR: creating session with session uuid: 'f4267e1b-325e-4e9e-af79-4b7b889374e5' and name 'v++_compile_transformer_top'
Tue Dec 16 16:52:12 2025: KERNEL_SVC: creating session with uuid: 'f4267e1b-325e-4e9e-af79-4b7b889374e5' and name 'v++_compile_transformer_top'
Tue Dec 16 16:52:12 2025: GUIDANCE_SMGR: creating guidance session with uuid: 'f4267e1b-325e-4e9e-af79-4b7b889374e5' and name 'v++_compile_transformer_top'
Tue Dec 16 16:52:15 2025: Dispatch Server: Accepted socket connection from client
Tue Dec 16 16:52:15 2025: Starting Socket connection
Tue Dec 16 16:52:39 2025: SESSION_MGR: closing session for UUID 'f4267e1b-325e-4e9e-af79-4b7b889374e5' with name 'v++_compile_transformer_top'
Tue Dec 16 16:52:39 2025: KERNEL_SVC: closing session for UUID 'f4267e1b-325e-4e9e-af79-4b7b889374e5' with name 'v++_compile_transformer_top'
Tue Dec 16 16:52:39 2025: GUIDANCE_SMGR: closing session for UUID 'f4267e1b-325e-4e9e-af79-4b7b889374e5' with name 'v++_compile_transformer_top'
Tue Dec 16 16:52:39 2025: STOP_SERVER received, server token: 968a2834-7396-4d82-b5a6-50ee592fd446, passed token: 968a2834-7396-4d82-b5a6-50ee592fd446
Tue Dec 16 16:52:39 2025: Socket received request to stop server.
Tue Dec 16 16:52:39 2025: Dispatch Server: do_await_stop
Tue Dec 16 16:52:39 2025: Dispatch Server: stopping mainFifo_
Tue Dec 16 16:52:39 2025: XCD main fifo: Stopping
Tue Dec 16 16:52:39 2025: XCD main fifo: do_read error code: Operation canceled
Tue Dec 16 16:52:39 2025: XCD main fifo: bytes_transferred: 0
Tue Dec 16 16:52:39 2025: SERVER: destructor for server bound to port 46867
Tue Dec 16 16:52:39 2025: XCD main fifo: Good unlink of /tmp/xcdmain968a2834-7396-4d82-b5a6-50ee592fd446
Tue Dec 16 16:52:39 2025: Server exiting with status 0.
Tue Dec 16 16:52:39 2025: Closing log file.
Tue Dec 16 16:55:29 2025: Running xcd server. This server was built by gradle.
Tue Dec 16 16:55:29 2025: Server was asked to start on port: '46883'
Tue Dec 16 16:55:29 2025: Server is using token UUID: 'a0e231b0-8dc7-40ac-b532-d5e83c0a81a5'
Tue Dec 16 16:55:29 2025: SESSION_MGR: creating session with session uuid: '6d04a3e9-ade5-4ab9-8d63-1f78fcd2ec76' and name 'default'
Tue Dec 16 16:55:29 2025: Attempting to start server on port '46883'
Tue Dec 16 16:55:29 2025: XCD main fifo: created main fifo '/tmp/xcdmaina0e231b0-8dc7-40ac-b532-d5e83c0a81a5', fd read = 12
Tue Dec 16 16:55:29 2025: Running Dispatch Server
Tue Dec 16 16:55:29 2025: Version 2.2.0
Tue Dec 16 16:55:30 2025: Dispatch Server: Accepted socket connection from client
Tue Dec 16 16:55:30 2025: Starting Socket connection
Tue Dec 16 16:55:30 2025: EXCHANGE_TOKEN received, server token: a0e231b0-8dc7-40ac-b532-d5e83c0a81a5, passed token: a0e231b0-8dc7-40ac-b532-d5e83c0a81a5
Tue Dec 16 16:55:30 2025: DISPATCH_HANDLER: Adding handler from function makeHandler in library libxv_system_diagram failed with exception: Could not dynamically load libxv_system_diagram.so
Tue Dec 16 16:55:30 2025: SESSION_MGR: creating session with session uuid: '37b9ac65-1f82-4f89-9376-f4a98972fb4a' and name 'vitis-run_compile_transformer_top'
Tue Dec 16 16:55:30 2025: KERNEL_SVC: creating session with uuid: '37b9ac65-1f82-4f89-9376-f4a98972fb4a' and name 'vitis-run_compile_transformer_top'
Tue Dec 16 16:55:30 2025: GUIDANCE_SMGR: creating guidance session with uuid: '37b9ac65-1f82-4f89-9376-f4a98972fb4a' and name 'vitis-run_compile_transformer_top'
Tue Dec 16 16:55:34 2025: Dispatch Server: Accepted socket connection from client
Tue Dec 16 16:55:34 2025: Starting Socket connection
Tue Dec 16 16:55:35 2025: SESSION_MGR: closing session for UUID '37b9ac65-1f82-4f89-9376-f4a98972fb4a' with name 'vitis-run_compile_transformer_top'
Tue Dec 16 16:55:35 2025: KERNEL_SVC: closing session for UUID '37b9ac65-1f82-4f89-9376-f4a98972fb4a' with name 'vitis-run_compile_transformer_top'
Tue Dec 16 16:55:35 2025: GUIDANCE_SMGR: closing session for UUID '37b9ac65-1f82-4f89-9376-f4a98972fb4a' with name 'vitis-run_compile_transformer_top'
Tue Dec 16 16:55:35 2025: STOP_SERVER received, server token: a0e231b0-8dc7-40ac-b532-d5e83c0a81a5, passed token: a0e231b0-8dc7-40ac-b532-d5e83c0a81a5
Tue Dec 16 16:55:35 2025: Socket received request to stop server.
Tue Dec 16 16:55:35 2025: Dispatch Server: do_await_stop
Tue Dec 16 16:55:35 2025: Dispatch Server: stopping mainFifo_
Tue Dec 16 16:55:35 2025: XCD main fifo: Stopping
Tue Dec 16 16:55:35 2025: XCD main fifo: do_read error code: Operation canceled
Tue Dec 16 16:55:35 2025: XCD main fifo: bytes_transferred: 0
Tue Dec 16 16:55:35 2025: SERVER: destructor for server bound to port 46883
Tue Dec 16 16:55:35 2025: XCD main fifo: Good unlink of /tmp/xcdmaina0e231b0-8dc7-40ac-b532-d5e83c0a81a5
Tue Dec 16 16:55:35 2025: Server exiting with status 0.
Tue Dec 16 16:55:35 2025: Closing log file.
Tue Dec 16 16:55:46 2025: Running xcd server. This server was built by gradle.
Tue Dec 16 16:55:46 2025: Server was asked to start on port: '35913'
Tue Dec 16 16:55:46 2025: Server is using token UUID: '06546cf1-ed24-477d-a363-0218259f6fe5'
Tue Dec 16 16:55:46 2025: SESSION_MGR: creating session with session uuid: '6d04a3e9-ade5-4ab9-8d63-1f78fcd2ec76' and name 'default'
Tue Dec 16 16:55:46 2025: Attempting to start server on port '35913'
Tue Dec 16 16:55:46 2025: XCD main fifo: created main fifo '/tmp/xcdmain06546cf1-ed24-477d-a363-0218259f6fe5', fd read = 12
Tue Dec 16 16:55:46 2025: Running Dispatch Server
Tue Dec 16 16:55:46 2025: Version 2.2.0
Tue Dec 16 16:55:47 2025: Dispatch Server: Accepted socket connection from client
Tue Dec 16 16:55:47 2025: Starting Socket connection
Tue Dec 16 16:55:47 2025: EXCHANGE_TOKEN received, server token: 06546cf1-ed24-477d-a363-0218259f6fe5, passed token: 06546cf1-ed24-477d-a363-0218259f6fe5
Tue Dec 16 16:55:47 2025: DISPATCH_HANDLER: Adding handler from function makeHandler in library libxv_system_diagram failed with exception: Could not dynamically load libxv_system_diagram.so
Tue Dec 16 16:55:47 2025: SESSION_MGR: creating session with session uuid: 'b5967bd5-33ce-4371-9fdd-93b1d5791a31' and name 'v++_compile_transformer_top'
Tue Dec 16 16:55:47 2025: KERNEL_SVC: creating session with uuid: 'b5967bd5-33ce-4371-9fdd-93b1d5791a31' and name 'v++_compile_transformer_top'
Tue Dec 16 16:55:47 2025: GUIDANCE_SMGR: creating guidance session with uuid: 'b5967bd5-33ce-4371-9fdd-93b1d5791a31' and name 'v++_compile_transformer_top'
Tue Dec 16 16:55:51 2025: Dispatch Server: Accepted socket connection from client
Tue Dec 16 16:55:51 2025: Starting Socket connection
Tue Dec 16 16:56:15 2025: SESSION_MGR: closing session for UUID 'b5967bd5-33ce-4371-9fdd-93b1d5791a31' with name 'v++_compile_transformer_top'
Tue Dec 16 16:56:15 2025: KERNEL_SVC: closing session for UUID 'b5967bd5-33ce-4371-9fdd-93b1d5791a31' with name 'v++_compile_transformer_top'
Tue Dec 16 16:56:15 2025: GUIDANCE_SMGR: closing session for UUID 'b5967bd5-33ce-4371-9fdd-93b1d5791a31' with name 'v++_compile_transformer_top'
Tue Dec 16 16:56:15 2025: STOP_SERVER received, server token: 06546cf1-ed24-477d-a363-0218259f6fe5, passed token: 06546cf1-ed24-477d-a363-0218259f6fe5
Tue Dec 16 16:56:15 2025: Socket received request to stop server.
Tue Dec 16 16:56:15 2025: Dispatch Server: do_await_stop
Tue Dec 16 16:56:15 2025: Dispatch Server: stopping mainFifo_
Tue Dec 16 16:56:15 2025: XCD main fifo: Stopping
Tue Dec 16 16:56:15 2025: XCD main fifo: do_read error code: Operation canceled
Tue Dec 16 16:56:15 2025: XCD main fifo: bytes_transferred: 0
Tue Dec 16 16:56:15 2025: SERVER: destructor for server bound to port 35913
Tue Dec 16 16:56:15 2025: XCD main fifo: Good unlink of /tmp/xcdmain06546cf1-ed24-477d-a363-0218259f6fe5
Tue Dec 16 16:56:15 2025: Server exiting with status 0.
Tue Dec 16 16:56:15 2025: Closing log file.
Tue Dec 16 17:06:09 2025: Running xcd server. This server was built by gradle.
Tue Dec 16 17:06:09 2025: Server was asked to start on port: '45559'
Tue Dec 16 17:06:09 2025: Server is using token UUID: '522e818e-04fc-443c-b8d8-70bff23d2a74'
Tue Dec 16 17:06:09 2025: SESSION_MGR: creating session with session uuid: '6d04a3e9-ade5-4ab9-8d63-1f78fcd2ec76' and name 'default'
Tue Dec 16 17:06:09 2025: Attempting to start server on port '45559'
Tue Dec 16 17:06:09 2025: XCD main fifo: created main fifo '/tmp/xcdmain522e818e-04fc-443c-b8d8-70bff23d2a74', fd read = 12
Tue Dec 16 17:06:09 2025: Running Dispatch Server
Tue Dec 16 17:06:09 2025: Version 2.2.0
Tue Dec 16 17:06:10 2025: Dispatch Server: Accepted socket connection from client
Tue Dec 16 17:06:10 2025: Starting Socket connection
Tue Dec 16 17:06:10 2025: EXCHANGE_TOKEN received, server token: 522e818e-04fc-443c-b8d8-70bff23d2a74, passed token: 522e818e-04fc-443c-b8d8-70bff23d2a74
Tue Dec 16 17:06:10 2025: DISPATCH_HANDLER: Adding handler from function makeHandler in library libxv_system_diagram failed with exception: Could not dynamically load libxv_system_diagram.so
Tue Dec 16 17:06:10 2025: SESSION_MGR: creating session with session uuid: '493515d7-1f4a-4780-a974-22546d77d757' and name 'vitis-run_compile_transformer_top'
Tue Dec 16 17:06:10 2025: KERNEL_SVC: creating session with uuid: '493515d7-1f4a-4780-a974-22546d77d757' and name 'vitis-run_compile_transformer_top'
Tue Dec 16 17:06:10 2025: GUIDANCE_SMGR: creating guidance session with uuid: '493515d7-1f4a-4780-a974-22546d77d757' and name 'vitis-run_compile_transformer_top'
Tue Dec 16 17:06:14 2025: Dispatch Server: Accepted socket connection from client
Tue Dec 16 17:06:14 2025: Starting Socket connection
Tue Dec 16 17:06:14 2025: SESSION_MGR: closing session for UUID '493515d7-1f4a-4780-a974-22546d77d757' with name 'vitis-run_compile_transformer_top'
Tue Dec 16 17:06:14 2025: KERNEL_SVC: closing session for UUID '493515d7-1f4a-4780-a974-22546d77d757' with name 'vitis-run_compile_transformer_top'
Tue Dec 16 17:06:14 2025: GUIDANCE_SMGR: closing session for UUID '493515d7-1f4a-4780-a974-22546d77d757' with name 'vitis-run_compile_transformer_top'
Tue Dec 16 17:06:14 2025: STOP_SERVER received, server token: 522e818e-04fc-443c-b8d8-70bff23d2a74, passed token: 522e818e-04fc-443c-b8d8-70bff23d2a74
Tue Dec 16 17:06:14 2025: Socket received request to stop server.
Tue Dec 16 17:06:14 2025: Dispatch Server: do_await_stop
Tue Dec 16 17:06:14 2025: Dispatch Server: stopping mainFifo_
Tue Dec 16 17:06:14 2025: XCD main fifo: Stopping
Tue Dec 16 17:06:14 2025: XCD main fifo: do_read error code: Operation canceled
Tue Dec 16 17:06:14 2025: XCD main fifo: bytes_transferred: 0
Tue Dec 16 17:06:14 2025: SERVER: destructor for server bound to port 45559
Tue Dec 16 17:06:14 2025: XCD main fifo: Good unlink of /tmp/xcdmain522e818e-04fc-443c-b8d8-70bff23d2a74
Tue Dec 16 17:06:14 2025: Server exiting with status 0.
Tue Dec 16 17:06:14 2025: Closing log file.
Tue Dec 16 17:06:24 2025: Running xcd server. This server was built by gradle.
Tue Dec 16 17:06:24 2025: Server was asked to start on port: '45359'
Tue Dec 16 17:06:24 2025: Server is using token UUID: '093045eb-1885-4737-a506-f77f6192ef4f'
Tue Dec 16 17:06:24 2025: SESSION_MGR: creating session with session uuid: '6d04a3e9-ade5-4ab9-8d63-1f78fcd2ec76' and name 'default'
Tue Dec 16 17:06:24 2025: Attempting to start server on port '45359'
Tue Dec 16 17:06:24 2025: XCD main fifo: created main fifo '/tmp/xcdmain093045eb-1885-4737-a506-f77f6192ef4f', fd read = 12
Tue Dec 16 17:06:24 2025: Running Dispatch Server
Tue Dec 16 17:06:24 2025: Version 2.2.0
Tue Dec 16 17:06:26 2025: Dispatch Server: Accepted socket connection from client
Tue Dec 16 17:06:26 2025: Starting Socket connection
Tue Dec 16 17:06:26 2025: EXCHANGE_TOKEN received, server token: 093045eb-1885-4737-a506-f77f6192ef4f, passed token: 093045eb-1885-4737-a506-f77f6192ef4f
Tue Dec 16 17:06:26 2025: DISPATCH_HANDLER: Adding handler from function makeHandler in library libxv_system_diagram failed with exception: Could not dynamically load libxv_system_diagram.so
Tue Dec 16 17:06:26 2025: SESSION_MGR: creating session with session uuid: '251bf697-a0a2-4f0c-8f50-2dbc5f3c764d' and name 'v++_compile_transformer_top'
Tue Dec 16 17:06:26 2025: KERNEL_SVC: creating session with uuid: '251bf697-a0a2-4f0c-8f50-2dbc5f3c764d' and name 'v++_compile_transformer_top'
Tue Dec 16 17:06:26 2025: GUIDANCE_SMGR: creating guidance session with uuid: '251bf697-a0a2-4f0c-8f50-2dbc5f3c764d' and name 'v++_compile_transformer_top'
Tue Dec 16 17:06:30 2025: Dispatch Server: Accepted socket connection from client
Tue Dec 16 17:06:30 2025: Starting Socket connection
Tue Dec 16 17:06:53 2025: SESSION_MGR: closing session for UUID '251bf697-a0a2-4f0c-8f50-2dbc5f3c764d' with name 'v++_compile_transformer_top'
Tue Dec 16 17:06:53 2025: KERNEL_SVC: closing session for UUID '251bf697-a0a2-4f0c-8f50-2dbc5f3c764d' with name 'v++_compile_transformer_top'
Tue Dec 16 17:06:53 2025: GUIDANCE_SMGR: closing session for UUID '251bf697-a0a2-4f0c-8f50-2dbc5f3c764d' with name 'v++_compile_transformer_top'
Tue Dec 16 17:06:53 2025: STOP_SERVER received, server token: 093045eb-1885-4737-a506-f77f6192ef4f, passed token: 093045eb-1885-4737-a506-f77f6192ef4f
Tue Dec 16 17:06:53 2025: Socket received request to stop server.
Tue Dec 16 17:06:53 2025: Dispatch Server: do_await_stop
Tue Dec 16 17:06:53 2025: Dispatch Server: stopping mainFifo_
Tue Dec 16 17:06:53 2025: XCD main fifo: Stopping
Tue Dec 16 17:06:53 2025: XCD main fifo: do_read error code: Operation canceled
Tue Dec 16 17:06:53 2025: XCD main fifo: bytes_transferred: 0
Tue Dec 16 17:06:53 2025: SERVER: destructor for server bound to port 45359
Tue Dec 16 17:06:53 2025: XCD main fifo: Good unlink of /tmp/xcdmain093045eb-1885-4737-a506-f77f6192ef4f
Tue Dec 16 17:06:53 2025: Server exiting with status 0.
Tue Dec 16 17:06:53 2025: Closing log file.
Tue Dec 16 21:25:51 2025: Running xcd server. This server was built by gradle.
Tue Dec 16 21:25:51 2025: Server was asked to start on port: '45361'
Tue Dec 16 21:25:51 2025: Server is using token UUID: 'b0023415-b178-4e17-8bc0-ff47080970fe'
Tue Dec 16 21:25:51 2025: SESSION_MGR: creating session with session uuid: '6d04a3e9-ade5-4ab9-8d63-1f78fcd2ec76' and name 'default'
Tue Dec 16 21:25:51 2025: Attempting to start server on port '45361'
Tue Dec 16 21:25:51 2025: XCD main fifo: created main fifo '/tmp/xcdmainb0023415-b178-4e17-8bc0-ff47080970fe', fd read = 12
Tue Dec 16 21:25:51 2025: Running Dispatch Server
Tue Dec 16 21:25:51 2025: Version 2.2.0
Tue Dec 16 21:25:52 2025: Dispatch Server: Accepted socket connection from client
Tue Dec 16 21:25:52 2025: Starting Socket connection
Tue Dec 16 21:25:52 2025: EXCHANGE_TOKEN received, server token: b0023415-b178-4e17-8bc0-ff47080970fe, passed token: b0023415-b178-4e17-8bc0-ff47080970fe
Tue Dec 16 21:25:52 2025: DISPATCH_HANDLER: Adding handler from function makeHandler in library libxv_system_diagram failed with exception: Could not dynamically load libxv_system_diagram.so
Tue Dec 16 21:25:52 2025: SESSION_MGR: creating session with session uuid: '9d236c8b-a85c-429e-bf70-40ecabdcd3c1' and name 'vitis-run_compile_transformer_top'
Tue Dec 16 21:25:52 2025: KERNEL_SVC: creating session with uuid: '9d236c8b-a85c-429e-bf70-40ecabdcd3c1' and name 'vitis-run_compile_transformer_top'
Tue Dec 16 21:25:52 2025: GUIDANCE_SMGR: creating guidance session with uuid: '9d236c8b-a85c-429e-bf70-40ecabdcd3c1' and name 'vitis-run_compile_transformer_top'
Tue Dec 16 21:25:56 2025: Dispatch Server: Accepted socket connection from client
Tue Dec 16 21:25:56 2025: Starting Socket connection
Tue Dec 16 21:25:57 2025: SESSION_MGR: closing session for UUID '9d236c8b-a85c-429e-bf70-40ecabdcd3c1' with name 'vitis-run_compile_transformer_top'
Tue Dec 16 21:25:57 2025: KERNEL_SVC: closing session for UUID '9d236c8b-a85c-429e-bf70-40ecabdcd3c1' with name 'vitis-run_compile_transformer_top'
Tue Dec 16 21:25:57 2025: GUIDANCE_SMGR: closing session for UUID '9d236c8b-a85c-429e-bf70-40ecabdcd3c1' with name 'vitis-run_compile_transformer_top'
Tue Dec 16 21:25:57 2025: STOP_SERVER received, server token: b0023415-b178-4e17-8bc0-ff47080970fe, passed token: b0023415-b178-4e17-8bc0-ff47080970fe
Tue Dec 16 21:25:57 2025: Socket received request to stop server.
Tue Dec 16 21:25:57 2025: Dispatch Server: do_await_stop
Tue Dec 16 21:25:57 2025: Dispatch Server: stopping mainFifo_
Tue Dec 16 21:25:57 2025: XCD main fifo: Stopping
Tue Dec 16 21:25:57 2025: XCD main fifo: do_read error code: Operation canceled
Tue Dec 16 21:25:57 2025: XCD main fifo: bytes_transferred: 0
Tue Dec 16 21:25:57 2025: SERVER: destructor for server bound to port 45361
Tue Dec 16 21:25:57 2025: XCD main fifo: Good unlink of /tmp/xcdmainb0023415-b178-4e17-8bc0-ff47080970fe
Tue Dec 16 21:25:57 2025: Server exiting with status 0.
Tue Dec 16 21:25:57 2025: Closing log file.
Tue Dec 16 21:28:05 2025: Running xcd server. This server was built by gradle.
Tue Dec 16 21:28:05 2025: Server was asked to start on port: '37461'
Tue Dec 16 21:28:05 2025: Server is using token UUID: 'b8e4a05c-a93b-40db-94d6-067e1037c150'
Tue Dec 16 21:28:05 2025: SESSION_MGR: creating session with session uuid: '6d04a3e9-ade5-4ab9-8d63-1f78fcd2ec76' and name 'default'
Tue Dec 16 21:28:05 2025: Attempting to start server on port '37461'
Tue Dec 16 21:28:05 2025: XCD main fifo: created main fifo '/tmp/xcdmainb8e4a05c-a93b-40db-94d6-067e1037c150', fd read = 12
Tue Dec 16 21:28:05 2025: Running Dispatch Server
Tue Dec 16 21:28:05 2025: Version 2.2.0
Tue Dec 16 21:28:06 2025: Dispatch Server: Accepted socket connection from client
Tue Dec 16 21:28:06 2025: Starting Socket connection
Tue Dec 16 21:28:06 2025: EXCHANGE_TOKEN received, server token: b8e4a05c-a93b-40db-94d6-067e1037c150, passed token: b8e4a05c-a93b-40db-94d6-067e1037c150
Tue Dec 16 21:28:07 2025: DISPATCH_HANDLER: Adding handler from function makeHandler in library libxv_system_diagram failed with exception: Could not dynamically load libxv_system_diagram.so
Tue Dec 16 21:28:07 2025: SESSION_MGR: creating session with session uuid: 'd63b6035-0bbf-4569-818a-df547bc50cbb' and name 'vitis-run_compile_transformer_top'
Tue Dec 16 21:28:07 2025: KERNEL_SVC: creating session with uuid: 'd63b6035-0bbf-4569-818a-df547bc50cbb' and name 'vitis-run_compile_transformer_top'
Tue Dec 16 21:28:07 2025: GUIDANCE_SMGR: creating guidance session with uuid: 'd63b6035-0bbf-4569-818a-df547bc50cbb' and name 'vitis-run_compile_transformer_top'
Tue Dec 16 21:28:10 2025: Dispatch Server: Accepted socket connection from client
Tue Dec 16 21:28:10 2025: Starting Socket connection
Tue Dec 16 21:28:11 2025: SESSION_MGR: closing session for UUID 'd63b6035-0bbf-4569-818a-df547bc50cbb' with name 'vitis-run_compile_transformer_top'
Tue Dec 16 21:28:11 2025: KERNEL_SVC: closing session for UUID 'd63b6035-0bbf-4569-818a-df547bc50cbb' with name 'vitis-run_compile_transformer_top'
Tue Dec 16 21:28:11 2025: GUIDANCE_SMGR: closing session for UUID 'd63b6035-0bbf-4569-818a-df547bc50cbb' with name 'vitis-run_compile_transformer_top'
Tue Dec 16 21:28:11 2025: STOP_SERVER received, server token: b8e4a05c-a93b-40db-94d6-067e1037c150, passed token: b8e4a05c-a93b-40db-94d6-067e1037c150
Tue Dec 16 21:28:11 2025: Socket received request to stop server.
Tue Dec 16 21:28:11 2025: Dispatch Server: do_await_stop
Tue Dec 16 21:28:11 2025: Dispatch Server: stopping mainFifo_
Tue Dec 16 21:28:11 2025: XCD main fifo: Stopping
Tue Dec 16 21:28:11 2025: XCD main fifo: do_read error code: Operation canceled
Tue Dec 16 21:28:11 2025: XCD main fifo: bytes_transferred: 0
Tue Dec 16 21:28:11 2025: SERVER: destructor for server bound to port 37461
Tue Dec 16 21:28:11 2025: XCD main fifo: Good unlink of /tmp/xcdmainb8e4a05c-a93b-40db-94d6-067e1037c150
Tue Dec 16 21:28:11 2025: Server exiting with status 0.
Tue Dec 16 21:28:11 2025: Closing log file.
Tue Dec 16 21:33:52 2025: Running xcd server. This server was built by gradle.
Tue Dec 16 21:33:52 2025: Server was asked to start on port: '40505'
Tue Dec 16 21:33:52 2025: Server is using token UUID: 'e73a1901-593d-4afd-bb3c-6cdb52a86fde'
Tue Dec 16 21:33:52 2025: SESSION_MGR: creating session with session uuid: '6d04a3e9-ade5-4ab9-8d63-1f78fcd2ec76' and name 'default'
Tue Dec 16 21:33:52 2025: Attempting to start server on port '40505'
Tue Dec 16 21:33:52 2025: XCD main fifo: created main fifo '/tmp/xcdmaine73a1901-593d-4afd-bb3c-6cdb52a86fde', fd read = 12
Tue Dec 16 21:33:52 2025: Running Dispatch Server
Tue Dec 16 21:33:52 2025: Version 2.2.0
Tue Dec 16 21:33:53 2025: Dispatch Server: Accepted socket connection from client
Tue Dec 16 21:33:53 2025: Starting Socket connection
Tue Dec 16 21:33:53 2025: EXCHANGE_TOKEN received, server token: e73a1901-593d-4afd-bb3c-6cdb52a86fde, passed token: e73a1901-593d-4afd-bb3c-6cdb52a86fde
Tue Dec 16 21:33:53 2025: DISPATCH_HANDLER: Adding handler from function makeHandler in library libxv_system_diagram failed with exception: Could not dynamically load libxv_system_diagram.so
Tue Dec 16 21:33:53 2025: SESSION_MGR: creating session with session uuid: '77bcec3e-8398-451b-b5aa-7959f02fa090' and name 'vitis-run_compile_transformer_top'
Tue Dec 16 21:33:53 2025: KERNEL_SVC: creating session with uuid: '77bcec3e-8398-451b-b5aa-7959f02fa090' and name 'vitis-run_compile_transformer_top'
Tue Dec 16 21:33:53 2025: GUIDANCE_SMGR: creating guidance session with uuid: '77bcec3e-8398-451b-b5aa-7959f02fa090' and name 'vitis-run_compile_transformer_top'
Tue Dec 16 21:33:57 2025: Dispatch Server: Accepted socket connection from client
Tue Dec 16 21:33:57 2025: Starting Socket connection
Tue Dec 16 21:33:57 2025: SESSION_MGR: closing session for UUID '77bcec3e-8398-451b-b5aa-7959f02fa090' with name 'vitis-run_compile_transformer_top'
Tue Dec 16 21:33:57 2025: KERNEL_SVC: closing session for UUID '77bcec3e-8398-451b-b5aa-7959f02fa090' with name 'vitis-run_compile_transformer_top'
Tue Dec 16 21:33:57 2025: GUIDANCE_SMGR: closing session for UUID '77bcec3e-8398-451b-b5aa-7959f02fa090' with name 'vitis-run_compile_transformer_top'
Tue Dec 16 21:33:57 2025: STOP_SERVER received, server token: e73a1901-593d-4afd-bb3c-6cdb52a86fde, passed token: e73a1901-593d-4afd-bb3c-6cdb52a86fde
Tue Dec 16 21:33:57 2025: Socket received request to stop server.
Tue Dec 16 21:33:57 2025: Dispatch Server: do_await_stop
Tue Dec 16 21:33:57 2025: Dispatch Server: stopping mainFifo_
Tue Dec 16 21:33:57 2025: XCD main fifo: Stopping
Tue Dec 16 21:33:57 2025: XCD main fifo: do_read error code: Operation canceled
Tue Dec 16 21:33:57 2025: XCD main fifo: bytes_transferred: 0
Tue Dec 16 21:33:57 2025: SERVER: destructor for server bound to port 40505
Tue Dec 16 21:33:57 2025: XCD main fifo: Good unlink of /tmp/xcdmaine73a1901-593d-4afd-bb3c-6cdb52a86fde
Tue Dec 16 21:33:57 2025: Server exiting with status 0.
Tue Dec 16 21:33:57 2025: Closing log file.
Tue Dec 16 21:37:17 2025: Running xcd server. This server was built by gradle.
Tue Dec 16 21:37:17 2025: Server was asked to start on port: '46099'
Tue Dec 16 21:37:17 2025: Server is using token UUID: '70b85c8c-c5b5-40f9-9ab3-dddcf927a4c9'
Tue Dec 16 21:37:17 2025: SESSION_MGR: creating session with session uuid: '6d04a3e9-ade5-4ab9-8d63-1f78fcd2ec76' and name 'default'
Tue Dec 16 21:37:17 2025: Attempting to start server on port '46099'
Tue Dec 16 21:37:17 2025: XCD main fifo: created main fifo '/tmp/xcdmain70b85c8c-c5b5-40f9-9ab3-dddcf927a4c9', fd read = 12
Tue Dec 16 21:37:17 2025: Running Dispatch Server
Tue Dec 16 21:37:17 2025: Version 2.2.0
Tue Dec 16 21:37:18 2025: Dispatch Server: Accepted socket connection from client
Tue Dec 16 21:37:18 2025: Starting Socket connection
Tue Dec 16 21:37:18 2025: EXCHANGE_TOKEN received, server token: 70b85c8c-c5b5-40f9-9ab3-dddcf927a4c9, passed token: 70b85c8c-c5b5-40f9-9ab3-dddcf927a4c9
Tue Dec 16 21:37:18 2025: DISPATCH_HANDLER: Adding handler from function makeHandler in library libxv_system_diagram failed with exception: Could not dynamically load libxv_system_diagram.so
Tue Dec 16 21:37:18 2025: SESSION_MGR: creating session with session uuid: '3fa07562-1077-4657-a029-f57a290d6336' and name 'vitis-run_compile_transformer_top'
Tue Dec 16 21:37:18 2025: KERNEL_SVC: creating session with uuid: '3fa07562-1077-4657-a029-f57a290d6336' and name 'vitis-run_compile_transformer_top'
Tue Dec 16 21:37:18 2025: GUIDANCE_SMGR: creating guidance session with uuid: '3fa07562-1077-4657-a029-f57a290d6336' and name 'vitis-run_compile_transformer_top'
Tue Dec 16 21:37:22 2025: Dispatch Server: Accepted socket connection from client
Tue Dec 16 21:37:22 2025: Starting Socket connection
Tue Dec 16 21:37:23 2025: SESSION_MGR: closing session for UUID '3fa07562-1077-4657-a029-f57a290d6336' with name 'vitis-run_compile_transformer_top'
Tue Dec 16 21:37:23 2025: KERNEL_SVC: closing session for UUID '3fa07562-1077-4657-a029-f57a290d6336' with name 'vitis-run_compile_transformer_top'
Tue Dec 16 21:37:23 2025: GUIDANCE_SMGR: closing session for UUID '3fa07562-1077-4657-a029-f57a290d6336' with name 'vitis-run_compile_transformer_top'
Tue Dec 16 21:37:23 2025: STOP_SERVER received, server token: 70b85c8c-c5b5-40f9-9ab3-dddcf927a4c9, passed token: 70b85c8c-c5b5-40f9-9ab3-dddcf927a4c9
Tue Dec 16 21:37:23 2025: Socket received request to stop server.
Tue Dec 16 21:37:23 2025: Dispatch Server: do_await_stop
Tue Dec 16 21:37:23 2025: Dispatch Server: stopping mainFifo_
Tue Dec 16 21:37:23 2025: XCD main fifo: Stopping
Tue Dec 16 21:37:23 2025: XCD main fifo: do_read error code: Operation canceled
Tue Dec 16 21:37:23 2025: XCD main fifo: bytes_transferred: 0
Tue Dec 16 21:37:23 2025: SERVER: destructor for server bound to port 46099
Tue Dec 16 21:37:23 2025: XCD main fifo: Good unlink of /tmp/xcdmain70b85c8c-c5b5-40f9-9ab3-dddcf927a4c9
Tue Dec 16 21:37:23 2025: Server exiting with status 0.
Tue Dec 16 21:37:23 2025: Closing log file.
Tue Dec 16 21:38:49 2025: Running xcd server. This server was built by gradle.
Tue Dec 16 21:38:49 2025: Server was asked to start on port: '39231'
Tue Dec 16 21:38:49 2025: Server is using token UUID: '3e77ad78-4d44-424d-a1f0-7ef451393e3b'
Tue Dec 16 21:38:49 2025: SESSION_MGR: creating session with session uuid: '6d04a3e9-ade5-4ab9-8d63-1f78fcd2ec76' and name 'default'
Tue Dec 16 21:38:49 2025: Attempting to start server on port '39231'
Tue Dec 16 21:38:49 2025: XCD main fifo: created main fifo '/tmp/xcdmain3e77ad78-4d44-424d-a1f0-7ef451393e3b', fd read = 12
Tue Dec 16 21:38:49 2025: Running Dispatch Server
Tue Dec 16 21:38:49 2025: Version 2.2.0
Tue Dec 16 21:38:50 2025: Dispatch Server: Accepted socket connection from client
Tue Dec 16 21:38:50 2025: Starting Socket connection
Tue Dec 16 21:38:50 2025: EXCHANGE_TOKEN received, server token: 3e77ad78-4d44-424d-a1f0-7ef451393e3b, passed token: 3e77ad78-4d44-424d-a1f0-7ef451393e3b
Tue Dec 16 21:38:50 2025: DISPATCH_HANDLER: Adding handler from function makeHandler in library libxv_system_diagram failed with exception: Could not dynamically load libxv_system_diagram.so
Tue Dec 16 21:38:50 2025: SESSION_MGR: creating session with session uuid: 'b427e9d7-1be0-4de1-97fd-b1d2953c7205' and name 'vitis-run_compile_transformer_top'
Tue Dec 16 21:38:50 2025: KERNEL_SVC: creating session with uuid: 'b427e9d7-1be0-4de1-97fd-b1d2953c7205' and name 'vitis-run_compile_transformer_top'
Tue Dec 16 21:38:50 2025: GUIDANCE_SMGR: creating guidance session with uuid: 'b427e9d7-1be0-4de1-97fd-b1d2953c7205' and name 'vitis-run_compile_transformer_top'
Tue Dec 16 21:38:54 2025: Dispatch Server: Accepted socket connection from client
Tue Dec 16 21:38:54 2025: Starting Socket connection
Tue Dec 16 21:38:55 2025: SESSION_MGR: closing session for UUID 'b427e9d7-1be0-4de1-97fd-b1d2953c7205' with name 'vitis-run_compile_transformer_top'
Tue Dec 16 21:38:55 2025: KERNEL_SVC: closing session for UUID 'b427e9d7-1be0-4de1-97fd-b1d2953c7205' with name 'vitis-run_compile_transformer_top'
Tue Dec 16 21:38:55 2025: GUIDANCE_SMGR: closing session for UUID 'b427e9d7-1be0-4de1-97fd-b1d2953c7205' with name 'vitis-run_compile_transformer_top'
Tue Dec 16 21:38:55 2025: STOP_SERVER received, server token: 3e77ad78-4d44-424d-a1f0-7ef451393e3b, passed token: 3e77ad78-4d44-424d-a1f0-7ef451393e3b
Tue Dec 16 21:38:55 2025: Socket received request to stop server.
Tue Dec 16 21:38:55 2025: Dispatch Server: do_await_stop
Tue Dec 16 21:38:55 2025: Dispatch Server: stopping mainFifo_
Tue Dec 16 21:38:55 2025: XCD main fifo: Stopping
Tue Dec 16 21:38:55 2025: XCD main fifo: do_read error code: Operation canceled
Tue Dec 16 21:38:55 2025: XCD main fifo: bytes_transferred: 0
Tue Dec 16 21:38:55 2025: SERVER: destructor for server bound to port 39231
Tue Dec 16 21:38:55 2025: XCD main fifo: Good unlink of /tmp/xcdmain3e77ad78-4d44-424d-a1f0-7ef451393e3b
Tue Dec 16 21:38:55 2025: Server exiting with status 0.
Tue Dec 16 21:38:55 2025: Closing log file.
Tue Dec 16 21:40:50 2025: Running xcd server. This server was built by gradle.
Tue Dec 16 21:40:50 2025: Server was asked to start on port: '44203'
Tue Dec 16 21:40:50 2025: Server is using token UUID: '7a2132f4-66e6-4f94-84bf-8dc922d74025'
Tue Dec 16 21:40:50 2025: SESSION_MGR: creating session with session uuid: '6d04a3e9-ade5-4ab9-8d63-1f78fcd2ec76' and name 'default'
Tue Dec 16 21:40:50 2025: Attempting to start server on port '44203'
Tue Dec 16 21:40:50 2025: XCD main fifo: created main fifo '/tmp/xcdmain7a2132f4-66e6-4f94-84bf-8dc922d74025', fd read = 12
Tue Dec 16 21:40:50 2025: Running Dispatch Server
Tue Dec 16 21:40:50 2025: Version 2.2.0
Tue Dec 16 21:40:51 2025: Dispatch Server: Accepted socket connection from client
Tue Dec 16 21:40:51 2025: Starting Socket connection
Tue Dec 16 21:40:51 2025: EXCHANGE_TOKEN received, server token: 7a2132f4-66e6-4f94-84bf-8dc922d74025, passed token: 7a2132f4-66e6-4f94-84bf-8dc922d74025
Tue Dec 16 21:40:51 2025: DISPATCH_HANDLER: Adding handler from function makeHandler in library libxv_system_diagram failed with exception: Could not dynamically load libxv_system_diagram.so
Tue Dec 16 21:40:51 2025: SESSION_MGR: creating session with session uuid: '669f446c-8762-4473-be3d-cc1e68bd51f9' and name 'vitis-run_compile_transformer_top'
Tue Dec 16 21:40:51 2025: KERNEL_SVC: creating session with uuid: '669f446c-8762-4473-be3d-cc1e68bd51f9' and name 'vitis-run_compile_transformer_top'
Tue Dec 16 21:40:51 2025: GUIDANCE_SMGR: creating guidance session with uuid: '669f446c-8762-4473-be3d-cc1e68bd51f9' and name 'vitis-run_compile_transformer_top'
Tue Dec 16 21:40:55 2025: Dispatch Server: Accepted socket connection from client
Tue Dec 16 21:40:55 2025: Starting Socket connection
Tue Dec 16 21:40:57 2025: SESSION_MGR: closing session for UUID '669f446c-8762-4473-be3d-cc1e68bd51f9' with name 'vitis-run_compile_transformer_top'
Tue Dec 16 21:40:57 2025: KERNEL_SVC: closing session for UUID '669f446c-8762-4473-be3d-cc1e68bd51f9' with name 'vitis-run_compile_transformer_top'
Tue Dec 16 21:40:57 2025: GUIDANCE_SMGR: closing session for UUID '669f446c-8762-4473-be3d-cc1e68bd51f9' with name 'vitis-run_compile_transformer_top'
Tue Dec 16 21:40:57 2025: STOP_SERVER received, server token: 7a2132f4-66e6-4f94-84bf-8dc922d74025, passed token: 7a2132f4-66e6-4f94-84bf-8dc922d74025
Tue Dec 16 21:40:57 2025: Socket received request to stop server.
Tue Dec 16 21:40:57 2025: Dispatch Server: do_await_stop
Tue Dec 16 21:40:57 2025: Dispatch Server: stopping mainFifo_
Tue Dec 16 21:40:57 2025: XCD main fifo: Stopping
Tue Dec 16 21:40:57 2025: XCD main fifo: do_read error code: Operation canceled
Tue Dec 16 21:40:57 2025: XCD main fifo: bytes_transferred: 0
Tue Dec 16 21:40:57 2025: SERVER: destructor for server bound to port 44203
Tue Dec 16 21:40:57 2025: XCD main fifo: Good unlink of /tmp/xcdmain7a2132f4-66e6-4f94-84bf-8dc922d74025
Tue Dec 16 21:40:57 2025: Server exiting with status 0.
Tue Dec 16 21:40:57 2025: Closing log file.
Tue Dec 16 21:43:42 2025: Running xcd server. This server was built by gradle.
Tue Dec 16 21:43:42 2025: Server was asked to start on port: '43661'
Tue Dec 16 21:43:42 2025: Server is using token UUID: '67eb26a4-957e-4a17-be0d-bd7b1f33e4e9'
Tue Dec 16 21:43:42 2025: SESSION_MGR: creating session with session uuid: '6d04a3e9-ade5-4ab9-8d63-1f78fcd2ec76' and name 'default'
Tue Dec 16 21:43:42 2025: Attempting to start server on port '43661'
Tue Dec 16 21:43:42 2025: XCD main fifo: created main fifo '/tmp/xcdmain67eb26a4-957e-4a17-be0d-bd7b1f33e4e9', fd read = 12
Tue Dec 16 21:43:42 2025: Running Dispatch Server
Tue Dec 16 21:43:42 2025: Version 2.2.0
Tue Dec 16 21:43:43 2025: Dispatch Server: Accepted socket connection from client
Tue Dec 16 21:43:43 2025: Starting Socket connection
Tue Dec 16 21:43:43 2025: EXCHANGE_TOKEN received, server token: 67eb26a4-957e-4a17-be0d-bd7b1f33e4e9, passed token: 67eb26a4-957e-4a17-be0d-bd7b1f33e4e9
Tue Dec 16 21:43:43 2025: DISPATCH_HANDLER: Adding handler from function makeHandler in library libxv_system_diagram failed with exception: Could not dynamically load libxv_system_diagram.so
Tue Dec 16 21:43:43 2025: SESSION_MGR: creating session with session uuid: '33dd23ea-b79a-43c4-b334-7c6e13eeb49d' and name 'vitis-run_compile_transformer_top'
Tue Dec 16 21:43:43 2025: KERNEL_SVC: creating session with uuid: '33dd23ea-b79a-43c4-b334-7c6e13eeb49d' and name 'vitis-run_compile_transformer_top'
Tue Dec 16 21:43:43 2025: GUIDANCE_SMGR: creating guidance session with uuid: '33dd23ea-b79a-43c4-b334-7c6e13eeb49d' and name 'vitis-run_compile_transformer_top'
Tue Dec 16 21:43:47 2025: Dispatch Server: Accepted socket connection from client
Tue Dec 16 21:43:47 2025: Starting Socket connection
Tue Dec 16 21:43:49 2025: SESSION_MGR: closing session for UUID '33dd23ea-b79a-43c4-b334-7c6e13eeb49d' with name 'vitis-run_compile_transformer_top'
Tue Dec 16 21:43:49 2025: KERNEL_SVC: closing session for UUID '33dd23ea-b79a-43c4-b334-7c6e13eeb49d' with name 'vitis-run_compile_transformer_top'
Tue Dec 16 21:43:49 2025: GUIDANCE_SMGR: closing session for UUID '33dd23ea-b79a-43c4-b334-7c6e13eeb49d' with name 'vitis-run_compile_transformer_top'
Tue Dec 16 21:43:49 2025: STOP_SERVER received, server token: 67eb26a4-957e-4a17-be0d-bd7b1f33e4e9, passed token: 67eb26a4-957e-4a17-be0d-bd7b1f33e4e9
Tue Dec 16 21:43:49 2025: Socket received request to stop server.
Tue Dec 16 21:43:49 2025: Dispatch Server: do_await_stop
Tue Dec 16 21:43:49 2025: Dispatch Server: stopping mainFifo_
Tue Dec 16 21:43:49 2025: XCD main fifo: Stopping
Tue Dec 16 21:43:49 2025: XCD main fifo: do_read error code: Operation canceled
Tue Dec 16 21:43:49 2025: XCD main fifo: bytes_transferred: 0
Tue Dec 16 21:43:49 2025: SERVER: destructor for server bound to port 43661
Tue Dec 16 21:43:49 2025: XCD main fifo: Good unlink of /tmp/xcdmain67eb26a4-957e-4a17-be0d-bd7b1f33e4e9
Tue Dec 16 21:43:49 2025: Server exiting with status 0.
Tue Dec 16 21:43:49 2025: Closing log file.
Tue Dec 16 21:45:34 2025: Running xcd server. This server was built by gradle.
Tue Dec 16 21:45:34 2025: Server was asked to start on port: '38721'
Tue Dec 16 21:45:34 2025: Server is using token UUID: '07fd5094-8d85-4e63-93a8-1b205367d203'
Tue Dec 16 21:45:34 2025: SESSION_MGR: creating session with session uuid: '6d04a3e9-ade5-4ab9-8d63-1f78fcd2ec76' and name 'default'
Tue Dec 16 21:45:34 2025: Attempting to start server on port '38721'
Tue Dec 16 21:45:34 2025: XCD main fifo: created main fifo '/tmp/xcdmain07fd5094-8d85-4e63-93a8-1b205367d203', fd read = 12
Tue Dec 16 21:45:34 2025: Running Dispatch Server
Tue Dec 16 21:45:34 2025: Version 2.2.0
Tue Dec 16 21:45:35 2025: Dispatch Server: Accepted socket connection from client
Tue Dec 16 21:45:35 2025: Starting Socket connection
Tue Dec 16 21:45:35 2025: EXCHANGE_TOKEN received, server token: 07fd5094-8d85-4e63-93a8-1b205367d203, passed token: 07fd5094-8d85-4e63-93a8-1b205367d203
Tue Dec 16 21:45:35 2025: DISPATCH_HANDLER: Adding handler from function makeHandler in library libxv_system_diagram failed with exception: Could not dynamically load libxv_system_diagram.so
Tue Dec 16 21:45:35 2025: SESSION_MGR: creating session with session uuid: '046e7f94-7ea8-43cc-81c2-4eae48eb8d38' and name 'vitis-run_compile_transformer_top'
Tue Dec 16 21:45:35 2025: KERNEL_SVC: creating session with uuid: '046e7f94-7ea8-43cc-81c2-4eae48eb8d38' and name 'vitis-run_compile_transformer_top'
Tue Dec 16 21:45:35 2025: GUIDANCE_SMGR: creating guidance session with uuid: '046e7f94-7ea8-43cc-81c2-4eae48eb8d38' and name 'vitis-run_compile_transformer_top'
Tue Dec 16 21:45:39 2025: Dispatch Server: Accepted socket connection from client
Tue Dec 16 21:45:39 2025: Starting Socket connection
Tue Dec 16 21:45:41 2025: SESSION_MGR: closing session for UUID '046e7f94-7ea8-43cc-81c2-4eae48eb8d38' with name 'vitis-run_compile_transformer_top'
Tue Dec 16 21:45:41 2025: KERNEL_SVC: closing session for UUID '046e7f94-7ea8-43cc-81c2-4eae48eb8d38' with name 'vitis-run_compile_transformer_top'
Tue Dec 16 21:45:41 2025: GUIDANCE_SMGR: closing session for UUID '046e7f94-7ea8-43cc-81c2-4eae48eb8d38' with name 'vitis-run_compile_transformer_top'
Tue Dec 16 21:45:41 2025: STOP_SERVER received, server token: 07fd5094-8d85-4e63-93a8-1b205367d203, passed token: 07fd5094-8d85-4e63-93a8-1b205367d203
Tue Dec 16 21:45:41 2025: Socket received request to stop server.
Tue Dec 16 21:45:41 2025: Dispatch Server: do_await_stop
Tue Dec 16 21:45:41 2025: Dispatch Server: stopping mainFifo_
Tue Dec 16 21:45:41 2025: XCD main fifo: Stopping
Tue Dec 16 21:45:41 2025: XCD main fifo: do_read error code: Operation canceled
Tue Dec 16 21:45:41 2025: XCD main fifo: bytes_transferred: 0
Tue Dec 16 21:45:41 2025: SERVER: destructor for server bound to port 38721
Tue Dec 16 21:45:41 2025: XCD main fifo: Good unlink of /tmp/xcdmain07fd5094-8d85-4e63-93a8-1b205367d203
Tue Dec 16 21:45:41 2025: Server exiting with status 0.
Tue Dec 16 21:45:41 2025: Closing log file.
Tue Dec 16 21:47:51 2025: Running xcd server. This server was built by gradle.
Tue Dec 16 21:47:51 2025: Server was asked to start on port: '41319'
Tue Dec 16 21:47:51 2025: Server is using token UUID: 'cfffa542-01bd-4bf7-a95b-328661a552eb'
Tue Dec 16 21:47:51 2025: SESSION_MGR: creating session with session uuid: '6d04a3e9-ade5-4ab9-8d63-1f78fcd2ec76' and name 'default'
Tue Dec 16 21:47:51 2025: Attempting to start server on port '41319'
Tue Dec 16 21:47:51 2025: XCD main fifo: created main fifo '/tmp/xcdmaincfffa542-01bd-4bf7-a95b-328661a552eb', fd read = 12
Tue Dec 16 21:47:51 2025: Running Dispatch Server
Tue Dec 16 21:47:51 2025: Version 2.2.0
Tue Dec 16 21:47:53 2025: Dispatch Server: Accepted socket connection from client
Tue Dec 16 21:47:53 2025: Starting Socket connection
Tue Dec 16 21:47:53 2025: EXCHANGE_TOKEN received, server token: cfffa542-01bd-4bf7-a95b-328661a552eb, passed token: cfffa542-01bd-4bf7-a95b-328661a552eb
Tue Dec 16 21:47:53 2025: DISPATCH_HANDLER: Adding handler from function makeHandler in library libxv_system_diagram failed with exception: Could not dynamically load libxv_system_diagram.so
Tue Dec 16 21:47:53 2025: SESSION_MGR: creating session with session uuid: '39fbc7ac-d235-480a-b2df-1795e9c3680b' and name 'vitis-run_compile_transformer_top'
Tue Dec 16 21:47:53 2025: KERNEL_SVC: creating session with uuid: '39fbc7ac-d235-480a-b2df-1795e9c3680b' and name 'vitis-run_compile_transformer_top'
Tue Dec 16 21:47:53 2025: GUIDANCE_SMGR: creating guidance session with uuid: '39fbc7ac-d235-480a-b2df-1795e9c3680b' and name 'vitis-run_compile_transformer_top'
Tue Dec 16 21:47:56 2025: Dispatch Server: Accepted socket connection from client
Tue Dec 16 21:47:56 2025: Starting Socket connection
Tue Dec 16 21:47:58 2025: SESSION_MGR: closing session for UUID '39fbc7ac-d235-480a-b2df-1795e9c3680b' with name 'vitis-run_compile_transformer_top'
Tue Dec 16 21:47:58 2025: KERNEL_SVC: closing session for UUID '39fbc7ac-d235-480a-b2df-1795e9c3680b' with name 'vitis-run_compile_transformer_top'
Tue Dec 16 21:47:58 2025: GUIDANCE_SMGR: closing session for UUID '39fbc7ac-d235-480a-b2df-1795e9c3680b' with name 'vitis-run_compile_transformer_top'
Tue Dec 16 21:47:58 2025: STOP_SERVER received, server token: cfffa542-01bd-4bf7-a95b-328661a552eb, passed token: cfffa542-01bd-4bf7-a95b-328661a552eb
Tue Dec 16 21:47:58 2025: Socket received request to stop server.
Tue Dec 16 21:47:58 2025: Dispatch Server: do_await_stop
Tue Dec 16 21:47:58 2025: Dispatch Server: stopping mainFifo_
Tue Dec 16 21:47:58 2025: XCD main fifo: Stopping
Tue Dec 16 21:47:58 2025: XCD main fifo: do_read error code: Operation canceled
Tue Dec 16 21:47:58 2025: XCD main fifo: bytes_transferred: 0
Tue Dec 16 21:47:58 2025: SERVER: destructor for server bound to port 41319
Tue Dec 16 21:47:58 2025: XCD main fifo: Good unlink of /tmp/xcdmaincfffa542-01bd-4bf7-a95b-328661a552eb
Tue Dec 16 21:47:58 2025: Server exiting with status 0.
Tue Dec 16 21:47:58 2025: Closing log file.
Tue Dec 16 21:58:37 2025: Running xcd server. This server was built by gradle.
Tue Dec 16 21:58:37 2025: Server was asked to start on port: '46007'
Tue Dec 16 21:58:37 2025: Server is using token UUID: '8a019df5-077e-450c-bc97-e969116a1144'
Tue Dec 16 21:58:37 2025: SESSION_MGR: creating session with session uuid: '6d04a3e9-ade5-4ab9-8d63-1f78fcd2ec76' and name 'default'
Tue Dec 16 21:58:37 2025: Attempting to start server on port '46007'
Tue Dec 16 21:58:37 2025: XCD main fifo: created main fifo '/tmp/xcdmain8a019df5-077e-450c-bc97-e969116a1144', fd read = 12
Tue Dec 16 21:58:37 2025: Running Dispatch Server
Tue Dec 16 21:58:37 2025: Version 2.2.0
Tue Dec 16 21:58:39 2025: Dispatch Server: Accepted socket connection from client
Tue Dec 16 21:58:39 2025: Starting Socket connection
Tue Dec 16 21:58:39 2025: EXCHANGE_TOKEN received, server token: 8a019df5-077e-450c-bc97-e969116a1144, passed token: 8a019df5-077e-450c-bc97-e969116a1144
Tue Dec 16 21:58:39 2025: DISPATCH_HANDLER: Adding handler from function makeHandler in library libxv_system_diagram failed with exception: Could not dynamically load libxv_system_diagram.so
Tue Dec 16 21:58:39 2025: SESSION_MGR: creating session with session uuid: '0ff60492-4a0f-46eb-b6be-b85f4b9d8bd8' and name 'vitis-run_compile_transformer_top'
Tue Dec 16 21:58:39 2025: KERNEL_SVC: creating session with uuid: '0ff60492-4a0f-46eb-b6be-b85f4b9d8bd8' and name 'vitis-run_compile_transformer_top'
Tue Dec 16 21:58:39 2025: GUIDANCE_SMGR: creating guidance session with uuid: '0ff60492-4a0f-46eb-b6be-b85f4b9d8bd8' and name 'vitis-run_compile_transformer_top'
Tue Dec 16 21:58:43 2025: Dispatch Server: Accepted socket connection from client
Tue Dec 16 21:58:43 2025: Starting Socket connection
Tue Dec 16 21:58:43 2025: SESSION_MGR: closing session for UUID '0ff60492-4a0f-46eb-b6be-b85f4b9d8bd8' with name 'vitis-run_compile_transformer_top'
Tue Dec 16 21:58:43 2025: KERNEL_SVC: closing session for UUID '0ff60492-4a0f-46eb-b6be-b85f4b9d8bd8' with name 'vitis-run_compile_transformer_top'
Tue Dec 16 21:58:43 2025: GUIDANCE_SMGR: closing session for UUID '0ff60492-4a0f-46eb-b6be-b85f4b9d8bd8' with name 'vitis-run_compile_transformer_top'
Tue Dec 16 21:58:43 2025: STOP_SERVER received, server token: 8a019df5-077e-450c-bc97-e969116a1144, passed token: 8a019df5-077e-450c-bc97-e969116a1144
Tue Dec 16 21:58:43 2025: Socket received request to stop server.
Tue Dec 16 21:58:43 2025: Dispatch Server: do_await_stop
Tue Dec 16 21:58:43 2025: Dispatch Server: stopping mainFifo_
Tue Dec 16 21:58:43 2025: XCD main fifo: Stopping
Tue Dec 16 21:58:43 2025: XCD main fifo: do_read error code: Operation canceled
Tue Dec 16 21:58:43 2025: XCD main fifo: bytes_transferred: 0
Tue Dec 16 21:58:43 2025: SERVER: destructor for server bound to port 46007
Tue Dec 16 21:58:43 2025: XCD main fifo: Good unlink of /tmp/xcdmain8a019df5-077e-450c-bc97-e969116a1144
Tue Dec 16 21:58:43 2025: Server exiting with status 0.
Tue Dec 16 21:58:43 2025: Closing log file.
Tue Dec 16 22:12:18 2025: Running xcd server. This server was built by gradle.
Tue Dec 16 22:12:18 2025: Server was asked to start on port: '33871'
Tue Dec 16 22:12:18 2025: Server is using token UUID: 'dd770662-da95-49aa-a742-b32d9960b9ed'
Tue Dec 16 22:12:18 2025: SESSION_MGR: creating session with session uuid: '6d04a3e9-ade5-4ab9-8d63-1f78fcd2ec76' and name 'default'
Tue Dec 16 22:12:18 2025: Attempting to start server on port '33871'
Tue Dec 16 22:12:18 2025: XCD main fifo: created main fifo '/tmp/xcdmaindd770662-da95-49aa-a742-b32d9960b9ed', fd read = 12
Tue Dec 16 22:12:18 2025: Running Dispatch Server
Tue Dec 16 22:12:18 2025: Version 2.2.0
Tue Dec 16 22:12:20 2025: Dispatch Server: Accepted socket connection from client
Tue Dec 16 22:12:20 2025: Starting Socket connection
Tue Dec 16 22:12:20 2025: EXCHANGE_TOKEN received, server token: dd770662-da95-49aa-a742-b32d9960b9ed, passed token: dd770662-da95-49aa-a742-b32d9960b9ed
Tue Dec 16 22:12:20 2025: DISPATCH_HANDLER: Adding handler from function makeHandler in library libxv_system_diagram failed with exception: Could not dynamically load libxv_system_diagram.so
Tue Dec 16 22:12:20 2025: SESSION_MGR: creating session with session uuid: 'e851ac31-eece-49ab-9a7a-c799c4b6cd40' and name 'vitis-run_compile_transformer_top'
Tue Dec 16 22:12:20 2025: KERNEL_SVC: creating session with uuid: 'e851ac31-eece-49ab-9a7a-c799c4b6cd40' and name 'vitis-run_compile_transformer_top'
Tue Dec 16 22:12:20 2025: GUIDANCE_SMGR: creating guidance session with uuid: 'e851ac31-eece-49ab-9a7a-c799c4b6cd40' and name 'vitis-run_compile_transformer_top'
Tue Dec 16 22:12:23 2025: Dispatch Server: Accepted socket connection from client
Tue Dec 16 22:12:23 2025: Starting Socket connection
Tue Dec 16 22:12:24 2025: SESSION_MGR: closing session for UUID 'e851ac31-eece-49ab-9a7a-c799c4b6cd40' with name 'vitis-run_compile_transformer_top'
Tue Dec 16 22:12:24 2025: KERNEL_SVC: closing session for UUID 'e851ac31-eece-49ab-9a7a-c799c4b6cd40' with name 'vitis-run_compile_transformer_top'
Tue Dec 16 22:12:24 2025: GUIDANCE_SMGR: closing session for UUID 'e851ac31-eece-49ab-9a7a-c799c4b6cd40' with name 'vitis-run_compile_transformer_top'
Tue Dec 16 22:12:24 2025: STOP_SERVER received, server token: dd770662-da95-49aa-a742-b32d9960b9ed, passed token: dd770662-da95-49aa-a742-b32d9960b9ed
Tue Dec 16 22:12:24 2025: Socket received request to stop server.
Tue Dec 16 22:12:24 2025: Dispatch Server: do_await_stop
Tue Dec 16 22:12:24 2025: Dispatch Server: stopping mainFifo_
Tue Dec 16 22:12:24 2025: XCD main fifo: Stopping
Tue Dec 16 22:12:24 2025: XCD main fifo: do_read error code: Operation canceled
Tue Dec 16 22:12:24 2025: XCD main fifo: bytes_transferred: 0
Tue Dec 16 22:12:24 2025: SERVER: destructor for server bound to port 33871
Tue Dec 16 22:12:24 2025: XCD main fifo: Good unlink of /tmp/xcdmaindd770662-da95-49aa-a742-b32d9960b9ed
Tue Dec 16 22:12:24 2025: Server exiting with status 0.
Tue Dec 16 22:12:24 2025: Closing log file.
Tue Dec 16 22:20:23 2025: Running xcd server. This server was built by gradle.
Tue Dec 16 22:20:23 2025: Server was asked to start on port: '39573'
Tue Dec 16 22:20:23 2025: Server is using token UUID: 'aa082f05-7a6b-46e4-9481-b8181340b115'
Tue Dec 16 22:20:23 2025: SESSION_MGR: creating session with session uuid: '6d04a3e9-ade5-4ab9-8d63-1f78fcd2ec76' and name 'default'
Tue Dec 16 22:20:23 2025: Attempting to start server on port '39573'
Tue Dec 16 22:20:23 2025: XCD main fifo: created main fifo '/tmp/xcdmainaa082f05-7a6b-46e4-9481-b8181340b115', fd read = 12
Tue Dec 16 22:20:23 2025: Running Dispatch Server
Tue Dec 16 22:20:23 2025: Version 2.2.0
Tue Dec 16 22:20:24 2025: Dispatch Server: Accepted socket connection from client
Tue Dec 16 22:20:24 2025: Starting Socket connection
Tue Dec 16 22:20:24 2025: EXCHANGE_TOKEN received, server token: aa082f05-7a6b-46e4-9481-b8181340b115, passed token: aa082f05-7a6b-46e4-9481-b8181340b115
Tue Dec 16 22:20:24 2025: DISPATCH_HANDLER: Adding handler from function makeHandler in library libxv_system_diagram failed with exception: Could not dynamically load libxv_system_diagram.so
Tue Dec 16 22:20:24 2025: SESSION_MGR: creating session with session uuid: 'eea11b72-97aa-474f-871e-c0b90f14bb6a' and name 'vitis-run_compile_transformer_top'
Tue Dec 16 22:20:24 2025: KERNEL_SVC: creating session with uuid: 'eea11b72-97aa-474f-871e-c0b90f14bb6a' and name 'vitis-run_compile_transformer_top'
Tue Dec 16 22:20:24 2025: GUIDANCE_SMGR: creating guidance session with uuid: 'eea11b72-97aa-474f-871e-c0b90f14bb6a' and name 'vitis-run_compile_transformer_top'
Tue Dec 16 22:20:28 2025: Dispatch Server: Accepted socket connection from client
Tue Dec 16 22:20:28 2025: Starting Socket connection
Tue Dec 16 22:20:29 2025: SESSION_MGR: closing session for UUID 'eea11b72-97aa-474f-871e-c0b90f14bb6a' with name 'vitis-run_compile_transformer_top'
Tue Dec 16 22:20:29 2025: KERNEL_SVC: closing session for UUID 'eea11b72-97aa-474f-871e-c0b90f14bb6a' with name 'vitis-run_compile_transformer_top'
Tue Dec 16 22:20:29 2025: GUIDANCE_SMGR: closing session for UUID 'eea11b72-97aa-474f-871e-c0b90f14bb6a' with name 'vitis-run_compile_transformer_top'
Tue Dec 16 22:20:29 2025: STOP_SERVER received, server token: aa082f05-7a6b-46e4-9481-b8181340b115, passed token: aa082f05-7a6b-46e4-9481-b8181340b115
Tue Dec 16 22:20:29 2025: Socket received request to stop server.
Tue Dec 16 22:20:29 2025: Dispatch Server: do_await_stop
Tue Dec 16 22:20:29 2025: Dispatch Server: stopping mainFifo_
Tue Dec 16 22:20:29 2025: XCD main fifo: Stopping
Tue Dec 16 22:20:29 2025: XCD main fifo: do_read error code: Operation canceled
Tue Dec 16 22:20:29 2025: XCD main fifo: bytes_transferred: 0
Tue Dec 16 22:20:29 2025: SERVER: destructor for server bound to port 39573
Tue Dec 16 22:20:29 2025: XCD main fifo: Good unlink of /tmp/xcdmainaa082f05-7a6b-46e4-9481-b8181340b115
Tue Dec 16 22:20:29 2025: Server exiting with status 0.
Tue Dec 16 22:20:29 2025: Closing log file.
Tue Dec 16 22:21:44 2025: Running xcd server. This server was built by gradle.
Tue Dec 16 22:21:44 2025: Server was asked to start on port: '45841'
Tue Dec 16 22:21:44 2025: Server is using token UUID: 'e146ab7c-4ed6-453d-9047-97cb1d61bf0d'
Tue Dec 16 22:21:44 2025: SESSION_MGR: creating session with session uuid: '6d04a3e9-ade5-4ab9-8d63-1f78fcd2ec76' and name 'default'
Tue Dec 16 22:21:44 2025: Attempting to start server on port '45841'
Tue Dec 16 22:21:44 2025: XCD main fifo: created main fifo '/tmp/xcdmaine146ab7c-4ed6-453d-9047-97cb1d61bf0d', fd read = 12
Tue Dec 16 22:21:44 2025: Running Dispatch Server
Tue Dec 16 22:21:44 2025: Version 2.2.0
Tue Dec 16 22:21:45 2025: Dispatch Server: Accepted socket connection from client
Tue Dec 16 22:21:45 2025: Starting Socket connection
Tue Dec 16 22:21:45 2025: EXCHANGE_TOKEN received, server token: e146ab7c-4ed6-453d-9047-97cb1d61bf0d, passed token: e146ab7c-4ed6-453d-9047-97cb1d61bf0d
Tue Dec 16 22:21:45 2025: DISPATCH_HANDLER: Adding handler from function makeHandler in library libxv_system_diagram failed with exception: Could not dynamically load libxv_system_diagram.so
Tue Dec 16 22:21:45 2025: SESSION_MGR: creating session with session uuid: '24ae8a35-f578-426d-a479-22713f8677eb' and name 'vitis-run_compile_transformer_top'
Tue Dec 16 22:21:45 2025: KERNEL_SVC: creating session with uuid: '24ae8a35-f578-426d-a479-22713f8677eb' and name 'vitis-run_compile_transformer_top'
Tue Dec 16 22:21:45 2025: GUIDANCE_SMGR: creating guidance session with uuid: '24ae8a35-f578-426d-a479-22713f8677eb' and name 'vitis-run_compile_transformer_top'
Tue Dec 16 22:21:49 2025: Dispatch Server: Accepted socket connection from client
Tue Dec 16 22:21:49 2025: Starting Socket connection
Tue Dec 16 22:21:50 2025: SESSION_MGR: closing session for UUID '24ae8a35-f578-426d-a479-22713f8677eb' with name 'vitis-run_compile_transformer_top'
Tue Dec 16 22:21:50 2025: KERNEL_SVC: closing session for UUID '24ae8a35-f578-426d-a479-22713f8677eb' with name 'vitis-run_compile_transformer_top'
Tue Dec 16 22:21:50 2025: GUIDANCE_SMGR: closing session for UUID '24ae8a35-f578-426d-a479-22713f8677eb' with name 'vitis-run_compile_transformer_top'
Tue Dec 16 22:21:50 2025: STOP_SERVER received, server token: e146ab7c-4ed6-453d-9047-97cb1d61bf0d, passed token: e146ab7c-4ed6-453d-9047-97cb1d61bf0d
Tue Dec 16 22:21:50 2025: Socket received request to stop server.
Tue Dec 16 22:21:50 2025: Dispatch Server: do_await_stop
Tue Dec 16 22:21:50 2025: Dispatch Server: stopping mainFifo_
Tue Dec 16 22:21:50 2025: XCD main fifo: Stopping
Tue Dec 16 22:21:50 2025: XCD main fifo: do_read error code: Operation canceled
Tue Dec 16 22:21:50 2025: XCD main fifo: bytes_transferred: 0
Tue Dec 16 22:21:50 2025: SERVER: destructor for server bound to port 45841
Tue Dec 16 22:21:50 2025: XCD main fifo: Good unlink of /tmp/xcdmaine146ab7c-4ed6-453d-9047-97cb1d61bf0d
Tue Dec 16 22:21:50 2025: Server exiting with status 0.
Tue Dec 16 22:21:50 2025: Closing log file.
Tue Dec 16 22:30:47 2025: Running xcd server. This server was built by gradle.
Tue Dec 16 22:30:47 2025: Server was asked to start on port: '35091'
Tue Dec 16 22:30:47 2025: Server is using token UUID: '1610d8b7-db80-44fd-86c5-04d85554aff6'
Tue Dec 16 22:30:47 2025: SESSION_MGR: creating session with session uuid: '6d04a3e9-ade5-4ab9-8d63-1f78fcd2ec76' and name 'default'
Tue Dec 16 22:30:47 2025: Attempting to start server on port '35091'
Tue Dec 16 22:30:47 2025: XCD main fifo: created main fifo '/tmp/xcdmain1610d8b7-db80-44fd-86c5-04d85554aff6', fd read = 12
Tue Dec 16 22:30:47 2025: Running Dispatch Server
Tue Dec 16 22:30:47 2025: Version 2.2.0
Tue Dec 16 22:30:48 2025: Dispatch Server: Accepted socket connection from client
Tue Dec 16 22:30:48 2025: Starting Socket connection
Tue Dec 16 22:30:48 2025: EXCHANGE_TOKEN received, server token: 1610d8b7-db80-44fd-86c5-04d85554aff6, passed token: 1610d8b7-db80-44fd-86c5-04d85554aff6
Tue Dec 16 22:30:48 2025: DISPATCH_HANDLER: Adding handler from function makeHandler in library libxv_system_diagram failed with exception: Could not dynamically load libxv_system_diagram.so
Tue Dec 16 22:30:48 2025: SESSION_MGR: creating session with session uuid: 'b20d0006-1a2e-4df2-a037-1051b889c7c7' and name 'v++_compile_transformer_top'
Tue Dec 16 22:30:48 2025: KERNEL_SVC: creating session with uuid: 'b20d0006-1a2e-4df2-a037-1051b889c7c7' and name 'v++_compile_transformer_top'
Tue Dec 16 22:30:48 2025: GUIDANCE_SMGR: creating guidance session with uuid: 'b20d0006-1a2e-4df2-a037-1051b889c7c7' and name 'v++_compile_transformer_top'
Tue Dec 16 22:30:52 2025: Dispatch Server: Accepted socket connection from client
Tue Dec 16 22:30:52 2025: Starting Socket connection
Tue Dec 16 22:31:18 2025: SESSION_MGR: closing session for UUID 'b20d0006-1a2e-4df2-a037-1051b889c7c7' with name 'v++_compile_transformer_top'
Tue Dec 16 22:31:18 2025: KERNEL_SVC: closing session for UUID 'b20d0006-1a2e-4df2-a037-1051b889c7c7' with name 'v++_compile_transformer_top'
Tue Dec 16 22:31:18 2025: GUIDANCE_SMGR: closing session for UUID 'b20d0006-1a2e-4df2-a037-1051b889c7c7' with name 'v++_compile_transformer_top'
Tue Dec 16 22:31:18 2025: STOP_SERVER received, server token: 1610d8b7-db80-44fd-86c5-04d85554aff6, passed token: 1610d8b7-db80-44fd-86c5-04d85554aff6
Tue Dec 16 22:31:18 2025: Socket received request to stop server.
Tue Dec 16 22:31:18 2025: Dispatch Server: do_await_stop
Tue Dec 16 22:31:18 2025: Dispatch Server: stopping mainFifo_
Tue Dec 16 22:31:18 2025: XCD main fifo: Stopping
Tue Dec 16 22:31:18 2025: XCD main fifo: do_read error code: Operation canceled
Tue Dec 16 22:31:18 2025: XCD main fifo: bytes_transferred: 0
Tue Dec 16 22:31:18 2025: SERVER: destructor for server bound to port 35091
Tue Dec 16 22:31:18 2025: XCD main fifo: Good unlink of /tmp/xcdmain1610d8b7-db80-44fd-86c5-04d85554aff6
Tue Dec 16 22:31:18 2025: Server exiting with status 0.
Tue Dec 16 22:31:18 2025: Closing log file.
Tue Dec 16 22:32:50 2025: Running xcd server. This server was built by gradle.
Tue Dec 16 22:32:50 2025: Server was asked to start on port: '39671'
Tue Dec 16 22:32:50 2025: Server is using token UUID: '7bc6c6d8-86ba-4aab-8bda-e684aa1d018c'
Tue Dec 16 22:32:50 2025: SESSION_MGR: creating session with session uuid: '6d04a3e9-ade5-4ab9-8d63-1f78fcd2ec76' and name 'default'
Tue Dec 16 22:32:50 2025: Attempting to start server on port '39671'
Tue Dec 16 22:32:50 2025: XCD main fifo: created main fifo '/tmp/xcdmain7bc6c6d8-86ba-4aab-8bda-e684aa1d018c', fd read = 12
Tue Dec 16 22:32:50 2025: Running Dispatch Server
Tue Dec 16 22:32:50 2025: Version 2.2.0
Tue Dec 16 22:32:52 2025: Dispatch Server: Accepted socket connection from client
Tue Dec 16 22:32:52 2025: Starting Socket connection
Tue Dec 16 22:32:52 2025: EXCHANGE_TOKEN received, server token: 7bc6c6d8-86ba-4aab-8bda-e684aa1d018c, passed token: 7bc6c6d8-86ba-4aab-8bda-e684aa1d018c
Tue Dec 16 22:32:52 2025: DISPATCH_HANDLER: Adding handler from function makeHandler in library libxv_system_diagram failed with exception: Could not dynamically load libxv_system_diagram.so
Tue Dec 16 22:32:52 2025: SESSION_MGR: creating session with session uuid: '96f96557-b0d0-40ed-8fd6-9318e73a5b2f' and name 'v++_compile_transformer_top'
Tue Dec 16 22:32:52 2025: KERNEL_SVC: creating session with uuid: '96f96557-b0d0-40ed-8fd6-9318e73a5b2f' and name 'v++_compile_transformer_top'
Tue Dec 16 22:32:52 2025: GUIDANCE_SMGR: creating guidance session with uuid: '96f96557-b0d0-40ed-8fd6-9318e73a5b2f' and name 'v++_compile_transformer_top'
Tue Dec 16 22:32:56 2025: Dispatch Server: Accepted socket connection from client
Tue Dec 16 22:32:56 2025: Starting Socket connection
Tue Dec 16 22:33:21 2025: SESSION_MGR: closing session for UUID '96f96557-b0d0-40ed-8fd6-9318e73a5b2f' with name 'v++_compile_transformer_top'
Tue Dec 16 22:33:21 2025: KERNEL_SVC: closing session for UUID '96f96557-b0d0-40ed-8fd6-9318e73a5b2f' with name 'v++_compile_transformer_top'
Tue Dec 16 22:33:21 2025: GUIDANCE_SMGR: closing session for UUID '96f96557-b0d0-40ed-8fd6-9318e73a5b2f' with name 'v++_compile_transformer_top'
Tue Dec 16 22:33:21 2025: STOP_SERVER received, server token: 7bc6c6d8-86ba-4aab-8bda-e684aa1d018c, passed token: 7bc6c6d8-86ba-4aab-8bda-e684aa1d018c
Tue Dec 16 22:33:21 2025: Socket received request to stop server.
Tue Dec 16 22:33:21 2025: Dispatch Server: do_await_stop
Tue Dec 16 22:33:21 2025: Dispatch Server: stopping mainFifo_
Tue Dec 16 22:33:21 2025: XCD main fifo: Stopping
Tue Dec 16 22:33:21 2025: XCD main fifo: do_read error code: Operation canceled
Tue Dec 16 22:33:21 2025: XCD main fifo: bytes_transferred: 0
Tue Dec 16 22:33:21 2025: SERVER: destructor for server bound to port 39671
Tue Dec 16 22:33:21 2025: XCD main fifo: Good unlink of /tmp/xcdmain7bc6c6d8-86ba-4aab-8bda-e684aa1d018c
Tue Dec 16 22:33:21 2025: Server exiting with status 0.
Tue Dec 16 22:33:21 2025: Closing log file.
Tue Dec 16 22:34:59 2025: Running xcd server. This server was built by gradle.
Tue Dec 16 22:34:59 2025: Server was asked to start on port: '40301'
Tue Dec 16 22:34:59 2025: Server is using token UUID: 'c6a4a485-8e4a-4579-964e-03d971731558'
Tue Dec 16 22:34:59 2025: SESSION_MGR: creating session with session uuid: '6d04a3e9-ade5-4ab9-8d63-1f78fcd2ec76' and name 'default'
Tue Dec 16 22:34:59 2025: Attempting to start server on port '40301'
Tue Dec 16 22:34:59 2025: XCD main fifo: created main fifo '/tmp/xcdmainc6a4a485-8e4a-4579-964e-03d971731558', fd read = 12
Tue Dec 16 22:34:59 2025: Running Dispatch Server
Tue Dec 16 22:34:59 2025: Version 2.2.0
Tue Dec 16 22:35:00 2025: Dispatch Server: Accepted socket connection from client
Tue Dec 16 22:35:00 2025: Starting Socket connection
Tue Dec 16 22:35:00 2025: EXCHANGE_TOKEN received, server token: c6a4a485-8e4a-4579-964e-03d971731558, passed token: c6a4a485-8e4a-4579-964e-03d971731558
Tue Dec 16 22:35:00 2025: DISPATCH_HANDLER: Adding handler from function makeHandler in library libxv_system_diagram failed with exception: Could not dynamically load libxv_system_diagram.so
Tue Dec 16 22:35:00 2025: SESSION_MGR: creating session with session uuid: '2ac79b3c-703c-41a4-a27e-6dea93192613' and name 'vitis-run_compile_transformer_top'
Tue Dec 16 22:35:00 2025: KERNEL_SVC: creating session with uuid: '2ac79b3c-703c-41a4-a27e-6dea93192613' and name 'vitis-run_compile_transformer_top'
Tue Dec 16 22:35:00 2025: GUIDANCE_SMGR: creating guidance session with uuid: '2ac79b3c-703c-41a4-a27e-6dea93192613' and name 'vitis-run_compile_transformer_top'
Tue Dec 16 22:35:04 2025: Dispatch Server: Accepted socket connection from client
Tue Dec 16 22:35:04 2025: Starting Socket connection
Tue Dec 16 22:35:05 2025: SESSION_MGR: closing session for UUID '2ac79b3c-703c-41a4-a27e-6dea93192613' with name 'vitis-run_compile_transformer_top'
Tue Dec 16 22:35:05 2025: KERNEL_SVC: closing session for UUID '2ac79b3c-703c-41a4-a27e-6dea93192613' with name 'vitis-run_compile_transformer_top'
Tue Dec 16 22:35:05 2025: GUIDANCE_SMGR: closing session for UUID '2ac79b3c-703c-41a4-a27e-6dea93192613' with name 'vitis-run_compile_transformer_top'
Tue Dec 16 22:35:05 2025: STOP_SERVER received, server token: c6a4a485-8e4a-4579-964e-03d971731558, passed token: c6a4a485-8e4a-4579-964e-03d971731558
Tue Dec 16 22:35:05 2025: Socket received request to stop server.
Tue Dec 16 22:35:05 2025: Dispatch Server: do_await_stop
Tue Dec 16 22:35:05 2025: Dispatch Server: stopping mainFifo_
Tue Dec 16 22:35:05 2025: XCD main fifo: Stopping
Tue Dec 16 22:35:05 2025: XCD main fifo: do_read error code: Operation canceled
Tue Dec 16 22:35:05 2025: XCD main fifo: bytes_transferred: 0
Tue Dec 16 22:35:05 2025: SERVER: destructor for server bound to port 40301
Tue Dec 16 22:35:05 2025: XCD main fifo: Good unlink of /tmp/xcdmainc6a4a485-8e4a-4579-964e-03d971731558
Tue Dec 16 22:35:05 2025: Server exiting with status 0.
Tue Dec 16 22:35:05 2025: Closing log file.
Tue Dec 16 22:36:18 2025: Running xcd server. This server was built by gradle.
Tue Dec 16 22:36:18 2025: Server was asked to start on port: '41889'
Tue Dec 16 22:36:18 2025: Server is using token UUID: '761c509f-ec54-4496-ba78-39b7f880f2ec'
Tue Dec 16 22:36:18 2025: SESSION_MGR: creating session with session uuid: '6d04a3e9-ade5-4ab9-8d63-1f78fcd2ec76' and name 'default'
Tue Dec 16 22:36:18 2025: Attempting to start server on port '41889'
Tue Dec 16 22:36:18 2025: XCD main fifo: created main fifo '/tmp/xcdmain761c509f-ec54-4496-ba78-39b7f880f2ec', fd read = 12
Tue Dec 16 22:36:18 2025: Running Dispatch Server
Tue Dec 16 22:36:18 2025: Version 2.2.0
Tue Dec 16 22:36:19 2025: Dispatch Server: Accepted socket connection from client
Tue Dec 16 22:36:19 2025: Starting Socket connection
Tue Dec 16 22:36:19 2025: EXCHANGE_TOKEN received, server token: 761c509f-ec54-4496-ba78-39b7f880f2ec, passed token: 761c509f-ec54-4496-ba78-39b7f880f2ec
Tue Dec 16 22:36:19 2025: DISPATCH_HANDLER: Adding handler from function makeHandler in library libxv_system_diagram failed with exception: Could not dynamically load libxv_system_diagram.so
Tue Dec 16 22:36:19 2025: SESSION_MGR: creating session with session uuid: '6dd91858-52c1-499b-8e5f-7c353ddea262' and name 'v++_compile_transformer_top'
Tue Dec 16 22:36:19 2025: KERNEL_SVC: creating session with uuid: '6dd91858-52c1-499b-8e5f-7c353ddea262' and name 'v++_compile_transformer_top'
Tue Dec 16 22:36:19 2025: GUIDANCE_SMGR: creating guidance session with uuid: '6dd91858-52c1-499b-8e5f-7c353ddea262' and name 'v++_compile_transformer_top'
Tue Dec 16 22:36:23 2025: Dispatch Server: Accepted socket connection from client
Tue Dec 16 22:36:23 2025: Starting Socket connection
Tue Dec 16 22:36:49 2025: SESSION_MGR: closing session for UUID '6dd91858-52c1-499b-8e5f-7c353ddea262' with name 'v++_compile_transformer_top'
Tue Dec 16 22:36:49 2025: KERNEL_SVC: closing session for UUID '6dd91858-52c1-499b-8e5f-7c353ddea262' with name 'v++_compile_transformer_top'
Tue Dec 16 22:36:49 2025: GUIDANCE_SMGR: closing session for UUID '6dd91858-52c1-499b-8e5f-7c353ddea262' with name 'v++_compile_transformer_top'
Tue Dec 16 22:36:49 2025: STOP_SERVER received, server token: 761c509f-ec54-4496-ba78-39b7f880f2ec, passed token: 761c509f-ec54-4496-ba78-39b7f880f2ec
Tue Dec 16 22:36:49 2025: Socket received request to stop server.
Tue Dec 16 22:36:49 2025: Dispatch Server: do_await_stop
Tue Dec 16 22:36:49 2025: Dispatch Server: stopping mainFifo_
Tue Dec 16 22:36:49 2025: XCD main fifo: Stopping
Tue Dec 16 22:36:49 2025: XCD main fifo: do_read error code: Operation canceled
Tue Dec 16 22:36:49 2025: XCD main fifo: bytes_transferred: 0
Tue Dec 16 22:36:49 2025: SERVER: destructor for server bound to port 41889
Tue Dec 16 22:36:49 2025: XCD main fifo: Good unlink of /tmp/xcdmain761c509f-ec54-4496-ba78-39b7f880f2ec
Tue Dec 16 22:36:49 2025: Server exiting with status 0.
Tue Dec 16 22:36:49 2025: Closing log file.
Tue Dec 16 23:07:28 2025: Running xcd server. This server was built by gradle.
Tue Dec 16 23:07:28 2025: Server was asked to start on port: '34663'
Tue Dec 16 23:07:28 2025: Server is using token UUID: '296e4bbd-1969-4757-a74c-85028354ec70'
Tue Dec 16 23:07:28 2025: SESSION_MGR: creating session with session uuid: '6d04a3e9-ade5-4ab9-8d63-1f78fcd2ec76' and name 'default'
Tue Dec 16 23:07:28 2025: Attempting to start server on port '34663'
Tue Dec 16 23:07:28 2025: XCD main fifo: created main fifo '/tmp/xcdmain296e4bbd-1969-4757-a74c-85028354ec70', fd read = 12
Tue Dec 16 23:07:28 2025: Running Dispatch Server
Tue Dec 16 23:07:28 2025: Version 2.2.0
Tue Dec 16 23:07:29 2025: Dispatch Server: Accepted socket connection from client
Tue Dec 16 23:07:29 2025: Starting Socket connection
Tue Dec 16 23:07:29 2025: EXCHANGE_TOKEN received, server token: 296e4bbd-1969-4757-a74c-85028354ec70, passed token: 296e4bbd-1969-4757-a74c-85028354ec70
Tue Dec 16 23:07:29 2025: DISPATCH_HANDLER: Adding handler from function makeHandler in library libxv_system_diagram failed with exception: Could not dynamically load libxv_system_diagram.so
Tue Dec 16 23:07:29 2025: SESSION_MGR: creating session with session uuid: 'a5e8481f-d3e5-4d73-870f-4fd5ccc5b79c' and name 'vitis-run_compile_transformer_top'
Tue Dec 16 23:07:29 2025: KERNEL_SVC: creating session with uuid: 'a5e8481f-d3e5-4d73-870f-4fd5ccc5b79c' and name 'vitis-run_compile_transformer_top'
Tue Dec 16 23:07:29 2025: GUIDANCE_SMGR: creating guidance session with uuid: 'a5e8481f-d3e5-4d73-870f-4fd5ccc5b79c' and name 'vitis-run_compile_transformer_top'
Tue Dec 16 23:07:33 2025: Dispatch Server: Accepted socket connection from client
Tue Dec 16 23:07:33 2025: Starting Socket connection
Tue Dec 16 23:07:34 2025: SESSION_MGR: closing session for UUID 'a5e8481f-d3e5-4d73-870f-4fd5ccc5b79c' with name 'vitis-run_compile_transformer_top'
Tue Dec 16 23:07:34 2025: KERNEL_SVC: closing session for UUID 'a5e8481f-d3e5-4d73-870f-4fd5ccc5b79c' with name 'vitis-run_compile_transformer_top'
Tue Dec 16 23:07:34 2025: GUIDANCE_SMGR: closing session for UUID 'a5e8481f-d3e5-4d73-870f-4fd5ccc5b79c' with name 'vitis-run_compile_transformer_top'
Tue Dec 16 23:07:34 2025: STOP_SERVER received, server token: 296e4bbd-1969-4757-a74c-85028354ec70, passed token: 296e4bbd-1969-4757-a74c-85028354ec70
Tue Dec 16 23:07:34 2025: Socket received request to stop server.
Tue Dec 16 23:07:34 2025: Dispatch Server: do_await_stop
Tue Dec 16 23:07:34 2025: Dispatch Server: stopping mainFifo_
Tue Dec 16 23:07:34 2025: XCD main fifo: Stopping
Tue Dec 16 23:07:34 2025: XCD main fifo: do_read error code: Operation canceled
Tue Dec 16 23:07:34 2025: XCD main fifo: bytes_transferred: 0
Tue Dec 16 23:07:34 2025: SERVER: destructor for server bound to port 34663
Tue Dec 16 23:07:34 2025: XCD main fifo: Good unlink of /tmp/xcdmain296e4bbd-1969-4757-a74c-85028354ec70
Tue Dec 16 23:07:34 2025: Server exiting with status 0.
Tue Dec 16 23:07:34 2025: Closing log file.
Tue Dec 16 23:07:58 2025: Running xcd server. This server was built by gradle.
Tue Dec 16 23:07:58 2025: Server was asked to start on port: '39479'
Tue Dec 16 23:07:58 2025: Server is using token UUID: '1f967622-a34f-4e14-8a40-3dc93c3fa1f0'
Tue Dec 16 23:07:58 2025: SESSION_MGR: creating session with session uuid: '6d04a3e9-ade5-4ab9-8d63-1f78fcd2ec76' and name 'default'
Tue Dec 16 23:07:58 2025: Attempting to start server on port '39479'
Tue Dec 16 23:07:58 2025: XCD main fifo: created main fifo '/tmp/xcdmain1f967622-a34f-4e14-8a40-3dc93c3fa1f0', fd read = 12
Tue Dec 16 23:07:58 2025: Running Dispatch Server
Tue Dec 16 23:07:58 2025: Version 2.2.0
Tue Dec 16 23:07:59 2025: Dispatch Server: Accepted socket connection from client
Tue Dec 16 23:07:59 2025: Starting Socket connection
Tue Dec 16 23:07:59 2025: EXCHANGE_TOKEN received, server token: 1f967622-a34f-4e14-8a40-3dc93c3fa1f0, passed token: 1f967622-a34f-4e14-8a40-3dc93c3fa1f0
Tue Dec 16 23:07:59 2025: DISPATCH_HANDLER: Adding handler from function makeHandler in library libxv_system_diagram failed with exception: Could not dynamically load libxv_system_diagram.so
Tue Dec 16 23:07:59 2025: SESSION_MGR: creating session with session uuid: 'b761ae2a-c5a4-4133-b864-5b4a3e77bd4d' and name 'v++_compile_transformer_top'
Tue Dec 16 23:07:59 2025: KERNEL_SVC: creating session with uuid: 'b761ae2a-c5a4-4133-b864-5b4a3e77bd4d' and name 'v++_compile_transformer_top'
Tue Dec 16 23:07:59 2025: GUIDANCE_SMGR: creating guidance session with uuid: 'b761ae2a-c5a4-4133-b864-5b4a3e77bd4d' and name 'v++_compile_transformer_top'
Tue Dec 16 23:08:03 2025: Dispatch Server: Accepted socket connection from client
Tue Dec 16 23:08:03 2025: Starting Socket connection
Tue Dec 16 23:08:29 2025: SESSION_MGR: closing session for UUID 'b761ae2a-c5a4-4133-b864-5b4a3e77bd4d' with name 'v++_compile_transformer_top'
Tue Dec 16 23:08:29 2025: KERNEL_SVC: closing session for UUID 'b761ae2a-c5a4-4133-b864-5b4a3e77bd4d' with name 'v++_compile_transformer_top'
Tue Dec 16 23:08:29 2025: GUIDANCE_SMGR: closing session for UUID 'b761ae2a-c5a4-4133-b864-5b4a3e77bd4d' with name 'v++_compile_transformer_top'
Tue Dec 16 23:08:29 2025: STOP_SERVER received, server token: 1f967622-a34f-4e14-8a40-3dc93c3fa1f0, passed token: 1f967622-a34f-4e14-8a40-3dc93c3fa1f0
Tue Dec 16 23:08:29 2025: Socket received request to stop server.
Tue Dec 16 23:08:29 2025: Dispatch Server: do_await_stop
Tue Dec 16 23:08:29 2025: Dispatch Server: stopping mainFifo_
Tue Dec 16 23:08:29 2025: XCD main fifo: Stopping
Tue Dec 16 23:08:29 2025: XCD main fifo: do_read error code: Operation canceled
Tue Dec 16 23:08:29 2025: XCD main fifo: bytes_transferred: 0
Tue Dec 16 23:08:29 2025: SERVER: destructor for server bound to port 39479
Tue Dec 16 23:08:29 2025: XCD main fifo: Good unlink of /tmp/xcdmain1f967622-a34f-4e14-8a40-3dc93c3fa1f0
Tue Dec 16 23:08:29 2025: Server exiting with status 0.
Tue Dec 16 23:08:29 2025: Closing log file.
Tue Dec 16 23:12:30 2025: Running xcd server. This server was built by gradle.
Tue Dec 16 23:12:30 2025: Server was asked to start on port: '39391'
Tue Dec 16 23:12:30 2025: Server is using token UUID: '6a2eb5d3-6961-4cae-96ac-b3f438a2985a'
Tue Dec 16 23:12:30 2025: SESSION_MGR: creating session with session uuid: '6d04a3e9-ade5-4ab9-8d63-1f78fcd2ec76' and name 'default'
Tue Dec 16 23:12:30 2025: Attempting to start server on port '39391'
Tue Dec 16 23:12:30 2025: XCD main fifo: created main fifo '/tmp/xcdmain6a2eb5d3-6961-4cae-96ac-b3f438a2985a', fd read = 12
Tue Dec 16 23:12:30 2025: Running Dispatch Server
Tue Dec 16 23:12:30 2025: Version 2.2.0
Tue Dec 16 23:12:32 2025: Dispatch Server: Accepted socket connection from client
Tue Dec 16 23:12:32 2025: Starting Socket connection
Tue Dec 16 23:12:32 2025: EXCHANGE_TOKEN received, server token: 6a2eb5d3-6961-4cae-96ac-b3f438a2985a, passed token: 6a2eb5d3-6961-4cae-96ac-b3f438a2985a
Tue Dec 16 23:12:32 2025: DISPATCH_HANDLER: Adding handler from function makeHandler in library libxv_system_diagram failed with exception: Could not dynamically load libxv_system_diagram.so
Tue Dec 16 23:12:32 2025: SESSION_MGR: creating session with session uuid: 'c29e38cf-2709-4812-a45f-471d1c0d2367' and name 'vitis-run_compile_transformer_top'
Tue Dec 16 23:12:32 2025: KERNEL_SVC: creating session with uuid: 'c29e38cf-2709-4812-a45f-471d1c0d2367' and name 'vitis-run_compile_transformer_top'
Tue Dec 16 23:12:32 2025: GUIDANCE_SMGR: creating guidance session with uuid: 'c29e38cf-2709-4812-a45f-471d1c0d2367' and name 'vitis-run_compile_transformer_top'
Tue Dec 16 23:12:35 2025: Dispatch Server: Accepted socket connection from client
Tue Dec 16 23:12:35 2025: Starting Socket connection
Tue Dec 16 23:12:36 2025: SESSION_MGR: closing session for UUID 'c29e38cf-2709-4812-a45f-471d1c0d2367' with name 'vitis-run_compile_transformer_top'
Tue Dec 16 23:12:36 2025: KERNEL_SVC: closing session for UUID 'c29e38cf-2709-4812-a45f-471d1c0d2367' with name 'vitis-run_compile_transformer_top'
Tue Dec 16 23:12:36 2025: GUIDANCE_SMGR: closing session for UUID 'c29e38cf-2709-4812-a45f-471d1c0d2367' with name 'vitis-run_compile_transformer_top'
Tue Dec 16 23:12:36 2025: STOP_SERVER received, server token: 6a2eb5d3-6961-4cae-96ac-b3f438a2985a, passed token: 6a2eb5d3-6961-4cae-96ac-b3f438a2985a
Tue Dec 16 23:12:36 2025: Socket received request to stop server.
Tue Dec 16 23:12:36 2025: Dispatch Server: do_await_stop
Tue Dec 16 23:12:36 2025: Dispatch Server: stopping mainFifo_
Tue Dec 16 23:12:36 2025: XCD main fifo: Stopping
Tue Dec 16 23:12:36 2025: XCD main fifo: do_read error code: Operation canceled
Tue Dec 16 23:12:36 2025: XCD main fifo: bytes_transferred: 0
Tue Dec 16 23:12:36 2025: SERVER: destructor for server bound to port 39391
Tue Dec 16 23:12:36 2025: XCD main fifo: Good unlink of /tmp/xcdmain6a2eb5d3-6961-4cae-96ac-b3f438a2985a
Tue Dec 16 23:12:36 2025: Server exiting with status 0.
Tue Dec 16 23:12:36 2025: Closing log file.
Tue Dec 16 23:13:00 2025: Running xcd server. This server was built by gradle.
Tue Dec 16 23:13:00 2025: Server was asked to start on port: '46023'
Tue Dec 16 23:13:00 2025: Server is using token UUID: '86f06305-c9b9-417c-a5e9-f3fbb501bf41'
Tue Dec 16 23:13:00 2025: SESSION_MGR: creating session with session uuid: '6d04a3e9-ade5-4ab9-8d63-1f78fcd2ec76' and name 'default'
Tue Dec 16 23:13:00 2025: Attempting to start server on port '46023'
Tue Dec 16 23:13:00 2025: XCD main fifo: created main fifo '/tmp/xcdmain86f06305-c9b9-417c-a5e9-f3fbb501bf41', fd read = 12
Tue Dec 16 23:13:00 2025: Running Dispatch Server
Tue Dec 16 23:13:00 2025: Version 2.2.0
Tue Dec 16 23:13:02 2025: Dispatch Server: Accepted socket connection from client
Tue Dec 16 23:13:02 2025: Starting Socket connection
Tue Dec 16 23:13:02 2025: EXCHANGE_TOKEN received, server token: 86f06305-c9b9-417c-a5e9-f3fbb501bf41, passed token: 86f06305-c9b9-417c-a5e9-f3fbb501bf41
Tue Dec 16 23:13:02 2025: DISPATCH_HANDLER: Adding handler from function makeHandler in library libxv_system_diagram failed with exception: Could not dynamically load libxv_system_diagram.so
Tue Dec 16 23:13:02 2025: SESSION_MGR: creating session with session uuid: '1acd5245-c213-4ecc-b3d2-d2e86921081e' and name 'v++_compile_transformer_top'
Tue Dec 16 23:13:02 2025: KERNEL_SVC: creating session with uuid: '1acd5245-c213-4ecc-b3d2-d2e86921081e' and name 'v++_compile_transformer_top'
Tue Dec 16 23:13:02 2025: GUIDANCE_SMGR: creating guidance session with uuid: '1acd5245-c213-4ecc-b3d2-d2e86921081e' and name 'v++_compile_transformer_top'
Tue Dec 16 23:13:06 2025: Dispatch Server: Accepted socket connection from client
Tue Dec 16 23:13:06 2025: Starting Socket connection
Tue Dec 16 23:13:31 2025: SESSION_MGR: closing session for UUID '1acd5245-c213-4ecc-b3d2-d2e86921081e' with name 'v++_compile_transformer_top'
Tue Dec 16 23:13:31 2025: KERNEL_SVC: closing session for UUID '1acd5245-c213-4ecc-b3d2-d2e86921081e' with name 'v++_compile_transformer_top'
Tue Dec 16 23:13:31 2025: GUIDANCE_SMGR: closing session for UUID '1acd5245-c213-4ecc-b3d2-d2e86921081e' with name 'v++_compile_transformer_top'
Tue Dec 16 23:13:32 2025: STOP_SERVER received, server token: 86f06305-c9b9-417c-a5e9-f3fbb501bf41, passed token: 86f06305-c9b9-417c-a5e9-f3fbb501bf41
Tue Dec 16 23:13:32 2025: Socket received request to stop server.
Tue Dec 16 23:13:32 2025: Dispatch Server: do_await_stop
Tue Dec 16 23:13:32 2025: Dispatch Server: stopping mainFifo_
Tue Dec 16 23:13:32 2025: XCD main fifo: Stopping
Tue Dec 16 23:13:32 2025: XCD main fifo: do_read error code: Operation canceled
Tue Dec 16 23:13:32 2025: XCD main fifo: bytes_transferred: 0
Tue Dec 16 23:13:32 2025: SERVER: destructor for server bound to port 46023
Tue Dec 16 23:13:32 2025: XCD main fifo: Good unlink of /tmp/xcdmain86f06305-c9b9-417c-a5e9-f3fbb501bf41
Tue Dec 16 23:13:32 2025: Server exiting with status 0.
Tue Dec 16 23:13:32 2025: Closing log file.
Wed Dec 17 00:53:01 2025: Running xcd server. This server was built by gradle.
Wed Dec 17 00:53:01 2025: Server was asked to start on port: '33593'
Wed Dec 17 00:53:01 2025: Server is using token UUID: 'be671931-3099-4912-a710-d9e91bd59282'
Wed Dec 17 00:53:01 2025: SESSION_MGR: creating session with session uuid: '6d04a3e9-ade5-4ab9-8d63-1f78fcd2ec76' and name 'default'
Wed Dec 17 00:53:01 2025: Attempting to start server on port '33593'
Wed Dec 17 00:53:01 2025: XCD main fifo: created main fifo '/tmp/xcdmainbe671931-3099-4912-a710-d9e91bd59282', fd read = 12
Wed Dec 17 00:53:01 2025: Running Dispatch Server
Wed Dec 17 00:53:01 2025: Version 2.2.0
Wed Dec 17 00:53:03 2025: Dispatch Server: Accepted socket connection from client
Wed Dec 17 00:53:03 2025: Starting Socket connection
Wed Dec 17 00:53:03 2025: EXCHANGE_TOKEN received, server token: be671931-3099-4912-a710-d9e91bd59282, passed token: be671931-3099-4912-a710-d9e91bd59282
Wed Dec 17 00:53:03 2025: DISPATCH_HANDLER: Adding handler from function makeHandler in library libxv_system_diagram failed with exception: Could not dynamically load libxv_system_diagram.so
Wed Dec 17 00:53:03 2025: SESSION_MGR: creating session with session uuid: 'a4c35d2e-2bcb-4139-b22b-f8c7ab607ed2' and name 'vitis-run_compile_transformer_top'
Wed Dec 17 00:53:03 2025: KERNEL_SVC: creating session with uuid: 'a4c35d2e-2bcb-4139-b22b-f8c7ab607ed2' and name 'vitis-run_compile_transformer_top'
Wed Dec 17 00:53:03 2025: GUIDANCE_SMGR: creating guidance session with uuid: 'a4c35d2e-2bcb-4139-b22b-f8c7ab607ed2' and name 'vitis-run_compile_transformer_top'
Wed Dec 17 00:53:06 2025: Dispatch Server: Accepted socket connection from client
Wed Dec 17 00:53:06 2025: Starting Socket connection
Wed Dec 17 00:53:07 2025: SESSION_MGR: closing session for UUID 'a4c35d2e-2bcb-4139-b22b-f8c7ab607ed2' with name 'vitis-run_compile_transformer_top'
Wed Dec 17 00:53:07 2025: KERNEL_SVC: closing session for UUID 'a4c35d2e-2bcb-4139-b22b-f8c7ab607ed2' with name 'vitis-run_compile_transformer_top'
Wed Dec 17 00:53:07 2025: GUIDANCE_SMGR: closing session for UUID 'a4c35d2e-2bcb-4139-b22b-f8c7ab607ed2' with name 'vitis-run_compile_transformer_top'
Wed Dec 17 00:53:07 2025: STOP_SERVER received, server token: be671931-3099-4912-a710-d9e91bd59282, passed token: be671931-3099-4912-a710-d9e91bd59282
Wed Dec 17 00:53:07 2025: Socket received request to stop server.
Wed Dec 17 00:53:07 2025: Dispatch Server: do_await_stop
Wed Dec 17 00:53:07 2025: Dispatch Server: stopping mainFifo_
Wed Dec 17 00:53:07 2025: XCD main fifo: Stopping
Wed Dec 17 00:53:07 2025: XCD main fifo: do_read error code: Operation canceled
Wed Dec 17 00:53:07 2025: XCD main fifo: bytes_transferred: 0
Wed Dec 17 00:53:07 2025: SERVER: destructor for server bound to port 33593
Wed Dec 17 00:53:07 2025: XCD main fifo: Good unlink of /tmp/xcdmainbe671931-3099-4912-a710-d9e91bd59282
Wed Dec 17 00:53:07 2025: Server exiting with status 0.
Wed Dec 17 00:53:07 2025: Closing log file.
Wed Dec 17 00:53:38 2025: Running xcd server. This server was built by gradle.
Wed Dec 17 00:53:38 2025: Server was asked to start on port: '34859'
Wed Dec 17 00:53:38 2025: Server is using token UUID: 'f9be95c7-de39-44d6-9f83-1b0d393eee73'
Wed Dec 17 00:53:38 2025: SESSION_MGR: creating session with session uuid: '6d04a3e9-ade5-4ab9-8d63-1f78fcd2ec76' and name 'default'
Wed Dec 17 00:53:38 2025: Attempting to start server on port '34859'
Wed Dec 17 00:53:38 2025: XCD main fifo: created main fifo '/tmp/xcdmainf9be95c7-de39-44d6-9f83-1b0d393eee73', fd read = 12
Wed Dec 17 00:53:38 2025: Running Dispatch Server
Wed Dec 17 00:53:38 2025: Version 2.2.0
Wed Dec 17 00:53:39 2025: Dispatch Server: Accepted socket connection from client
Wed Dec 17 00:53:39 2025: Starting Socket connection
Wed Dec 17 00:53:39 2025: EXCHANGE_TOKEN received, server token: f9be95c7-de39-44d6-9f83-1b0d393eee73, passed token: f9be95c7-de39-44d6-9f83-1b0d393eee73
Wed Dec 17 00:53:39 2025: DISPATCH_HANDLER: Adding handler from function makeHandler in library libxv_system_diagram failed with exception: Could not dynamically load libxv_system_diagram.so
Wed Dec 17 00:53:39 2025: SESSION_MGR: creating session with session uuid: 'e97305c3-4247-43bc-b884-73ae9233bdc9' and name 'v++_compile_transformer_top'
Wed Dec 17 00:53:39 2025: KERNEL_SVC: creating session with uuid: 'e97305c3-4247-43bc-b884-73ae9233bdc9' and name 'v++_compile_transformer_top'
Wed Dec 17 00:53:39 2025: GUIDANCE_SMGR: creating guidance session with uuid: 'e97305c3-4247-43bc-b884-73ae9233bdc9' and name 'v++_compile_transformer_top'
Wed Dec 17 00:53:43 2025: Dispatch Server: Accepted socket connection from client
Wed Dec 17 00:53:43 2025: Starting Socket connection
Wed Dec 17 00:54:09 2025: SESSION_MGR: closing session for UUID 'e97305c3-4247-43bc-b884-73ae9233bdc9' with name 'v++_compile_transformer_top'
Wed Dec 17 00:54:09 2025: KERNEL_SVC: closing session for UUID 'e97305c3-4247-43bc-b884-73ae9233bdc9' with name 'v++_compile_transformer_top'
Wed Dec 17 00:54:09 2025: GUIDANCE_SMGR: closing session for UUID 'e97305c3-4247-43bc-b884-73ae9233bdc9' with name 'v++_compile_transformer_top'
Wed Dec 17 00:54:09 2025: STOP_SERVER received, server token: f9be95c7-de39-44d6-9f83-1b0d393eee73, passed token: f9be95c7-de39-44d6-9f83-1b0d393eee73
Wed Dec 17 00:54:09 2025: Socket received request to stop server.
Wed Dec 17 00:54:09 2025: Dispatch Server: do_await_stop
Wed Dec 17 00:54:09 2025: Dispatch Server: stopping mainFifo_
Wed Dec 17 00:54:09 2025: XCD main fifo: Stopping
Wed Dec 17 00:54:09 2025: XCD main fifo: do_read error code: Operation canceled
Wed Dec 17 00:54:09 2025: XCD main fifo: bytes_transferred: 0
Wed Dec 17 00:54:09 2025: SERVER: destructor for server bound to port 34859
Wed Dec 17 00:54:09 2025: XCD main fifo: Good unlink of /tmp/xcdmainf9be95c7-de39-44d6-9f83-1b0d393eee73
Wed Dec 17 00:54:09 2025: Server exiting with status 0.
Wed Dec 17 00:54:09 2025: Closing log file.
Wed Dec 17 12:23:13 2025: Running xcd server. This server was built by gradle.
Wed Dec 17 12:23:13 2025: Server was asked to start on port: '41003'
Wed Dec 17 12:23:13 2025: Server is using token UUID: 'fc11f2dd-292c-44d6-8206-486cef2971b7'
Wed Dec 17 12:23:13 2025: SESSION_MGR: creating session with session uuid: '6d04a3e9-ade5-4ab9-8d63-1f78fcd2ec76' and name 'default'
Wed Dec 17 12:23:13 2025: Attempting to start server on port '41003'
Wed Dec 17 12:23:13 2025: XCD main fifo: created main fifo '/tmp/xcdmainfc11f2dd-292c-44d6-8206-486cef2971b7', fd read = 12
Wed Dec 17 12:23:13 2025: Running Dispatch Server
Wed Dec 17 12:23:13 2025: Version 2.2.0
Wed Dec 17 12:23:15 2025: Dispatch Server: Accepted socket connection from client
Wed Dec 17 12:23:15 2025: Starting Socket connection
Wed Dec 17 12:23:15 2025: EXCHANGE_TOKEN received, server token: fc11f2dd-292c-44d6-8206-486cef2971b7, passed token: fc11f2dd-292c-44d6-8206-486cef2971b7
Wed Dec 17 12:23:15 2025: DISPATCH_HANDLER: Adding handler from function makeHandler in library libxv_system_diagram failed with exception: Could not dynamically load libxv_system_diagram.so
Wed Dec 17 12:23:15 2025: SESSION_MGR: creating session with session uuid: '3b782948-0b70-4865-9c08-c63b04dbc969' and name 'vitis-run_compile_transformer_top'
Wed Dec 17 12:23:15 2025: KERNEL_SVC: creating session with uuid: '3b782948-0b70-4865-9c08-c63b04dbc969' and name 'vitis-run_compile_transformer_top'
Wed Dec 17 12:23:15 2025: GUIDANCE_SMGR: creating guidance session with uuid: '3b782948-0b70-4865-9c08-c63b04dbc969' and name 'vitis-run_compile_transformer_top'
Wed Dec 17 12:23:19 2025: Dispatch Server: Accepted socket connection from client
Wed Dec 17 12:23:19 2025: Starting Socket connection
Wed Dec 17 12:23:20 2025: SESSION_MGR: closing session for UUID '3b782948-0b70-4865-9c08-c63b04dbc969' with name 'vitis-run_compile_transformer_top'
Wed Dec 17 12:23:20 2025: KERNEL_SVC: closing session for UUID '3b782948-0b70-4865-9c08-c63b04dbc969' with name 'vitis-run_compile_transformer_top'
Wed Dec 17 12:23:20 2025: GUIDANCE_SMGR: closing session for UUID '3b782948-0b70-4865-9c08-c63b04dbc969' with name 'vitis-run_compile_transformer_top'
Wed Dec 17 12:23:20 2025: STOP_SERVER received, server token: fc11f2dd-292c-44d6-8206-486cef2971b7, passed token: fc11f2dd-292c-44d6-8206-486cef2971b7
Wed Dec 17 12:23:20 2025: Socket received request to stop server.
Wed Dec 17 12:23:20 2025: Dispatch Server: do_await_stop
Wed Dec 17 12:23:20 2025: Dispatch Server: stopping mainFifo_
Wed Dec 17 12:23:20 2025: XCD main fifo: Stopping
Wed Dec 17 12:23:20 2025: XCD main fifo: do_read error code: Operation canceled
Wed Dec 17 12:23:20 2025: XCD main fifo: bytes_transferred: 0
Wed Dec 17 12:23:20 2025: SERVER: destructor for server bound to port 41003
Wed Dec 17 12:23:20 2025: XCD main fifo: Good unlink of /tmp/xcdmainfc11f2dd-292c-44d6-8206-486cef2971b7
Wed Dec 17 12:23:20 2025: Server exiting with status 0.
Wed Dec 17 12:23:20 2025: Closing log file.
Wed Dec 17 12:23:40 2025: Running xcd server. This server was built by gradle.
Wed Dec 17 12:23:40 2025: Server was asked to start on port: '33125'
Wed Dec 17 12:23:40 2025: Server is using token UUID: '74295968-f015-4e9e-9cca-29a9900345b5'
Wed Dec 17 12:23:40 2025: SESSION_MGR: creating session with session uuid: '6d04a3e9-ade5-4ab9-8d63-1f78fcd2ec76' and name 'default'
Wed Dec 17 12:23:40 2025: Attempting to start server on port '33125'
Wed Dec 17 12:23:40 2025: XCD main fifo: created main fifo '/tmp/xcdmain74295968-f015-4e9e-9cca-29a9900345b5', fd read = 12
Wed Dec 17 12:23:40 2025: Running Dispatch Server
Wed Dec 17 12:23:40 2025: Version 2.2.0
Wed Dec 17 12:23:41 2025: Dispatch Server: Accepted socket connection from client
Wed Dec 17 12:23:41 2025: Starting Socket connection
Wed Dec 17 12:23:41 2025: EXCHANGE_TOKEN received, server token: 74295968-f015-4e9e-9cca-29a9900345b5, passed token: 74295968-f015-4e9e-9cca-29a9900345b5
Wed Dec 17 12:23:41 2025: DISPATCH_HANDLER: Adding handler from function makeHandler in library libxv_system_diagram failed with exception: Could not dynamically load libxv_system_diagram.so
Wed Dec 17 12:23:41 2025: SESSION_MGR: creating session with session uuid: '353ad8e4-15ed-49a3-976e-e83fc14aefe0' and name 'v++_compile_transformer_top'
Wed Dec 17 12:23:41 2025: KERNEL_SVC: creating session with uuid: '353ad8e4-15ed-49a3-976e-e83fc14aefe0' and name 'v++_compile_transformer_top'
Wed Dec 17 12:23:41 2025: GUIDANCE_SMGR: creating guidance session with uuid: '353ad8e4-15ed-49a3-976e-e83fc14aefe0' and name 'v++_compile_transformer_top'
Wed Dec 17 12:23:45 2025: Dispatch Server: Accepted socket connection from client
Wed Dec 17 12:23:45 2025: Starting Socket connection
Wed Dec 17 12:24:13 2025: SESSION_MGR: closing session for UUID '353ad8e4-15ed-49a3-976e-e83fc14aefe0' with name 'v++_compile_transformer_top'
Wed Dec 17 12:24:13 2025: KERNEL_SVC: closing session for UUID '353ad8e4-15ed-49a3-976e-e83fc14aefe0' with name 'v++_compile_transformer_top'
Wed Dec 17 12:24:13 2025: GUIDANCE_SMGR: closing session for UUID '353ad8e4-15ed-49a3-976e-e83fc14aefe0' with name 'v++_compile_transformer_top'
Wed Dec 17 12:24:13 2025: STOP_SERVER received, server token: 74295968-f015-4e9e-9cca-29a9900345b5, passed token: 74295968-f015-4e9e-9cca-29a9900345b5
Wed Dec 17 12:24:13 2025: Socket received request to stop server.
Wed Dec 17 12:24:13 2025: Dispatch Server: do_await_stop
Wed Dec 17 12:24:13 2025: Dispatch Server: stopping mainFifo_
Wed Dec 17 12:24:13 2025: XCD main fifo: Stopping
Wed Dec 17 12:24:13 2025: XCD main fifo: do_read error code: Operation canceled
Wed Dec 17 12:24:13 2025: XCD main fifo: bytes_transferred: 0
Wed Dec 17 12:24:13 2025: SERVER: destructor for server bound to port 33125
Wed Dec 17 12:24:13 2025: XCD main fifo: Good unlink of /tmp/xcdmain74295968-f015-4e9e-9cca-29a9900345b5
Wed Dec 17 12:24:13 2025: Server exiting with status 0.
Wed Dec 17 12:24:13 2025: Closing log file.
Wed Dec 17 13:06:37 2025: Running xcd server. This server was built by gradle.
Wed Dec 17 13:06:37 2025: Server was asked to start on port: '42713'
Wed Dec 17 13:06:37 2025: Server is using token UUID: '321219d1-d0e2-4f49-b615-67845fd25719'
Wed Dec 17 13:06:37 2025: SESSION_MGR: creating session with session uuid: '6d04a3e9-ade5-4ab9-8d63-1f78fcd2ec76' and name 'default'
Wed Dec 17 13:06:37 2025: Attempting to start server on port '42713'
Wed Dec 17 13:06:37 2025: XCD main fifo: created main fifo '/tmp/xcdmain321219d1-d0e2-4f49-b615-67845fd25719', fd read = 12
Wed Dec 17 13:06:37 2025: Running Dispatch Server
Wed Dec 17 13:06:37 2025: Version 2.2.0
Wed Dec 17 13:06:39 2025: Dispatch Server: Accepted socket connection from client
Wed Dec 17 13:06:39 2025: Starting Socket connection
Wed Dec 17 13:06:39 2025: EXCHANGE_TOKEN received, server token: 321219d1-d0e2-4f49-b615-67845fd25719, passed token: 321219d1-d0e2-4f49-b615-67845fd25719
Wed Dec 17 13:06:39 2025: DISPATCH_HANDLER: Adding handler from function makeHandler in library libxv_system_diagram failed with exception: Could not dynamically load libxv_system_diagram.so
Wed Dec 17 13:06:39 2025: SESSION_MGR: creating session with session uuid: 'adf5f39f-1d3a-4b1f-bbca-e80ff2830fb0' and name 'vitis-run_compile_transformer_top'
Wed Dec 17 13:06:39 2025: KERNEL_SVC: creating session with uuid: 'adf5f39f-1d3a-4b1f-bbca-e80ff2830fb0' and name 'vitis-run_compile_transformer_top'
Wed Dec 17 13:06:39 2025: GUIDANCE_SMGR: creating guidance session with uuid: 'adf5f39f-1d3a-4b1f-bbca-e80ff2830fb0' and name 'vitis-run_compile_transformer_top'
Wed Dec 17 13:06:43 2025: Dispatch Server: Accepted socket connection from client
Wed Dec 17 13:06:43 2025: Starting Socket connection
Wed Dec 17 13:06:43 2025: SESSION_MGR: closing session for UUID 'adf5f39f-1d3a-4b1f-bbca-e80ff2830fb0' with name 'vitis-run_compile_transformer_top'
Wed Dec 17 13:06:43 2025: KERNEL_SVC: closing session for UUID 'adf5f39f-1d3a-4b1f-bbca-e80ff2830fb0' with name 'vitis-run_compile_transformer_top'
Wed Dec 17 13:06:43 2025: GUIDANCE_SMGR: closing session for UUID 'adf5f39f-1d3a-4b1f-bbca-e80ff2830fb0' with name 'vitis-run_compile_transformer_top'
Wed Dec 17 13:06:43 2025: STOP_SERVER received, server token: 321219d1-d0e2-4f49-b615-67845fd25719, passed token: 321219d1-d0e2-4f49-b615-67845fd25719
Wed Dec 17 13:06:43 2025: Socket received request to stop server.
Wed Dec 17 13:06:43 2025: Dispatch Server: do_await_stop
Wed Dec 17 13:06:43 2025: Dispatch Server: stopping mainFifo_
Wed Dec 17 13:06:43 2025: XCD main fifo: Stopping
Wed Dec 17 13:06:43 2025: XCD main fifo: do_read error code: Operation canceled
Wed Dec 17 13:06:43 2025: XCD main fifo: bytes_transferred: 0
Wed Dec 17 13:06:43 2025: SERVER: destructor for server bound to port 42713
Wed Dec 17 13:06:43 2025: XCD main fifo: Good unlink of /tmp/xcdmain321219d1-d0e2-4f49-b615-67845fd25719
Wed Dec 17 13:06:43 2025: Server exiting with status 0.
Wed Dec 17 13:06:43 2025: Closing log file.
Wed Dec 17 13:06:52 2025: Running xcd server. This server was built by gradle.
Wed Dec 17 13:06:52 2025: Server was asked to start on port: '43203'
Wed Dec 17 13:06:52 2025: Server is using token UUID: '200ac6dc-97f2-4ecf-ac45-a16ae293eff5'
Wed Dec 17 13:06:52 2025: SESSION_MGR: creating session with session uuid: '6d04a3e9-ade5-4ab9-8d63-1f78fcd2ec76' and name 'default'
Wed Dec 17 13:06:52 2025: Attempting to start server on port '43203'
Wed Dec 17 13:06:52 2025: XCD main fifo: created main fifo '/tmp/xcdmain200ac6dc-97f2-4ecf-ac45-a16ae293eff5', fd read = 12
Wed Dec 17 13:06:52 2025: Running Dispatch Server
Wed Dec 17 13:06:52 2025: Version 2.2.0
Wed Dec 17 13:06:54 2025: Dispatch Server: Accepted socket connection from client
Wed Dec 17 13:06:54 2025: Starting Socket connection
Wed Dec 17 13:06:54 2025: EXCHANGE_TOKEN received, server token: 200ac6dc-97f2-4ecf-ac45-a16ae293eff5, passed token: 200ac6dc-97f2-4ecf-ac45-a16ae293eff5
Wed Dec 17 13:06:54 2025: DISPATCH_HANDLER: Adding handler from function makeHandler in library libxv_system_diagram failed with exception: Could not dynamically load libxv_system_diagram.so
Wed Dec 17 13:06:54 2025: SESSION_MGR: creating session with session uuid: '9873c705-5010-4422-9a46-54aec74e9910' and name 'v++_compile_transformer_top'
Wed Dec 17 13:06:54 2025: KERNEL_SVC: creating session with uuid: '9873c705-5010-4422-9a46-54aec74e9910' and name 'v++_compile_transformer_top'
Wed Dec 17 13:06:54 2025: GUIDANCE_SMGR: creating guidance session with uuid: '9873c705-5010-4422-9a46-54aec74e9910' and name 'v++_compile_transformer_top'
Wed Dec 17 13:06:58 2025: Dispatch Server: Accepted socket connection from client
Wed Dec 17 13:06:58 2025: Starting Socket connection
Wed Dec 17 13:07:24 2025: SESSION_MGR: closing session for UUID '9873c705-5010-4422-9a46-54aec74e9910' with name 'v++_compile_transformer_top'
Wed Dec 17 13:07:24 2025: KERNEL_SVC: closing session for UUID '9873c705-5010-4422-9a46-54aec74e9910' with name 'v++_compile_transformer_top'
Wed Dec 17 13:07:24 2025: GUIDANCE_SMGR: closing session for UUID '9873c705-5010-4422-9a46-54aec74e9910' with name 'v++_compile_transformer_top'
Wed Dec 17 13:07:24 2025: STOP_SERVER received, server token: 200ac6dc-97f2-4ecf-ac45-a16ae293eff5, passed token: 200ac6dc-97f2-4ecf-ac45-a16ae293eff5
Wed Dec 17 13:07:24 2025: Socket received request to stop server.
Wed Dec 17 13:07:24 2025: Dispatch Server: do_await_stop
Wed Dec 17 13:07:24 2025: Dispatch Server: stopping mainFifo_
Wed Dec 17 13:07:24 2025: XCD main fifo: Stopping
Wed Dec 17 13:07:24 2025: XCD main fifo: do_read error code: Operation canceled
Wed Dec 17 13:07:24 2025: XCD main fifo: bytes_transferred: 0
Wed Dec 17 13:07:24 2025: SERVER: destructor for server bound to port 43203
Wed Dec 17 13:07:24 2025: XCD main fifo: Good unlink of /tmp/xcdmain200ac6dc-97f2-4ecf-ac45-a16ae293eff5
Wed Dec 17 13:07:24 2025: Server exiting with status 0.
Wed Dec 17 13:07:24 2025: Closing log file.
Wed Dec 17 13:29:40 2025: Running xcd server. This server was built by gradle.
Wed Dec 17 13:29:40 2025: Server was asked to start on port: '33309'
Wed Dec 17 13:29:40 2025: Server is using token UUID: '484f6b67-7bd3-42c8-8771-8adb962034ad'
Wed Dec 17 13:29:40 2025: SESSION_MGR: creating session with session uuid: '6d04a3e9-ade5-4ab9-8d63-1f78fcd2ec76' and name 'default'
Wed Dec 17 13:29:40 2025: Attempting to start server on port '33309'
Wed Dec 17 13:29:40 2025: XCD main fifo: created main fifo '/tmp/xcdmain484f6b67-7bd3-42c8-8771-8adb962034ad', fd read = 12
Wed Dec 17 13:29:40 2025: Running Dispatch Server
Wed Dec 17 13:29:40 2025: Version 2.2.0
Wed Dec 17 13:29:41 2025: Dispatch Server: Accepted socket connection from client
Wed Dec 17 13:29:41 2025: Starting Socket connection
Wed Dec 17 13:29:41 2025: EXCHANGE_TOKEN received, server token: 484f6b67-7bd3-42c8-8771-8adb962034ad, passed token: 484f6b67-7bd3-42c8-8771-8adb962034ad
Wed Dec 17 13:29:41 2025: DISPATCH_HANDLER: Adding handler from function makeHandler in library libxv_system_diagram failed with exception: Could not dynamically load libxv_system_diagram.so
Wed Dec 17 13:29:41 2025: SESSION_MGR: creating session with session uuid: '35e3aebf-93c4-4983-a723-8d9ad161a5f9' and name 'vitis-run_compile_transformer_top'
Wed Dec 17 13:29:41 2025: KERNEL_SVC: creating session with uuid: '35e3aebf-93c4-4983-a723-8d9ad161a5f9' and name 'vitis-run_compile_transformer_top'
Wed Dec 17 13:29:41 2025: GUIDANCE_SMGR: creating guidance session with uuid: '35e3aebf-93c4-4983-a723-8d9ad161a5f9' and name 'vitis-run_compile_transformer_top'
Wed Dec 17 13:29:45 2025: Dispatch Server: Accepted socket connection from client
Wed Dec 17 13:29:45 2025: Starting Socket connection
Wed Dec 17 13:29:46 2025: SESSION_MGR: closing session for UUID '35e3aebf-93c4-4983-a723-8d9ad161a5f9' with name 'vitis-run_compile_transformer_top'
Wed Dec 17 13:29:46 2025: KERNEL_SVC: closing session for UUID '35e3aebf-93c4-4983-a723-8d9ad161a5f9' with name 'vitis-run_compile_transformer_top'
Wed Dec 17 13:29:46 2025: GUIDANCE_SMGR: closing session for UUID '35e3aebf-93c4-4983-a723-8d9ad161a5f9' with name 'vitis-run_compile_transformer_top'
Wed Dec 17 13:29:46 2025: STOP_SERVER received, server token: 484f6b67-7bd3-42c8-8771-8adb962034ad, passed token: 484f6b67-7bd3-42c8-8771-8adb962034ad
Wed Dec 17 13:29:46 2025: Socket received request to stop server.
Wed Dec 17 13:29:46 2025: Dispatch Server: do_await_stop
Wed Dec 17 13:29:46 2025: Dispatch Server: stopping mainFifo_
Wed Dec 17 13:29:46 2025: XCD main fifo: Stopping
Wed Dec 17 13:29:46 2025: XCD main fifo: do_read error code: Operation canceled
Wed Dec 17 13:29:46 2025: XCD main fifo: bytes_transferred: 0
Wed Dec 17 13:29:46 2025: SERVER: destructor for server bound to port 33309
Wed Dec 17 13:29:46 2025: XCD main fifo: Good unlink of /tmp/xcdmain484f6b67-7bd3-42c8-8771-8adb962034ad
Wed Dec 17 13:29:46 2025: Server exiting with status 0.
Wed Dec 17 13:29:46 2025: Closing log file.
Wed Dec 17 13:41:25 2025: Running xcd server. This server was built by gradle.
Wed Dec 17 13:41:25 2025: Server was asked to start on port: '44611'
Wed Dec 17 13:41:25 2025: Server is using token UUID: '73444032-7523-4512-99a6-cdd4cd3b3a7e'
Wed Dec 17 13:41:25 2025: SESSION_MGR: creating session with session uuid: '6d04a3e9-ade5-4ab9-8d63-1f78fcd2ec76' and name 'default'
Wed Dec 17 13:41:25 2025: Attempting to start server on port '44611'
Wed Dec 17 13:41:25 2025: XCD main fifo: created main fifo '/tmp/xcdmain73444032-7523-4512-99a6-cdd4cd3b3a7e', fd read = 12
Wed Dec 17 13:41:25 2025: Running Dispatch Server
Wed Dec 17 13:41:25 2025: Version 2.2.0
Wed Dec 17 13:41:26 2025: Dispatch Server: Accepted socket connection from client
Wed Dec 17 13:41:26 2025: Starting Socket connection
Wed Dec 17 13:41:26 2025: EXCHANGE_TOKEN received, server token: 73444032-7523-4512-99a6-cdd4cd3b3a7e, passed token: 73444032-7523-4512-99a6-cdd4cd3b3a7e
Wed Dec 17 13:41:26 2025: DISPATCH_HANDLER: Adding handler from function makeHandler in library libxv_system_diagram failed with exception: Could not dynamically load libxv_system_diagram.so
Wed Dec 17 13:41:26 2025: SESSION_MGR: creating session with session uuid: 'aef50d00-f636-4855-ae55-d0215349efd6' and name 'vitis-run_compile_transformer_top'
Wed Dec 17 13:41:26 2025: KERNEL_SVC: creating session with uuid: 'aef50d00-f636-4855-ae55-d0215349efd6' and name 'vitis-run_compile_transformer_top'
Wed Dec 17 13:41:26 2025: GUIDANCE_SMGR: creating guidance session with uuid: 'aef50d00-f636-4855-ae55-d0215349efd6' and name 'vitis-run_compile_transformer_top'
Wed Dec 17 13:41:30 2025: Dispatch Server: Accepted socket connection from client
Wed Dec 17 13:41:30 2025: Starting Socket connection
Wed Dec 17 13:41:31 2025: SESSION_MGR: closing session for UUID 'aef50d00-f636-4855-ae55-d0215349efd6' with name 'vitis-run_compile_transformer_top'
Wed Dec 17 13:41:31 2025: KERNEL_SVC: closing session for UUID 'aef50d00-f636-4855-ae55-d0215349efd6' with name 'vitis-run_compile_transformer_top'
Wed Dec 17 13:41:31 2025: GUIDANCE_SMGR: closing session for UUID 'aef50d00-f636-4855-ae55-d0215349efd6' with name 'vitis-run_compile_transformer_top'
Wed Dec 17 13:41:31 2025: STOP_SERVER received, server token: 73444032-7523-4512-99a6-cdd4cd3b3a7e, passed token: 73444032-7523-4512-99a6-cdd4cd3b3a7e
Wed Dec 17 13:41:31 2025: Socket received request to stop server.
Wed Dec 17 13:41:31 2025: Dispatch Server: do_await_stop
Wed Dec 17 13:41:31 2025: Dispatch Server: stopping mainFifo_
Wed Dec 17 13:41:31 2025: XCD main fifo: Stopping
Wed Dec 17 13:41:31 2025: XCD main fifo: do_read error code: Operation canceled
Wed Dec 17 13:41:31 2025: XCD main fifo: bytes_transferred: 0
Wed Dec 17 13:41:31 2025: SERVER: destructor for server bound to port 44611
Wed Dec 17 13:41:31 2025: XCD main fifo: Good unlink of /tmp/xcdmain73444032-7523-4512-99a6-cdd4cd3b3a7e
Wed Dec 17 13:41:31 2025: Server exiting with status 0.
Wed Dec 17 13:41:31 2025: Closing log file.
Wed Dec 17 13:44:23 2025: Running xcd server. This server was built by gradle.
Wed Dec 17 13:44:23 2025: Server was asked to start on port: '35355'
Wed Dec 17 13:44:23 2025: Server is using token UUID: '60894b39-8965-4a52-abc0-4ec5a1fa240f'
Wed Dec 17 13:44:23 2025: SESSION_MGR: creating session with session uuid: '6d04a3e9-ade5-4ab9-8d63-1f78fcd2ec76' and name 'default'
Wed Dec 17 13:44:23 2025: Attempting to start server on port '35355'
Wed Dec 17 13:44:23 2025: XCD main fifo: created main fifo '/tmp/xcdmain60894b39-8965-4a52-abc0-4ec5a1fa240f', fd read = 12
Wed Dec 17 13:44:23 2025: Running Dispatch Server
Wed Dec 17 13:44:23 2025: Version 2.2.0
Wed Dec 17 13:44:24 2025: Dispatch Server: Accepted socket connection from client
Wed Dec 17 13:44:24 2025: Starting Socket connection
Wed Dec 17 13:44:24 2025: EXCHANGE_TOKEN received, server token: 60894b39-8965-4a52-abc0-4ec5a1fa240f, passed token: 60894b39-8965-4a52-abc0-4ec5a1fa240f
Wed Dec 17 13:44:24 2025: DISPATCH_HANDLER: Adding handler from function makeHandler in library libxv_system_diagram failed with exception: Could not dynamically load libxv_system_diagram.so
Wed Dec 17 13:44:24 2025: SESSION_MGR: creating session with session uuid: '0ba1935d-a27d-425f-a24a-69d23306b39a' and name 'vitis-run_compile_transformer_top'
Wed Dec 17 13:44:24 2025: KERNEL_SVC: creating session with uuid: '0ba1935d-a27d-425f-a24a-69d23306b39a' and name 'vitis-run_compile_transformer_top'
Wed Dec 17 13:44:24 2025: GUIDANCE_SMGR: creating guidance session with uuid: '0ba1935d-a27d-425f-a24a-69d23306b39a' and name 'vitis-run_compile_transformer_top'
Wed Dec 17 13:44:28 2025: Dispatch Server: Accepted socket connection from client
Wed Dec 17 13:44:28 2025: Starting Socket connection
Wed Dec 17 13:44:29 2025: SESSION_MGR: closing session for UUID '0ba1935d-a27d-425f-a24a-69d23306b39a' with name 'vitis-run_compile_transformer_top'
Wed Dec 17 13:44:29 2025: KERNEL_SVC: closing session for UUID '0ba1935d-a27d-425f-a24a-69d23306b39a' with name 'vitis-run_compile_transformer_top'
Wed Dec 17 13:44:29 2025: GUIDANCE_SMGR: closing session for UUID '0ba1935d-a27d-425f-a24a-69d23306b39a' with name 'vitis-run_compile_transformer_top'
Wed Dec 17 13:44:29 2025: STOP_SERVER received, server token: 60894b39-8965-4a52-abc0-4ec5a1fa240f, passed token: 60894b39-8965-4a52-abc0-4ec5a1fa240f
Wed Dec 17 13:44:29 2025: Socket received request to stop server.
Wed Dec 17 13:44:29 2025: Dispatch Server: do_await_stop
Wed Dec 17 13:44:29 2025: Dispatch Server: stopping mainFifo_
Wed Dec 17 13:44:29 2025: XCD main fifo: Stopping
Wed Dec 17 13:44:29 2025: XCD main fifo: do_read error code: Operation canceled
Wed Dec 17 13:44:29 2025: XCD main fifo: bytes_transferred: 0
Wed Dec 17 13:44:29 2025: SERVER: destructor for server bound to port 35355
Wed Dec 17 13:44:29 2025: XCD main fifo: Good unlink of /tmp/xcdmain60894b39-8965-4a52-abc0-4ec5a1fa240f
Wed Dec 17 13:44:29 2025: Server exiting with status 0.
Wed Dec 17 13:44:29 2025: Closing log file.
Wed Dec 17 13:46:11 2025: Running xcd server. This server was built by gradle.
Wed Dec 17 13:46:11 2025: Server was asked to start on port: '43979'
Wed Dec 17 13:46:11 2025: Server is using token UUID: 'ae7b5f94-aa03-4bc3-bb7c-ee43a529837b'
Wed Dec 17 13:46:11 2025: SESSION_MGR: creating session with session uuid: '6d04a3e9-ade5-4ab9-8d63-1f78fcd2ec76' and name 'default'
Wed Dec 17 13:46:11 2025: Attempting to start server on port '43979'
Wed Dec 17 13:46:11 2025: XCD main fifo: created main fifo '/tmp/xcdmainae7b5f94-aa03-4bc3-bb7c-ee43a529837b', fd read = 12
Wed Dec 17 13:46:11 2025: Running Dispatch Server
Wed Dec 17 13:46:11 2025: Version 2.2.0
Wed Dec 17 13:46:12 2025: Dispatch Server: Accepted socket connection from client
Wed Dec 17 13:46:12 2025: Starting Socket connection
Wed Dec 17 13:46:12 2025: EXCHANGE_TOKEN received, server token: ae7b5f94-aa03-4bc3-bb7c-ee43a529837b, passed token: ae7b5f94-aa03-4bc3-bb7c-ee43a529837b
Wed Dec 17 13:46:12 2025: DISPATCH_HANDLER: Adding handler from function makeHandler in library libxv_system_diagram failed with exception: Could not dynamically load libxv_system_diagram.so
Wed Dec 17 13:46:12 2025: SESSION_MGR: creating session with session uuid: 'af06f2fc-b392-4d50-ac75-177f9d3b5b8f' and name 'v++_compile_transformer_top'
Wed Dec 17 13:46:12 2025: KERNEL_SVC: creating session with uuid: 'af06f2fc-b392-4d50-ac75-177f9d3b5b8f' and name 'v++_compile_transformer_top'
Wed Dec 17 13:46:12 2025: GUIDANCE_SMGR: creating guidance session with uuid: 'af06f2fc-b392-4d50-ac75-177f9d3b5b8f' and name 'v++_compile_transformer_top'
Wed Dec 17 13:46:16 2025: Dispatch Server: Accepted socket connection from client
Wed Dec 17 13:46:16 2025: Starting Socket connection
Wed Dec 17 13:46:46 2025: SESSION_MGR: closing session for UUID 'af06f2fc-b392-4d50-ac75-177f9d3b5b8f' with name 'v++_compile_transformer_top'
Wed Dec 17 13:46:46 2025: KERNEL_SVC: closing session for UUID 'af06f2fc-b392-4d50-ac75-177f9d3b5b8f' with name 'v++_compile_transformer_top'
Wed Dec 17 13:46:46 2025: GUIDANCE_SMGR: closing session for UUID 'af06f2fc-b392-4d50-ac75-177f9d3b5b8f' with name 'v++_compile_transformer_top'
Wed Dec 17 13:46:46 2025: STOP_SERVER received, server token: ae7b5f94-aa03-4bc3-bb7c-ee43a529837b, passed token: ae7b5f94-aa03-4bc3-bb7c-ee43a529837b
Wed Dec 17 13:46:46 2025: Socket received request to stop server.
Wed Dec 17 13:46:46 2025: Dispatch Server: do_await_stop
Wed Dec 17 13:46:46 2025: Dispatch Server: stopping mainFifo_
Wed Dec 17 13:46:46 2025: XCD main fifo: Stopping
Wed Dec 17 13:46:46 2025: XCD main fifo: do_read error code: Operation canceled
Wed Dec 17 13:46:46 2025: XCD main fifo: bytes_transferred: 0
Wed Dec 17 13:46:46 2025: SERVER: destructor for server bound to port 43979
Wed Dec 17 13:46:46 2025: XCD main fifo: Good unlink of /tmp/xcdmainae7b5f94-aa03-4bc3-bb7c-ee43a529837b
Wed Dec 17 13:46:46 2025: Server exiting with status 0.
Wed Dec 17 13:46:46 2025: Closing log file.
Wed Dec 17 14:08:16 2025: Running xcd server. This server was built by gradle.
Wed Dec 17 14:08:16 2025: Server was asked to start on port: '41771'
Wed Dec 17 14:08:16 2025: Server is using token UUID: '9245518a-83be-447b-941c-e66642796853'
Wed Dec 17 14:08:16 2025: SESSION_MGR: creating session with session uuid: '6d04a3e9-ade5-4ab9-8d63-1f78fcd2ec76' and name 'default'
Wed Dec 17 14:08:16 2025: Attempting to start server on port '41771'
Wed Dec 17 14:08:16 2025: XCD main fifo: created main fifo '/tmp/xcdmain9245518a-83be-447b-941c-e66642796853', fd read = 12
Wed Dec 17 14:08:16 2025: Running Dispatch Server
Wed Dec 17 14:08:16 2025: Version 2.2.0
Wed Dec 17 14:08:18 2025: Dispatch Server: Accepted socket connection from client
Wed Dec 17 14:08:18 2025: Starting Socket connection
Wed Dec 17 14:08:18 2025: EXCHANGE_TOKEN received, server token: 9245518a-83be-447b-941c-e66642796853, passed token: 9245518a-83be-447b-941c-e66642796853
Wed Dec 17 14:08:18 2025: DISPATCH_HANDLER: Adding handler from function makeHandler in library libxv_system_diagram failed with exception: Could not dynamically load libxv_system_diagram.so
Wed Dec 17 14:08:18 2025: SESSION_MGR: creating session with session uuid: '1418996d-0272-4921-afe5-8c8ddc5c382e' and name 'vitis-run_compile_transformer_top'
Wed Dec 17 14:08:18 2025: KERNEL_SVC: creating session with uuid: '1418996d-0272-4921-afe5-8c8ddc5c382e' and name 'vitis-run_compile_transformer_top'
Wed Dec 17 14:08:18 2025: GUIDANCE_SMGR: creating guidance session with uuid: '1418996d-0272-4921-afe5-8c8ddc5c382e' and name 'vitis-run_compile_transformer_top'
Wed Dec 17 14:08:21 2025: Dispatch Server: Accepted socket connection from client
Wed Dec 17 14:08:21 2025: Starting Socket connection
Wed Dec 17 14:08:22 2025: SESSION_MGR: closing session for UUID '1418996d-0272-4921-afe5-8c8ddc5c382e' with name 'vitis-run_compile_transformer_top'
Wed Dec 17 14:08:22 2025: KERNEL_SVC: closing session for UUID '1418996d-0272-4921-afe5-8c8ddc5c382e' with name 'vitis-run_compile_transformer_top'
Wed Dec 17 14:08:22 2025: GUIDANCE_SMGR: closing session for UUID '1418996d-0272-4921-afe5-8c8ddc5c382e' with name 'vitis-run_compile_transformer_top'
Wed Dec 17 14:08:22 2025: STOP_SERVER received, server token: 9245518a-83be-447b-941c-e66642796853, passed token: 9245518a-83be-447b-941c-e66642796853
Wed Dec 17 14:08:22 2025: Socket received request to stop server.
Wed Dec 17 14:08:22 2025: Dispatch Server: do_await_stop
Wed Dec 17 14:08:22 2025: Dispatch Server: stopping mainFifo_
Wed Dec 17 14:08:22 2025: XCD main fifo: Stopping
Wed Dec 17 14:08:22 2025: XCD main fifo: do_read error code: Operation canceled
Wed Dec 17 14:08:22 2025: XCD main fifo: bytes_transferred: 0
Wed Dec 17 14:08:22 2025: SERVER: destructor for server bound to port 41771
Wed Dec 17 14:08:22 2025: XCD main fifo: Good unlink of /tmp/xcdmain9245518a-83be-447b-941c-e66642796853
Wed Dec 17 14:08:22 2025: Server exiting with status 0.
Wed Dec 17 14:08:22 2025: Closing log file.
Wed Dec 17 14:22:26 2025: Running xcd server. This server was built by gradle.
Wed Dec 17 14:22:26 2025: Server was asked to start on port: '38923'
Wed Dec 17 14:22:26 2025: Server is using token UUID: '6fca40b9-f975-4cfa-93be-1322fcee0282'
Wed Dec 17 14:22:26 2025: SESSION_MGR: creating session with session uuid: '6d04a3e9-ade5-4ab9-8d63-1f78fcd2ec76' and name 'default'
Wed Dec 17 14:22:26 2025: Attempting to start server on port '38923'
Wed Dec 17 14:22:26 2025: XCD main fifo: created main fifo '/tmp/xcdmain6fca40b9-f975-4cfa-93be-1322fcee0282', fd read = 12
Wed Dec 17 14:22:26 2025: Running Dispatch Server
Wed Dec 17 14:22:26 2025: Version 2.2.0
Wed Dec 17 14:22:28 2025: Dispatch Server: Accepted socket connection from client
Wed Dec 17 14:22:28 2025: Starting Socket connection
Wed Dec 17 14:22:28 2025: EXCHANGE_TOKEN received, server token: 6fca40b9-f975-4cfa-93be-1322fcee0282, passed token: 6fca40b9-f975-4cfa-93be-1322fcee0282
Wed Dec 17 14:22:28 2025: DISPATCH_HANDLER: Adding handler from function makeHandler in library libxv_system_diagram failed with exception: Could not dynamically load libxv_system_diagram.so
Wed Dec 17 14:22:28 2025: SESSION_MGR: creating session with session uuid: '2d70d4b1-8773-4196-80c5-1f1dd13235ee' and name 'vitis-run_compile_transformer_top'
Wed Dec 17 14:22:28 2025: KERNEL_SVC: creating session with uuid: '2d70d4b1-8773-4196-80c5-1f1dd13235ee' and name 'vitis-run_compile_transformer_top'
Wed Dec 17 14:22:28 2025: GUIDANCE_SMGR: creating guidance session with uuid: '2d70d4b1-8773-4196-80c5-1f1dd13235ee' and name 'vitis-run_compile_transformer_top'
Wed Dec 17 14:22:31 2025: Dispatch Server: Accepted socket connection from client
Wed Dec 17 14:22:31 2025: Starting Socket connection
Wed Dec 17 14:22:32 2025: SESSION_MGR: closing session for UUID '2d70d4b1-8773-4196-80c5-1f1dd13235ee' with name 'vitis-run_compile_transformer_top'
Wed Dec 17 14:22:32 2025: KERNEL_SVC: closing session for UUID '2d70d4b1-8773-4196-80c5-1f1dd13235ee' with name 'vitis-run_compile_transformer_top'
Wed Dec 17 14:22:32 2025: GUIDANCE_SMGR: closing session for UUID '2d70d4b1-8773-4196-80c5-1f1dd13235ee' with name 'vitis-run_compile_transformer_top'
Wed Dec 17 14:22:32 2025: STOP_SERVER received, server token: 6fca40b9-f975-4cfa-93be-1322fcee0282, passed token: 6fca40b9-f975-4cfa-93be-1322fcee0282
Wed Dec 17 14:22:32 2025: Socket received request to stop server.
Wed Dec 17 14:22:32 2025: Dispatch Server: do_await_stop
Wed Dec 17 14:22:32 2025: Dispatch Server: stopping mainFifo_
Wed Dec 17 14:22:32 2025: XCD main fifo: Stopping
Wed Dec 17 14:22:32 2025: XCD main fifo: do_read error code: Operation canceled
Wed Dec 17 14:22:32 2025: XCD main fifo: bytes_transferred: 0
Wed Dec 17 14:22:32 2025: SERVER: destructor for server bound to port 38923
Wed Dec 17 14:22:32 2025: XCD main fifo: Good unlink of /tmp/xcdmain6fca40b9-f975-4cfa-93be-1322fcee0282
Wed Dec 17 14:22:32 2025: Server exiting with status 0.
Wed Dec 17 14:22:32 2025: Closing log file.
Wed Dec 17 14:24:19 2025: Running xcd server. This server was built by gradle.
Wed Dec 17 14:24:19 2025: Server was asked to start on port: '37873'
Wed Dec 17 14:24:19 2025: Server is using token UUID: '08458bb1-ba0b-409d-b09c-66028f1e98f1'
Wed Dec 17 14:24:19 2025: SESSION_MGR: creating session with session uuid: '6d04a3e9-ade5-4ab9-8d63-1f78fcd2ec76' and name 'default'
Wed Dec 17 14:24:19 2025: Attempting to start server on port '37873'
Wed Dec 17 14:24:19 2025: XCD main fifo: created main fifo '/tmp/xcdmain08458bb1-ba0b-409d-b09c-66028f1e98f1', fd read = 12
Wed Dec 17 14:24:19 2025: Running Dispatch Server
Wed Dec 17 14:24:19 2025: Version 2.2.0
Wed Dec 17 14:24:21 2025: Dispatch Server: Accepted socket connection from client
Wed Dec 17 14:24:21 2025: Starting Socket connection
Wed Dec 17 14:24:21 2025: EXCHANGE_TOKEN received, server token: 08458bb1-ba0b-409d-b09c-66028f1e98f1, passed token: 08458bb1-ba0b-409d-b09c-66028f1e98f1
Wed Dec 17 14:24:21 2025: DISPATCH_HANDLER: Adding handler from function makeHandler in library libxv_system_diagram failed with exception: Could not dynamically load libxv_system_diagram.so
Wed Dec 17 14:24:21 2025: SESSION_MGR: creating session with session uuid: '9a2fe177-0696-42cc-bfd9-db9a3c03a334' and name 'vitis-run_compile_transformer_top'
Wed Dec 17 14:24:21 2025: KERNEL_SVC: creating session with uuid: '9a2fe177-0696-42cc-bfd9-db9a3c03a334' and name 'vitis-run_compile_transformer_top'
Wed Dec 17 14:24:21 2025: GUIDANCE_SMGR: creating guidance session with uuid: '9a2fe177-0696-42cc-bfd9-db9a3c03a334' and name 'vitis-run_compile_transformer_top'
Wed Dec 17 14:24:25 2025: Dispatch Server: Accepted socket connection from client
Wed Dec 17 14:24:25 2025: Starting Socket connection
Wed Dec 17 14:24:25 2025: SESSION_MGR: closing session for UUID '9a2fe177-0696-42cc-bfd9-db9a3c03a334' with name 'vitis-run_compile_transformer_top'
Wed Dec 17 14:24:25 2025: KERNEL_SVC: closing session for UUID '9a2fe177-0696-42cc-bfd9-db9a3c03a334' with name 'vitis-run_compile_transformer_top'
Wed Dec 17 14:24:25 2025: GUIDANCE_SMGR: closing session for UUID '9a2fe177-0696-42cc-bfd9-db9a3c03a334' with name 'vitis-run_compile_transformer_top'
Wed Dec 17 14:24:25 2025: STOP_SERVER received, server token: 08458bb1-ba0b-409d-b09c-66028f1e98f1, passed token: 08458bb1-ba0b-409d-b09c-66028f1e98f1
Wed Dec 17 14:24:25 2025: Socket received request to stop server.
Wed Dec 17 14:24:25 2025: Dispatch Server: do_await_stop
Wed Dec 17 14:24:25 2025: Dispatch Server: stopping mainFifo_
Wed Dec 17 14:24:25 2025: XCD main fifo: Stopping
Wed Dec 17 14:24:25 2025: XCD main fifo: do_read error code: Operation canceled
Wed Dec 17 14:24:25 2025: XCD main fifo: bytes_transferred: 0
Wed Dec 17 14:24:25 2025: SERVER: destructor for server bound to port 37873
Wed Dec 17 14:24:25 2025: XCD main fifo: Good unlink of /tmp/xcdmain08458bb1-ba0b-409d-b09c-66028f1e98f1
Wed Dec 17 14:24:25 2025: Server exiting with status 0.
Wed Dec 17 14:24:25 2025: Closing log file.
Wed Dec 17 14:24:39 2025: Running xcd server. This server was built by gradle.
Wed Dec 17 14:24:39 2025: Server was asked to start on port: '38345'
Wed Dec 17 14:24:39 2025: Server is using token UUID: '80a1e4e7-90ff-43c6-bd42-7b8b892bfc48'
Wed Dec 17 14:24:39 2025: SESSION_MGR: creating session with session uuid: '6d04a3e9-ade5-4ab9-8d63-1f78fcd2ec76' and name 'default'
Wed Dec 17 14:24:39 2025: Attempting to start server on port '38345'
Wed Dec 17 14:24:39 2025: XCD main fifo: created main fifo '/tmp/xcdmain80a1e4e7-90ff-43c6-bd42-7b8b892bfc48', fd read = 12
Wed Dec 17 14:24:39 2025: Running Dispatch Server
Wed Dec 17 14:24:39 2025: Version 2.2.0
Wed Dec 17 14:24:41 2025: Dispatch Server: Accepted socket connection from client
Wed Dec 17 14:24:41 2025: Starting Socket connection
Wed Dec 17 14:24:41 2025: EXCHANGE_TOKEN received, server token: 80a1e4e7-90ff-43c6-bd42-7b8b892bfc48, passed token: 80a1e4e7-90ff-43c6-bd42-7b8b892bfc48
Wed Dec 17 14:24:41 2025: DISPATCH_HANDLER: Adding handler from function makeHandler in library libxv_system_diagram failed with exception: Could not dynamically load libxv_system_diagram.so
Wed Dec 17 14:24:41 2025: SESSION_MGR: creating session with session uuid: 'c3545a1d-fccd-4c1d-894e-a989fe54969d' and name 'v++_compile_transformer_top'
Wed Dec 17 14:24:41 2025: KERNEL_SVC: creating session with uuid: 'c3545a1d-fccd-4c1d-894e-a989fe54969d' and name 'v++_compile_transformer_top'
Wed Dec 17 14:24:41 2025: GUIDANCE_SMGR: creating guidance session with uuid: 'c3545a1d-fccd-4c1d-894e-a989fe54969d' and name 'v++_compile_transformer_top'
Wed Dec 17 14:24:45 2025: Dispatch Server: Accepted socket connection from client
Wed Dec 17 14:24:45 2025: Starting Socket connection
Wed Dec 17 14:24:47 2025: SESSION_MGR: closing session for UUID 'c3545a1d-fccd-4c1d-894e-a989fe54969d' with name 'v++_compile_transformer_top'
Wed Dec 17 14:24:47 2025: KERNEL_SVC: closing session for UUID 'c3545a1d-fccd-4c1d-894e-a989fe54969d' with name 'v++_compile_transformer_top'
Wed Dec 17 14:24:47 2025: GUIDANCE_SMGR: closing session for UUID 'c3545a1d-fccd-4c1d-894e-a989fe54969d' with name 'v++_compile_transformer_top'
Wed Dec 17 14:24:47 2025: STOP_SERVER received, server token: 80a1e4e7-90ff-43c6-bd42-7b8b892bfc48, passed token: 80a1e4e7-90ff-43c6-bd42-7b8b892bfc48
Wed Dec 17 14:24:47 2025: Socket received request to stop server.
Wed Dec 17 14:24:47 2025: Dispatch Server: do_await_stop
Wed Dec 17 14:24:47 2025: Dispatch Server: stopping mainFifo_
Wed Dec 17 14:24:47 2025: XCD main fifo: Stopping
Wed Dec 17 14:24:47 2025: XCD main fifo: do_read error code: Operation canceled
Wed Dec 17 14:24:47 2025: XCD main fifo: bytes_transferred: 0
Wed Dec 17 14:24:47 2025: SERVER: destructor for server bound to port 38345
Wed Dec 17 14:24:47 2025: XCD main fifo: Good unlink of /tmp/xcdmain80a1e4e7-90ff-43c6-bd42-7b8b892bfc48
Wed Dec 17 14:24:47 2025: Server exiting with status 0.
Wed Dec 17 14:24:47 2025: Closing log file.
Wed Dec 17 14:32:43 2025: Running xcd server. This server was built by gradle.
Wed Dec 17 14:32:43 2025: Server was asked to start on port: '33159'
Wed Dec 17 14:32:43 2025: Server is using token UUID: '7c489c22-bc5f-4f25-9ce7-3940e517a1b1'
Wed Dec 17 14:32:43 2025: SESSION_MGR: creating session with session uuid: '6d04a3e9-ade5-4ab9-8d63-1f78fcd2ec76' and name 'default'
Wed Dec 17 14:32:43 2025: Attempting to start server on port '33159'
Wed Dec 17 14:32:43 2025: XCD main fifo: created main fifo '/tmp/xcdmain7c489c22-bc5f-4f25-9ce7-3940e517a1b1', fd read = 12
Wed Dec 17 14:32:43 2025: Running Dispatch Server
Wed Dec 17 14:32:43 2025: Version 2.2.0
Wed Dec 17 14:32:44 2025: Dispatch Server: Accepted socket connection from client
Wed Dec 17 14:32:44 2025: Starting Socket connection
Wed Dec 17 14:32:44 2025: EXCHANGE_TOKEN received, server token: 7c489c22-bc5f-4f25-9ce7-3940e517a1b1, passed token: 7c489c22-bc5f-4f25-9ce7-3940e517a1b1
Wed Dec 17 14:32:44 2025: DISPATCH_HANDLER: Adding handler from function makeHandler in library libxv_system_diagram failed with exception: Could not dynamically load libxv_system_diagram.so
Wed Dec 17 14:32:44 2025: SESSION_MGR: creating session with session uuid: 'b79e1fa6-88fc-4694-9ad7-c254ee8aa11c' and name 'vitis-run_compile_transformer_top'
Wed Dec 17 14:32:44 2025: KERNEL_SVC: creating session with uuid: 'b79e1fa6-88fc-4694-9ad7-c254ee8aa11c' and name 'vitis-run_compile_transformer_top'
Wed Dec 17 14:32:44 2025: GUIDANCE_SMGR: creating guidance session with uuid: 'b79e1fa6-88fc-4694-9ad7-c254ee8aa11c' and name 'vitis-run_compile_transformer_top'
Wed Dec 17 14:32:48 2025: Dispatch Server: Accepted socket connection from client
Wed Dec 17 14:32:48 2025: Starting Socket connection
Wed Dec 17 14:32:49 2025: SESSION_MGR: closing session for UUID 'b79e1fa6-88fc-4694-9ad7-c254ee8aa11c' with name 'vitis-run_compile_transformer_top'
Wed Dec 17 14:32:49 2025: KERNEL_SVC: closing session for UUID 'b79e1fa6-88fc-4694-9ad7-c254ee8aa11c' with name 'vitis-run_compile_transformer_top'
Wed Dec 17 14:32:49 2025: GUIDANCE_SMGR: closing session for UUID 'b79e1fa6-88fc-4694-9ad7-c254ee8aa11c' with name 'vitis-run_compile_transformer_top'
Wed Dec 17 14:32:49 2025: STOP_SERVER received, server token: 7c489c22-bc5f-4f25-9ce7-3940e517a1b1, passed token: 7c489c22-bc5f-4f25-9ce7-3940e517a1b1
Wed Dec 17 14:32:49 2025: Socket received request to stop server.
Wed Dec 17 14:32:49 2025: Dispatch Server: do_await_stop
Wed Dec 17 14:32:49 2025: Dispatch Server: stopping mainFifo_
Wed Dec 17 14:32:49 2025: XCD main fifo: Stopping
Wed Dec 17 14:32:49 2025: XCD main fifo: do_read error code: Operation canceled
Wed Dec 17 14:32:49 2025: XCD main fifo: bytes_transferred: 0
Wed Dec 17 14:32:49 2025: SERVER: destructor for server bound to port 33159
Wed Dec 17 14:32:49 2025: XCD main fifo: Good unlink of /tmp/xcdmain7c489c22-bc5f-4f25-9ce7-3940e517a1b1
Wed Dec 17 14:32:49 2025: Server exiting with status 0.
Wed Dec 17 14:32:49 2025: Closing log file.
Wed Dec 17 14:36:23 2025: Running xcd server. This server was built by gradle.
Wed Dec 17 14:36:23 2025: Server was asked to start on port: '36499'
Wed Dec 17 14:36:23 2025: Server is using token UUID: '931e6bf3-1596-4f99-b8cf-a7639d1db6fa'
Wed Dec 17 14:36:23 2025: SESSION_MGR: creating session with session uuid: '6d04a3e9-ade5-4ab9-8d63-1f78fcd2ec76' and name 'default'
Wed Dec 17 14:36:23 2025: Attempting to start server on port '36499'
Wed Dec 17 14:36:23 2025: XCD main fifo: created main fifo '/tmp/xcdmain931e6bf3-1596-4f99-b8cf-a7639d1db6fa', fd read = 12
Wed Dec 17 14:36:23 2025: Running Dispatch Server
Wed Dec 17 14:36:23 2025: Version 2.2.0
Wed Dec 17 14:36:24 2025: Dispatch Server: Accepted socket connection from client
Wed Dec 17 14:36:24 2025: Starting Socket connection
Wed Dec 17 14:36:24 2025: EXCHANGE_TOKEN received, server token: 931e6bf3-1596-4f99-b8cf-a7639d1db6fa, passed token: 931e6bf3-1596-4f99-b8cf-a7639d1db6fa
Wed Dec 17 14:36:24 2025: DISPATCH_HANDLER: Adding handler from function makeHandler in library libxv_system_diagram failed with exception: Could not dynamically load libxv_system_diagram.so
Wed Dec 17 14:36:24 2025: SESSION_MGR: creating session with session uuid: '7e4cc1a6-2e58-4de1-b94d-deecc807c052' and name 'vitis-run_compile_transformer_top'
Wed Dec 17 14:36:24 2025: KERNEL_SVC: creating session with uuid: '7e4cc1a6-2e58-4de1-b94d-deecc807c052' and name 'vitis-run_compile_transformer_top'
Wed Dec 17 14:36:24 2025: GUIDANCE_SMGR: creating guidance session with uuid: '7e4cc1a6-2e58-4de1-b94d-deecc807c052' and name 'vitis-run_compile_transformer_top'
Wed Dec 17 14:36:28 2025: Dispatch Server: Accepted socket connection from client
Wed Dec 17 14:36:28 2025: Starting Socket connection
Wed Dec 17 14:36:28 2025: SESSION_MGR: closing session for UUID '7e4cc1a6-2e58-4de1-b94d-deecc807c052' with name 'vitis-run_compile_transformer_top'
Wed Dec 17 14:36:28 2025: KERNEL_SVC: closing session for UUID '7e4cc1a6-2e58-4de1-b94d-deecc807c052' with name 'vitis-run_compile_transformer_top'
Wed Dec 17 14:36:28 2025: GUIDANCE_SMGR: closing session for UUID '7e4cc1a6-2e58-4de1-b94d-deecc807c052' with name 'vitis-run_compile_transformer_top'
Wed Dec 17 14:36:28 2025: STOP_SERVER received, server token: 931e6bf3-1596-4f99-b8cf-a7639d1db6fa, passed token: 931e6bf3-1596-4f99-b8cf-a7639d1db6fa
Wed Dec 17 14:36:28 2025: Socket received request to stop server.
Wed Dec 17 14:36:28 2025: Dispatch Server: do_await_stop
Wed Dec 17 14:36:28 2025: Dispatch Server: stopping mainFifo_
Wed Dec 17 14:36:28 2025: XCD main fifo: Stopping
Wed Dec 17 14:36:28 2025: XCD main fifo: do_read error code: Operation canceled
Wed Dec 17 14:36:28 2025: XCD main fifo: bytes_transferred: 0
Wed Dec 17 14:36:28 2025: SERVER: destructor for server bound to port 36499
Wed Dec 17 14:36:28 2025: XCD main fifo: Good unlink of /tmp/xcdmain931e6bf3-1596-4f99-b8cf-a7639d1db6fa
Wed Dec 17 14:36:28 2025: Server exiting with status 0.
Wed Dec 17 14:36:28 2025: Closing log file.
Wed Dec 17 14:37:03 2025: Running xcd server. This server was built by gradle.
Wed Dec 17 14:37:03 2025: Server was asked to start on port: '39537'
Wed Dec 17 14:37:03 2025: Server is using token UUID: 'aa33a173-72fd-4779-bc09-8c890c73869a'
Wed Dec 17 14:37:03 2025: SESSION_MGR: creating session with session uuid: '6d04a3e9-ade5-4ab9-8d63-1f78fcd2ec76' and name 'default'
Wed Dec 17 14:37:03 2025: Attempting to start server on port '39537'
Wed Dec 17 14:37:03 2025: XCD main fifo: created main fifo '/tmp/xcdmainaa33a173-72fd-4779-bc09-8c890c73869a', fd read = 12
Wed Dec 17 14:37:03 2025: Running Dispatch Server
Wed Dec 17 14:37:03 2025: Version 2.2.0
Wed Dec 17 14:37:04 2025: Dispatch Server: Accepted socket connection from client
Wed Dec 17 14:37:04 2025: Starting Socket connection
Wed Dec 17 14:37:04 2025: EXCHANGE_TOKEN received, server token: aa33a173-72fd-4779-bc09-8c890c73869a, passed token: aa33a173-72fd-4779-bc09-8c890c73869a
Wed Dec 17 14:37:04 2025: DISPATCH_HANDLER: Adding handler from function makeHandler in library libxv_system_diagram failed with exception: Could not dynamically load libxv_system_diagram.so
Wed Dec 17 14:37:04 2025: SESSION_MGR: creating session with session uuid: 'ae33e476-a71b-4cb6-bb0b-353edcca872a' and name 'vitis-run_compile_transformer_top'
Wed Dec 17 14:37:04 2025: KERNEL_SVC: creating session with uuid: 'ae33e476-a71b-4cb6-bb0b-353edcca872a' and name 'vitis-run_compile_transformer_top'
Wed Dec 17 14:37:04 2025: GUIDANCE_SMGR: creating guidance session with uuid: 'ae33e476-a71b-4cb6-bb0b-353edcca872a' and name 'vitis-run_compile_transformer_top'
Wed Dec 17 14:37:08 2025: Dispatch Server: Accepted socket connection from client
Wed Dec 17 14:37:08 2025: Starting Socket connection
Wed Dec 17 14:37:08 2025: SESSION_MGR: closing session for UUID 'ae33e476-a71b-4cb6-bb0b-353edcca872a' with name 'vitis-run_compile_transformer_top'
Wed Dec 17 14:37:08 2025: KERNEL_SVC: closing session for UUID 'ae33e476-a71b-4cb6-bb0b-353edcca872a' with name 'vitis-run_compile_transformer_top'
Wed Dec 17 14:37:08 2025: GUIDANCE_SMGR: closing session for UUID 'ae33e476-a71b-4cb6-bb0b-353edcca872a' with name 'vitis-run_compile_transformer_top'
Wed Dec 17 14:37:08 2025: STOP_SERVER received, server token: aa33a173-72fd-4779-bc09-8c890c73869a, passed token: aa33a173-72fd-4779-bc09-8c890c73869a
Wed Dec 17 14:37:08 2025: Socket received request to stop server.
Wed Dec 17 14:37:08 2025: Dispatch Server: do_await_stop
Wed Dec 17 14:37:08 2025: Dispatch Server: stopping mainFifo_
Wed Dec 17 14:37:08 2025: XCD main fifo: Stopping
Wed Dec 17 14:37:08 2025: XCD main fifo: do_read error code: Operation canceled
Wed Dec 17 14:37:08 2025: XCD main fifo: bytes_transferred: 0
Wed Dec 17 14:37:08 2025: SERVER: destructor for server bound to port 39537
Wed Dec 17 14:37:08 2025: XCD main fifo: Good unlink of /tmp/xcdmainaa33a173-72fd-4779-bc09-8c890c73869a
Wed Dec 17 14:37:08 2025: Server exiting with status 0.
Wed Dec 17 14:37:08 2025: Closing log file.
Wed Dec 17 14:40:28 2025: Running xcd server. This server was built by gradle.
Wed Dec 17 14:40:28 2025: Server was asked to start on port: '41799'
Wed Dec 17 14:40:28 2025: Server is using token UUID: '37f18dc0-5b6c-4bad-81af-ae5c405c6ea9'
Wed Dec 17 14:40:28 2025: SESSION_MGR: creating session with session uuid: '6d04a3e9-ade5-4ab9-8d63-1f78fcd2ec76' and name 'default'
Wed Dec 17 14:40:28 2025: Attempting to start server on port '41799'
Wed Dec 17 14:40:28 2025: XCD main fifo: created main fifo '/tmp/xcdmain37f18dc0-5b6c-4bad-81af-ae5c405c6ea9', fd read = 12
Wed Dec 17 14:40:28 2025: Running Dispatch Server
Wed Dec 17 14:40:28 2025: Version 2.2.0
Wed Dec 17 14:40:30 2025: Dispatch Server: Accepted socket connection from client
Wed Dec 17 14:40:30 2025: Starting Socket connection
Wed Dec 17 14:40:30 2025: EXCHANGE_TOKEN received, server token: 37f18dc0-5b6c-4bad-81af-ae5c405c6ea9, passed token: 37f18dc0-5b6c-4bad-81af-ae5c405c6ea9
Wed Dec 17 14:40:30 2025: DISPATCH_HANDLER: Adding handler from function makeHandler in library libxv_system_diagram failed with exception: Could not dynamically load libxv_system_diagram.so
Wed Dec 17 14:40:30 2025: SESSION_MGR: creating session with session uuid: 'e98e0271-ef58-4505-a69b-3044ecf78b1b' and name 'vitis-run_compile_transformer_top'
Wed Dec 17 14:40:30 2025: KERNEL_SVC: creating session with uuid: 'e98e0271-ef58-4505-a69b-3044ecf78b1b' and name 'vitis-run_compile_transformer_top'
Wed Dec 17 14:40:30 2025: GUIDANCE_SMGR: creating guidance session with uuid: 'e98e0271-ef58-4505-a69b-3044ecf78b1b' and name 'vitis-run_compile_transformer_top'
Wed Dec 17 14:40:34 2025: Dispatch Server: Accepted socket connection from client
Wed Dec 17 14:40:34 2025: Starting Socket connection
Wed Dec 17 14:40:34 2025: SESSION_MGR: closing session for UUID 'e98e0271-ef58-4505-a69b-3044ecf78b1b' with name 'vitis-run_compile_transformer_top'
Wed Dec 17 14:40:34 2025: KERNEL_SVC: closing session for UUID 'e98e0271-ef58-4505-a69b-3044ecf78b1b' with name 'vitis-run_compile_transformer_top'
Wed Dec 17 14:40:34 2025: GUIDANCE_SMGR: closing session for UUID 'e98e0271-ef58-4505-a69b-3044ecf78b1b' with name 'vitis-run_compile_transformer_top'
Wed Dec 17 14:40:34 2025: STOP_SERVER received, server token: 37f18dc0-5b6c-4bad-81af-ae5c405c6ea9, passed token: 37f18dc0-5b6c-4bad-81af-ae5c405c6ea9
Wed Dec 17 14:40:34 2025: Socket received request to stop server.
Wed Dec 17 14:40:34 2025: Dispatch Server: do_await_stop
Wed Dec 17 14:40:34 2025: Dispatch Server: stopping mainFifo_
Wed Dec 17 14:40:34 2025: XCD main fifo: Stopping
Wed Dec 17 14:40:34 2025: XCD main fifo: do_read error code: Operation canceled
Wed Dec 17 14:40:34 2025: XCD main fifo: bytes_transferred: 0
Wed Dec 17 14:40:34 2025: SERVER: destructor for server bound to port 41799
Wed Dec 17 14:40:34 2025: XCD main fifo: Good unlink of /tmp/xcdmain37f18dc0-5b6c-4bad-81af-ae5c405c6ea9
Wed Dec 17 14:40:34 2025: Server exiting with status 0.
Wed Dec 17 14:40:34 2025: Closing log file.
Wed Dec 17 14:41:06 2025: Running xcd server. This server was built by gradle.
Wed Dec 17 14:41:06 2025: Server was asked to start on port: '36803'
Wed Dec 17 14:41:06 2025: Server is using token UUID: 'f2a78f66-8409-403e-878d-b12f30bf35bc'
Wed Dec 17 14:41:06 2025: SESSION_MGR: creating session with session uuid: '6d04a3e9-ade5-4ab9-8d63-1f78fcd2ec76' and name 'default'
Wed Dec 17 14:41:06 2025: Attempting to start server on port '36803'
Wed Dec 17 14:41:06 2025: XCD main fifo: created main fifo '/tmp/xcdmainf2a78f66-8409-403e-878d-b12f30bf35bc', fd read = 12
Wed Dec 17 14:41:06 2025: Running Dispatch Server
Wed Dec 17 14:41:06 2025: Version 2.2.0
Wed Dec 17 14:41:07 2025: Dispatch Server: Accepted socket connection from client
Wed Dec 17 14:41:07 2025: Starting Socket connection
Wed Dec 17 14:41:07 2025: EXCHANGE_TOKEN received, server token: f2a78f66-8409-403e-878d-b12f30bf35bc, passed token: f2a78f66-8409-403e-878d-b12f30bf35bc
Wed Dec 17 14:41:07 2025: DISPATCH_HANDLER: Adding handler from function makeHandler in library libxv_system_diagram failed with exception: Could not dynamically load libxv_system_diagram.so
Wed Dec 17 14:41:07 2025: SESSION_MGR: creating session with session uuid: 'e2814868-da8a-4767-8e0d-2d78579b8c35' and name 'v++_compile_transformer_top'
Wed Dec 17 14:41:07 2025: KERNEL_SVC: creating session with uuid: 'e2814868-da8a-4767-8e0d-2d78579b8c35' and name 'v++_compile_transformer_top'
Wed Dec 17 14:41:07 2025: GUIDANCE_SMGR: creating guidance session with uuid: 'e2814868-da8a-4767-8e0d-2d78579b8c35' and name 'v++_compile_transformer_top'
Wed Dec 17 14:41:11 2025: Dispatch Server: Accepted socket connection from client
Wed Dec 17 14:41:11 2025: Starting Socket connection
Wed Dec 17 14:41:38 2025: SESSION_MGR: closing session for UUID 'e2814868-da8a-4767-8e0d-2d78579b8c35' with name 'v++_compile_transformer_top'
Wed Dec 17 14:41:38 2025: KERNEL_SVC: closing session for UUID 'e2814868-da8a-4767-8e0d-2d78579b8c35' with name 'v++_compile_transformer_top'
Wed Dec 17 14:41:38 2025: GUIDANCE_SMGR: closing session for UUID 'e2814868-da8a-4767-8e0d-2d78579b8c35' with name 'v++_compile_transformer_top'
Wed Dec 17 14:41:38 2025: STOP_SERVER received, server token: f2a78f66-8409-403e-878d-b12f30bf35bc, passed token: f2a78f66-8409-403e-878d-b12f30bf35bc
Wed Dec 17 14:41:38 2025: Socket received request to stop server.
Wed Dec 17 14:41:38 2025: Dispatch Server: do_await_stop
Wed Dec 17 14:41:38 2025: Dispatch Server: stopping mainFifo_
Wed Dec 17 14:41:38 2025: XCD main fifo: Stopping
Wed Dec 17 14:41:38 2025: XCD main fifo: do_read error code: Operation canceled
Wed Dec 17 14:41:38 2025: XCD main fifo: bytes_transferred: 0
Wed Dec 17 14:41:38 2025: SERVER: destructor for server bound to port 36803
Wed Dec 17 14:41:38 2025: XCD main fifo: Good unlink of /tmp/xcdmainf2a78f66-8409-403e-878d-b12f30bf35bc
Wed Dec 17 14:41:38 2025: Server exiting with status 0.
Wed Dec 17 14:41:38 2025: Closing log file.
Mon Jan  5 17:15:20 2026: Running xcd server. This server was built by gradle.
Mon Jan  5 17:15:20 2026: Server was asked to start on port: '34959'
Mon Jan  5 17:15:20 2026: Server is using token UUID: 'ec76779b-93be-4920-842b-1458d65575db'
Mon Jan  5 17:15:20 2026: SESSION_MGR: creating session with session uuid: '6d04a3e9-ade5-4ab9-8d63-1f78fcd2ec76' and name 'default'
Mon Jan  5 17:15:20 2026: Attempting to start server on port '34959'
Mon Jan  5 17:15:20 2026: XCD main fifo: created main fifo '/tmp/xcdmainec76779b-93be-4920-842b-1458d65575db', fd read = 12
Mon Jan  5 17:15:20 2026: Running Dispatch Server
Mon Jan  5 17:15:20 2026: Version 2.2.0
Mon Jan  5 17:15:22 2026: Dispatch Server: Accepted socket connection from client
Mon Jan  5 17:15:22 2026: Starting Socket connection
Mon Jan  5 17:15:22 2026: EXCHANGE_TOKEN received, server token: ec76779b-93be-4920-842b-1458d65575db, passed token: ec76779b-93be-4920-842b-1458d65575db
Mon Jan  5 17:15:22 2026: DISPATCH_HANDLER: Adding handler from function makeHandler in library libxv_system_diagram failed with exception: Could not dynamically load libxv_system_diagram.so
Mon Jan  5 17:15:22 2026: SESSION_MGR: creating session with session uuid: '6770aafc-2daa-461a-a441-d4715a02c7f4' and name 'vitis-run_compile_transformer_top'
Mon Jan  5 17:15:22 2026: KERNEL_SVC: creating session with uuid: '6770aafc-2daa-461a-a441-d4715a02c7f4' and name 'vitis-run_compile_transformer_top'
Mon Jan  5 17:15:22 2026: GUIDANCE_SMGR: creating guidance session with uuid: '6770aafc-2daa-461a-a441-d4715a02c7f4' and name 'vitis-run_compile_transformer_top'
Mon Jan  5 17:15:26 2026: Dispatch Server: Accepted socket connection from client
Mon Jan  5 17:15:26 2026: Starting Socket connection
Mon Jan  5 17:15:36 2026: SESSION_MGR: closing session for UUID '6770aafc-2daa-461a-a441-d4715a02c7f4' with name 'vitis-run_compile_transformer_top'
Mon Jan  5 17:15:36 2026: KERNEL_SVC: closing session for UUID '6770aafc-2daa-461a-a441-d4715a02c7f4' with name 'vitis-run_compile_transformer_top'
Mon Jan  5 17:15:36 2026: GUIDANCE_SMGR: closing session for UUID '6770aafc-2daa-461a-a441-d4715a02c7f4' with name 'vitis-run_compile_transformer_top'
Mon Jan  5 17:15:36 2026: STOP_SERVER received, server token: ec76779b-93be-4920-842b-1458d65575db, passed token: ec76779b-93be-4920-842b-1458d65575db
Mon Jan  5 17:15:36 2026: Socket received request to stop server.
Mon Jan  5 17:15:36 2026: Dispatch Server: do_await_stop
Mon Jan  5 17:15:36 2026: Dispatch Server: stopping mainFifo_
Mon Jan  5 17:15:36 2026: XCD main fifo: Stopping
Mon Jan  5 17:15:36 2026: XCD main fifo: do_read error code: Operation canceled
Mon Jan  5 17:15:36 2026: XCD main fifo: bytes_transferred: 0
Mon Jan  5 17:15:36 2026: SERVER: destructor for server bound to port 34959
Mon Jan  5 17:15:36 2026: XCD main fifo: Good unlink of /tmp/xcdmainec76779b-93be-4920-842b-1458d65575db
Mon Jan  5 17:15:36 2026: Server exiting with status 0.
Mon Jan  5 17:15:36 2026: Closing log file.
Mon Jan  5 17:16:26 2026: Running xcd server. This server was built by gradle.
Mon Jan  5 17:16:26 2026: Server was asked to start on port: '43621'
Mon Jan  5 17:16:26 2026: Server is using token UUID: '601d1c99-76e8-4662-a898-704d5febed33'
Mon Jan  5 17:16:26 2026: SESSION_MGR: creating session with session uuid: '6d04a3e9-ade5-4ab9-8d63-1f78fcd2ec76' and name 'default'
Mon Jan  5 17:16:26 2026: Attempting to start server on port '43621'
Mon Jan  5 17:16:26 2026: XCD main fifo: created main fifo '/tmp/xcdmain601d1c99-76e8-4662-a898-704d5febed33', fd read = 12
Mon Jan  5 17:16:26 2026: Running Dispatch Server
Mon Jan  5 17:16:26 2026: Version 2.2.0
Mon Jan  5 17:16:27 2026: Dispatch Server: Accepted socket connection from client
Mon Jan  5 17:16:27 2026: Starting Socket connection
Mon Jan  5 17:16:27 2026: EXCHANGE_TOKEN received, server token: 601d1c99-76e8-4662-a898-704d5febed33, passed token: 601d1c99-76e8-4662-a898-704d5febed33
Mon Jan  5 17:16:27 2026: DISPATCH_HANDLER: Adding handler from function makeHandler in library libxv_system_diagram failed with exception: Could not dynamically load libxv_system_diagram.so
Mon Jan  5 17:16:27 2026: SESSION_MGR: creating session with session uuid: 'a4d768b1-eb6f-432d-af8b-fadd7fba23ab' and name 'v++_compile_transformer_top'
Mon Jan  5 17:16:27 2026: KERNEL_SVC: creating session with uuid: 'a4d768b1-eb6f-432d-af8b-fadd7fba23ab' and name 'v++_compile_transformer_top'
Mon Jan  5 17:16:27 2026: GUIDANCE_SMGR: creating guidance session with uuid: 'a4d768b1-eb6f-432d-af8b-fadd7fba23ab' and name 'v++_compile_transformer_top'
Mon Jan  5 17:16:31 2026: Dispatch Server: Accepted socket connection from client
Mon Jan  5 17:16:31 2026: Starting Socket connection
Mon Jan  5 17:17:14 2026: SESSION_MGR: closing session for UUID 'a4d768b1-eb6f-432d-af8b-fadd7fba23ab' with name 'v++_compile_transformer_top'
Mon Jan  5 17:17:14 2026: KERNEL_SVC: closing session for UUID 'a4d768b1-eb6f-432d-af8b-fadd7fba23ab' with name 'v++_compile_transformer_top'
Mon Jan  5 17:17:14 2026: GUIDANCE_SMGR: closing session for UUID 'a4d768b1-eb6f-432d-af8b-fadd7fba23ab' with name 'v++_compile_transformer_top'
Mon Jan  5 17:17:14 2026: STOP_SERVER received, server token: 601d1c99-76e8-4662-a898-704d5febed33, passed token: 601d1c99-76e8-4662-a898-704d5febed33
Mon Jan  5 17:17:14 2026: Socket received request to stop server.
Mon Jan  5 17:17:14 2026: Dispatch Server: do_await_stop
Mon Jan  5 17:17:14 2026: Dispatch Server: stopping mainFifo_
Mon Jan  5 17:17:14 2026: XCD main fifo: Stopping
Mon Jan  5 17:17:14 2026: XCD main fifo: do_read error code: Operation canceled
Mon Jan  5 17:17:14 2026: XCD main fifo: bytes_transferred: 0
Mon Jan  5 17:17:14 2026: SERVER: destructor for server bound to port 43621
Mon Jan  5 17:17:14 2026: XCD main fifo: Good unlink of /tmp/xcdmain601d1c99-76e8-4662-a898-704d5febed33
Mon Jan  5 17:17:14 2026: Server exiting with status 0.
Mon Jan  5 17:17:14 2026: Closing log file.
Mon Jan  5 17:49:58 2026: Running xcd server. This server was built by gradle.
Mon Jan  5 17:49:58 2026: Server was asked to start on port: '36893'
Mon Jan  5 17:49:58 2026: Server is using token UUID: '95e57719-5086-45f4-9ae4-09e0e3ae7632'
Mon Jan  5 17:49:58 2026: SESSION_MGR: creating session with session uuid: '6d04a3e9-ade5-4ab9-8d63-1f78fcd2ec76' and name 'default'
Mon Jan  5 17:49:58 2026: Attempting to start server on port '36893'
Mon Jan  5 17:49:58 2026: XCD main fifo: created main fifo '/tmp/xcdmain95e57719-5086-45f4-9ae4-09e0e3ae7632', fd read = 12
Mon Jan  5 17:49:58 2026: Running Dispatch Server
Mon Jan  5 17:49:58 2026: Version 2.2.0
Mon Jan  5 17:49:59 2026: Dispatch Server: Accepted socket connection from client
Mon Jan  5 17:49:59 2026: Starting Socket connection
Mon Jan  5 17:49:59 2026: EXCHANGE_TOKEN received, server token: 95e57719-5086-45f4-9ae4-09e0e3ae7632, passed token: 95e57719-5086-45f4-9ae4-09e0e3ae7632
Mon Jan  5 17:49:59 2026: DISPATCH_HANDLER: Adding handler from function makeHandler in library libxv_system_diagram failed with exception: Could not dynamically load libxv_system_diagram.so
Mon Jan  5 17:49:59 2026: SESSION_MGR: creating session with session uuid: 'f5fc0e28-55ce-45b0-b67d-780616d6f475' and name 'vitis-run_compile_transformer_top'
Mon Jan  5 17:49:59 2026: KERNEL_SVC: creating session with uuid: 'f5fc0e28-55ce-45b0-b67d-780616d6f475' and name 'vitis-run_compile_transformer_top'
Mon Jan  5 17:49:59 2026: GUIDANCE_SMGR: creating guidance session with uuid: 'f5fc0e28-55ce-45b0-b67d-780616d6f475' and name 'vitis-run_compile_transformer_top'
Mon Jan  5 17:50:03 2026: Dispatch Server: Accepted socket connection from client
Mon Jan  5 17:50:03 2026: Starting Socket connection
Mon Jan  5 17:50:08 2026: SESSION_MGR: closing session for UUID 'f5fc0e28-55ce-45b0-b67d-780616d6f475' with name 'vitis-run_compile_transformer_top'
Mon Jan  5 17:50:08 2026: KERNEL_SVC: closing session for UUID 'f5fc0e28-55ce-45b0-b67d-780616d6f475' with name 'vitis-run_compile_transformer_top'
Mon Jan  5 17:50:08 2026: GUIDANCE_SMGR: closing session for UUID 'f5fc0e28-55ce-45b0-b67d-780616d6f475' with name 'vitis-run_compile_transformer_top'
Mon Jan  5 17:50:08 2026: STOP_SERVER received, server token: 95e57719-5086-45f4-9ae4-09e0e3ae7632, passed token: 95e57719-5086-45f4-9ae4-09e0e3ae7632
Mon Jan  5 17:50:08 2026: Socket received request to stop server.
Mon Jan  5 17:50:08 2026: Dispatch Server: do_await_stop
Mon Jan  5 17:50:08 2026: Dispatch Server: stopping mainFifo_
Mon Jan  5 17:50:08 2026: XCD main fifo: Stopping
Mon Jan  5 17:50:08 2026: XCD main fifo: do_read error code: Operation canceled
Mon Jan  5 17:50:08 2026: XCD main fifo: bytes_transferred: 0
Mon Jan  5 17:50:08 2026: SERVER: destructor for server bound to port 36893
Mon Jan  5 17:50:08 2026: XCD main fifo: Good unlink of /tmp/xcdmain95e57719-5086-45f4-9ae4-09e0e3ae7632
Mon Jan  5 17:50:08 2026: Server exiting with status 0.
Mon Jan  5 17:50:08 2026: Closing log file.
Mon Jan  5 17:53:44 2026: Running xcd server. This server was built by gradle.
Mon Jan  5 17:53:44 2026: Server was asked to start on port: '33041'
Mon Jan  5 17:53:44 2026: Server is using token UUID: '3fb74869-c176-4f74-b7bd-e1af7a43cf8f'
Mon Jan  5 17:53:44 2026: SESSION_MGR: creating session with session uuid: '6d04a3e9-ade5-4ab9-8d63-1f78fcd2ec76' and name 'default'
Mon Jan  5 17:53:44 2026: Attempting to start server on port '33041'
Mon Jan  5 17:53:44 2026: XCD main fifo: created main fifo '/tmp/xcdmain3fb74869-c176-4f74-b7bd-e1af7a43cf8f', fd read = 12
Mon Jan  5 17:53:44 2026: Running Dispatch Server
Mon Jan  5 17:53:44 2026: Version 2.2.0
Mon Jan  5 17:53:45 2026: Dispatch Server: Accepted socket connection from client
Mon Jan  5 17:53:45 2026: Starting Socket connection
Mon Jan  5 17:53:45 2026: EXCHANGE_TOKEN received, server token: 3fb74869-c176-4f74-b7bd-e1af7a43cf8f, passed token: 3fb74869-c176-4f74-b7bd-e1af7a43cf8f
Mon Jan  5 17:53:45 2026: DISPATCH_HANDLER: Adding handler from function makeHandler in library libxv_system_diagram failed with exception: Could not dynamically load libxv_system_diagram.so
Mon Jan  5 17:53:45 2026: SESSION_MGR: creating session with session uuid: 'f6ef3ef5-9c4d-4ff2-b4e2-19d28623e4fe' and name 'vitis-run_compile_transformer_top'
Mon Jan  5 17:53:45 2026: KERNEL_SVC: creating session with uuid: 'f6ef3ef5-9c4d-4ff2-b4e2-19d28623e4fe' and name 'vitis-run_compile_transformer_top'
Mon Jan  5 17:53:45 2026: GUIDANCE_SMGR: creating guidance session with uuid: 'f6ef3ef5-9c4d-4ff2-b4e2-19d28623e4fe' and name 'vitis-run_compile_transformer_top'
Mon Jan  5 17:53:49 2026: Dispatch Server: Accepted socket connection from client
Mon Jan  5 17:53:49 2026: Starting Socket connection
Mon Jan  5 17:53:51 2026: SESSION_MGR: closing session for UUID 'f6ef3ef5-9c4d-4ff2-b4e2-19d28623e4fe' with name 'vitis-run_compile_transformer_top'
Mon Jan  5 17:53:51 2026: KERNEL_SVC: closing session for UUID 'f6ef3ef5-9c4d-4ff2-b4e2-19d28623e4fe' with name 'vitis-run_compile_transformer_top'
Mon Jan  5 17:53:51 2026: GUIDANCE_SMGR: closing session for UUID 'f6ef3ef5-9c4d-4ff2-b4e2-19d28623e4fe' with name 'vitis-run_compile_transformer_top'
Mon Jan  5 17:53:51 2026: STOP_SERVER received, server token: 3fb74869-c176-4f74-b7bd-e1af7a43cf8f, passed token: 3fb74869-c176-4f74-b7bd-e1af7a43cf8f
Mon Jan  5 17:53:51 2026: Socket received request to stop server.
Mon Jan  5 17:53:51 2026: Dispatch Server: do_await_stop
Mon Jan  5 17:53:51 2026: Dispatch Server: stopping mainFifo_
Mon Jan  5 17:53:51 2026: XCD main fifo: Stopping
Mon Jan  5 17:53:51 2026: XCD main fifo: do_read error code: Operation canceled
Mon Jan  5 17:53:51 2026: XCD main fifo: bytes_transferred: 0
Mon Jan  5 17:53:51 2026: SERVER: destructor for server bound to port 33041
Mon Jan  5 17:53:51 2026: XCD main fifo: Good unlink of /tmp/xcdmain3fb74869-c176-4f74-b7bd-e1af7a43cf8f
Mon Jan  5 17:53:51 2026: Server exiting with status 0.
Mon Jan  5 17:53:51 2026: Closing log file.
Mon Jan  5 17:54:56 2026: Running xcd server. This server was built by gradle.
Mon Jan  5 17:54:56 2026: Server was asked to start on port: '39547'
Mon Jan  5 17:54:56 2026: Server is using token UUID: 'ae775e30-0c18-478e-9b76-817de896c49d'
Mon Jan  5 17:54:56 2026: SESSION_MGR: creating session with session uuid: '6d04a3e9-ade5-4ab9-8d63-1f78fcd2ec76' and name 'default'
Mon Jan  5 17:54:56 2026: Attempting to start server on port '39547'
Mon Jan  5 17:54:56 2026: XCD main fifo: created main fifo '/tmp/xcdmainae775e30-0c18-478e-9b76-817de896c49d', fd read = 12
Mon Jan  5 17:54:56 2026: Running Dispatch Server
Mon Jan  5 17:54:56 2026: Version 2.2.0
Mon Jan  5 17:54:58 2026: Dispatch Server: Accepted socket connection from client
Mon Jan  5 17:54:58 2026: Starting Socket connection
Mon Jan  5 17:54:58 2026: EXCHANGE_TOKEN received, server token: ae775e30-0c18-478e-9b76-817de896c49d, passed token: ae775e30-0c18-478e-9b76-817de896c49d
Mon Jan  5 17:54:58 2026: DISPATCH_HANDLER: Adding handler from function makeHandler in library libxv_system_diagram failed with exception: Could not dynamically load libxv_system_diagram.so
Mon Jan  5 17:54:58 2026: SESSION_MGR: creating session with session uuid: 'ac57f2ed-7f90-4200-b598-33eaf0bb1de5' and name 'vitis-run_compile_transformer_top'
Mon Jan  5 17:54:58 2026: KERNEL_SVC: creating session with uuid: 'ac57f2ed-7f90-4200-b598-33eaf0bb1de5' and name 'vitis-run_compile_transformer_top'
Mon Jan  5 17:54:58 2026: GUIDANCE_SMGR: creating guidance session with uuid: 'ac57f2ed-7f90-4200-b598-33eaf0bb1de5' and name 'vitis-run_compile_transformer_top'
Mon Jan  5 17:55:02 2026: Dispatch Server: Accepted socket connection from client
Mon Jan  5 17:55:02 2026: Starting Socket connection
Mon Jan  5 17:55:04 2026: SESSION_MGR: closing session for UUID 'ac57f2ed-7f90-4200-b598-33eaf0bb1de5' with name 'vitis-run_compile_transformer_top'
Mon Jan  5 17:55:04 2026: KERNEL_SVC: closing session for UUID 'ac57f2ed-7f90-4200-b598-33eaf0bb1de5' with name 'vitis-run_compile_transformer_top'
Mon Jan  5 17:55:04 2026: GUIDANCE_SMGR: closing session for UUID 'ac57f2ed-7f90-4200-b598-33eaf0bb1de5' with name 'vitis-run_compile_transformer_top'
Mon Jan  5 17:55:04 2026: STOP_SERVER received, server token: ae775e30-0c18-478e-9b76-817de896c49d, passed token: ae775e30-0c18-478e-9b76-817de896c49d
Mon Jan  5 17:55:04 2026: Socket received request to stop server.
Mon Jan  5 17:55:04 2026: Dispatch Server: do_await_stop
Mon Jan  5 17:55:04 2026: Dispatch Server: stopping mainFifo_
Mon Jan  5 17:55:04 2026: XCD main fifo: Stopping
Mon Jan  5 17:55:04 2026: XCD main fifo: do_read error code: Operation canceled
Mon Jan  5 17:55:04 2026: XCD main fifo: bytes_transferred: 0
Mon Jan  5 17:55:04 2026: SERVER: destructor for server bound to port 39547
Mon Jan  5 17:55:04 2026: XCD main fifo: Good unlink of /tmp/xcdmainae775e30-0c18-478e-9b76-817de896c49d
Mon Jan  5 17:55:04 2026: Server exiting with status 0.
Mon Jan  5 17:55:04 2026: Closing log file.
Mon Jan  5 18:09:26 2026: Running xcd server. This server was built by gradle.
Mon Jan  5 18:09:26 2026: Server was asked to start on port: '41533'
Mon Jan  5 18:09:26 2026: Server is using token UUID: 'c690899e-6a6f-49f7-9aaf-b74c32acfb6a'
Mon Jan  5 18:09:26 2026: SESSION_MGR: creating session with session uuid: '6d04a3e9-ade5-4ab9-8d63-1f78fcd2ec76' and name 'default'
Mon Jan  5 18:09:26 2026: Attempting to start server on port '41533'
Mon Jan  5 18:09:26 2026: XCD main fifo: created main fifo '/tmp/xcdmainc690899e-6a6f-49f7-9aaf-b74c32acfb6a', fd read = 12
Mon Jan  5 18:09:26 2026: Running Dispatch Server
Mon Jan  5 18:09:26 2026: Version 2.2.0
Mon Jan  5 18:09:27 2026: Dispatch Server: Accepted socket connection from client
Mon Jan  5 18:09:27 2026: Starting Socket connection
Mon Jan  5 18:09:27 2026: EXCHANGE_TOKEN received, server token: c690899e-6a6f-49f7-9aaf-b74c32acfb6a, passed token: c690899e-6a6f-49f7-9aaf-b74c32acfb6a
Mon Jan  5 18:09:27 2026: DISPATCH_HANDLER: Adding handler from function makeHandler in library libxv_system_diagram failed with exception: Could not dynamically load libxv_system_diagram.so
Mon Jan  5 18:09:27 2026: SESSION_MGR: creating session with session uuid: '69c3486a-d2c0-4a55-b055-cf96e5eb0704' and name 'vitis-run_compile_transformer_top'
Mon Jan  5 18:09:27 2026: KERNEL_SVC: creating session with uuid: '69c3486a-d2c0-4a55-b055-cf96e5eb0704' and name 'vitis-run_compile_transformer_top'
Mon Jan  5 18:09:27 2026: GUIDANCE_SMGR: creating guidance session with uuid: '69c3486a-d2c0-4a55-b055-cf96e5eb0704' and name 'vitis-run_compile_transformer_top'
Mon Jan  5 18:09:31 2026: Dispatch Server: Accepted socket connection from client
Mon Jan  5 18:09:31 2026: Starting Socket connection
Mon Jan  5 18:09:42 2026: SESSION_MGR: closing session for UUID '69c3486a-d2c0-4a55-b055-cf96e5eb0704' with name 'vitis-run_compile_transformer_top'
Mon Jan  5 18:09:42 2026: KERNEL_SVC: closing session for UUID '69c3486a-d2c0-4a55-b055-cf96e5eb0704' with name 'vitis-run_compile_transformer_top'
Mon Jan  5 18:09:42 2026: GUIDANCE_SMGR: closing session for UUID '69c3486a-d2c0-4a55-b055-cf96e5eb0704' with name 'vitis-run_compile_transformer_top'
Mon Jan  5 18:09:42 2026: STOP_SERVER received, server token: c690899e-6a6f-49f7-9aaf-b74c32acfb6a, passed token: c690899e-6a6f-49f7-9aaf-b74c32acfb6a
Mon Jan  5 18:09:42 2026: Socket received request to stop server.
Mon Jan  5 18:09:42 2026: Dispatch Server: do_await_stop
Mon Jan  5 18:09:42 2026: Dispatch Server: stopping mainFifo_
Mon Jan  5 18:09:42 2026: XCD main fifo: Stopping
Mon Jan  5 18:09:42 2026: XCD main fifo: do_read error code: Operation canceled
Mon Jan  5 18:09:42 2026: XCD main fifo: bytes_transferred: 0
Mon Jan  5 18:09:42 2026: SERVER: destructor for server bound to port 41533
Mon Jan  5 18:09:42 2026: XCD main fifo: Good unlink of /tmp/xcdmainc690899e-6a6f-49f7-9aaf-b74c32acfb6a
Mon Jan  5 18:09:42 2026: Server exiting with status 0.
Mon Jan  5 18:09:42 2026: Closing log file.
Mon Jan  5 18:12:54 2026: Running xcd server. This server was built by gradle.
Mon Jan  5 18:12:54 2026: Server was asked to start on port: '37569'
Mon Jan  5 18:12:54 2026: Server is using token UUID: 'bbeafaac-96ed-4185-9217-5f56bf1cef06'
Mon Jan  5 18:12:54 2026: SESSION_MGR: creating session with session uuid: '6d04a3e9-ade5-4ab9-8d63-1f78fcd2ec76' and name 'default'
Mon Jan  5 18:12:54 2026: Attempting to start server on port '37569'
Mon Jan  5 18:12:54 2026: XCD main fifo: created main fifo '/tmp/xcdmainbbeafaac-96ed-4185-9217-5f56bf1cef06', fd read = 12
Mon Jan  5 18:12:54 2026: Running Dispatch Server
Mon Jan  5 18:12:54 2026: Version 2.2.0
Mon Jan  5 18:12:56 2026: Dispatch Server: Accepted socket connection from client
Mon Jan  5 18:12:56 2026: Starting Socket connection
Mon Jan  5 18:12:56 2026: EXCHANGE_TOKEN received, server token: bbeafaac-96ed-4185-9217-5f56bf1cef06, passed token: bbeafaac-96ed-4185-9217-5f56bf1cef06
Mon Jan  5 18:12:56 2026: DISPATCH_HANDLER: Adding handler from function makeHandler in library libxv_system_diagram failed with exception: Could not dynamically load libxv_system_diagram.so
Mon Jan  5 18:12:56 2026: SESSION_MGR: creating session with session uuid: 'f8af3701-7c55-48cf-b531-2898e53e1021' and name 'vitis-run_compile_transformer_top'
Mon Jan  5 18:12:56 2026: KERNEL_SVC: creating session with uuid: 'f8af3701-7c55-48cf-b531-2898e53e1021' and name 'vitis-run_compile_transformer_top'
Mon Jan  5 18:12:56 2026: GUIDANCE_SMGR: creating guidance session with uuid: 'f8af3701-7c55-48cf-b531-2898e53e1021' and name 'vitis-run_compile_transformer_top'
Mon Jan  5 18:12:59 2026: Dispatch Server: Accepted socket connection from client
Mon Jan  5 18:12:59 2026: Starting Socket connection
Mon Jan  5 18:13:01 2026: SESSION_MGR: closing session for UUID 'f8af3701-7c55-48cf-b531-2898e53e1021' with name 'vitis-run_compile_transformer_top'
Mon Jan  5 18:13:01 2026: KERNEL_SVC: closing session for UUID 'f8af3701-7c55-48cf-b531-2898e53e1021' with name 'vitis-run_compile_transformer_top'
Mon Jan  5 18:13:01 2026: GUIDANCE_SMGR: closing session for UUID 'f8af3701-7c55-48cf-b531-2898e53e1021' with name 'vitis-run_compile_transformer_top'
Mon Jan  5 18:13:01 2026: STOP_SERVER received, server token: bbeafaac-96ed-4185-9217-5f56bf1cef06, passed token: bbeafaac-96ed-4185-9217-5f56bf1cef06
Mon Jan  5 18:13:01 2026: Socket received request to stop server.
Mon Jan  5 18:13:01 2026: Dispatch Server: do_await_stop
Mon Jan  5 18:13:01 2026: Dispatch Server: stopping mainFifo_
Mon Jan  5 18:13:01 2026: XCD main fifo: Stopping
Mon Jan  5 18:13:01 2026: XCD main fifo: do_read error code: Operation canceled
Mon Jan  5 18:13:01 2026: XCD main fifo: bytes_transferred: 0
Mon Jan  5 18:13:01 2026: SERVER: destructor for server bound to port 37569
Mon Jan  5 18:13:01 2026: XCD main fifo: Good unlink of /tmp/xcdmainbbeafaac-96ed-4185-9217-5f56bf1cef06
Mon Jan  5 18:13:01 2026: Server exiting with status 0.
Mon Jan  5 18:13:01 2026: Closing log file.
Mon Jan  5 18:21:48 2026: Running xcd server. This server was built by gradle.
Mon Jan  5 18:21:48 2026: Server was asked to start on port: '39629'
Mon Jan  5 18:21:48 2026: Server is using token UUID: 'bf4570a3-5337-4b3b-a00b-d279a847075e'
Mon Jan  5 18:21:48 2026: SESSION_MGR: creating session with session uuid: '6d04a3e9-ade5-4ab9-8d63-1f78fcd2ec76' and name 'default'
Mon Jan  5 18:21:48 2026: Attempting to start server on port '39629'
Mon Jan  5 18:21:48 2026: XCD main fifo: created main fifo '/tmp/xcdmainbf4570a3-5337-4b3b-a00b-d279a847075e', fd read = 12
Mon Jan  5 18:21:48 2026: Running Dispatch Server
Mon Jan  5 18:21:48 2026: Version 2.2.0
Mon Jan  5 18:21:49 2026: Dispatch Server: Accepted socket connection from client
Mon Jan  5 18:21:49 2026: Starting Socket connection
Mon Jan  5 18:21:49 2026: EXCHANGE_TOKEN received, server token: bf4570a3-5337-4b3b-a00b-d279a847075e, passed token: bf4570a3-5337-4b3b-a00b-d279a847075e
Mon Jan  5 18:21:49 2026: DISPATCH_HANDLER: Adding handler from function makeHandler in library libxv_system_diagram failed with exception: Could not dynamically load libxv_system_diagram.so
Mon Jan  5 18:21:49 2026: SESSION_MGR: creating session with session uuid: '8805bccf-4c2b-41ca-aeaf-838dcfc59c6f' and name 'vitis-run_compile_transformer_top'
Mon Jan  5 18:21:49 2026: KERNEL_SVC: creating session with uuid: '8805bccf-4c2b-41ca-aeaf-838dcfc59c6f' and name 'vitis-run_compile_transformer_top'
Mon Jan  5 18:21:49 2026: GUIDANCE_SMGR: creating guidance session with uuid: '8805bccf-4c2b-41ca-aeaf-838dcfc59c6f' and name 'vitis-run_compile_transformer_top'
Mon Jan  5 18:21:53 2026: Dispatch Server: Accepted socket connection from client
Mon Jan  5 18:21:53 2026: Starting Socket connection
Mon Jan  5 18:21:55 2026: SESSION_MGR: closing session for UUID '8805bccf-4c2b-41ca-aeaf-838dcfc59c6f' with name 'vitis-run_compile_transformer_top'
Mon Jan  5 18:21:55 2026: KERNEL_SVC: closing session for UUID '8805bccf-4c2b-41ca-aeaf-838dcfc59c6f' with name 'vitis-run_compile_transformer_top'
Mon Jan  5 18:21:55 2026: GUIDANCE_SMGR: closing session for UUID '8805bccf-4c2b-41ca-aeaf-838dcfc59c6f' with name 'vitis-run_compile_transformer_top'
Mon Jan  5 18:21:55 2026: STOP_SERVER received, server token: bf4570a3-5337-4b3b-a00b-d279a847075e, passed token: bf4570a3-5337-4b3b-a00b-d279a847075e
Mon Jan  5 18:21:55 2026: Socket received request to stop server.
Mon Jan  5 18:21:55 2026: Dispatch Server: do_await_stop
Mon Jan  5 18:21:55 2026: Dispatch Server: stopping mainFifo_
Mon Jan  5 18:21:55 2026: XCD main fifo: Stopping
Mon Jan  5 18:21:55 2026: XCD main fifo: do_read error code: Operation canceled
Mon Jan  5 18:21:55 2026: XCD main fifo: bytes_transferred: 0
Mon Jan  5 18:21:55 2026: SERVER: destructor for server bound to port 39629
Mon Jan  5 18:21:55 2026: XCD main fifo: Good unlink of /tmp/xcdmainbf4570a3-5337-4b3b-a00b-d279a847075e
Mon Jan  5 18:21:55 2026: Server exiting with status 0.
Mon Jan  5 18:21:55 2026: Closing log file.
Mon Jan  5 18:28:53 2026: Running xcd server. This server was built by gradle.
Mon Jan  5 18:28:53 2026: Server was asked to start on port: '45199'
Mon Jan  5 18:28:53 2026: Server is using token UUID: '1df62554-11e7-4995-b69c-c9baccf31311'
Mon Jan  5 18:28:53 2026: SESSION_MGR: creating session with session uuid: '6d04a3e9-ade5-4ab9-8d63-1f78fcd2ec76' and name 'default'
Mon Jan  5 18:28:53 2026: Attempting to start server on port '45199'
Mon Jan  5 18:28:53 2026: XCD main fifo: created main fifo '/tmp/xcdmain1df62554-11e7-4995-b69c-c9baccf31311', fd read = 12
Mon Jan  5 18:28:53 2026: Running Dispatch Server
Mon Jan  5 18:28:53 2026: Version 2.2.0
Mon Jan  5 18:28:54 2026: Dispatch Server: Accepted socket connection from client
Mon Jan  5 18:28:54 2026: Starting Socket connection
Mon Jan  5 18:28:54 2026: EXCHANGE_TOKEN received, server token: 1df62554-11e7-4995-b69c-c9baccf31311, passed token: 1df62554-11e7-4995-b69c-c9baccf31311
Mon Jan  5 18:28:54 2026: DISPATCH_HANDLER: Adding handler from function makeHandler in library libxv_system_diagram failed with exception: Could not dynamically load libxv_system_diagram.so
Mon Jan  5 18:28:54 2026: SESSION_MGR: creating session with session uuid: '3db6e7a6-926a-4166-8c83-ecf40780fb14' and name 'v++_compile_transformer_top'
Mon Jan  5 18:28:54 2026: KERNEL_SVC: creating session with uuid: '3db6e7a6-926a-4166-8c83-ecf40780fb14' and name 'v++_compile_transformer_top'
Mon Jan  5 18:28:54 2026: GUIDANCE_SMGR: creating guidance session with uuid: '3db6e7a6-926a-4166-8c83-ecf40780fb14' and name 'v++_compile_transformer_top'
Mon Jan  5 18:28:58 2026: Dispatch Server: Accepted socket connection from client
Mon Jan  5 18:28:58 2026: Starting Socket connection
Mon Jan  5 18:29:40 2026: SESSION_MGR: closing session for UUID '3db6e7a6-926a-4166-8c83-ecf40780fb14' with name 'v++_compile_transformer_top'
Mon Jan  5 18:29:40 2026: KERNEL_SVC: closing session for UUID '3db6e7a6-926a-4166-8c83-ecf40780fb14' with name 'v++_compile_transformer_top'
Mon Jan  5 18:29:40 2026: GUIDANCE_SMGR: closing session for UUID '3db6e7a6-926a-4166-8c83-ecf40780fb14' with name 'v++_compile_transformer_top'
Mon Jan  5 18:29:40 2026: STOP_SERVER received, server token: 1df62554-11e7-4995-b69c-c9baccf31311, passed token: 1df62554-11e7-4995-b69c-c9baccf31311
Mon Jan  5 18:29:40 2026: Socket received request to stop server.
Mon Jan  5 18:29:40 2026: Dispatch Server: do_await_stop
Mon Jan  5 18:29:40 2026: Dispatch Server: stopping mainFifo_
Mon Jan  5 18:29:40 2026: XCD main fifo: Stopping
Mon Jan  5 18:29:40 2026: XCD main fifo: do_read error code: Operation canceled
Mon Jan  5 18:29:40 2026: XCD main fifo: bytes_transferred: 0
Mon Jan  5 18:29:40 2026: SERVER: destructor for server bound to port 45199
Mon Jan  5 18:29:40 2026: XCD main fifo: Good unlink of /tmp/xcdmain1df62554-11e7-4995-b69c-c9baccf31311
Mon Jan  5 18:29:40 2026: Server exiting with status 0.
Mon Jan  5 18:29:40 2026: Closing log file.
Mon Jan  5 18:31:14 2026: Running xcd server. This server was built by gradle.
Mon Jan  5 18:31:14 2026: Server was asked to start on port: '39463'
Mon Jan  5 18:31:14 2026: Server is using token UUID: '9fdd8c45-2035-4ede-ac9f-3e5783c13c7e'
Mon Jan  5 18:31:14 2026: SESSION_MGR: creating session with session uuid: '6d04a3e9-ade5-4ab9-8d63-1f78fcd2ec76' and name 'default'
Mon Jan  5 18:31:14 2026: Attempting to start server on port '39463'
Mon Jan  5 18:31:14 2026: XCD main fifo: created main fifo '/tmp/xcdmain9fdd8c45-2035-4ede-ac9f-3e5783c13c7e', fd read = 12
Mon Jan  5 18:31:14 2026: Running Dispatch Server
Mon Jan  5 18:31:14 2026: Version 2.2.0
Mon Jan  5 18:31:15 2026: Dispatch Server: Accepted socket connection from client
Mon Jan  5 18:31:15 2026: Starting Socket connection
Mon Jan  5 18:31:15 2026: EXCHANGE_TOKEN received, server token: 9fdd8c45-2035-4ede-ac9f-3e5783c13c7e, passed token: 9fdd8c45-2035-4ede-ac9f-3e5783c13c7e
Mon Jan  5 18:31:15 2026: DISPATCH_HANDLER: Adding handler from function makeHandler in library libxv_system_diagram failed with exception: Could not dynamically load libxv_system_diagram.so
Mon Jan  5 18:31:15 2026: SESSION_MGR: creating session with session uuid: 'a0f6b097-789c-4bee-8883-5dc29df0d10d' and name 'vitis-run_compile_transformer_top'
Mon Jan  5 18:31:15 2026: KERNEL_SVC: creating session with uuid: 'a0f6b097-789c-4bee-8883-5dc29df0d10d' and name 'vitis-run_compile_transformer_top'
Mon Jan  5 18:31:15 2026: GUIDANCE_SMGR: creating guidance session with uuid: 'a0f6b097-789c-4bee-8883-5dc29df0d10d' and name 'vitis-run_compile_transformer_top'
Mon Jan  5 18:31:19 2026: Dispatch Server: Accepted socket connection from client
Mon Jan  5 18:31:19 2026: Starting Socket connection
Mon Jan  5 18:31:22 2026: SESSION_MGR: closing session for UUID 'a0f6b097-789c-4bee-8883-5dc29df0d10d' with name 'vitis-run_compile_transformer_top'
Mon Jan  5 18:31:22 2026: KERNEL_SVC: closing session for UUID 'a0f6b097-789c-4bee-8883-5dc29df0d10d' with name 'vitis-run_compile_transformer_top'
Mon Jan  5 18:31:22 2026: GUIDANCE_SMGR: closing session for UUID 'a0f6b097-789c-4bee-8883-5dc29df0d10d' with name 'vitis-run_compile_transformer_top'
Mon Jan  5 18:31:22 2026: STOP_SERVER received, server token: 9fdd8c45-2035-4ede-ac9f-3e5783c13c7e, passed token: 9fdd8c45-2035-4ede-ac9f-3e5783c13c7e
Mon Jan  5 18:31:22 2026: Socket received request to stop server.
Mon Jan  5 18:31:22 2026: Dispatch Server: do_await_stop
Mon Jan  5 18:31:22 2026: Dispatch Server: stopping mainFifo_
Mon Jan  5 18:31:22 2026: XCD main fifo: Stopping
Mon Jan  5 18:31:22 2026: XCD main fifo: do_read error code: Operation canceled
Mon Jan  5 18:31:22 2026: XCD main fifo: bytes_transferred: 0
Mon Jan  5 18:31:22 2026: SERVER: destructor for server bound to port 39463
Mon Jan  5 18:31:22 2026: XCD main fifo: Good unlink of /tmp/xcdmain9fdd8c45-2035-4ede-ac9f-3e5783c13c7e
Mon Jan  5 18:31:22 2026: Server exiting with status 0.
Mon Jan  5 18:31:22 2026: Closing log file.
Mon Jan  5 18:33:26 2026: Running xcd server. This server was built by gradle.
Mon Jan  5 18:33:26 2026: Server was asked to start on port: '37031'
Mon Jan  5 18:33:26 2026: Server is using token UUID: '83f47c0c-5554-4609-ba33-147950b7f3f5'
Mon Jan  5 18:33:26 2026: SESSION_MGR: creating session with session uuid: '6d04a3e9-ade5-4ab9-8d63-1f78fcd2ec76' and name 'default'
Mon Jan  5 18:33:26 2026: Attempting to start server on port '37031'
Mon Jan  5 18:33:26 2026: XCD main fifo: created main fifo '/tmp/xcdmain83f47c0c-5554-4609-ba33-147950b7f3f5', fd read = 12
Mon Jan  5 18:33:26 2026: Running Dispatch Server
Mon Jan  5 18:33:26 2026: Version 2.2.0
Mon Jan  5 18:33:28 2026: Dispatch Server: Accepted socket connection from client
Mon Jan  5 18:33:28 2026: Starting Socket connection
Mon Jan  5 18:33:28 2026: EXCHANGE_TOKEN received, server token: 83f47c0c-5554-4609-ba33-147950b7f3f5, passed token: 83f47c0c-5554-4609-ba33-147950b7f3f5
Mon Jan  5 18:33:28 2026: DISPATCH_HANDLER: Adding handler from function makeHandler in library libxv_system_diagram failed with exception: Could not dynamically load libxv_system_diagram.so
Mon Jan  5 18:33:28 2026: SESSION_MGR: creating session with session uuid: '71c14c5b-35da-4978-9d35-d42ccd852133' and name 'v++_compile_transformer_top'
Mon Jan  5 18:33:28 2026: KERNEL_SVC: creating session with uuid: '71c14c5b-35da-4978-9d35-d42ccd852133' and name 'v++_compile_transformer_top'
Mon Jan  5 18:33:28 2026: GUIDANCE_SMGR: creating guidance session with uuid: '71c14c5b-35da-4978-9d35-d42ccd852133' and name 'v++_compile_transformer_top'
Mon Jan  5 18:33:32 2026: Dispatch Server: Accepted socket connection from client
Mon Jan  5 18:33:32 2026: Starting Socket connection
Mon Jan  5 18:34:13 2026: SESSION_MGR: closing session for UUID '71c14c5b-35da-4978-9d35-d42ccd852133' with name 'v++_compile_transformer_top'
Mon Jan  5 18:34:13 2026: KERNEL_SVC: closing session for UUID '71c14c5b-35da-4978-9d35-d42ccd852133' with name 'v++_compile_transformer_top'
Mon Jan  5 18:34:13 2026: GUIDANCE_SMGR: closing session for UUID '71c14c5b-35da-4978-9d35-d42ccd852133' with name 'v++_compile_transformer_top'
Mon Jan  5 18:34:13 2026: STOP_SERVER received, server token: 83f47c0c-5554-4609-ba33-147950b7f3f5, passed token: 83f47c0c-5554-4609-ba33-147950b7f3f5
Mon Jan  5 18:34:13 2026: Socket received request to stop server.
Mon Jan  5 18:34:13 2026: Dispatch Server: do_await_stop
Mon Jan  5 18:34:13 2026: Dispatch Server: stopping mainFifo_
Mon Jan  5 18:34:13 2026: XCD main fifo: Stopping
Mon Jan  5 18:34:13 2026: XCD main fifo: do_read error code: Operation canceled
Mon Jan  5 18:34:13 2026: XCD main fifo: bytes_transferred: 0
Mon Jan  5 18:34:13 2026: SERVER: destructor for server bound to port 37031
Mon Jan  5 18:34:13 2026: XCD main fifo: Good unlink of /tmp/xcdmain83f47c0c-5554-4609-ba33-147950b7f3f5
Mon Jan  5 18:34:13 2026: Server exiting with status 0.
Mon Jan  5 18:34:13 2026: Closing log file.
Mon Jan  5 18:51:54 2026: Running xcd server. This server was built by gradle.
Mon Jan  5 18:51:54 2026: Server was asked to start on port: '35865'
Mon Jan  5 18:51:54 2026: Server is using token UUID: 'f9607031-0719-4d0a-a6d9-a9072688b1d3'
Mon Jan  5 18:51:54 2026: SESSION_MGR: creating session with session uuid: '6d04a3e9-ade5-4ab9-8d63-1f78fcd2ec76' and name 'default'
Mon Jan  5 18:51:54 2026: Attempting to start server on port '35865'
Mon Jan  5 18:51:54 2026: XCD main fifo: created main fifo '/tmp/xcdmainf9607031-0719-4d0a-a6d9-a9072688b1d3', fd read = 12
Mon Jan  5 18:51:54 2026: Running Dispatch Server
Mon Jan  5 18:51:54 2026: Version 2.2.0
Mon Jan  5 18:51:56 2026: Dispatch Server: Accepted socket connection from client
Mon Jan  5 18:51:56 2026: Starting Socket connection
Mon Jan  5 18:51:56 2026: EXCHANGE_TOKEN received, server token: f9607031-0719-4d0a-a6d9-a9072688b1d3, passed token: f9607031-0719-4d0a-a6d9-a9072688b1d3
Mon Jan  5 18:51:56 2026: DISPATCH_HANDLER: Adding handler from function makeHandler in library libxv_system_diagram failed with exception: Could not dynamically load libxv_system_diagram.so
Mon Jan  5 18:51:56 2026: SESSION_MGR: creating session with session uuid: 'e8d3e187-17da-4654-b449-fa72ada6d1b6' and name 'vitis-run_compile_transformer_top'
Mon Jan  5 18:51:56 2026: KERNEL_SVC: creating session with uuid: 'e8d3e187-17da-4654-b449-fa72ada6d1b6' and name 'vitis-run_compile_transformer_top'
Mon Jan  5 18:51:56 2026: GUIDANCE_SMGR: creating guidance session with uuid: 'e8d3e187-17da-4654-b449-fa72ada6d1b6' and name 'vitis-run_compile_transformer_top'
Mon Jan  5 18:52:00 2026: Dispatch Server: Accepted socket connection from client
Mon Jan  5 18:52:00 2026: Starting Socket connection
Mon Jan  5 18:52:10 2026: SESSION_MGR: closing session for UUID 'e8d3e187-17da-4654-b449-fa72ada6d1b6' with name 'vitis-run_compile_transformer_top'
Mon Jan  5 18:52:10 2026: KERNEL_SVC: closing session for UUID 'e8d3e187-17da-4654-b449-fa72ada6d1b6' with name 'vitis-run_compile_transformer_top'
Mon Jan  5 18:52:10 2026: GUIDANCE_SMGR: closing session for UUID 'e8d3e187-17da-4654-b449-fa72ada6d1b6' with name 'vitis-run_compile_transformer_top'
Mon Jan  5 18:52:10 2026: STOP_SERVER received, server token: f9607031-0719-4d0a-a6d9-a9072688b1d3, passed token: f9607031-0719-4d0a-a6d9-a9072688b1d3
Mon Jan  5 18:52:10 2026: Socket received request to stop server.
Mon Jan  5 18:52:10 2026: Dispatch Server: do_await_stop
Mon Jan  5 18:52:10 2026: Dispatch Server: stopping mainFifo_
Mon Jan  5 18:52:10 2026: XCD main fifo: Stopping
Mon Jan  5 18:52:10 2026: XCD main fifo: do_read error code: Operation canceled
Mon Jan  5 18:52:10 2026: XCD main fifo: bytes_transferred: 0
Mon Jan  5 18:52:10 2026: SERVER: destructor for server bound to port 35865
Mon Jan  5 18:52:10 2026: XCD main fifo: Good unlink of /tmp/xcdmainf9607031-0719-4d0a-a6d9-a9072688b1d3
Mon Jan  5 18:52:10 2026: Server exiting with status 0.
Mon Jan  5 18:52:10 2026: Closing log file.
Mon Jan  5 18:52:21 2026: Running xcd server. This server was built by gradle.
Mon Jan  5 18:52:21 2026: Server was asked to start on port: '34821'
Mon Jan  5 18:52:21 2026: Server is using token UUID: '45c98e37-52c6-4cb4-b797-c5d21105227f'
Mon Jan  5 18:52:21 2026: SESSION_MGR: creating session with session uuid: '6d04a3e9-ade5-4ab9-8d63-1f78fcd2ec76' and name 'default'
Mon Jan  5 18:52:21 2026: Attempting to start server on port '34821'
Mon Jan  5 18:52:21 2026: XCD main fifo: created main fifo '/tmp/xcdmain45c98e37-52c6-4cb4-b797-c5d21105227f', fd read = 12
Mon Jan  5 18:52:21 2026: Running Dispatch Server
Mon Jan  5 18:52:21 2026: Version 2.2.0
Mon Jan  5 18:52:22 2026: Dispatch Server: Accepted socket connection from client
Mon Jan  5 18:52:22 2026: Starting Socket connection
Mon Jan  5 18:52:22 2026: EXCHANGE_TOKEN received, server token: 45c98e37-52c6-4cb4-b797-c5d21105227f, passed token: 45c98e37-52c6-4cb4-b797-c5d21105227f
Mon Jan  5 18:52:22 2026: DISPATCH_HANDLER: Adding handler from function makeHandler in library libxv_system_diagram failed with exception: Could not dynamically load libxv_system_diagram.so
Mon Jan  5 18:52:22 2026: SESSION_MGR: creating session with session uuid: '6f5864ae-ff4f-4345-be20-8ed19b7596f1' and name 'v++_compile_transformer_top'
Mon Jan  5 18:52:22 2026: KERNEL_SVC: creating session with uuid: '6f5864ae-ff4f-4345-be20-8ed19b7596f1' and name 'v++_compile_transformer_top'
Mon Jan  5 18:52:22 2026: GUIDANCE_SMGR: creating guidance session with uuid: '6f5864ae-ff4f-4345-be20-8ed19b7596f1' and name 'v++_compile_transformer_top'
Mon Jan  5 18:52:26 2026: Dispatch Server: Accepted socket connection from client
Mon Jan  5 18:52:26 2026: Starting Socket connection
Mon Jan  5 18:53:09 2026: SESSION_MGR: closing session for UUID '6f5864ae-ff4f-4345-be20-8ed19b7596f1' with name 'v++_compile_transformer_top'
Mon Jan  5 18:53:09 2026: KERNEL_SVC: closing session for UUID '6f5864ae-ff4f-4345-be20-8ed19b7596f1' with name 'v++_compile_transformer_top'
Mon Jan  5 18:53:09 2026: GUIDANCE_SMGR: closing session for UUID '6f5864ae-ff4f-4345-be20-8ed19b7596f1' with name 'v++_compile_transformer_top'
Mon Jan  5 18:53:09 2026: STOP_SERVER received, server token: 45c98e37-52c6-4cb4-b797-c5d21105227f, passed token: 45c98e37-52c6-4cb4-b797-c5d21105227f
Mon Jan  5 18:53:09 2026: Socket received request to stop server.
Mon Jan  5 18:53:09 2026: Dispatch Server: do_await_stop
Mon Jan  5 18:53:09 2026: Dispatch Server: stopping mainFifo_
Mon Jan  5 18:53:09 2026: XCD main fifo: Stopping
Mon Jan  5 18:53:09 2026: XCD main fifo: do_read error code: Operation canceled
Mon Jan  5 18:53:09 2026: XCD main fifo: bytes_transferred: 0
Mon Jan  5 18:53:09 2026: SERVER: destructor for server bound to port 34821
Mon Jan  5 18:53:09 2026: XCD main fifo: Good unlink of /tmp/xcdmain45c98e37-52c6-4cb4-b797-c5d21105227f
Mon Jan  5 18:53:09 2026: Server exiting with status 0.
Mon Jan  5 18:53:09 2026: Closing log file.
Mon Jan  5 19:05:15 2026: Running xcd server. This server was built by gradle.
Mon Jan  5 19:05:15 2026: Server was asked to start on port: '40195'
Mon Jan  5 19:05:15 2026: Server is using token UUID: '1b65792a-b54b-46e2-b664-915ec951d94b'
Mon Jan  5 19:05:15 2026: SESSION_MGR: creating session with session uuid: '6d04a3e9-ade5-4ab9-8d63-1f78fcd2ec76' and name 'default'
Mon Jan  5 19:05:15 2026: Attempting to start server on port '40195'
Mon Jan  5 19:05:15 2026: XCD main fifo: created main fifo '/tmp/xcdmain1b65792a-b54b-46e2-b664-915ec951d94b', fd read = 12
Mon Jan  5 19:05:15 2026: Running Dispatch Server
Mon Jan  5 19:05:15 2026: Version 2.2.0
Mon Jan  5 19:05:16 2026: Dispatch Server: Accepted socket connection from client
Mon Jan  5 19:05:16 2026: Starting Socket connection
Mon Jan  5 19:05:16 2026: EXCHANGE_TOKEN received, server token: 1b65792a-b54b-46e2-b664-915ec951d94b, passed token: 1b65792a-b54b-46e2-b664-915ec951d94b
Mon Jan  5 19:05:16 2026: DISPATCH_HANDLER: Adding handler from function makeHandler in library libxv_system_diagram failed with exception: Could not dynamically load libxv_system_diagram.so
Mon Jan  5 19:05:16 2026: SESSION_MGR: creating session with session uuid: '6dacd724-d4bc-46cb-9b79-1762f4646ec3' and name 'vitis-run_compile_transformer_top'
Mon Jan  5 19:05:16 2026: KERNEL_SVC: creating session with uuid: '6dacd724-d4bc-46cb-9b79-1762f4646ec3' and name 'vitis-run_compile_transformer_top'
Mon Jan  5 19:05:16 2026: GUIDANCE_SMGR: creating guidance session with uuid: '6dacd724-d4bc-46cb-9b79-1762f4646ec3' and name 'vitis-run_compile_transformer_top'
Mon Jan  5 19:05:20 2026: Dispatch Server: Accepted socket connection from client
Mon Jan  5 19:05:20 2026: Starting Socket connection
Mon Jan  5 19:05:21 2026: SESSION_MGR: closing session for UUID '6dacd724-d4bc-46cb-9b79-1762f4646ec3' with name 'vitis-run_compile_transformer_top'
Mon Jan  5 19:05:21 2026: KERNEL_SVC: closing session for UUID '6dacd724-d4bc-46cb-9b79-1762f4646ec3' with name 'vitis-run_compile_transformer_top'
Mon Jan  5 19:05:21 2026: GUIDANCE_SMGR: closing session for UUID '6dacd724-d4bc-46cb-9b79-1762f4646ec3' with name 'vitis-run_compile_transformer_top'
Mon Jan  5 19:05:21 2026: STOP_SERVER received, server token: 1b65792a-b54b-46e2-b664-915ec951d94b, passed token: 1b65792a-b54b-46e2-b664-915ec951d94b
Mon Jan  5 19:05:21 2026: Socket received request to stop server.
Mon Jan  5 19:05:21 2026: Dispatch Server: do_await_stop
Mon Jan  5 19:05:21 2026: Dispatch Server: stopping mainFifo_
Mon Jan  5 19:05:21 2026: XCD main fifo: Stopping
Mon Jan  5 19:05:21 2026: XCD main fifo: do_read error code: Operation canceled
Mon Jan  5 19:05:21 2026: XCD main fifo: bytes_transferred: 0
Mon Jan  5 19:05:21 2026: SERVER: destructor for server bound to port 40195
Mon Jan  5 19:05:21 2026: XCD main fifo: Good unlink of /tmp/xcdmain1b65792a-b54b-46e2-b664-915ec951d94b
Mon Jan  5 19:05:21 2026: Server exiting with status 0.
Mon Jan  5 19:05:21 2026: Closing log file.
Mon Jan  5 19:05:29 2026: Running xcd server. This server was built by gradle.
Mon Jan  5 19:05:29 2026: Server was asked to start on port: '46701'
Mon Jan  5 19:05:29 2026: Server is using token UUID: '03d17d34-672c-40a0-8681-cf8271df13c4'
Mon Jan  5 19:05:29 2026: SESSION_MGR: creating session with session uuid: '6d04a3e9-ade5-4ab9-8d63-1f78fcd2ec76' and name 'default'
Mon Jan  5 19:05:29 2026: Attempting to start server on port '46701'
Mon Jan  5 19:05:29 2026: XCD main fifo: created main fifo '/tmp/xcdmain03d17d34-672c-40a0-8681-cf8271df13c4', fd read = 12
Mon Jan  5 19:05:29 2026: Running Dispatch Server
Mon Jan  5 19:05:29 2026: Version 2.2.0
Mon Jan  5 19:05:30 2026: Dispatch Server: Accepted socket connection from client
Mon Jan  5 19:05:30 2026: Starting Socket connection
Mon Jan  5 19:05:30 2026: EXCHANGE_TOKEN received, server token: 03d17d34-672c-40a0-8681-cf8271df13c4, passed token: 03d17d34-672c-40a0-8681-cf8271df13c4
Mon Jan  5 19:05:30 2026: DISPATCH_HANDLER: Adding handler from function makeHandler in library libxv_system_diagram failed with exception: Could not dynamically load libxv_system_diagram.so
Mon Jan  5 19:05:30 2026: SESSION_MGR: creating session with session uuid: 'ea68b952-e8f0-4c81-8123-147cb8be46ae' and name 'v++_compile_transformer_top'
Mon Jan  5 19:05:30 2026: KERNEL_SVC: creating session with uuid: 'ea68b952-e8f0-4c81-8123-147cb8be46ae' and name 'v++_compile_transformer_top'
Mon Jan  5 19:05:30 2026: GUIDANCE_SMGR: creating guidance session with uuid: 'ea68b952-e8f0-4c81-8123-147cb8be46ae' and name 'v++_compile_transformer_top'
Mon Jan  5 19:05:34 2026: Dispatch Server: Accepted socket connection from client
Mon Jan  5 19:05:34 2026: Starting Socket connection
Mon Jan  5 19:06:17 2026: SESSION_MGR: closing session for UUID 'ea68b952-e8f0-4c81-8123-147cb8be46ae' with name 'v++_compile_transformer_top'
Mon Jan  5 19:06:17 2026: KERNEL_SVC: closing session for UUID 'ea68b952-e8f0-4c81-8123-147cb8be46ae' with name 'v++_compile_transformer_top'
Mon Jan  5 19:06:17 2026: GUIDANCE_SMGR: closing session for UUID 'ea68b952-e8f0-4c81-8123-147cb8be46ae' with name 'v++_compile_transformer_top'
Mon Jan  5 19:06:17 2026: STOP_SERVER received, server token: 03d17d34-672c-40a0-8681-cf8271df13c4, passed token: 03d17d34-672c-40a0-8681-cf8271df13c4
Mon Jan  5 19:06:17 2026: Socket received request to stop server.
Mon Jan  5 19:06:17 2026: Dispatch Server: do_await_stop
Mon Jan  5 19:06:17 2026: Dispatch Server: stopping mainFifo_
Mon Jan  5 19:06:17 2026: XCD main fifo: Stopping
Mon Jan  5 19:06:17 2026: XCD main fifo: do_read error code: Operation canceled
Mon Jan  5 19:06:17 2026: XCD main fifo: bytes_transferred: 0
Mon Jan  5 19:06:17 2026: SERVER: destructor for server bound to port 46701
Mon Jan  5 19:06:17 2026: XCD main fifo: Good unlink of /tmp/xcdmain03d17d34-672c-40a0-8681-cf8271df13c4
Mon Jan  5 19:06:17 2026: Server exiting with status 0.
Mon Jan  5 19:06:17 2026: Closing log file.
Tue Jan  6 12:11:55 2026: Running xcd server. This server was built by gradle.
Tue Jan  6 12:11:55 2026: Server was asked to start on port: '44687'
Tue Jan  6 12:11:55 2026: Server is using token UUID: '817cb609-2b39-4798-a78d-dddea73644e6'
Tue Jan  6 12:11:55 2026: SESSION_MGR: creating session with session uuid: '6d04a3e9-ade5-4ab9-8d63-1f78fcd2ec76' and name 'default'
Tue Jan  6 12:11:55 2026: Attempting to start server on port '44687'
Tue Jan  6 12:11:55 2026: XCD main fifo: created main fifo '/tmp/xcdmain817cb609-2b39-4798-a78d-dddea73644e6', fd read = 12
Tue Jan  6 12:11:55 2026: Running Dispatch Server
Tue Jan  6 12:11:55 2026: Version 2.2.0
Tue Jan  6 12:11:57 2026: Dispatch Server: Accepted socket connection from client
Tue Jan  6 12:11:57 2026: Starting Socket connection
Tue Jan  6 12:11:57 2026: EXCHANGE_TOKEN received, server token: 817cb609-2b39-4798-a78d-dddea73644e6, passed token: 817cb609-2b39-4798-a78d-dddea73644e6
Tue Jan  6 12:11:57 2026: DISPATCH_HANDLER: Adding handler from function makeHandler in library libxv_system_diagram failed with exception: Could not dynamically load libxv_system_diagram.so
Tue Jan  6 12:11:57 2026: SESSION_MGR: creating session with session uuid: '6448bb64-5629-4325-8261-b564fd13f9a1' and name 'vitis-run_compile_transformer_top'
Tue Jan  6 12:11:57 2026: KERNEL_SVC: creating session with uuid: '6448bb64-5629-4325-8261-b564fd13f9a1' and name 'vitis-run_compile_transformer_top'
Tue Jan  6 12:11:57 2026: GUIDANCE_SMGR: creating guidance session with uuid: '6448bb64-5629-4325-8261-b564fd13f9a1' and name 'vitis-run_compile_transformer_top'
Tue Jan  6 12:12:01 2026: Dispatch Server: Accepted socket connection from client
Tue Jan  6 12:12:01 2026: Starting Socket connection
Tue Jan  6 12:12:05 2026: SESSION_MGR: closing session for UUID '6448bb64-5629-4325-8261-b564fd13f9a1' with name 'vitis-run_compile_transformer_top'
Tue Jan  6 12:12:05 2026: KERNEL_SVC: closing session for UUID '6448bb64-5629-4325-8261-b564fd13f9a1' with name 'vitis-run_compile_transformer_top'
Tue Jan  6 12:12:05 2026: GUIDANCE_SMGR: closing session for UUID '6448bb64-5629-4325-8261-b564fd13f9a1' with name 'vitis-run_compile_transformer_top'
Tue Jan  6 12:12:05 2026: STOP_SERVER received, server token: 817cb609-2b39-4798-a78d-dddea73644e6, passed token: 817cb609-2b39-4798-a78d-dddea73644e6
Tue Jan  6 12:12:05 2026: Socket received request to stop server.
Tue Jan  6 12:12:05 2026: Dispatch Server: do_await_stop
Tue Jan  6 12:12:05 2026: Dispatch Server: stopping mainFifo_
Tue Jan  6 12:12:05 2026: XCD main fifo: Stopping
Tue Jan  6 12:12:05 2026: XCD main fifo: do_read error code: Operation canceled
Tue Jan  6 12:12:05 2026: XCD main fifo: bytes_transferred: 0
Tue Jan  6 12:12:05 2026: SERVER: destructor for server bound to port 44687
Tue Jan  6 12:12:05 2026: XCD main fifo: Good unlink of /tmp/xcdmain817cb609-2b39-4798-a78d-dddea73644e6
Tue Jan  6 12:12:05 2026: Server exiting with status 0.
Tue Jan  6 12:12:05 2026: Closing log file.
Tue Jan  6 12:13:31 2026: Running xcd server. This server was built by gradle.
Tue Jan  6 12:13:31 2026: Server was asked to start on port: '37057'
Tue Jan  6 12:13:31 2026: Server is using token UUID: '3f69cb30-d7a2-4a2d-9e9f-78bc71028754'
Tue Jan  6 12:13:31 2026: SESSION_MGR: creating session with session uuid: '6d04a3e9-ade5-4ab9-8d63-1f78fcd2ec76' and name 'default'
Tue Jan  6 12:13:31 2026: Attempting to start server on port '37057'
Tue Jan  6 12:13:31 2026: XCD main fifo: created main fifo '/tmp/xcdmain3f69cb30-d7a2-4a2d-9e9f-78bc71028754', fd read = 12
Tue Jan  6 12:13:31 2026: Running Dispatch Server
Tue Jan  6 12:13:31 2026: Version 2.2.0
Tue Jan  6 12:13:33 2026: Dispatch Server: Accepted socket connection from client
Tue Jan  6 12:13:33 2026: Starting Socket connection
Tue Jan  6 12:13:33 2026: EXCHANGE_TOKEN received, server token: 3f69cb30-d7a2-4a2d-9e9f-78bc71028754, passed token: 3f69cb30-d7a2-4a2d-9e9f-78bc71028754
Tue Jan  6 12:13:33 2026: DISPATCH_HANDLER: Adding handler from function makeHandler in library libxv_system_diagram failed with exception: Could not dynamically load libxv_system_diagram.so
Tue Jan  6 12:13:33 2026: SESSION_MGR: creating session with session uuid: '419c4d56-3e42-4819-92f0-b11686b91e71' and name 'vitis-run_compile_transformer_top'
Tue Jan  6 12:13:33 2026: KERNEL_SVC: creating session with uuid: '419c4d56-3e42-4819-92f0-b11686b91e71' and name 'vitis-run_compile_transformer_top'
Tue Jan  6 12:13:33 2026: GUIDANCE_SMGR: creating guidance session with uuid: '419c4d56-3e42-4819-92f0-b11686b91e71' and name 'vitis-run_compile_transformer_top'
Tue Jan  6 12:13:37 2026: Dispatch Server: Accepted socket connection from client
Tue Jan  6 12:13:37 2026: Starting Socket connection
Tue Jan  6 12:13:38 2026: SESSION_MGR: closing session for UUID '419c4d56-3e42-4819-92f0-b11686b91e71' with name 'vitis-run_compile_transformer_top'
Tue Jan  6 12:13:38 2026: KERNEL_SVC: closing session for UUID '419c4d56-3e42-4819-92f0-b11686b91e71' with name 'vitis-run_compile_transformer_top'
Tue Jan  6 12:13:38 2026: GUIDANCE_SMGR: closing session for UUID '419c4d56-3e42-4819-92f0-b11686b91e71' with name 'vitis-run_compile_transformer_top'
Tue Jan  6 12:13:38 2026: STOP_SERVER received, server token: 3f69cb30-d7a2-4a2d-9e9f-78bc71028754, passed token: 3f69cb30-d7a2-4a2d-9e9f-78bc71028754
Tue Jan  6 12:13:38 2026: Socket received request to stop server.
Tue Jan  6 12:13:38 2026: Dispatch Server: do_await_stop
Tue Jan  6 12:13:38 2026: Dispatch Server: stopping mainFifo_
Tue Jan  6 12:13:38 2026: XCD main fifo: Stopping
Tue Jan  6 12:13:38 2026: XCD main fifo: do_read error code: Operation canceled
Tue Jan  6 12:13:38 2026: XCD main fifo: bytes_transferred: 0
Tue Jan  6 12:13:38 2026: SERVER: destructor for server bound to port 37057
Tue Jan  6 12:13:38 2026: XCD main fifo: Good unlink of /tmp/xcdmain3f69cb30-d7a2-4a2d-9e9f-78bc71028754
Tue Jan  6 12:13:38 2026: Server exiting with status 0.
Tue Jan  6 12:13:38 2026: Closing log file.
Tue Jan  6 12:14:59 2026: Running xcd server. This server was built by gradle.
Tue Jan  6 12:14:59 2026: Server was asked to start on port: '44719'
Tue Jan  6 12:14:59 2026: Server is using token UUID: '0f084f13-dbaf-4939-9206-b42b5c319b30'
Tue Jan  6 12:14:59 2026: SESSION_MGR: creating session with session uuid: '6d04a3e9-ade5-4ab9-8d63-1f78fcd2ec76' and name 'default'
Tue Jan  6 12:14:59 2026: Attempting to start server on port '44719'
Tue Jan  6 12:14:59 2026: XCD main fifo: created main fifo '/tmp/xcdmain0f084f13-dbaf-4939-9206-b42b5c319b30', fd read = 12
Tue Jan  6 12:14:59 2026: Running Dispatch Server
Tue Jan  6 12:14:59 2026: Version 2.2.0
Tue Jan  6 12:15:01 2026: Dispatch Server: Accepted socket connection from client
Tue Jan  6 12:15:01 2026: Starting Socket connection
Tue Jan  6 12:15:01 2026: EXCHANGE_TOKEN received, server token: 0f084f13-dbaf-4939-9206-b42b5c319b30, passed token: 0f084f13-dbaf-4939-9206-b42b5c319b30
Tue Jan  6 12:15:01 2026: DISPATCH_HANDLER: Adding handler from function makeHandler in library libxv_system_diagram failed with exception: Could not dynamically load libxv_system_diagram.so
Tue Jan  6 12:15:01 2026: SESSION_MGR: creating session with session uuid: 'b1875cf7-3c13-4039-92d1-bcac9d8fb66d' and name 'vitis-run_compile_transformer_top'
Tue Jan  6 12:15:01 2026: KERNEL_SVC: creating session with uuid: 'b1875cf7-3c13-4039-92d1-bcac9d8fb66d' and name 'vitis-run_compile_transformer_top'
Tue Jan  6 12:15:01 2026: GUIDANCE_SMGR: creating guidance session with uuid: 'b1875cf7-3c13-4039-92d1-bcac9d8fb66d' and name 'vitis-run_compile_transformer_top'
Tue Jan  6 12:15:05 2026: Dispatch Server: Accepted socket connection from client
Tue Jan  6 12:15:05 2026: Starting Socket connection
Tue Jan  6 12:15:09 2026: SESSION_MGR: closing session for UUID 'b1875cf7-3c13-4039-92d1-bcac9d8fb66d' with name 'vitis-run_compile_transformer_top'
Tue Jan  6 12:15:09 2026: KERNEL_SVC: closing session for UUID 'b1875cf7-3c13-4039-92d1-bcac9d8fb66d' with name 'vitis-run_compile_transformer_top'
Tue Jan  6 12:15:09 2026: GUIDANCE_SMGR: closing session for UUID 'b1875cf7-3c13-4039-92d1-bcac9d8fb66d' with name 'vitis-run_compile_transformer_top'
Tue Jan  6 12:15:09 2026: STOP_SERVER received, server token: 0f084f13-dbaf-4939-9206-b42b5c319b30, passed token: 0f084f13-dbaf-4939-9206-b42b5c319b30
Tue Jan  6 12:15:09 2026: Socket received request to stop server.
Tue Jan  6 12:15:09 2026: Dispatch Server: do_await_stop
Tue Jan  6 12:15:09 2026: Dispatch Server: stopping mainFifo_
Tue Jan  6 12:15:09 2026: XCD main fifo: Stopping
Tue Jan  6 12:15:09 2026: XCD main fifo: do_read error code: Operation canceled
Tue Jan  6 12:15:09 2026: XCD main fifo: bytes_transferred: 0
Tue Jan  6 12:15:09 2026: SERVER: destructor for server bound to port 44719
Tue Jan  6 12:15:09 2026: XCD main fifo: Good unlink of /tmp/xcdmain0f084f13-dbaf-4939-9206-b42b5c319b30
Tue Jan  6 12:15:09 2026: Server exiting with status 0.
Tue Jan  6 12:15:09 2026: Closing log file.
Tue Jan  6 12:16:06 2026: Running xcd server. This server was built by gradle.
Tue Jan  6 12:16:06 2026: Server was asked to start on port: '42827'
Tue Jan  6 12:16:06 2026: Server is using token UUID: '82191686-34cd-496d-b941-9a2fdb3a86ad'
Tue Jan  6 12:16:06 2026: SESSION_MGR: creating session with session uuid: '6d04a3e9-ade5-4ab9-8d63-1f78fcd2ec76' and name 'default'
Tue Jan  6 12:16:06 2026: Attempting to start server on port '42827'
Tue Jan  6 12:16:06 2026: XCD main fifo: created main fifo '/tmp/xcdmain82191686-34cd-496d-b941-9a2fdb3a86ad', fd read = 12
Tue Jan  6 12:16:06 2026: Running Dispatch Server
Tue Jan  6 12:16:06 2026: Version 2.2.0
Tue Jan  6 12:16:07 2026: Dispatch Server: Accepted socket connection from client
Tue Jan  6 12:16:07 2026: Starting Socket connection
Tue Jan  6 12:16:07 2026: EXCHANGE_TOKEN received, server token: 82191686-34cd-496d-b941-9a2fdb3a86ad, passed token: 82191686-34cd-496d-b941-9a2fdb3a86ad
Tue Jan  6 12:16:07 2026: DISPATCH_HANDLER: Adding handler from function makeHandler in library libxv_system_diagram failed with exception: Could not dynamically load libxv_system_diagram.so
Tue Jan  6 12:16:07 2026: SESSION_MGR: creating session with session uuid: '94513f23-f60b-4aff-968a-babab6854b82' and name 'v++_compile_transformer_top'
Tue Jan  6 12:16:07 2026: KERNEL_SVC: creating session with uuid: '94513f23-f60b-4aff-968a-babab6854b82' and name 'v++_compile_transformer_top'
Tue Jan  6 12:16:07 2026: GUIDANCE_SMGR: creating guidance session with uuid: '94513f23-f60b-4aff-968a-babab6854b82' and name 'v++_compile_transformer_top'
Tue Jan  6 12:16:11 2026: Dispatch Server: Accepted socket connection from client
Tue Jan  6 12:16:11 2026: Starting Socket connection
Tue Jan  6 12:16:53 2026: SESSION_MGR: closing session for UUID '94513f23-f60b-4aff-968a-babab6854b82' with name 'v++_compile_transformer_top'
Tue Jan  6 12:16:53 2026: KERNEL_SVC: closing session for UUID '94513f23-f60b-4aff-968a-babab6854b82' with name 'v++_compile_transformer_top'
Tue Jan  6 12:16:53 2026: GUIDANCE_SMGR: closing session for UUID '94513f23-f60b-4aff-968a-babab6854b82' with name 'v++_compile_transformer_top'
Tue Jan  6 12:16:53 2026: STOP_SERVER received, server token: 82191686-34cd-496d-b941-9a2fdb3a86ad, passed token: 82191686-34cd-496d-b941-9a2fdb3a86ad
Tue Jan  6 12:16:53 2026: Socket received request to stop server.
Tue Jan  6 12:16:53 2026: Dispatch Server: do_await_stop
Tue Jan  6 12:16:53 2026: Dispatch Server: stopping mainFifo_
Tue Jan  6 12:16:53 2026: XCD main fifo: Stopping
Tue Jan  6 12:16:53 2026: XCD main fifo: do_read error code: Operation canceled
Tue Jan  6 12:16:53 2026: XCD main fifo: bytes_transferred: 0
Tue Jan  6 12:16:53 2026: SERVER: destructor for server bound to port 42827
Tue Jan  6 12:16:53 2026: XCD main fifo: Good unlink of /tmp/xcdmain82191686-34cd-496d-b941-9a2fdb3a86ad
Tue Jan  6 12:16:53 2026: Server exiting with status 0.
Tue Jan  6 12:16:53 2026: Closing log file.
Tue Jan  6 12:36:24 2026: Running xcd server. This server was built by gradle.
Tue Jan  6 12:36:24 2026: Server was asked to start on port: '40845'
Tue Jan  6 12:36:24 2026: Server is using token UUID: 'b3e6a859-5319-486c-b873-81c1c25471e3'
Tue Jan  6 12:36:24 2026: SESSION_MGR: creating session with session uuid: '6d04a3e9-ade5-4ab9-8d63-1f78fcd2ec76' and name 'default'
Tue Jan  6 12:36:24 2026: Attempting to start server on port '40845'
Tue Jan  6 12:36:24 2026: XCD main fifo: created main fifo '/tmp/xcdmainb3e6a859-5319-486c-b873-81c1c25471e3', fd read = 12
Tue Jan  6 12:36:24 2026: Running Dispatch Server
Tue Jan  6 12:36:24 2026: Version 2.2.0
Tue Jan  6 12:36:26 2026: Dispatch Server: Accepted socket connection from client
Tue Jan  6 12:36:26 2026: Starting Socket connection
Tue Jan  6 12:36:26 2026: EXCHANGE_TOKEN received, server token: b3e6a859-5319-486c-b873-81c1c25471e3, passed token: b3e6a859-5319-486c-b873-81c1c25471e3
Tue Jan  6 12:36:26 2026: DISPATCH_HANDLER: Adding handler from function makeHandler in library libxv_system_diagram failed with exception: Could not dynamically load libxv_system_diagram.so
Tue Jan  6 12:36:26 2026: SESSION_MGR: creating session with session uuid: '1cb19738-80da-4934-a92b-fb5f5b343374' and name 'vitis-run_compile_transformer_top'
Tue Jan  6 12:36:26 2026: KERNEL_SVC: creating session with uuid: '1cb19738-80da-4934-a92b-fb5f5b343374' and name 'vitis-run_compile_transformer_top'
Tue Jan  6 12:36:26 2026: GUIDANCE_SMGR: creating guidance session with uuid: '1cb19738-80da-4934-a92b-fb5f5b343374' and name 'vitis-run_compile_transformer_top'
Tue Jan  6 12:36:30 2026: Dispatch Server: Accepted socket connection from client
Tue Jan  6 12:36:30 2026: Starting Socket connection
Tue Jan  6 12:36:40 2026: SESSION_MGR: closing session for UUID '1cb19738-80da-4934-a92b-fb5f5b343374' with name 'vitis-run_compile_transformer_top'
Tue Jan  6 12:36:40 2026: KERNEL_SVC: closing session for UUID '1cb19738-80da-4934-a92b-fb5f5b343374' with name 'vitis-run_compile_transformer_top'
Tue Jan  6 12:36:40 2026: GUIDANCE_SMGR: closing session for UUID '1cb19738-80da-4934-a92b-fb5f5b343374' with name 'vitis-run_compile_transformer_top'
Tue Jan  6 12:36:40 2026: STOP_SERVER received, server token: b3e6a859-5319-486c-b873-81c1c25471e3, passed token: b3e6a859-5319-486c-b873-81c1c25471e3
Tue Jan  6 12:36:40 2026: Socket received request to stop server.
Tue Jan  6 12:36:40 2026: Dispatch Server: do_await_stop
Tue Jan  6 12:36:40 2026: Dispatch Server: stopping mainFifo_
Tue Jan  6 12:36:40 2026: XCD main fifo: Stopping
Tue Jan  6 12:36:40 2026: XCD main fifo: do_read error code: Operation canceled
Tue Jan  6 12:36:40 2026: XCD main fifo: bytes_transferred: 0
Tue Jan  6 12:36:40 2026: SERVER: destructor for server bound to port 40845
Tue Jan  6 12:36:40 2026: XCD main fifo: Good unlink of /tmp/xcdmainb3e6a859-5319-486c-b873-81c1c25471e3
Tue Jan  6 12:36:40 2026: Server exiting with status 0.
Tue Jan  6 12:36:40 2026: Closing log file.
Tue Jan  6 12:43:54 2026: Running xcd server. This server was built by gradle.
Tue Jan  6 12:43:54 2026: Server was asked to start on port: '42133'
Tue Jan  6 12:43:54 2026: Server is using token UUID: '3405e1da-d5f8-4ba3-8609-b57d47ec8742'
Tue Jan  6 12:43:54 2026: SESSION_MGR: creating session with session uuid: '6d04a3e9-ade5-4ab9-8d63-1f78fcd2ec76' and name 'default'
Tue Jan  6 12:43:54 2026: Attempting to start server on port '42133'
Tue Jan  6 12:43:54 2026: XCD main fifo: created main fifo '/tmp/xcdmain3405e1da-d5f8-4ba3-8609-b57d47ec8742', fd read = 12
Tue Jan  6 12:43:54 2026: Running Dispatch Server
Tue Jan  6 12:43:54 2026: Version 2.2.0
Tue Jan  6 12:43:55 2026: Dispatch Server: Accepted socket connection from client
Tue Jan  6 12:43:55 2026: Starting Socket connection
Tue Jan  6 12:43:55 2026: EXCHANGE_TOKEN received, server token: 3405e1da-d5f8-4ba3-8609-b57d47ec8742, passed token: 3405e1da-d5f8-4ba3-8609-b57d47ec8742
Tue Jan  6 12:43:55 2026: DISPATCH_HANDLER: Adding handler from function makeHandler in library libxv_system_diagram failed with exception: Could not dynamically load libxv_system_diagram.so
Tue Jan  6 12:43:55 2026: SESSION_MGR: creating session with session uuid: 'e50d8570-3185-4f8a-b064-92db6d6bddd8' and name 'vitis-run_compile_transformer_top'
Tue Jan  6 12:43:55 2026: KERNEL_SVC: creating session with uuid: 'e50d8570-3185-4f8a-b064-92db6d6bddd8' and name 'vitis-run_compile_transformer_top'
Tue Jan  6 12:43:55 2026: GUIDANCE_SMGR: creating guidance session with uuid: 'e50d8570-3185-4f8a-b064-92db6d6bddd8' and name 'vitis-run_compile_transformer_top'
Tue Jan  6 12:43:59 2026: Dispatch Server: Accepted socket connection from client
Tue Jan  6 12:43:59 2026: Starting Socket connection
Tue Jan  6 12:44:01 2026: SESSION_MGR: closing session for UUID 'e50d8570-3185-4f8a-b064-92db6d6bddd8' with name 'vitis-run_compile_transformer_top'
Tue Jan  6 12:44:01 2026: KERNEL_SVC: closing session for UUID 'e50d8570-3185-4f8a-b064-92db6d6bddd8' with name 'vitis-run_compile_transformer_top'
Tue Jan  6 12:44:01 2026: GUIDANCE_SMGR: closing session for UUID 'e50d8570-3185-4f8a-b064-92db6d6bddd8' with name 'vitis-run_compile_transformer_top'
Tue Jan  6 12:44:01 2026: STOP_SERVER received, server token: 3405e1da-d5f8-4ba3-8609-b57d47ec8742, passed token: 3405e1da-d5f8-4ba3-8609-b57d47ec8742
Tue Jan  6 12:44:01 2026: Socket received request to stop server.
Tue Jan  6 12:44:01 2026: Dispatch Server: do_await_stop
Tue Jan  6 12:44:01 2026: Dispatch Server: stopping mainFifo_
Tue Jan  6 12:44:01 2026: XCD main fifo: Stopping
Tue Jan  6 12:44:01 2026: XCD main fifo: do_read error code: Operation canceled
Tue Jan  6 12:44:01 2026: XCD main fifo: bytes_transferred: 0
Tue Jan  6 12:44:01 2026: SERVER: destructor for server bound to port 42133
Tue Jan  6 12:44:01 2026: XCD main fifo: Good unlink of /tmp/xcdmain3405e1da-d5f8-4ba3-8609-b57d47ec8742
Tue Jan  6 12:44:01 2026: Server exiting with status 0.
Tue Jan  6 12:44:01 2026: Closing log file.
Tue Jan  6 12:44:12 2026: Running xcd server. This server was built by gradle.
Tue Jan  6 12:44:12 2026: Server was asked to start on port: '34579'
Tue Jan  6 12:44:12 2026: Server is using token UUID: 'e0bb04ff-d4a1-410a-80e5-539a14d28a10'
Tue Jan  6 12:44:12 2026: SESSION_MGR: creating session with session uuid: '6d04a3e9-ade5-4ab9-8d63-1f78fcd2ec76' and name 'default'
Tue Jan  6 12:44:12 2026: Attempting to start server on port '34579'
Tue Jan  6 12:44:12 2026: XCD main fifo: created main fifo '/tmp/xcdmaine0bb04ff-d4a1-410a-80e5-539a14d28a10', fd read = 12
Tue Jan  6 12:44:12 2026: Running Dispatch Server
Tue Jan  6 12:44:12 2026: Version 2.2.0
Tue Jan  6 12:44:13 2026: Dispatch Server: Accepted socket connection from client
Tue Jan  6 12:44:13 2026: Starting Socket connection
Tue Jan  6 12:44:13 2026: EXCHANGE_TOKEN received, server token: e0bb04ff-d4a1-410a-80e5-539a14d28a10, passed token: e0bb04ff-d4a1-410a-80e5-539a14d28a10
Tue Jan  6 12:44:13 2026: DISPATCH_HANDLER: Adding handler from function makeHandler in library libxv_system_diagram failed with exception: Could not dynamically load libxv_system_diagram.so
Tue Jan  6 12:44:13 2026: SESSION_MGR: creating session with session uuid: '38eca00f-8ad1-414e-b46c-aabce3e01e2e' and name 'v++_compile_transformer_top'
Tue Jan  6 12:44:13 2026: KERNEL_SVC: creating session with uuid: '38eca00f-8ad1-414e-b46c-aabce3e01e2e' and name 'v++_compile_transformer_top'
Tue Jan  6 12:44:13 2026: GUIDANCE_SMGR: creating guidance session with uuid: '38eca00f-8ad1-414e-b46c-aabce3e01e2e' and name 'v++_compile_transformer_top'
Tue Jan  6 12:44:17 2026: Dispatch Server: Accepted socket connection from client
Tue Jan  6 12:44:17 2026: Starting Socket connection
Tue Jan  6 12:44:57 2026: SESSION_MGR: closing session for UUID '38eca00f-8ad1-414e-b46c-aabce3e01e2e' with name 'v++_compile_transformer_top'
Tue Jan  6 12:44:57 2026: KERNEL_SVC: closing session for UUID '38eca00f-8ad1-414e-b46c-aabce3e01e2e' with name 'v++_compile_transformer_top'
Tue Jan  6 12:44:57 2026: GUIDANCE_SMGR: closing session for UUID '38eca00f-8ad1-414e-b46c-aabce3e01e2e' with name 'v++_compile_transformer_top'
Tue Jan  6 12:44:57 2026: STOP_SERVER received, server token: e0bb04ff-d4a1-410a-80e5-539a14d28a10, passed token: e0bb04ff-d4a1-410a-80e5-539a14d28a10
Tue Jan  6 12:44:57 2026: Socket received request to stop server.
Tue Jan  6 12:44:57 2026: Dispatch Server: do_await_stop
Tue Jan  6 12:44:57 2026: Dispatch Server: stopping mainFifo_
Tue Jan  6 12:44:57 2026: XCD main fifo: Stopping
Tue Jan  6 12:44:57 2026: XCD main fifo: do_read error code: Operation canceled
Tue Jan  6 12:44:57 2026: XCD main fifo: bytes_transferred: 0
Tue Jan  6 12:44:57 2026: SERVER: destructor for server bound to port 34579
Tue Jan  6 12:44:57 2026: XCD main fifo: Good unlink of /tmp/xcdmaine0bb04ff-d4a1-410a-80e5-539a14d28a10
Tue Jan  6 12:44:57 2026: Server exiting with status 0.
Tue Jan  6 12:44:57 2026: Closing log file.
