

================================================================
== Vitis HLS Report for 'compute_controller_Pipeline_VITIS_LOOP_42_22'
================================================================
* Date:           Wed Jan 28 19:35:29 2026

* Version:        2025.1 (Build 6135595 on May 21 2025)
* Project:        compute_controller
* Solution:       hls (Vivado IP Flow Target)
* Product family: zynquplus
* Target device:  xck26-sfvc784-2LV-c


================================================================
== Performance Estimates
================================================================
+ Timing: 
    * Summary: 
    +--------+----------+----------+------------+
    |  Clock |  Target  | Estimated| Uncertainty|
    +--------+----------+----------+------------+
    |ap_clk  |  10.00 ns|  3.702 ns|     2.70 ns|
    +--------+----------+----------+------------+

+ Latency: 
    * Summary: 
    +---------+---------+-----------+-----------+-----+-----+------------------------------------------------+
    |  Latency (cycles) |   Latency (absolute)  |  Interval |                    Pipeline                    |
    |   min   |   max   |    min    |    max    | min | max |                      Type                      |
    +---------+---------+-----------+-----------+-----+-----+------------------------------------------------+
    |        9|        9|  90.000 ns|  90.000 ns|    2|    2|  loop auto-rewind stp (delay=0 clock cycles(s))|
    +---------+---------+-----------+-----------+-----+-----+------------------------------------------------+

    + Detail: 
        * Instance: 
        N/A

        * Loop: 
        +-------------------+---------+---------+----------+-----------+-----------+------+----------+
        |                   |  Latency (cycles) | Iteration|  Initiation Interval  | Trip |          |
        |     Loop Name     |   min   |   max   |  Latency |  achieved |   target  | Count| Pipelined|
        +-------------------+---------+---------+----------+-----------+-----------+------+----------+
        |- VITIS_LOOP_42_2  |        7|        7|         7|          1|          1|     1|       yes|
        +-------------------+---------+---------+----------+-----------+-----------+------+----------+

============================================================
+ Verbose Summary: Synthesis Manager
============================================================
InlineROM: 1
ExposeGlobal: 0
============================================================
+ Verbose Summary: CDFG Model
============================================================
IsTopModel: 0
ResetActiveHigh: 1
IsCombinational: 0
IsDatapathOnly: 0
HasWiredReturn: 1
HasMFsm: 2
HasVarLatency: 1
IsPipeline: 0
IsRtlPipelined: 0
IsInstanceOverlapped: 0
IsDontTouch: 0
HasImplIP: 0
IsGatedGlobalClock: 0

+ Individual pipeline summary: 
  * Pipeline-0: initiation interval (II) = 1, depth = 7


============================================================
+ Verbose Summary: Schedule
============================================================
* Number of FSM states : 7
* Pipeline : 1
  Pipeline-0 : II = 1, D = 7, States = { 1 2 3 4 5 6 7 }
* Dataflow Pipeline: 0

* FSM state transitions: 
1 --> 2 
2 --> 3 
3 --> 4 
4 --> 5 
5 --> 6 
6 --> 7 
7 --> 

* FSM state operations: 

State 1 <SV = 0> <Delay = 1.64>
ST_1 : Operation 10 [1/1] (0.00ns)   --->   "%acc = alloca i32 1" [/home/luka/Scripting/ELEC_498-Capstone-LiteLM/HLS-Verilog/Transformer_logic/src-hls/compute_controller.cpp:41->/home/luka/Scripting/ELEC_498-Capstone-LiteLM/HLS-Verilog/Transformer_logic/src-hls/compute_controller.cpp:716]   --->   Operation 10 'alloca' 'acc' <Predicate = true> <Delay = 0.00>
ST_1 : Operation 11 [1/1] (0.00ns)   --->   "%i = alloca i32 1" [/home/luka/Scripting/ELEC_498-Capstone-LiteLM/HLS-Verilog/Transformer_logic/src-hls/compute_controller.cpp:42->/home/luka/Scripting/ELEC_498-Capstone-LiteLM/HLS-Verilog/Transformer_logic/src-hls/compute_controller.cpp:716]   --->   Operation 11 'alloca' 'i' <Predicate = true> <Delay = 0.00>
ST_1 : Operation 12 [1/1] (0.00ns)   --->   "%acc_6_read = read i32 @_ssdm_op_Read.ap_auto.i32, i32 %acc_6"   --->   Operation 12 'read' 'acc_6_read' <Predicate = true> <Delay = 0.00>
ST_1 : Operation 13 [1/1] (0.42ns)   --->   "%store_ln42 = store i5 0, i5 %i" [/home/luka/Scripting/ELEC_498-Capstone-LiteLM/HLS-Verilog/Transformer_logic/src-hls/compute_controller.cpp:42->/home/luka/Scripting/ELEC_498-Capstone-LiteLM/HLS-Verilog/Transformer_logic/src-hls/compute_controller.cpp:716]   --->   Operation 13 'store' 'store_ln42' <Predicate = true> <Delay = 0.42>
ST_1 : Operation 14 [1/1] (0.42ns)   --->   "%store_ln41 = store i32 %acc_6_read, i32 %acc" [/home/luka/Scripting/ELEC_498-Capstone-LiteLM/HLS-Verilog/Transformer_logic/src-hls/compute_controller.cpp:41->/home/luka/Scripting/ELEC_498-Capstone-LiteLM/HLS-Verilog/Transformer_logic/src-hls/compute_controller.cpp:716]   --->   Operation 14 'store' 'store_ln41' <Predicate = true> <Delay = 0.42>
ST_1 : Operation 15 [1/1] (0.00ns)   --->   "%br_ln0 = br void %for.body15.i.2.0.split"   --->   Operation 15 'br' 'br_ln0' <Predicate = true> <Delay = 0.00>
ST_1 : Operation 16 [1/1] (0.00ns)   --->   "%i_15 = load i5 %i" [/home/luka/Scripting/ELEC_498-Capstone-LiteLM/HLS-Verilog/Transformer_logic/src-hls/compute_controller.cpp:42->/home/luka/Scripting/ELEC_498-Capstone-LiteLM/HLS-Verilog/Transformer_logic/src-hls/compute_controller.cpp:716]   --->   Operation 16 'load' 'i_15' <Predicate = true> <Delay = 0.00>
ST_1 : Operation 17 [1/1] (0.00ns)   --->   "%tmp = bitselect i1 @_ssdm_op_BitSelect.i1.i5.i32, i5 %i_15, i32 4" [/home/luka/Scripting/ELEC_498-Capstone-LiteLM/HLS-Verilog/Transformer_logic/src-hls/compute_controller.cpp:41->/home/luka/Scripting/ELEC_498-Capstone-LiteLM/HLS-Verilog/Transformer_logic/src-hls/compute_controller.cpp:716]   --->   Operation 17 'bitselect' 'tmp' <Predicate = true> <Delay = 0.00>
ST_1 : Operation 18 [1/1] (0.00ns)   --->   "%zext_ln41 = zext i1 %tmp" [/home/luka/Scripting/ELEC_498-Capstone-LiteLM/HLS-Verilog/Transformer_logic/src-hls/compute_controller.cpp:41->/home/luka/Scripting/ELEC_498-Capstone-LiteLM/HLS-Verilog/Transformer_logic/src-hls/compute_controller.cpp:716]   --->   Operation 18 'zext' 'zext_ln41' <Predicate = true> <Delay = 0.00>
ST_1 : Operation 19 [1/1] (0.39ns)   --->   "%select_ln44 = select i1 %tmp, i64 4, i64 3" [/home/luka/Scripting/ELEC_498-Capstone-LiteLM/HLS-Verilog/Transformer_logic/src-hls/compute_controller.cpp:44->/home/luka/Scripting/ELEC_498-Capstone-LiteLM/HLS-Verilog/Transformer_logic/src-hls/compute_controller.cpp:716]   --->   Operation 19 'select' 'select_ln44' <Predicate = true> <Delay = 0.39> <CoreInst = "Sel">   --->   Core 73 'Sel' <Latency = 0> <II = 1> <Delay = 0.39> <FuncUnit> <Opcode : 'select'> <InPorts = 3> <OutPorts = 1>
ST_1 : Operation 20 [1/1] (0.00ns)   --->   "%tmp_s = partselect i2 @_ssdm_op_PartSelect.i2.i5.i32.i32, i5 %i_15, i32 3, i32 4" [/home/luka/Scripting/ELEC_498-Capstone-LiteLM/HLS-Verilog/Transformer_logic/src-hls/compute_controller.cpp:42->/home/luka/Scripting/ELEC_498-Capstone-LiteLM/HLS-Verilog/Transformer_logic/src-hls/compute_controller.cpp:716]   --->   Operation 20 'partselect' 'tmp_s' <Predicate = true> <Delay = 0.00>
ST_1 : Operation 21 [1/1] (0.00ns)   --->   "%trunc_ln42 = trunc i5 %i_15" [/home/luka/Scripting/ELEC_498-Capstone-LiteLM/HLS-Verilog/Transformer_logic/src-hls/compute_controller.cpp:42->/home/luka/Scripting/ELEC_498-Capstone-LiteLM/HLS-Verilog/Transformer_logic/src-hls/compute_controller.cpp:716]   --->   Operation 21 'trunc' 'trunc_ln42' <Predicate = true> <Delay = 0.00>
ST_1 : Operation 22 [1/1] (0.00ns)   --->   "%or_ln42_2 = bitconcatenate i5 @_ssdm_op_BitConcatenate.i5.i2.i2.i1, i2 %tmp_s, i2 3, i1 %trunc_ln42" [/home/luka/Scripting/ELEC_498-Capstone-LiteLM/HLS-Verilog/Transformer_logic/src-hls/compute_controller.cpp:42->/home/luka/Scripting/ELEC_498-Capstone-LiteLM/HLS-Verilog/Transformer_logic/src-hls/compute_controller.cpp:716]   --->   Operation 22 'bitconcatenate' 'or_ln42_2' <Predicate = true> <Delay = 0.00>
ST_1 : Operation 23 [1/1] (0.78ns)   --->   "%icmp_ln42 = icmp_eq  i5 %or_ln42_2, i5 22" [/home/luka/Scripting/ELEC_498-Capstone-LiteLM/HLS-Verilog/Transformer_logic/src-hls/compute_controller.cpp:42->/home/luka/Scripting/ELEC_498-Capstone-LiteLM/HLS-Verilog/Transformer_logic/src-hls/compute_controller.cpp:716]   --->   Operation 23 'icmp' 'icmp_ln42' <Predicate = true> <Delay = 0.78> <CoreInst = "Cmp">   --->   Core 9 'Cmp' <Latency = 0> <II = 1> <Delay = 0.78> <FuncUnit> <Opcode : 'seteq' 'setne' 'setle' 'setge' 'setlt' 'setgt'> <InPorts = 2> <OutPorts = 1>
ST_1 : Operation 24 [1/1] (0.00ns)   --->   "%br_ln42 = br i1 %icmp_ln42, void %for.body15.i.2.6, void %for.cond.cleanup14.i.2.exitStub" [/home/luka/Scripting/ELEC_498-Capstone-LiteLM/HLS-Verilog/Transformer_logic/src-hls/compute_controller.cpp:42->/home/luka/Scripting/ELEC_498-Capstone-LiteLM/HLS-Verilog/Transformer_logic/src-hls/compute_controller.cpp:716]   --->   Operation 24 'br' 'br_ln42' <Predicate = true> <Delay = 0.00>
ST_1 : Operation 25 [1/1] (0.00ns)   --->   "%compute_controller_bool_bool_unsigned_int_bool_bool_bool_bool_bool_u_370 = getelementptr i4 %compute_controller_bool_bool_unsigned_int_bool_bool_bool_bool_bool_u_84, i64 0, i64 %select_ln44" [/home/luka/Scripting/ELEC_498-Capstone-LiteLM/HLS-Verilog/Transformer_logic/src-hls/compute_controller.cpp:44->/home/luka/Scripting/ELEC_498-Capstone-LiteLM/HLS-Verilog/Transformer_logic/src-hls/compute_controller.cpp:716]   --->   Operation 25 'getelementptr' 'compute_controller_bool_bool_unsigned_int_bool_bool_bool_bool_bool_u_370' <Predicate = (!icmp_ln42)> <Delay = 0.00>
ST_1 : Operation 26 [2/2] (0.67ns)   --->   "%w_39 = load i3 %compute_controller_bool_bool_unsigned_int_bool_bool_bool_bool_bool_u_370" [/home/luka/Scripting/ELEC_498-Capstone-LiteLM/HLS-Verilog/Transformer_logic/src-hls/compute_controller.cpp:44->/home/luka/Scripting/ELEC_498-Capstone-LiteLM/HLS-Verilog/Transformer_logic/src-hls/compute_controller.cpp:716]   --->   Operation 26 'load' 'w_39' <Predicate = (!icmp_ln42)> <Delay = 0.67> <CoreInst = "RAM">   --->   Core 82 'RAM' <Latency = 1> <II = 1> <Delay = 0.67> <Storage> <Opcode : 'load' 'store'> <Ports = 2> <Width = 4> <Depth = 7> <RAM>
ST_1 : Operation 27 [1/1] (0.00ns)   --->   "%compute_controller_bool_bool_unsigned_int_bool_bool_bool_bool_bool_u_371 = getelementptr i16 %compute_controller_bool_bool_unsigned_int_bool_bool_bool_bool_bool_u_50, i64 0, i64 %zext_ln41" [/home/luka/Scripting/ELEC_498-Capstone-LiteLM/HLS-Verilog/Transformer_logic/src-hls/compute_controller.cpp:45->/home/luka/Scripting/ELEC_498-Capstone-LiteLM/HLS-Verilog/Transformer_logic/src-hls/compute_controller.cpp:716]   --->   Operation 27 'getelementptr' 'compute_controller_bool_bool_unsigned_int_bool_bool_bool_bool_bool_u_371' <Predicate = (!icmp_ln42)> <Delay = 0.00>
ST_1 : Operation 28 [2/2] (0.67ns)   --->   "%compute_controller_bool_bool_unsigned_int_bool_bool_bool_bool_bool_u_372 = load i1 %compute_controller_bool_bool_unsigned_int_bool_bool_bool_bool_bool_u_371" [/home/luka/Scripting/ELEC_498-Capstone-LiteLM/HLS-Verilog/Transformer_logic/src-hls/compute_controller.cpp:45->/home/luka/Scripting/ELEC_498-Capstone-LiteLM/HLS-Verilog/Transformer_logic/src-hls/compute_controller.cpp:716]   --->   Operation 28 'load' 'compute_controller_bool_bool_unsigned_int_bool_bool_bool_bool_bool_u_372' <Predicate = (!icmp_ln42)> <Delay = 0.67> <CoreInst = "RAM">   --->   Core 82 'RAM' <Latency = 1> <II = 1> <Delay = 0.67> <Storage> <Opcode : 'load' 'store'> <Ports = 2> <Width = 16> <Depth = 2> <RAM>
ST_1 : Operation 29 [1/1] (0.00ns)   --->   "%bit_sel3 = bitselect i1 @_ssdm_op_BitSelect.i1.i5.i5, i5 %i_15, i5 4" [/home/luka/Scripting/ELEC_498-Capstone-LiteLM/HLS-Verilog/Transformer_logic/src-hls/compute_controller.cpp:42->/home/luka/Scripting/ELEC_498-Capstone-LiteLM/HLS-Verilog/Transformer_logic/src-hls/compute_controller.cpp:716]   --->   Operation 29 'bitselect' 'bit_sel3' <Predicate = (!icmp_ln42)> <Delay = 0.00>
ST_1 : Operation 30 [1/1] (0.28ns)   --->   "%xor_ln42 = xor i1 %bit_sel3, i1 1" [/home/luka/Scripting/ELEC_498-Capstone-LiteLM/HLS-Verilog/Transformer_logic/src-hls/compute_controller.cpp:42->/home/luka/Scripting/ELEC_498-Capstone-LiteLM/HLS-Verilog/Transformer_logic/src-hls/compute_controller.cpp:716]   --->   Operation 30 'xor' 'xor_ln42' <Predicate = (!icmp_ln42)> <Delay = 0.28> <CoreInst = "LogicGate">   --->   Core 74 'LogicGate' <Latency = 0> <II = 1> <Delay = 0.28> <FuncUnit> <Opcode : 'and' 'or' 'xor'> <InPorts = 2> <OutPorts = 1>
ST_1 : Operation 31 [1/1] (0.00ns)   --->   "%trunc_ln42_3 = trunc i5 %i_15" [/home/luka/Scripting/ELEC_498-Capstone-LiteLM/HLS-Verilog/Transformer_logic/src-hls/compute_controller.cpp:42->/home/luka/Scripting/ELEC_498-Capstone-LiteLM/HLS-Verilog/Transformer_logic/src-hls/compute_controller.cpp:716]   --->   Operation 31 'trunc' 'trunc_ln42_3' <Predicate = (!icmp_ln42)> <Delay = 0.00>
ST_1 : Operation 32 [1/1] (0.00ns)   --->   "%xor_ln42_2 = bitconcatenate i5 @_ssdm_op_BitConcatenate.i5.i1.i4, i1 %xor_ln42, i4 %trunc_ln42_3" [/home/luka/Scripting/ELEC_498-Capstone-LiteLM/HLS-Verilog/Transformer_logic/src-hls/compute_controller.cpp:42->/home/luka/Scripting/ELEC_498-Capstone-LiteLM/HLS-Verilog/Transformer_logic/src-hls/compute_controller.cpp:716]   --->   Operation 32 'bitconcatenate' 'xor_ln42_2' <Predicate = (!icmp_ln42)> <Delay = 0.00>
ST_1 : Operation 33 [1/1] (0.42ns)   --->   "%store_ln42 = store i5 %xor_ln42_2, i5 %i" [/home/luka/Scripting/ELEC_498-Capstone-LiteLM/HLS-Verilog/Transformer_logic/src-hls/compute_controller.cpp:42->/home/luka/Scripting/ELEC_498-Capstone-LiteLM/HLS-Verilog/Transformer_logic/src-hls/compute_controller.cpp:716]   --->   Operation 33 'store' 'store_ln42' <Predicate = (!icmp_ln42)> <Delay = 0.42>

State 2 <SV = 1> <Delay = 1.67>
ST_2 : Operation 34 [1/1] (0.00ns)   --->   "%zext_ln44_1_cast = bitconcatenate i2 @_ssdm_op_BitConcatenate.i2.i1.i1, i1 1, i1 %tmp" [/home/luka/Scripting/ELEC_498-Capstone-LiteLM/HLS-Verilog/Transformer_logic/src-hls/compute_controller.cpp:44->/home/luka/Scripting/ELEC_498-Capstone-LiteLM/HLS-Verilog/Transformer_logic/src-hls/compute_controller.cpp:716]   --->   Operation 34 'bitconcatenate' 'zext_ln44_1_cast' <Predicate = true> <Delay = 0.00>
ST_2 : Operation 35 [1/1] (0.00ns)   --->   "%zext_ln44 = zext i2 %zext_ln44_1_cast" [/home/luka/Scripting/ELEC_498-Capstone-LiteLM/HLS-Verilog/Transformer_logic/src-hls/compute_controller.cpp:44->/home/luka/Scripting/ELEC_498-Capstone-LiteLM/HLS-Verilog/Transformer_logic/src-hls/compute_controller.cpp:716]   --->   Operation 35 'zext' 'zext_ln44' <Predicate = true> <Delay = 0.00>
ST_2 : Operation 36 [1/1] (0.00ns)   --->   "%p_ZZ18compute_controllerbbjRbS_bS_S_RjPKhPhR12ComputeStateS0_RhS6_S6_S6_S_S_S_S_E_163 = getelementptr i4 %p_ZZ18compute_controllerbbjRbS_bS_S_RjPKhPhR12ComputeStateS0_RhS6_S6_S6_S_S_S_S_E_26, i64 0, i64 %zext_ln44" [/home/luka/Scripting/ELEC_498-Capstone-LiteLM/HLS-Verilog/Transformer_logic/src-hls/compute_controller.cpp:44->/home/luka/Scripting/ELEC_498-Capstone-LiteLM/HLS-Verilog/Transformer_logic/src-hls/compute_controller.cpp:716]   --->   Operation 36 'getelementptr' 'p_ZZ18compute_controllerbbjRbS_bS_S_RjPKhPhR12ComputeStateS0_RhS6_S6_S6_S_S_S_S_E_163' <Predicate = true> <Delay = 0.00>
ST_2 : Operation 37 [2/2] (0.67ns)   --->   "%w_31 = load i3 %p_ZZ18compute_controllerbbjRbS_bS_S_RjPKhPhR12ComputeStateS0_RhS6_S6_S6_S_S_S_S_E_163" [/home/luka/Scripting/ELEC_498-Capstone-LiteLM/HLS-Verilog/Transformer_logic/src-hls/compute_controller.cpp:44->/home/luka/Scripting/ELEC_498-Capstone-LiteLM/HLS-Verilog/Transformer_logic/src-hls/compute_controller.cpp:716]   --->   Operation 37 'load' 'w_31' <Predicate = true> <Delay = 0.67> <CoreInst = "RAM">   --->   Core 82 'RAM' <Latency = 1> <II = 1> <Delay = 0.67> <Storage> <Opcode : 'load' 'store'> <Ports = 2> <Width = 4> <Depth = 7> <RAM>
ST_2 : Operation 38 [1/1] (0.00ns)   --->   "%compute_controller_bool_bool_unsigned_int_bool_bool_bool_bool_bool_u_349 = getelementptr i16 %compute_controller_bool_bool_unsigned_int_bool_bool_bool_bool_bool_u_58, i64 0, i64 %zext_ln41" [/home/luka/Scripting/ELEC_498-Capstone-LiteLM/HLS-Verilog/Transformer_logic/src-hls/compute_controller.cpp:45->/home/luka/Scripting/ELEC_498-Capstone-LiteLM/HLS-Verilog/Transformer_logic/src-hls/compute_controller.cpp:716]   --->   Operation 38 'getelementptr' 'compute_controller_bool_bool_unsigned_int_bool_bool_bool_bool_bool_u_349' <Predicate = true> <Delay = 0.00>
ST_2 : Operation 39 [2/2] (0.67ns)   --->   "%compute_controller_bool_bool_unsigned_int_bool_bool_bool_bool_bool_u_350 = load i1 %compute_controller_bool_bool_unsigned_int_bool_bool_bool_bool_bool_u_349" [/home/luka/Scripting/ELEC_498-Capstone-LiteLM/HLS-Verilog/Transformer_logic/src-hls/compute_controller.cpp:45->/home/luka/Scripting/ELEC_498-Capstone-LiteLM/HLS-Verilog/Transformer_logic/src-hls/compute_controller.cpp:716]   --->   Operation 39 'load' 'compute_controller_bool_bool_unsigned_int_bool_bool_bool_bool_bool_u_350' <Predicate = true> <Delay = 0.67> <CoreInst = "RAM">   --->   Core 82 'RAM' <Latency = 1> <II = 1> <Delay = 0.67> <Storage> <Opcode : 'load' 'store'> <Ports = 2> <Width = 16> <Depth = 2> <RAM>
ST_2 : Operation 40 [1/1] (0.00ns)   --->   "%p_ZZ18compute_controllerbbjRbS_bS_S_RjPKhPhR12ComputeStateS0_RhS6_S6_S6_S_S_S_S_E_164 = getelementptr i4 %p_ZZ18compute_controllerbbjRbS_bS_S_RjPKhPhR12ComputeStateS0_RhS6_S6_S6_S_S_S_S_E_25, i64 0, i64 %zext_ln44" [/home/luka/Scripting/ELEC_498-Capstone-LiteLM/HLS-Verilog/Transformer_logic/src-hls/compute_controller.cpp:44->/home/luka/Scripting/ELEC_498-Capstone-LiteLM/HLS-Verilog/Transformer_logic/src-hls/compute_controller.cpp:716]   --->   Operation 40 'getelementptr' 'p_ZZ18compute_controllerbbjRbS_bS_S_RjPKhPhR12ComputeStateS0_RhS6_S6_S6_S_S_S_S_E_164' <Predicate = true> <Delay = 0.00>
ST_2 : Operation 41 [2/2] (0.67ns)   --->   "%w_32 = load i3 %p_ZZ18compute_controllerbbjRbS_bS_S_RjPKhPhR12ComputeStateS0_RhS6_S6_S6_S_S_S_S_E_164" [/home/luka/Scripting/ELEC_498-Capstone-LiteLM/HLS-Verilog/Transformer_logic/src-hls/compute_controller.cpp:44->/home/luka/Scripting/ELEC_498-Capstone-LiteLM/HLS-Verilog/Transformer_logic/src-hls/compute_controller.cpp:716]   --->   Operation 41 'load' 'w_32' <Predicate = true> <Delay = 0.67> <CoreInst = "RAM">   --->   Core 82 'RAM' <Latency = 1> <II = 1> <Delay = 0.67> <Storage> <Opcode : 'load' 'store'> <Ports = 2> <Width = 4> <Depth = 7> <RAM>
ST_2 : Operation 42 [1/1] (0.00ns)   --->   "%compute_controller_bool_bool_unsigned_int_bool_bool_bool_bool_bool_u_351 = getelementptr i16 %compute_controller_bool_bool_unsigned_int_bool_bool_bool_bool_bool_u_57, i64 0, i64 %zext_ln41" [/home/luka/Scripting/ELEC_498-Capstone-LiteLM/HLS-Verilog/Transformer_logic/src-hls/compute_controller.cpp:45->/home/luka/Scripting/ELEC_498-Capstone-LiteLM/HLS-Verilog/Transformer_logic/src-hls/compute_controller.cpp:716]   --->   Operation 42 'getelementptr' 'compute_controller_bool_bool_unsigned_int_bool_bool_bool_bool_bool_u_351' <Predicate = true> <Delay = 0.00>
ST_2 : Operation 43 [2/2] (0.67ns)   --->   "%compute_controller_bool_bool_unsigned_int_bool_bool_bool_bool_bool_u_352 = load i1 %compute_controller_bool_bool_unsigned_int_bool_bool_bool_bool_bool_u_351" [/home/luka/Scripting/ELEC_498-Capstone-LiteLM/HLS-Verilog/Transformer_logic/src-hls/compute_controller.cpp:45->/home/luka/Scripting/ELEC_498-Capstone-LiteLM/HLS-Verilog/Transformer_logic/src-hls/compute_controller.cpp:716]   --->   Operation 43 'load' 'compute_controller_bool_bool_unsigned_int_bool_bool_bool_bool_bool_u_352' <Predicate = true> <Delay = 0.67> <CoreInst = "RAM">   --->   Core 82 'RAM' <Latency = 1> <II = 1> <Delay = 0.67> <Storage> <Opcode : 'load' 'store'> <Ports = 2> <Width = 16> <Depth = 2> <RAM>
ST_2 : Operation 44 [1/1] (0.00ns)   --->   "%compute_controller_bool_bool_unsigned_int_bool_bool_bool_bool_bool_u_364 = getelementptr i4 %compute_controller_bool_bool_unsigned_int_bool_bool_bool_bool_bool_u_86, i64 0, i64 %select_ln44" [/home/luka/Scripting/ELEC_498-Capstone-LiteLM/HLS-Verilog/Transformer_logic/src-hls/compute_controller.cpp:44->/home/luka/Scripting/ELEC_498-Capstone-LiteLM/HLS-Verilog/Transformer_logic/src-hls/compute_controller.cpp:716]   --->   Operation 44 'getelementptr' 'compute_controller_bool_bool_unsigned_int_bool_bool_bool_bool_bool_u_364' <Predicate = (!icmp_ln42)> <Delay = 0.00>
ST_2 : Operation 45 [2/2] (0.67ns)   --->   "%w_37 = load i3 %compute_controller_bool_bool_unsigned_int_bool_bool_bool_bool_bool_u_364" [/home/luka/Scripting/ELEC_498-Capstone-LiteLM/HLS-Verilog/Transformer_logic/src-hls/compute_controller.cpp:44->/home/luka/Scripting/ELEC_498-Capstone-LiteLM/HLS-Verilog/Transformer_logic/src-hls/compute_controller.cpp:716]   --->   Operation 45 'load' 'w_37' <Predicate = (!icmp_ln42)> <Delay = 0.67> <CoreInst = "RAM">   --->   Core 82 'RAM' <Latency = 1> <II = 1> <Delay = 0.67> <Storage> <Opcode : 'load' 'store'> <Ports = 2> <Width = 4> <Depth = 7> <RAM>
ST_2 : Operation 46 [1/1] (0.00ns)   --->   "%compute_controller_bool_bool_unsigned_int_bool_bool_bool_bool_bool_u_365 = getelementptr i16 %compute_controller_bool_bool_unsigned_int_bool_bool_bool_bool_bool_u_52, i64 0, i64 %zext_ln41" [/home/luka/Scripting/ELEC_498-Capstone-LiteLM/HLS-Verilog/Transformer_logic/src-hls/compute_controller.cpp:45->/home/luka/Scripting/ELEC_498-Capstone-LiteLM/HLS-Verilog/Transformer_logic/src-hls/compute_controller.cpp:716]   --->   Operation 46 'getelementptr' 'compute_controller_bool_bool_unsigned_int_bool_bool_bool_bool_bool_u_365' <Predicate = (!icmp_ln42)> <Delay = 0.00>
ST_2 : Operation 47 [2/2] (0.67ns)   --->   "%compute_controller_bool_bool_unsigned_int_bool_bool_bool_bool_bool_u_366 = load i1 %compute_controller_bool_bool_unsigned_int_bool_bool_bool_bool_bool_u_365" [/home/luka/Scripting/ELEC_498-Capstone-LiteLM/HLS-Verilog/Transformer_logic/src-hls/compute_controller.cpp:45->/home/luka/Scripting/ELEC_498-Capstone-LiteLM/HLS-Verilog/Transformer_logic/src-hls/compute_controller.cpp:716]   --->   Operation 47 'load' 'compute_controller_bool_bool_unsigned_int_bool_bool_bool_bool_bool_u_366' <Predicate = (!icmp_ln42)> <Delay = 0.67> <CoreInst = "RAM">   --->   Core 82 'RAM' <Latency = 1> <II = 1> <Delay = 0.67> <Storage> <Opcode : 'load' 'store'> <Ports = 2> <Width = 16> <Depth = 2> <RAM>
ST_2 : Operation 48 [1/2] ( I:0.67ns O:0.67ns )   --->   "%w_39 = load i3 %compute_controller_bool_bool_unsigned_int_bool_bool_bool_bool_bool_u_370" [/home/luka/Scripting/ELEC_498-Capstone-LiteLM/HLS-Verilog/Transformer_logic/src-hls/compute_controller.cpp:44->/home/luka/Scripting/ELEC_498-Capstone-LiteLM/HLS-Verilog/Transformer_logic/src-hls/compute_controller.cpp:716]   --->   Operation 48 'load' 'w_39' <Predicate = (!icmp_ln42)> <Delay = 0.67> <CoreInst = "RAM">   --->   Core 82 'RAM' <Latency = 1> <II = 1> <Delay = 0.67> <Storage> <Opcode : 'load' 'store'> <Ports = 2> <Width = 4> <Depth = 7> <RAM>
ST_2 : Operation 49 [1/2] ( I:0.67ns O:0.67ns )   --->   "%compute_controller_bool_bool_unsigned_int_bool_bool_bool_bool_bool_u_372 = load i1 %compute_controller_bool_bool_unsigned_int_bool_bool_bool_bool_bool_u_371" [/home/luka/Scripting/ELEC_498-Capstone-LiteLM/HLS-Verilog/Transformer_logic/src-hls/compute_controller.cpp:45->/home/luka/Scripting/ELEC_498-Capstone-LiteLM/HLS-Verilog/Transformer_logic/src-hls/compute_controller.cpp:716]   --->   Operation 49 'load' 'compute_controller_bool_bool_unsigned_int_bool_bool_bool_bool_bool_u_372' <Predicate = (!icmp_ln42)> <Delay = 0.67> <CoreInst = "RAM">   --->   Core 82 'RAM' <Latency = 1> <II = 1> <Delay = 0.67> <Storage> <Opcode : 'load' 'store'> <Ports = 2> <Width = 16> <Depth = 2> <RAM>
ST_2 : Operation 50 [1/1] (0.00ns)   --->   "%sext_ln45_96 = sext i16 %compute_controller_bool_bool_unsigned_int_bool_bool_bool_bool_bool_u_372" [/home/luka/Scripting/ELEC_498-Capstone-LiteLM/HLS-Verilog/Transformer_logic/src-hls/compute_controller.cpp:45->/home/luka/Scripting/ELEC_498-Capstone-LiteLM/HLS-Verilog/Transformer_logic/src-hls/compute_controller.cpp:716]   --->   Operation 50 'sext' 'sext_ln45_96' <Predicate = (!icmp_ln42)> <Delay = 0.00>
ST_2 : Operation 51 [1/1] (0.00ns)   --->   "%sext_ln44_35 = sext i4 %w_39" [/home/luka/Scripting/ELEC_498-Capstone-LiteLM/HLS-Verilog/Transformer_logic/src-hls/compute_controller.cpp:44->/home/luka/Scripting/ELEC_498-Capstone-LiteLM/HLS-Verilog/Transformer_logic/src-hls/compute_controller.cpp:716]   --->   Operation 51 'sext' 'sext_ln44_35' <Predicate = (!icmp_ln42)> <Delay = 0.00>
ST_2 : Operation 52 [1/1] (0.00ns)   --->   "%compute_controller_bool_bool_unsigned_int_bool_bool_bool_bool_bool_u_375 = getelementptr i4 %compute_controller_bool_bool_unsigned_int_bool_bool_bool_bool_bool_u_81, i64 0, i64 %select_ln44" [/home/luka/Scripting/ELEC_498-Capstone-LiteLM/HLS-Verilog/Transformer_logic/src-hls/compute_controller.cpp:44->/home/luka/Scripting/ELEC_498-Capstone-LiteLM/HLS-Verilog/Transformer_logic/src-hls/compute_controller.cpp:716]   --->   Operation 52 'getelementptr' 'compute_controller_bool_bool_unsigned_int_bool_bool_bool_bool_bool_u_375' <Predicate = (!icmp_ln42)> <Delay = 0.00>
ST_2 : Operation 53 [2/2] (0.67ns)   --->   "%w_42 = load i3 %compute_controller_bool_bool_unsigned_int_bool_bool_bool_bool_bool_u_375" [/home/luka/Scripting/ELEC_498-Capstone-LiteLM/HLS-Verilog/Transformer_logic/src-hls/compute_controller.cpp:44->/home/luka/Scripting/ELEC_498-Capstone-LiteLM/HLS-Verilog/Transformer_logic/src-hls/compute_controller.cpp:716]   --->   Operation 53 'load' 'w_42' <Predicate = (!icmp_ln42)> <Delay = 0.67> <CoreInst = "RAM">   --->   Core 82 'RAM' <Latency = 1> <II = 1> <Delay = 0.67> <Storage> <Opcode : 'load' 'store'> <Ports = 2> <Width = 4> <Depth = 7> <RAM>
ST_2 : Operation 54 [1/1] (0.00ns)   --->   "%p_ZZ18compute_controllerbbjRbS_bS_S_RjPKhPhR12ComputeStateS0_RhS6_S6_S6_S_S_S_S_E_170 = getelementptr i16 %p_ZZ18compute_controllerbbjRbS_bS_S_RjPKhPhR12ComputeStateS0_RhS6_S6_S6_S_S_S_S_E_21, i64 0, i64 %zext_ln41" [/home/luka/Scripting/ELEC_498-Capstone-LiteLM/HLS-Verilog/Transformer_logic/src-hls/compute_controller.cpp:45->/home/luka/Scripting/ELEC_498-Capstone-LiteLM/HLS-Verilog/Transformer_logic/src-hls/compute_controller.cpp:716]   --->   Operation 54 'getelementptr' 'p_ZZ18compute_controllerbbjRbS_bS_S_RjPKhPhR12ComputeStateS0_RhS6_S6_S6_S_S_S_S_E_170' <Predicate = (!icmp_ln42)> <Delay = 0.00>
ST_2 : Operation 55 [2/2] (0.67ns)   --->   "%p_ZZ18compute_controllerbbjRbS_bS_S_RjPKhPhR12ComputeStateS0_RhS6_S6_S6_S_S_S_S_E_171 = load i1 %p_ZZ18compute_controllerbbjRbS_bS_S_RjPKhPhR12ComputeStateS0_RhS6_S6_S6_S_S_S_S_E_170" [/home/luka/Scripting/ELEC_498-Capstone-LiteLM/HLS-Verilog/Transformer_logic/src-hls/compute_controller.cpp:45->/home/luka/Scripting/ELEC_498-Capstone-LiteLM/HLS-Verilog/Transformer_logic/src-hls/compute_controller.cpp:716]   --->   Operation 55 'load' 'p_ZZ18compute_controllerbbjRbS_bS_S_RjPKhPhR12ComputeStateS0_RhS6_S6_S6_S_S_S_S_E_171' <Predicate = (!icmp_ln42)> <Delay = 0.67> <CoreInst = "RAM">   --->   Core 82 'RAM' <Latency = 1> <II = 1> <Delay = 0.67> <Storage> <Opcode : 'load' 'store'> <Ports = 2> <Width = 16> <Depth = 2> <RAM>
ST_2 : Operation 56 [1/1] (0.00ns)   --->   "%p_ZZ18compute_controllerbbjRbS_bS_S_RjPKhPhR12ComputeStateS0_RhS6_S6_S6_S_S_S_S_E_177 = getelementptr i4 %p_ZZ18compute_controllerbbjRbS_bS_S_RjPKhPhR12ComputeStateS0_RhS6_S6_S6_S_S_S_S_E_28, i64 0, i64 %select_ln44" [/home/luka/Scripting/ELEC_498-Capstone-LiteLM/HLS-Verilog/Transformer_logic/src-hls/compute_controller.cpp:44->/home/luka/Scripting/ELEC_498-Capstone-LiteLM/HLS-Verilog/Transformer_logic/src-hls/compute_controller.cpp:716]   --->   Operation 56 'getelementptr' 'p_ZZ18compute_controllerbbjRbS_bS_S_RjPKhPhR12ComputeStateS0_RhS6_S6_S6_S_S_S_S_E_177' <Predicate = (!icmp_ln42)> <Delay = 0.00>
ST_2 : Operation 57 [2/2] (0.67ns)   --->   "%w_45 = load i3 %p_ZZ18compute_controllerbbjRbS_bS_S_RjPKhPhR12ComputeStateS0_RhS6_S6_S6_S_S_S_S_E_177" [/home/luka/Scripting/ELEC_498-Capstone-LiteLM/HLS-Verilog/Transformer_logic/src-hls/compute_controller.cpp:44->/home/luka/Scripting/ELEC_498-Capstone-LiteLM/HLS-Verilog/Transformer_logic/src-hls/compute_controller.cpp:716]   --->   Operation 57 'load' 'w_45' <Predicate = (!icmp_ln42)> <Delay = 0.67> <CoreInst = "RAM">   --->   Core 82 'RAM' <Latency = 1> <II = 1> <Delay = 0.67> <Storage> <Opcode : 'load' 'store'> <Ports = 2> <Width = 4> <Depth = 7> <RAM>
ST_2 : Operation 58 [1/1] (0.00ns)   --->   "%p_ZZ18compute_controllerbbjRbS_bS_S_RjPKhPhR12ComputeStateS0_RhS6_S6_S6_S_S_S_S_E_178 = getelementptr i16 %p_ZZ18compute_controllerbbjRbS_bS_S_RjPKhPhR12ComputeStateS0_RhS6_S6_S6_S_S_S_S_E_18, i64 0, i64 %zext_ln41" [/home/luka/Scripting/ELEC_498-Capstone-LiteLM/HLS-Verilog/Transformer_logic/src-hls/compute_controller.cpp:45->/home/luka/Scripting/ELEC_498-Capstone-LiteLM/HLS-Verilog/Transformer_logic/src-hls/compute_controller.cpp:716]   --->   Operation 58 'getelementptr' 'p_ZZ18compute_controllerbbjRbS_bS_S_RjPKhPhR12ComputeStateS0_RhS6_S6_S6_S_S_S_S_E_178' <Predicate = (!icmp_ln42)> <Delay = 0.00>
ST_2 : Operation 59 [2/2] (0.67ns)   --->   "%p_ZZ18compute_controllerbbjRbS_bS_S_RjPKhPhR12ComputeStateS0_RhS6_S6_S6_S_S_S_S_E_179 = load i1 %p_ZZ18compute_controllerbbjRbS_bS_S_RjPKhPhR12ComputeStateS0_RhS6_S6_S6_S_S_S_S_E_178" [/home/luka/Scripting/ELEC_498-Capstone-LiteLM/HLS-Verilog/Transformer_logic/src-hls/compute_controller.cpp:45->/home/luka/Scripting/ELEC_498-Capstone-LiteLM/HLS-Verilog/Transformer_logic/src-hls/compute_controller.cpp:716]   --->   Operation 59 'load' 'p_ZZ18compute_controllerbbjRbS_bS_S_RjPKhPhR12ComputeStateS0_RhS6_S6_S6_S_S_S_S_E_179' <Predicate = (!icmp_ln42)> <Delay = 0.67> <CoreInst = "RAM">   --->   Core 82 'RAM' <Latency = 1> <II = 1> <Delay = 0.67> <Storage> <Opcode : 'load' 'store'> <Ports = 2> <Width = 16> <Depth = 2> <RAM>
ST_2 : Operation 60 [3/3] (0.99ns) (grouped into DSP with root node add_ln45_36)   --->   "%mul_ln45_37 = mul i20 %sext_ln45_96, i20 %sext_ln44_35" [/home/luka/Scripting/ELEC_498-Capstone-LiteLM/HLS-Verilog/Transformer_logic/src-hls/compute_controller.cpp:45->/home/luka/Scripting/ELEC_498-Capstone-LiteLM/HLS-Verilog/Transformer_logic/src-hls/compute_controller.cpp:716]   --->   Operation 60 'mul' 'mul_ln45_37' <Predicate = (!icmp_ln42)> <Delay = 0.99> <CoreInst = "DSP48">   --->   Core 124 'DSP48' <Latency = 3> <II = 1> <Delay = 0.53> <IPBlock> <Opcode : 'add' 'sub' 'mul' 'select'> <InPorts = 0> <OutPorts = 1> <Sync> <CReg>

State 3 <SV = 2> <Delay = 1.67>
ST_3 : Operation 61 [1/2] ( I:0.67ns O:0.67ns )   --->   "%w_31 = load i3 %p_ZZ18compute_controllerbbjRbS_bS_S_RjPKhPhR12ComputeStateS0_RhS6_S6_S6_S_S_S_S_E_163" [/home/luka/Scripting/ELEC_498-Capstone-LiteLM/HLS-Verilog/Transformer_logic/src-hls/compute_controller.cpp:44->/home/luka/Scripting/ELEC_498-Capstone-LiteLM/HLS-Verilog/Transformer_logic/src-hls/compute_controller.cpp:716]   --->   Operation 61 'load' 'w_31' <Predicate = true> <Delay = 0.67> <CoreInst = "RAM">   --->   Core 82 'RAM' <Latency = 1> <II = 1> <Delay = 0.67> <Storage> <Opcode : 'load' 'store'> <Ports = 2> <Width = 4> <Depth = 7> <RAM>
ST_3 : Operation 62 [1/2] ( I:0.67ns O:0.67ns )   --->   "%compute_controller_bool_bool_unsigned_int_bool_bool_bool_bool_bool_u_350 = load i1 %compute_controller_bool_bool_unsigned_int_bool_bool_bool_bool_bool_u_349" [/home/luka/Scripting/ELEC_498-Capstone-LiteLM/HLS-Verilog/Transformer_logic/src-hls/compute_controller.cpp:45->/home/luka/Scripting/ELEC_498-Capstone-LiteLM/HLS-Verilog/Transformer_logic/src-hls/compute_controller.cpp:716]   --->   Operation 62 'load' 'compute_controller_bool_bool_unsigned_int_bool_bool_bool_bool_bool_u_350' <Predicate = true> <Delay = 0.67> <CoreInst = "RAM">   --->   Core 82 'RAM' <Latency = 1> <II = 1> <Delay = 0.67> <Storage> <Opcode : 'load' 'store'> <Ports = 2> <Width = 16> <Depth = 2> <RAM>
ST_3 : Operation 63 [1/1] (0.00ns)   --->   "%sext_ln45_79 = sext i16 %compute_controller_bool_bool_unsigned_int_bool_bool_bool_bool_bool_u_350" [/home/luka/Scripting/ELEC_498-Capstone-LiteLM/HLS-Verilog/Transformer_logic/src-hls/compute_controller.cpp:45->/home/luka/Scripting/ELEC_498-Capstone-LiteLM/HLS-Verilog/Transformer_logic/src-hls/compute_controller.cpp:716]   --->   Operation 63 'sext' 'sext_ln45_79' <Predicate = true> <Delay = 0.00>
ST_3 : Operation 64 [1/1] (0.00ns)   --->   "%sext_ln44_28 = sext i4 %w_31" [/home/luka/Scripting/ELEC_498-Capstone-LiteLM/HLS-Verilog/Transformer_logic/src-hls/compute_controller.cpp:44->/home/luka/Scripting/ELEC_498-Capstone-LiteLM/HLS-Verilog/Transformer_logic/src-hls/compute_controller.cpp:716]   --->   Operation 64 'sext' 'sext_ln44_28' <Predicate = true> <Delay = 0.00>
ST_3 : Operation 65 [1/2] ( I:0.67ns O:0.67ns )   --->   "%w_32 = load i3 %p_ZZ18compute_controllerbbjRbS_bS_S_RjPKhPhR12ComputeStateS0_RhS6_S6_S6_S_S_S_S_E_164" [/home/luka/Scripting/ELEC_498-Capstone-LiteLM/HLS-Verilog/Transformer_logic/src-hls/compute_controller.cpp:44->/home/luka/Scripting/ELEC_498-Capstone-LiteLM/HLS-Verilog/Transformer_logic/src-hls/compute_controller.cpp:716]   --->   Operation 65 'load' 'w_32' <Predicate = true> <Delay = 0.67> <CoreInst = "RAM">   --->   Core 82 'RAM' <Latency = 1> <II = 1> <Delay = 0.67> <Storage> <Opcode : 'load' 'store'> <Ports = 2> <Width = 4> <Depth = 7> <RAM>
ST_3 : Operation 66 [1/2] ( I:0.67ns O:0.67ns )   --->   "%compute_controller_bool_bool_unsigned_int_bool_bool_bool_bool_bool_u_352 = load i1 %compute_controller_bool_bool_unsigned_int_bool_bool_bool_bool_bool_u_351" [/home/luka/Scripting/ELEC_498-Capstone-LiteLM/HLS-Verilog/Transformer_logic/src-hls/compute_controller.cpp:45->/home/luka/Scripting/ELEC_498-Capstone-LiteLM/HLS-Verilog/Transformer_logic/src-hls/compute_controller.cpp:716]   --->   Operation 66 'load' 'compute_controller_bool_bool_unsigned_int_bool_bool_bool_bool_bool_u_352' <Predicate = true> <Delay = 0.67> <CoreInst = "RAM">   --->   Core 82 'RAM' <Latency = 1> <II = 1> <Delay = 0.67> <Storage> <Opcode : 'load' 'store'> <Ports = 2> <Width = 16> <Depth = 2> <RAM>
ST_3 : Operation 67 [1/1] (0.00ns)   --->   "%sext_ln45_80 = sext i16 %compute_controller_bool_bool_unsigned_int_bool_bool_bool_bool_bool_u_352" [/home/luka/Scripting/ELEC_498-Capstone-LiteLM/HLS-Verilog/Transformer_logic/src-hls/compute_controller.cpp:45->/home/luka/Scripting/ELEC_498-Capstone-LiteLM/HLS-Verilog/Transformer_logic/src-hls/compute_controller.cpp:716]   --->   Operation 67 'sext' 'sext_ln45_80' <Predicate = true> <Delay = 0.00>
ST_3 : Operation 68 [1/1] (0.00ns)   --->   "%sext_ln44_29 = sext i4 %w_32" [/home/luka/Scripting/ELEC_498-Capstone-LiteLM/HLS-Verilog/Transformer_logic/src-hls/compute_controller.cpp:44->/home/luka/Scripting/ELEC_498-Capstone-LiteLM/HLS-Verilog/Transformer_logic/src-hls/compute_controller.cpp:716]   --->   Operation 68 'sext' 'sext_ln44_29' <Predicate = true> <Delay = 0.00>
ST_3 : Operation 69 [1/1] (0.00ns)   --->   "%p_ZZ18compute_controllerbbjRbS_bS_S_RjPKhPhR12ComputeStateS0_RhS6_S6_S6_S_S_S_S_E_165 = getelementptr i4 %p_ZZ18compute_controllerbbjRbS_bS_S_RjPKhPhR12ComputeStateS0_RhS6_S6_S6_S_S_S_S_E_24, i64 0, i64 %zext_ln44" [/home/luka/Scripting/ELEC_498-Capstone-LiteLM/HLS-Verilog/Transformer_logic/src-hls/compute_controller.cpp:44->/home/luka/Scripting/ELEC_498-Capstone-LiteLM/HLS-Verilog/Transformer_logic/src-hls/compute_controller.cpp:716]   --->   Operation 69 'getelementptr' 'p_ZZ18compute_controllerbbjRbS_bS_S_RjPKhPhR12ComputeStateS0_RhS6_S6_S6_S_S_S_S_E_165' <Predicate = true> <Delay = 0.00>
ST_3 : Operation 70 [2/2] (0.67ns)   --->   "%w_33 = load i3 %p_ZZ18compute_controllerbbjRbS_bS_S_RjPKhPhR12ComputeStateS0_RhS6_S6_S6_S_S_S_S_E_165" [/home/luka/Scripting/ELEC_498-Capstone-LiteLM/HLS-Verilog/Transformer_logic/src-hls/compute_controller.cpp:44->/home/luka/Scripting/ELEC_498-Capstone-LiteLM/HLS-Verilog/Transformer_logic/src-hls/compute_controller.cpp:716]   --->   Operation 70 'load' 'w_33' <Predicate = true> <Delay = 0.67> <CoreInst = "RAM">   --->   Core 82 'RAM' <Latency = 1> <II = 1> <Delay = 0.67> <Storage> <Opcode : 'load' 'store'> <Ports = 2> <Width = 4> <Depth = 7> <RAM>
ST_3 : Operation 71 [1/1] (0.00ns)   --->   "%compute_controller_bool_bool_unsigned_int_bool_bool_bool_bool_bool_u_353 = getelementptr i16 %compute_controller_bool_bool_unsigned_int_bool_bool_bool_bool_bool_u_56, i64 0, i64 %zext_ln41" [/home/luka/Scripting/ELEC_498-Capstone-LiteLM/HLS-Verilog/Transformer_logic/src-hls/compute_controller.cpp:45->/home/luka/Scripting/ELEC_498-Capstone-LiteLM/HLS-Verilog/Transformer_logic/src-hls/compute_controller.cpp:716]   --->   Operation 71 'getelementptr' 'compute_controller_bool_bool_unsigned_int_bool_bool_bool_bool_bool_u_353' <Predicate = true> <Delay = 0.00>
ST_3 : Operation 72 [2/2] (0.67ns)   --->   "%compute_controller_bool_bool_unsigned_int_bool_bool_bool_bool_bool_u_354 = load i1 %compute_controller_bool_bool_unsigned_int_bool_bool_bool_bool_bool_u_353" [/home/luka/Scripting/ELEC_498-Capstone-LiteLM/HLS-Verilog/Transformer_logic/src-hls/compute_controller.cpp:45->/home/luka/Scripting/ELEC_498-Capstone-LiteLM/HLS-Verilog/Transformer_logic/src-hls/compute_controller.cpp:716]   --->   Operation 72 'load' 'compute_controller_bool_bool_unsigned_int_bool_bool_bool_bool_bool_u_354' <Predicate = true> <Delay = 0.67> <CoreInst = "RAM">   --->   Core 82 'RAM' <Latency = 1> <II = 1> <Delay = 0.67> <Storage> <Opcode : 'load' 'store'> <Ports = 2> <Width = 16> <Depth = 2> <RAM>
ST_3 : Operation 73 [1/1] (0.00ns)   --->   "%compute_controller_bool_bool_unsigned_int_bool_bool_bool_bool_bool_u_358 = getelementptr i4 %compute_controller_bool_bool_unsigned_int_bool_bool_bool_bool_bool_u_88, i64 0, i64 %select_ln44" [/home/luka/Scripting/ELEC_498-Capstone-LiteLM/HLS-Verilog/Transformer_logic/src-hls/compute_controller.cpp:44->/home/luka/Scripting/ELEC_498-Capstone-LiteLM/HLS-Verilog/Transformer_logic/src-hls/compute_controller.cpp:716]   --->   Operation 73 'getelementptr' 'compute_controller_bool_bool_unsigned_int_bool_bool_bool_bool_bool_u_358' <Predicate = true> <Delay = 0.00>
ST_3 : Operation 74 [2/2] (0.67ns)   --->   "%w_35 = load i3 %compute_controller_bool_bool_unsigned_int_bool_bool_bool_bool_bool_u_358" [/home/luka/Scripting/ELEC_498-Capstone-LiteLM/HLS-Verilog/Transformer_logic/src-hls/compute_controller.cpp:44->/home/luka/Scripting/ELEC_498-Capstone-LiteLM/HLS-Verilog/Transformer_logic/src-hls/compute_controller.cpp:716]   --->   Operation 74 'load' 'w_35' <Predicate = true> <Delay = 0.67> <CoreInst = "RAM">   --->   Core 82 'RAM' <Latency = 1> <II = 1> <Delay = 0.67> <Storage> <Opcode : 'load' 'store'> <Ports = 2> <Width = 4> <Depth = 7> <RAM>
ST_3 : Operation 75 [1/1] (0.00ns)   --->   "%compute_controller_bool_bool_unsigned_int_bool_bool_bool_bool_bool_u_359 = getelementptr i16 %compute_controller_bool_bool_unsigned_int_bool_bool_bool_bool_bool_u_54, i64 0, i64 %zext_ln41" [/home/luka/Scripting/ELEC_498-Capstone-LiteLM/HLS-Verilog/Transformer_logic/src-hls/compute_controller.cpp:45->/home/luka/Scripting/ELEC_498-Capstone-LiteLM/HLS-Verilog/Transformer_logic/src-hls/compute_controller.cpp:716]   --->   Operation 75 'getelementptr' 'compute_controller_bool_bool_unsigned_int_bool_bool_bool_bool_bool_u_359' <Predicate = true> <Delay = 0.00>
ST_3 : Operation 76 [2/2] (0.67ns)   --->   "%compute_controller_bool_bool_unsigned_int_bool_bool_bool_bool_bool_u_360 = load i1 %compute_controller_bool_bool_unsigned_int_bool_bool_bool_bool_bool_u_359" [/home/luka/Scripting/ELEC_498-Capstone-LiteLM/HLS-Verilog/Transformer_logic/src-hls/compute_controller.cpp:45->/home/luka/Scripting/ELEC_498-Capstone-LiteLM/HLS-Verilog/Transformer_logic/src-hls/compute_controller.cpp:716]   --->   Operation 76 'load' 'compute_controller_bool_bool_unsigned_int_bool_bool_bool_bool_bool_u_360' <Predicate = true> <Delay = 0.67> <CoreInst = "RAM">   --->   Core 82 'RAM' <Latency = 1> <II = 1> <Delay = 0.67> <Storage> <Opcode : 'load' 'store'> <Ports = 2> <Width = 16> <Depth = 2> <RAM>
ST_3 : Operation 77 [3/3] (0.99ns) (grouped into DSP with root node add_ln45)   --->   "%mul_ln45_32 = mul i20 %sext_ln45_80, i20 %sext_ln44_29" [/home/luka/Scripting/ELEC_498-Capstone-LiteLM/HLS-Verilog/Transformer_logic/src-hls/compute_controller.cpp:45->/home/luka/Scripting/ELEC_498-Capstone-LiteLM/HLS-Verilog/Transformer_logic/src-hls/compute_controller.cpp:716]   --->   Operation 77 'mul' 'mul_ln45_32' <Predicate = true> <Delay = 0.99> <CoreInst = "DSP48">   --->   Core 124 'DSP48' <Latency = 3> <II = 1> <Delay = 0.53> <IPBlock> <Opcode : 'add' 'sub' 'mul' 'select'> <InPorts = 0> <OutPorts = 1> <Sync> <CReg>
ST_3 : Operation 78 [3/3] (0.99ns) (grouped into DSP with root node add_ln45_32)   --->   "%mul_ln45_33 = mul i20 %sext_ln45_79, i20 %sext_ln44_28" [/home/luka/Scripting/ELEC_498-Capstone-LiteLM/HLS-Verilog/Transformer_logic/src-hls/compute_controller.cpp:45->/home/luka/Scripting/ELEC_498-Capstone-LiteLM/HLS-Verilog/Transformer_logic/src-hls/compute_controller.cpp:716]   --->   Operation 78 'mul' 'mul_ln45_33' <Predicate = true> <Delay = 0.99> <CoreInst = "DSP48">   --->   Core 124 'DSP48' <Latency = 3> <II = 1> <Delay = 0.53> <IPBlock> <Opcode : 'add' 'sub' 'mul' 'select'> <InPorts = 0> <OutPorts = 1> <Sync> <CReg>
ST_3 : Operation 79 [1/1] (0.00ns)   --->   "%compute_controller_bool_bool_unsigned_int_bool_bool_bool_bool_bool_u_361 = getelementptr i4 %compute_controller_bool_bool_unsigned_int_bool_bool_bool_bool_bool_u_87, i64 0, i64 %select_ln44" [/home/luka/Scripting/ELEC_498-Capstone-LiteLM/HLS-Verilog/Transformer_logic/src-hls/compute_controller.cpp:44->/home/luka/Scripting/ELEC_498-Capstone-LiteLM/HLS-Verilog/Transformer_logic/src-hls/compute_controller.cpp:716]   --->   Operation 79 'getelementptr' 'compute_controller_bool_bool_unsigned_int_bool_bool_bool_bool_bool_u_361' <Predicate = (!icmp_ln42)> <Delay = 0.00>
ST_3 : Operation 80 [2/2] (0.67ns)   --->   "%w_36 = load i3 %compute_controller_bool_bool_unsigned_int_bool_bool_bool_bool_bool_u_361" [/home/luka/Scripting/ELEC_498-Capstone-LiteLM/HLS-Verilog/Transformer_logic/src-hls/compute_controller.cpp:44->/home/luka/Scripting/ELEC_498-Capstone-LiteLM/HLS-Verilog/Transformer_logic/src-hls/compute_controller.cpp:716]   --->   Operation 80 'load' 'w_36' <Predicate = (!icmp_ln42)> <Delay = 0.67> <CoreInst = "RAM">   --->   Core 82 'RAM' <Latency = 1> <II = 1> <Delay = 0.67> <Storage> <Opcode : 'load' 'store'> <Ports = 2> <Width = 4> <Depth = 7> <RAM>
ST_3 : Operation 81 [1/1] (0.00ns)   --->   "%compute_controller_bool_bool_unsigned_int_bool_bool_bool_bool_bool_u_362 = getelementptr i16 %compute_controller_bool_bool_unsigned_int_bool_bool_bool_bool_bool_u_53, i64 0, i64 %zext_ln41" [/home/luka/Scripting/ELEC_498-Capstone-LiteLM/HLS-Verilog/Transformer_logic/src-hls/compute_controller.cpp:45->/home/luka/Scripting/ELEC_498-Capstone-LiteLM/HLS-Verilog/Transformer_logic/src-hls/compute_controller.cpp:716]   --->   Operation 81 'getelementptr' 'compute_controller_bool_bool_unsigned_int_bool_bool_bool_bool_bool_u_362' <Predicate = (!icmp_ln42)> <Delay = 0.00>
ST_3 : Operation 82 [2/2] (0.67ns)   --->   "%compute_controller_bool_bool_unsigned_int_bool_bool_bool_bool_bool_u_363 = load i1 %compute_controller_bool_bool_unsigned_int_bool_bool_bool_bool_bool_u_362" [/home/luka/Scripting/ELEC_498-Capstone-LiteLM/HLS-Verilog/Transformer_logic/src-hls/compute_controller.cpp:45->/home/luka/Scripting/ELEC_498-Capstone-LiteLM/HLS-Verilog/Transformer_logic/src-hls/compute_controller.cpp:716]   --->   Operation 82 'load' 'compute_controller_bool_bool_unsigned_int_bool_bool_bool_bool_bool_u_363' <Predicate = (!icmp_ln42)> <Delay = 0.67> <CoreInst = "RAM">   --->   Core 82 'RAM' <Latency = 1> <II = 1> <Delay = 0.67> <Storage> <Opcode : 'load' 'store'> <Ports = 2> <Width = 16> <Depth = 2> <RAM>
ST_3 : Operation 83 [1/2] ( I:0.67ns O:0.67ns )   --->   "%w_37 = load i3 %compute_controller_bool_bool_unsigned_int_bool_bool_bool_bool_bool_u_364" [/home/luka/Scripting/ELEC_498-Capstone-LiteLM/HLS-Verilog/Transformer_logic/src-hls/compute_controller.cpp:44->/home/luka/Scripting/ELEC_498-Capstone-LiteLM/HLS-Verilog/Transformer_logic/src-hls/compute_controller.cpp:716]   --->   Operation 83 'load' 'w_37' <Predicate = (!icmp_ln42)> <Delay = 0.67> <CoreInst = "RAM">   --->   Core 82 'RAM' <Latency = 1> <II = 1> <Delay = 0.67> <Storage> <Opcode : 'load' 'store'> <Ports = 2> <Width = 4> <Depth = 7> <RAM>
ST_3 : Operation 84 [1/2] ( I:0.67ns O:0.67ns )   --->   "%compute_controller_bool_bool_unsigned_int_bool_bool_bool_bool_bool_u_366 = load i1 %compute_controller_bool_bool_unsigned_int_bool_bool_bool_bool_bool_u_365" [/home/luka/Scripting/ELEC_498-Capstone-LiteLM/HLS-Verilog/Transformer_logic/src-hls/compute_controller.cpp:45->/home/luka/Scripting/ELEC_498-Capstone-LiteLM/HLS-Verilog/Transformer_logic/src-hls/compute_controller.cpp:716]   --->   Operation 84 'load' 'compute_controller_bool_bool_unsigned_int_bool_bool_bool_bool_bool_u_366' <Predicate = (!icmp_ln42)> <Delay = 0.67> <CoreInst = "RAM">   --->   Core 82 'RAM' <Latency = 1> <II = 1> <Delay = 0.67> <Storage> <Opcode : 'load' 'store'> <Ports = 2> <Width = 16> <Depth = 2> <RAM>
ST_3 : Operation 85 [1/1] (0.00ns)   --->   "%sext_ln45_94 = sext i16 %compute_controller_bool_bool_unsigned_int_bool_bool_bool_bool_bool_u_366" [/home/luka/Scripting/ELEC_498-Capstone-LiteLM/HLS-Verilog/Transformer_logic/src-hls/compute_controller.cpp:45->/home/luka/Scripting/ELEC_498-Capstone-LiteLM/HLS-Verilog/Transformer_logic/src-hls/compute_controller.cpp:716]   --->   Operation 85 'sext' 'sext_ln45_94' <Predicate = (!icmp_ln42)> <Delay = 0.00>
ST_3 : Operation 86 [1/1] (0.00ns)   --->   "%sext_ln44_33 = sext i4 %w_37" [/home/luka/Scripting/ELEC_498-Capstone-LiteLM/HLS-Verilog/Transformer_logic/src-hls/compute_controller.cpp:44->/home/luka/Scripting/ELEC_498-Capstone-LiteLM/HLS-Verilog/Transformer_logic/src-hls/compute_controller.cpp:716]   --->   Operation 86 'sext' 'sext_ln44_33' <Predicate = (!icmp_ln42)> <Delay = 0.00>
ST_3 : Operation 87 [1/1] (0.00ns)   --->   "%compute_controller_bool_bool_unsigned_int_bool_bool_bool_bool_bool_u_367 = getelementptr i4 %compute_controller_bool_bool_unsigned_int_bool_bool_bool_bool_bool_u_85, i64 0, i64 %select_ln44" [/home/luka/Scripting/ELEC_498-Capstone-LiteLM/HLS-Verilog/Transformer_logic/src-hls/compute_controller.cpp:44->/home/luka/Scripting/ELEC_498-Capstone-LiteLM/HLS-Verilog/Transformer_logic/src-hls/compute_controller.cpp:716]   --->   Operation 87 'getelementptr' 'compute_controller_bool_bool_unsigned_int_bool_bool_bool_bool_bool_u_367' <Predicate = (!icmp_ln42)> <Delay = 0.00>
ST_3 : Operation 88 [2/2] (0.67ns)   --->   "%w_38 = load i3 %compute_controller_bool_bool_unsigned_int_bool_bool_bool_bool_bool_u_367" [/home/luka/Scripting/ELEC_498-Capstone-LiteLM/HLS-Verilog/Transformer_logic/src-hls/compute_controller.cpp:44->/home/luka/Scripting/ELEC_498-Capstone-LiteLM/HLS-Verilog/Transformer_logic/src-hls/compute_controller.cpp:716]   --->   Operation 88 'load' 'w_38' <Predicate = (!icmp_ln42)> <Delay = 0.67> <CoreInst = "RAM">   --->   Core 82 'RAM' <Latency = 1> <II = 1> <Delay = 0.67> <Storage> <Opcode : 'load' 'store'> <Ports = 2> <Width = 4> <Depth = 7> <RAM>
ST_3 : Operation 89 [1/1] (0.00ns)   --->   "%compute_controller_bool_bool_unsigned_int_bool_bool_bool_bool_bool_u_368 = getelementptr i16 %compute_controller_bool_bool_unsigned_int_bool_bool_bool_bool_bool_u_51, i64 0, i64 %zext_ln41" [/home/luka/Scripting/ELEC_498-Capstone-LiteLM/HLS-Verilog/Transformer_logic/src-hls/compute_controller.cpp:45->/home/luka/Scripting/ELEC_498-Capstone-LiteLM/HLS-Verilog/Transformer_logic/src-hls/compute_controller.cpp:716]   --->   Operation 89 'getelementptr' 'compute_controller_bool_bool_unsigned_int_bool_bool_bool_bool_bool_u_368' <Predicate = (!icmp_ln42)> <Delay = 0.00>
ST_3 : Operation 90 [2/2] (0.67ns)   --->   "%compute_controller_bool_bool_unsigned_int_bool_bool_bool_bool_bool_u_369 = load i1 %compute_controller_bool_bool_unsigned_int_bool_bool_bool_bool_bool_u_368" [/home/luka/Scripting/ELEC_498-Capstone-LiteLM/HLS-Verilog/Transformer_logic/src-hls/compute_controller.cpp:45->/home/luka/Scripting/ELEC_498-Capstone-LiteLM/HLS-Verilog/Transformer_logic/src-hls/compute_controller.cpp:716]   --->   Operation 90 'load' 'compute_controller_bool_bool_unsigned_int_bool_bool_bool_bool_bool_u_369' <Predicate = (!icmp_ln42)> <Delay = 0.67> <CoreInst = "RAM">   --->   Core 82 'RAM' <Latency = 1> <II = 1> <Delay = 0.67> <Storage> <Opcode : 'load' 'store'> <Ports = 2> <Width = 16> <Depth = 2> <RAM>
ST_3 : Operation 91 [1/1] (0.00ns)   --->   "%compute_controller_bool_bool_unsigned_int_bool_bool_bool_bool_bool_u_373 = getelementptr i4 %compute_controller_bool_bool_unsigned_int_bool_bool_bool_bool_bool_u_83, i64 0, i64 %select_ln44" [/home/luka/Scripting/ELEC_498-Capstone-LiteLM/HLS-Verilog/Transformer_logic/src-hls/compute_controller.cpp:44->/home/luka/Scripting/ELEC_498-Capstone-LiteLM/HLS-Verilog/Transformer_logic/src-hls/compute_controller.cpp:716]   --->   Operation 91 'getelementptr' 'compute_controller_bool_bool_unsigned_int_bool_bool_bool_bool_bool_u_373' <Predicate = (!icmp_ln42)> <Delay = 0.00>
ST_3 : Operation 92 [2/2] (0.67ns)   --->   "%w_40 = load i3 %compute_controller_bool_bool_unsigned_int_bool_bool_bool_bool_bool_u_373" [/home/luka/Scripting/ELEC_498-Capstone-LiteLM/HLS-Verilog/Transformer_logic/src-hls/compute_controller.cpp:44->/home/luka/Scripting/ELEC_498-Capstone-LiteLM/HLS-Verilog/Transformer_logic/src-hls/compute_controller.cpp:716]   --->   Operation 92 'load' 'w_40' <Predicate = (!icmp_ln42)> <Delay = 0.67> <CoreInst = "RAM">   --->   Core 82 'RAM' <Latency = 1> <II = 1> <Delay = 0.67> <Storage> <Opcode : 'load' 'store'> <Ports = 2> <Width = 4> <Depth = 7> <RAM>
ST_3 : Operation 93 [1/1] (0.00ns)   --->   "%p_ZZ18compute_controllerbbjRbS_bS_S_RjPKhPhR12ComputeStateS0_RhS6_S6_S6_S_S_S_S_E_166 = getelementptr i16 %p_ZZ18compute_controllerbbjRbS_bS_S_RjPKhPhR12ComputeStateS0_RhS6_S6_S6_S_S_S_S_E_23, i64 0, i64 %zext_ln41" [/home/luka/Scripting/ELEC_498-Capstone-LiteLM/HLS-Verilog/Transformer_logic/src-hls/compute_controller.cpp:45->/home/luka/Scripting/ELEC_498-Capstone-LiteLM/HLS-Verilog/Transformer_logic/src-hls/compute_controller.cpp:716]   --->   Operation 93 'getelementptr' 'p_ZZ18compute_controllerbbjRbS_bS_S_RjPKhPhR12ComputeStateS0_RhS6_S6_S6_S_S_S_S_E_166' <Predicate = (!icmp_ln42)> <Delay = 0.00>
ST_3 : Operation 94 [2/2] (0.67ns)   --->   "%p_ZZ18compute_controllerbbjRbS_bS_S_RjPKhPhR12ComputeStateS0_RhS6_S6_S6_S_S_S_S_E_167 = load i1 %p_ZZ18compute_controllerbbjRbS_bS_S_RjPKhPhR12ComputeStateS0_RhS6_S6_S6_S_S_S_S_E_166" [/home/luka/Scripting/ELEC_498-Capstone-LiteLM/HLS-Verilog/Transformer_logic/src-hls/compute_controller.cpp:45->/home/luka/Scripting/ELEC_498-Capstone-LiteLM/HLS-Verilog/Transformer_logic/src-hls/compute_controller.cpp:716]   --->   Operation 94 'load' 'p_ZZ18compute_controllerbbjRbS_bS_S_RjPKhPhR12ComputeStateS0_RhS6_S6_S6_S_S_S_S_E_167' <Predicate = (!icmp_ln42)> <Delay = 0.67> <CoreInst = "RAM">   --->   Core 82 'RAM' <Latency = 1> <II = 1> <Delay = 0.67> <Storage> <Opcode : 'load' 'store'> <Ports = 2> <Width = 16> <Depth = 2> <RAM>
ST_3 : Operation 95 [1/2] ( I:0.67ns O:0.67ns )   --->   "%w_42 = load i3 %compute_controller_bool_bool_unsigned_int_bool_bool_bool_bool_bool_u_375" [/home/luka/Scripting/ELEC_498-Capstone-LiteLM/HLS-Verilog/Transformer_logic/src-hls/compute_controller.cpp:44->/home/luka/Scripting/ELEC_498-Capstone-LiteLM/HLS-Verilog/Transformer_logic/src-hls/compute_controller.cpp:716]   --->   Operation 95 'load' 'w_42' <Predicate = (!icmp_ln42)> <Delay = 0.67> <CoreInst = "RAM">   --->   Core 82 'RAM' <Latency = 1> <II = 1> <Delay = 0.67> <Storage> <Opcode : 'load' 'store'> <Ports = 2> <Width = 4> <Depth = 7> <RAM>
ST_3 : Operation 96 [1/2] ( I:0.67ns O:0.67ns )   --->   "%p_ZZ18compute_controllerbbjRbS_bS_S_RjPKhPhR12ComputeStateS0_RhS6_S6_S6_S_S_S_S_E_171 = load i1 %p_ZZ18compute_controllerbbjRbS_bS_S_RjPKhPhR12ComputeStateS0_RhS6_S6_S6_S_S_S_S_E_170" [/home/luka/Scripting/ELEC_498-Capstone-LiteLM/HLS-Verilog/Transformer_logic/src-hls/compute_controller.cpp:45->/home/luka/Scripting/ELEC_498-Capstone-LiteLM/HLS-Verilog/Transformer_logic/src-hls/compute_controller.cpp:716]   --->   Operation 96 'load' 'p_ZZ18compute_controllerbbjRbS_bS_S_RjPKhPhR12ComputeStateS0_RhS6_S6_S6_S_S_S_S_E_171' <Predicate = (!icmp_ln42)> <Delay = 0.67> <CoreInst = "RAM">   --->   Core 82 'RAM' <Latency = 1> <II = 1> <Delay = 0.67> <Storage> <Opcode : 'load' 'store'> <Ports = 2> <Width = 16> <Depth = 2> <RAM>
ST_3 : Operation 97 [1/1] (0.00ns)   --->   "%sext_ln45_99 = sext i16 %p_ZZ18compute_controllerbbjRbS_bS_S_RjPKhPhR12ComputeStateS0_RhS6_S6_S6_S_S_S_S_E_171" [/home/luka/Scripting/ELEC_498-Capstone-LiteLM/HLS-Verilog/Transformer_logic/src-hls/compute_controller.cpp:45->/home/luka/Scripting/ELEC_498-Capstone-LiteLM/HLS-Verilog/Transformer_logic/src-hls/compute_controller.cpp:716]   --->   Operation 97 'sext' 'sext_ln45_99' <Predicate = (!icmp_ln42)> <Delay = 0.00>
ST_3 : Operation 98 [1/1] (0.00ns)   --->   "%sext_ln44_38 = sext i4 %w_42" [/home/luka/Scripting/ELEC_498-Capstone-LiteLM/HLS-Verilog/Transformer_logic/src-hls/compute_controller.cpp:44->/home/luka/Scripting/ELEC_498-Capstone-LiteLM/HLS-Verilog/Transformer_logic/src-hls/compute_controller.cpp:716]   --->   Operation 98 'sext' 'sext_ln44_38' <Predicate = (!icmp_ln42)> <Delay = 0.00>
ST_3 : Operation 99 [1/1] (0.00ns)   --->   "%compute_controller_bool_bool_unsigned_int_bool_bool_bool_bool_bool_u_376 = getelementptr i4 %compute_controller_bool_bool_unsigned_int_bool_bool_bool_bool_bool_u_80, i64 0, i64 %select_ln44" [/home/luka/Scripting/ELEC_498-Capstone-LiteLM/HLS-Verilog/Transformer_logic/src-hls/compute_controller.cpp:44->/home/luka/Scripting/ELEC_498-Capstone-LiteLM/HLS-Verilog/Transformer_logic/src-hls/compute_controller.cpp:716]   --->   Operation 99 'getelementptr' 'compute_controller_bool_bool_unsigned_int_bool_bool_bool_bool_bool_u_376' <Predicate = (!icmp_ln42)> <Delay = 0.00>
ST_3 : Operation 100 [2/2] (0.67ns)   --->   "%w_43 = load i3 %compute_controller_bool_bool_unsigned_int_bool_bool_bool_bool_bool_u_376" [/home/luka/Scripting/ELEC_498-Capstone-LiteLM/HLS-Verilog/Transformer_logic/src-hls/compute_controller.cpp:44->/home/luka/Scripting/ELEC_498-Capstone-LiteLM/HLS-Verilog/Transformer_logic/src-hls/compute_controller.cpp:716]   --->   Operation 100 'load' 'w_43' <Predicate = (!icmp_ln42)> <Delay = 0.67> <CoreInst = "RAM">   --->   Core 82 'RAM' <Latency = 1> <II = 1> <Delay = 0.67> <Storage> <Opcode : 'load' 'store'> <Ports = 2> <Width = 4> <Depth = 7> <RAM>
ST_3 : Operation 101 [1/1] (0.00ns)   --->   "%p_ZZ18compute_controllerbbjRbS_bS_S_RjPKhPhR12ComputeStateS0_RhS6_S6_S6_S_S_S_S_E_172 = getelementptr i16 %p_ZZ18compute_controllerbbjRbS_bS_S_RjPKhPhR12ComputeStateS0_RhS6_S6_S6_S_S_S_S_E_20, i64 0, i64 %zext_ln41" [/home/luka/Scripting/ELEC_498-Capstone-LiteLM/HLS-Verilog/Transformer_logic/src-hls/compute_controller.cpp:45->/home/luka/Scripting/ELEC_498-Capstone-LiteLM/HLS-Verilog/Transformer_logic/src-hls/compute_controller.cpp:716]   --->   Operation 101 'getelementptr' 'p_ZZ18compute_controllerbbjRbS_bS_S_RjPKhPhR12ComputeStateS0_RhS6_S6_S6_S_S_S_S_E_172' <Predicate = (!icmp_ln42)> <Delay = 0.00>
ST_3 : Operation 102 [2/2] (0.67ns)   --->   "%p_ZZ18compute_controllerbbjRbS_bS_S_RjPKhPhR12ComputeStateS0_RhS6_S6_S6_S_S_S_S_E_173 = load i1 %p_ZZ18compute_controllerbbjRbS_bS_S_RjPKhPhR12ComputeStateS0_RhS6_S6_S6_S_S_S_S_E_172" [/home/luka/Scripting/ELEC_498-Capstone-LiteLM/HLS-Verilog/Transformer_logic/src-hls/compute_controller.cpp:45->/home/luka/Scripting/ELEC_498-Capstone-LiteLM/HLS-Verilog/Transformer_logic/src-hls/compute_controller.cpp:716]   --->   Operation 102 'load' 'p_ZZ18compute_controllerbbjRbS_bS_S_RjPKhPhR12ComputeStateS0_RhS6_S6_S6_S_S_S_S_E_173' <Predicate = (!icmp_ln42)> <Delay = 0.67> <CoreInst = "RAM">   --->   Core 82 'RAM' <Latency = 1> <II = 1> <Delay = 0.67> <Storage> <Opcode : 'load' 'store'> <Ports = 2> <Width = 16> <Depth = 2> <RAM>
ST_3 : Operation 103 [1/2] ( I:0.67ns O:0.67ns )   --->   "%w_45 = load i3 %p_ZZ18compute_controllerbbjRbS_bS_S_RjPKhPhR12ComputeStateS0_RhS6_S6_S6_S_S_S_S_E_177" [/home/luka/Scripting/ELEC_498-Capstone-LiteLM/HLS-Verilog/Transformer_logic/src-hls/compute_controller.cpp:44->/home/luka/Scripting/ELEC_498-Capstone-LiteLM/HLS-Verilog/Transformer_logic/src-hls/compute_controller.cpp:716]   --->   Operation 103 'load' 'w_45' <Predicate = (!icmp_ln42)> <Delay = 0.67> <CoreInst = "RAM">   --->   Core 82 'RAM' <Latency = 1> <II = 1> <Delay = 0.67> <Storage> <Opcode : 'load' 'store'> <Ports = 2> <Width = 4> <Depth = 7> <RAM>
ST_3 : Operation 104 [1/2] ( I:0.67ns O:0.67ns )   --->   "%p_ZZ18compute_controllerbbjRbS_bS_S_RjPKhPhR12ComputeStateS0_RhS6_S6_S6_S_S_S_S_E_179 = load i1 %p_ZZ18compute_controllerbbjRbS_bS_S_RjPKhPhR12ComputeStateS0_RhS6_S6_S6_S_S_S_S_E_178" [/home/luka/Scripting/ELEC_498-Capstone-LiteLM/HLS-Verilog/Transformer_logic/src-hls/compute_controller.cpp:45->/home/luka/Scripting/ELEC_498-Capstone-LiteLM/HLS-Verilog/Transformer_logic/src-hls/compute_controller.cpp:716]   --->   Operation 104 'load' 'p_ZZ18compute_controllerbbjRbS_bS_S_RjPKhPhR12ComputeStateS0_RhS6_S6_S6_S_S_S_S_E_179' <Predicate = (!icmp_ln42)> <Delay = 0.67> <CoreInst = "RAM">   --->   Core 82 'RAM' <Latency = 1> <II = 1> <Delay = 0.67> <Storage> <Opcode : 'load' 'store'> <Ports = 2> <Width = 16> <Depth = 2> <RAM>
ST_3 : Operation 105 [1/1] (0.00ns)   --->   "%sext_ln45_102 = sext i16 %p_ZZ18compute_controllerbbjRbS_bS_S_RjPKhPhR12ComputeStateS0_RhS6_S6_S6_S_S_S_S_E_179" [/home/luka/Scripting/ELEC_498-Capstone-LiteLM/HLS-Verilog/Transformer_logic/src-hls/compute_controller.cpp:45->/home/luka/Scripting/ELEC_498-Capstone-LiteLM/HLS-Verilog/Transformer_logic/src-hls/compute_controller.cpp:716]   --->   Operation 105 'sext' 'sext_ln45_102' <Predicate = (!icmp_ln42)> <Delay = 0.00>
ST_3 : Operation 106 [1/1] (0.00ns)   --->   "%sext_ln45_103 = sext i4 %w_45" [/home/luka/Scripting/ELEC_498-Capstone-LiteLM/HLS-Verilog/Transformer_logic/src-hls/compute_controller.cpp:45->/home/luka/Scripting/ELEC_498-Capstone-LiteLM/HLS-Verilog/Transformer_logic/src-hls/compute_controller.cpp:716]   --->   Operation 106 'sext' 'sext_ln45_103' <Predicate = (!icmp_ln42)> <Delay = 0.00>
ST_3 : Operation 107 [2/3] (0.99ns) (grouped into DSP with root node add_ln45_36)   --->   "%mul_ln45_37 = mul i20 %sext_ln45_96, i20 %sext_ln44_35" [/home/luka/Scripting/ELEC_498-Capstone-LiteLM/HLS-Verilog/Transformer_logic/src-hls/compute_controller.cpp:45->/home/luka/Scripting/ELEC_498-Capstone-LiteLM/HLS-Verilog/Transformer_logic/src-hls/compute_controller.cpp:716]   --->   Operation 107 'mul' 'mul_ln45_37' <Predicate = (!icmp_ln42)> <Delay = 0.99> <CoreInst = "DSP48">   --->   Core 124 'DSP48' <Latency = 3> <II = 1> <Delay = 0.53> <IPBlock> <Opcode : 'add' 'sub' 'mul' 'select'> <InPorts = 0> <OutPorts = 1> <Sync> <CReg>
ST_3 : Operation 108 [3/3] (0.99ns) (grouped into DSP with root node add_ln45_37)   --->   "%mul_ln45_39 = mul i20 %sext_ln45_94, i20 %sext_ln44_33" [/home/luka/Scripting/ELEC_498-Capstone-LiteLM/HLS-Verilog/Transformer_logic/src-hls/compute_controller.cpp:45->/home/luka/Scripting/ELEC_498-Capstone-LiteLM/HLS-Verilog/Transformer_logic/src-hls/compute_controller.cpp:716]   --->   Operation 108 'mul' 'mul_ln45_39' <Predicate = (!icmp_ln42)> <Delay = 0.99> <CoreInst = "DSP48">   --->   Core 124 'DSP48' <Latency = 3> <II = 1> <Delay = 0.53> <IPBlock> <Opcode : 'add' 'sub' 'mul' 'select'> <InPorts = 0> <OutPorts = 1> <Sync> <CReg>
ST_3 : Operation 109 [3/3] (0.99ns) (grouped into DSP with root node add_ln45_42)   --->   "%mul_ln45_41 = mul i20 %sext_ln45_102, i20 %sext_ln45_103" [/home/luka/Scripting/ELEC_498-Capstone-LiteLM/HLS-Verilog/Transformer_logic/src-hls/compute_controller.cpp:45->/home/luka/Scripting/ELEC_498-Capstone-LiteLM/HLS-Verilog/Transformer_logic/src-hls/compute_controller.cpp:716]   --->   Operation 109 'mul' 'mul_ln45_41' <Predicate = (!icmp_ln42)> <Delay = 0.99> <CoreInst = "DSP48">   --->   Core 124 'DSP48' <Latency = 3> <II = 1> <Delay = 0.53> <IPBlock> <Opcode : 'add' 'sub' 'mul' 'select'> <InPorts = 0> <OutPorts = 1> <Sync> <CReg>
ST_3 : Operation 110 [3/3] (0.99ns) (grouped into DSP with root node add_ln45_39)   --->   "%mul_ln45_44 = mul i20 %sext_ln45_99, i20 %sext_ln44_38" [/home/luka/Scripting/ELEC_498-Capstone-LiteLM/HLS-Verilog/Transformer_logic/src-hls/compute_controller.cpp:45->/home/luka/Scripting/ELEC_498-Capstone-LiteLM/HLS-Verilog/Transformer_logic/src-hls/compute_controller.cpp:716]   --->   Operation 110 'mul' 'mul_ln45_44' <Predicate = (!icmp_ln42)> <Delay = 0.99> <CoreInst = "DSP48">   --->   Core 124 'DSP48' <Latency = 3> <II = 1> <Delay = 0.53> <IPBlock> <Opcode : 'add' 'sub' 'mul' 'select'> <InPorts = 0> <OutPorts = 1> <Sync> <CReg>

State 4 <SV = 3> <Delay = 3.70>
ST_4 : Operation 111 [1/1] (0.00ns)   --->   "%p_ZZ18compute_controllerbbjRbS_bS_S_RjPKhPhR12ComputeStateS0_RhS6_S6_S6_S_S_S_S_E_162 = getelementptr i4 %p_ZZ18compute_controllerbbjRbS_bS_S_RjPKhPhR12ComputeStateS0_RhS6_S6_S6_S_S_S_S_E_27, i64 0, i64 %zext_ln44" [/home/luka/Scripting/ELEC_498-Capstone-LiteLM/HLS-Verilog/Transformer_logic/src-hls/compute_controller.cpp:44->/home/luka/Scripting/ELEC_498-Capstone-LiteLM/HLS-Verilog/Transformer_logic/src-hls/compute_controller.cpp:716]   --->   Operation 111 'getelementptr' 'p_ZZ18compute_controllerbbjRbS_bS_S_RjPKhPhR12ComputeStateS0_RhS6_S6_S6_S_S_S_S_E_162' <Predicate = true> <Delay = 0.00>
ST_4 : Operation 112 [2/2] (0.67ns)   --->   "%w = load i3 %p_ZZ18compute_controllerbbjRbS_bS_S_RjPKhPhR12ComputeStateS0_RhS6_S6_S6_S_S_S_S_E_162" [/home/luka/Scripting/ELEC_498-Capstone-LiteLM/HLS-Verilog/Transformer_logic/src-hls/compute_controller.cpp:44->/home/luka/Scripting/ELEC_498-Capstone-LiteLM/HLS-Verilog/Transformer_logic/src-hls/compute_controller.cpp:716]   --->   Operation 112 'load' 'w' <Predicate = true> <Delay = 0.67> <CoreInst = "RAM">   --->   Core 82 'RAM' <Latency = 1> <II = 1> <Delay = 0.67> <Storage> <Opcode : 'load' 'store'> <Ports = 2> <Width = 4> <Depth = 7> <RAM>
ST_4 : Operation 113 [1/1] (0.00ns)   --->   "%compute_controller_bool_bool_unsigned_int_bool_bool_bool_bool_bool_u_347 = getelementptr i16 %compute_controller_bool_bool_unsigned_int_bool_bool_bool_bool_bool_u_59, i64 0, i64 %zext_ln41" [/home/luka/Scripting/ELEC_498-Capstone-LiteLM/HLS-Verilog/Transformer_logic/src-hls/compute_controller.cpp:45->/home/luka/Scripting/ELEC_498-Capstone-LiteLM/HLS-Verilog/Transformer_logic/src-hls/compute_controller.cpp:716]   --->   Operation 113 'getelementptr' 'compute_controller_bool_bool_unsigned_int_bool_bool_bool_bool_bool_u_347' <Predicate = true> <Delay = 0.00>
ST_4 : Operation 114 [2/2] (0.67ns)   --->   "%compute_controller_bool_bool_unsigned_int_bool_bool_bool_bool_bool_u_348 = load i1 %compute_controller_bool_bool_unsigned_int_bool_bool_bool_bool_bool_u_347" [/home/luka/Scripting/ELEC_498-Capstone-LiteLM/HLS-Verilog/Transformer_logic/src-hls/compute_controller.cpp:45->/home/luka/Scripting/ELEC_498-Capstone-LiteLM/HLS-Verilog/Transformer_logic/src-hls/compute_controller.cpp:716]   --->   Operation 114 'load' 'compute_controller_bool_bool_unsigned_int_bool_bool_bool_bool_bool_u_348' <Predicate = true> <Delay = 0.67> <CoreInst = "RAM">   --->   Core 82 'RAM' <Latency = 1> <II = 1> <Delay = 0.67> <Storage> <Opcode : 'load' 'store'> <Ports = 2> <Width = 16> <Depth = 2> <RAM>
ST_4 : Operation 115 [1/2] ( I:0.67ns O:0.67ns )   --->   "%w_33 = load i3 %p_ZZ18compute_controllerbbjRbS_bS_S_RjPKhPhR12ComputeStateS0_RhS6_S6_S6_S_S_S_S_E_165" [/home/luka/Scripting/ELEC_498-Capstone-LiteLM/HLS-Verilog/Transformer_logic/src-hls/compute_controller.cpp:44->/home/luka/Scripting/ELEC_498-Capstone-LiteLM/HLS-Verilog/Transformer_logic/src-hls/compute_controller.cpp:716]   --->   Operation 115 'load' 'w_33' <Predicate = true> <Delay = 0.67> <CoreInst = "RAM">   --->   Core 82 'RAM' <Latency = 1> <II = 1> <Delay = 0.67> <Storage> <Opcode : 'load' 'store'> <Ports = 2> <Width = 4> <Depth = 7> <RAM>
ST_4 : Operation 116 [1/2] ( I:0.67ns O:0.67ns )   --->   "%compute_controller_bool_bool_unsigned_int_bool_bool_bool_bool_bool_u_354 = load i1 %compute_controller_bool_bool_unsigned_int_bool_bool_bool_bool_bool_u_353" [/home/luka/Scripting/ELEC_498-Capstone-LiteLM/HLS-Verilog/Transformer_logic/src-hls/compute_controller.cpp:45->/home/luka/Scripting/ELEC_498-Capstone-LiteLM/HLS-Verilog/Transformer_logic/src-hls/compute_controller.cpp:716]   --->   Operation 116 'load' 'compute_controller_bool_bool_unsigned_int_bool_bool_bool_bool_bool_u_354' <Predicate = true> <Delay = 0.67> <CoreInst = "RAM">   --->   Core 82 'RAM' <Latency = 1> <II = 1> <Delay = 0.67> <Storage> <Opcode : 'load' 'store'> <Ports = 2> <Width = 16> <Depth = 2> <RAM>
ST_4 : Operation 117 [1/1] (0.00ns)   --->   "%sext_ln45_81 = sext i16 %compute_controller_bool_bool_unsigned_int_bool_bool_bool_bool_bool_u_354" [/home/luka/Scripting/ELEC_498-Capstone-LiteLM/HLS-Verilog/Transformer_logic/src-hls/compute_controller.cpp:45->/home/luka/Scripting/ELEC_498-Capstone-LiteLM/HLS-Verilog/Transformer_logic/src-hls/compute_controller.cpp:716]   --->   Operation 117 'sext' 'sext_ln45_81' <Predicate = true> <Delay = 0.00>
ST_4 : Operation 118 [1/1] (0.00ns)   --->   "%sext_ln44_30 = sext i4 %w_33" [/home/luka/Scripting/ELEC_498-Capstone-LiteLM/HLS-Verilog/Transformer_logic/src-hls/compute_controller.cpp:44->/home/luka/Scripting/ELEC_498-Capstone-LiteLM/HLS-Verilog/Transformer_logic/src-hls/compute_controller.cpp:716]   --->   Operation 118 'sext' 'sext_ln44_30' <Predicate = true> <Delay = 0.00>
ST_4 : Operation 119 [1/1] (0.00ns)   --->   "%compute_controller_bool_bool_unsigned_int_bool_bool_bool_bool_bool_u_355 = getelementptr i4 %compute_controller_bool_bool_unsigned_int_bool_bool_bool_bool_bool_u_89, i64 0, i64 %select_ln44" [/home/luka/Scripting/ELEC_498-Capstone-LiteLM/HLS-Verilog/Transformer_logic/src-hls/compute_controller.cpp:44->/home/luka/Scripting/ELEC_498-Capstone-LiteLM/HLS-Verilog/Transformer_logic/src-hls/compute_controller.cpp:716]   --->   Operation 119 'getelementptr' 'compute_controller_bool_bool_unsigned_int_bool_bool_bool_bool_bool_u_355' <Predicate = true> <Delay = 0.00>
ST_4 : Operation 120 [2/2] (0.67ns)   --->   "%w_34 = load i3 %compute_controller_bool_bool_unsigned_int_bool_bool_bool_bool_bool_u_355" [/home/luka/Scripting/ELEC_498-Capstone-LiteLM/HLS-Verilog/Transformer_logic/src-hls/compute_controller.cpp:44->/home/luka/Scripting/ELEC_498-Capstone-LiteLM/HLS-Verilog/Transformer_logic/src-hls/compute_controller.cpp:716]   --->   Operation 120 'load' 'w_34' <Predicate = true> <Delay = 0.67> <CoreInst = "RAM">   --->   Core 82 'RAM' <Latency = 1> <II = 1> <Delay = 0.67> <Storage> <Opcode : 'load' 'store'> <Ports = 2> <Width = 4> <Depth = 7> <RAM>
ST_4 : Operation 121 [1/1] (0.00ns)   --->   "%compute_controller_bool_bool_unsigned_int_bool_bool_bool_bool_bool_u_356 = getelementptr i16 %compute_controller_bool_bool_unsigned_int_bool_bool_bool_bool_bool_u_55, i64 0, i64 %zext_ln41" [/home/luka/Scripting/ELEC_498-Capstone-LiteLM/HLS-Verilog/Transformer_logic/src-hls/compute_controller.cpp:45->/home/luka/Scripting/ELEC_498-Capstone-LiteLM/HLS-Verilog/Transformer_logic/src-hls/compute_controller.cpp:716]   --->   Operation 121 'getelementptr' 'compute_controller_bool_bool_unsigned_int_bool_bool_bool_bool_bool_u_356' <Predicate = true> <Delay = 0.00>
ST_4 : Operation 122 [2/2] (0.67ns)   --->   "%compute_controller_bool_bool_unsigned_int_bool_bool_bool_bool_bool_u_357 = load i1 %compute_controller_bool_bool_unsigned_int_bool_bool_bool_bool_bool_u_356" [/home/luka/Scripting/ELEC_498-Capstone-LiteLM/HLS-Verilog/Transformer_logic/src-hls/compute_controller.cpp:45->/home/luka/Scripting/ELEC_498-Capstone-LiteLM/HLS-Verilog/Transformer_logic/src-hls/compute_controller.cpp:716]   --->   Operation 122 'load' 'compute_controller_bool_bool_unsigned_int_bool_bool_bool_bool_bool_u_357' <Predicate = true> <Delay = 0.67> <CoreInst = "RAM">   --->   Core 82 'RAM' <Latency = 1> <II = 1> <Delay = 0.67> <Storage> <Opcode : 'load' 'store'> <Ports = 2> <Width = 16> <Depth = 2> <RAM>
ST_4 : Operation 123 [1/2] ( I:0.67ns O:0.67ns )   --->   "%w_35 = load i3 %compute_controller_bool_bool_unsigned_int_bool_bool_bool_bool_bool_u_358" [/home/luka/Scripting/ELEC_498-Capstone-LiteLM/HLS-Verilog/Transformer_logic/src-hls/compute_controller.cpp:44->/home/luka/Scripting/ELEC_498-Capstone-LiteLM/HLS-Verilog/Transformer_logic/src-hls/compute_controller.cpp:716]   --->   Operation 123 'load' 'w_35' <Predicate = true> <Delay = 0.67> <CoreInst = "RAM">   --->   Core 82 'RAM' <Latency = 1> <II = 1> <Delay = 0.67> <Storage> <Opcode : 'load' 'store'> <Ports = 2> <Width = 4> <Depth = 7> <RAM>
ST_4 : Operation 124 [1/2] ( I:0.67ns O:0.67ns )   --->   "%compute_controller_bool_bool_unsigned_int_bool_bool_bool_bool_bool_u_360 = load i1 %compute_controller_bool_bool_unsigned_int_bool_bool_bool_bool_bool_u_359" [/home/luka/Scripting/ELEC_498-Capstone-LiteLM/HLS-Verilog/Transformer_logic/src-hls/compute_controller.cpp:45->/home/luka/Scripting/ELEC_498-Capstone-LiteLM/HLS-Verilog/Transformer_logic/src-hls/compute_controller.cpp:716]   --->   Operation 124 'load' 'compute_controller_bool_bool_unsigned_int_bool_bool_bool_bool_bool_u_360' <Predicate = true> <Delay = 0.67> <CoreInst = "RAM">   --->   Core 82 'RAM' <Latency = 1> <II = 1> <Delay = 0.67> <Storage> <Opcode : 'load' 'store'> <Ports = 2> <Width = 16> <Depth = 2> <RAM>
ST_4 : Operation 125 [1/1] (0.00ns)   --->   "%sext_ln45_83 = sext i16 %compute_controller_bool_bool_unsigned_int_bool_bool_bool_bool_bool_u_360" [/home/luka/Scripting/ELEC_498-Capstone-LiteLM/HLS-Verilog/Transformer_logic/src-hls/compute_controller.cpp:45->/home/luka/Scripting/ELEC_498-Capstone-LiteLM/HLS-Verilog/Transformer_logic/src-hls/compute_controller.cpp:716]   --->   Operation 125 'sext' 'sext_ln45_83' <Predicate = true> <Delay = 0.00>
ST_4 : Operation 126 [1/1] (0.00ns)   --->   "%sext_ln45_84 = sext i4 %w_35" [/home/luka/Scripting/ELEC_498-Capstone-LiteLM/HLS-Verilog/Transformer_logic/src-hls/compute_controller.cpp:45->/home/luka/Scripting/ELEC_498-Capstone-LiteLM/HLS-Verilog/Transformer_logic/src-hls/compute_controller.cpp:716]   --->   Operation 126 'sext' 'sext_ln45_84' <Predicate = true> <Delay = 0.00>
ST_4 : Operation 127 [3/3] (0.99ns) (grouped into DSP with root node add_ln45_31)   --->   "%mul_ln45_31 = mul i20 %sext_ln45_81, i20 %sext_ln44_30" [/home/luka/Scripting/ELEC_498-Capstone-LiteLM/HLS-Verilog/Transformer_logic/src-hls/compute_controller.cpp:45->/home/luka/Scripting/ELEC_498-Capstone-LiteLM/HLS-Verilog/Transformer_logic/src-hls/compute_controller.cpp:716]   --->   Operation 127 'mul' 'mul_ln45_31' <Predicate = true> <Delay = 0.99> <CoreInst = "DSP48">   --->   Core 124 'DSP48' <Latency = 3> <II = 1> <Delay = 0.53> <IPBlock> <Opcode : 'add' 'sub' 'mul' 'select'> <InPorts = 0> <OutPorts = 1> <Sync> <CReg>
ST_4 : Operation 128 [2/3] (0.99ns) (grouped into DSP with root node add_ln45)   --->   "%mul_ln45_32 = mul i20 %sext_ln45_80, i20 %sext_ln44_29" [/home/luka/Scripting/ELEC_498-Capstone-LiteLM/HLS-Verilog/Transformer_logic/src-hls/compute_controller.cpp:45->/home/luka/Scripting/ELEC_498-Capstone-LiteLM/HLS-Verilog/Transformer_logic/src-hls/compute_controller.cpp:716]   --->   Operation 128 'mul' 'mul_ln45_32' <Predicate = true> <Delay = 0.99> <CoreInst = "DSP48">   --->   Core 124 'DSP48' <Latency = 3> <II = 1> <Delay = 0.53> <IPBlock> <Opcode : 'add' 'sub' 'mul' 'select'> <InPorts = 0> <OutPorts = 1> <Sync> <CReg>
ST_4 : Operation 129 [2/3] (0.99ns) (grouped into DSP with root node add_ln45_32)   --->   "%mul_ln45_33 = mul i20 %sext_ln45_79, i20 %sext_ln44_28" [/home/luka/Scripting/ELEC_498-Capstone-LiteLM/HLS-Verilog/Transformer_logic/src-hls/compute_controller.cpp:45->/home/luka/Scripting/ELEC_498-Capstone-LiteLM/HLS-Verilog/Transformer_logic/src-hls/compute_controller.cpp:716]   --->   Operation 129 'mul' 'mul_ln45_33' <Predicate = true> <Delay = 0.99> <CoreInst = "DSP48">   --->   Core 124 'DSP48' <Latency = 3> <II = 1> <Delay = 0.53> <IPBlock> <Opcode : 'add' 'sub' 'mul' 'select'> <InPorts = 0> <OutPorts = 1> <Sync> <CReg>
ST_4 : Operation 130 [3/3] (0.99ns) (grouped into DSP with root node add_ln45_33)   --->   "%mul_ln45_35 = mul i20 %sext_ln45_83, i20 %sext_ln45_84" [/home/luka/Scripting/ELEC_498-Capstone-LiteLM/HLS-Verilog/Transformer_logic/src-hls/compute_controller.cpp:45->/home/luka/Scripting/ELEC_498-Capstone-LiteLM/HLS-Verilog/Transformer_logic/src-hls/compute_controller.cpp:716]   --->   Operation 130 'mul' 'mul_ln45_35' <Predicate = true> <Delay = 0.99> <CoreInst = "DSP48">   --->   Core 124 'DSP48' <Latency = 3> <II = 1> <Delay = 0.53> <IPBlock> <Opcode : 'add' 'sub' 'mul' 'select'> <InPorts = 0> <OutPorts = 1> <Sync> <CReg>
ST_4 : Operation 131 [1/2] ( I:0.67ns O:0.67ns )   --->   "%w_36 = load i3 %compute_controller_bool_bool_unsigned_int_bool_bool_bool_bool_bool_u_361" [/home/luka/Scripting/ELEC_498-Capstone-LiteLM/HLS-Verilog/Transformer_logic/src-hls/compute_controller.cpp:44->/home/luka/Scripting/ELEC_498-Capstone-LiteLM/HLS-Verilog/Transformer_logic/src-hls/compute_controller.cpp:716]   --->   Operation 131 'load' 'w_36' <Predicate = (!icmp_ln42)> <Delay = 0.67> <CoreInst = "RAM">   --->   Core 82 'RAM' <Latency = 1> <II = 1> <Delay = 0.67> <Storage> <Opcode : 'load' 'store'> <Ports = 2> <Width = 4> <Depth = 7> <RAM>
ST_4 : Operation 132 [1/2] ( I:0.67ns O:0.67ns )   --->   "%compute_controller_bool_bool_unsigned_int_bool_bool_bool_bool_bool_u_363 = load i1 %compute_controller_bool_bool_unsigned_int_bool_bool_bool_bool_bool_u_362" [/home/luka/Scripting/ELEC_498-Capstone-LiteLM/HLS-Verilog/Transformer_logic/src-hls/compute_controller.cpp:45->/home/luka/Scripting/ELEC_498-Capstone-LiteLM/HLS-Verilog/Transformer_logic/src-hls/compute_controller.cpp:716]   --->   Operation 132 'load' 'compute_controller_bool_bool_unsigned_int_bool_bool_bool_bool_bool_u_363' <Predicate = (!icmp_ln42)> <Delay = 0.67> <CoreInst = "RAM">   --->   Core 82 'RAM' <Latency = 1> <II = 1> <Delay = 0.67> <Storage> <Opcode : 'load' 'store'> <Ports = 2> <Width = 16> <Depth = 2> <RAM>
ST_4 : Operation 133 [1/1] (0.00ns)   --->   "%sext_ln45_93 = sext i16 %compute_controller_bool_bool_unsigned_int_bool_bool_bool_bool_bool_u_363" [/home/luka/Scripting/ELEC_498-Capstone-LiteLM/HLS-Verilog/Transformer_logic/src-hls/compute_controller.cpp:45->/home/luka/Scripting/ELEC_498-Capstone-LiteLM/HLS-Verilog/Transformer_logic/src-hls/compute_controller.cpp:716]   --->   Operation 133 'sext' 'sext_ln45_93' <Predicate = (!icmp_ln42)> <Delay = 0.00>
ST_4 : Operation 134 [1/1] (0.00ns)   --->   "%sext_ln44_32 = sext i4 %w_36" [/home/luka/Scripting/ELEC_498-Capstone-LiteLM/HLS-Verilog/Transformer_logic/src-hls/compute_controller.cpp:44->/home/luka/Scripting/ELEC_498-Capstone-LiteLM/HLS-Verilog/Transformer_logic/src-hls/compute_controller.cpp:716]   --->   Operation 134 'sext' 'sext_ln44_32' <Predicate = (!icmp_ln42)> <Delay = 0.00>
ST_4 : Operation 135 [1/2] ( I:0.67ns O:0.67ns )   --->   "%w_38 = load i3 %compute_controller_bool_bool_unsigned_int_bool_bool_bool_bool_bool_u_367" [/home/luka/Scripting/ELEC_498-Capstone-LiteLM/HLS-Verilog/Transformer_logic/src-hls/compute_controller.cpp:44->/home/luka/Scripting/ELEC_498-Capstone-LiteLM/HLS-Verilog/Transformer_logic/src-hls/compute_controller.cpp:716]   --->   Operation 135 'load' 'w_38' <Predicate = (!icmp_ln42)> <Delay = 0.67> <CoreInst = "RAM">   --->   Core 82 'RAM' <Latency = 1> <II = 1> <Delay = 0.67> <Storage> <Opcode : 'load' 'store'> <Ports = 2> <Width = 4> <Depth = 7> <RAM>
ST_4 : Operation 136 [1/2] ( I:0.67ns O:0.67ns )   --->   "%compute_controller_bool_bool_unsigned_int_bool_bool_bool_bool_bool_u_369 = load i1 %compute_controller_bool_bool_unsigned_int_bool_bool_bool_bool_bool_u_368" [/home/luka/Scripting/ELEC_498-Capstone-LiteLM/HLS-Verilog/Transformer_logic/src-hls/compute_controller.cpp:45->/home/luka/Scripting/ELEC_498-Capstone-LiteLM/HLS-Verilog/Transformer_logic/src-hls/compute_controller.cpp:716]   --->   Operation 136 'load' 'compute_controller_bool_bool_unsigned_int_bool_bool_bool_bool_bool_u_369' <Predicate = (!icmp_ln42)> <Delay = 0.67> <CoreInst = "RAM">   --->   Core 82 'RAM' <Latency = 1> <II = 1> <Delay = 0.67> <Storage> <Opcode : 'load' 'store'> <Ports = 2> <Width = 16> <Depth = 2> <RAM>
ST_4 : Operation 137 [1/1] (0.00ns)   --->   "%sext_ln45_95 = sext i16 %compute_controller_bool_bool_unsigned_int_bool_bool_bool_bool_bool_u_369" [/home/luka/Scripting/ELEC_498-Capstone-LiteLM/HLS-Verilog/Transformer_logic/src-hls/compute_controller.cpp:45->/home/luka/Scripting/ELEC_498-Capstone-LiteLM/HLS-Verilog/Transformer_logic/src-hls/compute_controller.cpp:716]   --->   Operation 137 'sext' 'sext_ln45_95' <Predicate = (!icmp_ln42)> <Delay = 0.00>
ST_4 : Operation 138 [1/1] (0.00ns)   --->   "%sext_ln44_34 = sext i4 %w_38" [/home/luka/Scripting/ELEC_498-Capstone-LiteLM/HLS-Verilog/Transformer_logic/src-hls/compute_controller.cpp:44->/home/luka/Scripting/ELEC_498-Capstone-LiteLM/HLS-Verilog/Transformer_logic/src-hls/compute_controller.cpp:716]   --->   Operation 138 'sext' 'sext_ln44_34' <Predicate = (!icmp_ln42)> <Delay = 0.00>
ST_4 : Operation 139 [1/2] ( I:0.67ns O:0.67ns )   --->   "%w_40 = load i3 %compute_controller_bool_bool_unsigned_int_bool_bool_bool_bool_bool_u_373" [/home/luka/Scripting/ELEC_498-Capstone-LiteLM/HLS-Verilog/Transformer_logic/src-hls/compute_controller.cpp:44->/home/luka/Scripting/ELEC_498-Capstone-LiteLM/HLS-Verilog/Transformer_logic/src-hls/compute_controller.cpp:716]   --->   Operation 139 'load' 'w_40' <Predicate = (!icmp_ln42)> <Delay = 0.67> <CoreInst = "RAM">   --->   Core 82 'RAM' <Latency = 1> <II = 1> <Delay = 0.67> <Storage> <Opcode : 'load' 'store'> <Ports = 2> <Width = 4> <Depth = 7> <RAM>
ST_4 : Operation 140 [1/2] ( I:0.67ns O:0.67ns )   --->   "%p_ZZ18compute_controllerbbjRbS_bS_S_RjPKhPhR12ComputeStateS0_RhS6_S6_S6_S_S_S_S_E_167 = load i1 %p_ZZ18compute_controllerbbjRbS_bS_S_RjPKhPhR12ComputeStateS0_RhS6_S6_S6_S_S_S_S_E_166" [/home/luka/Scripting/ELEC_498-Capstone-LiteLM/HLS-Verilog/Transformer_logic/src-hls/compute_controller.cpp:45->/home/luka/Scripting/ELEC_498-Capstone-LiteLM/HLS-Verilog/Transformer_logic/src-hls/compute_controller.cpp:716]   --->   Operation 140 'load' 'p_ZZ18compute_controllerbbjRbS_bS_S_RjPKhPhR12ComputeStateS0_RhS6_S6_S6_S_S_S_S_E_167' <Predicate = (!icmp_ln42)> <Delay = 0.67> <CoreInst = "RAM">   --->   Core 82 'RAM' <Latency = 1> <II = 1> <Delay = 0.67> <Storage> <Opcode : 'load' 'store'> <Ports = 2> <Width = 16> <Depth = 2> <RAM>
ST_4 : Operation 141 [1/1] (0.00ns)   --->   "%sext_ln45_97 = sext i16 %p_ZZ18compute_controllerbbjRbS_bS_S_RjPKhPhR12ComputeStateS0_RhS6_S6_S6_S_S_S_S_E_167" [/home/luka/Scripting/ELEC_498-Capstone-LiteLM/HLS-Verilog/Transformer_logic/src-hls/compute_controller.cpp:45->/home/luka/Scripting/ELEC_498-Capstone-LiteLM/HLS-Verilog/Transformer_logic/src-hls/compute_controller.cpp:716]   --->   Operation 141 'sext' 'sext_ln45_97' <Predicate = (!icmp_ln42)> <Delay = 0.00>
ST_4 : Operation 142 [1/1] (0.00ns)   --->   "%sext_ln44_36 = sext i4 %w_40" [/home/luka/Scripting/ELEC_498-Capstone-LiteLM/HLS-Verilog/Transformer_logic/src-hls/compute_controller.cpp:44->/home/luka/Scripting/ELEC_498-Capstone-LiteLM/HLS-Verilog/Transformer_logic/src-hls/compute_controller.cpp:716]   --->   Operation 142 'sext' 'sext_ln44_36' <Predicate = (!icmp_ln42)> <Delay = 0.00>
ST_4 : Operation 143 [1/1] (0.00ns)   --->   "%compute_controller_bool_bool_unsigned_int_bool_bool_bool_bool_bool_u_374 = getelementptr i4 %compute_controller_bool_bool_unsigned_int_bool_bool_bool_bool_bool_u_82, i64 0, i64 %select_ln44" [/home/luka/Scripting/ELEC_498-Capstone-LiteLM/HLS-Verilog/Transformer_logic/src-hls/compute_controller.cpp:44->/home/luka/Scripting/ELEC_498-Capstone-LiteLM/HLS-Verilog/Transformer_logic/src-hls/compute_controller.cpp:716]   --->   Operation 143 'getelementptr' 'compute_controller_bool_bool_unsigned_int_bool_bool_bool_bool_bool_u_374' <Predicate = (!icmp_ln42)> <Delay = 0.00>
ST_4 : Operation 144 [2/2] (0.67ns)   --->   "%w_41 = load i3 %compute_controller_bool_bool_unsigned_int_bool_bool_bool_bool_bool_u_374" [/home/luka/Scripting/ELEC_498-Capstone-LiteLM/HLS-Verilog/Transformer_logic/src-hls/compute_controller.cpp:44->/home/luka/Scripting/ELEC_498-Capstone-LiteLM/HLS-Verilog/Transformer_logic/src-hls/compute_controller.cpp:716]   --->   Operation 144 'load' 'w_41' <Predicate = (!icmp_ln42)> <Delay = 0.67> <CoreInst = "RAM">   --->   Core 82 'RAM' <Latency = 1> <II = 1> <Delay = 0.67> <Storage> <Opcode : 'load' 'store'> <Ports = 2> <Width = 4> <Depth = 7> <RAM>
ST_4 : Operation 145 [1/1] (0.00ns)   --->   "%p_ZZ18compute_controllerbbjRbS_bS_S_RjPKhPhR12ComputeStateS0_RhS6_S6_S6_S_S_S_S_E_168 = getelementptr i16 %p_ZZ18compute_controllerbbjRbS_bS_S_RjPKhPhR12ComputeStateS0_RhS6_S6_S6_S_S_S_S_E_22, i64 0, i64 %zext_ln41" [/home/luka/Scripting/ELEC_498-Capstone-LiteLM/HLS-Verilog/Transformer_logic/src-hls/compute_controller.cpp:45->/home/luka/Scripting/ELEC_498-Capstone-LiteLM/HLS-Verilog/Transformer_logic/src-hls/compute_controller.cpp:716]   --->   Operation 145 'getelementptr' 'p_ZZ18compute_controllerbbjRbS_bS_S_RjPKhPhR12ComputeStateS0_RhS6_S6_S6_S_S_S_S_E_168' <Predicate = (!icmp_ln42)> <Delay = 0.00>
ST_4 : Operation 146 [2/2] (0.67ns)   --->   "%p_ZZ18compute_controllerbbjRbS_bS_S_RjPKhPhR12ComputeStateS0_RhS6_S6_S6_S_S_S_S_E_169 = load i1 %p_ZZ18compute_controllerbbjRbS_bS_S_RjPKhPhR12ComputeStateS0_RhS6_S6_S6_S_S_S_S_E_168" [/home/luka/Scripting/ELEC_498-Capstone-LiteLM/HLS-Verilog/Transformer_logic/src-hls/compute_controller.cpp:45->/home/luka/Scripting/ELEC_498-Capstone-LiteLM/HLS-Verilog/Transformer_logic/src-hls/compute_controller.cpp:716]   --->   Operation 146 'load' 'p_ZZ18compute_controllerbbjRbS_bS_S_RjPKhPhR12ComputeStateS0_RhS6_S6_S6_S_S_S_S_E_169' <Predicate = (!icmp_ln42)> <Delay = 0.67> <CoreInst = "RAM">   --->   Core 82 'RAM' <Latency = 1> <II = 1> <Delay = 0.67> <Storage> <Opcode : 'load' 'store'> <Ports = 2> <Width = 16> <Depth = 2> <RAM>
ST_4 : Operation 147 [1/2] ( I:0.67ns O:0.67ns )   --->   "%w_43 = load i3 %compute_controller_bool_bool_unsigned_int_bool_bool_bool_bool_bool_u_376" [/home/luka/Scripting/ELEC_498-Capstone-LiteLM/HLS-Verilog/Transformer_logic/src-hls/compute_controller.cpp:44->/home/luka/Scripting/ELEC_498-Capstone-LiteLM/HLS-Verilog/Transformer_logic/src-hls/compute_controller.cpp:716]   --->   Operation 147 'load' 'w_43' <Predicate = (!icmp_ln42)> <Delay = 0.67> <CoreInst = "RAM">   --->   Core 82 'RAM' <Latency = 1> <II = 1> <Delay = 0.67> <Storage> <Opcode : 'load' 'store'> <Ports = 2> <Width = 4> <Depth = 7> <RAM>
ST_4 : Operation 148 [1/2] ( I:0.67ns O:0.67ns )   --->   "%p_ZZ18compute_controllerbbjRbS_bS_S_RjPKhPhR12ComputeStateS0_RhS6_S6_S6_S_S_S_S_E_173 = load i1 %p_ZZ18compute_controllerbbjRbS_bS_S_RjPKhPhR12ComputeStateS0_RhS6_S6_S6_S_S_S_S_E_172" [/home/luka/Scripting/ELEC_498-Capstone-LiteLM/HLS-Verilog/Transformer_logic/src-hls/compute_controller.cpp:45->/home/luka/Scripting/ELEC_498-Capstone-LiteLM/HLS-Verilog/Transformer_logic/src-hls/compute_controller.cpp:716]   --->   Operation 148 'load' 'p_ZZ18compute_controllerbbjRbS_bS_S_RjPKhPhR12ComputeStateS0_RhS6_S6_S6_S_S_S_S_E_173' <Predicate = (!icmp_ln42)> <Delay = 0.67> <CoreInst = "RAM">   --->   Core 82 'RAM' <Latency = 1> <II = 1> <Delay = 0.67> <Storage> <Opcode : 'load' 'store'> <Ports = 2> <Width = 16> <Depth = 2> <RAM>
ST_4 : Operation 149 [1/1] (0.00ns)   --->   "%sext_ln45_100 = sext i16 %p_ZZ18compute_controllerbbjRbS_bS_S_RjPKhPhR12ComputeStateS0_RhS6_S6_S6_S_S_S_S_E_173" [/home/luka/Scripting/ELEC_498-Capstone-LiteLM/HLS-Verilog/Transformer_logic/src-hls/compute_controller.cpp:45->/home/luka/Scripting/ELEC_498-Capstone-LiteLM/HLS-Verilog/Transformer_logic/src-hls/compute_controller.cpp:716]   --->   Operation 149 'sext' 'sext_ln45_100' <Predicate = (!icmp_ln42)> <Delay = 0.00>
ST_4 : Operation 150 [1/1] (0.00ns)   --->   "%sext_ln44_39 = sext i4 %w_43" [/home/luka/Scripting/ELEC_498-Capstone-LiteLM/HLS-Verilog/Transformer_logic/src-hls/compute_controller.cpp:44->/home/luka/Scripting/ELEC_498-Capstone-LiteLM/HLS-Verilog/Transformer_logic/src-hls/compute_controller.cpp:716]   --->   Operation 150 'sext' 'sext_ln44_39' <Predicate = (!icmp_ln42)> <Delay = 0.00>
ST_4 : Operation 151 [1/1] (0.00ns)   --->   "%p_ZZ18compute_controllerbbjRbS_bS_S_RjPKhPhR12ComputeStateS0_RhS6_S6_S6_S_S_S_S_E_174 = getelementptr i4 %p_ZZ18compute_controllerbbjRbS_bS_S_RjPKhPhR12ComputeStateS0_RhS6_S6_S6_S_S_S_S_E_29, i64 0, i64 %select_ln44" [/home/luka/Scripting/ELEC_498-Capstone-LiteLM/HLS-Verilog/Transformer_logic/src-hls/compute_controller.cpp:44->/home/luka/Scripting/ELEC_498-Capstone-LiteLM/HLS-Verilog/Transformer_logic/src-hls/compute_controller.cpp:716]   --->   Operation 151 'getelementptr' 'p_ZZ18compute_controllerbbjRbS_bS_S_RjPKhPhR12ComputeStateS0_RhS6_S6_S6_S_S_S_S_E_174' <Predicate = (!icmp_ln42)> <Delay = 0.00>
ST_4 : Operation 152 [2/2] (0.67ns)   --->   "%w_44 = load i3 %p_ZZ18compute_controllerbbjRbS_bS_S_RjPKhPhR12ComputeStateS0_RhS6_S6_S6_S_S_S_S_E_174" [/home/luka/Scripting/ELEC_498-Capstone-LiteLM/HLS-Verilog/Transformer_logic/src-hls/compute_controller.cpp:44->/home/luka/Scripting/ELEC_498-Capstone-LiteLM/HLS-Verilog/Transformer_logic/src-hls/compute_controller.cpp:716]   --->   Operation 152 'load' 'w_44' <Predicate = (!icmp_ln42)> <Delay = 0.67> <CoreInst = "RAM">   --->   Core 82 'RAM' <Latency = 1> <II = 1> <Delay = 0.67> <Storage> <Opcode : 'load' 'store'> <Ports = 2> <Width = 4> <Depth = 7> <RAM>
ST_4 : Operation 153 [1/1] (0.00ns)   --->   "%p_ZZ18compute_controllerbbjRbS_bS_S_RjPKhPhR12ComputeStateS0_RhS6_S6_S6_S_S_S_S_E_175 = getelementptr i16 %p_ZZ18compute_controllerbbjRbS_bS_S_RjPKhPhR12ComputeStateS0_RhS6_S6_S6_S_S_S_S_E_19, i64 0, i64 %zext_ln41" [/home/luka/Scripting/ELEC_498-Capstone-LiteLM/HLS-Verilog/Transformer_logic/src-hls/compute_controller.cpp:45->/home/luka/Scripting/ELEC_498-Capstone-LiteLM/HLS-Verilog/Transformer_logic/src-hls/compute_controller.cpp:716]   --->   Operation 153 'getelementptr' 'p_ZZ18compute_controllerbbjRbS_bS_S_RjPKhPhR12ComputeStateS0_RhS6_S6_S6_S_S_S_S_E_175' <Predicate = (!icmp_ln42)> <Delay = 0.00>
ST_4 : Operation 154 [2/2] (0.67ns)   --->   "%p_ZZ18compute_controllerbbjRbS_bS_S_RjPKhPhR12ComputeStateS0_RhS6_S6_S6_S_S_S_S_E_176 = load i1 %p_ZZ18compute_controllerbbjRbS_bS_S_RjPKhPhR12ComputeStateS0_RhS6_S6_S6_S_S_S_S_E_175" [/home/luka/Scripting/ELEC_498-Capstone-LiteLM/HLS-Verilog/Transformer_logic/src-hls/compute_controller.cpp:45->/home/luka/Scripting/ELEC_498-Capstone-LiteLM/HLS-Verilog/Transformer_logic/src-hls/compute_controller.cpp:716]   --->   Operation 154 'load' 'p_ZZ18compute_controllerbbjRbS_bS_S_RjPKhPhR12ComputeStateS0_RhS6_S6_S6_S_S_S_S_E_176' <Predicate = (!icmp_ln42)> <Delay = 0.67> <CoreInst = "RAM">   --->   Core 82 'RAM' <Latency = 1> <II = 1> <Delay = 0.67> <Storage> <Opcode : 'load' 'store'> <Ports = 2> <Width = 16> <Depth = 2> <RAM>
ST_4 : Operation 155 [3/3] (0.99ns) (grouped into DSP with root node add_ln45_40)   --->   "%mul_ln45_36 = mul i20 %sext_ln45_97, i20 %sext_ln44_36" [/home/luka/Scripting/ELEC_498-Capstone-LiteLM/HLS-Verilog/Transformer_logic/src-hls/compute_controller.cpp:45->/home/luka/Scripting/ELEC_498-Capstone-LiteLM/HLS-Verilog/Transformer_logic/src-hls/compute_controller.cpp:716]   --->   Operation 155 'mul' 'mul_ln45_36' <Predicate = (!icmp_ln42)> <Delay = 0.99> <CoreInst = "DSP48">   --->   Core 124 'DSP48' <Latency = 3> <II = 1> <Delay = 0.53> <IPBlock> <Opcode : 'add' 'sub' 'mul' 'select'> <InPorts = 0> <OutPorts = 1> <Sync> <CReg>
ST_4 : Operation 156 [1/3] (0.00ns) (grouped into DSP with root node add_ln45_36)   --->   "%mul_ln45_37 = mul i20 %sext_ln45_96, i20 %sext_ln44_35" [/home/luka/Scripting/ELEC_498-Capstone-LiteLM/HLS-Verilog/Transformer_logic/src-hls/compute_controller.cpp:45->/home/luka/Scripting/ELEC_498-Capstone-LiteLM/HLS-Verilog/Transformer_logic/src-hls/compute_controller.cpp:716]   --->   Operation 156 'mul' 'mul_ln45_37' <Predicate = (!icmp_ln42)> <Delay = 0.00> <CoreInst = "DSP48">   --->   Core 124 'DSP48' <Latency = 3> <II = 1> <Delay = 0.53> <IPBlock> <Opcode : 'add' 'sub' 'mul' 'select'> <InPorts = 0> <OutPorts = 1> <Sync> <CReg>
ST_4 : Operation 157 [1/1] (0.00ns) (grouped into DSP with root node add_ln45_36)   --->   "%sext_ln45_105 = sext i20 %mul_ln45_37" [/home/luka/Scripting/ELEC_498-Capstone-LiteLM/HLS-Verilog/Transformer_logic/src-hls/compute_controller.cpp:45->/home/luka/Scripting/ELEC_498-Capstone-LiteLM/HLS-Verilog/Transformer_logic/src-hls/compute_controller.cpp:716]   --->   Operation 157 'sext' 'sext_ln45_105' <Predicate = (!icmp_ln42)> <Delay = 0.00>
ST_4 : Operation 158 [1/1] (2.38ns)   --->   "%mul_ln45_38 = mul i20 %sext_ln45_95, i20 %sext_ln44_34" [/home/luka/Scripting/ELEC_498-Capstone-LiteLM/HLS-Verilog/Transformer_logic/src-hls/compute_controller.cpp:45->/home/luka/Scripting/ELEC_498-Capstone-LiteLM/HLS-Verilog/Transformer_logic/src-hls/compute_controller.cpp:716]   --->   Operation 158 'mul' 'mul_ln45_38' <Predicate = (!icmp_ln42)> <Delay = 2.38> <CoreInst = "Multiplier">   --->   Core 3 'Multiplier' <Latency = 0> <II = 1> <Delay = 2.38> <FuncUnit> <Opcode : 'mul'> <InPorts = 2> <OutPorts = 1>
ST_4 : Operation 159 [1/1] (0.00ns)   --->   "%sext_ln45_106 = sext i20 %mul_ln45_38" [/home/luka/Scripting/ELEC_498-Capstone-LiteLM/HLS-Verilog/Transformer_logic/src-hls/compute_controller.cpp:45->/home/luka/Scripting/ELEC_498-Capstone-LiteLM/HLS-Verilog/Transformer_logic/src-hls/compute_controller.cpp:716]   --->   Operation 159 'sext' 'sext_ln45_106' <Predicate = (!icmp_ln42)> <Delay = 0.00>
ST_4 : Operation 160 [2/3] (0.99ns) (grouped into DSP with root node add_ln45_37)   --->   "%mul_ln45_39 = mul i20 %sext_ln45_94, i20 %sext_ln44_33" [/home/luka/Scripting/ELEC_498-Capstone-LiteLM/HLS-Verilog/Transformer_logic/src-hls/compute_controller.cpp:45->/home/luka/Scripting/ELEC_498-Capstone-LiteLM/HLS-Verilog/Transformer_logic/src-hls/compute_controller.cpp:716]   --->   Operation 160 'mul' 'mul_ln45_39' <Predicate = (!icmp_ln42)> <Delay = 0.99> <CoreInst = "DSP48">   --->   Core 124 'DSP48' <Latency = 3> <II = 1> <Delay = 0.53> <IPBlock> <Opcode : 'add' 'sub' 'mul' 'select'> <InPorts = 0> <OutPorts = 1> <Sync> <CReg>
ST_4 : Operation 161 [3/3] (0.99ns) (grouped into DSP with root node add_ln45_38)   --->   "%mul_ln45_40 = mul i20 %sext_ln45_93, i20 %sext_ln44_32" [/home/luka/Scripting/ELEC_498-Capstone-LiteLM/HLS-Verilog/Transformer_logic/src-hls/compute_controller.cpp:45->/home/luka/Scripting/ELEC_498-Capstone-LiteLM/HLS-Verilog/Transformer_logic/src-hls/compute_controller.cpp:716]   --->   Operation 161 'mul' 'mul_ln45_40' <Predicate = (!icmp_ln42)> <Delay = 0.99> <CoreInst = "DSP48">   --->   Core 124 'DSP48' <Latency = 3> <II = 1> <Delay = 0.53> <IPBlock> <Opcode : 'add' 'sub' 'mul' 'select'> <InPorts = 0> <OutPorts = 1> <Sync> <CReg>
ST_4 : Operation 162 [2/3] (0.99ns) (grouped into DSP with root node add_ln45_42)   --->   "%mul_ln45_41 = mul i20 %sext_ln45_102, i20 %sext_ln45_103" [/home/luka/Scripting/ELEC_498-Capstone-LiteLM/HLS-Verilog/Transformer_logic/src-hls/compute_controller.cpp:45->/home/luka/Scripting/ELEC_498-Capstone-LiteLM/HLS-Verilog/Transformer_logic/src-hls/compute_controller.cpp:716]   --->   Operation 162 'mul' 'mul_ln45_41' <Predicate = (!icmp_ln42)> <Delay = 0.99> <CoreInst = "DSP48">   --->   Core 124 'DSP48' <Latency = 3> <II = 1> <Delay = 0.53> <IPBlock> <Opcode : 'add' 'sub' 'mul' 'select'> <InPorts = 0> <OutPorts = 1> <Sync> <CReg>
ST_4 : Operation 163 [3/3] (0.99ns) (grouped into DSP with root node add_ln45_43)   --->   "%mul_ln45_43 = mul i20 %sext_ln45_100, i20 %sext_ln44_39" [/home/luka/Scripting/ELEC_498-Capstone-LiteLM/HLS-Verilog/Transformer_logic/src-hls/compute_controller.cpp:45->/home/luka/Scripting/ELEC_498-Capstone-LiteLM/HLS-Verilog/Transformer_logic/src-hls/compute_controller.cpp:716]   --->   Operation 163 'mul' 'mul_ln45_43' <Predicate = (!icmp_ln42)> <Delay = 0.99> <CoreInst = "DSP48">   --->   Core 124 'DSP48' <Latency = 3> <II = 1> <Delay = 0.53> <IPBlock> <Opcode : 'add' 'sub' 'mul' 'select'> <InPorts = 0> <OutPorts = 1> <Sync> <CReg>
ST_4 : Operation 164 [2/3] (0.99ns) (grouped into DSP with root node add_ln45_39)   --->   "%mul_ln45_44 = mul i20 %sext_ln45_99, i20 %sext_ln44_38" [/home/luka/Scripting/ELEC_498-Capstone-LiteLM/HLS-Verilog/Transformer_logic/src-hls/compute_controller.cpp:45->/home/luka/Scripting/ELEC_498-Capstone-LiteLM/HLS-Verilog/Transformer_logic/src-hls/compute_controller.cpp:716]   --->   Operation 164 'mul' 'mul_ln45_44' <Predicate = (!icmp_ln42)> <Delay = 0.99> <CoreInst = "DSP48">   --->   Core 124 'DSP48' <Latency = 3> <II = 1> <Delay = 0.53> <IPBlock> <Opcode : 'add' 'sub' 'mul' 'select'> <InPorts = 0> <OutPorts = 1> <Sync> <CReg>
ST_4 : Operation 165 [2/2] (0.64ns) (root node of the DSP)   --->   "%add_ln45_36 = add i21 %sext_ln45_106, i21 %sext_ln45_105" [/home/luka/Scripting/ELEC_498-Capstone-LiteLM/HLS-Verilog/Transformer_logic/src-hls/compute_controller.cpp:45->/home/luka/Scripting/ELEC_498-Capstone-LiteLM/HLS-Verilog/Transformer_logic/src-hls/compute_controller.cpp:716]   --->   Operation 165 'add' 'add_ln45_36' <Predicate = (!icmp_ln42)> <Delay = 0.64> <CoreInst = "DSP48">   --->   Core 124 'DSP48' <Latency = 3> <II = 1> <Delay = 0.53> <IPBlock> <Opcode : 'add' 'sub' 'mul' 'select'> <InPorts = 0> <OutPorts = 1> <Sync> <CReg>

State 5 <SV = 4> <Delay = 3.70>
ST_5 : Operation 166 [1/2] ( I:0.67ns O:0.67ns )   --->   "%w = load i3 %p_ZZ18compute_controllerbbjRbS_bS_S_RjPKhPhR12ComputeStateS0_RhS6_S6_S6_S_S_S_S_E_162" [/home/luka/Scripting/ELEC_498-Capstone-LiteLM/HLS-Verilog/Transformer_logic/src-hls/compute_controller.cpp:44->/home/luka/Scripting/ELEC_498-Capstone-LiteLM/HLS-Verilog/Transformer_logic/src-hls/compute_controller.cpp:716]   --->   Operation 166 'load' 'w' <Predicate = true> <Delay = 0.67> <CoreInst = "RAM">   --->   Core 82 'RAM' <Latency = 1> <II = 1> <Delay = 0.67> <Storage> <Opcode : 'load' 'store'> <Ports = 2> <Width = 4> <Depth = 7> <RAM>
ST_5 : Operation 167 [1/2] ( I:0.67ns O:0.67ns )   --->   "%compute_controller_bool_bool_unsigned_int_bool_bool_bool_bool_bool_u_348 = load i1 %compute_controller_bool_bool_unsigned_int_bool_bool_bool_bool_bool_u_347" [/home/luka/Scripting/ELEC_498-Capstone-LiteLM/HLS-Verilog/Transformer_logic/src-hls/compute_controller.cpp:45->/home/luka/Scripting/ELEC_498-Capstone-LiteLM/HLS-Verilog/Transformer_logic/src-hls/compute_controller.cpp:716]   --->   Operation 167 'load' 'compute_controller_bool_bool_unsigned_int_bool_bool_bool_bool_bool_u_348' <Predicate = true> <Delay = 0.67> <CoreInst = "RAM">   --->   Core 82 'RAM' <Latency = 1> <II = 1> <Delay = 0.67> <Storage> <Opcode : 'load' 'store'> <Ports = 2> <Width = 16> <Depth = 2> <RAM>
ST_5 : Operation 168 [1/1] (0.00ns)   --->   "%sext_ln45 = sext i16 %compute_controller_bool_bool_unsigned_int_bool_bool_bool_bool_bool_u_348" [/home/luka/Scripting/ELEC_498-Capstone-LiteLM/HLS-Verilog/Transformer_logic/src-hls/compute_controller.cpp:45->/home/luka/Scripting/ELEC_498-Capstone-LiteLM/HLS-Verilog/Transformer_logic/src-hls/compute_controller.cpp:716]   --->   Operation 168 'sext' 'sext_ln45' <Predicate = true> <Delay = 0.00>
ST_5 : Operation 169 [1/1] (0.00ns)   --->   "%sext_ln44 = sext i4 %w" [/home/luka/Scripting/ELEC_498-Capstone-LiteLM/HLS-Verilog/Transformer_logic/src-hls/compute_controller.cpp:44->/home/luka/Scripting/ELEC_498-Capstone-LiteLM/HLS-Verilog/Transformer_logic/src-hls/compute_controller.cpp:716]   --->   Operation 169 'sext' 'sext_ln44' <Predicate = true> <Delay = 0.00>
ST_5 : Operation 170 [1/2] ( I:0.67ns O:0.67ns )   --->   "%w_34 = load i3 %compute_controller_bool_bool_unsigned_int_bool_bool_bool_bool_bool_u_355" [/home/luka/Scripting/ELEC_498-Capstone-LiteLM/HLS-Verilog/Transformer_logic/src-hls/compute_controller.cpp:44->/home/luka/Scripting/ELEC_498-Capstone-LiteLM/HLS-Verilog/Transformer_logic/src-hls/compute_controller.cpp:716]   --->   Operation 170 'load' 'w_34' <Predicate = true> <Delay = 0.67> <CoreInst = "RAM">   --->   Core 82 'RAM' <Latency = 1> <II = 1> <Delay = 0.67> <Storage> <Opcode : 'load' 'store'> <Ports = 2> <Width = 4> <Depth = 7> <RAM>
ST_5 : Operation 171 [1/2] ( I:0.67ns O:0.67ns )   --->   "%compute_controller_bool_bool_unsigned_int_bool_bool_bool_bool_bool_u_357 = load i1 %compute_controller_bool_bool_unsigned_int_bool_bool_bool_bool_bool_u_356" [/home/luka/Scripting/ELEC_498-Capstone-LiteLM/HLS-Verilog/Transformer_logic/src-hls/compute_controller.cpp:45->/home/luka/Scripting/ELEC_498-Capstone-LiteLM/HLS-Verilog/Transformer_logic/src-hls/compute_controller.cpp:716]   --->   Operation 171 'load' 'compute_controller_bool_bool_unsigned_int_bool_bool_bool_bool_bool_u_357' <Predicate = true> <Delay = 0.67> <CoreInst = "RAM">   --->   Core 82 'RAM' <Latency = 1> <II = 1> <Delay = 0.67> <Storage> <Opcode : 'load' 'store'> <Ports = 2> <Width = 16> <Depth = 2> <RAM>
ST_5 : Operation 172 [1/1] (0.00ns)   --->   "%sext_ln45_82 = sext i16 %compute_controller_bool_bool_unsigned_int_bool_bool_bool_bool_bool_u_357" [/home/luka/Scripting/ELEC_498-Capstone-LiteLM/HLS-Verilog/Transformer_logic/src-hls/compute_controller.cpp:45->/home/luka/Scripting/ELEC_498-Capstone-LiteLM/HLS-Verilog/Transformer_logic/src-hls/compute_controller.cpp:716]   --->   Operation 172 'sext' 'sext_ln45_82' <Predicate = true> <Delay = 0.00>
ST_5 : Operation 173 [1/1] (0.00ns)   --->   "%sext_ln44_31 = sext i4 %w_34" [/home/luka/Scripting/ELEC_498-Capstone-LiteLM/HLS-Verilog/Transformer_logic/src-hls/compute_controller.cpp:44->/home/luka/Scripting/ELEC_498-Capstone-LiteLM/HLS-Verilog/Transformer_logic/src-hls/compute_controller.cpp:716]   --->   Operation 173 'sext' 'sext_ln44_31' <Predicate = true> <Delay = 0.00>
ST_5 : Operation 174 [1/1] (2.38ns)   --->   "%mul_ln45 = mul i20 %sext_ln45_82, i20 %sext_ln44_31" [/home/luka/Scripting/ELEC_498-Capstone-LiteLM/HLS-Verilog/Transformer_logic/src-hls/compute_controller.cpp:45->/home/luka/Scripting/ELEC_498-Capstone-LiteLM/HLS-Verilog/Transformer_logic/src-hls/compute_controller.cpp:716]   --->   Operation 174 'mul' 'mul_ln45' <Predicate = true> <Delay = 2.38> <CoreInst = "Multiplier">   --->   Core 3 'Multiplier' <Latency = 0> <II = 1> <Delay = 2.38> <FuncUnit> <Opcode : 'mul'> <InPorts = 2> <OutPorts = 1>
ST_5 : Operation 175 [1/1] (0.00ns)   --->   "%sext_ln45_85 = sext i20 %mul_ln45" [/home/luka/Scripting/ELEC_498-Capstone-LiteLM/HLS-Verilog/Transformer_logic/src-hls/compute_controller.cpp:45->/home/luka/Scripting/ELEC_498-Capstone-LiteLM/HLS-Verilog/Transformer_logic/src-hls/compute_controller.cpp:716]   --->   Operation 175 'sext' 'sext_ln45_85' <Predicate = true> <Delay = 0.00>
ST_5 : Operation 176 [2/3] (0.99ns) (grouped into DSP with root node add_ln45_31)   --->   "%mul_ln45_31 = mul i20 %sext_ln45_81, i20 %sext_ln44_30" [/home/luka/Scripting/ELEC_498-Capstone-LiteLM/HLS-Verilog/Transformer_logic/src-hls/compute_controller.cpp:45->/home/luka/Scripting/ELEC_498-Capstone-LiteLM/HLS-Verilog/Transformer_logic/src-hls/compute_controller.cpp:716]   --->   Operation 176 'mul' 'mul_ln45_31' <Predicate = true> <Delay = 0.99> <CoreInst = "DSP48">   --->   Core 124 'DSP48' <Latency = 3> <II = 1> <Delay = 0.53> <IPBlock> <Opcode : 'add' 'sub' 'mul' 'select'> <InPorts = 0> <OutPorts = 1> <Sync> <CReg>
ST_5 : Operation 177 [1/3] (0.00ns) (grouped into DSP with root node add_ln45)   --->   "%mul_ln45_32 = mul i20 %sext_ln45_80, i20 %sext_ln44_29" [/home/luka/Scripting/ELEC_498-Capstone-LiteLM/HLS-Verilog/Transformer_logic/src-hls/compute_controller.cpp:45->/home/luka/Scripting/ELEC_498-Capstone-LiteLM/HLS-Verilog/Transformer_logic/src-hls/compute_controller.cpp:716]   --->   Operation 177 'mul' 'mul_ln45_32' <Predicate = true> <Delay = 0.00> <CoreInst = "DSP48">   --->   Core 124 'DSP48' <Latency = 3> <II = 1> <Delay = 0.53> <IPBlock> <Opcode : 'add' 'sub' 'mul' 'select'> <InPorts = 0> <OutPorts = 1> <Sync> <CReg>
ST_5 : Operation 178 [1/1] (0.00ns) (grouped into DSP with root node add_ln45)   --->   "%sext_ln45_87 = sext i20 %mul_ln45_32" [/home/luka/Scripting/ELEC_498-Capstone-LiteLM/HLS-Verilog/Transformer_logic/src-hls/compute_controller.cpp:45->/home/luka/Scripting/ELEC_498-Capstone-LiteLM/HLS-Verilog/Transformer_logic/src-hls/compute_controller.cpp:716]   --->   Operation 178 'sext' 'sext_ln45_87' <Predicate = true> <Delay = 0.00>
ST_5 : Operation 179 [1/3] (0.00ns) (grouped into DSP with root node add_ln45_32)   --->   "%mul_ln45_33 = mul i20 %sext_ln45_79, i20 %sext_ln44_28" [/home/luka/Scripting/ELEC_498-Capstone-LiteLM/HLS-Verilog/Transformer_logic/src-hls/compute_controller.cpp:45->/home/luka/Scripting/ELEC_498-Capstone-LiteLM/HLS-Verilog/Transformer_logic/src-hls/compute_controller.cpp:716]   --->   Operation 179 'mul' 'mul_ln45_33' <Predicate = true> <Delay = 0.00> <CoreInst = "DSP48">   --->   Core 124 'DSP48' <Latency = 3> <II = 1> <Delay = 0.53> <IPBlock> <Opcode : 'add' 'sub' 'mul' 'select'> <InPorts = 0> <OutPorts = 1> <Sync> <CReg>
ST_5 : Operation 180 [1/1] (0.00ns) (grouped into DSP with root node add_ln45_32)   --->   "%sext_ln45_88 = sext i20 %mul_ln45_33" [/home/luka/Scripting/ELEC_498-Capstone-LiteLM/HLS-Verilog/Transformer_logic/src-hls/compute_controller.cpp:45->/home/luka/Scripting/ELEC_498-Capstone-LiteLM/HLS-Verilog/Transformer_logic/src-hls/compute_controller.cpp:716]   --->   Operation 180 'sext' 'sext_ln45_88' <Predicate = true> <Delay = 0.00>
ST_5 : Operation 181 [1/1] (2.38ns)   --->   "%mul_ln45_34 = mul i20 %sext_ln45, i20 %sext_ln44" [/home/luka/Scripting/ELEC_498-Capstone-LiteLM/HLS-Verilog/Transformer_logic/src-hls/compute_controller.cpp:45->/home/luka/Scripting/ELEC_498-Capstone-LiteLM/HLS-Verilog/Transformer_logic/src-hls/compute_controller.cpp:716]   --->   Operation 181 'mul' 'mul_ln45_34' <Predicate = true> <Delay = 2.38> <CoreInst = "Multiplier">   --->   Core 3 'Multiplier' <Latency = 0> <II = 1> <Delay = 2.38> <FuncUnit> <Opcode : 'mul'> <InPorts = 2> <OutPorts = 1>
ST_5 : Operation 182 [1/1] (0.00ns)   --->   "%sext_ln45_89 = sext i20 %mul_ln45_34" [/home/luka/Scripting/ELEC_498-Capstone-LiteLM/HLS-Verilog/Transformer_logic/src-hls/compute_controller.cpp:45->/home/luka/Scripting/ELEC_498-Capstone-LiteLM/HLS-Verilog/Transformer_logic/src-hls/compute_controller.cpp:716]   --->   Operation 182 'sext' 'sext_ln45_89' <Predicate = true> <Delay = 0.00>
ST_5 : Operation 183 [2/3] (0.99ns) (grouped into DSP with root node add_ln45_33)   --->   "%mul_ln45_35 = mul i20 %sext_ln45_83, i20 %sext_ln45_84" [/home/luka/Scripting/ELEC_498-Capstone-LiteLM/HLS-Verilog/Transformer_logic/src-hls/compute_controller.cpp:45->/home/luka/Scripting/ELEC_498-Capstone-LiteLM/HLS-Verilog/Transformer_logic/src-hls/compute_controller.cpp:716]   --->   Operation 183 'mul' 'mul_ln45_35' <Predicate = true> <Delay = 0.99> <CoreInst = "DSP48">   --->   Core 124 'DSP48' <Latency = 3> <II = 1> <Delay = 0.53> <IPBlock> <Opcode : 'add' 'sub' 'mul' 'select'> <InPorts = 0> <OutPorts = 1> <Sync> <CReg>
ST_5 : Operation 184 [2/2] (0.64ns) (root node of the DSP)   --->   "%add_ln45 = add i21 %sext_ln45_85, i21 %sext_ln45_87" [/home/luka/Scripting/ELEC_498-Capstone-LiteLM/HLS-Verilog/Transformer_logic/src-hls/compute_controller.cpp:45->/home/luka/Scripting/ELEC_498-Capstone-LiteLM/HLS-Verilog/Transformer_logic/src-hls/compute_controller.cpp:716]   --->   Operation 184 'add' 'add_ln45' <Predicate = true> <Delay = 0.64> <CoreInst = "DSP48">   --->   Core 124 'DSP48' <Latency = 3> <II = 1> <Delay = 0.53> <IPBlock> <Opcode : 'add' 'sub' 'mul' 'select'> <InPorts = 0> <OutPorts = 1> <Sync> <CReg>
ST_5 : Operation 185 [2/2] (0.64ns) (root node of the DSP)   --->   "%add_ln45_32 = add i21 %sext_ln45_89, i21 %sext_ln45_88" [/home/luka/Scripting/ELEC_498-Capstone-LiteLM/HLS-Verilog/Transformer_logic/src-hls/compute_controller.cpp:45->/home/luka/Scripting/ELEC_498-Capstone-LiteLM/HLS-Verilog/Transformer_logic/src-hls/compute_controller.cpp:716]   --->   Operation 185 'add' 'add_ln45_32' <Predicate = true> <Delay = 0.64> <CoreInst = "DSP48">   --->   Core 124 'DSP48' <Latency = 3> <II = 1> <Delay = 0.53> <IPBlock> <Opcode : 'add' 'sub' 'mul' 'select'> <InPorts = 0> <OutPorts = 1> <Sync> <CReg>
ST_5 : Operation 186 [1/2] ( I:0.67ns O:0.67ns )   --->   "%w_41 = load i3 %compute_controller_bool_bool_unsigned_int_bool_bool_bool_bool_bool_u_374" [/home/luka/Scripting/ELEC_498-Capstone-LiteLM/HLS-Verilog/Transformer_logic/src-hls/compute_controller.cpp:44->/home/luka/Scripting/ELEC_498-Capstone-LiteLM/HLS-Verilog/Transformer_logic/src-hls/compute_controller.cpp:716]   --->   Operation 186 'load' 'w_41' <Predicate = (!icmp_ln42)> <Delay = 0.67> <CoreInst = "RAM">   --->   Core 82 'RAM' <Latency = 1> <II = 1> <Delay = 0.67> <Storage> <Opcode : 'load' 'store'> <Ports = 2> <Width = 4> <Depth = 7> <RAM>
ST_5 : Operation 187 [1/2] ( I:0.67ns O:0.67ns )   --->   "%p_ZZ18compute_controllerbbjRbS_bS_S_RjPKhPhR12ComputeStateS0_RhS6_S6_S6_S_S_S_S_E_169 = load i1 %p_ZZ18compute_controllerbbjRbS_bS_S_RjPKhPhR12ComputeStateS0_RhS6_S6_S6_S_S_S_S_E_168" [/home/luka/Scripting/ELEC_498-Capstone-LiteLM/HLS-Verilog/Transformer_logic/src-hls/compute_controller.cpp:45->/home/luka/Scripting/ELEC_498-Capstone-LiteLM/HLS-Verilog/Transformer_logic/src-hls/compute_controller.cpp:716]   --->   Operation 187 'load' 'p_ZZ18compute_controllerbbjRbS_bS_S_RjPKhPhR12ComputeStateS0_RhS6_S6_S6_S_S_S_S_E_169' <Predicate = (!icmp_ln42)> <Delay = 0.67> <CoreInst = "RAM">   --->   Core 82 'RAM' <Latency = 1> <II = 1> <Delay = 0.67> <Storage> <Opcode : 'load' 'store'> <Ports = 2> <Width = 16> <Depth = 2> <RAM>
ST_5 : Operation 188 [1/1] (0.00ns)   --->   "%sext_ln45_98 = sext i16 %p_ZZ18compute_controllerbbjRbS_bS_S_RjPKhPhR12ComputeStateS0_RhS6_S6_S6_S_S_S_S_E_169" [/home/luka/Scripting/ELEC_498-Capstone-LiteLM/HLS-Verilog/Transformer_logic/src-hls/compute_controller.cpp:45->/home/luka/Scripting/ELEC_498-Capstone-LiteLM/HLS-Verilog/Transformer_logic/src-hls/compute_controller.cpp:716]   --->   Operation 188 'sext' 'sext_ln45_98' <Predicate = (!icmp_ln42)> <Delay = 0.00>
ST_5 : Operation 189 [1/1] (0.00ns)   --->   "%sext_ln44_37 = sext i4 %w_41" [/home/luka/Scripting/ELEC_498-Capstone-LiteLM/HLS-Verilog/Transformer_logic/src-hls/compute_controller.cpp:44->/home/luka/Scripting/ELEC_498-Capstone-LiteLM/HLS-Verilog/Transformer_logic/src-hls/compute_controller.cpp:716]   --->   Operation 189 'sext' 'sext_ln44_37' <Predicate = (!icmp_ln42)> <Delay = 0.00>
ST_5 : Operation 190 [1/2] ( I:0.67ns O:0.67ns )   --->   "%w_44 = load i3 %p_ZZ18compute_controllerbbjRbS_bS_S_RjPKhPhR12ComputeStateS0_RhS6_S6_S6_S_S_S_S_E_174" [/home/luka/Scripting/ELEC_498-Capstone-LiteLM/HLS-Verilog/Transformer_logic/src-hls/compute_controller.cpp:44->/home/luka/Scripting/ELEC_498-Capstone-LiteLM/HLS-Verilog/Transformer_logic/src-hls/compute_controller.cpp:716]   --->   Operation 190 'load' 'w_44' <Predicate = (!icmp_ln42)> <Delay = 0.67> <CoreInst = "RAM">   --->   Core 82 'RAM' <Latency = 1> <II = 1> <Delay = 0.67> <Storage> <Opcode : 'load' 'store'> <Ports = 2> <Width = 4> <Depth = 7> <RAM>
ST_5 : Operation 191 [1/2] ( I:0.67ns O:0.67ns )   --->   "%p_ZZ18compute_controllerbbjRbS_bS_S_RjPKhPhR12ComputeStateS0_RhS6_S6_S6_S_S_S_S_E_176 = load i1 %p_ZZ18compute_controllerbbjRbS_bS_S_RjPKhPhR12ComputeStateS0_RhS6_S6_S6_S_S_S_S_E_175" [/home/luka/Scripting/ELEC_498-Capstone-LiteLM/HLS-Verilog/Transformer_logic/src-hls/compute_controller.cpp:45->/home/luka/Scripting/ELEC_498-Capstone-LiteLM/HLS-Verilog/Transformer_logic/src-hls/compute_controller.cpp:716]   --->   Operation 191 'load' 'p_ZZ18compute_controllerbbjRbS_bS_S_RjPKhPhR12ComputeStateS0_RhS6_S6_S6_S_S_S_S_E_176' <Predicate = (!icmp_ln42)> <Delay = 0.67> <CoreInst = "RAM">   --->   Core 82 'RAM' <Latency = 1> <II = 1> <Delay = 0.67> <Storage> <Opcode : 'load' 'store'> <Ports = 2> <Width = 16> <Depth = 2> <RAM>
ST_5 : Operation 192 [1/1] (0.00ns)   --->   "%sext_ln45_101 = sext i16 %p_ZZ18compute_controllerbbjRbS_bS_S_RjPKhPhR12ComputeStateS0_RhS6_S6_S6_S_S_S_S_E_176" [/home/luka/Scripting/ELEC_498-Capstone-LiteLM/HLS-Verilog/Transformer_logic/src-hls/compute_controller.cpp:45->/home/luka/Scripting/ELEC_498-Capstone-LiteLM/HLS-Verilog/Transformer_logic/src-hls/compute_controller.cpp:716]   --->   Operation 192 'sext' 'sext_ln45_101' <Predicate = (!icmp_ln42)> <Delay = 0.00>
ST_5 : Operation 193 [1/1] (0.00ns)   --->   "%sext_ln44_40 = sext i4 %w_44" [/home/luka/Scripting/ELEC_498-Capstone-LiteLM/HLS-Verilog/Transformer_logic/src-hls/compute_controller.cpp:44->/home/luka/Scripting/ELEC_498-Capstone-LiteLM/HLS-Verilog/Transformer_logic/src-hls/compute_controller.cpp:716]   --->   Operation 193 'sext' 'sext_ln44_40' <Predicate = (!icmp_ln42)> <Delay = 0.00>
ST_5 : Operation 194 [2/3] (0.99ns) (grouped into DSP with root node add_ln45_40)   --->   "%mul_ln45_36 = mul i20 %sext_ln45_97, i20 %sext_ln44_36" [/home/luka/Scripting/ELEC_498-Capstone-LiteLM/HLS-Verilog/Transformer_logic/src-hls/compute_controller.cpp:45->/home/luka/Scripting/ELEC_498-Capstone-LiteLM/HLS-Verilog/Transformer_logic/src-hls/compute_controller.cpp:716]   --->   Operation 194 'mul' 'mul_ln45_36' <Predicate = (!icmp_ln42)> <Delay = 0.99> <CoreInst = "DSP48">   --->   Core 124 'DSP48' <Latency = 3> <II = 1> <Delay = 0.53> <IPBlock> <Opcode : 'add' 'sub' 'mul' 'select'> <InPorts = 0> <OutPorts = 1> <Sync> <CReg>
ST_5 : Operation 195 [1/3] (0.00ns) (grouped into DSP with root node add_ln45_37)   --->   "%mul_ln45_39 = mul i20 %sext_ln45_94, i20 %sext_ln44_33" [/home/luka/Scripting/ELEC_498-Capstone-LiteLM/HLS-Verilog/Transformer_logic/src-hls/compute_controller.cpp:45->/home/luka/Scripting/ELEC_498-Capstone-LiteLM/HLS-Verilog/Transformer_logic/src-hls/compute_controller.cpp:716]   --->   Operation 195 'mul' 'mul_ln45_39' <Predicate = (!icmp_ln42)> <Delay = 0.00> <CoreInst = "DSP48">   --->   Core 124 'DSP48' <Latency = 3> <II = 1> <Delay = 0.53> <IPBlock> <Opcode : 'add' 'sub' 'mul' 'select'> <InPorts = 0> <OutPorts = 1> <Sync> <CReg>
ST_5 : Operation 196 [1/1] (0.00ns) (grouped into DSP with root node add_ln45_37)   --->   "%sext_ln45_107 = sext i20 %mul_ln45_39" [/home/luka/Scripting/ELEC_498-Capstone-LiteLM/HLS-Verilog/Transformer_logic/src-hls/compute_controller.cpp:45->/home/luka/Scripting/ELEC_498-Capstone-LiteLM/HLS-Verilog/Transformer_logic/src-hls/compute_controller.cpp:716]   --->   Operation 196 'sext' 'sext_ln45_107' <Predicate = (!icmp_ln42)> <Delay = 0.00>
ST_5 : Operation 197 [2/3] (0.99ns) (grouped into DSP with root node add_ln45_38)   --->   "%mul_ln45_40 = mul i20 %sext_ln45_93, i20 %sext_ln44_32" [/home/luka/Scripting/ELEC_498-Capstone-LiteLM/HLS-Verilog/Transformer_logic/src-hls/compute_controller.cpp:45->/home/luka/Scripting/ELEC_498-Capstone-LiteLM/HLS-Verilog/Transformer_logic/src-hls/compute_controller.cpp:716]   --->   Operation 197 'mul' 'mul_ln45_40' <Predicate = (!icmp_ln42)> <Delay = 0.99> <CoreInst = "DSP48">   --->   Core 124 'DSP48' <Latency = 3> <II = 1> <Delay = 0.53> <IPBlock> <Opcode : 'add' 'sub' 'mul' 'select'> <InPorts = 0> <OutPorts = 1> <Sync> <CReg>
ST_5 : Operation 198 [1/3] (0.00ns) (grouped into DSP with root node add_ln45_42)   --->   "%mul_ln45_41 = mul i20 %sext_ln45_102, i20 %sext_ln45_103" [/home/luka/Scripting/ELEC_498-Capstone-LiteLM/HLS-Verilog/Transformer_logic/src-hls/compute_controller.cpp:45->/home/luka/Scripting/ELEC_498-Capstone-LiteLM/HLS-Verilog/Transformer_logic/src-hls/compute_controller.cpp:716]   --->   Operation 198 'mul' 'mul_ln45_41' <Predicate = (!icmp_ln42)> <Delay = 0.00> <CoreInst = "DSP48">   --->   Core 124 'DSP48' <Latency = 3> <II = 1> <Delay = 0.53> <IPBlock> <Opcode : 'add' 'sub' 'mul' 'select'> <InPorts = 0> <OutPorts = 1> <Sync> <CReg>
ST_5 : Operation 199 [1/1] (0.00ns) (grouped into DSP with root node add_ln45_42)   --->   "%sext_ln45_109 = sext i20 %mul_ln45_41" [/home/luka/Scripting/ELEC_498-Capstone-LiteLM/HLS-Verilog/Transformer_logic/src-hls/compute_controller.cpp:45->/home/luka/Scripting/ELEC_498-Capstone-LiteLM/HLS-Verilog/Transformer_logic/src-hls/compute_controller.cpp:716]   --->   Operation 199 'sext' 'sext_ln45_109' <Predicate = (!icmp_ln42)> <Delay = 0.00>
ST_5 : Operation 200 [1/1] (2.38ns)   --->   "%mul_ln45_42 = mul i20 %sext_ln45_101, i20 %sext_ln44_40" [/home/luka/Scripting/ELEC_498-Capstone-LiteLM/HLS-Verilog/Transformer_logic/src-hls/compute_controller.cpp:45->/home/luka/Scripting/ELEC_498-Capstone-LiteLM/HLS-Verilog/Transformer_logic/src-hls/compute_controller.cpp:716]   --->   Operation 200 'mul' 'mul_ln45_42' <Predicate = (!icmp_ln42)> <Delay = 2.38> <CoreInst = "Multiplier">   --->   Core 3 'Multiplier' <Latency = 0> <II = 1> <Delay = 2.38> <FuncUnit> <Opcode : 'mul'> <InPorts = 2> <OutPorts = 1>
ST_5 : Operation 201 [1/1] (0.00ns)   --->   "%sext_ln45_110 = sext i20 %mul_ln45_42" [/home/luka/Scripting/ELEC_498-Capstone-LiteLM/HLS-Verilog/Transformer_logic/src-hls/compute_controller.cpp:45->/home/luka/Scripting/ELEC_498-Capstone-LiteLM/HLS-Verilog/Transformer_logic/src-hls/compute_controller.cpp:716]   --->   Operation 201 'sext' 'sext_ln45_110' <Predicate = (!icmp_ln42)> <Delay = 0.00>
ST_5 : Operation 202 [2/3] (0.99ns) (grouped into DSP with root node add_ln45_43)   --->   "%mul_ln45_43 = mul i20 %sext_ln45_100, i20 %sext_ln44_39" [/home/luka/Scripting/ELEC_498-Capstone-LiteLM/HLS-Verilog/Transformer_logic/src-hls/compute_controller.cpp:45->/home/luka/Scripting/ELEC_498-Capstone-LiteLM/HLS-Verilog/Transformer_logic/src-hls/compute_controller.cpp:716]   --->   Operation 202 'mul' 'mul_ln45_43' <Predicate = (!icmp_ln42)> <Delay = 0.99> <CoreInst = "DSP48">   --->   Core 124 'DSP48' <Latency = 3> <II = 1> <Delay = 0.53> <IPBlock> <Opcode : 'add' 'sub' 'mul' 'select'> <InPorts = 0> <OutPorts = 1> <Sync> <CReg>
ST_5 : Operation 203 [1/3] (0.00ns) (grouped into DSP with root node add_ln45_39)   --->   "%mul_ln45_44 = mul i20 %sext_ln45_99, i20 %sext_ln44_38" [/home/luka/Scripting/ELEC_498-Capstone-LiteLM/HLS-Verilog/Transformer_logic/src-hls/compute_controller.cpp:45->/home/luka/Scripting/ELEC_498-Capstone-LiteLM/HLS-Verilog/Transformer_logic/src-hls/compute_controller.cpp:716]   --->   Operation 203 'mul' 'mul_ln45_44' <Predicate = (!icmp_ln42)> <Delay = 0.00> <CoreInst = "DSP48">   --->   Core 124 'DSP48' <Latency = 3> <II = 1> <Delay = 0.53> <IPBlock> <Opcode : 'add' 'sub' 'mul' 'select'> <InPorts = 0> <OutPorts = 1> <Sync> <CReg>
ST_5 : Operation 204 [1/1] (0.00ns) (grouped into DSP with root node add_ln45_39)   --->   "%sext_ln45_112 = sext i20 %mul_ln45_44" [/home/luka/Scripting/ELEC_498-Capstone-LiteLM/HLS-Verilog/Transformer_logic/src-hls/compute_controller.cpp:45->/home/luka/Scripting/ELEC_498-Capstone-LiteLM/HLS-Verilog/Transformer_logic/src-hls/compute_controller.cpp:716]   --->   Operation 204 'sext' 'sext_ln45_112' <Predicate = (!icmp_ln42)> <Delay = 0.00>
ST_5 : Operation 205 [1/1] (2.38ns)   --->   "%mul_ln45_45 = mul i20 %sext_ln45_98, i20 %sext_ln44_37" [/home/luka/Scripting/ELEC_498-Capstone-LiteLM/HLS-Verilog/Transformer_logic/src-hls/compute_controller.cpp:45->/home/luka/Scripting/ELEC_498-Capstone-LiteLM/HLS-Verilog/Transformer_logic/src-hls/compute_controller.cpp:716]   --->   Operation 205 'mul' 'mul_ln45_45' <Predicate = (!icmp_ln42)> <Delay = 2.38> <CoreInst = "Multiplier">   --->   Core 3 'Multiplier' <Latency = 0> <II = 1> <Delay = 2.38> <FuncUnit> <Opcode : 'mul'> <InPorts = 2> <OutPorts = 1>
ST_5 : Operation 206 [1/1] (0.00ns)   --->   "%sext_ln45_113 = sext i20 %mul_ln45_45" [/home/luka/Scripting/ELEC_498-Capstone-LiteLM/HLS-Verilog/Transformer_logic/src-hls/compute_controller.cpp:45->/home/luka/Scripting/ELEC_498-Capstone-LiteLM/HLS-Verilog/Transformer_logic/src-hls/compute_controller.cpp:716]   --->   Operation 206 'sext' 'sext_ln45_113' <Predicate = (!icmp_ln42)> <Delay = 0.00>
ST_5 : Operation 207 [1/2] (0.64ns) (root node of the DSP)   --->   "%add_ln45_36 = add i21 %sext_ln45_106, i21 %sext_ln45_105" [/home/luka/Scripting/ELEC_498-Capstone-LiteLM/HLS-Verilog/Transformer_logic/src-hls/compute_controller.cpp:45->/home/luka/Scripting/ELEC_498-Capstone-LiteLM/HLS-Verilog/Transformer_logic/src-hls/compute_controller.cpp:716]   --->   Operation 207 'add' 'add_ln45_36' <Predicate = (!icmp_ln42)> <Delay = 0.64> <CoreInst = "DSP48">   --->   Core 124 'DSP48' <Latency = 3> <II = 1> <Delay = 0.53> <IPBlock> <Opcode : 'add' 'sub' 'mul' 'select'> <InPorts = 0> <OutPorts = 1> <Sync> <CReg>
ST_5 : Operation 208 [2/2] (0.64ns) (root node of the DSP)   --->   "%add_ln45_37 = add i21 %add_ln45_36, i21 %sext_ln45_107" [/home/luka/Scripting/ELEC_498-Capstone-LiteLM/HLS-Verilog/Transformer_logic/src-hls/compute_controller.cpp:45->/home/luka/Scripting/ELEC_498-Capstone-LiteLM/HLS-Verilog/Transformer_logic/src-hls/compute_controller.cpp:716]   --->   Operation 208 'add' 'add_ln45_37' <Predicate = (!icmp_ln42)> <Delay = 0.64> <CoreInst = "DSP48">   --->   Core 124 'DSP48' <Latency = 3> <II = 1> <Delay = 0.53> <IPBlock> <Opcode : 'add' 'sub' 'mul' 'select'> <InPorts = 0> <OutPorts = 1> <Sync> <CReg>
ST_5 : Operation 209 [2/2] (0.64ns) (root node of the DSP)   --->   "%add_ln45_39 = add i21 %sext_ln45_113, i21 %sext_ln45_112" [/home/luka/Scripting/ELEC_498-Capstone-LiteLM/HLS-Verilog/Transformer_logic/src-hls/compute_controller.cpp:45->/home/luka/Scripting/ELEC_498-Capstone-LiteLM/HLS-Verilog/Transformer_logic/src-hls/compute_controller.cpp:716]   --->   Operation 209 'add' 'add_ln45_39' <Predicate = (!icmp_ln42)> <Delay = 0.64> <CoreInst = "DSP48">   --->   Core 124 'DSP48' <Latency = 3> <II = 1> <Delay = 0.53> <IPBlock> <Opcode : 'add' 'sub' 'mul' 'select'> <InPorts = 0> <OutPorts = 1> <Sync> <CReg>
ST_5 : Operation 210 [2/2] (0.64ns) (root node of the DSP)   --->   "%add_ln45_42 = add i21 %sext_ln45_110, i21 %sext_ln45_109" [/home/luka/Scripting/ELEC_498-Capstone-LiteLM/HLS-Verilog/Transformer_logic/src-hls/compute_controller.cpp:45->/home/luka/Scripting/ELEC_498-Capstone-LiteLM/HLS-Verilog/Transformer_logic/src-hls/compute_controller.cpp:716]   --->   Operation 210 'add' 'add_ln45_42' <Predicate = (!icmp_ln42)> <Delay = 0.64> <CoreInst = "DSP48">   --->   Core 124 'DSP48' <Latency = 3> <II = 1> <Delay = 0.53> <IPBlock> <Opcode : 'add' 'sub' 'mul' 'select'> <InPorts = 0> <OutPorts = 1> <Sync> <CReg>

State 6 <SV = 5> <Delay = 1.29>
ST_6 : Operation 211 [1/3] (0.00ns) (grouped into DSP with root node add_ln45_31)   --->   "%mul_ln45_31 = mul i20 %sext_ln45_81, i20 %sext_ln44_30" [/home/luka/Scripting/ELEC_498-Capstone-LiteLM/HLS-Verilog/Transformer_logic/src-hls/compute_controller.cpp:45->/home/luka/Scripting/ELEC_498-Capstone-LiteLM/HLS-Verilog/Transformer_logic/src-hls/compute_controller.cpp:716]   --->   Operation 211 'mul' 'mul_ln45_31' <Predicate = true> <Delay = 0.00> <CoreInst = "DSP48">   --->   Core 124 'DSP48' <Latency = 3> <II = 1> <Delay = 0.53> <IPBlock> <Opcode : 'add' 'sub' 'mul' 'select'> <InPorts = 0> <OutPorts = 1> <Sync> <CReg>
ST_6 : Operation 212 [1/1] (0.00ns) (grouped into DSP with root node add_ln45_31)   --->   "%sext_ln45_86 = sext i20 %mul_ln45_31" [/home/luka/Scripting/ELEC_498-Capstone-LiteLM/HLS-Verilog/Transformer_logic/src-hls/compute_controller.cpp:45->/home/luka/Scripting/ELEC_498-Capstone-LiteLM/HLS-Verilog/Transformer_logic/src-hls/compute_controller.cpp:716]   --->   Operation 212 'sext' 'sext_ln45_86' <Predicate = true> <Delay = 0.00>
ST_6 : Operation 213 [1/3] (0.00ns) (grouped into DSP with root node add_ln45_33)   --->   "%mul_ln45_35 = mul i20 %sext_ln45_83, i20 %sext_ln45_84" [/home/luka/Scripting/ELEC_498-Capstone-LiteLM/HLS-Verilog/Transformer_logic/src-hls/compute_controller.cpp:45->/home/luka/Scripting/ELEC_498-Capstone-LiteLM/HLS-Verilog/Transformer_logic/src-hls/compute_controller.cpp:716]   --->   Operation 213 'mul' 'mul_ln45_35' <Predicate = true> <Delay = 0.00> <CoreInst = "DSP48">   --->   Core 124 'DSP48' <Latency = 3> <II = 1> <Delay = 0.53> <IPBlock> <Opcode : 'add' 'sub' 'mul' 'select'> <InPorts = 0> <OutPorts = 1> <Sync> <CReg>
ST_6 : Operation 214 [1/1] (0.00ns) (grouped into DSP with root node add_ln45_33)   --->   "%sext_ln45_90 = sext i20 %mul_ln45_35" [/home/luka/Scripting/ELEC_498-Capstone-LiteLM/HLS-Verilog/Transformer_logic/src-hls/compute_controller.cpp:45->/home/luka/Scripting/ELEC_498-Capstone-LiteLM/HLS-Verilog/Transformer_logic/src-hls/compute_controller.cpp:716]   --->   Operation 214 'sext' 'sext_ln45_90' <Predicate = true> <Delay = 0.00>
ST_6 : Operation 215 [1/2] (0.64ns) (root node of the DSP)   --->   "%add_ln45 = add i21 %sext_ln45_85, i21 %sext_ln45_87" [/home/luka/Scripting/ELEC_498-Capstone-LiteLM/HLS-Verilog/Transformer_logic/src-hls/compute_controller.cpp:45->/home/luka/Scripting/ELEC_498-Capstone-LiteLM/HLS-Verilog/Transformer_logic/src-hls/compute_controller.cpp:716]   --->   Operation 215 'add' 'add_ln45' <Predicate = true> <Delay = 0.64> <CoreInst = "DSP48">   --->   Core 124 'DSP48' <Latency = 3> <II = 1> <Delay = 0.53> <IPBlock> <Opcode : 'add' 'sub' 'mul' 'select'> <InPorts = 0> <OutPorts = 1> <Sync> <CReg>
ST_6 : Operation 216 [2/2] (0.64ns) (root node of the DSP)   --->   "%add_ln45_31 = add i21 %add_ln45, i21 %sext_ln45_86" [/home/luka/Scripting/ELEC_498-Capstone-LiteLM/HLS-Verilog/Transformer_logic/src-hls/compute_controller.cpp:45->/home/luka/Scripting/ELEC_498-Capstone-LiteLM/HLS-Verilog/Transformer_logic/src-hls/compute_controller.cpp:716]   --->   Operation 216 'add' 'add_ln45_31' <Predicate = true> <Delay = 0.64> <CoreInst = "DSP48">   --->   Core 124 'DSP48' <Latency = 3> <II = 1> <Delay = 0.53> <IPBlock> <Opcode : 'add' 'sub' 'mul' 'select'> <InPorts = 0> <OutPorts = 1> <Sync> <CReg>
ST_6 : Operation 217 [1/2] (0.64ns) (root node of the DSP)   --->   "%add_ln45_32 = add i21 %sext_ln45_89, i21 %sext_ln45_88" [/home/luka/Scripting/ELEC_498-Capstone-LiteLM/HLS-Verilog/Transformer_logic/src-hls/compute_controller.cpp:45->/home/luka/Scripting/ELEC_498-Capstone-LiteLM/HLS-Verilog/Transformer_logic/src-hls/compute_controller.cpp:716]   --->   Operation 217 'add' 'add_ln45_32' <Predicate = true> <Delay = 0.64> <CoreInst = "DSP48">   --->   Core 124 'DSP48' <Latency = 3> <II = 1> <Delay = 0.53> <IPBlock> <Opcode : 'add' 'sub' 'mul' 'select'> <InPorts = 0> <OutPorts = 1> <Sync> <CReg>
ST_6 : Operation 218 [1/1] (0.00ns)   --->   "%sext_ln45_92 = sext i21 %add_ln45_32" [/home/luka/Scripting/ELEC_498-Capstone-LiteLM/HLS-Verilog/Transformer_logic/src-hls/compute_controller.cpp:45->/home/luka/Scripting/ELEC_498-Capstone-LiteLM/HLS-Verilog/Transformer_logic/src-hls/compute_controller.cpp:716]   --->   Operation 218 'sext' 'sext_ln45_92' <Predicate = true> <Delay = 0.00>
ST_6 : Operation 219 [2/2] (0.64ns) (root node of the DSP)   --->   "%add_ln45_33 = add i32 %sext_ln45_92, i32 %sext_ln45_90" [/home/luka/Scripting/ELEC_498-Capstone-LiteLM/HLS-Verilog/Transformer_logic/src-hls/compute_controller.cpp:45->/home/luka/Scripting/ELEC_498-Capstone-LiteLM/HLS-Verilog/Transformer_logic/src-hls/compute_controller.cpp:716]   --->   Operation 219 'add' 'add_ln45_33' <Predicate = true> <Delay = 0.64> <CoreInst = "DSP48">   --->   Core 124 'DSP48' <Latency = 3> <II = 1> <Delay = 0.53> <IPBlock> <Opcode : 'add' 'sub' 'mul' 'select'> <InPorts = 0> <OutPorts = 1> <Sync> <CReg>
ST_6 : Operation 220 [1/3] (0.00ns) (grouped into DSP with root node add_ln45_40)   --->   "%mul_ln45_36 = mul i20 %sext_ln45_97, i20 %sext_ln44_36" [/home/luka/Scripting/ELEC_498-Capstone-LiteLM/HLS-Verilog/Transformer_logic/src-hls/compute_controller.cpp:45->/home/luka/Scripting/ELEC_498-Capstone-LiteLM/HLS-Verilog/Transformer_logic/src-hls/compute_controller.cpp:716]   --->   Operation 220 'mul' 'mul_ln45_36' <Predicate = (!icmp_ln42)> <Delay = 0.00> <CoreInst = "DSP48">   --->   Core 124 'DSP48' <Latency = 3> <II = 1> <Delay = 0.53> <IPBlock> <Opcode : 'add' 'sub' 'mul' 'select'> <InPorts = 0> <OutPorts = 1> <Sync> <CReg>
ST_6 : Operation 221 [1/1] (0.00ns) (grouped into DSP with root node add_ln45_40)   --->   "%sext_ln45_104 = sext i20 %mul_ln45_36" [/home/luka/Scripting/ELEC_498-Capstone-LiteLM/HLS-Verilog/Transformer_logic/src-hls/compute_controller.cpp:45->/home/luka/Scripting/ELEC_498-Capstone-LiteLM/HLS-Verilog/Transformer_logic/src-hls/compute_controller.cpp:716]   --->   Operation 221 'sext' 'sext_ln45_104' <Predicate = (!icmp_ln42)> <Delay = 0.00>
ST_6 : Operation 222 [1/3] (0.00ns) (grouped into DSP with root node add_ln45_38)   --->   "%mul_ln45_40 = mul i20 %sext_ln45_93, i20 %sext_ln44_32" [/home/luka/Scripting/ELEC_498-Capstone-LiteLM/HLS-Verilog/Transformer_logic/src-hls/compute_controller.cpp:45->/home/luka/Scripting/ELEC_498-Capstone-LiteLM/HLS-Verilog/Transformer_logic/src-hls/compute_controller.cpp:716]   --->   Operation 222 'mul' 'mul_ln45_40' <Predicate = (!icmp_ln42)> <Delay = 0.00> <CoreInst = "DSP48">   --->   Core 124 'DSP48' <Latency = 3> <II = 1> <Delay = 0.53> <IPBlock> <Opcode : 'add' 'sub' 'mul' 'select'> <InPorts = 0> <OutPorts = 1> <Sync> <CReg>
ST_6 : Operation 223 [1/1] (0.00ns) (grouped into DSP with root node add_ln45_38)   --->   "%sext_ln45_108 = sext i20 %mul_ln45_40" [/home/luka/Scripting/ELEC_498-Capstone-LiteLM/HLS-Verilog/Transformer_logic/src-hls/compute_controller.cpp:45->/home/luka/Scripting/ELEC_498-Capstone-LiteLM/HLS-Verilog/Transformer_logic/src-hls/compute_controller.cpp:716]   --->   Operation 223 'sext' 'sext_ln45_108' <Predicate = (!icmp_ln42)> <Delay = 0.00>
ST_6 : Operation 224 [1/3] (0.00ns) (grouped into DSP with root node add_ln45_43)   --->   "%mul_ln45_43 = mul i20 %sext_ln45_100, i20 %sext_ln44_39" [/home/luka/Scripting/ELEC_498-Capstone-LiteLM/HLS-Verilog/Transformer_logic/src-hls/compute_controller.cpp:45->/home/luka/Scripting/ELEC_498-Capstone-LiteLM/HLS-Verilog/Transformer_logic/src-hls/compute_controller.cpp:716]   --->   Operation 224 'mul' 'mul_ln45_43' <Predicate = (!icmp_ln42)> <Delay = 0.00> <CoreInst = "DSP48">   --->   Core 124 'DSP48' <Latency = 3> <II = 1> <Delay = 0.53> <IPBlock> <Opcode : 'add' 'sub' 'mul' 'select'> <InPorts = 0> <OutPorts = 1> <Sync> <CReg>
ST_6 : Operation 225 [1/1] (0.00ns) (grouped into DSP with root node add_ln45_43)   --->   "%sext_ln45_111 = sext i20 %mul_ln45_43" [/home/luka/Scripting/ELEC_498-Capstone-LiteLM/HLS-Verilog/Transformer_logic/src-hls/compute_controller.cpp:45->/home/luka/Scripting/ELEC_498-Capstone-LiteLM/HLS-Verilog/Transformer_logic/src-hls/compute_controller.cpp:716]   --->   Operation 225 'sext' 'sext_ln45_111' <Predicate = (!icmp_ln42)> <Delay = 0.00>
ST_6 : Operation 226 [1/2] (0.64ns) (root node of the DSP)   --->   "%add_ln45_37 = add i21 %add_ln45_36, i21 %sext_ln45_107" [/home/luka/Scripting/ELEC_498-Capstone-LiteLM/HLS-Verilog/Transformer_logic/src-hls/compute_controller.cpp:45->/home/luka/Scripting/ELEC_498-Capstone-LiteLM/HLS-Verilog/Transformer_logic/src-hls/compute_controller.cpp:716]   --->   Operation 226 'add' 'add_ln45_37' <Predicate = (!icmp_ln42)> <Delay = 0.64> <CoreInst = "DSP48">   --->   Core 124 'DSP48' <Latency = 3> <II = 1> <Delay = 0.53> <IPBlock> <Opcode : 'add' 'sub' 'mul' 'select'> <InPorts = 0> <OutPorts = 1> <Sync> <CReg>
ST_6 : Operation 227 [1/1] (0.00ns)   --->   "%sext_ln45_114 = sext i21 %add_ln45_37" [/home/luka/Scripting/ELEC_498-Capstone-LiteLM/HLS-Verilog/Transformer_logic/src-hls/compute_controller.cpp:45->/home/luka/Scripting/ELEC_498-Capstone-LiteLM/HLS-Verilog/Transformer_logic/src-hls/compute_controller.cpp:716]   --->   Operation 227 'sext' 'sext_ln45_114' <Predicate = (!icmp_ln42)> <Delay = 0.00>
ST_6 : Operation 228 [2/2] (0.64ns) (root node of the DSP)   --->   "%add_ln45_38 = add i32 %sext_ln45_114, i32 %sext_ln45_108" [/home/luka/Scripting/ELEC_498-Capstone-LiteLM/HLS-Verilog/Transformer_logic/src-hls/compute_controller.cpp:45->/home/luka/Scripting/ELEC_498-Capstone-LiteLM/HLS-Verilog/Transformer_logic/src-hls/compute_controller.cpp:716]   --->   Operation 228 'add' 'add_ln45_38' <Predicate = (!icmp_ln42)> <Delay = 0.64> <CoreInst = "DSP48">   --->   Core 124 'DSP48' <Latency = 3> <II = 1> <Delay = 0.53> <IPBlock> <Opcode : 'add' 'sub' 'mul' 'select'> <InPorts = 0> <OutPorts = 1> <Sync> <CReg>
ST_6 : Operation 229 [1/2] (0.64ns) (root node of the DSP)   --->   "%add_ln45_39 = add i21 %sext_ln45_113, i21 %sext_ln45_112" [/home/luka/Scripting/ELEC_498-Capstone-LiteLM/HLS-Verilog/Transformer_logic/src-hls/compute_controller.cpp:45->/home/luka/Scripting/ELEC_498-Capstone-LiteLM/HLS-Verilog/Transformer_logic/src-hls/compute_controller.cpp:716]   --->   Operation 229 'add' 'add_ln45_39' <Predicate = (!icmp_ln42)> <Delay = 0.64> <CoreInst = "DSP48">   --->   Core 124 'DSP48' <Latency = 3> <II = 1> <Delay = 0.53> <IPBlock> <Opcode : 'add' 'sub' 'mul' 'select'> <InPorts = 0> <OutPorts = 1> <Sync> <CReg>
ST_6 : Operation 230 [2/2] (0.64ns) (root node of the DSP)   --->   "%add_ln45_40 = add i21 %add_ln45_39, i21 %sext_ln45_104" [/home/luka/Scripting/ELEC_498-Capstone-LiteLM/HLS-Verilog/Transformer_logic/src-hls/compute_controller.cpp:45->/home/luka/Scripting/ELEC_498-Capstone-LiteLM/HLS-Verilog/Transformer_logic/src-hls/compute_controller.cpp:716]   --->   Operation 230 'add' 'add_ln45_40' <Predicate = (!icmp_ln42)> <Delay = 0.64> <CoreInst = "DSP48">   --->   Core 124 'DSP48' <Latency = 3> <II = 1> <Delay = 0.53> <IPBlock> <Opcode : 'add' 'sub' 'mul' 'select'> <InPorts = 0> <OutPorts = 1> <Sync> <CReg>
ST_6 : Operation 231 [1/2] (0.64ns) (root node of the DSP)   --->   "%add_ln45_42 = add i21 %sext_ln45_110, i21 %sext_ln45_109" [/home/luka/Scripting/ELEC_498-Capstone-LiteLM/HLS-Verilog/Transformer_logic/src-hls/compute_controller.cpp:45->/home/luka/Scripting/ELEC_498-Capstone-LiteLM/HLS-Verilog/Transformer_logic/src-hls/compute_controller.cpp:716]   --->   Operation 231 'add' 'add_ln45_42' <Predicate = (!icmp_ln42)> <Delay = 0.64> <CoreInst = "DSP48">   --->   Core 124 'DSP48' <Latency = 3> <II = 1> <Delay = 0.53> <IPBlock> <Opcode : 'add' 'sub' 'mul' 'select'> <InPorts = 0> <OutPorts = 1> <Sync> <CReg>
ST_6 : Operation 232 [2/2] (0.64ns) (root node of the DSP)   --->   "%add_ln45_43 = add i21 %add_ln45_42, i21 %sext_ln45_111" [/home/luka/Scripting/ELEC_498-Capstone-LiteLM/HLS-Verilog/Transformer_logic/src-hls/compute_controller.cpp:45->/home/luka/Scripting/ELEC_498-Capstone-LiteLM/HLS-Verilog/Transformer_logic/src-hls/compute_controller.cpp:716]   --->   Operation 232 'add' 'add_ln45_43' <Predicate = (!icmp_ln42)> <Delay = 0.64> <CoreInst = "DSP48">   --->   Core 124 'DSP48' <Latency = 3> <II = 1> <Delay = 0.53> <IPBlock> <Opcode : 'add' 'sub' 'mul' 'select'> <InPorts = 0> <OutPorts = 1> <Sync> <CReg>

State 7 <SV = 6> <Delay = 2.70>
ST_7 : Operation 233 [1/1] (0.00ns)   --->   "%acc_7 = load i32 %acc" [/home/luka/Scripting/ELEC_498-Capstone-LiteLM/HLS-Verilog/Transformer_logic/src-hls/compute_controller.cpp:45->/home/luka/Scripting/ELEC_498-Capstone-LiteLM/HLS-Verilog/Transformer_logic/src-hls/compute_controller.cpp:716]   --->   Operation 233 'load' 'acc_7' <Predicate = true> <Delay = 0.00>
ST_7 : Operation 234 [1/1] (0.00ns)   --->   "%specpipeline_ln41 = specpipeline void @_ssdm_op_SpecPipeline, i32 4294967295, i32 0, i32 0, i32 0, void @empty_8" [/home/luka/Scripting/ELEC_498-Capstone-LiteLM/HLS-Verilog/Transformer_logic/src-hls/compute_controller.cpp:41->/home/luka/Scripting/ELEC_498-Capstone-LiteLM/HLS-Verilog/Transformer_logic/src-hls/compute_controller.cpp:716]   --->   Operation 234 'specpipeline' 'specpipeline_ln41' <Predicate = true> <Delay = 0.00>
ST_7 : Operation 235 [1/1] (0.00ns)   --->   "%specloopname_ln42 = specloopname void @_ssdm_op_SpecLoopName, void @empty_15" [/home/luka/Scripting/ELEC_498-Capstone-LiteLM/HLS-Verilog/Transformer_logic/src-hls/compute_controller.cpp:42->/home/luka/Scripting/ELEC_498-Capstone-LiteLM/HLS-Verilog/Transformer_logic/src-hls/compute_controller.cpp:716]   --->   Operation 235 'specloopname' 'specloopname_ln42' <Predicate = true> <Delay = 0.00>
ST_7 : Operation 236 [1/2] (0.64ns) (root node of the DSP)   --->   "%add_ln45_31 = add i21 %add_ln45, i21 %sext_ln45_86" [/home/luka/Scripting/ELEC_498-Capstone-LiteLM/HLS-Verilog/Transformer_logic/src-hls/compute_controller.cpp:45->/home/luka/Scripting/ELEC_498-Capstone-LiteLM/HLS-Verilog/Transformer_logic/src-hls/compute_controller.cpp:716]   --->   Operation 236 'add' 'add_ln45_31' <Predicate = true> <Delay = 0.64> <CoreInst = "DSP48">   --->   Core 124 'DSP48' <Latency = 3> <II = 1> <Delay = 0.53> <IPBlock> <Opcode : 'add' 'sub' 'mul' 'select'> <InPorts = 0> <OutPorts = 1> <Sync> <CReg>
ST_7 : Operation 237 [1/1] (0.00ns)   --->   "%sext_ln45_91 = sext i21 %add_ln45_31" [/home/luka/Scripting/ELEC_498-Capstone-LiteLM/HLS-Verilog/Transformer_logic/src-hls/compute_controller.cpp:45->/home/luka/Scripting/ELEC_498-Capstone-LiteLM/HLS-Verilog/Transformer_logic/src-hls/compute_controller.cpp:716]   --->   Operation 237 'sext' 'sext_ln45_91' <Predicate = true> <Delay = 0.00>
ST_7 : Operation 238 [1/2] (0.64ns) (root node of the DSP)   --->   "%add_ln45_33 = add i32 %sext_ln45_92, i32 %sext_ln45_90" [/home/luka/Scripting/ELEC_498-Capstone-LiteLM/HLS-Verilog/Transformer_logic/src-hls/compute_controller.cpp:45->/home/luka/Scripting/ELEC_498-Capstone-LiteLM/HLS-Verilog/Transformer_logic/src-hls/compute_controller.cpp:716]   --->   Operation 238 'add' 'add_ln45_33' <Predicate = true> <Delay = 0.64> <CoreInst = "DSP48">   --->   Core 124 'DSP48' <Latency = 3> <II = 1> <Delay = 0.53> <IPBlock> <Opcode : 'add' 'sub' 'mul' 'select'> <InPorts = 0> <OutPorts = 1> <Sync> <CReg>
ST_7 : Operation 239 [1/1] (0.00ns) (grouped into TernaryAdder)   --->   "%add_ln45_34 = add i32 %sext_ln45_91, i32 %add_ln45_33" [/home/luka/Scripting/ELEC_498-Capstone-LiteLM/HLS-Verilog/Transformer_logic/src-hls/compute_controller.cpp:45->/home/luka/Scripting/ELEC_498-Capstone-LiteLM/HLS-Verilog/Transformer_logic/src-hls/compute_controller.cpp:716]   --->   Operation 239 'add' 'add_ln45_34' <Predicate = true> <Delay = 0.00> <CoreInst = "TAddSub">   --->   Core 10 'TAddSub' <Latency = 0> <II = 1> <Delay = 0.36> <IPBlock> <Opcode : 'add' 'sub'> <InPorts = 3> <OutPorts = 1> <Sync> <CReg>
ST_7 : Operation 240 [1/1] (0.73ns) (root node of TernaryAdder)   --->   "%acc_8 = add i32 %add_ln45_34, i32 %acc_7" [/home/luka/Scripting/ELEC_498-Capstone-LiteLM/HLS-Verilog/Transformer_logic/src-hls/compute_controller.cpp:45->/home/luka/Scripting/ELEC_498-Capstone-LiteLM/HLS-Verilog/Transformer_logic/src-hls/compute_controller.cpp:716]   --->   Operation 240 'add' 'acc_8' <Predicate = true> <Delay = 0.73> <CoreInst = "TAddSub">   --->   Core 10 'TAddSub' <Latency = 0> <II = 1> <Delay = 0.36> <IPBlock> <Opcode : 'add' 'sub'> <InPorts = 3> <OutPorts = 1> <Sync> <CReg>
ST_7 : Operation 241 [1/1] (0.00ns)   --->   "%speclooptripcount_ln0 = speclooptripcount void @_ssdm_op_SpecLoopTripCount, i64 1, i64 1, i64 1"   --->   Operation 241 'speclooptripcount' 'speclooptripcount_ln0' <Predicate = true> <Delay = 0.00>
ST_7 : Operation 242 [1/2] (0.64ns) (root node of the DSP)   --->   "%add_ln45_38 = add i32 %sext_ln45_114, i32 %sext_ln45_108" [/home/luka/Scripting/ELEC_498-Capstone-LiteLM/HLS-Verilog/Transformer_logic/src-hls/compute_controller.cpp:45->/home/luka/Scripting/ELEC_498-Capstone-LiteLM/HLS-Verilog/Transformer_logic/src-hls/compute_controller.cpp:716]   --->   Operation 242 'add' 'add_ln45_38' <Predicate = (!icmp_ln42)> <Delay = 0.64> <CoreInst = "DSP48">   --->   Core 124 'DSP48' <Latency = 3> <II = 1> <Delay = 0.53> <IPBlock> <Opcode : 'add' 'sub' 'mul' 'select'> <InPorts = 0> <OutPorts = 1> <Sync> <CReg>
ST_7 : Operation 243 [1/2] (0.64ns) (root node of the DSP)   --->   "%add_ln45_40 = add i21 %add_ln45_39, i21 %sext_ln45_104" [/home/luka/Scripting/ELEC_498-Capstone-LiteLM/HLS-Verilog/Transformer_logic/src-hls/compute_controller.cpp:45->/home/luka/Scripting/ELEC_498-Capstone-LiteLM/HLS-Verilog/Transformer_logic/src-hls/compute_controller.cpp:716]   --->   Operation 243 'add' 'add_ln45_40' <Predicate = (!icmp_ln42)> <Delay = 0.64> <CoreInst = "DSP48">   --->   Core 124 'DSP48' <Latency = 3> <II = 1> <Delay = 0.53> <IPBlock> <Opcode : 'add' 'sub' 'mul' 'select'> <InPorts = 0> <OutPorts = 1> <Sync> <CReg>
ST_7 : Operation 244 [1/1] (0.00ns)   --->   "%sext_ln45_115 = sext i21 %add_ln45_40" [/home/luka/Scripting/ELEC_498-Capstone-LiteLM/HLS-Verilog/Transformer_logic/src-hls/compute_controller.cpp:45->/home/luka/Scripting/ELEC_498-Capstone-LiteLM/HLS-Verilog/Transformer_logic/src-hls/compute_controller.cpp:716]   --->   Operation 244 'sext' 'sext_ln45_115' <Predicate = (!icmp_ln42)> <Delay = 0.00>
ST_7 : Operation 245 [1/2] (0.64ns) (root node of the DSP)   --->   "%add_ln45_43 = add i21 %add_ln45_42, i21 %sext_ln45_111" [/home/luka/Scripting/ELEC_498-Capstone-LiteLM/HLS-Verilog/Transformer_logic/src-hls/compute_controller.cpp:45->/home/luka/Scripting/ELEC_498-Capstone-LiteLM/HLS-Verilog/Transformer_logic/src-hls/compute_controller.cpp:716]   --->   Operation 245 'add' 'add_ln45_43' <Predicate = (!icmp_ln42)> <Delay = 0.64> <CoreInst = "DSP48">   --->   Core 124 'DSP48' <Latency = 3> <II = 1> <Delay = 0.53> <IPBlock> <Opcode : 'add' 'sub' 'mul' 'select'> <InPorts = 0> <OutPorts = 1> <Sync> <CReg>
ST_7 : Operation 246 [1/1] (0.00ns)   --->   "%sext_ln45_116 = sext i21 %add_ln45_43" [/home/luka/Scripting/ELEC_498-Capstone-LiteLM/HLS-Verilog/Transformer_logic/src-hls/compute_controller.cpp:45->/home/luka/Scripting/ELEC_498-Capstone-LiteLM/HLS-Verilog/Transformer_logic/src-hls/compute_controller.cpp:716]   --->   Operation 246 'sext' 'sext_ln45_116' <Predicate = (!icmp_ln42)> <Delay = 0.00>
ST_7 : Operation 247 [1/1] (0.90ns)   --->   "%add_ln45_44 = add i22 %sext_ln45_116, i22 %sext_ln45_115" [/home/luka/Scripting/ELEC_498-Capstone-LiteLM/HLS-Verilog/Transformer_logic/src-hls/compute_controller.cpp:45->/home/luka/Scripting/ELEC_498-Capstone-LiteLM/HLS-Verilog/Transformer_logic/src-hls/compute_controller.cpp:716]   --->   Operation 247 'add' 'add_ln45_44' <Predicate = (!icmp_ln42)> <Delay = 0.90> <CoreInst = "Adder">   --->   Core 1 'Adder' <Latency = 0> <II = 1> <Delay = 0.90> <FuncUnit> <Opcode : 'add' 'sub'> <InPorts = 2> <OutPorts = 1>
ST_7 : Operation 248 [1/1] (0.00ns)   --->   "%sext_ln45_117 = sext i22 %add_ln45_44" [/home/luka/Scripting/ELEC_498-Capstone-LiteLM/HLS-Verilog/Transformer_logic/src-hls/compute_controller.cpp:45->/home/luka/Scripting/ELEC_498-Capstone-LiteLM/HLS-Verilog/Transformer_logic/src-hls/compute_controller.cpp:716]   --->   Operation 248 'sext' 'sext_ln45_117' <Predicate = (!icmp_ln42)> <Delay = 0.00>
ST_7 : Operation 249 [1/1] (0.00ns) (grouped into TernaryAdder)   --->   "%add_ln45_41 = add i32 %sext_ln45_117, i32 %add_ln45_38" [/home/luka/Scripting/ELEC_498-Capstone-LiteLM/HLS-Verilog/Transformer_logic/src-hls/compute_controller.cpp:45->/home/luka/Scripting/ELEC_498-Capstone-LiteLM/HLS-Verilog/Transformer_logic/src-hls/compute_controller.cpp:716]   --->   Operation 249 'add' 'add_ln45_41' <Predicate = (!icmp_ln42)> <Delay = 0.00> <CoreInst = "TAddSub">   --->   Core 10 'TAddSub' <Latency = 0> <II = 1> <Delay = 0.36> <IPBlock> <Opcode : 'add' 'sub'> <InPorts = 3> <OutPorts = 1> <Sync> <CReg>
ST_7 : Operation 250 [1/1] (0.73ns) (root node of TernaryAdder)   --->   "%acc_9 = add i32 %add_ln45_41, i32 %acc_8" [/home/luka/Scripting/ELEC_498-Capstone-LiteLM/HLS-Verilog/Transformer_logic/src-hls/compute_controller.cpp:45->/home/luka/Scripting/ELEC_498-Capstone-LiteLM/HLS-Verilog/Transformer_logic/src-hls/compute_controller.cpp:716]   --->   Operation 250 'add' 'acc_9' <Predicate = (!icmp_ln42)> <Delay = 0.73> <CoreInst = "TAddSub">   --->   Core 10 'TAddSub' <Latency = 0> <II = 1> <Delay = 0.36> <IPBlock> <Opcode : 'add' 'sub'> <InPorts = 3> <OutPorts = 1> <Sync> <CReg>
ST_7 : Operation 251 [1/1] (0.42ns)   --->   "%store_ln41 = store i32 %acc_9, i32 %acc" [/home/luka/Scripting/ELEC_498-Capstone-LiteLM/HLS-Verilog/Transformer_logic/src-hls/compute_controller.cpp:41->/home/luka/Scripting/ELEC_498-Capstone-LiteLM/HLS-Verilog/Transformer_logic/src-hls/compute_controller.cpp:716]   --->   Operation 251 'store' 'store_ln41' <Predicate = (!icmp_ln42)> <Delay = 0.42>
ST_7 : Operation 252 [1/1] (0.00ns)   --->   "%br_ln42 = br void %for.body15.i.2.0.split" [/home/luka/Scripting/ELEC_498-Capstone-LiteLM/HLS-Verilog/Transformer_logic/src-hls/compute_controller.cpp:42->/home/luka/Scripting/ELEC_498-Capstone-LiteLM/HLS-Verilog/Transformer_logic/src-hls/compute_controller.cpp:716]   --->   Operation 252 'br' 'br_ln42' <Predicate = (!icmp_ln42)> <Delay = 0.00>
ST_7 : Operation 253 [1/1] (0.00ns)   --->   "%write_ln45 = write void @_ssdm_op_Write.ap_auto.i32P0A, i32 %acc_11_out, i32 %acc_8" [/home/luka/Scripting/ELEC_498-Capstone-LiteLM/HLS-Verilog/Transformer_logic/src-hls/compute_controller.cpp:45->/home/luka/Scripting/ELEC_498-Capstone-LiteLM/HLS-Verilog/Transformer_logic/src-hls/compute_controller.cpp:716]   --->   Operation 253 'write' 'write_ln45' <Predicate = (icmp_ln42)> <Delay = 0.00>
ST_7 : Operation 254 [1/1] (0.42ns)   --->   "%ret_ln0 = ret"   --->   Operation 254 'ret' 'ret_ln0' <Predicate = (icmp_ln42)> <Delay = 0.42>


============================================================
+ Verbose Summary: Binding
============================================================
STG Binding: 
---------------- STG Properties BEGIN ----------------
- Is combinational: 0
- Is one-state seq: 0
- Is datapath-only: 0
- Is pipelined: 0
- Is top level: 0
Port [ Return ] is wired: 1; IO mode=ap_ctrl_hs:ce=0
Port [ acc_6]:  wired=1; compound=0; hidden=0; nouse=0; global=0; static=0; extern=0; dir=0; type=0; pingpong=0; private_global=0; IO mode=ap_none:ce=0
Port [ acc_11_out]:  wired=1; compound=0; hidden=0; nouse=0; global=0; static=0; extern=0; dir=1; type=0; pingpong=0; private_global=0; IO mode=ap_vld:ce=0
Port [ p_ZZ18compute_controllerbbjRbS_bS_S_RjPKhPhR12ComputeStateS0_RhS6_S6_S6_S_S_S_S_E_27]:  wired=1; compound=1; hidden=0; nouse=0; global=1; static=1; extern=0; dir=0; type=1; pingpong=0; private_global=0; MemPort=[13]; IO mode=ap_memory:ce=0
Port [ compute_controller_bool_bool_unsigned_int_bool_bool_bool_bool_bool_u_59]:  wired=1; compound=1; hidden=0; nouse=0; global=1; static=1; extern=0; dir=0; type=1; pingpong=0; private_global=0; MemPort=[13]; IO mode=ap_memory:ce=0
Port [ p_ZZ18compute_controllerbbjRbS_bS_S_RjPKhPhR12ComputeStateS0_RhS6_S6_S6_S_S_S_S_E_26]:  wired=1; compound=1; hidden=0; nouse=0; global=1; static=1; extern=0; dir=0; type=1; pingpong=0; private_global=0; MemPort=[13]; IO mode=ap_memory:ce=0
Port [ compute_controller_bool_bool_unsigned_int_bool_bool_bool_bool_bool_u_58]:  wired=1; compound=1; hidden=0; nouse=0; global=1; static=1; extern=0; dir=0; type=1; pingpong=0; private_global=0; MemPort=[13]; IO mode=ap_memory:ce=0
Port [ p_ZZ18compute_controllerbbjRbS_bS_S_RjPKhPhR12ComputeStateS0_RhS6_S6_S6_S_S_S_S_E_25]:  wired=1; compound=1; hidden=0; nouse=0; global=1; static=1; extern=0; dir=0; type=1; pingpong=0; private_global=0; MemPort=[13]; IO mode=ap_memory:ce=0
Port [ compute_controller_bool_bool_unsigned_int_bool_bool_bool_bool_bool_u_57]:  wired=1; compound=1; hidden=0; nouse=0; global=1; static=1; extern=0; dir=0; type=1; pingpong=0; private_global=0; MemPort=[13]; IO mode=ap_memory:ce=0
Port [ p_ZZ18compute_controllerbbjRbS_bS_S_RjPKhPhR12ComputeStateS0_RhS6_S6_S6_S_S_S_S_E_24]:  wired=1; compound=1; hidden=0; nouse=0; global=1; static=1; extern=0; dir=0; type=1; pingpong=0; private_global=0; MemPort=[13]; IO mode=ap_memory:ce=0
Port [ compute_controller_bool_bool_unsigned_int_bool_bool_bool_bool_bool_u_56]:  wired=1; compound=1; hidden=0; nouse=0; global=1; static=1; extern=0; dir=0; type=1; pingpong=0; private_global=0; MemPort=[13]; IO mode=ap_memory:ce=0
Port [ compute_controller_bool_bool_unsigned_int_bool_bool_bool_bool_bool_u_89]:  wired=1; compound=1; hidden=0; nouse=0; global=1; static=1; extern=0; dir=0; type=1; pingpong=0; private_global=0; MemPort=[13]; IO mode=ap_memory:ce=0
Port [ compute_controller_bool_bool_unsigned_int_bool_bool_bool_bool_bool_u_55]:  wired=1; compound=1; hidden=0; nouse=0; global=1; static=1; extern=0; dir=0; type=1; pingpong=0; private_global=0; MemPort=[13]; IO mode=ap_memory:ce=0
Port [ compute_controller_bool_bool_unsigned_int_bool_bool_bool_bool_bool_u_88]:  wired=1; compound=1; hidden=0; nouse=0; global=1; static=1; extern=0; dir=0; type=1; pingpong=0; private_global=0; MemPort=[13]; IO mode=ap_memory:ce=0
Port [ compute_controller_bool_bool_unsigned_int_bool_bool_bool_bool_bool_u_54]:  wired=1; compound=1; hidden=0; nouse=0; global=1; static=1; extern=0; dir=0; type=1; pingpong=0; private_global=0; MemPort=[13]; IO mode=ap_memory:ce=0
Port [ compute_controller_bool_bool_unsigned_int_bool_bool_bool_bool_bool_u_87]:  wired=1; compound=1; hidden=0; nouse=0; global=1; static=1; extern=0; dir=0; type=1; pingpong=0; private_global=0; MemPort=[13]; IO mode=ap_memory:ce=0
Port [ compute_controller_bool_bool_unsigned_int_bool_bool_bool_bool_bool_u_53]:  wired=1; compound=1; hidden=0; nouse=0; global=1; static=1; extern=0; dir=0; type=1; pingpong=0; private_global=0; MemPort=[13]; IO mode=ap_memory:ce=0
Port [ compute_controller_bool_bool_unsigned_int_bool_bool_bool_bool_bool_u_86]:  wired=1; compound=1; hidden=0; nouse=0; global=1; static=1; extern=0; dir=0; type=1; pingpong=0; private_global=0; MemPort=[13]; IO mode=ap_memory:ce=0
Port [ compute_controller_bool_bool_unsigned_int_bool_bool_bool_bool_bool_u_52]:  wired=1; compound=1; hidden=0; nouse=0; global=1; static=1; extern=0; dir=0; type=1; pingpong=0; private_global=0; MemPort=[13]; IO mode=ap_memory:ce=0
Port [ compute_controller_bool_bool_unsigned_int_bool_bool_bool_bool_bool_u_85]:  wired=1; compound=1; hidden=0; nouse=0; global=1; static=1; extern=0; dir=0; type=1; pingpong=0; private_global=0; MemPort=[13]; IO mode=ap_memory:ce=0
Port [ compute_controller_bool_bool_unsigned_int_bool_bool_bool_bool_bool_u_51]:  wired=1; compound=1; hidden=0; nouse=0; global=1; static=1; extern=0; dir=0; type=1; pingpong=0; private_global=0; MemPort=[13]; IO mode=ap_memory:ce=0
Port [ compute_controller_bool_bool_unsigned_int_bool_bool_bool_bool_bool_u_84]:  wired=1; compound=1; hidden=0; nouse=0; global=1; static=1; extern=0; dir=0; type=1; pingpong=0; private_global=0; MemPort=[13]; IO mode=ap_memory:ce=0
Port [ compute_controller_bool_bool_unsigned_int_bool_bool_bool_bool_bool_u_50]:  wired=1; compound=1; hidden=0; nouse=0; global=1; static=1; extern=0; dir=0; type=1; pingpong=0; private_global=0; MemPort=[13]; IO mode=ap_memory:ce=0
Port [ compute_controller_bool_bool_unsigned_int_bool_bool_bool_bool_bool_u_83]:  wired=1; compound=1; hidden=0; nouse=0; global=1; static=1; extern=0; dir=0; type=1; pingpong=0; private_global=0; MemPort=[13]; IO mode=ap_memory:ce=0
Port [ p_ZZ18compute_controllerbbjRbS_bS_S_RjPKhPhR12ComputeStateS0_RhS6_S6_S6_S_S_S_S_E_23]:  wired=1; compound=1; hidden=0; nouse=0; global=1; static=1; extern=0; dir=0; type=1; pingpong=0; private_global=0; MemPort=[13]; IO mode=ap_memory:ce=0
Port [ compute_controller_bool_bool_unsigned_int_bool_bool_bool_bool_bool_u_82]:  wired=1; compound=1; hidden=0; nouse=0; global=1; static=1; extern=0; dir=0; type=1; pingpong=0; private_global=0; MemPort=[13]; IO mode=ap_memory:ce=0
Port [ p_ZZ18compute_controllerbbjRbS_bS_S_RjPKhPhR12ComputeStateS0_RhS6_S6_S6_S_S_S_S_E_22]:  wired=1; compound=1; hidden=0; nouse=0; global=1; static=1; extern=0; dir=0; type=1; pingpong=0; private_global=0; MemPort=[13]; IO mode=ap_memory:ce=0
Port [ compute_controller_bool_bool_unsigned_int_bool_bool_bool_bool_bool_u_81]:  wired=1; compound=1; hidden=0; nouse=0; global=1; static=1; extern=0; dir=0; type=1; pingpong=0; private_global=0; MemPort=[13]; IO mode=ap_memory:ce=0
Port [ p_ZZ18compute_controllerbbjRbS_bS_S_RjPKhPhR12ComputeStateS0_RhS6_S6_S6_S_S_S_S_E_21]:  wired=1; compound=1; hidden=0; nouse=0; global=1; static=1; extern=0; dir=0; type=1; pingpong=0; private_global=0; MemPort=[13]; IO mode=ap_memory:ce=0
Port [ compute_controller_bool_bool_unsigned_int_bool_bool_bool_bool_bool_u_80]:  wired=1; compound=1; hidden=0; nouse=0; global=1; static=1; extern=0; dir=0; type=1; pingpong=0; private_global=0; MemPort=[13]; IO mode=ap_memory:ce=0
Port [ p_ZZ18compute_controllerbbjRbS_bS_S_RjPKhPhR12ComputeStateS0_RhS6_S6_S6_S_S_S_S_E_20]:  wired=1; compound=1; hidden=0; nouse=0; global=1; static=1; extern=0; dir=0; type=1; pingpong=0; private_global=0; MemPort=[13]; IO mode=ap_memory:ce=0
Port [ p_ZZ18compute_controllerbbjRbS_bS_S_RjPKhPhR12ComputeStateS0_RhS6_S6_S6_S_S_S_S_E_29]:  wired=1; compound=1; hidden=0; nouse=0; global=1; static=1; extern=0; dir=0; type=1; pingpong=0; private_global=0; MemPort=[13]; IO mode=ap_memory:ce=0
Port [ p_ZZ18compute_controllerbbjRbS_bS_S_RjPKhPhR12ComputeStateS0_RhS6_S6_S6_S_S_S_S_E_19]:  wired=1; compound=1; hidden=0; nouse=0; global=1; static=1; extern=0; dir=0; type=1; pingpong=0; private_global=0; MemPort=[13]; IO mode=ap_memory:ce=0
Port [ p_ZZ18compute_controllerbbjRbS_bS_S_RjPKhPhR12ComputeStateS0_RhS6_S6_S6_S_S_S_S_E_28]:  wired=1; compound=1; hidden=0; nouse=0; global=1; static=1; extern=0; dir=0; type=1; pingpong=0; private_global=0; MemPort=[13]; IO mode=ap_memory:ce=0
Port [ p_ZZ18compute_controllerbbjRbS_bS_S_RjPKhPhR12ComputeStateS0_RhS6_S6_S6_S_S_S_S_E_18]:  wired=1; compound=1; hidden=0; nouse=0; global=1; static=1; extern=0; dir=0; type=1; pingpong=0; private_global=0; MemPort=[13]; IO mode=ap_memory:ce=0
---------------- STG Properties END ------------------

---------------- Datapath Model BEGIN ----------------

<LifeTime>
<method=bitvector/>
acc                                                                                   (alloca           ) [ 01111111]
i                                                                                     (alloca           ) [ 01000000]
acc_6_read                                                                            (read             ) [ 00000000]
store_ln42                                                                            (store            ) [ 00000000]
store_ln41                                                                            (store            ) [ 00000000]
br_ln0                                                                                (br               ) [ 00000000]
i_15                                                                                  (load             ) [ 00000000]
tmp                                                                                   (bitselect        ) [ 01100000]
zext_ln41                                                                             (zext             ) [ 01111000]
select_ln44                                                                           (select           ) [ 01111000]
tmp_s                                                                                 (partselect       ) [ 00000000]
trunc_ln42                                                                            (trunc            ) [ 00000000]
or_ln42_2                                                                             (bitconcatenate   ) [ 00000000]
icmp_ln42                                                                             (icmp             ) [ 01111111]
br_ln42                                                                               (br               ) [ 00000000]
compute_controller_bool_bool_unsigned_int_bool_bool_bool_bool_bool_u_370              (getelementptr    ) [ 01100000]
compute_controller_bool_bool_unsigned_int_bool_bool_bool_bool_bool_u_371              (getelementptr    ) [ 01100000]
bit_sel3                                                                              (bitselect        ) [ 00000000]
xor_ln42                                                                              (xor              ) [ 00000000]
trunc_ln42_3                                                                          (trunc            ) [ 00000000]
xor_ln42_2                                                                            (bitconcatenate   ) [ 00000000]
store_ln42                                                                            (store            ) [ 00000000]
zext_ln44_1_cast                                                                      (bitconcatenate   ) [ 00000000]
zext_ln44                                                                             (zext             ) [ 01011000]
p_ZZ18compute_controllerbbjRbS_bS_S_RjPKhPhR12ComputeStateS0_RhS6_S6_S6_S_S_S_S_E_163 (getelementptr    ) [ 01010000]
compute_controller_bool_bool_unsigned_int_bool_bool_bool_bool_bool_u_349              (getelementptr    ) [ 01010000]
p_ZZ18compute_controllerbbjRbS_bS_S_RjPKhPhR12ComputeStateS0_RhS6_S6_S6_S_S_S_S_E_164 (getelementptr    ) [ 01010000]
compute_controller_bool_bool_unsigned_int_bool_bool_bool_bool_bool_u_351              (getelementptr    ) [ 01010000]
compute_controller_bool_bool_unsigned_int_bool_bool_bool_bool_bool_u_364              (getelementptr    ) [ 01010000]
compute_controller_bool_bool_unsigned_int_bool_bool_bool_bool_bool_u_365              (getelementptr    ) [ 01010000]
w_39                                                                                  (load             ) [ 00000000]
compute_controller_bool_bool_unsigned_int_bool_bool_bool_bool_bool_u_372              (load             ) [ 00000000]
sext_ln45_96                                                                          (sext             ) [ 01011000]
sext_ln44_35                                                                          (sext             ) [ 01011000]
compute_controller_bool_bool_unsigned_int_bool_bool_bool_bool_bool_u_375              (getelementptr    ) [ 01010000]
p_ZZ18compute_controllerbbjRbS_bS_S_RjPKhPhR12ComputeStateS0_RhS6_S6_S6_S_S_S_S_E_170 (getelementptr    ) [ 01010000]
p_ZZ18compute_controllerbbjRbS_bS_S_RjPKhPhR12ComputeStateS0_RhS6_S6_S6_S_S_S_S_E_177 (getelementptr    ) [ 01010000]
p_ZZ18compute_controllerbbjRbS_bS_S_RjPKhPhR12ComputeStateS0_RhS6_S6_S6_S_S_S_S_E_178 (getelementptr    ) [ 01010000]
w_31                                                                                  (load             ) [ 00000000]
compute_controller_bool_bool_unsigned_int_bool_bool_bool_bool_bool_u_350              (load             ) [ 00000000]
sext_ln45_79                                                                          (sext             ) [ 01001100]
sext_ln44_28                                                                          (sext             ) [ 01001100]
w_32                                                                                  (load             ) [ 00000000]
compute_controller_bool_bool_unsigned_int_bool_bool_bool_bool_bool_u_352              (load             ) [ 00000000]
sext_ln45_80                                                                          (sext             ) [ 01001100]
sext_ln44_29                                                                          (sext             ) [ 01001100]
p_ZZ18compute_controllerbbjRbS_bS_S_RjPKhPhR12ComputeStateS0_RhS6_S6_S6_S_S_S_S_E_165 (getelementptr    ) [ 01001000]
compute_controller_bool_bool_unsigned_int_bool_bool_bool_bool_bool_u_353              (getelementptr    ) [ 01001000]
compute_controller_bool_bool_unsigned_int_bool_bool_bool_bool_bool_u_358              (getelementptr    ) [ 01001000]
compute_controller_bool_bool_unsigned_int_bool_bool_bool_bool_bool_u_359              (getelementptr    ) [ 01001000]
compute_controller_bool_bool_unsigned_int_bool_bool_bool_bool_bool_u_361              (getelementptr    ) [ 01001000]
compute_controller_bool_bool_unsigned_int_bool_bool_bool_bool_bool_u_362              (getelementptr    ) [ 01001000]
w_37                                                                                  (load             ) [ 00000000]
compute_controller_bool_bool_unsigned_int_bool_bool_bool_bool_bool_u_366              (load             ) [ 00000000]
sext_ln45_94                                                                          (sext             ) [ 01001100]
sext_ln44_33                                                                          (sext             ) [ 01001100]
compute_controller_bool_bool_unsigned_int_bool_bool_bool_bool_bool_u_367              (getelementptr    ) [ 01001000]
compute_controller_bool_bool_unsigned_int_bool_bool_bool_bool_bool_u_368              (getelementptr    ) [ 01001000]
compute_controller_bool_bool_unsigned_int_bool_bool_bool_bool_bool_u_373              (getelementptr    ) [ 01001000]
p_ZZ18compute_controllerbbjRbS_bS_S_RjPKhPhR12ComputeStateS0_RhS6_S6_S6_S_S_S_S_E_166 (getelementptr    ) [ 01001000]
w_42                                                                                  (load             ) [ 00000000]
p_ZZ18compute_controllerbbjRbS_bS_S_RjPKhPhR12ComputeStateS0_RhS6_S6_S6_S_S_S_S_E_171 (load             ) [ 00000000]
sext_ln45_99                                                                          (sext             ) [ 01001100]
sext_ln44_38                                                                          (sext             ) [ 01001100]
compute_controller_bool_bool_unsigned_int_bool_bool_bool_bool_bool_u_376              (getelementptr    ) [ 01001000]
p_ZZ18compute_controllerbbjRbS_bS_S_RjPKhPhR12ComputeStateS0_RhS6_S6_S6_S_S_S_S_E_172 (getelementptr    ) [ 01001000]
w_45                                                                                  (load             ) [ 00000000]
p_ZZ18compute_controllerbbjRbS_bS_S_RjPKhPhR12ComputeStateS0_RhS6_S6_S6_S_S_S_S_E_179 (load             ) [ 00000000]
sext_ln45_102                                                                         (sext             ) [ 01001100]
sext_ln45_103                                                                         (sext             ) [ 01001100]
p_ZZ18compute_controllerbbjRbS_bS_S_RjPKhPhR12ComputeStateS0_RhS6_S6_S6_S_S_S_S_E_162 (getelementptr    ) [ 01000100]
compute_controller_bool_bool_unsigned_int_bool_bool_bool_bool_bool_u_347              (getelementptr    ) [ 01000100]
w_33                                                                                  (load             ) [ 00000000]
compute_controller_bool_bool_unsigned_int_bool_bool_bool_bool_bool_u_354              (load             ) [ 00000000]
sext_ln45_81                                                                          (sext             ) [ 01000110]
sext_ln44_30                                                                          (sext             ) [ 01000110]
compute_controller_bool_bool_unsigned_int_bool_bool_bool_bool_bool_u_355              (getelementptr    ) [ 01000100]
compute_controller_bool_bool_unsigned_int_bool_bool_bool_bool_bool_u_356              (getelementptr    ) [ 01000100]
w_35                                                                                  (load             ) [ 00000000]
compute_controller_bool_bool_unsigned_int_bool_bool_bool_bool_bool_u_360              (load             ) [ 00000000]
sext_ln45_83                                                                          (sext             ) [ 01000110]
sext_ln45_84                                                                          (sext             ) [ 01000110]
w_36                                                                                  (load             ) [ 00000000]
compute_controller_bool_bool_unsigned_int_bool_bool_bool_bool_bool_u_363              (load             ) [ 00000000]
sext_ln45_93                                                                          (sext             ) [ 01000110]
sext_ln44_32                                                                          (sext             ) [ 01000110]
w_38                                                                                  (load             ) [ 00000000]
compute_controller_bool_bool_unsigned_int_bool_bool_bool_bool_bool_u_369              (load             ) [ 00000000]
sext_ln45_95                                                                          (sext             ) [ 00000000]
sext_ln44_34                                                                          (sext             ) [ 00000000]
w_40                                                                                  (load             ) [ 00000000]
p_ZZ18compute_controllerbbjRbS_bS_S_RjPKhPhR12ComputeStateS0_RhS6_S6_S6_S_S_S_S_E_167 (load             ) [ 00000000]
sext_ln45_97                                                                          (sext             ) [ 01000110]
sext_ln44_36                                                                          (sext             ) [ 01000110]
compute_controller_bool_bool_unsigned_int_bool_bool_bool_bool_bool_u_374              (getelementptr    ) [ 01000100]
p_ZZ18compute_controllerbbjRbS_bS_S_RjPKhPhR12ComputeStateS0_RhS6_S6_S6_S_S_S_S_E_168 (getelementptr    ) [ 01000100]
w_43                                                                                  (load             ) [ 00000000]
p_ZZ18compute_controllerbbjRbS_bS_S_RjPKhPhR12ComputeStateS0_RhS6_S6_S6_S_S_S_S_E_173 (load             ) [ 00000000]
sext_ln45_100                                                                         (sext             ) [ 01000110]
sext_ln44_39                                                                          (sext             ) [ 01000110]
p_ZZ18compute_controllerbbjRbS_bS_S_RjPKhPhR12ComputeStateS0_RhS6_S6_S6_S_S_S_S_E_174 (getelementptr    ) [ 01000100]
p_ZZ18compute_controllerbbjRbS_bS_S_RjPKhPhR12ComputeStateS0_RhS6_S6_S6_S_S_S_S_E_175 (getelementptr    ) [ 01000100]
mul_ln45_37                                                                           (mul              ) [ 00000000]
sext_ln45_105                                                                         (sext             ) [ 01000100]
mul_ln45_38                                                                           (mul              ) [ 00000000]
sext_ln45_106                                                                         (sext             ) [ 01000100]
w                                                                                     (load             ) [ 00000000]
compute_controller_bool_bool_unsigned_int_bool_bool_bool_bool_bool_u_348              (load             ) [ 00000000]
sext_ln45                                                                             (sext             ) [ 00000000]
sext_ln44                                                                             (sext             ) [ 00000000]
w_34                                                                                  (load             ) [ 00000000]
compute_controller_bool_bool_unsigned_int_bool_bool_bool_bool_bool_u_357              (load             ) [ 00000000]
sext_ln45_82                                                                          (sext             ) [ 00000000]
sext_ln44_31                                                                          (sext             ) [ 00000000]
mul_ln45                                                                              (mul              ) [ 00000000]
sext_ln45_85                                                                          (sext             ) [ 01000010]
mul_ln45_32                                                                           (mul              ) [ 00000000]
sext_ln45_87                                                                          (sext             ) [ 01000010]
mul_ln45_33                                                                           (mul              ) [ 00000000]
sext_ln45_88                                                                          (sext             ) [ 01000010]
mul_ln45_34                                                                           (mul              ) [ 00000000]
sext_ln45_89                                                                          (sext             ) [ 01000010]
w_41                                                                                  (load             ) [ 00000000]
p_ZZ18compute_controllerbbjRbS_bS_S_RjPKhPhR12ComputeStateS0_RhS6_S6_S6_S_S_S_S_E_169 (load             ) [ 00000000]
sext_ln45_98                                                                          (sext             ) [ 00000000]
sext_ln44_37                                                                          (sext             ) [ 00000000]
w_44                                                                                  (load             ) [ 00000000]
p_ZZ18compute_controllerbbjRbS_bS_S_RjPKhPhR12ComputeStateS0_RhS6_S6_S6_S_S_S_S_E_176 (load             ) [ 00000000]
sext_ln45_101                                                                         (sext             ) [ 00000000]
sext_ln44_40                                                                          (sext             ) [ 00000000]
mul_ln45_39                                                                           (mul              ) [ 00000000]
sext_ln45_107                                                                         (sext             ) [ 01000010]
mul_ln45_41                                                                           (mul              ) [ 00000000]
sext_ln45_109                                                                         (sext             ) [ 01000010]
mul_ln45_42                                                                           (mul              ) [ 00000000]
sext_ln45_110                                                                         (sext             ) [ 01000010]
mul_ln45_44                                                                           (mul              ) [ 00000000]
sext_ln45_112                                                                         (sext             ) [ 01000010]
mul_ln45_45                                                                           (mul              ) [ 00000000]
sext_ln45_113                                                                         (sext             ) [ 01000010]
add_ln45_36                                                                           (add              ) [ 01000010]
mul_ln45_31                                                                           (mul              ) [ 00000000]
sext_ln45_86                                                                          (sext             ) [ 01000001]
mul_ln45_35                                                                           (mul              ) [ 00000000]
sext_ln45_90                                                                          (sext             ) [ 01000001]
add_ln45                                                                              (add              ) [ 01000001]
add_ln45_32                                                                           (add              ) [ 00000000]
sext_ln45_92                                                                          (sext             ) [ 01000001]
mul_ln45_36                                                                           (mul              ) [ 00000000]
sext_ln45_104                                                                         (sext             ) [ 01000001]
mul_ln45_40                                                                           (mul              ) [ 00000000]
sext_ln45_108                                                                         (sext             ) [ 01000001]
mul_ln45_43                                                                           (mul              ) [ 00000000]
sext_ln45_111                                                                         (sext             ) [ 01000001]
add_ln45_37                                                                           (add              ) [ 00000000]
sext_ln45_114                                                                         (sext             ) [ 01000001]
add_ln45_39                                                                           (add              ) [ 01000001]
add_ln45_42                                                                           (add              ) [ 01000001]
acc_7                                                                                 (load             ) [ 00000000]
specpipeline_ln41                                                                     (specpipeline     ) [ 00000000]
specloopname_ln42                                                                     (specloopname     ) [ 00000000]
add_ln45_31                                                                           (add              ) [ 00000000]
sext_ln45_91                                                                          (sext             ) [ 00000000]
add_ln45_33                                                                           (add              ) [ 00000000]
add_ln45_34                                                                           (add              ) [ 00000000]
acc_8                                                                                 (add              ) [ 00000000]
speclooptripcount_ln0                                                                 (speclooptripcount) [ 00000000]
add_ln45_38                                                                           (add              ) [ 00000000]
add_ln45_40                                                                           (add              ) [ 00000000]
sext_ln45_115                                                                         (sext             ) [ 00000000]
add_ln45_43                                                                           (add              ) [ 00000000]
sext_ln45_116                                                                         (sext             ) [ 00000000]
add_ln45_44                                                                           (add              ) [ 00000000]
sext_ln45_117                                                                         (sext             ) [ 00000000]
add_ln45_41                                                                           (add              ) [ 00000000]
acc_9                                                                                 (add              ) [ 00000000]
store_ln41                                                                            (store            ) [ 00000000]
br_ln42                                                                               (br               ) [ 00000000]
write_ln45                                                                            (write            ) [ 00000000]
ret_ln0                                                                               (ret              ) [ 00000000]
</LifeTime>

<model>

<comp_list>
<comp id="0" class="1000" name="acc_6">
<pin_list>
<pin id="1" dir="1" index="0" bw="1" slack="0"/>
</pin_list>
<bind>
<StgValue><ssdm name="acc_6"/></StgValue>
</bind>
</comp>

<comp id="2" class="1000" name="acc_11_out">
<pin_list>
<pin id="3" dir="1" index="0" bw="1" slack="0"/>
</pin_list>
<bind>
<StgValue><ssdm name="acc_11_out"/></StgValue>
</bind>
</comp>

<comp id="4" class="1000" name="p_ZZ18compute_controllerbbjRbS_bS_S_RjPKhPhR12ComputeStateS0_RhS6_S6_S6_S_S_S_S_E_27">
<pin_list>
<pin id="5" dir="1" index="0" bw="1" slack="0"/>
</pin_list>
<bind>
<StgValue><ssdm name="p_ZZ18compute_controllerbbjRbS_bS_S_RjPKhPhR12ComputeStateS0_RhS6_S6_S6_S_S_S_S_E_27"/><MemPortTyVec>1 3 </MemPortTyVec>
</StgValue>
</bind>
</comp>

<comp id="6" class="1000" name="compute_controller_bool_bool_unsigned_int_bool_bool_bool_bool_bool_u_59">
<pin_list>
<pin id="7" dir="1" index="0" bw="1" slack="0"/>
</pin_list>
<bind>
<StgValue><ssdm name="compute_controller_bool_bool_unsigned_int_bool_bool_bool_bool_bool_u_59"/><MemPortTyVec>1 3 </MemPortTyVec>
</StgValue>
</bind>
</comp>

<comp id="8" class="1000" name="p_ZZ18compute_controllerbbjRbS_bS_S_RjPKhPhR12ComputeStateS0_RhS6_S6_S6_S_S_S_S_E_26">
<pin_list>
<pin id="9" dir="1" index="0" bw="1" slack="0"/>
</pin_list>
<bind>
<StgValue><ssdm name="p_ZZ18compute_controllerbbjRbS_bS_S_RjPKhPhR12ComputeStateS0_RhS6_S6_S6_S_S_S_S_E_26"/><MemPortTyVec>1 3 </MemPortTyVec>
</StgValue>
</bind>
</comp>

<comp id="10" class="1000" name="compute_controller_bool_bool_unsigned_int_bool_bool_bool_bool_bool_u_58">
<pin_list>
<pin id="11" dir="1" index="0" bw="1" slack="0"/>
</pin_list>
<bind>
<StgValue><ssdm name="compute_controller_bool_bool_unsigned_int_bool_bool_bool_bool_bool_u_58"/><MemPortTyVec>1 3 </MemPortTyVec>
</StgValue>
</bind>
</comp>

<comp id="12" class="1000" name="p_ZZ18compute_controllerbbjRbS_bS_S_RjPKhPhR12ComputeStateS0_RhS6_S6_S6_S_S_S_S_E_25">
<pin_list>
<pin id="13" dir="1" index="0" bw="1" slack="0"/>
</pin_list>
<bind>
<StgValue><ssdm name="p_ZZ18compute_controllerbbjRbS_bS_S_RjPKhPhR12ComputeStateS0_RhS6_S6_S6_S_S_S_S_E_25"/><MemPortTyVec>1 3 </MemPortTyVec>
</StgValue>
</bind>
</comp>

<comp id="14" class="1000" name="compute_controller_bool_bool_unsigned_int_bool_bool_bool_bool_bool_u_57">
<pin_list>
<pin id="15" dir="1" index="0" bw="1" slack="0"/>
</pin_list>
<bind>
<StgValue><ssdm name="compute_controller_bool_bool_unsigned_int_bool_bool_bool_bool_bool_u_57"/><MemPortTyVec>1 3 </MemPortTyVec>
</StgValue>
</bind>
</comp>

<comp id="16" class="1000" name="p_ZZ18compute_controllerbbjRbS_bS_S_RjPKhPhR12ComputeStateS0_RhS6_S6_S6_S_S_S_S_E_24">
<pin_list>
<pin id="17" dir="1" index="0" bw="1" slack="0"/>
</pin_list>
<bind>
<StgValue><ssdm name="p_ZZ18compute_controllerbbjRbS_bS_S_RjPKhPhR12ComputeStateS0_RhS6_S6_S6_S_S_S_S_E_24"/><MemPortTyVec>1 3 </MemPortTyVec>
</StgValue>
</bind>
</comp>

<comp id="18" class="1000" name="compute_controller_bool_bool_unsigned_int_bool_bool_bool_bool_bool_u_56">
<pin_list>
<pin id="19" dir="1" index="0" bw="1" slack="0"/>
</pin_list>
<bind>
<StgValue><ssdm name="compute_controller_bool_bool_unsigned_int_bool_bool_bool_bool_bool_u_56"/><MemPortTyVec>1 3 </MemPortTyVec>
</StgValue>
</bind>
</comp>

<comp id="20" class="1000" name="compute_controller_bool_bool_unsigned_int_bool_bool_bool_bool_bool_u_89">
<pin_list>
<pin id="21" dir="1" index="0" bw="1" slack="0"/>
</pin_list>
<bind>
<StgValue><ssdm name="compute_controller_bool_bool_unsigned_int_bool_bool_bool_bool_bool_u_89"/><MemPortTyVec>1 3 </MemPortTyVec>
</StgValue>
</bind>
</comp>

<comp id="22" class="1000" name="compute_controller_bool_bool_unsigned_int_bool_bool_bool_bool_bool_u_55">
<pin_list>
<pin id="23" dir="1" index="0" bw="1" slack="0"/>
</pin_list>
<bind>
<StgValue><ssdm name="compute_controller_bool_bool_unsigned_int_bool_bool_bool_bool_bool_u_55"/><MemPortTyVec>1 3 </MemPortTyVec>
</StgValue>
</bind>
</comp>

<comp id="24" class="1000" name="compute_controller_bool_bool_unsigned_int_bool_bool_bool_bool_bool_u_88">
<pin_list>
<pin id="25" dir="1" index="0" bw="1" slack="0"/>
</pin_list>
<bind>
<StgValue><ssdm name="compute_controller_bool_bool_unsigned_int_bool_bool_bool_bool_bool_u_88"/><MemPortTyVec>1 3 </MemPortTyVec>
</StgValue>
</bind>
</comp>

<comp id="26" class="1000" name="compute_controller_bool_bool_unsigned_int_bool_bool_bool_bool_bool_u_54">
<pin_list>
<pin id="27" dir="1" index="0" bw="1" slack="0"/>
</pin_list>
<bind>
<StgValue><ssdm name="compute_controller_bool_bool_unsigned_int_bool_bool_bool_bool_bool_u_54"/><MemPortTyVec>1 3 </MemPortTyVec>
</StgValue>
</bind>
</comp>

<comp id="28" class="1000" name="compute_controller_bool_bool_unsigned_int_bool_bool_bool_bool_bool_u_87">
<pin_list>
<pin id="29" dir="1" index="0" bw="1" slack="0"/>
</pin_list>
<bind>
<StgValue><ssdm name="compute_controller_bool_bool_unsigned_int_bool_bool_bool_bool_bool_u_87"/><MemPortTyVec>1 3 </MemPortTyVec>
</StgValue>
</bind>
</comp>

<comp id="30" class="1000" name="compute_controller_bool_bool_unsigned_int_bool_bool_bool_bool_bool_u_53">
<pin_list>
<pin id="31" dir="1" index="0" bw="1" slack="0"/>
</pin_list>
<bind>
<StgValue><ssdm name="compute_controller_bool_bool_unsigned_int_bool_bool_bool_bool_bool_u_53"/><MemPortTyVec>1 3 </MemPortTyVec>
</StgValue>
</bind>
</comp>

<comp id="32" class="1000" name="compute_controller_bool_bool_unsigned_int_bool_bool_bool_bool_bool_u_86">
<pin_list>
<pin id="33" dir="1" index="0" bw="1" slack="0"/>
</pin_list>
<bind>
<StgValue><ssdm name="compute_controller_bool_bool_unsigned_int_bool_bool_bool_bool_bool_u_86"/><MemPortTyVec>1 3 </MemPortTyVec>
</StgValue>
</bind>
</comp>

<comp id="34" class="1000" name="compute_controller_bool_bool_unsigned_int_bool_bool_bool_bool_bool_u_52">
<pin_list>
<pin id="35" dir="1" index="0" bw="1" slack="0"/>
</pin_list>
<bind>
<StgValue><ssdm name="compute_controller_bool_bool_unsigned_int_bool_bool_bool_bool_bool_u_52"/><MemPortTyVec>1 3 </MemPortTyVec>
</StgValue>
</bind>
</comp>

<comp id="36" class="1000" name="compute_controller_bool_bool_unsigned_int_bool_bool_bool_bool_bool_u_85">
<pin_list>
<pin id="37" dir="1" index="0" bw="1" slack="0"/>
</pin_list>
<bind>
<StgValue><ssdm name="compute_controller_bool_bool_unsigned_int_bool_bool_bool_bool_bool_u_85"/><MemPortTyVec>1 3 </MemPortTyVec>
</StgValue>
</bind>
</comp>

<comp id="38" class="1000" name="compute_controller_bool_bool_unsigned_int_bool_bool_bool_bool_bool_u_51">
<pin_list>
<pin id="39" dir="1" index="0" bw="1" slack="0"/>
</pin_list>
<bind>
<StgValue><ssdm name="compute_controller_bool_bool_unsigned_int_bool_bool_bool_bool_bool_u_51"/><MemPortTyVec>1 3 </MemPortTyVec>
</StgValue>
</bind>
</comp>

<comp id="40" class="1000" name="compute_controller_bool_bool_unsigned_int_bool_bool_bool_bool_bool_u_84">
<pin_list>
<pin id="41" dir="1" index="0" bw="1" slack="0"/>
</pin_list>
<bind>
<StgValue><ssdm name="compute_controller_bool_bool_unsigned_int_bool_bool_bool_bool_bool_u_84"/><MemPortTyVec>1 3 </MemPortTyVec>
</StgValue>
</bind>
</comp>

<comp id="42" class="1000" name="compute_controller_bool_bool_unsigned_int_bool_bool_bool_bool_bool_u_50">
<pin_list>
<pin id="43" dir="1" index="0" bw="1" slack="0"/>
</pin_list>
<bind>
<StgValue><ssdm name="compute_controller_bool_bool_unsigned_int_bool_bool_bool_bool_bool_u_50"/><MemPortTyVec>1 3 </MemPortTyVec>
</StgValue>
</bind>
</comp>

<comp id="44" class="1000" name="compute_controller_bool_bool_unsigned_int_bool_bool_bool_bool_bool_u_83">
<pin_list>
<pin id="45" dir="1" index="0" bw="1" slack="0"/>
</pin_list>
<bind>
<StgValue><ssdm name="compute_controller_bool_bool_unsigned_int_bool_bool_bool_bool_bool_u_83"/><MemPortTyVec>1 3 </MemPortTyVec>
</StgValue>
</bind>
</comp>

<comp id="46" class="1000" name="p_ZZ18compute_controllerbbjRbS_bS_S_RjPKhPhR12ComputeStateS0_RhS6_S6_S6_S_S_S_S_E_23">
<pin_list>
<pin id="47" dir="1" index="0" bw="1" slack="0"/>
</pin_list>
<bind>
<StgValue><ssdm name="p_ZZ18compute_controllerbbjRbS_bS_S_RjPKhPhR12ComputeStateS0_RhS6_S6_S6_S_S_S_S_E_23"/><MemPortTyVec>1 3 </MemPortTyVec>
</StgValue>
</bind>
</comp>

<comp id="48" class="1000" name="compute_controller_bool_bool_unsigned_int_bool_bool_bool_bool_bool_u_82">
<pin_list>
<pin id="49" dir="1" index="0" bw="1" slack="0"/>
</pin_list>
<bind>
<StgValue><ssdm name="compute_controller_bool_bool_unsigned_int_bool_bool_bool_bool_bool_u_82"/><MemPortTyVec>1 3 </MemPortTyVec>
</StgValue>
</bind>
</comp>

<comp id="50" class="1000" name="p_ZZ18compute_controllerbbjRbS_bS_S_RjPKhPhR12ComputeStateS0_RhS6_S6_S6_S_S_S_S_E_22">
<pin_list>
<pin id="51" dir="1" index="0" bw="1" slack="0"/>
</pin_list>
<bind>
<StgValue><ssdm name="p_ZZ18compute_controllerbbjRbS_bS_S_RjPKhPhR12ComputeStateS0_RhS6_S6_S6_S_S_S_S_E_22"/><MemPortTyVec>1 3 </MemPortTyVec>
</StgValue>
</bind>
</comp>

<comp id="52" class="1000" name="compute_controller_bool_bool_unsigned_int_bool_bool_bool_bool_bool_u_81">
<pin_list>
<pin id="53" dir="1" index="0" bw="1" slack="0"/>
</pin_list>
<bind>
<StgValue><ssdm name="compute_controller_bool_bool_unsigned_int_bool_bool_bool_bool_bool_u_81"/><MemPortTyVec>1 3 </MemPortTyVec>
</StgValue>
</bind>
</comp>

<comp id="54" class="1000" name="p_ZZ18compute_controllerbbjRbS_bS_S_RjPKhPhR12ComputeStateS0_RhS6_S6_S6_S_S_S_S_E_21">
<pin_list>
<pin id="55" dir="1" index="0" bw="1" slack="0"/>
</pin_list>
<bind>
<StgValue><ssdm name="p_ZZ18compute_controllerbbjRbS_bS_S_RjPKhPhR12ComputeStateS0_RhS6_S6_S6_S_S_S_S_E_21"/><MemPortTyVec>1 3 </MemPortTyVec>
</StgValue>
</bind>
</comp>

<comp id="56" class="1000" name="compute_controller_bool_bool_unsigned_int_bool_bool_bool_bool_bool_u_80">
<pin_list>
<pin id="57" dir="1" index="0" bw="1" slack="0"/>
</pin_list>
<bind>
<StgValue><ssdm name="compute_controller_bool_bool_unsigned_int_bool_bool_bool_bool_bool_u_80"/><MemPortTyVec>1 3 </MemPortTyVec>
</StgValue>
</bind>
</comp>

<comp id="58" class="1000" name="p_ZZ18compute_controllerbbjRbS_bS_S_RjPKhPhR12ComputeStateS0_RhS6_S6_S6_S_S_S_S_E_20">
<pin_list>
<pin id="59" dir="1" index="0" bw="1" slack="0"/>
</pin_list>
<bind>
<StgValue><ssdm name="p_ZZ18compute_controllerbbjRbS_bS_S_RjPKhPhR12ComputeStateS0_RhS6_S6_S6_S_S_S_S_E_20"/><MemPortTyVec>1 3 </MemPortTyVec>
</StgValue>
</bind>
</comp>

<comp id="60" class="1000" name="p_ZZ18compute_controllerbbjRbS_bS_S_RjPKhPhR12ComputeStateS0_RhS6_S6_S6_S_S_S_S_E_29">
<pin_list>
<pin id="61" dir="1" index="0" bw="1" slack="0"/>
</pin_list>
<bind>
<StgValue><ssdm name="p_ZZ18compute_controllerbbjRbS_bS_S_RjPKhPhR12ComputeStateS0_RhS6_S6_S6_S_S_S_S_E_29"/><MemPortTyVec>1 3 </MemPortTyVec>
</StgValue>
</bind>
</comp>

<comp id="62" class="1000" name="p_ZZ18compute_controllerbbjRbS_bS_S_RjPKhPhR12ComputeStateS0_RhS6_S6_S6_S_S_S_S_E_19">
<pin_list>
<pin id="63" dir="1" index="0" bw="1" slack="0"/>
</pin_list>
<bind>
<StgValue><ssdm name="p_ZZ18compute_controllerbbjRbS_bS_S_RjPKhPhR12ComputeStateS0_RhS6_S6_S6_S_S_S_S_E_19"/><MemPortTyVec>1 3 </MemPortTyVec>
</StgValue>
</bind>
</comp>

<comp id="64" class="1000" name="p_ZZ18compute_controllerbbjRbS_bS_S_RjPKhPhR12ComputeStateS0_RhS6_S6_S6_S_S_S_S_E_28">
<pin_list>
<pin id="65" dir="1" index="0" bw="1" slack="0"/>
</pin_list>
<bind>
<StgValue><ssdm name="p_ZZ18compute_controllerbbjRbS_bS_S_RjPKhPhR12ComputeStateS0_RhS6_S6_S6_S_S_S_S_E_28"/><MemPortTyVec>1 3 </MemPortTyVec>
</StgValue>
</bind>
</comp>

<comp id="66" class="1000" name="p_ZZ18compute_controllerbbjRbS_bS_S_RjPKhPhR12ComputeStateS0_RhS6_S6_S6_S_S_S_S_E_18">
<pin_list>
<pin id="67" dir="1" index="0" bw="1" slack="0"/>
</pin_list>
<bind>
<StgValue><ssdm name="p_ZZ18compute_controllerbbjRbS_bS_S_RjPKhPhR12ComputeStateS0_RhS6_S6_S6_S_S_S_S_E_18"/><MemPortTyVec>1 3 </MemPortTyVec>
</StgValue>
</bind>
</comp>

<comp id="68" class="1001" name="const_68">
<pin_list>
<pin id="69" dir="1" index="0" bw="1" slack="0"/>
</pin_list>
<bind>
<StgValue><ssdm name=""/></StgValue>
</bind>
</comp>

<comp id="70" class="1001" name="const_70">
<pin_list>
<pin id="71" dir="1" index="0" bw="1" slack="0"/>
</pin_list>
<bind>
<StgValue><ssdm name="_ssdm_op_Read.ap_auto.i32"/></StgValue>
</bind>
</comp>

<comp id="72" class="1001" name="const_72">
<pin_list>
<pin id="73" dir="1" index="0" bw="1" slack="0"/>
</pin_list>
<bind>
<StgValue><ssdm name=""/></StgValue>
</bind>
</comp>

<comp id="74" class="1001" name="const_74">
<pin_list>
<pin id="75" dir="1" index="0" bw="1" slack="0"/>
</pin_list>
<bind>
<StgValue><ssdm name="_ssdm_op_BitSelect.i1.i5.i32"/></StgValue>
</bind>
</comp>

<comp id="76" class="1001" name="const_76">
<pin_list>
<pin id="77" dir="1" index="0" bw="1" slack="0"/>
</pin_list>
<bind>
<StgValue><ssdm name=""/></StgValue>
</bind>
</comp>

<comp id="78" class="1001" name="const_78">
<pin_list>
<pin id="79" dir="1" index="0" bw="1" slack="0"/>
</pin_list>
<bind>
<StgValue><ssdm name=""/></StgValue>
</bind>
</comp>

<comp id="80" class="1001" name="const_80">
<pin_list>
<pin id="81" dir="1" index="0" bw="1" slack="0"/>
</pin_list>
<bind>
<StgValue><ssdm name=""/></StgValue>
</bind>
</comp>

<comp id="82" class="1001" name="const_82">
<pin_list>
<pin id="83" dir="1" index="0" bw="1" slack="0"/>
</pin_list>
<bind>
<StgValue><ssdm name="_ssdm_op_PartSelect.i2.i5.i32.i32"/></StgValue>
</bind>
</comp>

<comp id="84" class="1001" name="const_84">
<pin_list>
<pin id="85" dir="1" index="0" bw="1" slack="0"/>
</pin_list>
<bind>
<StgValue><ssdm name=""/></StgValue>
</bind>
</comp>

<comp id="86" class="1001" name="const_86">
<pin_list>
<pin id="87" dir="1" index="0" bw="1" slack="0"/>
</pin_list>
<bind>
<StgValue><ssdm name="_ssdm_op_BitConcatenate.i5.i2.i2.i1"/></StgValue>
</bind>
</comp>

<comp id="88" class="1001" name="const_88">
<pin_list>
<pin id="89" dir="1" index="0" bw="1" slack="0"/>
</pin_list>
<bind>
<StgValue><ssdm name=""/></StgValue>
</bind>
</comp>

<comp id="90" class="1001" name="const_90">
<pin_list>
<pin id="91" dir="1" index="0" bw="1" slack="0"/>
</pin_list>
<bind>
<StgValue><ssdm name=""/></StgValue>
</bind>
</comp>

<comp id="92" class="1001" name="const_92">
<pin_list>
<pin id="93" dir="1" index="0" bw="1" slack="0"/>
</pin_list>
<bind>
<StgValue><ssdm name=""/></StgValue>
</bind>
</comp>

<comp id="94" class="1001" name="const_94">
<pin_list>
<pin id="95" dir="1" index="0" bw="1" slack="0"/>
</pin_list>
<bind>
<StgValue><ssdm name="_ssdm_op_BitSelect.i1.i5.i5"/></StgValue>
</bind>
</comp>

<comp id="96" class="1001" name="const_96">
<pin_list>
<pin id="97" dir="1" index="0" bw="1" slack="0"/>
</pin_list>
<bind>
<StgValue><ssdm name=""/></StgValue>
</bind>
</comp>

<comp id="98" class="1001" name="const_98">
<pin_list>
<pin id="99" dir="1" index="0" bw="1" slack="0"/>
</pin_list>
<bind>
<StgValue><ssdm name=""/></StgValue>
</bind>
</comp>

<comp id="100" class="1001" name="const_100">
<pin_list>
<pin id="101" dir="1" index="0" bw="1" slack="0"/>
</pin_list>
<bind>
<StgValue><ssdm name="_ssdm_op_BitConcatenate.i5.i1.i4"/></StgValue>
</bind>
</comp>

<comp id="102" class="1001" name="const_102">
<pin_list>
<pin id="103" dir="1" index="0" bw="1" slack="0"/>
</pin_list>
<bind>
<StgValue><ssdm name="_ssdm_op_BitConcatenate.i2.i1.i1"/></StgValue>
</bind>
</comp>

<comp id="104" class="1001" name="const_104">
<pin_list>
<pin id="105" dir="1" index="0" bw="1" slack="2147483647"/>
</pin_list>
<bind>
<StgValue><ssdm name="_ssdm_op_SpecPipeline"/></StgValue>
</bind>
</comp>

<comp id="106" class="1001" name="const_106">
<pin_list>
<pin id="107" dir="1" index="0" bw="1" slack="2147483647"/>
</pin_list>
<bind>
<StgValue><ssdm name=""/></StgValue>
</bind>
</comp>

<comp id="108" class="1001" name="const_108">
<pin_list>
<pin id="109" dir="1" index="0" bw="1" slack="2147483647"/>
</pin_list>
<bind>
<StgValue><ssdm name=""/></StgValue>
</bind>
</comp>

<comp id="110" class="1001" name="const_110">
<pin_list>
<pin id="111" dir="1" index="0" bw="1" slack="2147483647"/>
</pin_list>
<bind>
<StgValue><ssdm name="empty_8"/></StgValue>
</bind>
</comp>

<comp id="112" class="1001" name="const_112">
<pin_list>
<pin id="113" dir="1" index="0" bw="1" slack="2147483647"/>
</pin_list>
<bind>
<StgValue><ssdm name="_ssdm_op_SpecLoopName"/></StgValue>
</bind>
</comp>

<comp id="114" class="1001" name="const_114">
<pin_list>
<pin id="115" dir="1" index="0" bw="1" slack="2147483647"/>
</pin_list>
<bind>
<StgValue><ssdm name="empty_15"/></StgValue>
</bind>
</comp>

<comp id="116" class="1001" name="const_116">
<pin_list>
<pin id="117" dir="1" index="0" bw="1" slack="2147483647"/>
</pin_list>
<bind>
<StgValue><ssdm name="_ssdm_op_SpecLoopTripCount"/></StgValue>
</bind>
</comp>

<comp id="118" class="1001" name="const_118">
<pin_list>
<pin id="119" dir="1" index="0" bw="1" slack="2147483647"/>
</pin_list>
<bind>
<StgValue><ssdm name=""/></StgValue>
</bind>
</comp>

<comp id="120" class="1001" name="const_120">
<pin_list>
<pin id="121" dir="1" index="0" bw="1" slack="0"/>
</pin_list>
<bind>
<StgValue><ssdm name="_ssdm_op_Write.ap_auto.i32P0A"/></StgValue>
</bind>
</comp>

<comp id="122" class="1004" name="acc_fu_122">
<pin_list>
<pin id="123" dir="0" index="0" bw="1" slack="0"/>
<pin id="124" dir="1" index="1" bw="32" slack="0"/>
</pin_list>
<bind>
<opcode="alloca(26) " fcode="alloca"/>
<opset="acc/1 "/>
</bind>
</comp>

<comp id="126" class="1004" name="i_fu_126">
<pin_list>
<pin id="127" dir="0" index="0" bw="1" slack="0"/>
<pin id="128" dir="1" index="1" bw="5" slack="0"/>
</pin_list>
<bind>
<opcode="alloca(26) " fcode="alloca"/>
<opset="i/1 "/>
</bind>
</comp>

<comp id="130" class="1004" name="acc_6_read_read_fu_130">
<pin_list>
<pin id="131" dir="0" index="0" bw="32" slack="0"/>
<pin id="132" dir="0" index="1" bw="32" slack="0"/>
<pin id="133" dir="1" index="2" bw="32" slack="0"/>
</pin_list>
<bind>
<opcode="read(1150) " fcode="read"/>
<opset="acc_6_read/1 "/>
</bind>
</comp>

<comp id="136" class="1004" name="write_ln45_write_fu_136">
<pin_list>
<pin id="137" dir="0" index="0" bw="0" slack="0"/>
<pin id="138" dir="0" index="1" bw="32" slack="0"/>
<pin id="139" dir="0" index="2" bw="32" slack="0"/>
<pin id="140" dir="1" index="3" bw="0" slack="2147483647"/>
</pin_list>
<bind>
<opcode="write(1151) " fcode="write"/>
<opset="write_ln45/7 "/>
</bind>
</comp>

<comp id="143" class="1004" name="compute_controller_bool_bool_unsigned_int_bool_bool_bool_bool_bool_u_370_gep_fu_143">
<pin_list>
<pin id="144" dir="0" index="0" bw="4" slack="0"/>
<pin id="145" dir="0" index="1" bw="1" slack="0"/>
<pin id="146" dir="0" index="2" bw="4" slack="0"/>
<pin id="147" dir="1" index="3" bw="3" slack="0"/>
</pin_list>
<bind>
<opcode="getelementptr(29) " fcode="getelementptr"/>
<opset="compute_controller_bool_bool_unsigned_int_bool_bool_bool_bool_bool_u_370/1 "/>
</bind>
</comp>

<comp id="150" class="1004" name="grp_access_fu_150">
<pin_list>
<pin id="151" dir="0" index="0" bw="3" slack="0"/>
<pin id="152" dir="0" index="1" bw="4" slack="2147483647"/>
<pin id="153" dir="0" index="2" bw="0" slack="2147483647"/>
<pin id="154" dir="1" index="3" bw="4" slack="0"/>
</pin_list>
<bind>
<opcode="load(27) " fcode="load"/>
<opset="w_39/1 "/>
</bind>
</comp>

<comp id="156" class="1004" name="compute_controller_bool_bool_unsigned_int_bool_bool_bool_bool_bool_u_371_gep_fu_156">
<pin_list>
<pin id="157" dir="0" index="0" bw="16" slack="0"/>
<pin id="158" dir="0" index="1" bw="1" slack="0"/>
<pin id="159" dir="0" index="2" bw="1" slack="0"/>
<pin id="160" dir="1" index="3" bw="1" slack="0"/>
</pin_list>
<bind>
<opcode="getelementptr(29) " fcode="getelementptr"/>
<opset="compute_controller_bool_bool_unsigned_int_bool_bool_bool_bool_bool_u_371/1 "/>
</bind>
</comp>

<comp id="163" class="1004" name="grp_access_fu_163">
<pin_list>
<pin id="164" dir="0" index="0" bw="1" slack="0"/>
<pin id="165" dir="0" index="1" bw="16" slack="2147483647"/>
<pin id="166" dir="0" index="2" bw="0" slack="2147483647"/>
<pin id="167" dir="1" index="3" bw="16" slack="0"/>
</pin_list>
<bind>
<opcode="load(27) " fcode="load"/>
<opset="compute_controller_bool_bool_unsigned_int_bool_bool_bool_bool_bool_u_372/1 "/>
</bind>
</comp>

<comp id="169" class="1004" name="p_ZZ18compute_controllerbbjRbS_bS_S_RjPKhPhR12ComputeStateS0_RhS6_S6_S6_S_S_S_S_E_163_gep_fu_169">
<pin_list>
<pin id="170" dir="0" index="0" bw="4" slack="0"/>
<pin id="171" dir="0" index="1" bw="1" slack="0"/>
<pin id="172" dir="0" index="2" bw="2" slack="0"/>
<pin id="173" dir="1" index="3" bw="3" slack="0"/>
</pin_list>
<bind>
<opcode="getelementptr(29) " fcode="getelementptr"/>
<opset="p_ZZ18compute_controllerbbjRbS_bS_S_RjPKhPhR12ComputeStateS0_RhS6_S6_S6_S_S_S_S_E_163/2 "/>
</bind>
</comp>

<comp id="176" class="1004" name="grp_access_fu_176">
<pin_list>
<pin id="177" dir="0" index="0" bw="3" slack="0"/>
<pin id="178" dir="0" index="1" bw="4" slack="2147483647"/>
<pin id="179" dir="0" index="2" bw="0" slack="2147483647"/>
<pin id="180" dir="1" index="3" bw="4" slack="0"/>
</pin_list>
<bind>
<opcode="load(27) " fcode="load"/>
<opset="w_31/2 "/>
</bind>
</comp>

<comp id="182" class="1004" name="compute_controller_bool_bool_unsigned_int_bool_bool_bool_bool_bool_u_349_gep_fu_182">
<pin_list>
<pin id="183" dir="0" index="0" bw="16" slack="0"/>
<pin id="184" dir="0" index="1" bw="1" slack="0"/>
<pin id="185" dir="0" index="2" bw="1" slack="1"/>
<pin id="186" dir="1" index="3" bw="1" slack="0"/>
</pin_list>
<bind>
<opcode="getelementptr(29) " fcode="getelementptr"/>
<opset="compute_controller_bool_bool_unsigned_int_bool_bool_bool_bool_bool_u_349/2 "/>
</bind>
</comp>

<comp id="189" class="1004" name="grp_access_fu_189">
<pin_list>
<pin id="190" dir="0" index="0" bw="1" slack="0"/>
<pin id="191" dir="0" index="1" bw="16" slack="2147483647"/>
<pin id="192" dir="0" index="2" bw="0" slack="2147483647"/>
<pin id="193" dir="1" index="3" bw="16" slack="0"/>
</pin_list>
<bind>
<opcode="load(27) " fcode="load"/>
<opset="compute_controller_bool_bool_unsigned_int_bool_bool_bool_bool_bool_u_350/2 "/>
</bind>
</comp>

<comp id="195" class="1004" name="p_ZZ18compute_controllerbbjRbS_bS_S_RjPKhPhR12ComputeStateS0_RhS6_S6_S6_S_S_S_S_E_164_gep_fu_195">
<pin_list>
<pin id="196" dir="0" index="0" bw="4" slack="0"/>
<pin id="197" dir="0" index="1" bw="1" slack="0"/>
<pin id="198" dir="0" index="2" bw="2" slack="0"/>
<pin id="199" dir="1" index="3" bw="3" slack="0"/>
</pin_list>
<bind>
<opcode="getelementptr(29) " fcode="getelementptr"/>
<opset="p_ZZ18compute_controllerbbjRbS_bS_S_RjPKhPhR12ComputeStateS0_RhS6_S6_S6_S_S_S_S_E_164/2 "/>
</bind>
</comp>

<comp id="202" class="1004" name="grp_access_fu_202">
<pin_list>
<pin id="203" dir="0" index="0" bw="3" slack="0"/>
<pin id="204" dir="0" index="1" bw="4" slack="2147483647"/>
<pin id="205" dir="0" index="2" bw="0" slack="2147483647"/>
<pin id="206" dir="1" index="3" bw="4" slack="0"/>
</pin_list>
<bind>
<opcode="load(27) " fcode="load"/>
<opset="w_32/2 "/>
</bind>
</comp>

<comp id="208" class="1004" name="compute_controller_bool_bool_unsigned_int_bool_bool_bool_bool_bool_u_351_gep_fu_208">
<pin_list>
<pin id="209" dir="0" index="0" bw="16" slack="0"/>
<pin id="210" dir="0" index="1" bw="1" slack="0"/>
<pin id="211" dir="0" index="2" bw="1" slack="1"/>
<pin id="212" dir="1" index="3" bw="1" slack="0"/>
</pin_list>
<bind>
<opcode="getelementptr(29) " fcode="getelementptr"/>
<opset="compute_controller_bool_bool_unsigned_int_bool_bool_bool_bool_bool_u_351/2 "/>
</bind>
</comp>

<comp id="215" class="1004" name="grp_access_fu_215">
<pin_list>
<pin id="216" dir="0" index="0" bw="1" slack="0"/>
<pin id="217" dir="0" index="1" bw="16" slack="2147483647"/>
<pin id="218" dir="0" index="2" bw="0" slack="2147483647"/>
<pin id="219" dir="1" index="3" bw="16" slack="0"/>
</pin_list>
<bind>
<opcode="load(27) " fcode="load"/>
<opset="compute_controller_bool_bool_unsigned_int_bool_bool_bool_bool_bool_u_352/2 "/>
</bind>
</comp>

<comp id="221" class="1004" name="compute_controller_bool_bool_unsigned_int_bool_bool_bool_bool_bool_u_364_gep_fu_221">
<pin_list>
<pin id="222" dir="0" index="0" bw="4" slack="0"/>
<pin id="223" dir="0" index="1" bw="1" slack="0"/>
<pin id="224" dir="0" index="2" bw="4" slack="1"/>
<pin id="225" dir="1" index="3" bw="3" slack="0"/>
</pin_list>
<bind>
<opcode="getelementptr(29) " fcode="getelementptr"/>
<opset="compute_controller_bool_bool_unsigned_int_bool_bool_bool_bool_bool_u_364/2 "/>
</bind>
</comp>

<comp id="228" class="1004" name="grp_access_fu_228">
<pin_list>
<pin id="229" dir="0" index="0" bw="3" slack="0"/>
<pin id="230" dir="0" index="1" bw="4" slack="2147483647"/>
<pin id="231" dir="0" index="2" bw="0" slack="2147483647"/>
<pin id="232" dir="1" index="3" bw="4" slack="0"/>
</pin_list>
<bind>
<opcode="load(27) " fcode="load"/>
<opset="w_37/2 "/>
</bind>
</comp>

<comp id="234" class="1004" name="compute_controller_bool_bool_unsigned_int_bool_bool_bool_bool_bool_u_365_gep_fu_234">
<pin_list>
<pin id="235" dir="0" index="0" bw="16" slack="0"/>
<pin id="236" dir="0" index="1" bw="1" slack="0"/>
<pin id="237" dir="0" index="2" bw="1" slack="1"/>
<pin id="238" dir="1" index="3" bw="1" slack="0"/>
</pin_list>
<bind>
<opcode="getelementptr(29) " fcode="getelementptr"/>
<opset="compute_controller_bool_bool_unsigned_int_bool_bool_bool_bool_bool_u_365/2 "/>
</bind>
</comp>

<comp id="241" class="1004" name="grp_access_fu_241">
<pin_list>
<pin id="242" dir="0" index="0" bw="1" slack="0"/>
<pin id="243" dir="0" index="1" bw="16" slack="2147483647"/>
<pin id="244" dir="0" index="2" bw="0" slack="2147483647"/>
<pin id="245" dir="1" index="3" bw="16" slack="0"/>
</pin_list>
<bind>
<opcode="load(27) " fcode="load"/>
<opset="compute_controller_bool_bool_unsigned_int_bool_bool_bool_bool_bool_u_366/2 "/>
</bind>
</comp>

<comp id="247" class="1004" name="compute_controller_bool_bool_unsigned_int_bool_bool_bool_bool_bool_u_375_gep_fu_247">
<pin_list>
<pin id="248" dir="0" index="0" bw="4" slack="0"/>
<pin id="249" dir="0" index="1" bw="1" slack="0"/>
<pin id="250" dir="0" index="2" bw="4" slack="1"/>
<pin id="251" dir="1" index="3" bw="3" slack="0"/>
</pin_list>
<bind>
<opcode="getelementptr(29) " fcode="getelementptr"/>
<opset="compute_controller_bool_bool_unsigned_int_bool_bool_bool_bool_bool_u_375/2 "/>
</bind>
</comp>

<comp id="254" class="1004" name="grp_access_fu_254">
<pin_list>
<pin id="255" dir="0" index="0" bw="3" slack="0"/>
<pin id="256" dir="0" index="1" bw="4" slack="2147483647"/>
<pin id="257" dir="0" index="2" bw="0" slack="2147483647"/>
<pin id="258" dir="1" index="3" bw="4" slack="0"/>
</pin_list>
<bind>
<opcode="load(27) " fcode="load"/>
<opset="w_42/2 "/>
</bind>
</comp>

<comp id="260" class="1004" name="p_ZZ18compute_controllerbbjRbS_bS_S_RjPKhPhR12ComputeStateS0_RhS6_S6_S6_S_S_S_S_E_170_gep_fu_260">
<pin_list>
<pin id="261" dir="0" index="0" bw="16" slack="0"/>
<pin id="262" dir="0" index="1" bw="1" slack="0"/>
<pin id="263" dir="0" index="2" bw="1" slack="1"/>
<pin id="264" dir="1" index="3" bw="1" slack="0"/>
</pin_list>
<bind>
<opcode="getelementptr(29) " fcode="getelementptr"/>
<opset="p_ZZ18compute_controllerbbjRbS_bS_S_RjPKhPhR12ComputeStateS0_RhS6_S6_S6_S_S_S_S_E_170/2 "/>
</bind>
</comp>

<comp id="267" class="1004" name="grp_access_fu_267">
<pin_list>
<pin id="268" dir="0" index="0" bw="1" slack="0"/>
<pin id="269" dir="0" index="1" bw="16" slack="2147483647"/>
<pin id="270" dir="0" index="2" bw="0" slack="2147483647"/>
<pin id="271" dir="1" index="3" bw="16" slack="0"/>
</pin_list>
<bind>
<opcode="load(27) " fcode="load"/>
<opset="p_ZZ18compute_controllerbbjRbS_bS_S_RjPKhPhR12ComputeStateS0_RhS6_S6_S6_S_S_S_S_E_171/2 "/>
</bind>
</comp>

<comp id="273" class="1004" name="p_ZZ18compute_controllerbbjRbS_bS_S_RjPKhPhR12ComputeStateS0_RhS6_S6_S6_S_S_S_S_E_177_gep_fu_273">
<pin_list>
<pin id="274" dir="0" index="0" bw="4" slack="0"/>
<pin id="275" dir="0" index="1" bw="1" slack="0"/>
<pin id="276" dir="0" index="2" bw="4" slack="1"/>
<pin id="277" dir="1" index="3" bw="3" slack="0"/>
</pin_list>
<bind>
<opcode="getelementptr(29) " fcode="getelementptr"/>
<opset="p_ZZ18compute_controllerbbjRbS_bS_S_RjPKhPhR12ComputeStateS0_RhS6_S6_S6_S_S_S_S_E_177/2 "/>
</bind>
</comp>

<comp id="280" class="1004" name="grp_access_fu_280">
<pin_list>
<pin id="281" dir="0" index="0" bw="3" slack="0"/>
<pin id="282" dir="0" index="1" bw="4" slack="2147483647"/>
<pin id="283" dir="0" index="2" bw="0" slack="2147483647"/>
<pin id="284" dir="1" index="3" bw="4" slack="0"/>
</pin_list>
<bind>
<opcode="load(27) " fcode="load"/>
<opset="w_45/2 "/>
</bind>
</comp>

<comp id="286" class="1004" name="p_ZZ18compute_controllerbbjRbS_bS_S_RjPKhPhR12ComputeStateS0_RhS6_S6_S6_S_S_S_S_E_178_gep_fu_286">
<pin_list>
<pin id="287" dir="0" index="0" bw="16" slack="0"/>
<pin id="288" dir="0" index="1" bw="1" slack="0"/>
<pin id="289" dir="0" index="2" bw="1" slack="1"/>
<pin id="290" dir="1" index="3" bw="1" slack="0"/>
</pin_list>
<bind>
<opcode="getelementptr(29) " fcode="getelementptr"/>
<opset="p_ZZ18compute_controllerbbjRbS_bS_S_RjPKhPhR12ComputeStateS0_RhS6_S6_S6_S_S_S_S_E_178/2 "/>
</bind>
</comp>

<comp id="293" class="1004" name="grp_access_fu_293">
<pin_list>
<pin id="294" dir="0" index="0" bw="1" slack="0"/>
<pin id="295" dir="0" index="1" bw="16" slack="2147483647"/>
<pin id="296" dir="0" index="2" bw="0" slack="2147483647"/>
<pin id="297" dir="1" index="3" bw="16" slack="0"/>
</pin_list>
<bind>
<opcode="load(27) " fcode="load"/>
<opset="p_ZZ18compute_controllerbbjRbS_bS_S_RjPKhPhR12ComputeStateS0_RhS6_S6_S6_S_S_S_S_E_179/2 "/>
</bind>
</comp>

<comp id="299" class="1004" name="p_ZZ18compute_controllerbbjRbS_bS_S_RjPKhPhR12ComputeStateS0_RhS6_S6_S6_S_S_S_S_E_165_gep_fu_299">
<pin_list>
<pin id="300" dir="0" index="0" bw="4" slack="0"/>
<pin id="301" dir="0" index="1" bw="1" slack="0"/>
<pin id="302" dir="0" index="2" bw="2" slack="1"/>
<pin id="303" dir="1" index="3" bw="3" slack="0"/>
</pin_list>
<bind>
<opcode="getelementptr(29) " fcode="getelementptr"/>
<opset="p_ZZ18compute_controllerbbjRbS_bS_S_RjPKhPhR12ComputeStateS0_RhS6_S6_S6_S_S_S_S_E_165/3 "/>
</bind>
</comp>

<comp id="306" class="1004" name="grp_access_fu_306">
<pin_list>
<pin id="307" dir="0" index="0" bw="3" slack="0"/>
<pin id="308" dir="0" index="1" bw="4" slack="2147483647"/>
<pin id="309" dir="0" index="2" bw="0" slack="2147483647"/>
<pin id="310" dir="1" index="3" bw="4" slack="0"/>
</pin_list>
<bind>
<opcode="load(27) " fcode="load"/>
<opset="w_33/3 "/>
</bind>
</comp>

<comp id="312" class="1004" name="compute_controller_bool_bool_unsigned_int_bool_bool_bool_bool_bool_u_353_gep_fu_312">
<pin_list>
<pin id="313" dir="0" index="0" bw="16" slack="0"/>
<pin id="314" dir="0" index="1" bw="1" slack="0"/>
<pin id="315" dir="0" index="2" bw="1" slack="2"/>
<pin id="316" dir="1" index="3" bw="1" slack="0"/>
</pin_list>
<bind>
<opcode="getelementptr(29) " fcode="getelementptr"/>
<opset="compute_controller_bool_bool_unsigned_int_bool_bool_bool_bool_bool_u_353/3 "/>
</bind>
</comp>

<comp id="319" class="1004" name="grp_access_fu_319">
<pin_list>
<pin id="320" dir="0" index="0" bw="1" slack="0"/>
<pin id="321" dir="0" index="1" bw="16" slack="2147483647"/>
<pin id="322" dir="0" index="2" bw="0" slack="2147483647"/>
<pin id="323" dir="1" index="3" bw="16" slack="0"/>
</pin_list>
<bind>
<opcode="load(27) " fcode="load"/>
<opset="compute_controller_bool_bool_unsigned_int_bool_bool_bool_bool_bool_u_354/3 "/>
</bind>
</comp>

<comp id="325" class="1004" name="compute_controller_bool_bool_unsigned_int_bool_bool_bool_bool_bool_u_358_gep_fu_325">
<pin_list>
<pin id="326" dir="0" index="0" bw="4" slack="0"/>
<pin id="327" dir="0" index="1" bw="1" slack="0"/>
<pin id="328" dir="0" index="2" bw="4" slack="2"/>
<pin id="329" dir="1" index="3" bw="3" slack="0"/>
</pin_list>
<bind>
<opcode="getelementptr(29) " fcode="getelementptr"/>
<opset="compute_controller_bool_bool_unsigned_int_bool_bool_bool_bool_bool_u_358/3 "/>
</bind>
</comp>

<comp id="332" class="1004" name="grp_access_fu_332">
<pin_list>
<pin id="333" dir="0" index="0" bw="3" slack="0"/>
<pin id="334" dir="0" index="1" bw="4" slack="2147483647"/>
<pin id="335" dir="0" index="2" bw="0" slack="2147483647"/>
<pin id="336" dir="1" index="3" bw="4" slack="0"/>
</pin_list>
<bind>
<opcode="load(27) " fcode="load"/>
<opset="w_35/3 "/>
</bind>
</comp>

<comp id="338" class="1004" name="compute_controller_bool_bool_unsigned_int_bool_bool_bool_bool_bool_u_359_gep_fu_338">
<pin_list>
<pin id="339" dir="0" index="0" bw="16" slack="0"/>
<pin id="340" dir="0" index="1" bw="1" slack="0"/>
<pin id="341" dir="0" index="2" bw="1" slack="2"/>
<pin id="342" dir="1" index="3" bw="1" slack="0"/>
</pin_list>
<bind>
<opcode="getelementptr(29) " fcode="getelementptr"/>
<opset="compute_controller_bool_bool_unsigned_int_bool_bool_bool_bool_bool_u_359/3 "/>
</bind>
</comp>

<comp id="345" class="1004" name="grp_access_fu_345">
<pin_list>
<pin id="346" dir="0" index="0" bw="1" slack="0"/>
<pin id="347" dir="0" index="1" bw="16" slack="2147483647"/>
<pin id="348" dir="0" index="2" bw="0" slack="2147483647"/>
<pin id="349" dir="1" index="3" bw="16" slack="0"/>
</pin_list>
<bind>
<opcode="load(27) " fcode="load"/>
<opset="compute_controller_bool_bool_unsigned_int_bool_bool_bool_bool_bool_u_360/3 "/>
</bind>
</comp>

<comp id="351" class="1004" name="compute_controller_bool_bool_unsigned_int_bool_bool_bool_bool_bool_u_361_gep_fu_351">
<pin_list>
<pin id="352" dir="0" index="0" bw="4" slack="0"/>
<pin id="353" dir="0" index="1" bw="1" slack="0"/>
<pin id="354" dir="0" index="2" bw="4" slack="2"/>
<pin id="355" dir="1" index="3" bw="3" slack="0"/>
</pin_list>
<bind>
<opcode="getelementptr(29) " fcode="getelementptr"/>
<opset="compute_controller_bool_bool_unsigned_int_bool_bool_bool_bool_bool_u_361/3 "/>
</bind>
</comp>

<comp id="358" class="1004" name="grp_access_fu_358">
<pin_list>
<pin id="359" dir="0" index="0" bw="3" slack="0"/>
<pin id="360" dir="0" index="1" bw="4" slack="2147483647"/>
<pin id="361" dir="0" index="2" bw="0" slack="2147483647"/>
<pin id="362" dir="1" index="3" bw="4" slack="0"/>
</pin_list>
<bind>
<opcode="load(27) " fcode="load"/>
<opset="w_36/3 "/>
</bind>
</comp>

<comp id="364" class="1004" name="compute_controller_bool_bool_unsigned_int_bool_bool_bool_bool_bool_u_362_gep_fu_364">
<pin_list>
<pin id="365" dir="0" index="0" bw="16" slack="0"/>
<pin id="366" dir="0" index="1" bw="1" slack="0"/>
<pin id="367" dir="0" index="2" bw="1" slack="2"/>
<pin id="368" dir="1" index="3" bw="1" slack="0"/>
</pin_list>
<bind>
<opcode="getelementptr(29) " fcode="getelementptr"/>
<opset="compute_controller_bool_bool_unsigned_int_bool_bool_bool_bool_bool_u_362/3 "/>
</bind>
</comp>

<comp id="371" class="1004" name="grp_access_fu_371">
<pin_list>
<pin id="372" dir="0" index="0" bw="1" slack="0"/>
<pin id="373" dir="0" index="1" bw="16" slack="2147483647"/>
<pin id="374" dir="0" index="2" bw="0" slack="2147483647"/>
<pin id="375" dir="1" index="3" bw="16" slack="0"/>
</pin_list>
<bind>
<opcode="load(27) " fcode="load"/>
<opset="compute_controller_bool_bool_unsigned_int_bool_bool_bool_bool_bool_u_363/3 "/>
</bind>
</comp>

<comp id="377" class="1004" name="compute_controller_bool_bool_unsigned_int_bool_bool_bool_bool_bool_u_367_gep_fu_377">
<pin_list>
<pin id="378" dir="0" index="0" bw="4" slack="0"/>
<pin id="379" dir="0" index="1" bw="1" slack="0"/>
<pin id="380" dir="0" index="2" bw="4" slack="2"/>
<pin id="381" dir="1" index="3" bw="3" slack="0"/>
</pin_list>
<bind>
<opcode="getelementptr(29) " fcode="getelementptr"/>
<opset="compute_controller_bool_bool_unsigned_int_bool_bool_bool_bool_bool_u_367/3 "/>
</bind>
</comp>

<comp id="384" class="1004" name="grp_access_fu_384">
<pin_list>
<pin id="385" dir="0" index="0" bw="3" slack="0"/>
<pin id="386" dir="0" index="1" bw="4" slack="2147483647"/>
<pin id="387" dir="0" index="2" bw="0" slack="2147483647"/>
<pin id="388" dir="1" index="3" bw="4" slack="0"/>
</pin_list>
<bind>
<opcode="load(27) " fcode="load"/>
<opset="w_38/3 "/>
</bind>
</comp>

<comp id="390" class="1004" name="compute_controller_bool_bool_unsigned_int_bool_bool_bool_bool_bool_u_368_gep_fu_390">
<pin_list>
<pin id="391" dir="0" index="0" bw="16" slack="0"/>
<pin id="392" dir="0" index="1" bw="1" slack="0"/>
<pin id="393" dir="0" index="2" bw="1" slack="2"/>
<pin id="394" dir="1" index="3" bw="1" slack="0"/>
</pin_list>
<bind>
<opcode="getelementptr(29) " fcode="getelementptr"/>
<opset="compute_controller_bool_bool_unsigned_int_bool_bool_bool_bool_bool_u_368/3 "/>
</bind>
</comp>

<comp id="397" class="1004" name="grp_access_fu_397">
<pin_list>
<pin id="398" dir="0" index="0" bw="1" slack="0"/>
<pin id="399" dir="0" index="1" bw="16" slack="2147483647"/>
<pin id="400" dir="0" index="2" bw="0" slack="2147483647"/>
<pin id="401" dir="1" index="3" bw="16" slack="0"/>
</pin_list>
<bind>
<opcode="load(27) " fcode="load"/>
<opset="compute_controller_bool_bool_unsigned_int_bool_bool_bool_bool_bool_u_369/3 "/>
</bind>
</comp>

<comp id="403" class="1004" name="compute_controller_bool_bool_unsigned_int_bool_bool_bool_bool_bool_u_373_gep_fu_403">
<pin_list>
<pin id="404" dir="0" index="0" bw="4" slack="0"/>
<pin id="405" dir="0" index="1" bw="1" slack="0"/>
<pin id="406" dir="0" index="2" bw="4" slack="2"/>
<pin id="407" dir="1" index="3" bw="3" slack="0"/>
</pin_list>
<bind>
<opcode="getelementptr(29) " fcode="getelementptr"/>
<opset="compute_controller_bool_bool_unsigned_int_bool_bool_bool_bool_bool_u_373/3 "/>
</bind>
</comp>

<comp id="410" class="1004" name="grp_access_fu_410">
<pin_list>
<pin id="411" dir="0" index="0" bw="3" slack="0"/>
<pin id="412" dir="0" index="1" bw="4" slack="2147483647"/>
<pin id="413" dir="0" index="2" bw="0" slack="2147483647"/>
<pin id="414" dir="1" index="3" bw="4" slack="0"/>
</pin_list>
<bind>
<opcode="load(27) " fcode="load"/>
<opset="w_40/3 "/>
</bind>
</comp>

<comp id="416" class="1004" name="p_ZZ18compute_controllerbbjRbS_bS_S_RjPKhPhR12ComputeStateS0_RhS6_S6_S6_S_S_S_S_E_166_gep_fu_416">
<pin_list>
<pin id="417" dir="0" index="0" bw="16" slack="0"/>
<pin id="418" dir="0" index="1" bw="1" slack="0"/>
<pin id="419" dir="0" index="2" bw="1" slack="2"/>
<pin id="420" dir="1" index="3" bw="1" slack="0"/>
</pin_list>
<bind>
<opcode="getelementptr(29) " fcode="getelementptr"/>
<opset="p_ZZ18compute_controllerbbjRbS_bS_S_RjPKhPhR12ComputeStateS0_RhS6_S6_S6_S_S_S_S_E_166/3 "/>
</bind>
</comp>

<comp id="423" class="1004" name="grp_access_fu_423">
<pin_list>
<pin id="424" dir="0" index="0" bw="1" slack="0"/>
<pin id="425" dir="0" index="1" bw="16" slack="2147483647"/>
<pin id="426" dir="0" index="2" bw="0" slack="2147483647"/>
<pin id="427" dir="1" index="3" bw="16" slack="0"/>
</pin_list>
<bind>
<opcode="load(27) " fcode="load"/>
<opset="p_ZZ18compute_controllerbbjRbS_bS_S_RjPKhPhR12ComputeStateS0_RhS6_S6_S6_S_S_S_S_E_167/3 "/>
</bind>
</comp>

<comp id="429" class="1004" name="compute_controller_bool_bool_unsigned_int_bool_bool_bool_bool_bool_u_376_gep_fu_429">
<pin_list>
<pin id="430" dir="0" index="0" bw="4" slack="0"/>
<pin id="431" dir="0" index="1" bw="1" slack="0"/>
<pin id="432" dir="0" index="2" bw="4" slack="2"/>
<pin id="433" dir="1" index="3" bw="3" slack="0"/>
</pin_list>
<bind>
<opcode="getelementptr(29) " fcode="getelementptr"/>
<opset="compute_controller_bool_bool_unsigned_int_bool_bool_bool_bool_bool_u_376/3 "/>
</bind>
</comp>

<comp id="436" class="1004" name="grp_access_fu_436">
<pin_list>
<pin id="437" dir="0" index="0" bw="3" slack="0"/>
<pin id="438" dir="0" index="1" bw="4" slack="2147483647"/>
<pin id="439" dir="0" index="2" bw="0" slack="2147483647"/>
<pin id="440" dir="1" index="3" bw="4" slack="0"/>
</pin_list>
<bind>
<opcode="load(27) " fcode="load"/>
<opset="w_43/3 "/>
</bind>
</comp>

<comp id="442" class="1004" name="p_ZZ18compute_controllerbbjRbS_bS_S_RjPKhPhR12ComputeStateS0_RhS6_S6_S6_S_S_S_S_E_172_gep_fu_442">
<pin_list>
<pin id="443" dir="0" index="0" bw="16" slack="0"/>
<pin id="444" dir="0" index="1" bw="1" slack="0"/>
<pin id="445" dir="0" index="2" bw="1" slack="2"/>
<pin id="446" dir="1" index="3" bw="1" slack="0"/>
</pin_list>
<bind>
<opcode="getelementptr(29) " fcode="getelementptr"/>
<opset="p_ZZ18compute_controllerbbjRbS_bS_S_RjPKhPhR12ComputeStateS0_RhS6_S6_S6_S_S_S_S_E_172/3 "/>
</bind>
</comp>

<comp id="449" class="1004" name="grp_access_fu_449">
<pin_list>
<pin id="450" dir="0" index="0" bw="1" slack="0"/>
<pin id="451" dir="0" index="1" bw="16" slack="2147483647"/>
<pin id="452" dir="0" index="2" bw="0" slack="2147483647"/>
<pin id="453" dir="1" index="3" bw="16" slack="0"/>
</pin_list>
<bind>
<opcode="load(27) " fcode="load"/>
<opset="p_ZZ18compute_controllerbbjRbS_bS_S_RjPKhPhR12ComputeStateS0_RhS6_S6_S6_S_S_S_S_E_173/3 "/>
</bind>
</comp>

<comp id="455" class="1004" name="p_ZZ18compute_controllerbbjRbS_bS_S_RjPKhPhR12ComputeStateS0_RhS6_S6_S6_S_S_S_S_E_162_gep_fu_455">
<pin_list>
<pin id="456" dir="0" index="0" bw="4" slack="0"/>
<pin id="457" dir="0" index="1" bw="1" slack="0"/>
<pin id="458" dir="0" index="2" bw="2" slack="2"/>
<pin id="459" dir="1" index="3" bw="3" slack="0"/>
</pin_list>
<bind>
<opcode="getelementptr(29) " fcode="getelementptr"/>
<opset="p_ZZ18compute_controllerbbjRbS_bS_S_RjPKhPhR12ComputeStateS0_RhS6_S6_S6_S_S_S_S_E_162/4 "/>
</bind>
</comp>

<comp id="462" class="1004" name="grp_access_fu_462">
<pin_list>
<pin id="463" dir="0" index="0" bw="3" slack="0"/>
<pin id="464" dir="0" index="1" bw="4" slack="2147483647"/>
<pin id="465" dir="0" index="2" bw="0" slack="2147483647"/>
<pin id="466" dir="1" index="3" bw="4" slack="0"/>
</pin_list>
<bind>
<opcode="load(27) " fcode="load"/>
<opset="w/4 "/>
</bind>
</comp>

<comp id="468" class="1004" name="compute_controller_bool_bool_unsigned_int_bool_bool_bool_bool_bool_u_347_gep_fu_468">
<pin_list>
<pin id="469" dir="0" index="0" bw="16" slack="0"/>
<pin id="470" dir="0" index="1" bw="1" slack="0"/>
<pin id="471" dir="0" index="2" bw="1" slack="3"/>
<pin id="472" dir="1" index="3" bw="1" slack="0"/>
</pin_list>
<bind>
<opcode="getelementptr(29) " fcode="getelementptr"/>
<opset="compute_controller_bool_bool_unsigned_int_bool_bool_bool_bool_bool_u_347/4 "/>
</bind>
</comp>

<comp id="475" class="1004" name="grp_access_fu_475">
<pin_list>
<pin id="476" dir="0" index="0" bw="1" slack="0"/>
<pin id="477" dir="0" index="1" bw="16" slack="2147483647"/>
<pin id="478" dir="0" index="2" bw="0" slack="2147483647"/>
<pin id="479" dir="1" index="3" bw="16" slack="0"/>
</pin_list>
<bind>
<opcode="load(27) " fcode="load"/>
<opset="compute_controller_bool_bool_unsigned_int_bool_bool_bool_bool_bool_u_348/4 "/>
</bind>
</comp>

<comp id="481" class="1004" name="compute_controller_bool_bool_unsigned_int_bool_bool_bool_bool_bool_u_355_gep_fu_481">
<pin_list>
<pin id="482" dir="0" index="0" bw="4" slack="0"/>
<pin id="483" dir="0" index="1" bw="1" slack="0"/>
<pin id="484" dir="0" index="2" bw="4" slack="3"/>
<pin id="485" dir="1" index="3" bw="3" slack="0"/>
</pin_list>
<bind>
<opcode="getelementptr(29) " fcode="getelementptr"/>
<opset="compute_controller_bool_bool_unsigned_int_bool_bool_bool_bool_bool_u_355/4 "/>
</bind>
</comp>

<comp id="488" class="1004" name="grp_access_fu_488">
<pin_list>
<pin id="489" dir="0" index="0" bw="3" slack="0"/>
<pin id="490" dir="0" index="1" bw="4" slack="2147483647"/>
<pin id="491" dir="0" index="2" bw="0" slack="2147483647"/>
<pin id="492" dir="1" index="3" bw="4" slack="0"/>
</pin_list>
<bind>
<opcode="load(27) " fcode="load"/>
<opset="w_34/4 "/>
</bind>
</comp>

<comp id="494" class="1004" name="compute_controller_bool_bool_unsigned_int_bool_bool_bool_bool_bool_u_356_gep_fu_494">
<pin_list>
<pin id="495" dir="0" index="0" bw="16" slack="0"/>
<pin id="496" dir="0" index="1" bw="1" slack="0"/>
<pin id="497" dir="0" index="2" bw="1" slack="3"/>
<pin id="498" dir="1" index="3" bw="1" slack="0"/>
</pin_list>
<bind>
<opcode="getelementptr(29) " fcode="getelementptr"/>
<opset="compute_controller_bool_bool_unsigned_int_bool_bool_bool_bool_bool_u_356/4 "/>
</bind>
</comp>

<comp id="501" class="1004" name="grp_access_fu_501">
<pin_list>
<pin id="502" dir="0" index="0" bw="1" slack="0"/>
<pin id="503" dir="0" index="1" bw="16" slack="2147483647"/>
<pin id="504" dir="0" index="2" bw="0" slack="2147483647"/>
<pin id="505" dir="1" index="3" bw="16" slack="0"/>
</pin_list>
<bind>
<opcode="load(27) " fcode="load"/>
<opset="compute_controller_bool_bool_unsigned_int_bool_bool_bool_bool_bool_u_357/4 "/>
</bind>
</comp>

<comp id="507" class="1004" name="compute_controller_bool_bool_unsigned_int_bool_bool_bool_bool_bool_u_374_gep_fu_507">
<pin_list>
<pin id="508" dir="0" index="0" bw="4" slack="0"/>
<pin id="509" dir="0" index="1" bw="1" slack="0"/>
<pin id="510" dir="0" index="2" bw="4" slack="3"/>
<pin id="511" dir="1" index="3" bw="3" slack="0"/>
</pin_list>
<bind>
<opcode="getelementptr(29) " fcode="getelementptr"/>
<opset="compute_controller_bool_bool_unsigned_int_bool_bool_bool_bool_bool_u_374/4 "/>
</bind>
</comp>

<comp id="514" class="1004" name="grp_access_fu_514">
<pin_list>
<pin id="515" dir="0" index="0" bw="3" slack="0"/>
<pin id="516" dir="0" index="1" bw="4" slack="2147483647"/>
<pin id="517" dir="0" index="2" bw="0" slack="2147483647"/>
<pin id="518" dir="1" index="3" bw="4" slack="0"/>
</pin_list>
<bind>
<opcode="load(27) " fcode="load"/>
<opset="w_41/4 "/>
</bind>
</comp>

<comp id="520" class="1004" name="p_ZZ18compute_controllerbbjRbS_bS_S_RjPKhPhR12ComputeStateS0_RhS6_S6_S6_S_S_S_S_E_168_gep_fu_520">
<pin_list>
<pin id="521" dir="0" index="0" bw="16" slack="0"/>
<pin id="522" dir="0" index="1" bw="1" slack="0"/>
<pin id="523" dir="0" index="2" bw="1" slack="3"/>
<pin id="524" dir="1" index="3" bw="1" slack="0"/>
</pin_list>
<bind>
<opcode="getelementptr(29) " fcode="getelementptr"/>
<opset="p_ZZ18compute_controllerbbjRbS_bS_S_RjPKhPhR12ComputeStateS0_RhS6_S6_S6_S_S_S_S_E_168/4 "/>
</bind>
</comp>

<comp id="527" class="1004" name="grp_access_fu_527">
<pin_list>
<pin id="528" dir="0" index="0" bw="1" slack="0"/>
<pin id="529" dir="0" index="1" bw="16" slack="2147483647"/>
<pin id="530" dir="0" index="2" bw="0" slack="2147483647"/>
<pin id="531" dir="1" index="3" bw="16" slack="0"/>
</pin_list>
<bind>
<opcode="load(27) " fcode="load"/>
<opset="p_ZZ18compute_controllerbbjRbS_bS_S_RjPKhPhR12ComputeStateS0_RhS6_S6_S6_S_S_S_S_E_169/4 "/>
</bind>
</comp>

<comp id="533" class="1004" name="p_ZZ18compute_controllerbbjRbS_bS_S_RjPKhPhR12ComputeStateS0_RhS6_S6_S6_S_S_S_S_E_174_gep_fu_533">
<pin_list>
<pin id="534" dir="0" index="0" bw="4" slack="0"/>
<pin id="535" dir="0" index="1" bw="1" slack="0"/>
<pin id="536" dir="0" index="2" bw="4" slack="3"/>
<pin id="537" dir="1" index="3" bw="3" slack="0"/>
</pin_list>
<bind>
<opcode="getelementptr(29) " fcode="getelementptr"/>
<opset="p_ZZ18compute_controllerbbjRbS_bS_S_RjPKhPhR12ComputeStateS0_RhS6_S6_S6_S_S_S_S_E_174/4 "/>
</bind>
</comp>

<comp id="540" class="1004" name="grp_access_fu_540">
<pin_list>
<pin id="541" dir="0" index="0" bw="3" slack="0"/>
<pin id="542" dir="0" index="1" bw="4" slack="2147483647"/>
<pin id="543" dir="0" index="2" bw="0" slack="2147483647"/>
<pin id="544" dir="1" index="3" bw="4" slack="0"/>
</pin_list>
<bind>
<opcode="load(27) " fcode="load"/>
<opset="w_44/4 "/>
</bind>
</comp>

<comp id="546" class="1004" name="p_ZZ18compute_controllerbbjRbS_bS_S_RjPKhPhR12ComputeStateS0_RhS6_S6_S6_S_S_S_S_E_175_gep_fu_546">
<pin_list>
<pin id="547" dir="0" index="0" bw="16" slack="0"/>
<pin id="548" dir="0" index="1" bw="1" slack="0"/>
<pin id="549" dir="0" index="2" bw="1" slack="3"/>
<pin id="550" dir="1" index="3" bw="1" slack="0"/>
</pin_list>
<bind>
<opcode="getelementptr(29) " fcode="getelementptr"/>
<opset="p_ZZ18compute_controllerbbjRbS_bS_S_RjPKhPhR12ComputeStateS0_RhS6_S6_S6_S_S_S_S_E_175/4 "/>
</bind>
</comp>

<comp id="553" class="1004" name="grp_access_fu_553">
<pin_list>
<pin id="554" dir="0" index="0" bw="1" slack="0"/>
<pin id="555" dir="0" index="1" bw="16" slack="2147483647"/>
<pin id="556" dir="0" index="2" bw="0" slack="2147483647"/>
<pin id="557" dir="1" index="3" bw="16" slack="0"/>
</pin_list>
<bind>
<opcode="load(27) " fcode="load"/>
<opset="p_ZZ18compute_controllerbbjRbS_bS_S_RjPKhPhR12ComputeStateS0_RhS6_S6_S6_S_S_S_S_E_176/4 "/>
</bind>
</comp>

<comp id="559" class="1004" name="store_ln42_store_fu_559">
<pin_list>
<pin id="560" dir="0" index="0" bw="1" slack="0"/>
<pin id="561" dir="0" index="1" bw="5" slack="0"/>
<pin id="562" dir="1" index="2" bw="0" slack="2147483647"/>
</pin_list>
<bind>
<opcode="store(28) " fcode="store"/>
<opset="store_ln42/1 "/>
</bind>
</comp>

<comp id="564" class="1004" name="store_ln41_store_fu_564">
<pin_list>
<pin id="565" dir="0" index="0" bw="32" slack="0"/>
<pin id="566" dir="0" index="1" bw="32" slack="0"/>
<pin id="567" dir="1" index="2" bw="0" slack="2147483647"/>
</pin_list>
<bind>
<opcode="store(28) " fcode="store"/>
<opset="store_ln41/1 "/>
</bind>
</comp>

<comp id="569" class="1004" name="i_15_load_fu_569">
<pin_list>
<pin id="570" dir="0" index="0" bw="5" slack="0"/>
<pin id="571" dir="1" index="1" bw="5" slack="0"/>
</pin_list>
<bind>
<opcode="load(27) " fcode="load"/>
<opset="i_15/1 "/>
</bind>
</comp>

<comp id="572" class="1004" name="tmp_fu_572">
<pin_list>
<pin id="573" dir="0" index="0" bw="1" slack="0"/>
<pin id="574" dir="0" index="1" bw="5" slack="0"/>
<pin id="575" dir="0" index="2" bw="4" slack="0"/>
<pin id="576" dir="1" index="3" bw="1" slack="0"/>
</pin_list>
<bind>
<opcode="bitselect(1000) " fcode="bitselect"/>
<opset="tmp/1 "/>
</bind>
</comp>

<comp id="580" class="1004" name="zext_ln41_fu_580">
<pin_list>
<pin id="581" dir="0" index="0" bw="1" slack="0"/>
<pin id="582" dir="1" index="1" bw="64" slack="0"/>
</pin_list>
<bind>
<opcode="zext(34) " fcode="zext"/>
<opset="zext_ln41/1 "/>
</bind>
</comp>

<comp id="585" class="1004" name="select_ln44_fu_585">
<pin_list>
<pin id="586" dir="0" index="0" bw="1" slack="0"/>
<pin id="587" dir="0" index="1" bw="4" slack="0"/>
<pin id="588" dir="0" index="2" bw="3" slack="0"/>
<pin id="589" dir="1" index="3" bw="64" slack="0"/>
</pin_list>
<bind>
<opcode="select(49) " fcode="select"/>
<opset="select_ln44/1 "/>
</bind>
</comp>

<comp id="594" class="1004" name="tmp_s_fu_594">
<pin_list>
<pin id="595" dir="0" index="0" bw="2" slack="0"/>
<pin id="596" dir="0" index="1" bw="5" slack="0"/>
<pin id="597" dir="0" index="2" bw="3" slack="0"/>
<pin id="598" dir="0" index="3" bw="4" slack="0"/>
<pin id="599" dir="1" index="4" bw="2" slack="0"/>
</pin_list>
<bind>
<opcode="partselect(1002) " fcode="partselect"/>
<opset="tmp_s/1 "/>
</bind>
</comp>

<comp id="604" class="1004" name="trunc_ln42_fu_604">
<pin_list>
<pin id="605" dir="0" index="0" bw="5" slack="0"/>
<pin id="606" dir="1" index="1" bw="1" slack="0"/>
</pin_list>
<bind>
<opcode="trunc(33) " fcode="trunc"/>
<opset="trunc_ln42/1 "/>
</bind>
</comp>

<comp id="608" class="1004" name="or_ln42_2_fu_608">
<pin_list>
<pin id="609" dir="0" index="0" bw="5" slack="0"/>
<pin id="610" dir="0" index="1" bw="2" slack="0"/>
<pin id="611" dir="0" index="2" bw="1" slack="0"/>
<pin id="612" dir="0" index="3" bw="1" slack="0"/>
<pin id="613" dir="1" index="4" bw="5" slack="0"/>
</pin_list>
<bind>
<opcode="bitconcatenate(1004) " fcode="bitconcatenate"/>
<opset="or_ln42_2/1 "/>
</bind>
</comp>

<comp id="618" class="1004" name="icmp_ln42_fu_618">
<pin_list>
<pin id="619" dir="0" index="0" bw="5" slack="0"/>
<pin id="620" dir="0" index="1" bw="5" slack="0"/>
<pin id="621" dir="1" index="2" bw="1" slack="1"/>
</pin_list>
<bind>
<opcode="icmp(45) " fcode="icmp"/>
<opset="icmp_ln42/1 "/>
</bind>
</comp>

<comp id="624" class="1004" name="bit_sel3_fu_624">
<pin_list>
<pin id="625" dir="0" index="0" bw="1" slack="0"/>
<pin id="626" dir="0" index="1" bw="5" slack="0"/>
<pin id="627" dir="0" index="2" bw="4" slack="0"/>
<pin id="628" dir="1" index="3" bw="1" slack="0"/>
</pin_list>
<bind>
<opcode="bitselect(1000) " fcode="bitselect"/>
<opset="bit_sel3/1 "/>
</bind>
</comp>

<comp id="632" class="1004" name="xor_ln42_fu_632">
<pin_list>
<pin id="633" dir="0" index="0" bw="1" slack="0"/>
<pin id="634" dir="0" index="1" bw="1" slack="0"/>
<pin id="635" dir="1" index="2" bw="1" slack="0"/>
</pin_list>
<bind>
<opcode="xor(25) " fcode="xor"/>
<opset="xor_ln42/1 "/>
</bind>
</comp>

<comp id="638" class="1004" name="trunc_ln42_3_fu_638">
<pin_list>
<pin id="639" dir="0" index="0" bw="5" slack="0"/>
<pin id="640" dir="1" index="1" bw="4" slack="0"/>
</pin_list>
<bind>
<opcode="trunc(33) " fcode="trunc"/>
<opset="trunc_ln42_3/1 "/>
</bind>
</comp>

<comp id="642" class="1004" name="xor_ln42_2_fu_642">
<pin_list>
<pin id="643" dir="0" index="0" bw="5" slack="0"/>
<pin id="644" dir="0" index="1" bw="1" slack="0"/>
<pin id="645" dir="0" index="2" bw="4" slack="0"/>
<pin id="646" dir="1" index="3" bw="5" slack="0"/>
</pin_list>
<bind>
<opcode="bitconcatenate(1004) " fcode="bitconcatenate"/>
<opset="xor_ln42_2/1 "/>
</bind>
</comp>

<comp id="650" class="1004" name="store_ln42_store_fu_650">
<pin_list>
<pin id="651" dir="0" index="0" bw="5" slack="0"/>
<pin id="652" dir="0" index="1" bw="5" slack="0"/>
<pin id="653" dir="1" index="2" bw="0" slack="2147483647"/>
</pin_list>
<bind>
<opcode="store(28) " fcode="store"/>
<opset="store_ln42/1 "/>
</bind>
</comp>

<comp id="655" class="1004" name="zext_ln44_1_cast_fu_655">
<pin_list>
<pin id="656" dir="0" index="0" bw="2" slack="0"/>
<pin id="657" dir="0" index="1" bw="1" slack="0"/>
<pin id="658" dir="0" index="2" bw="1" slack="1"/>
<pin id="659" dir="1" index="3" bw="2" slack="0"/>
</pin_list>
<bind>
<opcode="bitconcatenate(1004) " fcode="bitconcatenate"/>
<opset="zext_ln44_1_cast/2 "/>
</bind>
</comp>

<comp id="662" class="1004" name="zext_ln44_fu_662">
<pin_list>
<pin id="663" dir="0" index="0" bw="2" slack="0"/>
<pin id="664" dir="1" index="1" bw="64" slack="0"/>
</pin_list>
<bind>
<opcode="zext(34) " fcode="zext"/>
<opset="zext_ln44/2 "/>
</bind>
</comp>

<comp id="668" class="1004" name="sext_ln45_96_fu_668">
<pin_list>
<pin id="669" dir="0" index="0" bw="16" slack="0"/>
<pin id="670" dir="1" index="1" bw="20" slack="0"/>
</pin_list>
<bind>
<opcode="sext(35) " fcode="sext"/>
<opset="sext_ln45_96/2 "/>
</bind>
</comp>

<comp id="672" class="1004" name="sext_ln44_35_fu_672">
<pin_list>
<pin id="673" dir="0" index="0" bw="4" slack="0"/>
<pin id="674" dir="1" index="1" bw="20" slack="0"/>
</pin_list>
<bind>
<opcode="sext(35) " fcode="sext"/>
<opset="sext_ln44_35/2 "/>
</bind>
</comp>

<comp id="676" class="1004" name="sext_ln45_79_fu_676">
<pin_list>
<pin id="677" dir="0" index="0" bw="16" slack="0"/>
<pin id="678" dir="1" index="1" bw="20" slack="0"/>
</pin_list>
<bind>
<opcode="sext(35) " fcode="sext"/>
<opset="sext_ln45_79/3 "/>
</bind>
</comp>

<comp id="680" class="1004" name="sext_ln44_28_fu_680">
<pin_list>
<pin id="681" dir="0" index="0" bw="4" slack="0"/>
<pin id="682" dir="1" index="1" bw="20" slack="0"/>
</pin_list>
<bind>
<opcode="sext(35) " fcode="sext"/>
<opset="sext_ln44_28/3 "/>
</bind>
</comp>

<comp id="684" class="1004" name="sext_ln45_80_fu_684">
<pin_list>
<pin id="685" dir="0" index="0" bw="16" slack="0"/>
<pin id="686" dir="1" index="1" bw="20" slack="0"/>
</pin_list>
<bind>
<opcode="sext(35) " fcode="sext"/>
<opset="sext_ln45_80/3 "/>
</bind>
</comp>

<comp id="688" class="1004" name="sext_ln44_29_fu_688">
<pin_list>
<pin id="689" dir="0" index="0" bw="4" slack="0"/>
<pin id="690" dir="1" index="1" bw="20" slack="0"/>
</pin_list>
<bind>
<opcode="sext(35) " fcode="sext"/>
<opset="sext_ln44_29/3 "/>
</bind>
</comp>

<comp id="692" class="1004" name="sext_ln45_94_fu_692">
<pin_list>
<pin id="693" dir="0" index="0" bw="16" slack="0"/>
<pin id="694" dir="1" index="1" bw="20" slack="0"/>
</pin_list>
<bind>
<opcode="sext(35) " fcode="sext"/>
<opset="sext_ln45_94/3 "/>
</bind>
</comp>

<comp id="696" class="1004" name="sext_ln44_33_fu_696">
<pin_list>
<pin id="697" dir="0" index="0" bw="4" slack="0"/>
<pin id="698" dir="1" index="1" bw="20" slack="0"/>
</pin_list>
<bind>
<opcode="sext(35) " fcode="sext"/>
<opset="sext_ln44_33/3 "/>
</bind>
</comp>

<comp id="700" class="1004" name="sext_ln45_99_fu_700">
<pin_list>
<pin id="701" dir="0" index="0" bw="16" slack="0"/>
<pin id="702" dir="1" index="1" bw="20" slack="0"/>
</pin_list>
<bind>
<opcode="sext(35) " fcode="sext"/>
<opset="sext_ln45_99/3 "/>
</bind>
</comp>

<comp id="704" class="1004" name="sext_ln44_38_fu_704">
<pin_list>
<pin id="705" dir="0" index="0" bw="4" slack="0"/>
<pin id="706" dir="1" index="1" bw="20" slack="0"/>
</pin_list>
<bind>
<opcode="sext(35) " fcode="sext"/>
<opset="sext_ln44_38/3 "/>
</bind>
</comp>

<comp id="708" class="1004" name="sext_ln45_102_fu_708">
<pin_list>
<pin id="709" dir="0" index="0" bw="16" slack="0"/>
<pin id="710" dir="1" index="1" bw="20" slack="0"/>
</pin_list>
<bind>
<opcode="sext(35) " fcode="sext"/>
<opset="sext_ln45_102/3 "/>
</bind>
</comp>

<comp id="712" class="1004" name="sext_ln45_103_fu_712">
<pin_list>
<pin id="713" dir="0" index="0" bw="4" slack="0"/>
<pin id="714" dir="1" index="1" bw="20" slack="0"/>
</pin_list>
<bind>
<opcode="sext(35) " fcode="sext"/>
<opset="sext_ln45_103/3 "/>
</bind>
</comp>

<comp id="716" class="1004" name="sext_ln45_81_fu_716">
<pin_list>
<pin id="717" dir="0" index="0" bw="16" slack="0"/>
<pin id="718" dir="1" index="1" bw="20" slack="0"/>
</pin_list>
<bind>
<opcode="sext(35) " fcode="sext"/>
<opset="sext_ln45_81/4 "/>
</bind>
</comp>

<comp id="720" class="1004" name="sext_ln44_30_fu_720">
<pin_list>
<pin id="721" dir="0" index="0" bw="4" slack="0"/>
<pin id="722" dir="1" index="1" bw="20" slack="0"/>
</pin_list>
<bind>
<opcode="sext(35) " fcode="sext"/>
<opset="sext_ln44_30/4 "/>
</bind>
</comp>

<comp id="724" class="1004" name="sext_ln45_83_fu_724">
<pin_list>
<pin id="725" dir="0" index="0" bw="16" slack="0"/>
<pin id="726" dir="1" index="1" bw="20" slack="0"/>
</pin_list>
<bind>
<opcode="sext(35) " fcode="sext"/>
<opset="sext_ln45_83/4 "/>
</bind>
</comp>

<comp id="728" class="1004" name="sext_ln45_84_fu_728">
<pin_list>
<pin id="729" dir="0" index="0" bw="4" slack="0"/>
<pin id="730" dir="1" index="1" bw="20" slack="0"/>
</pin_list>
<bind>
<opcode="sext(35) " fcode="sext"/>
<opset="sext_ln45_84/4 "/>
</bind>
</comp>

<comp id="732" class="1004" name="sext_ln45_93_fu_732">
<pin_list>
<pin id="733" dir="0" index="0" bw="16" slack="0"/>
<pin id="734" dir="1" index="1" bw="20" slack="0"/>
</pin_list>
<bind>
<opcode="sext(35) " fcode="sext"/>
<opset="sext_ln45_93/4 "/>
</bind>
</comp>

<comp id="736" class="1004" name="sext_ln44_32_fu_736">
<pin_list>
<pin id="737" dir="0" index="0" bw="4" slack="0"/>
<pin id="738" dir="1" index="1" bw="20" slack="0"/>
</pin_list>
<bind>
<opcode="sext(35) " fcode="sext"/>
<opset="sext_ln44_32/4 "/>
</bind>
</comp>

<comp id="740" class="1004" name="sext_ln45_95_fu_740">
<pin_list>
<pin id="741" dir="0" index="0" bw="16" slack="0"/>
<pin id="742" dir="1" index="1" bw="20" slack="0"/>
</pin_list>
<bind>
<opcode="sext(35) " fcode="sext"/>
<opset="sext_ln45_95/4 "/>
</bind>
</comp>

<comp id="744" class="1004" name="sext_ln44_34_fu_744">
<pin_list>
<pin id="745" dir="0" index="0" bw="4" slack="0"/>
<pin id="746" dir="1" index="1" bw="20" slack="0"/>
</pin_list>
<bind>
<opcode="sext(35) " fcode="sext"/>
<opset="sext_ln44_34/4 "/>
</bind>
</comp>

<comp id="748" class="1004" name="sext_ln45_97_fu_748">
<pin_list>
<pin id="749" dir="0" index="0" bw="16" slack="0"/>
<pin id="750" dir="1" index="1" bw="20" slack="0"/>
</pin_list>
<bind>
<opcode="sext(35) " fcode="sext"/>
<opset="sext_ln45_97/4 "/>
</bind>
</comp>

<comp id="752" class="1004" name="sext_ln44_36_fu_752">
<pin_list>
<pin id="753" dir="0" index="0" bw="4" slack="0"/>
<pin id="754" dir="1" index="1" bw="20" slack="0"/>
</pin_list>
<bind>
<opcode="sext(35) " fcode="sext"/>
<opset="sext_ln44_36/4 "/>
</bind>
</comp>

<comp id="756" class="1004" name="sext_ln45_100_fu_756">
<pin_list>
<pin id="757" dir="0" index="0" bw="16" slack="0"/>
<pin id="758" dir="1" index="1" bw="20" slack="0"/>
</pin_list>
<bind>
<opcode="sext(35) " fcode="sext"/>
<opset="sext_ln45_100/4 "/>
</bind>
</comp>

<comp id="760" class="1004" name="sext_ln44_39_fu_760">
<pin_list>
<pin id="761" dir="0" index="0" bw="4" slack="0"/>
<pin id="762" dir="1" index="1" bw="20" slack="0"/>
</pin_list>
<bind>
<opcode="sext(35) " fcode="sext"/>
<opset="sext_ln44_39/4 "/>
</bind>
</comp>

<comp id="764" class="1004" name="mul_ln45_38_fu_764">
<pin_list>
<pin id="765" dir="0" index="0" bw="16" slack="0"/>
<pin id="766" dir="0" index="1" bw="4" slack="0"/>
<pin id="767" dir="1" index="2" bw="20" slack="0"/>
</pin_list>
<bind>
<opcode="mul(12) " fcode="mul"/>
<opset="mul_ln45_38/4 "/>
</bind>
</comp>

<comp id="770" class="1004" name="sext_ln45_106_fu_770">
<pin_list>
<pin id="771" dir="0" index="0" bw="20" slack="0"/>
<pin id="772" dir="1" index="1" bw="21" slack="0"/>
</pin_list>
<bind>
<opcode="sext(35) " fcode="sext"/>
<opset="sext_ln45_106/4 "/>
</bind>
</comp>

<comp id="774" class="1004" name="sext_ln45_fu_774">
<pin_list>
<pin id="775" dir="0" index="0" bw="16" slack="0"/>
<pin id="776" dir="1" index="1" bw="20" slack="0"/>
</pin_list>
<bind>
<opcode="sext(35) " fcode="sext"/>
<opset="sext_ln45/5 "/>
</bind>
</comp>

<comp id="778" class="1004" name="sext_ln44_fu_778">
<pin_list>
<pin id="779" dir="0" index="0" bw="4" slack="0"/>
<pin id="780" dir="1" index="1" bw="20" slack="0"/>
</pin_list>
<bind>
<opcode="sext(35) " fcode="sext"/>
<opset="sext_ln44/5 "/>
</bind>
</comp>

<comp id="782" class="1004" name="sext_ln45_82_fu_782">
<pin_list>
<pin id="783" dir="0" index="0" bw="16" slack="0"/>
<pin id="784" dir="1" index="1" bw="20" slack="0"/>
</pin_list>
<bind>
<opcode="sext(35) " fcode="sext"/>
<opset="sext_ln45_82/5 "/>
</bind>
</comp>

<comp id="786" class="1004" name="sext_ln44_31_fu_786">
<pin_list>
<pin id="787" dir="0" index="0" bw="4" slack="0"/>
<pin id="788" dir="1" index="1" bw="20" slack="0"/>
</pin_list>
<bind>
<opcode="sext(35) " fcode="sext"/>
<opset="sext_ln44_31/5 "/>
</bind>
</comp>

<comp id="790" class="1004" name="mul_ln45_fu_790">
<pin_list>
<pin id="791" dir="0" index="0" bw="16" slack="0"/>
<pin id="792" dir="0" index="1" bw="4" slack="0"/>
<pin id="793" dir="1" index="2" bw="20" slack="0"/>
</pin_list>
<bind>
<opcode="mul(12) " fcode="mul"/>
<opset="mul_ln45/5 "/>
</bind>
</comp>

<comp id="796" class="1004" name="sext_ln45_85_fu_796">
<pin_list>
<pin id="797" dir="0" index="0" bw="20" slack="0"/>
<pin id="798" dir="1" index="1" bw="21" slack="0"/>
</pin_list>
<bind>
<opcode="sext(35) " fcode="sext"/>
<opset="sext_ln45_85/5 "/>
</bind>
</comp>

<comp id="800" class="1004" name="mul_ln45_34_fu_800">
<pin_list>
<pin id="801" dir="0" index="0" bw="16" slack="0"/>
<pin id="802" dir="0" index="1" bw="4" slack="0"/>
<pin id="803" dir="1" index="2" bw="20" slack="0"/>
</pin_list>
<bind>
<opcode="mul(12) " fcode="mul"/>
<opset="mul_ln45_34/5 "/>
</bind>
</comp>

<comp id="806" class="1004" name="sext_ln45_89_fu_806">
<pin_list>
<pin id="807" dir="0" index="0" bw="20" slack="0"/>
<pin id="808" dir="1" index="1" bw="21" slack="0"/>
</pin_list>
<bind>
<opcode="sext(35) " fcode="sext"/>
<opset="sext_ln45_89/5 "/>
</bind>
</comp>

<comp id="810" class="1004" name="sext_ln45_98_fu_810">
<pin_list>
<pin id="811" dir="0" index="0" bw="16" slack="0"/>
<pin id="812" dir="1" index="1" bw="20" slack="0"/>
</pin_list>
<bind>
<opcode="sext(35) " fcode="sext"/>
<opset="sext_ln45_98/5 "/>
</bind>
</comp>

<comp id="814" class="1004" name="sext_ln44_37_fu_814">
<pin_list>
<pin id="815" dir="0" index="0" bw="4" slack="0"/>
<pin id="816" dir="1" index="1" bw="20" slack="0"/>
</pin_list>
<bind>
<opcode="sext(35) " fcode="sext"/>
<opset="sext_ln44_37/5 "/>
</bind>
</comp>

<comp id="818" class="1004" name="sext_ln45_101_fu_818">
<pin_list>
<pin id="819" dir="0" index="0" bw="16" slack="0"/>
<pin id="820" dir="1" index="1" bw="20" slack="0"/>
</pin_list>
<bind>
<opcode="sext(35) " fcode="sext"/>
<opset="sext_ln45_101/5 "/>
</bind>
</comp>

<comp id="822" class="1004" name="sext_ln44_40_fu_822">
<pin_list>
<pin id="823" dir="0" index="0" bw="4" slack="0"/>
<pin id="824" dir="1" index="1" bw="20" slack="0"/>
</pin_list>
<bind>
<opcode="sext(35) " fcode="sext"/>
<opset="sext_ln44_40/5 "/>
</bind>
</comp>

<comp id="826" class="1004" name="mul_ln45_42_fu_826">
<pin_list>
<pin id="827" dir="0" index="0" bw="16" slack="0"/>
<pin id="828" dir="0" index="1" bw="4" slack="0"/>
<pin id="829" dir="1" index="2" bw="20" slack="0"/>
</pin_list>
<bind>
<opcode="mul(12) " fcode="mul"/>
<opset="mul_ln45_42/5 "/>
</bind>
</comp>

<comp id="832" class="1004" name="sext_ln45_110_fu_832">
<pin_list>
<pin id="833" dir="0" index="0" bw="20" slack="0"/>
<pin id="834" dir="1" index="1" bw="21" slack="0"/>
</pin_list>
<bind>
<opcode="sext(35) " fcode="sext"/>
<opset="sext_ln45_110/5 "/>
</bind>
</comp>

<comp id="836" class="1004" name="mul_ln45_45_fu_836">
<pin_list>
<pin id="837" dir="0" index="0" bw="16" slack="0"/>
<pin id="838" dir="0" index="1" bw="4" slack="0"/>
<pin id="839" dir="1" index="2" bw="20" slack="0"/>
</pin_list>
<bind>
<opcode="mul(12) " fcode="mul"/>
<opset="mul_ln45_45/5 "/>
</bind>
</comp>

<comp id="842" class="1004" name="sext_ln45_113_fu_842">
<pin_list>
<pin id="843" dir="0" index="0" bw="20" slack="0"/>
<pin id="844" dir="1" index="1" bw="21" slack="0"/>
</pin_list>
<bind>
<opcode="sext(35) " fcode="sext"/>
<opset="sext_ln45_113/5 "/>
</bind>
</comp>

<comp id="846" class="1004" name="sext_ln45_92_fu_846">
<pin_list>
<pin id="847" dir="0" index="0" bw="21" slack="0"/>
<pin id="848" dir="1" index="1" bw="32" slack="0"/>
</pin_list>
<bind>
<opcode="sext(35) " fcode="sext"/>
<opset="sext_ln45_92/6 "/>
</bind>
</comp>

<comp id="849" class="1004" name="sext_ln45_114_fu_849">
<pin_list>
<pin id="850" dir="0" index="0" bw="21" slack="0"/>
<pin id="851" dir="1" index="1" bw="32" slack="0"/>
</pin_list>
<bind>
<opcode="sext(35) " fcode="sext"/>
<opset="sext_ln45_114/6 "/>
</bind>
</comp>

<comp id="852" class="1004" name="acc_7_load_fu_852">
<pin_list>
<pin id="853" dir="0" index="0" bw="32" slack="6"/>
<pin id="854" dir="1" index="1" bw="32" slack="0"/>
</pin_list>
<bind>
<opcode="load(27) " fcode="load"/>
<opset="acc_7/7 "/>
</bind>
</comp>

<comp id="855" class="1004" name="sext_ln45_91_fu_855">
<pin_list>
<pin id="856" dir="0" index="0" bw="21" slack="0"/>
<pin id="857" dir="1" index="1" bw="32" slack="0"/>
</pin_list>
<bind>
<opcode="sext(35) " fcode="sext"/>
<opset="sext_ln45_91/7 "/>
</bind>
</comp>

<comp id="858" class="1004" name="add_ln45_34_fu_858">
<pin_list>
<pin id="859" dir="0" index="0" bw="21" slack="0"/>
<pin id="860" dir="0" index="1" bw="22" slack="0"/>
<pin id="861" dir="1" index="2" bw="32" slack="0"/>
</pin_list>
<bind>
<opcode="add(8) " fcode="add"/>
<opset="add_ln45_34/7 "/>
</bind>
</comp>

<comp id="863" class="1004" name="acc_8_fu_863">
<pin_list>
<pin id="864" dir="0" index="0" bw="23" slack="0"/>
<pin id="865" dir="0" index="1" bw="32" slack="0"/>
<pin id="866" dir="1" index="2" bw="32" slack="0"/>
</pin_list>
<bind>
<opcode="add(8) " fcode="add"/>
<opset="acc_8/7 "/>
</bind>
</comp>

<comp id="870" class="1004" name="sext_ln45_115_fu_870">
<pin_list>
<pin id="871" dir="0" index="0" bw="21" slack="0"/>
<pin id="872" dir="1" index="1" bw="22" slack="0"/>
</pin_list>
<bind>
<opcode="sext(35) " fcode="sext"/>
<opset="sext_ln45_115/7 "/>
</bind>
</comp>

<comp id="873" class="1004" name="sext_ln45_116_fu_873">
<pin_list>
<pin id="874" dir="0" index="0" bw="21" slack="0"/>
<pin id="875" dir="1" index="1" bw="22" slack="0"/>
</pin_list>
<bind>
<opcode="sext(35) " fcode="sext"/>
<opset="sext_ln45_116/7 "/>
</bind>
</comp>

<comp id="876" class="1004" name="add_ln45_44_fu_876">
<pin_list>
<pin id="877" dir="0" index="0" bw="21" slack="0"/>
<pin id="878" dir="0" index="1" bw="21" slack="0"/>
<pin id="879" dir="1" index="2" bw="22" slack="0"/>
</pin_list>
<bind>
<opcode="add(8) " fcode="add"/>
<opset="add_ln45_44/7 "/>
</bind>
</comp>

<comp id="882" class="1004" name="sext_ln45_117_fu_882">
<pin_list>
<pin id="883" dir="0" index="0" bw="22" slack="0"/>
<pin id="884" dir="1" index="1" bw="32" slack="0"/>
</pin_list>
<bind>
<opcode="sext(35) " fcode="sext"/>
<opset="sext_ln45_117/7 "/>
</bind>
</comp>

<comp id="886" class="1004" name="add_ln45_41_fu_886">
<pin_list>
<pin id="887" dir="0" index="0" bw="22" slack="0"/>
<pin id="888" dir="0" index="1" bw="22" slack="0"/>
<pin id="889" dir="1" index="2" bw="32" slack="0"/>
</pin_list>
<bind>
<opcode="add(8) " fcode="add"/>
<opset="add_ln45_41/7 "/>
</bind>
</comp>

<comp id="891" class="1004" name="acc_9_fu_891">
<pin_list>
<pin id="892" dir="0" index="0" bw="23" slack="0"/>
<pin id="893" dir="0" index="1" bw="32" slack="0"/>
<pin id="894" dir="1" index="2" bw="32" slack="0"/>
</pin_list>
<bind>
<opcode="add(8) " fcode="add"/>
<opset="acc_9/7 "/>
</bind>
</comp>

<comp id="897" class="1004" name="store_ln41_store_fu_897">
<pin_list>
<pin id="898" dir="0" index="0" bw="32" slack="0"/>
<pin id="899" dir="0" index="1" bw="32" slack="6"/>
<pin id="900" dir="1" index="2" bw="0" slack="2147483647"/>
</pin_list>
<bind>
<opcode="store(28) " fcode="store"/>
<opset="store_ln41/7 "/>
</bind>
</comp>

<comp id="902" class="1007" name="grp_fu_902">
<pin_list>
<pin id="903" dir="0" index="0" bw="16" slack="0"/>
<pin id="904" dir="0" index="1" bw="4" slack="0"/>
<pin id="905" dir="0" index="2" bw="20" slack="0"/>
<pin id="906" dir="1" index="3" bw="21" slack="0"/>
</pin_list>
<bind>
<opcode="muladd(1172) " fcode="muladd"/>
<opset="mul_ln45_37/2 sext_ln45_105/4 add_ln45_36/4 "/>
</bind>
</comp>

<comp id="910" class="1007" name="grp_fu_910">
<pin_list>
<pin id="911" dir="0" index="0" bw="16" slack="0"/>
<pin id="912" dir="0" index="1" bw="4" slack="0"/>
<pin id="913" dir="0" index="2" bw="20" slack="0"/>
<pin id="914" dir="1" index="3" bw="21" slack="0"/>
</pin_list>
<bind>
<opcode="muladd(1172) " fcode="muladd"/>
<opset="mul_ln45_32/3 sext_ln45_87/5 add_ln45/5 "/>
</bind>
</comp>

<comp id="918" class="1007" name="grp_fu_918">
<pin_list>
<pin id="919" dir="0" index="0" bw="16" slack="0"/>
<pin id="920" dir="0" index="1" bw="4" slack="0"/>
<pin id="921" dir="0" index="2" bw="20" slack="0"/>
<pin id="922" dir="1" index="3" bw="21" slack="0"/>
</pin_list>
<bind>
<opcode="muladd(1172) " fcode="muladd"/>
<opset="mul_ln45_33/3 sext_ln45_88/5 add_ln45_32/5 "/>
</bind>
</comp>

<comp id="927" class="1007" name="grp_fu_927">
<pin_list>
<pin id="928" dir="0" index="0" bw="16" slack="0"/>
<pin id="929" dir="0" index="1" bw="4" slack="0"/>
<pin id="930" dir="0" index="2" bw="21" slack="0"/>
<pin id="931" dir="1" index="3" bw="21" slack="0"/>
</pin_list>
<bind>
<opcode="muladd(1172) " fcode="muladd"/>
<opset="mul_ln45_39/3 sext_ln45_107/5 add_ln45_37/5 "/>
</bind>
</comp>

<comp id="936" class="1007" name="grp_fu_936">
<pin_list>
<pin id="937" dir="0" index="0" bw="16" slack="0"/>
<pin id="938" dir="0" index="1" bw="4" slack="0"/>
<pin id="939" dir="0" index="2" bw="20" slack="0"/>
<pin id="940" dir="1" index="3" bw="21" slack="0"/>
</pin_list>
<bind>
<opcode="muladd(1172) " fcode="muladd"/>
<opset="mul_ln45_41/3 sext_ln45_109/5 add_ln45_42/5 "/>
</bind>
</comp>

<comp id="944" class="1007" name="grp_fu_944">
<pin_list>
<pin id="945" dir="0" index="0" bw="16" slack="0"/>
<pin id="946" dir="0" index="1" bw="4" slack="0"/>
<pin id="947" dir="0" index="2" bw="20" slack="0"/>
<pin id="948" dir="1" index="3" bw="21" slack="0"/>
</pin_list>
<bind>
<opcode="muladd(1172) " fcode="muladd"/>
<opset="mul_ln45_44/3 sext_ln45_112/5 add_ln45_39/5 "/>
</bind>
</comp>

<comp id="952" class="1007" name="grp_fu_952">
<pin_list>
<pin id="953" dir="0" index="0" bw="16" slack="0"/>
<pin id="954" dir="0" index="1" bw="4" slack="0"/>
<pin id="955" dir="0" index="2" bw="21" slack="0"/>
<pin id="956" dir="1" index="3" bw="21" slack="0"/>
</pin_list>
<bind>
<opcode="muladd(1172) " fcode="muladd"/>
<opset="mul_ln45_31/4 sext_ln45_86/6 add_ln45_31/6 "/>
</bind>
</comp>

<comp id="961" class="1007" name="grp_fu_961">
<pin_list>
<pin id="962" dir="0" index="0" bw="16" slack="0"/>
<pin id="963" dir="0" index="1" bw="4" slack="0"/>
<pin id="964" dir="0" index="2" bw="21" slack="0"/>
<pin id="965" dir="1" index="3" bw="32" slack="0"/>
</pin_list>
<bind>
<opcode="muladd(1172) " fcode="muladd"/>
<opset="mul_ln45_35/4 sext_ln45_90/6 add_ln45_33/6 "/>
</bind>
</comp>

<comp id="970" class="1007" name="grp_fu_970">
<pin_list>
<pin id="971" dir="0" index="0" bw="16" slack="0"/>
<pin id="972" dir="0" index="1" bw="4" slack="0"/>
<pin id="973" dir="0" index="2" bw="21" slack="0"/>
<pin id="974" dir="1" index="3" bw="21" slack="0"/>
</pin_list>
<bind>
<opcode="muladd(1172) " fcode="muladd"/>
<opset="mul_ln45_36/4 sext_ln45_104/6 add_ln45_40/6 "/>
</bind>
</comp>

<comp id="979" class="1007" name="grp_fu_979">
<pin_list>
<pin id="980" dir="0" index="0" bw="16" slack="0"/>
<pin id="981" dir="0" index="1" bw="4" slack="0"/>
<pin id="982" dir="0" index="2" bw="21" slack="0"/>
<pin id="983" dir="1" index="3" bw="32" slack="0"/>
</pin_list>
<bind>
<opcode="muladd(1172) " fcode="muladd"/>
<opset="mul_ln45_40/4 sext_ln45_108/6 add_ln45_38/6 "/>
</bind>
</comp>

<comp id="988" class="1007" name="grp_fu_988">
<pin_list>
<pin id="989" dir="0" index="0" bw="16" slack="0"/>
<pin id="990" dir="0" index="1" bw="4" slack="0"/>
<pin id="991" dir="0" index="2" bw="21" slack="0"/>
<pin id="992" dir="1" index="3" bw="21" slack="0"/>
</pin_list>
<bind>
<opcode="muladd(1172) " fcode="muladd"/>
<opset="mul_ln45_43/4 sext_ln45_111/6 add_ln45_43/6 "/>
</bind>
</comp>

<comp id="997" class="1005" name="acc_reg_997">
<pin_list>
<pin id="998" dir="0" index="0" bw="32" slack="0"/>
<pin id="999" dir="1" index="1" bw="32" slack="0"/>
</pin_list>
<bind>
<opset="acc "/>
</bind>
</comp>

<comp id="1004" class="1005" name="i_reg_1004">
<pin_list>
<pin id="1005" dir="0" index="0" bw="5" slack="0"/>
<pin id="1006" dir="1" index="1" bw="5" slack="0"/>
</pin_list>
<bind>
<opset="i "/>
</bind>
</comp>

<comp id="1011" class="1005" name="tmp_reg_1011">
<pin_list>
<pin id="1012" dir="0" index="0" bw="1" slack="1"/>
<pin id="1013" dir="1" index="1" bw="1" slack="1"/>
</pin_list>
<bind>
<opset="tmp "/>
</bind>
</comp>

<comp id="1016" class="1005" name="zext_ln41_reg_1016">
<pin_list>
<pin id="1017" dir="0" index="0" bw="64" slack="1"/>
<pin id="1018" dir="1" index="1" bw="64" slack="1"/>
</pin_list>
<bind>
<opset="zext_ln41 "/>
</bind>
</comp>

<comp id="1035" class="1005" name="select_ln44_reg_1035">
<pin_list>
<pin id="1036" dir="0" index="0" bw="64" slack="1"/>
<pin id="1037" dir="1" index="1" bw="64" slack="1"/>
</pin_list>
<bind>
<opset="select_ln44 "/>
</bind>
</comp>

<comp id="1050" class="1005" name="icmp_ln42_reg_1050">
<pin_list>
<pin id="1051" dir="0" index="0" bw="1" slack="1"/>
<pin id="1052" dir="1" index="1" bw="1" slack="2147483647"/>
</pin_list>
<bind>
<opset="icmp_ln42 "/>
</bind>
</comp>

<comp id="1054" class="1005" name="compute_controller_bool_bool_unsigned_int_bool_bool_bool_bool_bool_u_370_reg_1054">
<pin_list>
<pin id="1055" dir="0" index="0" bw="3" slack="1"/>
<pin id="1056" dir="1" index="1" bw="3" slack="1"/>
</pin_list>
<bind>
<opset="compute_controller_bool_bool_unsigned_int_bool_bool_bool_bool_bool_u_370 "/>
</bind>
</comp>

<comp id="1059" class="1005" name="compute_controller_bool_bool_unsigned_int_bool_bool_bool_bool_bool_u_371_reg_1059">
<pin_list>
<pin id="1060" dir="0" index="0" bw="1" slack="1"/>
<pin id="1061" dir="1" index="1" bw="1" slack="1"/>
</pin_list>
<bind>
<opset="compute_controller_bool_bool_unsigned_int_bool_bool_bool_bool_bool_u_371 "/>
</bind>
</comp>

<comp id="1064" class="1005" name="zext_ln44_reg_1064">
<pin_list>
<pin id="1065" dir="0" index="0" bw="64" slack="1"/>
<pin id="1066" dir="1" index="1" bw="64" slack="1"/>
</pin_list>
<bind>
<opset="zext_ln44 "/>
</bind>
</comp>

<comp id="1070" class="1005" name="p_ZZ18compute_controllerbbjRbS_bS_S_RjPKhPhR12ComputeStateS0_RhS6_S6_S6_S_S_S_S_E_163_reg_1070">
<pin_list>
<pin id="1071" dir="0" index="0" bw="3" slack="1"/>
<pin id="1072" dir="1" index="1" bw="3" slack="1"/>
</pin_list>
<bind>
<opset="p_ZZ18compute_controllerbbjRbS_bS_S_RjPKhPhR12ComputeStateS0_RhS6_S6_S6_S_S_S_S_E_163 "/>
</bind>
</comp>

<comp id="1075" class="1005" name="compute_controller_bool_bool_unsigned_int_bool_bool_bool_bool_bool_u_349_reg_1075">
<pin_list>
<pin id="1076" dir="0" index="0" bw="1" slack="1"/>
<pin id="1077" dir="1" index="1" bw="1" slack="1"/>
</pin_list>
<bind>
<opset="compute_controller_bool_bool_unsigned_int_bool_bool_bool_bool_bool_u_349 "/>
</bind>
</comp>

<comp id="1080" class="1005" name="p_ZZ18compute_controllerbbjRbS_bS_S_RjPKhPhR12ComputeStateS0_RhS6_S6_S6_S_S_S_S_E_164_reg_1080">
<pin_list>
<pin id="1081" dir="0" index="0" bw="3" slack="1"/>
<pin id="1082" dir="1" index="1" bw="3" slack="1"/>
</pin_list>
<bind>
<opset="p_ZZ18compute_controllerbbjRbS_bS_S_RjPKhPhR12ComputeStateS0_RhS6_S6_S6_S_S_S_S_E_164 "/>
</bind>
</comp>

<comp id="1085" class="1005" name="compute_controller_bool_bool_unsigned_int_bool_bool_bool_bool_bool_u_351_reg_1085">
<pin_list>
<pin id="1086" dir="0" index="0" bw="1" slack="1"/>
<pin id="1087" dir="1" index="1" bw="1" slack="1"/>
</pin_list>
<bind>
<opset="compute_controller_bool_bool_unsigned_int_bool_bool_bool_bool_bool_u_351 "/>
</bind>
</comp>

<comp id="1090" class="1005" name="compute_controller_bool_bool_unsigned_int_bool_bool_bool_bool_bool_u_364_reg_1090">
<pin_list>
<pin id="1091" dir="0" index="0" bw="3" slack="1"/>
<pin id="1092" dir="1" index="1" bw="3" slack="1"/>
</pin_list>
<bind>
<opset="compute_controller_bool_bool_unsigned_int_bool_bool_bool_bool_bool_u_364 "/>
</bind>
</comp>

<comp id="1095" class="1005" name="compute_controller_bool_bool_unsigned_int_bool_bool_bool_bool_bool_u_365_reg_1095">
<pin_list>
<pin id="1096" dir="0" index="0" bw="1" slack="1"/>
<pin id="1097" dir="1" index="1" bw="1" slack="1"/>
</pin_list>
<bind>
<opset="compute_controller_bool_bool_unsigned_int_bool_bool_bool_bool_bool_u_365 "/>
</bind>
</comp>

<comp id="1100" class="1005" name="sext_ln45_96_reg_1100">
<pin_list>
<pin id="1101" dir="0" index="0" bw="20" slack="1"/>
<pin id="1102" dir="1" index="1" bw="20" slack="1"/>
</pin_list>
<bind>
<opset="sext_ln45_96 "/>
</bind>
</comp>

<comp id="1105" class="1005" name="sext_ln44_35_reg_1105">
<pin_list>
<pin id="1106" dir="0" index="0" bw="20" slack="1"/>
<pin id="1107" dir="1" index="1" bw="20" slack="1"/>
</pin_list>
<bind>
<opset="sext_ln44_35 "/>
</bind>
</comp>

<comp id="1110" class="1005" name="compute_controller_bool_bool_unsigned_int_bool_bool_bool_bool_bool_u_375_reg_1110">
<pin_list>
<pin id="1111" dir="0" index="0" bw="3" slack="1"/>
<pin id="1112" dir="1" index="1" bw="3" slack="1"/>
</pin_list>
<bind>
<opset="compute_controller_bool_bool_unsigned_int_bool_bool_bool_bool_bool_u_375 "/>
</bind>
</comp>

<comp id="1115" class="1005" name="p_ZZ18compute_controllerbbjRbS_bS_S_RjPKhPhR12ComputeStateS0_RhS6_S6_S6_S_S_S_S_E_170_reg_1115">
<pin_list>
<pin id="1116" dir="0" index="0" bw="1" slack="1"/>
<pin id="1117" dir="1" index="1" bw="1" slack="1"/>
</pin_list>
<bind>
<opset="p_ZZ18compute_controllerbbjRbS_bS_S_RjPKhPhR12ComputeStateS0_RhS6_S6_S6_S_S_S_S_E_170 "/>
</bind>
</comp>

<comp id="1120" class="1005" name="p_ZZ18compute_controllerbbjRbS_bS_S_RjPKhPhR12ComputeStateS0_RhS6_S6_S6_S_S_S_S_E_177_reg_1120">
<pin_list>
<pin id="1121" dir="0" index="0" bw="3" slack="1"/>
<pin id="1122" dir="1" index="1" bw="3" slack="1"/>
</pin_list>
<bind>
<opset="p_ZZ18compute_controllerbbjRbS_bS_S_RjPKhPhR12ComputeStateS0_RhS6_S6_S6_S_S_S_S_E_177 "/>
</bind>
</comp>

<comp id="1125" class="1005" name="p_ZZ18compute_controllerbbjRbS_bS_S_RjPKhPhR12ComputeStateS0_RhS6_S6_S6_S_S_S_S_E_178_reg_1125">
<pin_list>
<pin id="1126" dir="0" index="0" bw="1" slack="1"/>
<pin id="1127" dir="1" index="1" bw="1" slack="1"/>
</pin_list>
<bind>
<opset="p_ZZ18compute_controllerbbjRbS_bS_S_RjPKhPhR12ComputeStateS0_RhS6_S6_S6_S_S_S_S_E_178 "/>
</bind>
</comp>

<comp id="1130" class="1005" name="sext_ln45_79_reg_1130">
<pin_list>
<pin id="1131" dir="0" index="0" bw="20" slack="1"/>
<pin id="1132" dir="1" index="1" bw="20" slack="1"/>
</pin_list>
<bind>
<opset="sext_ln45_79 "/>
</bind>
</comp>

<comp id="1135" class="1005" name="sext_ln44_28_reg_1135">
<pin_list>
<pin id="1136" dir="0" index="0" bw="20" slack="1"/>
<pin id="1137" dir="1" index="1" bw="20" slack="1"/>
</pin_list>
<bind>
<opset="sext_ln44_28 "/>
</bind>
</comp>

<comp id="1140" class="1005" name="sext_ln45_80_reg_1140">
<pin_list>
<pin id="1141" dir="0" index="0" bw="20" slack="1"/>
<pin id="1142" dir="1" index="1" bw="20" slack="1"/>
</pin_list>
<bind>
<opset="sext_ln45_80 "/>
</bind>
</comp>

<comp id="1145" class="1005" name="sext_ln44_29_reg_1145">
<pin_list>
<pin id="1146" dir="0" index="0" bw="20" slack="1"/>
<pin id="1147" dir="1" index="1" bw="20" slack="1"/>
</pin_list>
<bind>
<opset="sext_ln44_29 "/>
</bind>
</comp>

<comp id="1150" class="1005" name="p_ZZ18compute_controllerbbjRbS_bS_S_RjPKhPhR12ComputeStateS0_RhS6_S6_S6_S_S_S_S_E_165_reg_1150">
<pin_list>
<pin id="1151" dir="0" index="0" bw="3" slack="1"/>
<pin id="1152" dir="1" index="1" bw="3" slack="1"/>
</pin_list>
<bind>
<opset="p_ZZ18compute_controllerbbjRbS_bS_S_RjPKhPhR12ComputeStateS0_RhS6_S6_S6_S_S_S_S_E_165 "/>
</bind>
</comp>

<comp id="1155" class="1005" name="compute_controller_bool_bool_unsigned_int_bool_bool_bool_bool_bool_u_353_reg_1155">
<pin_list>
<pin id="1156" dir="0" index="0" bw="1" slack="1"/>
<pin id="1157" dir="1" index="1" bw="1" slack="1"/>
</pin_list>
<bind>
<opset="compute_controller_bool_bool_unsigned_int_bool_bool_bool_bool_bool_u_353 "/>
</bind>
</comp>

<comp id="1160" class="1005" name="compute_controller_bool_bool_unsigned_int_bool_bool_bool_bool_bool_u_358_reg_1160">
<pin_list>
<pin id="1161" dir="0" index="0" bw="3" slack="1"/>
<pin id="1162" dir="1" index="1" bw="3" slack="1"/>
</pin_list>
<bind>
<opset="compute_controller_bool_bool_unsigned_int_bool_bool_bool_bool_bool_u_358 "/>
</bind>
</comp>

<comp id="1165" class="1005" name="compute_controller_bool_bool_unsigned_int_bool_bool_bool_bool_bool_u_359_reg_1165">
<pin_list>
<pin id="1166" dir="0" index="0" bw="1" slack="1"/>
<pin id="1167" dir="1" index="1" bw="1" slack="1"/>
</pin_list>
<bind>
<opset="compute_controller_bool_bool_unsigned_int_bool_bool_bool_bool_bool_u_359 "/>
</bind>
</comp>

<comp id="1170" class="1005" name="compute_controller_bool_bool_unsigned_int_bool_bool_bool_bool_bool_u_361_reg_1170">
<pin_list>
<pin id="1171" dir="0" index="0" bw="3" slack="1"/>
<pin id="1172" dir="1" index="1" bw="3" slack="1"/>
</pin_list>
<bind>
<opset="compute_controller_bool_bool_unsigned_int_bool_bool_bool_bool_bool_u_361 "/>
</bind>
</comp>

<comp id="1175" class="1005" name="compute_controller_bool_bool_unsigned_int_bool_bool_bool_bool_bool_u_362_reg_1175">
<pin_list>
<pin id="1176" dir="0" index="0" bw="1" slack="1"/>
<pin id="1177" dir="1" index="1" bw="1" slack="1"/>
</pin_list>
<bind>
<opset="compute_controller_bool_bool_unsigned_int_bool_bool_bool_bool_bool_u_362 "/>
</bind>
</comp>

<comp id="1180" class="1005" name="sext_ln45_94_reg_1180">
<pin_list>
<pin id="1181" dir="0" index="0" bw="20" slack="1"/>
<pin id="1182" dir="1" index="1" bw="20" slack="1"/>
</pin_list>
<bind>
<opset="sext_ln45_94 "/>
</bind>
</comp>

<comp id="1185" class="1005" name="sext_ln44_33_reg_1185">
<pin_list>
<pin id="1186" dir="0" index="0" bw="20" slack="1"/>
<pin id="1187" dir="1" index="1" bw="20" slack="1"/>
</pin_list>
<bind>
<opset="sext_ln44_33 "/>
</bind>
</comp>

<comp id="1190" class="1005" name="compute_controller_bool_bool_unsigned_int_bool_bool_bool_bool_bool_u_367_reg_1190">
<pin_list>
<pin id="1191" dir="0" index="0" bw="3" slack="1"/>
<pin id="1192" dir="1" index="1" bw="3" slack="1"/>
</pin_list>
<bind>
<opset="compute_controller_bool_bool_unsigned_int_bool_bool_bool_bool_bool_u_367 "/>
</bind>
</comp>

<comp id="1195" class="1005" name="compute_controller_bool_bool_unsigned_int_bool_bool_bool_bool_bool_u_368_reg_1195">
<pin_list>
<pin id="1196" dir="0" index="0" bw="1" slack="1"/>
<pin id="1197" dir="1" index="1" bw="1" slack="1"/>
</pin_list>
<bind>
<opset="compute_controller_bool_bool_unsigned_int_bool_bool_bool_bool_bool_u_368 "/>
</bind>
</comp>

<comp id="1200" class="1005" name="compute_controller_bool_bool_unsigned_int_bool_bool_bool_bool_bool_u_373_reg_1200">
<pin_list>
<pin id="1201" dir="0" index="0" bw="3" slack="1"/>
<pin id="1202" dir="1" index="1" bw="3" slack="1"/>
</pin_list>
<bind>
<opset="compute_controller_bool_bool_unsigned_int_bool_bool_bool_bool_bool_u_373 "/>
</bind>
</comp>

<comp id="1205" class="1005" name="p_ZZ18compute_controllerbbjRbS_bS_S_RjPKhPhR12ComputeStateS0_RhS6_S6_S6_S_S_S_S_E_166_reg_1205">
<pin_list>
<pin id="1206" dir="0" index="0" bw="1" slack="1"/>
<pin id="1207" dir="1" index="1" bw="1" slack="1"/>
</pin_list>
<bind>
<opset="p_ZZ18compute_controllerbbjRbS_bS_S_RjPKhPhR12ComputeStateS0_RhS6_S6_S6_S_S_S_S_E_166 "/>
</bind>
</comp>

<comp id="1210" class="1005" name="sext_ln45_99_reg_1210">
<pin_list>
<pin id="1211" dir="0" index="0" bw="20" slack="1"/>
<pin id="1212" dir="1" index="1" bw="20" slack="1"/>
</pin_list>
<bind>
<opset="sext_ln45_99 "/>
</bind>
</comp>

<comp id="1215" class="1005" name="sext_ln44_38_reg_1215">
<pin_list>
<pin id="1216" dir="0" index="0" bw="20" slack="1"/>
<pin id="1217" dir="1" index="1" bw="20" slack="1"/>
</pin_list>
<bind>
<opset="sext_ln44_38 "/>
</bind>
</comp>

<comp id="1220" class="1005" name="compute_controller_bool_bool_unsigned_int_bool_bool_bool_bool_bool_u_376_reg_1220">
<pin_list>
<pin id="1221" dir="0" index="0" bw="3" slack="1"/>
<pin id="1222" dir="1" index="1" bw="3" slack="1"/>
</pin_list>
<bind>
<opset="compute_controller_bool_bool_unsigned_int_bool_bool_bool_bool_bool_u_376 "/>
</bind>
</comp>

<comp id="1225" class="1005" name="p_ZZ18compute_controllerbbjRbS_bS_S_RjPKhPhR12ComputeStateS0_RhS6_S6_S6_S_S_S_S_E_172_reg_1225">
<pin_list>
<pin id="1226" dir="0" index="0" bw="1" slack="1"/>
<pin id="1227" dir="1" index="1" bw="1" slack="1"/>
</pin_list>
<bind>
<opset="p_ZZ18compute_controllerbbjRbS_bS_S_RjPKhPhR12ComputeStateS0_RhS6_S6_S6_S_S_S_S_E_172 "/>
</bind>
</comp>

<comp id="1230" class="1005" name="sext_ln45_102_reg_1230">
<pin_list>
<pin id="1231" dir="0" index="0" bw="20" slack="1"/>
<pin id="1232" dir="1" index="1" bw="20" slack="1"/>
</pin_list>
<bind>
<opset="sext_ln45_102 "/>
</bind>
</comp>

<comp id="1235" class="1005" name="sext_ln45_103_reg_1235">
<pin_list>
<pin id="1236" dir="0" index="0" bw="20" slack="1"/>
<pin id="1237" dir="1" index="1" bw="20" slack="1"/>
</pin_list>
<bind>
<opset="sext_ln45_103 "/>
</bind>
</comp>

<comp id="1240" class="1005" name="p_ZZ18compute_controllerbbjRbS_bS_S_RjPKhPhR12ComputeStateS0_RhS6_S6_S6_S_S_S_S_E_162_reg_1240">
<pin_list>
<pin id="1241" dir="0" index="0" bw="3" slack="1"/>
<pin id="1242" dir="1" index="1" bw="3" slack="1"/>
</pin_list>
<bind>
<opset="p_ZZ18compute_controllerbbjRbS_bS_S_RjPKhPhR12ComputeStateS0_RhS6_S6_S6_S_S_S_S_E_162 "/>
</bind>
</comp>

<comp id="1245" class="1005" name="compute_controller_bool_bool_unsigned_int_bool_bool_bool_bool_bool_u_347_reg_1245">
<pin_list>
<pin id="1246" dir="0" index="0" bw="1" slack="1"/>
<pin id="1247" dir="1" index="1" bw="1" slack="1"/>
</pin_list>
<bind>
<opset="compute_controller_bool_bool_unsigned_int_bool_bool_bool_bool_bool_u_347 "/>
</bind>
</comp>

<comp id="1250" class="1005" name="sext_ln45_81_reg_1250">
<pin_list>
<pin id="1251" dir="0" index="0" bw="20" slack="1"/>
<pin id="1252" dir="1" index="1" bw="20" slack="1"/>
</pin_list>
<bind>
<opset="sext_ln45_81 "/>
</bind>
</comp>

<comp id="1255" class="1005" name="sext_ln44_30_reg_1255">
<pin_list>
<pin id="1256" dir="0" index="0" bw="20" slack="1"/>
<pin id="1257" dir="1" index="1" bw="20" slack="1"/>
</pin_list>
<bind>
<opset="sext_ln44_30 "/>
</bind>
</comp>

<comp id="1260" class="1005" name="compute_controller_bool_bool_unsigned_int_bool_bool_bool_bool_bool_u_355_reg_1260">
<pin_list>
<pin id="1261" dir="0" index="0" bw="3" slack="1"/>
<pin id="1262" dir="1" index="1" bw="3" slack="1"/>
</pin_list>
<bind>
<opset="compute_controller_bool_bool_unsigned_int_bool_bool_bool_bool_bool_u_355 "/>
</bind>
</comp>

<comp id="1265" class="1005" name="compute_controller_bool_bool_unsigned_int_bool_bool_bool_bool_bool_u_356_reg_1265">
<pin_list>
<pin id="1266" dir="0" index="0" bw="1" slack="1"/>
<pin id="1267" dir="1" index="1" bw="1" slack="1"/>
</pin_list>
<bind>
<opset="compute_controller_bool_bool_unsigned_int_bool_bool_bool_bool_bool_u_356 "/>
</bind>
</comp>

<comp id="1270" class="1005" name="sext_ln45_83_reg_1270">
<pin_list>
<pin id="1271" dir="0" index="0" bw="20" slack="1"/>
<pin id="1272" dir="1" index="1" bw="20" slack="1"/>
</pin_list>
<bind>
<opset="sext_ln45_83 "/>
</bind>
</comp>

<comp id="1275" class="1005" name="sext_ln45_84_reg_1275">
<pin_list>
<pin id="1276" dir="0" index="0" bw="20" slack="1"/>
<pin id="1277" dir="1" index="1" bw="20" slack="1"/>
</pin_list>
<bind>
<opset="sext_ln45_84 "/>
</bind>
</comp>

<comp id="1280" class="1005" name="sext_ln45_93_reg_1280">
<pin_list>
<pin id="1281" dir="0" index="0" bw="20" slack="1"/>
<pin id="1282" dir="1" index="1" bw="20" slack="1"/>
</pin_list>
<bind>
<opset="sext_ln45_93 "/>
</bind>
</comp>

<comp id="1285" class="1005" name="sext_ln44_32_reg_1285">
<pin_list>
<pin id="1286" dir="0" index="0" bw="20" slack="1"/>
<pin id="1287" dir="1" index="1" bw="20" slack="1"/>
</pin_list>
<bind>
<opset="sext_ln44_32 "/>
</bind>
</comp>

<comp id="1290" class="1005" name="sext_ln45_97_reg_1290">
<pin_list>
<pin id="1291" dir="0" index="0" bw="20" slack="1"/>
<pin id="1292" dir="1" index="1" bw="20" slack="1"/>
</pin_list>
<bind>
<opset="sext_ln45_97 "/>
</bind>
</comp>

<comp id="1295" class="1005" name="sext_ln44_36_reg_1295">
<pin_list>
<pin id="1296" dir="0" index="0" bw="20" slack="1"/>
<pin id="1297" dir="1" index="1" bw="20" slack="1"/>
</pin_list>
<bind>
<opset="sext_ln44_36 "/>
</bind>
</comp>

<comp id="1300" class="1005" name="compute_controller_bool_bool_unsigned_int_bool_bool_bool_bool_bool_u_374_reg_1300">
<pin_list>
<pin id="1301" dir="0" index="0" bw="3" slack="1"/>
<pin id="1302" dir="1" index="1" bw="3" slack="1"/>
</pin_list>
<bind>
<opset="compute_controller_bool_bool_unsigned_int_bool_bool_bool_bool_bool_u_374 "/>
</bind>
</comp>

<comp id="1305" class="1005" name="p_ZZ18compute_controllerbbjRbS_bS_S_RjPKhPhR12ComputeStateS0_RhS6_S6_S6_S_S_S_S_E_168_reg_1305">
<pin_list>
<pin id="1306" dir="0" index="0" bw="1" slack="1"/>
<pin id="1307" dir="1" index="1" bw="1" slack="1"/>
</pin_list>
<bind>
<opset="p_ZZ18compute_controllerbbjRbS_bS_S_RjPKhPhR12ComputeStateS0_RhS6_S6_S6_S_S_S_S_E_168 "/>
</bind>
</comp>

<comp id="1310" class="1005" name="sext_ln45_100_reg_1310">
<pin_list>
<pin id="1311" dir="0" index="0" bw="20" slack="1"/>
<pin id="1312" dir="1" index="1" bw="20" slack="1"/>
</pin_list>
<bind>
<opset="sext_ln45_100 "/>
</bind>
</comp>

<comp id="1315" class="1005" name="sext_ln44_39_reg_1315">
<pin_list>
<pin id="1316" dir="0" index="0" bw="20" slack="1"/>
<pin id="1317" dir="1" index="1" bw="20" slack="1"/>
</pin_list>
<bind>
<opset="sext_ln44_39 "/>
</bind>
</comp>

<comp id="1320" class="1005" name="p_ZZ18compute_controllerbbjRbS_bS_S_RjPKhPhR12ComputeStateS0_RhS6_S6_S6_S_S_S_S_E_174_reg_1320">
<pin_list>
<pin id="1321" dir="0" index="0" bw="3" slack="1"/>
<pin id="1322" dir="1" index="1" bw="3" slack="1"/>
</pin_list>
<bind>
<opset="p_ZZ18compute_controllerbbjRbS_bS_S_RjPKhPhR12ComputeStateS0_RhS6_S6_S6_S_S_S_S_E_174 "/>
</bind>
</comp>

<comp id="1325" class="1005" name="p_ZZ18compute_controllerbbjRbS_bS_S_RjPKhPhR12ComputeStateS0_RhS6_S6_S6_S_S_S_S_E_175_reg_1325">
<pin_list>
<pin id="1326" dir="0" index="0" bw="1" slack="1"/>
<pin id="1327" dir="1" index="1" bw="1" slack="1"/>
</pin_list>
<bind>
<opset="p_ZZ18compute_controllerbbjRbS_bS_S_RjPKhPhR12ComputeStateS0_RhS6_S6_S6_S_S_S_S_E_175 "/>
</bind>
</comp>

<comp id="1330" class="1005" name="sext_ln45_106_reg_1330">
<pin_list>
<pin id="1331" dir="0" index="0" bw="21" slack="1"/>
<pin id="1332" dir="1" index="1" bw="21" slack="1"/>
</pin_list>
<bind>
<opset="sext_ln45_106 "/>
</bind>
</comp>

<comp id="1335" class="1005" name="sext_ln45_85_reg_1335">
<pin_list>
<pin id="1336" dir="0" index="0" bw="21" slack="1"/>
<pin id="1337" dir="1" index="1" bw="21" slack="1"/>
</pin_list>
<bind>
<opset="sext_ln45_85 "/>
</bind>
</comp>

<comp id="1340" class="1005" name="sext_ln45_89_reg_1340">
<pin_list>
<pin id="1341" dir="0" index="0" bw="21" slack="1"/>
<pin id="1342" dir="1" index="1" bw="21" slack="1"/>
</pin_list>
<bind>
<opset="sext_ln45_89 "/>
</bind>
</comp>

<comp id="1345" class="1005" name="sext_ln45_110_reg_1345">
<pin_list>
<pin id="1346" dir="0" index="0" bw="21" slack="1"/>
<pin id="1347" dir="1" index="1" bw="21" slack="1"/>
</pin_list>
<bind>
<opset="sext_ln45_110 "/>
</bind>
</comp>

<comp id="1350" class="1005" name="sext_ln45_113_reg_1350">
<pin_list>
<pin id="1351" dir="0" index="0" bw="21" slack="1"/>
<pin id="1352" dir="1" index="1" bw="21" slack="1"/>
</pin_list>
<bind>
<opset="sext_ln45_113 "/>
</bind>
</comp>

<comp id="1355" class="1005" name="add_ln45_36_reg_1355">
<pin_list>
<pin id="1356" dir="0" index="0" bw="21" slack="1"/>
<pin id="1357" dir="1" index="1" bw="21" slack="1"/>
</pin_list>
<bind>
<opset="add_ln45_36 "/>
</bind>
</comp>

<comp id="1360" class="1005" name="add_ln45_reg_1360">
<pin_list>
<pin id="1361" dir="0" index="0" bw="21" slack="1"/>
<pin id="1362" dir="1" index="1" bw="21" slack="1"/>
</pin_list>
<bind>
<opset="add_ln45 "/>
</bind>
</comp>

<comp id="1365" class="1005" name="sext_ln45_92_reg_1365">
<pin_list>
<pin id="1366" dir="0" index="0" bw="32" slack="1"/>
<pin id="1367" dir="1" index="1" bw="32" slack="1"/>
</pin_list>
<bind>
<opset="sext_ln45_92 "/>
</bind>
</comp>

<comp id="1370" class="1005" name="sext_ln45_114_reg_1370">
<pin_list>
<pin id="1371" dir="0" index="0" bw="32" slack="1"/>
<pin id="1372" dir="1" index="1" bw="32" slack="1"/>
</pin_list>
<bind>
<opset="sext_ln45_114 "/>
</bind>
</comp>

<comp id="1375" class="1005" name="add_ln45_39_reg_1375">
<pin_list>
<pin id="1376" dir="0" index="0" bw="21" slack="1"/>
<pin id="1377" dir="1" index="1" bw="21" slack="1"/>
</pin_list>
<bind>
<opset="add_ln45_39 "/>
</bind>
</comp>

<comp id="1380" class="1005" name="add_ln45_42_reg_1380">
<pin_list>
<pin id="1381" dir="0" index="0" bw="21" slack="1"/>
<pin id="1382" dir="1" index="1" bw="21" slack="1"/>
</pin_list>
<bind>
<opset="add_ln45_42 "/>
</bind>
</comp>

</comp_list>

<net_list>
<net id="125"><net_src comp="68" pin="0"/><net_sink comp="122" pin=0"/></net>

<net id="129"><net_src comp="68" pin="0"/><net_sink comp="126" pin=0"/></net>

<net id="134"><net_src comp="70" pin="0"/><net_sink comp="130" pin=0"/></net>

<net id="135"><net_src comp="0" pin="0"/><net_sink comp="130" pin=1"/></net>

<net id="141"><net_src comp="120" pin="0"/><net_sink comp="136" pin=0"/></net>

<net id="142"><net_src comp="2" pin="0"/><net_sink comp="136" pin=1"/></net>

<net id="148"><net_src comp="40" pin="0"/><net_sink comp="143" pin=0"/></net>

<net id="149"><net_src comp="92" pin="0"/><net_sink comp="143" pin=1"/></net>

<net id="155"><net_src comp="143" pin="3"/><net_sink comp="150" pin=0"/></net>

<net id="161"><net_src comp="42" pin="0"/><net_sink comp="156" pin=0"/></net>

<net id="162"><net_src comp="92" pin="0"/><net_sink comp="156" pin=1"/></net>

<net id="168"><net_src comp="156" pin="3"/><net_sink comp="163" pin=0"/></net>

<net id="174"><net_src comp="8" pin="0"/><net_sink comp="169" pin=0"/></net>

<net id="175"><net_src comp="92" pin="0"/><net_sink comp="169" pin=1"/></net>

<net id="181"><net_src comp="169" pin="3"/><net_sink comp="176" pin=0"/></net>

<net id="187"><net_src comp="10" pin="0"/><net_sink comp="182" pin=0"/></net>

<net id="188"><net_src comp="92" pin="0"/><net_sink comp="182" pin=1"/></net>

<net id="194"><net_src comp="182" pin="3"/><net_sink comp="189" pin=0"/></net>

<net id="200"><net_src comp="12" pin="0"/><net_sink comp="195" pin=0"/></net>

<net id="201"><net_src comp="92" pin="0"/><net_sink comp="195" pin=1"/></net>

<net id="207"><net_src comp="195" pin="3"/><net_sink comp="202" pin=0"/></net>

<net id="213"><net_src comp="14" pin="0"/><net_sink comp="208" pin=0"/></net>

<net id="214"><net_src comp="92" pin="0"/><net_sink comp="208" pin=1"/></net>

<net id="220"><net_src comp="208" pin="3"/><net_sink comp="215" pin=0"/></net>

<net id="226"><net_src comp="32" pin="0"/><net_sink comp="221" pin=0"/></net>

<net id="227"><net_src comp="92" pin="0"/><net_sink comp="221" pin=1"/></net>

<net id="233"><net_src comp="221" pin="3"/><net_sink comp="228" pin=0"/></net>

<net id="239"><net_src comp="34" pin="0"/><net_sink comp="234" pin=0"/></net>

<net id="240"><net_src comp="92" pin="0"/><net_sink comp="234" pin=1"/></net>

<net id="246"><net_src comp="234" pin="3"/><net_sink comp="241" pin=0"/></net>

<net id="252"><net_src comp="52" pin="0"/><net_sink comp="247" pin=0"/></net>

<net id="253"><net_src comp="92" pin="0"/><net_sink comp="247" pin=1"/></net>

<net id="259"><net_src comp="247" pin="3"/><net_sink comp="254" pin=0"/></net>

<net id="265"><net_src comp="54" pin="0"/><net_sink comp="260" pin=0"/></net>

<net id="266"><net_src comp="92" pin="0"/><net_sink comp="260" pin=1"/></net>

<net id="272"><net_src comp="260" pin="3"/><net_sink comp="267" pin=0"/></net>

<net id="278"><net_src comp="64" pin="0"/><net_sink comp="273" pin=0"/></net>

<net id="279"><net_src comp="92" pin="0"/><net_sink comp="273" pin=1"/></net>

<net id="285"><net_src comp="273" pin="3"/><net_sink comp="280" pin=0"/></net>

<net id="291"><net_src comp="66" pin="0"/><net_sink comp="286" pin=0"/></net>

<net id="292"><net_src comp="92" pin="0"/><net_sink comp="286" pin=1"/></net>

<net id="298"><net_src comp="286" pin="3"/><net_sink comp="293" pin=0"/></net>

<net id="304"><net_src comp="16" pin="0"/><net_sink comp="299" pin=0"/></net>

<net id="305"><net_src comp="92" pin="0"/><net_sink comp="299" pin=1"/></net>

<net id="311"><net_src comp="299" pin="3"/><net_sink comp="306" pin=0"/></net>

<net id="317"><net_src comp="18" pin="0"/><net_sink comp="312" pin=0"/></net>

<net id="318"><net_src comp="92" pin="0"/><net_sink comp="312" pin=1"/></net>

<net id="324"><net_src comp="312" pin="3"/><net_sink comp="319" pin=0"/></net>

<net id="330"><net_src comp="24" pin="0"/><net_sink comp="325" pin=0"/></net>

<net id="331"><net_src comp="92" pin="0"/><net_sink comp="325" pin=1"/></net>

<net id="337"><net_src comp="325" pin="3"/><net_sink comp="332" pin=0"/></net>

<net id="343"><net_src comp="26" pin="0"/><net_sink comp="338" pin=0"/></net>

<net id="344"><net_src comp="92" pin="0"/><net_sink comp="338" pin=1"/></net>

<net id="350"><net_src comp="338" pin="3"/><net_sink comp="345" pin=0"/></net>

<net id="356"><net_src comp="28" pin="0"/><net_sink comp="351" pin=0"/></net>

<net id="357"><net_src comp="92" pin="0"/><net_sink comp="351" pin=1"/></net>

<net id="363"><net_src comp="351" pin="3"/><net_sink comp="358" pin=0"/></net>

<net id="369"><net_src comp="30" pin="0"/><net_sink comp="364" pin=0"/></net>

<net id="370"><net_src comp="92" pin="0"/><net_sink comp="364" pin=1"/></net>

<net id="376"><net_src comp="364" pin="3"/><net_sink comp="371" pin=0"/></net>

<net id="382"><net_src comp="36" pin="0"/><net_sink comp="377" pin=0"/></net>

<net id="383"><net_src comp="92" pin="0"/><net_sink comp="377" pin=1"/></net>

<net id="389"><net_src comp="377" pin="3"/><net_sink comp="384" pin=0"/></net>

<net id="395"><net_src comp="38" pin="0"/><net_sink comp="390" pin=0"/></net>

<net id="396"><net_src comp="92" pin="0"/><net_sink comp="390" pin=1"/></net>

<net id="402"><net_src comp="390" pin="3"/><net_sink comp="397" pin=0"/></net>

<net id="408"><net_src comp="44" pin="0"/><net_sink comp="403" pin=0"/></net>

<net id="409"><net_src comp="92" pin="0"/><net_sink comp="403" pin=1"/></net>

<net id="415"><net_src comp="403" pin="3"/><net_sink comp="410" pin=0"/></net>

<net id="421"><net_src comp="46" pin="0"/><net_sink comp="416" pin=0"/></net>

<net id="422"><net_src comp="92" pin="0"/><net_sink comp="416" pin=1"/></net>

<net id="428"><net_src comp="416" pin="3"/><net_sink comp="423" pin=0"/></net>

<net id="434"><net_src comp="56" pin="0"/><net_sink comp="429" pin=0"/></net>

<net id="435"><net_src comp="92" pin="0"/><net_sink comp="429" pin=1"/></net>

<net id="441"><net_src comp="429" pin="3"/><net_sink comp="436" pin=0"/></net>

<net id="447"><net_src comp="58" pin="0"/><net_sink comp="442" pin=0"/></net>

<net id="448"><net_src comp="92" pin="0"/><net_sink comp="442" pin=1"/></net>

<net id="454"><net_src comp="442" pin="3"/><net_sink comp="449" pin=0"/></net>

<net id="460"><net_src comp="4" pin="0"/><net_sink comp="455" pin=0"/></net>

<net id="461"><net_src comp="92" pin="0"/><net_sink comp="455" pin=1"/></net>

<net id="467"><net_src comp="455" pin="3"/><net_sink comp="462" pin=0"/></net>

<net id="473"><net_src comp="6" pin="0"/><net_sink comp="468" pin=0"/></net>

<net id="474"><net_src comp="92" pin="0"/><net_sink comp="468" pin=1"/></net>

<net id="480"><net_src comp="468" pin="3"/><net_sink comp="475" pin=0"/></net>

<net id="486"><net_src comp="20" pin="0"/><net_sink comp="481" pin=0"/></net>

<net id="487"><net_src comp="92" pin="0"/><net_sink comp="481" pin=1"/></net>

<net id="493"><net_src comp="481" pin="3"/><net_sink comp="488" pin=0"/></net>

<net id="499"><net_src comp="22" pin="0"/><net_sink comp="494" pin=0"/></net>

<net id="500"><net_src comp="92" pin="0"/><net_sink comp="494" pin=1"/></net>

<net id="506"><net_src comp="494" pin="3"/><net_sink comp="501" pin=0"/></net>

<net id="512"><net_src comp="48" pin="0"/><net_sink comp="507" pin=0"/></net>

<net id="513"><net_src comp="92" pin="0"/><net_sink comp="507" pin=1"/></net>

<net id="519"><net_src comp="507" pin="3"/><net_sink comp="514" pin=0"/></net>

<net id="525"><net_src comp="50" pin="0"/><net_sink comp="520" pin=0"/></net>

<net id="526"><net_src comp="92" pin="0"/><net_sink comp="520" pin=1"/></net>

<net id="532"><net_src comp="520" pin="3"/><net_sink comp="527" pin=0"/></net>

<net id="538"><net_src comp="60" pin="0"/><net_sink comp="533" pin=0"/></net>

<net id="539"><net_src comp="92" pin="0"/><net_sink comp="533" pin=1"/></net>

<net id="545"><net_src comp="533" pin="3"/><net_sink comp="540" pin=0"/></net>

<net id="551"><net_src comp="62" pin="0"/><net_sink comp="546" pin=0"/></net>

<net id="552"><net_src comp="92" pin="0"/><net_sink comp="546" pin=1"/></net>

<net id="558"><net_src comp="546" pin="3"/><net_sink comp="553" pin=0"/></net>

<net id="563"><net_src comp="72" pin="0"/><net_sink comp="559" pin=0"/></net>

<net id="568"><net_src comp="130" pin="2"/><net_sink comp="564" pin=0"/></net>

<net id="577"><net_src comp="74" pin="0"/><net_sink comp="572" pin=0"/></net>

<net id="578"><net_src comp="569" pin="1"/><net_sink comp="572" pin=1"/></net>

<net id="579"><net_src comp="76" pin="0"/><net_sink comp="572" pin=2"/></net>

<net id="583"><net_src comp="572" pin="3"/><net_sink comp="580" pin=0"/></net>

<net id="584"><net_src comp="580" pin="1"/><net_sink comp="156" pin=2"/></net>

<net id="590"><net_src comp="572" pin="3"/><net_sink comp="585" pin=0"/></net>

<net id="591"><net_src comp="78" pin="0"/><net_sink comp="585" pin=1"/></net>

<net id="592"><net_src comp="80" pin="0"/><net_sink comp="585" pin=2"/></net>

<net id="593"><net_src comp="585" pin="3"/><net_sink comp="143" pin=2"/></net>

<net id="600"><net_src comp="82" pin="0"/><net_sink comp="594" pin=0"/></net>

<net id="601"><net_src comp="569" pin="1"/><net_sink comp="594" pin=1"/></net>

<net id="602"><net_src comp="84" pin="0"/><net_sink comp="594" pin=2"/></net>

<net id="603"><net_src comp="76" pin="0"/><net_sink comp="594" pin=3"/></net>

<net id="607"><net_src comp="569" pin="1"/><net_sink comp="604" pin=0"/></net>

<net id="614"><net_src comp="86" pin="0"/><net_sink comp="608" pin=0"/></net>

<net id="615"><net_src comp="594" pin="4"/><net_sink comp="608" pin=1"/></net>

<net id="616"><net_src comp="88" pin="0"/><net_sink comp="608" pin=2"/></net>

<net id="617"><net_src comp="604" pin="1"/><net_sink comp="608" pin=3"/></net>

<net id="622"><net_src comp="608" pin="4"/><net_sink comp="618" pin=0"/></net>

<net id="623"><net_src comp="90" pin="0"/><net_sink comp="618" pin=1"/></net>

<net id="629"><net_src comp="94" pin="0"/><net_sink comp="624" pin=0"/></net>

<net id="630"><net_src comp="569" pin="1"/><net_sink comp="624" pin=1"/></net>

<net id="631"><net_src comp="96" pin="0"/><net_sink comp="624" pin=2"/></net>

<net id="636"><net_src comp="624" pin="3"/><net_sink comp="632" pin=0"/></net>

<net id="637"><net_src comp="98" pin="0"/><net_sink comp="632" pin=1"/></net>

<net id="641"><net_src comp="569" pin="1"/><net_sink comp="638" pin=0"/></net>

<net id="647"><net_src comp="100" pin="0"/><net_sink comp="642" pin=0"/></net>

<net id="648"><net_src comp="632" pin="2"/><net_sink comp="642" pin=1"/></net>

<net id="649"><net_src comp="638" pin="1"/><net_sink comp="642" pin=2"/></net>

<net id="654"><net_src comp="642" pin="3"/><net_sink comp="650" pin=0"/></net>

<net id="660"><net_src comp="102" pin="0"/><net_sink comp="655" pin=0"/></net>

<net id="661"><net_src comp="98" pin="0"/><net_sink comp="655" pin=1"/></net>

<net id="665"><net_src comp="655" pin="3"/><net_sink comp="662" pin=0"/></net>

<net id="666"><net_src comp="662" pin="1"/><net_sink comp="169" pin=2"/></net>

<net id="667"><net_src comp="662" pin="1"/><net_sink comp="195" pin=2"/></net>

<net id="671"><net_src comp="163" pin="3"/><net_sink comp="668" pin=0"/></net>

<net id="675"><net_src comp="150" pin="3"/><net_sink comp="672" pin=0"/></net>

<net id="679"><net_src comp="189" pin="3"/><net_sink comp="676" pin=0"/></net>

<net id="683"><net_src comp="176" pin="3"/><net_sink comp="680" pin=0"/></net>

<net id="687"><net_src comp="215" pin="3"/><net_sink comp="684" pin=0"/></net>

<net id="691"><net_src comp="202" pin="3"/><net_sink comp="688" pin=0"/></net>

<net id="695"><net_src comp="241" pin="3"/><net_sink comp="692" pin=0"/></net>

<net id="699"><net_src comp="228" pin="3"/><net_sink comp="696" pin=0"/></net>

<net id="703"><net_src comp="267" pin="3"/><net_sink comp="700" pin=0"/></net>

<net id="707"><net_src comp="254" pin="3"/><net_sink comp="704" pin=0"/></net>

<net id="711"><net_src comp="293" pin="3"/><net_sink comp="708" pin=0"/></net>

<net id="715"><net_src comp="280" pin="3"/><net_sink comp="712" pin=0"/></net>

<net id="719"><net_src comp="319" pin="3"/><net_sink comp="716" pin=0"/></net>

<net id="723"><net_src comp="306" pin="3"/><net_sink comp="720" pin=0"/></net>

<net id="727"><net_src comp="345" pin="3"/><net_sink comp="724" pin=0"/></net>

<net id="731"><net_src comp="332" pin="3"/><net_sink comp="728" pin=0"/></net>

<net id="735"><net_src comp="371" pin="3"/><net_sink comp="732" pin=0"/></net>

<net id="739"><net_src comp="358" pin="3"/><net_sink comp="736" pin=0"/></net>

<net id="743"><net_src comp="397" pin="3"/><net_sink comp="740" pin=0"/></net>

<net id="747"><net_src comp="384" pin="3"/><net_sink comp="744" pin=0"/></net>

<net id="751"><net_src comp="423" pin="3"/><net_sink comp="748" pin=0"/></net>

<net id="755"><net_src comp="410" pin="3"/><net_sink comp="752" pin=0"/></net>

<net id="759"><net_src comp="449" pin="3"/><net_sink comp="756" pin=0"/></net>

<net id="763"><net_src comp="436" pin="3"/><net_sink comp="760" pin=0"/></net>

<net id="768"><net_src comp="740" pin="1"/><net_sink comp="764" pin=0"/></net>

<net id="769"><net_src comp="744" pin="1"/><net_sink comp="764" pin=1"/></net>

<net id="773"><net_src comp="764" pin="2"/><net_sink comp="770" pin=0"/></net>

<net id="777"><net_src comp="475" pin="3"/><net_sink comp="774" pin=0"/></net>

<net id="781"><net_src comp="462" pin="3"/><net_sink comp="778" pin=0"/></net>

<net id="785"><net_src comp="501" pin="3"/><net_sink comp="782" pin=0"/></net>

<net id="789"><net_src comp="488" pin="3"/><net_sink comp="786" pin=0"/></net>

<net id="794"><net_src comp="782" pin="1"/><net_sink comp="790" pin=0"/></net>

<net id="795"><net_src comp="786" pin="1"/><net_sink comp="790" pin=1"/></net>

<net id="799"><net_src comp="790" pin="2"/><net_sink comp="796" pin=0"/></net>

<net id="804"><net_src comp="774" pin="1"/><net_sink comp="800" pin=0"/></net>

<net id="805"><net_src comp="778" pin="1"/><net_sink comp="800" pin=1"/></net>

<net id="809"><net_src comp="800" pin="2"/><net_sink comp="806" pin=0"/></net>

<net id="813"><net_src comp="527" pin="3"/><net_sink comp="810" pin=0"/></net>

<net id="817"><net_src comp="514" pin="3"/><net_sink comp="814" pin=0"/></net>

<net id="821"><net_src comp="553" pin="3"/><net_sink comp="818" pin=0"/></net>

<net id="825"><net_src comp="540" pin="3"/><net_sink comp="822" pin=0"/></net>

<net id="830"><net_src comp="818" pin="1"/><net_sink comp="826" pin=0"/></net>

<net id="831"><net_src comp="822" pin="1"/><net_sink comp="826" pin=1"/></net>

<net id="835"><net_src comp="826" pin="2"/><net_sink comp="832" pin=0"/></net>

<net id="840"><net_src comp="810" pin="1"/><net_sink comp="836" pin=0"/></net>

<net id="841"><net_src comp="814" pin="1"/><net_sink comp="836" pin=1"/></net>

<net id="845"><net_src comp="836" pin="2"/><net_sink comp="842" pin=0"/></net>

<net id="862"><net_src comp="855" pin="1"/><net_sink comp="858" pin=0"/></net>

<net id="867"><net_src comp="858" pin="2"/><net_sink comp="863" pin=0"/></net>

<net id="868"><net_src comp="852" pin="1"/><net_sink comp="863" pin=1"/></net>

<net id="869"><net_src comp="863" pin="2"/><net_sink comp="136" pin=2"/></net>

<net id="880"><net_src comp="873" pin="1"/><net_sink comp="876" pin=0"/></net>

<net id="881"><net_src comp="870" pin="1"/><net_sink comp="876" pin=1"/></net>

<net id="885"><net_src comp="876" pin="2"/><net_sink comp="882" pin=0"/></net>

<net id="890"><net_src comp="882" pin="1"/><net_sink comp="886" pin=0"/></net>

<net id="895"><net_src comp="886" pin="2"/><net_sink comp="891" pin=0"/></net>

<net id="896"><net_src comp="863" pin="2"/><net_sink comp="891" pin=1"/></net>

<net id="901"><net_src comp="891" pin="2"/><net_sink comp="897" pin=0"/></net>

<net id="907"><net_src comp="668" pin="1"/><net_sink comp="902" pin=0"/></net>

<net id="908"><net_src comp="672" pin="1"/><net_sink comp="902" pin=1"/></net>

<net id="909"><net_src comp="770" pin="1"/><net_sink comp="902" pin=2"/></net>

<net id="915"><net_src comp="684" pin="1"/><net_sink comp="910" pin=0"/></net>

<net id="916"><net_src comp="688" pin="1"/><net_sink comp="910" pin=1"/></net>

<net id="917"><net_src comp="796" pin="1"/><net_sink comp="910" pin=2"/></net>

<net id="923"><net_src comp="676" pin="1"/><net_sink comp="918" pin=0"/></net>

<net id="924"><net_src comp="680" pin="1"/><net_sink comp="918" pin=1"/></net>

<net id="925"><net_src comp="806" pin="1"/><net_sink comp="918" pin=2"/></net>

<net id="926"><net_src comp="918" pin="3"/><net_sink comp="846" pin=0"/></net>

<net id="932"><net_src comp="692" pin="1"/><net_sink comp="927" pin=0"/></net>

<net id="933"><net_src comp="696" pin="1"/><net_sink comp="927" pin=1"/></net>

<net id="934"><net_src comp="902" pin="3"/><net_sink comp="927" pin=2"/></net>

<net id="935"><net_src comp="927" pin="3"/><net_sink comp="849" pin=0"/></net>

<net id="941"><net_src comp="708" pin="1"/><net_sink comp="936" pin=0"/></net>

<net id="942"><net_src comp="712" pin="1"/><net_sink comp="936" pin=1"/></net>

<net id="943"><net_src comp="832" pin="1"/><net_sink comp="936" pin=2"/></net>

<net id="949"><net_src comp="700" pin="1"/><net_sink comp="944" pin=0"/></net>

<net id="950"><net_src comp="704" pin="1"/><net_sink comp="944" pin=1"/></net>

<net id="951"><net_src comp="842" pin="1"/><net_sink comp="944" pin=2"/></net>

<net id="957"><net_src comp="716" pin="1"/><net_sink comp="952" pin=0"/></net>

<net id="958"><net_src comp="720" pin="1"/><net_sink comp="952" pin=1"/></net>

<net id="959"><net_src comp="910" pin="3"/><net_sink comp="952" pin=2"/></net>

<net id="960"><net_src comp="952" pin="3"/><net_sink comp="855" pin=0"/></net>

<net id="966"><net_src comp="724" pin="1"/><net_sink comp="961" pin=0"/></net>

<net id="967"><net_src comp="728" pin="1"/><net_sink comp="961" pin=1"/></net>

<net id="968"><net_src comp="846" pin="1"/><net_sink comp="961" pin=2"/></net>

<net id="969"><net_src comp="961" pin="3"/><net_sink comp="858" pin=1"/></net>

<net id="975"><net_src comp="748" pin="1"/><net_sink comp="970" pin=0"/></net>

<net id="976"><net_src comp="752" pin="1"/><net_sink comp="970" pin=1"/></net>

<net id="977"><net_src comp="944" pin="3"/><net_sink comp="970" pin=2"/></net>

<net id="978"><net_src comp="970" pin="3"/><net_sink comp="870" pin=0"/></net>

<net id="984"><net_src comp="732" pin="1"/><net_sink comp="979" pin=0"/></net>

<net id="985"><net_src comp="736" pin="1"/><net_sink comp="979" pin=1"/></net>

<net id="986"><net_src comp="849" pin="1"/><net_sink comp="979" pin=2"/></net>

<net id="987"><net_src comp="979" pin="3"/><net_sink comp="886" pin=1"/></net>

<net id="993"><net_src comp="756" pin="1"/><net_sink comp="988" pin=0"/></net>

<net id="994"><net_src comp="760" pin="1"/><net_sink comp="988" pin=1"/></net>

<net id="995"><net_src comp="936" pin="3"/><net_sink comp="988" pin=2"/></net>

<net id="996"><net_src comp="988" pin="3"/><net_sink comp="873" pin=0"/></net>

<net id="1000"><net_src comp="122" pin="1"/><net_sink comp="997" pin=0"/></net>

<net id="1001"><net_src comp="997" pin="1"/><net_sink comp="564" pin=1"/></net>

<net id="1002"><net_src comp="997" pin="1"/><net_sink comp="852" pin=0"/></net>

<net id="1003"><net_src comp="997" pin="1"/><net_sink comp="897" pin=1"/></net>

<net id="1007"><net_src comp="126" pin="1"/><net_sink comp="1004" pin=0"/></net>

<net id="1008"><net_src comp="1004" pin="1"/><net_sink comp="559" pin=1"/></net>

<net id="1009"><net_src comp="1004" pin="1"/><net_sink comp="569" pin=0"/></net>

<net id="1010"><net_src comp="1004" pin="1"/><net_sink comp="650" pin=1"/></net>

<net id="1014"><net_src comp="572" pin="3"/><net_sink comp="1011" pin=0"/></net>

<net id="1015"><net_src comp="1011" pin="1"/><net_sink comp="655" pin=2"/></net>

<net id="1019"><net_src comp="580" pin="1"/><net_sink comp="1016" pin=0"/></net>

<net id="1020"><net_src comp="1016" pin="1"/><net_sink comp="182" pin=2"/></net>

<net id="1021"><net_src comp="1016" pin="1"/><net_sink comp="208" pin=2"/></net>

<net id="1022"><net_src comp="1016" pin="1"/><net_sink comp="234" pin=2"/></net>

<net id="1023"><net_src comp="1016" pin="1"/><net_sink comp="260" pin=2"/></net>

<net id="1024"><net_src comp="1016" pin="1"/><net_sink comp="286" pin=2"/></net>

<net id="1025"><net_src comp="1016" pin="1"/><net_sink comp="312" pin=2"/></net>

<net id="1026"><net_src comp="1016" pin="1"/><net_sink comp="338" pin=2"/></net>

<net id="1027"><net_src comp="1016" pin="1"/><net_sink comp="364" pin=2"/></net>

<net id="1028"><net_src comp="1016" pin="1"/><net_sink comp="390" pin=2"/></net>

<net id="1029"><net_src comp="1016" pin="1"/><net_sink comp="416" pin=2"/></net>

<net id="1030"><net_src comp="1016" pin="1"/><net_sink comp="442" pin=2"/></net>

<net id="1031"><net_src comp="1016" pin="1"/><net_sink comp="468" pin=2"/></net>

<net id="1032"><net_src comp="1016" pin="1"/><net_sink comp="494" pin=2"/></net>

<net id="1033"><net_src comp="1016" pin="1"/><net_sink comp="520" pin=2"/></net>

<net id="1034"><net_src comp="1016" pin="1"/><net_sink comp="546" pin=2"/></net>

<net id="1038"><net_src comp="585" pin="3"/><net_sink comp="1035" pin=0"/></net>

<net id="1039"><net_src comp="1035" pin="1"/><net_sink comp="221" pin=2"/></net>

<net id="1040"><net_src comp="1035" pin="1"/><net_sink comp="247" pin=2"/></net>

<net id="1041"><net_src comp="1035" pin="1"/><net_sink comp="273" pin=2"/></net>

<net id="1042"><net_src comp="1035" pin="1"/><net_sink comp="325" pin=2"/></net>

<net id="1043"><net_src comp="1035" pin="1"/><net_sink comp="351" pin=2"/></net>

<net id="1044"><net_src comp="1035" pin="1"/><net_sink comp="377" pin=2"/></net>

<net id="1045"><net_src comp="1035" pin="1"/><net_sink comp="403" pin=2"/></net>

<net id="1046"><net_src comp="1035" pin="1"/><net_sink comp="429" pin=2"/></net>

<net id="1047"><net_src comp="1035" pin="1"/><net_sink comp="481" pin=2"/></net>

<net id="1048"><net_src comp="1035" pin="1"/><net_sink comp="507" pin=2"/></net>

<net id="1049"><net_src comp="1035" pin="1"/><net_sink comp="533" pin=2"/></net>

<net id="1053"><net_src comp="618" pin="2"/><net_sink comp="1050" pin=0"/></net>

<net id="1057"><net_src comp="143" pin="3"/><net_sink comp="1054" pin=0"/></net>

<net id="1058"><net_src comp="1054" pin="1"/><net_sink comp="150" pin=0"/></net>

<net id="1062"><net_src comp="156" pin="3"/><net_sink comp="1059" pin=0"/></net>

<net id="1063"><net_src comp="1059" pin="1"/><net_sink comp="163" pin=0"/></net>

<net id="1067"><net_src comp="662" pin="1"/><net_sink comp="1064" pin=0"/></net>

<net id="1068"><net_src comp="1064" pin="1"/><net_sink comp="299" pin=2"/></net>

<net id="1069"><net_src comp="1064" pin="1"/><net_sink comp="455" pin=2"/></net>

<net id="1073"><net_src comp="169" pin="3"/><net_sink comp="1070" pin=0"/></net>

<net id="1074"><net_src comp="1070" pin="1"/><net_sink comp="176" pin=0"/></net>

<net id="1078"><net_src comp="182" pin="3"/><net_sink comp="1075" pin=0"/></net>

<net id="1079"><net_src comp="1075" pin="1"/><net_sink comp="189" pin=0"/></net>

<net id="1083"><net_src comp="195" pin="3"/><net_sink comp="1080" pin=0"/></net>

<net id="1084"><net_src comp="1080" pin="1"/><net_sink comp="202" pin=0"/></net>

<net id="1088"><net_src comp="208" pin="3"/><net_sink comp="1085" pin=0"/></net>

<net id="1089"><net_src comp="1085" pin="1"/><net_sink comp="215" pin=0"/></net>

<net id="1093"><net_src comp="221" pin="3"/><net_sink comp="1090" pin=0"/></net>

<net id="1094"><net_src comp="1090" pin="1"/><net_sink comp="228" pin=0"/></net>

<net id="1098"><net_src comp="234" pin="3"/><net_sink comp="1095" pin=0"/></net>

<net id="1099"><net_src comp="1095" pin="1"/><net_sink comp="241" pin=0"/></net>

<net id="1103"><net_src comp="668" pin="1"/><net_sink comp="1100" pin=0"/></net>

<net id="1104"><net_src comp="1100" pin="1"/><net_sink comp="902" pin=0"/></net>

<net id="1108"><net_src comp="672" pin="1"/><net_sink comp="1105" pin=0"/></net>

<net id="1109"><net_src comp="1105" pin="1"/><net_sink comp="902" pin=1"/></net>

<net id="1113"><net_src comp="247" pin="3"/><net_sink comp="1110" pin=0"/></net>

<net id="1114"><net_src comp="1110" pin="1"/><net_sink comp="254" pin=0"/></net>

<net id="1118"><net_src comp="260" pin="3"/><net_sink comp="1115" pin=0"/></net>

<net id="1119"><net_src comp="1115" pin="1"/><net_sink comp="267" pin=0"/></net>

<net id="1123"><net_src comp="273" pin="3"/><net_sink comp="1120" pin=0"/></net>

<net id="1124"><net_src comp="1120" pin="1"/><net_sink comp="280" pin=0"/></net>

<net id="1128"><net_src comp="286" pin="3"/><net_sink comp="1125" pin=0"/></net>

<net id="1129"><net_src comp="1125" pin="1"/><net_sink comp="293" pin=0"/></net>

<net id="1133"><net_src comp="676" pin="1"/><net_sink comp="1130" pin=0"/></net>

<net id="1134"><net_src comp="1130" pin="1"/><net_sink comp="918" pin=0"/></net>

<net id="1138"><net_src comp="680" pin="1"/><net_sink comp="1135" pin=0"/></net>

<net id="1139"><net_src comp="1135" pin="1"/><net_sink comp="918" pin=1"/></net>

<net id="1143"><net_src comp="684" pin="1"/><net_sink comp="1140" pin=0"/></net>

<net id="1144"><net_src comp="1140" pin="1"/><net_sink comp="910" pin=0"/></net>

<net id="1148"><net_src comp="688" pin="1"/><net_sink comp="1145" pin=0"/></net>

<net id="1149"><net_src comp="1145" pin="1"/><net_sink comp="910" pin=1"/></net>

<net id="1153"><net_src comp="299" pin="3"/><net_sink comp="1150" pin=0"/></net>

<net id="1154"><net_src comp="1150" pin="1"/><net_sink comp="306" pin=0"/></net>

<net id="1158"><net_src comp="312" pin="3"/><net_sink comp="1155" pin=0"/></net>

<net id="1159"><net_src comp="1155" pin="1"/><net_sink comp="319" pin=0"/></net>

<net id="1163"><net_src comp="325" pin="3"/><net_sink comp="1160" pin=0"/></net>

<net id="1164"><net_src comp="1160" pin="1"/><net_sink comp="332" pin=0"/></net>

<net id="1168"><net_src comp="338" pin="3"/><net_sink comp="1165" pin=0"/></net>

<net id="1169"><net_src comp="1165" pin="1"/><net_sink comp="345" pin=0"/></net>

<net id="1173"><net_src comp="351" pin="3"/><net_sink comp="1170" pin=0"/></net>

<net id="1174"><net_src comp="1170" pin="1"/><net_sink comp="358" pin=0"/></net>

<net id="1178"><net_src comp="364" pin="3"/><net_sink comp="1175" pin=0"/></net>

<net id="1179"><net_src comp="1175" pin="1"/><net_sink comp="371" pin=0"/></net>

<net id="1183"><net_src comp="692" pin="1"/><net_sink comp="1180" pin=0"/></net>

<net id="1184"><net_src comp="1180" pin="1"/><net_sink comp="927" pin=0"/></net>

<net id="1188"><net_src comp="696" pin="1"/><net_sink comp="1185" pin=0"/></net>

<net id="1189"><net_src comp="1185" pin="1"/><net_sink comp="927" pin=1"/></net>

<net id="1193"><net_src comp="377" pin="3"/><net_sink comp="1190" pin=0"/></net>

<net id="1194"><net_src comp="1190" pin="1"/><net_sink comp="384" pin=0"/></net>

<net id="1198"><net_src comp="390" pin="3"/><net_sink comp="1195" pin=0"/></net>

<net id="1199"><net_src comp="1195" pin="1"/><net_sink comp="397" pin=0"/></net>

<net id="1203"><net_src comp="403" pin="3"/><net_sink comp="1200" pin=0"/></net>

<net id="1204"><net_src comp="1200" pin="1"/><net_sink comp="410" pin=0"/></net>

<net id="1208"><net_src comp="416" pin="3"/><net_sink comp="1205" pin=0"/></net>

<net id="1209"><net_src comp="1205" pin="1"/><net_sink comp="423" pin=0"/></net>

<net id="1213"><net_src comp="700" pin="1"/><net_sink comp="1210" pin=0"/></net>

<net id="1214"><net_src comp="1210" pin="1"/><net_sink comp="944" pin=0"/></net>

<net id="1218"><net_src comp="704" pin="1"/><net_sink comp="1215" pin=0"/></net>

<net id="1219"><net_src comp="1215" pin="1"/><net_sink comp="944" pin=1"/></net>

<net id="1223"><net_src comp="429" pin="3"/><net_sink comp="1220" pin=0"/></net>

<net id="1224"><net_src comp="1220" pin="1"/><net_sink comp="436" pin=0"/></net>

<net id="1228"><net_src comp="442" pin="3"/><net_sink comp="1225" pin=0"/></net>

<net id="1229"><net_src comp="1225" pin="1"/><net_sink comp="449" pin=0"/></net>

<net id="1233"><net_src comp="708" pin="1"/><net_sink comp="1230" pin=0"/></net>

<net id="1234"><net_src comp="1230" pin="1"/><net_sink comp="936" pin=0"/></net>

<net id="1238"><net_src comp="712" pin="1"/><net_sink comp="1235" pin=0"/></net>

<net id="1239"><net_src comp="1235" pin="1"/><net_sink comp="936" pin=1"/></net>

<net id="1243"><net_src comp="455" pin="3"/><net_sink comp="1240" pin=0"/></net>

<net id="1244"><net_src comp="1240" pin="1"/><net_sink comp="462" pin=0"/></net>

<net id="1248"><net_src comp="468" pin="3"/><net_sink comp="1245" pin=0"/></net>

<net id="1249"><net_src comp="1245" pin="1"/><net_sink comp="475" pin=0"/></net>

<net id="1253"><net_src comp="716" pin="1"/><net_sink comp="1250" pin=0"/></net>

<net id="1254"><net_src comp="1250" pin="1"/><net_sink comp="952" pin=0"/></net>

<net id="1258"><net_src comp="720" pin="1"/><net_sink comp="1255" pin=0"/></net>

<net id="1259"><net_src comp="1255" pin="1"/><net_sink comp="952" pin=1"/></net>

<net id="1263"><net_src comp="481" pin="3"/><net_sink comp="1260" pin=0"/></net>

<net id="1264"><net_src comp="1260" pin="1"/><net_sink comp="488" pin=0"/></net>

<net id="1268"><net_src comp="494" pin="3"/><net_sink comp="1265" pin=0"/></net>

<net id="1269"><net_src comp="1265" pin="1"/><net_sink comp="501" pin=0"/></net>

<net id="1273"><net_src comp="724" pin="1"/><net_sink comp="1270" pin=0"/></net>

<net id="1274"><net_src comp="1270" pin="1"/><net_sink comp="961" pin=0"/></net>

<net id="1278"><net_src comp="728" pin="1"/><net_sink comp="1275" pin=0"/></net>

<net id="1279"><net_src comp="1275" pin="1"/><net_sink comp="961" pin=1"/></net>

<net id="1283"><net_src comp="732" pin="1"/><net_sink comp="1280" pin=0"/></net>

<net id="1284"><net_src comp="1280" pin="1"/><net_sink comp="979" pin=0"/></net>

<net id="1288"><net_src comp="736" pin="1"/><net_sink comp="1285" pin=0"/></net>

<net id="1289"><net_src comp="1285" pin="1"/><net_sink comp="979" pin=1"/></net>

<net id="1293"><net_src comp="748" pin="1"/><net_sink comp="1290" pin=0"/></net>

<net id="1294"><net_src comp="1290" pin="1"/><net_sink comp="970" pin=0"/></net>

<net id="1298"><net_src comp="752" pin="1"/><net_sink comp="1295" pin=0"/></net>

<net id="1299"><net_src comp="1295" pin="1"/><net_sink comp="970" pin=1"/></net>

<net id="1303"><net_src comp="507" pin="3"/><net_sink comp="1300" pin=0"/></net>

<net id="1304"><net_src comp="1300" pin="1"/><net_sink comp="514" pin=0"/></net>

<net id="1308"><net_src comp="520" pin="3"/><net_sink comp="1305" pin=0"/></net>

<net id="1309"><net_src comp="1305" pin="1"/><net_sink comp="527" pin=0"/></net>

<net id="1313"><net_src comp="756" pin="1"/><net_sink comp="1310" pin=0"/></net>

<net id="1314"><net_src comp="1310" pin="1"/><net_sink comp="988" pin=0"/></net>

<net id="1318"><net_src comp="760" pin="1"/><net_sink comp="1315" pin=0"/></net>

<net id="1319"><net_src comp="1315" pin="1"/><net_sink comp="988" pin=1"/></net>

<net id="1323"><net_src comp="533" pin="3"/><net_sink comp="1320" pin=0"/></net>

<net id="1324"><net_src comp="1320" pin="1"/><net_sink comp="540" pin=0"/></net>

<net id="1328"><net_src comp="546" pin="3"/><net_sink comp="1325" pin=0"/></net>

<net id="1329"><net_src comp="1325" pin="1"/><net_sink comp="553" pin=0"/></net>

<net id="1333"><net_src comp="770" pin="1"/><net_sink comp="1330" pin=0"/></net>

<net id="1334"><net_src comp="1330" pin="1"/><net_sink comp="902" pin=0"/></net>

<net id="1338"><net_src comp="796" pin="1"/><net_sink comp="1335" pin=0"/></net>

<net id="1339"><net_src comp="1335" pin="1"/><net_sink comp="910" pin=0"/></net>

<net id="1343"><net_src comp="806" pin="1"/><net_sink comp="1340" pin=0"/></net>

<net id="1344"><net_src comp="1340" pin="1"/><net_sink comp="918" pin=0"/></net>

<net id="1348"><net_src comp="832" pin="1"/><net_sink comp="1345" pin=0"/></net>

<net id="1349"><net_src comp="1345" pin="1"/><net_sink comp="936" pin=0"/></net>

<net id="1353"><net_src comp="842" pin="1"/><net_sink comp="1350" pin=0"/></net>

<net id="1354"><net_src comp="1350" pin="1"/><net_sink comp="944" pin=0"/></net>

<net id="1358"><net_src comp="902" pin="3"/><net_sink comp="1355" pin=0"/></net>

<net id="1359"><net_src comp="1355" pin="1"/><net_sink comp="927" pin=0"/></net>

<net id="1363"><net_src comp="910" pin="3"/><net_sink comp="1360" pin=0"/></net>

<net id="1364"><net_src comp="1360" pin="1"/><net_sink comp="952" pin=0"/></net>

<net id="1368"><net_src comp="846" pin="1"/><net_sink comp="1365" pin=0"/></net>

<net id="1369"><net_src comp="1365" pin="1"/><net_sink comp="961" pin=0"/></net>

<net id="1373"><net_src comp="849" pin="1"/><net_sink comp="1370" pin=0"/></net>

<net id="1374"><net_src comp="1370" pin="1"/><net_sink comp="979" pin=0"/></net>

<net id="1378"><net_src comp="944" pin="3"/><net_sink comp="1375" pin=0"/></net>

<net id="1379"><net_src comp="1375" pin="1"/><net_sink comp="970" pin=0"/></net>

<net id="1383"><net_src comp="936" pin="3"/><net_sink comp="1380" pin=0"/></net>

<net id="1384"><net_src comp="1380" pin="1"/><net_sink comp="988" pin=0"/></net>

</net_list>

</model> 
---------------- Datapath Model END ------------------

* FSMD analyzer results:
  - Output states:
	Port: acc_11_out | {7 }
 - Input state : 
	Port: compute_controller_Pipeline_VITIS_LOOP_42_22 : acc_6 | {1 }
	Port: compute_controller_Pipeline_VITIS_LOOP_42_22 : p_ZZ18compute_controllerbbjRbS_bS_S_RjPKhPhR12ComputeStateS0_RhS6_S6_S6_S_S_S_S_E_27 | {4 5 }
	Port: compute_controller_Pipeline_VITIS_LOOP_42_22 : compute_controller_bool_bool_unsigned_int_bool_bool_bool_bool_bool_u_59 | {4 5 }
	Port: compute_controller_Pipeline_VITIS_LOOP_42_22 : p_ZZ18compute_controllerbbjRbS_bS_S_RjPKhPhR12ComputeStateS0_RhS6_S6_S6_S_S_S_S_E_26 | {2 3 }
	Port: compute_controller_Pipeline_VITIS_LOOP_42_22 : compute_controller_bool_bool_unsigned_int_bool_bool_bool_bool_bool_u_58 | {2 3 }
	Port: compute_controller_Pipeline_VITIS_LOOP_42_22 : p_ZZ18compute_controllerbbjRbS_bS_S_RjPKhPhR12ComputeStateS0_RhS6_S6_S6_S_S_S_S_E_25 | {2 3 }
	Port: compute_controller_Pipeline_VITIS_LOOP_42_22 : compute_controller_bool_bool_unsigned_int_bool_bool_bool_bool_bool_u_57 | {2 3 }
	Port: compute_controller_Pipeline_VITIS_LOOP_42_22 : p_ZZ18compute_controllerbbjRbS_bS_S_RjPKhPhR12ComputeStateS0_RhS6_S6_S6_S_S_S_S_E_24 | {3 4 }
	Port: compute_controller_Pipeline_VITIS_LOOP_42_22 : compute_controller_bool_bool_unsigned_int_bool_bool_bool_bool_bool_u_56 | {3 4 }
	Port: compute_controller_Pipeline_VITIS_LOOP_42_22 : compute_controller_bool_bool_unsigned_int_bool_bool_bool_bool_bool_u_89 | {4 5 }
	Port: compute_controller_Pipeline_VITIS_LOOP_42_22 : compute_controller_bool_bool_unsigned_int_bool_bool_bool_bool_bool_u_55 | {4 5 }
	Port: compute_controller_Pipeline_VITIS_LOOP_42_22 : compute_controller_bool_bool_unsigned_int_bool_bool_bool_bool_bool_u_88 | {3 4 }
	Port: compute_controller_Pipeline_VITIS_LOOP_42_22 : compute_controller_bool_bool_unsigned_int_bool_bool_bool_bool_bool_u_54 | {3 4 }
	Port: compute_controller_Pipeline_VITIS_LOOP_42_22 : compute_controller_bool_bool_unsigned_int_bool_bool_bool_bool_bool_u_87 | {3 4 }
	Port: compute_controller_Pipeline_VITIS_LOOP_42_22 : compute_controller_bool_bool_unsigned_int_bool_bool_bool_bool_bool_u_53 | {3 4 }
	Port: compute_controller_Pipeline_VITIS_LOOP_42_22 : compute_controller_bool_bool_unsigned_int_bool_bool_bool_bool_bool_u_86 | {2 3 }
	Port: compute_controller_Pipeline_VITIS_LOOP_42_22 : compute_controller_bool_bool_unsigned_int_bool_bool_bool_bool_bool_u_52 | {2 3 }
	Port: compute_controller_Pipeline_VITIS_LOOP_42_22 : compute_controller_bool_bool_unsigned_int_bool_bool_bool_bool_bool_u_85 | {3 4 }
	Port: compute_controller_Pipeline_VITIS_LOOP_42_22 : compute_controller_bool_bool_unsigned_int_bool_bool_bool_bool_bool_u_51 | {3 4 }
	Port: compute_controller_Pipeline_VITIS_LOOP_42_22 : compute_controller_bool_bool_unsigned_int_bool_bool_bool_bool_bool_u_84 | {1 2 }
	Port: compute_controller_Pipeline_VITIS_LOOP_42_22 : compute_controller_bool_bool_unsigned_int_bool_bool_bool_bool_bool_u_50 | {1 2 }
	Port: compute_controller_Pipeline_VITIS_LOOP_42_22 : compute_controller_bool_bool_unsigned_int_bool_bool_bool_bool_bool_u_83 | {3 4 }
	Port: compute_controller_Pipeline_VITIS_LOOP_42_22 : p_ZZ18compute_controllerbbjRbS_bS_S_RjPKhPhR12ComputeStateS0_RhS6_S6_S6_S_S_S_S_E_23 | {3 4 }
	Port: compute_controller_Pipeline_VITIS_LOOP_42_22 : compute_controller_bool_bool_unsigned_int_bool_bool_bool_bool_bool_u_82 | {4 5 }
	Port: compute_controller_Pipeline_VITIS_LOOP_42_22 : p_ZZ18compute_controllerbbjRbS_bS_S_RjPKhPhR12ComputeStateS0_RhS6_S6_S6_S_S_S_S_E_22 | {4 5 }
	Port: compute_controller_Pipeline_VITIS_LOOP_42_22 : compute_controller_bool_bool_unsigned_int_bool_bool_bool_bool_bool_u_81 | {2 3 }
	Port: compute_controller_Pipeline_VITIS_LOOP_42_22 : p_ZZ18compute_controllerbbjRbS_bS_S_RjPKhPhR12ComputeStateS0_RhS6_S6_S6_S_S_S_S_E_21 | {2 3 }
	Port: compute_controller_Pipeline_VITIS_LOOP_42_22 : compute_controller_bool_bool_unsigned_int_bool_bool_bool_bool_bool_u_80 | {3 4 }
	Port: compute_controller_Pipeline_VITIS_LOOP_42_22 : p_ZZ18compute_controllerbbjRbS_bS_S_RjPKhPhR12ComputeStateS0_RhS6_S6_S6_S_S_S_S_E_20 | {3 4 }
	Port: compute_controller_Pipeline_VITIS_LOOP_42_22 : p_ZZ18compute_controllerbbjRbS_bS_S_RjPKhPhR12ComputeStateS0_RhS6_S6_S6_S_S_S_S_E_29 | {4 5 }
	Port: compute_controller_Pipeline_VITIS_LOOP_42_22 : p_ZZ18compute_controllerbbjRbS_bS_S_RjPKhPhR12ComputeStateS0_RhS6_S6_S6_S_S_S_S_E_19 | {4 5 }
	Port: compute_controller_Pipeline_VITIS_LOOP_42_22 : p_ZZ18compute_controllerbbjRbS_bS_S_RjPKhPhR12ComputeStateS0_RhS6_S6_S6_S_S_S_S_E_28 | {2 3 }
	Port: compute_controller_Pipeline_VITIS_LOOP_42_22 : p_ZZ18compute_controllerbbjRbS_bS_S_RjPKhPhR12ComputeStateS0_RhS6_S6_S6_S_S_S_S_E_18 | {2 3 }
  - Chain level:
	State 1
		store_ln42 : 1
		i_15 : 1
		tmp : 2
		zext_ln41 : 3
		select_ln44 : 3
		tmp_s : 2
		trunc_ln42 : 2
		or_ln42_2 : 3
		icmp_ln42 : 4
		br_ln42 : 5
		compute_controller_bool_bool_unsigned_int_bool_bool_bool_bool_bool_u_370 : 4
		w_39 : 5
		compute_controller_bool_bool_unsigned_int_bool_bool_bool_bool_bool_u_371 : 4
		compute_controller_bool_bool_unsigned_int_bool_bool_bool_bool_bool_u_372 : 5
		bit_sel3 : 2
		xor_ln42 : 3
		trunc_ln42_3 : 2
		xor_ln42_2 : 3
		store_ln42 : 4
	State 2
		zext_ln44 : 1
		p_ZZ18compute_controllerbbjRbS_bS_S_RjPKhPhR12ComputeStateS0_RhS6_S6_S6_S_S_S_S_E_163 : 2
		w_31 : 3
		compute_controller_bool_bool_unsigned_int_bool_bool_bool_bool_bool_u_350 : 1
		p_ZZ18compute_controllerbbjRbS_bS_S_RjPKhPhR12ComputeStateS0_RhS6_S6_S6_S_S_S_S_E_164 : 2
		w_32 : 3
		compute_controller_bool_bool_unsigned_int_bool_bool_bool_bool_bool_u_352 : 1
		w_37 : 1
		compute_controller_bool_bool_unsigned_int_bool_bool_bool_bool_bool_u_366 : 1
		sext_ln45_96 : 1
		sext_ln44_35 : 1
		w_42 : 1
		p_ZZ18compute_controllerbbjRbS_bS_S_RjPKhPhR12ComputeStateS0_RhS6_S6_S6_S_S_S_S_E_171 : 1
		w_45 : 1
		p_ZZ18compute_controllerbbjRbS_bS_S_RjPKhPhR12ComputeStateS0_RhS6_S6_S6_S_S_S_S_E_179 : 1
		mul_ln45_37 : 2
	State 3
		sext_ln45_79 : 1
		sext_ln44_28 : 1
		sext_ln45_80 : 1
		sext_ln44_29 : 1
		w_33 : 1
		compute_controller_bool_bool_unsigned_int_bool_bool_bool_bool_bool_u_354 : 1
		w_35 : 1
		compute_controller_bool_bool_unsigned_int_bool_bool_bool_bool_bool_u_360 : 1
		mul_ln45_32 : 2
		mul_ln45_33 : 2
		w_36 : 1
		compute_controller_bool_bool_unsigned_int_bool_bool_bool_bool_bool_u_363 : 1
		sext_ln45_94 : 1
		sext_ln44_33 : 1
		w_38 : 1
		compute_controller_bool_bool_unsigned_int_bool_bool_bool_bool_bool_u_369 : 1
		w_40 : 1
		p_ZZ18compute_controllerbbjRbS_bS_S_RjPKhPhR12ComputeStateS0_RhS6_S6_S6_S_S_S_S_E_167 : 1
		sext_ln45_99 : 1
		sext_ln44_38 : 1
		w_43 : 1
		p_ZZ18compute_controllerbbjRbS_bS_S_RjPKhPhR12ComputeStateS0_RhS6_S6_S6_S_S_S_S_E_173 : 1
		sext_ln45_102 : 1
		sext_ln45_103 : 1
		mul_ln45_39 : 2
		mul_ln45_41 : 2
		mul_ln45_44 : 2
	State 4
		w : 1
		compute_controller_bool_bool_unsigned_int_bool_bool_bool_bool_bool_u_348 : 1
		sext_ln45_81 : 1
		sext_ln44_30 : 1
		w_34 : 1
		compute_controller_bool_bool_unsigned_int_bool_bool_bool_bool_bool_u_357 : 1
		sext_ln45_83 : 1
		sext_ln45_84 : 1
		mul_ln45_31 : 2
		mul_ln45_35 : 2
		sext_ln45_93 : 1
		sext_ln44_32 : 1
		sext_ln45_95 : 1
		sext_ln44_34 : 1
		sext_ln45_97 : 1
		sext_ln44_36 : 1
		w_41 : 1
		p_ZZ18compute_controllerbbjRbS_bS_S_RjPKhPhR12ComputeStateS0_RhS6_S6_S6_S_S_S_S_E_169 : 1
		sext_ln45_100 : 1
		sext_ln44_39 : 1
		w_44 : 1
		p_ZZ18compute_controllerbbjRbS_bS_S_RjPKhPhR12ComputeStateS0_RhS6_S6_S6_S_S_S_S_E_176 : 1
		mul_ln45_36 : 2
		sext_ln45_105 : 1
		mul_ln45_38 : 2
		sext_ln45_106 : 3
		mul_ln45_40 : 2
		mul_ln45_43 : 2
		add_ln45_36 : 4
	State 5
		sext_ln45 : 1
		sext_ln44 : 1
		sext_ln45_82 : 1
		sext_ln44_31 : 1
		mul_ln45 : 2
		sext_ln45_85 : 3
		sext_ln45_87 : 1
		sext_ln45_88 : 1
		mul_ln45_34 : 2
		sext_ln45_89 : 3
		add_ln45 : 4
		add_ln45_32 : 4
		sext_ln45_98 : 1
		sext_ln44_37 : 1
		sext_ln45_101 : 1
		sext_ln44_40 : 1
		sext_ln45_107 : 1
		sext_ln45_109 : 1
		mul_ln45_42 : 2
		sext_ln45_110 : 3
		sext_ln45_112 : 1
		mul_ln45_45 : 2
		sext_ln45_113 : 3
		add_ln45_37 : 2
		add_ln45_39 : 4
		add_ln45_42 : 4
	State 6
		sext_ln45_86 : 1
		sext_ln45_90 : 1
		add_ln45_31 : 2
		sext_ln45_92 : 1
		add_ln45_33 : 2
		sext_ln45_104 : 1
		sext_ln45_108 : 1
		sext_ln45_111 : 1
		sext_ln45_114 : 1
		add_ln45_38 : 2
		add_ln45_40 : 2
		add_ln45_43 : 2
	State 7
		sext_ln45_91 : 1
		add_ln45_34 : 2
		acc_8 : 3
		sext_ln45_115 : 1
		sext_ln45_116 : 1
		add_ln45_44 : 2
		sext_ln45_117 : 3
		add_ln45_41 : 4
		acc_9 : 5
		store_ln41 : 6
		write_ln45 : 4


============================================================
+ Verbose Summary: Datapath Resource usage 
============================================================

* Functional unit list:
|----------|-------------------------|---------|---------|---------|
| Operation|     Functional Unit     |   DSP   |    FF   |   LUT   |
|----------|-------------------------|---------|---------|---------|
|          |    add_ln45_34_fu_858   |    0    |    0    |    22   |
|          |       acc_8_fu_863      |    0    |    0    |    32   |
|    add   |    add_ln45_44_fu_876   |    0    |    0    |    28   |
|          |    add_ln45_41_fu_886   |    0    |    0    |    22   |
|          |       acc_9_fu_891      |    0    |    0    |    32   |
|----------|-------------------------|---------|---------|---------|
|          |    mul_ln45_38_fu_764   |    0    |    0    |    5    |
|          |     mul_ln45_fu_790     |    0    |    0    |    5    |
|    mul   |    mul_ln45_34_fu_800   |    0    |    0    |    5    |
|          |    mul_ln45_42_fu_826   |    0    |    0    |    5    |
|          |    mul_ln45_45_fu_836   |    0    |    0    |    5    |
|----------|-------------------------|---------|---------|---------|
|   icmp   |     icmp_ln42_fu_618    |    0    |    0    |    12   |
|----------|-------------------------|---------|---------|---------|
|          |        grp_fu_902       |    1    |    0    |    0    |
|          |        grp_fu_910       |    1    |    0    |    0    |
|          |        grp_fu_918       |    1    |    0    |    0    |
|          |        grp_fu_927       |    1    |    0    |    0    |
|          |        grp_fu_936       |    1    |    0    |    0    |
|  muladd  |        grp_fu_944       |    1    |    0    |    0    |
|          |        grp_fu_952       |    1    |    0    |    0    |
|          |        grp_fu_961       |    1    |    0    |    0    |
|          |        grp_fu_970       |    1    |    0    |    0    |
|          |        grp_fu_979       |    1    |    0    |    0    |
|          |        grp_fu_988       |    1    |    0    |    0    |
|----------|-------------------------|---------|---------|---------|
|  select  |    select_ln44_fu_585   |    0    |    0    |    4    |
|----------|-------------------------|---------|---------|---------|
|    xor   |     xor_ln42_fu_632     |    0    |    0    |    2    |
|----------|-------------------------|---------|---------|---------|
|   read   |  acc_6_read_read_fu_130 |    0    |    0    |    0    |
|----------|-------------------------|---------|---------|---------|
|   write  | write_ln45_write_fu_136 |    0    |    0    |    0    |
|----------|-------------------------|---------|---------|---------|
| bitselect|        tmp_fu_572       |    0    |    0    |    0    |
|          |     bit_sel3_fu_624     |    0    |    0    |    0    |
|----------|-------------------------|---------|---------|---------|
|   zext   |     zext_ln41_fu_580    |    0    |    0    |    0    |
|          |     zext_ln44_fu_662    |    0    |    0    |    0    |
|----------|-------------------------|---------|---------|---------|
|partselect|       tmp_s_fu_594      |    0    |    0    |    0    |
|----------|-------------------------|---------|---------|---------|
|   trunc  |    trunc_ln42_fu_604    |    0    |    0    |    0    |
|          |   trunc_ln42_3_fu_638   |    0    |    0    |    0    |
|----------|-------------------------|---------|---------|---------|
|          |     or_ln42_2_fu_608    |    0    |    0    |    0    |
|bitconcatenate|    xor_ln42_2_fu_642    |    0    |    0    |    0    |
|          | zext_ln44_1_cast_fu_655 |    0    |    0    |    0    |
|----------|-------------------------|---------|---------|---------|
|          |   sext_ln45_96_fu_668   |    0    |    0    |    0    |
|          |   sext_ln44_35_fu_672   |    0    |    0    |    0    |
|          |   sext_ln45_79_fu_676   |    0    |    0    |    0    |
|          |   sext_ln44_28_fu_680   |    0    |    0    |    0    |
|          |   sext_ln45_80_fu_684   |    0    |    0    |    0    |
|          |   sext_ln44_29_fu_688   |    0    |    0    |    0    |
|          |   sext_ln45_94_fu_692   |    0    |    0    |    0    |
|          |   sext_ln44_33_fu_696   |    0    |    0    |    0    |
|          |   sext_ln45_99_fu_700   |    0    |    0    |    0    |
|          |   sext_ln44_38_fu_704   |    0    |    0    |    0    |
|          |   sext_ln45_102_fu_708  |    0    |    0    |    0    |
|          |   sext_ln45_103_fu_712  |    0    |    0    |    0    |
|          |   sext_ln45_81_fu_716   |    0    |    0    |    0    |
|          |   sext_ln44_30_fu_720   |    0    |    0    |    0    |
|          |   sext_ln45_83_fu_724   |    0    |    0    |    0    |
|          |   sext_ln45_84_fu_728   |    0    |    0    |    0    |
|          |   sext_ln45_93_fu_732   |    0    |    0    |    0    |
|          |   sext_ln44_32_fu_736   |    0    |    0    |    0    |
|          |   sext_ln45_95_fu_740   |    0    |    0    |    0    |
|          |   sext_ln44_34_fu_744   |    0    |    0    |    0    |
|          |   sext_ln45_97_fu_748   |    0    |    0    |    0    |
|   sext   |   sext_ln44_36_fu_752   |    0    |    0    |    0    |
|          |   sext_ln45_100_fu_756  |    0    |    0    |    0    |
|          |   sext_ln44_39_fu_760   |    0    |    0    |    0    |
|          |   sext_ln45_106_fu_770  |    0    |    0    |    0    |
|          |     sext_ln45_fu_774    |    0    |    0    |    0    |
|          |     sext_ln44_fu_778    |    0    |    0    |    0    |
|          |   sext_ln45_82_fu_782   |    0    |    0    |    0    |
|          |   sext_ln44_31_fu_786   |    0    |    0    |    0    |
|          |   sext_ln45_85_fu_796   |    0    |    0    |    0    |
|          |   sext_ln45_89_fu_806   |    0    |    0    |    0    |
|          |   sext_ln45_98_fu_810   |    0    |    0    |    0    |
|          |   sext_ln44_37_fu_814   |    0    |    0    |    0    |
|          |   sext_ln45_101_fu_818  |    0    |    0    |    0    |
|          |   sext_ln44_40_fu_822   |    0    |    0    |    0    |
|          |   sext_ln45_110_fu_832  |    0    |    0    |    0    |
|          |   sext_ln45_113_fu_842  |    0    |    0    |    0    |
|          |   sext_ln45_92_fu_846   |    0    |    0    |    0    |
|          |   sext_ln45_114_fu_849  |    0    |    0    |    0    |
|          |   sext_ln45_91_fu_855   |    0    |    0    |    0    |
|          |   sext_ln45_115_fu_870  |    0    |    0    |    0    |
|          |   sext_ln45_116_fu_873  |    0    |    0    |    0    |
|          |   sext_ln45_117_fu_882  |    0    |    0    |    0    |
|----------|-------------------------|---------|---------|---------|
|   Total  |                         |    11   |    0    |   179   |
|----------|-------------------------|---------|---------|---------|

Memories:
N/A

* Register list:
+----------------------------------------------------------------------------------------------+--------+
|                                                                                              |   FF   |
+----------------------------------------------------------------------------------------------+--------+
|                                          acc_reg_997                                         |   32   |
|                                     add_ln45_36_reg_1355                                     |   21   |
|                                     add_ln45_39_reg_1375                                     |   21   |
|                                     add_ln45_42_reg_1380                                     |   21   |
|                                       add_ln45_reg_1360                                      |   21   |
|       compute_controller_bool_bool_unsigned_int_bool_bool_bool_bool_bool_u_347_reg_1245      |    1   |
|       compute_controller_bool_bool_unsigned_int_bool_bool_bool_bool_bool_u_349_reg_1075      |    1   |
|       compute_controller_bool_bool_unsigned_int_bool_bool_bool_bool_bool_u_351_reg_1085      |    1   |
|       compute_controller_bool_bool_unsigned_int_bool_bool_bool_bool_bool_u_353_reg_1155      |    1   |
|       compute_controller_bool_bool_unsigned_int_bool_bool_bool_bool_bool_u_355_reg_1260      |    3   |
|       compute_controller_bool_bool_unsigned_int_bool_bool_bool_bool_bool_u_356_reg_1265      |    1   |
|       compute_controller_bool_bool_unsigned_int_bool_bool_bool_bool_bool_u_358_reg_1160      |    3   |
|       compute_controller_bool_bool_unsigned_int_bool_bool_bool_bool_bool_u_359_reg_1165      |    1   |
|       compute_controller_bool_bool_unsigned_int_bool_bool_bool_bool_bool_u_361_reg_1170      |    3   |
|       compute_controller_bool_bool_unsigned_int_bool_bool_bool_bool_bool_u_362_reg_1175      |    1   |
|       compute_controller_bool_bool_unsigned_int_bool_bool_bool_bool_bool_u_364_reg_1090      |    3   |
|       compute_controller_bool_bool_unsigned_int_bool_bool_bool_bool_bool_u_365_reg_1095      |    1   |
|       compute_controller_bool_bool_unsigned_int_bool_bool_bool_bool_bool_u_367_reg_1190      |    3   |
|       compute_controller_bool_bool_unsigned_int_bool_bool_bool_bool_bool_u_368_reg_1195      |    1   |
|       compute_controller_bool_bool_unsigned_int_bool_bool_bool_bool_bool_u_370_reg_1054      |    3   |
|       compute_controller_bool_bool_unsigned_int_bool_bool_bool_bool_bool_u_371_reg_1059      |    1   |
|       compute_controller_bool_bool_unsigned_int_bool_bool_bool_bool_bool_u_373_reg_1200      |    3   |
|       compute_controller_bool_bool_unsigned_int_bool_bool_bool_bool_bool_u_374_reg_1300      |    3   |
|       compute_controller_bool_bool_unsigned_int_bool_bool_bool_bool_bool_u_375_reg_1110      |    3   |
|       compute_controller_bool_bool_unsigned_int_bool_bool_bool_bool_bool_u_376_reg_1220      |    3   |
|                                          i_reg_1004                                          |    5   |
|                                      icmp_ln42_reg_1050                                      |    1   |
|p_ZZ18compute_controllerbbjRbS_bS_S_RjPKhPhR12ComputeStateS0_RhS6_S6_S6_S_S_S_S_E_162_reg_1240|    3   |
|p_ZZ18compute_controllerbbjRbS_bS_S_RjPKhPhR12ComputeStateS0_RhS6_S6_S6_S_S_S_S_E_163_reg_1070|    3   |
|p_ZZ18compute_controllerbbjRbS_bS_S_RjPKhPhR12ComputeStateS0_RhS6_S6_S6_S_S_S_S_E_164_reg_1080|    3   |
|p_ZZ18compute_controllerbbjRbS_bS_S_RjPKhPhR12ComputeStateS0_RhS6_S6_S6_S_S_S_S_E_165_reg_1150|    3   |
|p_ZZ18compute_controllerbbjRbS_bS_S_RjPKhPhR12ComputeStateS0_RhS6_S6_S6_S_S_S_S_E_166_reg_1205|    1   |
|p_ZZ18compute_controllerbbjRbS_bS_S_RjPKhPhR12ComputeStateS0_RhS6_S6_S6_S_S_S_S_E_168_reg_1305|    1   |
|p_ZZ18compute_controllerbbjRbS_bS_S_RjPKhPhR12ComputeStateS0_RhS6_S6_S6_S_S_S_S_E_170_reg_1115|    1   |
|p_ZZ18compute_controllerbbjRbS_bS_S_RjPKhPhR12ComputeStateS0_RhS6_S6_S6_S_S_S_S_E_172_reg_1225|    1   |
|p_ZZ18compute_controllerbbjRbS_bS_S_RjPKhPhR12ComputeStateS0_RhS6_S6_S6_S_S_S_S_E_174_reg_1320|    3   |
|p_ZZ18compute_controllerbbjRbS_bS_S_RjPKhPhR12ComputeStateS0_RhS6_S6_S6_S_S_S_S_E_175_reg_1325|    1   |
|p_ZZ18compute_controllerbbjRbS_bS_S_RjPKhPhR12ComputeStateS0_RhS6_S6_S6_S_S_S_S_E_177_reg_1120|    3   |
|p_ZZ18compute_controllerbbjRbS_bS_S_RjPKhPhR12ComputeStateS0_RhS6_S6_S6_S_S_S_S_E_178_reg_1125|    1   |
|                                     select_ln44_reg_1035                                     |   64   |
|                                     sext_ln44_28_reg_1135                                    |   20   |
|                                     sext_ln44_29_reg_1145                                    |   20   |
|                                     sext_ln44_30_reg_1255                                    |   20   |
|                                     sext_ln44_32_reg_1285                                    |   20   |
|                                     sext_ln44_33_reg_1185                                    |   20   |
|                                     sext_ln44_35_reg_1105                                    |   20   |
|                                     sext_ln44_36_reg_1295                                    |   20   |
|                                     sext_ln44_38_reg_1215                                    |   20   |
|                                     sext_ln44_39_reg_1315                                    |   20   |
|                                    sext_ln45_100_reg_1310                                    |   20   |
|                                    sext_ln45_102_reg_1230                                    |   20   |
|                                    sext_ln45_103_reg_1235                                    |   20   |
|                                    sext_ln45_106_reg_1330                                    |   21   |
|                                    sext_ln45_110_reg_1345                                    |   21   |
|                                    sext_ln45_113_reg_1350                                    |   21   |
|                                    sext_ln45_114_reg_1370                                    |   32   |
|                                     sext_ln45_79_reg_1130                                    |   20   |
|                                     sext_ln45_80_reg_1140                                    |   20   |
|                                     sext_ln45_81_reg_1250                                    |   20   |
|                                     sext_ln45_83_reg_1270                                    |   20   |
|                                     sext_ln45_84_reg_1275                                    |   20   |
|                                     sext_ln45_85_reg_1335                                    |   21   |
|                                     sext_ln45_89_reg_1340                                    |   21   |
|                                     sext_ln45_92_reg_1365                                    |   32   |
|                                     sext_ln45_93_reg_1280                                    |   20   |
|                                     sext_ln45_94_reg_1180                                    |   20   |
|                                     sext_ln45_96_reg_1100                                    |   20   |
|                                     sext_ln45_97_reg_1290                                    |   20   |
|                                     sext_ln45_99_reg_1210                                    |   20   |
|                                         tmp_reg_1011                                         |    1   |
|                                      zext_ln41_reg_1016                                      |   64   |
|                                      zext_ln44_reg_1064                                      |   64   |
+----------------------------------------------------------------------------------------------+--------+
|                                             Total                                            |   988  |
+----------------------------------------------------------------------------------------------+--------+

* Multiplexer (MUX) list: 
|-------------------|------|------|------|--------||---------||---------||---------|
|        Comp       |  Pin | Size |  BW  | S x BW ||  Delay  ||    FF   ||   LUT   |
|-------------------|------|------|------|--------||---------||---------||---------|
| grp_access_fu_150 |  p0  |   2  |   3  |    6   ||    0    ||    9    |
| grp_access_fu_163 |  p0  |   2  |   1  |    2   ||    0    ||    9    |
| grp_access_fu_176 |  p0  |   2  |   3  |    6   ||    0    ||    9    |
| grp_access_fu_189 |  p0  |   2  |   1  |    2   ||    0    ||    9    |
| grp_access_fu_202 |  p0  |   2  |   3  |    6   ||    0    ||    9    |
| grp_access_fu_215 |  p0  |   2  |   1  |    2   ||    0    ||    9    |
| grp_access_fu_228 |  p0  |   2  |   3  |    6   ||    0    ||    9    |
| grp_access_fu_241 |  p0  |   2  |   1  |    2   ||    0    ||    9    |
| grp_access_fu_254 |  p0  |   2  |   3  |    6   ||    0    ||    9    |
| grp_access_fu_267 |  p0  |   2  |   1  |    2   ||    0    ||    9    |
| grp_access_fu_280 |  p0  |   2  |   3  |    6   ||    0    ||    9    |
| grp_access_fu_293 |  p0  |   2  |   1  |    2   ||    0    ||    9    |
| grp_access_fu_306 |  p0  |   2  |   3  |    6   ||    0    ||    9    |
| grp_access_fu_319 |  p0  |   2  |   1  |    2   ||    0    ||    9    |
| grp_access_fu_332 |  p0  |   2  |   3  |    6   ||    0    ||    9    |
| grp_access_fu_345 |  p0  |   2  |   1  |    2   ||    0    ||    9    |
| grp_access_fu_358 |  p0  |   2  |   3  |    6   ||    0    ||    9    |
| grp_access_fu_371 |  p0  |   2  |   1  |    2   ||    0    ||    9    |
| grp_access_fu_384 |  p0  |   2  |   3  |    6   ||    0    ||    9    |
| grp_access_fu_397 |  p0  |   2  |   1  |    2   ||    0    ||    9    |
| grp_access_fu_410 |  p0  |   2  |   3  |    6   ||    0    ||    9    |
| grp_access_fu_423 |  p0  |   2  |   1  |    2   ||    0    ||    9    |
| grp_access_fu_436 |  p0  |   2  |   3  |    6   ||    0    ||    9    |
| grp_access_fu_449 |  p0  |   2  |   1  |    2   ||    0    ||    9    |
| grp_access_fu_462 |  p0  |   2  |   3  |    6   ||    0    ||    9    |
| grp_access_fu_475 |  p0  |   2  |   1  |    2   ||    0    ||    9    |
| grp_access_fu_488 |  p0  |   2  |   3  |    6   ||    0    ||    9    |
| grp_access_fu_501 |  p0  |   2  |   1  |    2   ||    0    ||    9    |
| grp_access_fu_514 |  p0  |   2  |   3  |    6   ||    0    ||    9    |
| grp_access_fu_527 |  p0  |   2  |   1  |    2   ||    0    ||    9    |
| grp_access_fu_540 |  p0  |   2  |   3  |    6   ||    0    ||    9    |
| grp_access_fu_553 |  p0  |   2  |   1  |    2   ||    0    ||    9    |
|     grp_fu_902    |  p0  |   3  |  16  |   48   ||    0    ||    14   |
|     grp_fu_902    |  p1  |   2  |   4  |    8   ||    0    ||    9    |
|     grp_fu_910    |  p0  |   3  |  16  |   48   ||    0    ||    14   |
|     grp_fu_910    |  p1  |   2  |   4  |    8   ||    0    ||    9    |
|     grp_fu_918    |  p0  |   3  |  16  |   48   ||    0    ||    14   |
|     grp_fu_918    |  p1  |   2  |   4  |    8   ||    0    ||    9    |
|     grp_fu_927    |  p0  |   3  |  16  |   48   ||    0    ||    14   |
|     grp_fu_927    |  p1  |   2  |   4  |    8   ||    0    ||    9    |
|     grp_fu_936    |  p0  |   3  |  16  |   48   ||    0    ||    14   |
|     grp_fu_936    |  p1  |   2  |   4  |    8   ||    0    ||    9    |
|     grp_fu_944    |  p0  |   3  |  16  |   48   ||    0    ||    14   |
|     grp_fu_944    |  p1  |   2  |   4  |    8   ||    0    ||    9    |
|     grp_fu_952    |  p0  |   3  |  16  |   48   ||    0    ||    14   |
|     grp_fu_952    |  p1  |   2  |   4  |    8   ||    0    ||    9    |
|     grp_fu_961    |  p0  |   3  |  16  |   48   ||    0    ||    14   |
|     grp_fu_961    |  p1  |   2  |   4  |    8   ||    0    ||    9    |
|     grp_fu_970    |  p0  |   3  |  16  |   48   ||    0    ||    14   |
|     grp_fu_970    |  p1  |   2  |   4  |    8   ||    0    ||    9    |
|     grp_fu_979    |  p0  |   3  |  16  |   48   ||    0    ||    14   |
|     grp_fu_979    |  p1  |   2  |   4  |    8   ||    0    ||    9    |
|     grp_fu_988    |  p0  |   3  |  16  |   48   ||    0    ||    14   |
|     grp_fu_988    |  p1  |   2  |   4  |    8   ||    0    ||    9    |
|-------------------|------|------|------|--------||---------||---------||---------|
|       Total       |      |      |      |   744  ||  23.597 ||    0    ||   541   |
|-------------------|------|------|------|--------||---------||---------||---------|



* Summary:
+-----------+--------+--------+--------+--------+
|           |   DSP  |  Delay |   FF   |   LUT  |
+-----------+--------+--------+--------+--------+
|  Function |   11   |    -   |    0   |   179  |
|   Memory  |    -   |    -   |    -   |    -   |
|Multiplexer|    -   |   23   |    0   |   541  |
|  Register |    -   |    -   |   988  |    -   |
+-----------+--------+--------+--------+--------+
|   Total   |   11   |   23   |   988  |   720  |
+-----------+--------+--------+--------+--------+
