

================================================================
== Vitis HLS Report for 'compute_controller_Pipeline_VITIS_LOOP_527_21'
================================================================
* Date:           Wed Jan 28 19:35:31 2026

* Version:        2025.1 (Build 6135595 on May 21 2025)
* Project:        compute_controller
* Solution:       hls (Vivado IP Flow Target)
* Product family: zynquplus
* Target device:  xck26-sfvc784-2LV-c


================================================================
== Performance Estimates
================================================================
+ Timing: 
    * Summary: 
    +--------+----------+----------+------------+
    |  Clock |  Target  | Estimated| Uncertainty|
    +--------+----------+----------+------------+
    |ap_clk  |  10.00 ns|  1.664 ns|     2.70 ns|
    +--------+----------+----------+------------+

+ Latency: 
    * Summary: 
    +---------+---------+----------+----------+-----+-----+------------------------------------------------+
    |  Latency (cycles) |  Latency (absolute) |  Interval |                    Pipeline                    |
    |   min   |   max   |    min   |    max   | min | max |                      Type                      |
    +---------+---------+----------+----------+-----+-----+------------------------------------------------+
    |       18|       18|  0.180 us|  0.180 us|   17|   17|  loop auto-rewind stp (delay=0 clock cycles(s))|
    +---------+---------+----------+----------+-----+-----+------------------------------------------------+

    + Detail: 
        * Instance: 
        N/A

        * Loop: 
        +---------------------+---------+---------+----------+-----------+-----------+------+----------+
        |                     |  Latency (cycles) | Iteration|  Initiation Interval  | Trip |          |
        |      Loop Name      |   min   |   max   |  Latency |  achieved |   target  | Count| Pipelined|
        +---------------------+---------+---------+----------+-----------+-----------+------+----------+
        |- VITIS_LOOP_527_21  |       16|       16|         2|          1|          1|    16|       yes|
        +---------------------+---------+---------+----------+-----------+-----------+------+----------+



================================================================
== Utilization Estimates
================================================================
* Summary: 
+-----------------+---------+------+--------+--------+-----+
|       Name      | BRAM_18K|  DSP |   FF   |   LUT  | URAM|
+-----------------+---------+------+--------+--------+-----+
|DSP              |        -|     -|       -|       -|    -|
|Expression       |        -|     -|       0|      27|    -|
|FIFO             |        -|     -|       -|       -|    -|
|Instance         |        -|     -|       -|       -|    -|
|Memory           |        -|     -|       -|       -|    -|
|Multiplexer      |        -|     -|       0|      36|    -|
|Register         |        -|     -|      12|       -|    -|
+-----------------+---------+------+--------+--------+-----+
|Total            |        0|     0|      12|      63|    0|
+-----------------+---------+------+--------+--------+-----+
|Available        |      288|  1248|  234240|  117120|   64|
+-----------------+---------+------+--------+--------+-----+
|Utilization (%)  |        0|     0|      ~0|      ~0|    0|
+-----------------+---------+------+--------+--------+-----+

+ Detail: 
    * Instance: 
    N/A

    * DSP: 
    N/A

    * Memory: 
    N/A

    * FIFO: 
    N/A

    * Expression: 
    +----------------------+----------+----+---+----+------------+------------+
    |     Variable Name    | Operation| DSP| FF| LUT| Bitwidth P0| Bitwidth P1|
    +----------------------+----------+----+---+----+------------+------------+
    |add_ln527_fu_173_p2   |         +|   0|  0|  12|           5|           1|
    |icmp_ln527_fu_167_p2  |      icmp|   0|  0|  13|           5|           6|
    |ap_enable_pp0         |       xor|   0|  0|   2|           1|           2|
    +----------------------+----------+----+---+----+------------+------------+
    |Total                 |          |   0|  0|  27|          11|           9|
    +----------------------+----------+----+---+----+------------+------------+

    * Multiplexer: 
    +-------------------------+----+-----------+-----+-----------+
    |           Name          | LUT| Input Size| Bits| Total Bits|
    +-------------------------+----+-----------+-----+-----------+
    |ap_done_int              |   9|          2|    1|          2|
    |ap_enable_reg_pp0_iter1  |   9|          2|    1|          2|
    |ap_sig_allocacmp_i       |   9|          2|    5|         10|
    |i_2_fu_130               |   9|          2|    5|         10|
    +-------------------------+----+-----------+-----+-----------+
    |Total                    |  36|          8|   12|         24|
    +-------------------------+----+-----------+-----+-----------+

    * Register: 
    +-------------------------+---+----+-----+-----------+
    |           Name          | FF| LUT| Bits| Const Bits|
    +-------------------------+---+----+-----+-----------+
    |ap_CS_fsm                |  1|   0|    1|          0|
    |ap_done_reg              |  1|   0|    1|          0|
    |ap_enable_reg_pp0_iter1  |  1|   0|    1|          0|
    |i_2_fu_130               |  5|   0|    5|          0|
    |trunc_ln527_reg_442      |  4|   0|    4|          0|
    +-------------------------+---+----+-----+-----------+
    |Total                    | 12|   0|   12|          0|
    +-------------------------+---+----+-----+-----------+



================================================================
== Interface
================================================================
* Summary: 
+---------------------------------------------------------------------------------------------+-----+-----+------------+--------------------------------------------------------------------------------------+--------------+
|                                          RTL Ports                                          | Dir | Bits|  Protocol  |                                     Source Object                                    |    C Type    |
+---------------------------------------------------------------------------------------------+-----+-----+------------+--------------------------------------------------------------------------------------+--------------+
|ap_clk                                                                                       |   in|    1|  ap_ctrl_hs|                                         compute_controller_Pipeline_VITIS_LOOP_527_21|  return value|
|ap_rst                                                                                       |   in|    1|  ap_ctrl_hs|                                         compute_controller_Pipeline_VITIS_LOOP_527_21|  return value|
|ap_start                                                                                     |   in|    1|  ap_ctrl_hs|                                         compute_controller_Pipeline_VITIS_LOOP_527_21|  return value|
|ap_done                                                                                      |  out|    1|  ap_ctrl_hs|                                         compute_controller_Pipeline_VITIS_LOOP_527_21|  return value|
|ap_idle                                                                                      |  out|    1|  ap_ctrl_hs|                                         compute_controller_Pipeline_VITIS_LOOP_527_21|  return value|
|ap_ready                                                                                     |  out|    1|  ap_ctrl_hs|                                         compute_controller_Pipeline_VITIS_LOOP_527_21|  return value|
|in_buf_address0                                                                              |  out|    8|   ap_memory|                                                                                in_buf|         array|
|in_buf_ce0                                                                                   |  out|    1|   ap_memory|                                                                                in_buf|         array|
|in_buf_q0                                                                                    |   in|    8|   ap_memory|                                                                                in_buf|         array|
|in_buf_address1                                                                              |  out|    8|   ap_memory|                                                                                in_buf|         array|
|in_buf_ce1                                                                                   |  out|    1|   ap_memory|                                                                                in_buf|         array|
|in_buf_q1                                                                                    |   in|    8|   ap_memory|                                                                                in_buf|         array|
|compute_controller_bool_bool_unsigned_int_bool_bool_bool_bool_bool_u_39                      |  out|    8|      ap_vld|               compute_controller_bool_bool_unsigned_int_bool_bool_bool_bool_bool_u_39|       pointer|
|compute_controller_bool_bool_unsigned_int_bool_bool_bool_bool_bool_u_39_ap_vld               |  out|    1|      ap_vld|               compute_controller_bool_bool_unsigned_int_bool_bool_bool_bool_bool_u_39|       pointer|
|compute_controller_bool_bool_unsigned_int_bool_bool_bool_bool_bool_u_74                      |  out|    8|      ap_vld|               compute_controller_bool_bool_unsigned_int_bool_bool_bool_bool_bool_u_74|       pointer|
|compute_controller_bool_bool_unsigned_int_bool_bool_bool_bool_bool_u_74_ap_vld               |  out|    1|      ap_vld|               compute_controller_bool_bool_unsigned_int_bool_bool_bool_bool_bool_u_74|       pointer|
|compute_controller_bool_bool_unsigned_int_bool_bool_bool_bool_bool_u_38                      |  out|    8|      ap_vld|               compute_controller_bool_bool_unsigned_int_bool_bool_bool_bool_bool_u_38|       pointer|
|compute_controller_bool_bool_unsigned_int_bool_bool_bool_bool_bool_u_38_ap_vld               |  out|    1|      ap_vld|               compute_controller_bool_bool_unsigned_int_bool_bool_bool_bool_bool_u_38|       pointer|
|compute_controller_bool_bool_unsigned_int_bool_bool_bool_bool_bool_u_73                      |  out|    8|      ap_vld|               compute_controller_bool_bool_unsigned_int_bool_bool_bool_bool_bool_u_73|       pointer|
|compute_controller_bool_bool_unsigned_int_bool_bool_bool_bool_bool_u_73_ap_vld               |  out|    1|      ap_vld|               compute_controller_bool_bool_unsigned_int_bool_bool_bool_bool_bool_u_73|       pointer|
|compute_controller_bool_bool_unsigned_int_bool_bool_bool_bool_bool_u_37                      |  out|    8|      ap_vld|               compute_controller_bool_bool_unsigned_int_bool_bool_bool_bool_bool_u_37|       pointer|
|compute_controller_bool_bool_unsigned_int_bool_bool_bool_bool_bool_u_37_ap_vld               |  out|    1|      ap_vld|               compute_controller_bool_bool_unsigned_int_bool_bool_bool_bool_bool_u_37|       pointer|
|compute_controller_bool_bool_unsigned_int_bool_bool_bool_bool_bool_u_72                      |  out|    8|      ap_vld|               compute_controller_bool_bool_unsigned_int_bool_bool_bool_bool_bool_u_72|       pointer|
|compute_controller_bool_bool_unsigned_int_bool_bool_bool_bool_bool_u_72_ap_vld               |  out|    1|      ap_vld|               compute_controller_bool_bool_unsigned_int_bool_bool_bool_bool_bool_u_72|       pointer|
|compute_controller_bool_bool_unsigned_int_bool_bool_bool_bool_bool_u_36                      |  out|    8|      ap_vld|               compute_controller_bool_bool_unsigned_int_bool_bool_bool_bool_bool_u_36|       pointer|
|compute_controller_bool_bool_unsigned_int_bool_bool_bool_bool_bool_u_36_ap_vld               |  out|    1|      ap_vld|               compute_controller_bool_bool_unsigned_int_bool_bool_bool_bool_bool_u_36|       pointer|
|compute_controller_bool_bool_unsigned_int_bool_bool_bool_bool_bool_u_71                      |  out|    8|      ap_vld|               compute_controller_bool_bool_unsigned_int_bool_bool_bool_bool_bool_u_71|       pointer|
|compute_controller_bool_bool_unsigned_int_bool_bool_bool_bool_bool_u_71_ap_vld               |  out|    1|      ap_vld|               compute_controller_bool_bool_unsigned_int_bool_bool_bool_bool_bool_u_71|       pointer|
|compute_controller_bool_bool_unsigned_int_bool_bool_bool_bool_bool_u_35                      |  out|    8|      ap_vld|               compute_controller_bool_bool_unsigned_int_bool_bool_bool_bool_bool_u_35|       pointer|
|compute_controller_bool_bool_unsigned_int_bool_bool_bool_bool_bool_u_35_ap_vld               |  out|    1|      ap_vld|               compute_controller_bool_bool_unsigned_int_bool_bool_bool_bool_bool_u_35|       pointer|
|compute_controller_bool_bool_unsigned_int_bool_bool_bool_bool_bool_u_70                      |  out|    8|      ap_vld|               compute_controller_bool_bool_unsigned_int_bool_bool_bool_bool_bool_u_70|       pointer|
|compute_controller_bool_bool_unsigned_int_bool_bool_bool_bool_bool_u_70_ap_vld               |  out|    1|      ap_vld|               compute_controller_bool_bool_unsigned_int_bool_bool_bool_bool_bool_u_70|       pointer|
|compute_controller_bool_bool_unsigned_int_bool_bool_bool_bool_bool_u_34                      |  out|    8|      ap_vld|               compute_controller_bool_bool_unsigned_int_bool_bool_bool_bool_bool_u_34|       pointer|
|compute_controller_bool_bool_unsigned_int_bool_bool_bool_bool_bool_u_34_ap_vld               |  out|    1|      ap_vld|               compute_controller_bool_bool_unsigned_int_bool_bool_bool_bool_bool_u_34|       pointer|
|compute_controller_bool_bool_unsigned_int_bool_bool_bool_bool_bool_u_69                      |  out|    8|      ap_vld|               compute_controller_bool_bool_unsigned_int_bool_bool_bool_bool_bool_u_69|       pointer|
|compute_controller_bool_bool_unsigned_int_bool_bool_bool_bool_bool_u_69_ap_vld               |  out|    1|      ap_vld|               compute_controller_bool_bool_unsigned_int_bool_bool_bool_bool_bool_u_69|       pointer|
|compute_controller_bool_bool_unsigned_int_bool_bool_bool_bool_bool_u_33                      |  out|    8|      ap_vld|               compute_controller_bool_bool_unsigned_int_bool_bool_bool_bool_bool_u_33|       pointer|
|compute_controller_bool_bool_unsigned_int_bool_bool_bool_bool_bool_u_33_ap_vld               |  out|    1|      ap_vld|               compute_controller_bool_bool_unsigned_int_bool_bool_bool_bool_bool_u_33|       pointer|
|compute_controller_bool_bool_unsigned_int_bool_bool_bool_bool_bool_u_68                      |  out|    8|      ap_vld|               compute_controller_bool_bool_unsigned_int_bool_bool_bool_bool_bool_u_68|       pointer|
|compute_controller_bool_bool_unsigned_int_bool_bool_bool_bool_bool_u_68_ap_vld               |  out|    1|      ap_vld|               compute_controller_bool_bool_unsigned_int_bool_bool_bool_bool_bool_u_68|       pointer|
|compute_controller_bool_bool_unsigned_int_bool_bool_bool_bool_bool_u_32                      |  out|    8|      ap_vld|               compute_controller_bool_bool_unsigned_int_bool_bool_bool_bool_bool_u_32|       pointer|
|compute_controller_bool_bool_unsigned_int_bool_bool_bool_bool_bool_u_32_ap_vld               |  out|    1|      ap_vld|               compute_controller_bool_bool_unsigned_int_bool_bool_bool_bool_bool_u_32|       pointer|
|compute_controller_bool_bool_unsigned_int_bool_bool_bool_bool_bool_u_67                      |  out|    8|      ap_vld|               compute_controller_bool_bool_unsigned_int_bool_bool_bool_bool_bool_u_67|       pointer|
|compute_controller_bool_bool_unsigned_int_bool_bool_bool_bool_bool_u_67_ap_vld               |  out|    1|      ap_vld|               compute_controller_bool_bool_unsigned_int_bool_bool_bool_bool_bool_u_67|       pointer|
|compute_controller_bool_bool_unsigned_int_bool_bool_bool_bool_bool_u_31                      |  out|    8|      ap_vld|               compute_controller_bool_bool_unsigned_int_bool_bool_bool_bool_bool_u_31|       pointer|
|compute_controller_bool_bool_unsigned_int_bool_bool_bool_bool_bool_u_31_ap_vld               |  out|    1|      ap_vld|               compute_controller_bool_bool_unsigned_int_bool_bool_bool_bool_bool_u_31|       pointer|
|compute_controller_bool_bool_unsigned_int_bool_bool_bool_bool_bool_u_66                      |  out|    8|      ap_vld|               compute_controller_bool_bool_unsigned_int_bool_bool_bool_bool_bool_u_66|       pointer|
|compute_controller_bool_bool_unsigned_int_bool_bool_bool_bool_bool_u_66_ap_vld               |  out|    1|      ap_vld|               compute_controller_bool_bool_unsigned_int_bool_bool_bool_bool_bool_u_66|       pointer|
|compute_controller_bool_bool_unsigned_int_bool_bool_bool_bool_bool_u_30                      |  out|    8|      ap_vld|               compute_controller_bool_bool_unsigned_int_bool_bool_bool_bool_bool_u_30|       pointer|
|compute_controller_bool_bool_unsigned_int_bool_bool_bool_bool_bool_u_30_ap_vld               |  out|    1|      ap_vld|               compute_controller_bool_bool_unsigned_int_bool_bool_bool_bool_bool_u_30|       pointer|
|compute_controller_bool_bool_unsigned_int_bool_bool_bool_bool_bool_u_65                      |  out|    8|      ap_vld|               compute_controller_bool_bool_unsigned_int_bool_bool_bool_bool_bool_u_65|       pointer|
|compute_controller_bool_bool_unsigned_int_bool_bool_bool_bool_bool_u_65_ap_vld               |  out|    1|      ap_vld|               compute_controller_bool_bool_unsigned_int_bool_bool_bool_bool_bool_u_65|       pointer|
|p_ZZ18compute_controllerbbjRbS_bS_S_RjPKhPhR12ComputeStateS0_RhS6_S6_S6_S_S_S_S_E_41         |  out|    8|      ap_vld|  p_ZZ18compute_controllerbbjRbS_bS_S_RjPKhPhR12ComputeStateS0_RhS6_S6_S6_S_S_S_S_E_41|       pointer|
|p_ZZ18compute_controllerbbjRbS_bS_S_RjPKhPhR12ComputeStateS0_RhS6_S6_S6_S_S_S_S_E_41_ap_vld  |  out|    1|      ap_vld|  p_ZZ18compute_controllerbbjRbS_bS_S_RjPKhPhR12ComputeStateS0_RhS6_S6_S6_S_S_S_S_E_41|       pointer|
|p_ZZ18compute_controllerbbjRbS_bS_S_RjPKhPhR12ComputeStateS0_RhS6_S6_S6_S_S_S_S_E_5          |  out|    8|      ap_vld|   p_ZZ18compute_controllerbbjRbS_bS_S_RjPKhPhR12ComputeStateS0_RhS6_S6_S6_S_S_S_S_E_5|       pointer|
|p_ZZ18compute_controllerbbjRbS_bS_S_RjPKhPhR12ComputeStateS0_RhS6_S6_S6_S_S_S_S_E_5_ap_vld   |  out|    1|      ap_vld|   p_ZZ18compute_controllerbbjRbS_bS_S_RjPKhPhR12ComputeStateS0_RhS6_S6_S6_S_S_S_S_E_5|       pointer|
|p_ZZ18compute_controllerbbjRbS_bS_S_RjPKhPhR12ComputeStateS0_RhS6_S6_S6_S_S_S_S_E_40         |  out|    8|      ap_vld|  p_ZZ18compute_controllerbbjRbS_bS_S_RjPKhPhR12ComputeStateS0_RhS6_S6_S6_S_S_S_S_E_40|       pointer|
|p_ZZ18compute_controllerbbjRbS_bS_S_RjPKhPhR12ComputeStateS0_RhS6_S6_S6_S_S_S_S_E_40_ap_vld  |  out|    1|      ap_vld|  p_ZZ18compute_controllerbbjRbS_bS_S_RjPKhPhR12ComputeStateS0_RhS6_S6_S6_S_S_S_S_E_40|       pointer|
|p_ZZ18compute_controllerbbjRbS_bS_S_RjPKhPhR12ComputeStateS0_RhS6_S6_S6_S_S_S_S_E_4          |  out|    8|      ap_vld|   p_ZZ18compute_controllerbbjRbS_bS_S_RjPKhPhR12ComputeStateS0_RhS6_S6_S6_S_S_S_S_E_4|       pointer|
|p_ZZ18compute_controllerbbjRbS_bS_S_RjPKhPhR12ComputeStateS0_RhS6_S6_S6_S_S_S_S_E_4_ap_vld   |  out|    1|      ap_vld|   p_ZZ18compute_controllerbbjRbS_bS_S_RjPKhPhR12ComputeStateS0_RhS6_S6_S6_S_S_S_S_E_4|       pointer|
|p_ZZ18compute_controllerbbjRbS_bS_S_RjPKhPhR12ComputeStateS0_RhS6_S6_S6_S_S_S_S_E_39         |  out|    8|      ap_vld|  p_ZZ18compute_controllerbbjRbS_bS_S_RjPKhPhR12ComputeStateS0_RhS6_S6_S6_S_S_S_S_E_39|       pointer|
|p_ZZ18compute_controllerbbjRbS_bS_S_RjPKhPhR12ComputeStateS0_RhS6_S6_S6_S_S_S_S_E_39_ap_vld  |  out|    1|      ap_vld|  p_ZZ18compute_controllerbbjRbS_bS_S_RjPKhPhR12ComputeStateS0_RhS6_S6_S6_S_S_S_S_E_39|       pointer|
|p_ZZ18compute_controllerbbjRbS_bS_S_RjPKhPhR12ComputeStateS0_RhS6_S6_S6_S_S_S_S_E_3          |  out|    8|      ap_vld|   p_ZZ18compute_controllerbbjRbS_bS_S_RjPKhPhR12ComputeStateS0_RhS6_S6_S6_S_S_S_S_E_3|       pointer|
|p_ZZ18compute_controllerbbjRbS_bS_S_RjPKhPhR12ComputeStateS0_RhS6_S6_S6_S_S_S_S_E_3_ap_vld   |  out|    1|      ap_vld|   p_ZZ18compute_controllerbbjRbS_bS_S_RjPKhPhR12ComputeStateS0_RhS6_S6_S6_S_S_S_S_E_3|       pointer|
|p_ZZ18compute_controllerbbjRbS_bS_S_RjPKhPhR12ComputeStateS0_RhS6_S6_S6_S_S_S_S_E_38         |  out|    8|      ap_vld|  p_ZZ18compute_controllerbbjRbS_bS_S_RjPKhPhR12ComputeStateS0_RhS6_S6_S6_S_S_S_S_E_38|       pointer|
|p_ZZ18compute_controllerbbjRbS_bS_S_RjPKhPhR12ComputeStateS0_RhS6_S6_S6_S_S_S_S_E_38_ap_vld  |  out|    1|      ap_vld|  p_ZZ18compute_controllerbbjRbS_bS_S_RjPKhPhR12ComputeStateS0_RhS6_S6_S6_S_S_S_S_E_38|       pointer|
|p_ZZ18compute_controllerbbjRbS_bS_S_RjPKhPhR12ComputeStateS0_RhS6_S6_S6_S_S_S_S_E_2          |  out|    8|      ap_vld|   p_ZZ18compute_controllerbbjRbS_bS_S_RjPKhPhR12ComputeStateS0_RhS6_S6_S6_S_S_S_S_E_2|       pointer|
|p_ZZ18compute_controllerbbjRbS_bS_S_RjPKhPhR12ComputeStateS0_RhS6_S6_S6_S_S_S_S_E_2_ap_vld   |  out|    1|      ap_vld|   p_ZZ18compute_controllerbbjRbS_bS_S_RjPKhPhR12ComputeStateS0_RhS6_S6_S6_S_S_S_S_E_2|       pointer|
|p_ZZ18compute_controllerbbjRbS_bS_S_RjPKhPhR12ComputeStateS0_RhS6_S6_S6_S_S_S_S_E_37         |  out|    8|      ap_vld|  p_ZZ18compute_controllerbbjRbS_bS_S_RjPKhPhR12ComputeStateS0_RhS6_S6_S6_S_S_S_S_E_37|       pointer|
|p_ZZ18compute_controllerbbjRbS_bS_S_RjPKhPhR12ComputeStateS0_RhS6_S6_S6_S_S_S_S_E_37_ap_vld  |  out|    1|      ap_vld|  p_ZZ18compute_controllerbbjRbS_bS_S_RjPKhPhR12ComputeStateS0_RhS6_S6_S6_S_S_S_S_E_37|       pointer|
|p_ZZ18compute_controllerbbjRbS_bS_S_RjPKhPhR12ComputeStateS0_RhS6_S6_S6_S_S_S_S_E_1          |  out|    8|      ap_vld|   p_ZZ18compute_controllerbbjRbS_bS_S_RjPKhPhR12ComputeStateS0_RhS6_S6_S6_S_S_S_S_E_1|       pointer|
|p_ZZ18compute_controllerbbjRbS_bS_S_RjPKhPhR12ComputeStateS0_RhS6_S6_S6_S_S_S_S_E_1_ap_vld   |  out|    1|      ap_vld|   p_ZZ18compute_controllerbbjRbS_bS_S_RjPKhPhR12ComputeStateS0_RhS6_S6_S6_S_S_S_S_E_1|       pointer|
|p_ZZ18compute_controllerbbjRbS_bS_S_RjPKhPhR12ComputeStateS0_RhS6_S6_S6_S_S_S_S_E_36         |  out|    8|      ap_vld|  p_ZZ18compute_controllerbbjRbS_bS_S_RjPKhPhR12ComputeStateS0_RhS6_S6_S6_S_S_S_S_E_36|       pointer|
|p_ZZ18compute_controllerbbjRbS_bS_S_RjPKhPhR12ComputeStateS0_RhS6_S6_S6_S_S_S_S_E_36_ap_vld  |  out|    1|      ap_vld|  p_ZZ18compute_controllerbbjRbS_bS_S_RjPKhPhR12ComputeStateS0_RhS6_S6_S6_S_S_S_S_E_36|       pointer|
|p_ZZ18compute_controllerbbjRbS_bS_S_RjPKhPhR12ComputeStateS0_RhS6_S6_S6_S_S_S_S_E            |  out|    8|      ap_vld|     p_ZZ18compute_controllerbbjRbS_bS_S_RjPKhPhR12ComputeStateS0_RhS6_S6_S6_S_S_S_S_E|       pointer|
|p_ZZ18compute_controllerbbjRbS_bS_S_RjPKhPhR12ComputeStateS0_RhS6_S6_S6_S_S_S_S_E_ap_vld     |  out|    1|      ap_vld|     p_ZZ18compute_controllerbbjRbS_bS_S_RjPKhPhR12ComputeStateS0_RhS6_S6_S6_S_S_S_S_E|       pointer|
+---------------------------------------------------------------------------------------------+-----+-----+------------+--------------------------------------------------------------------------------------+--------------+

============================================================
+ Verbose Summary: Synthesis Manager
============================================================
InlineROM: 1
ExposeGlobal: 0
============================================================
+ Verbose Summary: CDFG Model
============================================================
IsTopModel: 0
ResetActiveHigh: 1
IsCombinational: 2
IsDatapathOnly: 2
HasWiredReturn: 1
HasMFsm: 2
HasVarLatency: 1
IsPipeline: 0
IsRtlPipelined: 0
IsInstanceOverlapped: 0
IsDontTouch: 0
HasImplIP: 0
IsGatedGlobalClock: 0

+ Individual pipeline summary: 
  * Pipeline-0: initiation interval (II) = 1, depth = 2


============================================================
+ Verbose Summary: Schedule
============================================================
* Number of FSM states : 2
* Pipeline : 1
  Pipeline-0 : II = 1, D = 2, States = { 1 2 }
* Dataflow Pipeline: 0

* FSM state transitions: 
1 --> 2 
2 --> 

* FSM state operations: 

State 1 <SV = 0> <Delay = 1.66>
ST_1 : Operation 5 [1/1] (0.00ns)   --->   "%i_2 = alloca i32 1" [/home/luka/Scripting/ELEC_498-Capstone-LiteLM/HLS-Verilog/Transformer_logic/src-hls/compute_controller.cpp:527]   --->   Operation 5 'alloca' 'i_2' <Predicate = true> <Delay = 0.00>
ST_1 : Operation 6 [1/1] (0.00ns)   --->   "%specinterface_ln0 = specinterface void @_ssdm_op_SpecInterface, i8 %in_buf, void @empty_20, i32 0, i32 0, void @empty_8, i32 4294967295, i32 0, void @empty_8, void @empty_8, void @empty_8, i32 0, i32 0, i32 0, i32 0, void @empty_8, void @empty_8, i32 4294967295, i32 0, i32 0"   --->   Operation 6 'specinterface' 'specinterface_ln0' <Predicate = true> <Delay = 0.00>
ST_1 : Operation 7 [1/1] (0.42ns)   --->   "%store_ln527 = store i5 0, i5 %i_2" [/home/luka/Scripting/ELEC_498-Capstone-LiteLM/HLS-Verilog/Transformer_logic/src-hls/compute_controller.cpp:527]   --->   Operation 7 'store' 'store_ln527' <Predicate = true> <Delay = 0.42>
ST_1 : Operation 8 [1/1] (0.00ns)   --->   "%br_ln0 = br void %for.inc370"   --->   Operation 8 'br' 'br_ln0' <Predicate = true> <Delay = 0.00>
ST_1 : Operation 9 [1/1] (0.00ns)   --->   "%i = load i5 %i_2" [/home/luka/Scripting/ELEC_498-Capstone-LiteLM/HLS-Verilog/Transformer_logic/src-hls/compute_controller.cpp:527]   --->   Operation 9 'load' 'i' <Predicate = true> <Delay = 0.00>
ST_1 : Operation 10 [1/1] (0.78ns)   --->   "%icmp_ln527 = icmp_eq  i5 %i, i5 16" [/home/luka/Scripting/ELEC_498-Capstone-LiteLM/HLS-Verilog/Transformer_logic/src-hls/compute_controller.cpp:527]   --->   Operation 10 'icmp' 'icmp_ln527' <Predicate = true> <Delay = 0.78> <CoreInst = "Cmp">   --->   Core 9 'Cmp' <Latency = 0> <II = 1> <Delay = 0.78> <FuncUnit> <Opcode : 'seteq' 'setne' 'setle' 'setge' 'setlt' 'setgt'> <InPorts = 2> <OutPorts = 1>
ST_1 : Operation 11 [1/1] (0.78ns)   --->   "%add_ln527 = add i5 %i, i5 1" [/home/luka/Scripting/ELEC_498-Capstone-LiteLM/HLS-Verilog/Transformer_logic/src-hls/compute_controller.cpp:527]   --->   Operation 11 'add' 'add_ln527' <Predicate = true> <Delay = 0.78> <CoreInst = "Adder">   --->   Core 1 'Adder' <Latency = 0> <II = 1> <Delay = 0.78> <FuncUnit> <Opcode : 'add' 'sub'> <InPorts = 2> <OutPorts = 1>
ST_1 : Operation 12 [1/1] (0.00ns)   --->   "%br_ln527 = br i1 %icmp_ln527, void %for.inc370.split, void %for.end372.exitStub" [/home/luka/Scripting/ELEC_498-Capstone-LiteLM/HLS-Verilog/Transformer_logic/src-hls/compute_controller.cpp:527]   --->   Operation 12 'br' 'br_ln527' <Predicate = true> <Delay = 0.00>
ST_1 : Operation 13 [1/1] (0.00ns)   --->   "%trunc_ln527 = trunc i5 %i" [/home/luka/Scripting/ELEC_498-Capstone-LiteLM/HLS-Verilog/Transformer_logic/src-hls/compute_controller.cpp:527]   --->   Operation 13 'trunc' 'trunc_ln527' <Predicate = (!icmp_ln527)> <Delay = 0.00>
ST_1 : Operation 14 [1/1] (0.00ns)   --->   "%zext_ln556 = zext i4 %trunc_ln527" [/home/luka/Scripting/ELEC_498-Capstone-LiteLM/HLS-Verilog/Transformer_logic/src-hls/../../top_params.hpp:556->/home/luka/Scripting/ELEC_498-Capstone-LiteLM/HLS-Verilog/Transformer_logic/src-hls/compute_controller.cpp:529]   --->   Operation 14 'zext' 'zext_ln556' <Predicate = (!icmp_ln527)> <Delay = 0.00>
ST_1 : Operation 15 [1/1] (0.00ns)   --->   "%in_buf_addr_1 = getelementptr i8 %in_buf, i64 0, i64 %zext_ln556" [/home/luka/Scripting/ELEC_498-Capstone-LiteLM/HLS-Verilog/Transformer_logic/src-hls/../../top_params.hpp:556->/home/luka/Scripting/ELEC_498-Capstone-LiteLM/HLS-Verilog/Transformer_logic/src-hls/compute_controller.cpp:529]   --->   Operation 15 'getelementptr' 'in_buf_addr_1' <Predicate = (!icmp_ln527)> <Delay = 0.00>
ST_1 : Operation 16 [2/2] (1.23ns)   --->   "%in_buf_load_1 = load i8 %in_buf_addr_1" [/home/luka/Scripting/ELEC_498-Capstone-LiteLM/HLS-Verilog/Transformer_logic/src-hls/../../top_params.hpp:556->/home/luka/Scripting/ELEC_498-Capstone-LiteLM/HLS-Verilog/Transformer_logic/src-hls/compute_controller.cpp:529]   --->   Operation 16 'load' 'in_buf_load_1' <Predicate = (!icmp_ln527)> <Delay = 1.23> <CoreInst = "RAM">   --->   Core 82 'RAM' <Latency = 1> <II = 1> <Delay = 1.23> <Storage> <Opcode : 'load' 'store'> <Ports = 2> <Width = 8> <Depth = 129> <RAM>
ST_1 : Operation 17 [1/1] (0.00ns)   --->   "%zext_ln556_2_cast = bitconcatenate i5 @_ssdm_op_BitConcatenate.i5.i1.i4, i1 1, i4 %trunc_ln527" [/home/luka/Scripting/ELEC_498-Capstone-LiteLM/HLS-Verilog/Transformer_logic/src-hls/../../top_params.hpp:556->/home/luka/Scripting/ELEC_498-Capstone-LiteLM/HLS-Verilog/Transformer_logic/src-hls/compute_controller.cpp:530]   --->   Operation 17 'bitconcatenate' 'zext_ln556_2_cast' <Predicate = (!icmp_ln527)> <Delay = 0.00>
ST_1 : Operation 18 [1/1] (0.00ns)   --->   "%zext_ln556_1 = zext i5 %zext_ln556_2_cast" [/home/luka/Scripting/ELEC_498-Capstone-LiteLM/HLS-Verilog/Transformer_logic/src-hls/../../top_params.hpp:556->/home/luka/Scripting/ELEC_498-Capstone-LiteLM/HLS-Verilog/Transformer_logic/src-hls/compute_controller.cpp:530]   --->   Operation 18 'zext' 'zext_ln556_1' <Predicate = (!icmp_ln527)> <Delay = 0.00>
ST_1 : Operation 19 [1/1] (0.00ns)   --->   "%in_buf_addr_2 = getelementptr i8 %in_buf, i64 0, i64 %zext_ln556_1" [/home/luka/Scripting/ELEC_498-Capstone-LiteLM/HLS-Verilog/Transformer_logic/src-hls/../../top_params.hpp:556->/home/luka/Scripting/ELEC_498-Capstone-LiteLM/HLS-Verilog/Transformer_logic/src-hls/compute_controller.cpp:530]   --->   Operation 19 'getelementptr' 'in_buf_addr_2' <Predicate = (!icmp_ln527)> <Delay = 0.00>
ST_1 : Operation 20 [2/2] (1.23ns)   --->   "%in_buf_load_2 = load i8 %in_buf_addr_2" [/home/luka/Scripting/ELEC_498-Capstone-LiteLM/HLS-Verilog/Transformer_logic/src-hls/../../top_params.hpp:556->/home/luka/Scripting/ELEC_498-Capstone-LiteLM/HLS-Verilog/Transformer_logic/src-hls/compute_controller.cpp:530]   --->   Operation 20 'load' 'in_buf_load_2' <Predicate = (!icmp_ln527)> <Delay = 1.23> <CoreInst = "RAM">   --->   Core 82 'RAM' <Latency = 1> <II = 1> <Delay = 1.23> <Storage> <Opcode : 'load' 'store'> <Ports = 2> <Width = 8> <Depth = 129> <RAM>
ST_1 : Operation 21 [1/1] (0.79ns)   --->   "%switch_ln529 = switch i4 %trunc_ln527, void %arrayidx369.case.15, i4 0, void %arrayidx369.case.0, i4 1, void %arrayidx369.case.1, i4 2, void %arrayidx369.case.2, i4 3, void %arrayidx369.case.3, i4 4, void %arrayidx369.case.4, i4 5, void %arrayidx369.case.5, i4 6, void %arrayidx369.case.6, i4 7, void %arrayidx369.case.7, i4 8, void %arrayidx369.case.8, i4 9, void %arrayidx369.case.9, i4 10, void %arrayidx369.case.10, i4 11, void %arrayidx369.case.11, i4 12, void %arrayidx369.case.12, i4 13, void %arrayidx369.case.13, i4 14, void %arrayidx369.case.14" [/home/luka/Scripting/ELEC_498-Capstone-LiteLM/HLS-Verilog/Transformer_logic/src-hls/compute_controller.cpp:529]   --->   Operation 21 'switch' 'switch_ln529' <Predicate = (!icmp_ln527)> <Delay = 0.79>
ST_1 : Operation 22 [1/1] (0.42ns)   --->   "%store_ln527 = store i5 %add_ln527, i5 %i_2" [/home/luka/Scripting/ELEC_498-Capstone-LiteLM/HLS-Verilog/Transformer_logic/src-hls/compute_controller.cpp:527]   --->   Operation 22 'store' 'store_ln527' <Predicate = (!icmp_ln527)> <Delay = 0.42>
ST_1 : Operation 23 [1/1] (0.00ns)   --->   "%br_ln527 = br void %for.inc370" [/home/luka/Scripting/ELEC_498-Capstone-LiteLM/HLS-Verilog/Transformer_logic/src-hls/compute_controller.cpp:527]   --->   Operation 23 'br' 'br_ln527' <Predicate = (!icmp_ln527)> <Delay = 0.00>
ST_1 : Operation 77 [1/1] (0.42ns)   --->   "%ret_ln0 = ret"   --->   Operation 77 'ret' 'ret_ln0' <Predicate = (icmp_ln527)> <Delay = 0.42>

State 2 <SV = 1> <Delay = 1.23>
ST_2 : Operation 24 [1/1] (0.00ns)   --->   "%specpipeline_ln528 = specpipeline void @_ssdm_op_SpecPipeline, i32 1, i32 0, i32 0, i32 0, void @empty_8" [/home/luka/Scripting/ELEC_498-Capstone-LiteLM/HLS-Verilog/Transformer_logic/src-hls/compute_controller.cpp:528]   --->   Operation 24 'specpipeline' 'specpipeline_ln528' <Predicate = true> <Delay = 0.00>
ST_2 : Operation 25 [1/1] (0.00ns)   --->   "%speclooptripcount_ln527 = speclooptripcount void @_ssdm_op_SpecLoopTripCount, i64 16, i64 16, i64 16" [/home/luka/Scripting/ELEC_498-Capstone-LiteLM/HLS-Verilog/Transformer_logic/src-hls/compute_controller.cpp:527]   --->   Operation 25 'speclooptripcount' 'speclooptripcount_ln527' <Predicate = true> <Delay = 0.00>
ST_2 : Operation 26 [1/1] (0.00ns)   --->   "%specloopname_ln527 = specloopname void @_ssdm_op_SpecLoopName, void @empty_21" [/home/luka/Scripting/ELEC_498-Capstone-LiteLM/HLS-Verilog/Transformer_logic/src-hls/compute_controller.cpp:527]   --->   Operation 26 'specloopname' 'specloopname_ln527' <Predicate = true> <Delay = 0.00>
ST_2 : Operation 27 [1/2] ( I:1.23ns O:1.23ns )   --->   "%in_buf_load_1 = load i8 %in_buf_addr_1" [/home/luka/Scripting/ELEC_498-Capstone-LiteLM/HLS-Verilog/Transformer_logic/src-hls/../../top_params.hpp:556->/home/luka/Scripting/ELEC_498-Capstone-LiteLM/HLS-Verilog/Transformer_logic/src-hls/compute_controller.cpp:529]   --->   Operation 27 'load' 'in_buf_load_1' <Predicate = true> <Delay = 1.23> <CoreInst = "RAM">   --->   Core 82 'RAM' <Latency = 1> <II = 1> <Delay = 1.23> <Storage> <Opcode : 'load' 'store'> <Ports = 2> <Width = 8> <Depth = 129> <RAM>
ST_2 : Operation 28 [1/2] ( I:1.23ns O:1.23ns )   --->   "%in_buf_load_2 = load i8 %in_buf_addr_2" [/home/luka/Scripting/ELEC_498-Capstone-LiteLM/HLS-Verilog/Transformer_logic/src-hls/../../top_params.hpp:556->/home/luka/Scripting/ELEC_498-Capstone-LiteLM/HLS-Verilog/Transformer_logic/src-hls/compute_controller.cpp:530]   --->   Operation 28 'load' 'in_buf_load_2' <Predicate = true> <Delay = 1.23> <CoreInst = "RAM">   --->   Core 82 'RAM' <Latency = 1> <II = 1> <Delay = 1.23> <Storage> <Opcode : 'load' 'store'> <Ports = 2> <Width = 8> <Depth = 129> <RAM>
ST_2 : Operation 29 [1/1] (0.00ns)   --->   "%store_ln529 = store i8 %in_buf_load_1, i8 %p_ZZ18compute_controllerbbjRbS_bS_S_RjPKhPhR12ComputeStateS0_RhS6_S6_S6_S_S_S_S_E_37" [/home/luka/Scripting/ELEC_498-Capstone-LiteLM/HLS-Verilog/Transformer_logic/src-hls/compute_controller.cpp:529]   --->   Operation 29 'store' 'store_ln529' <Predicate = (trunc_ln527 == 14)> <Delay = 0.00>
ST_2 : Operation 30 [1/1] (0.00ns)   --->   "%store_ln530 = store i8 %in_buf_load_2, i8 %p_ZZ18compute_controllerbbjRbS_bS_S_RjPKhPhR12ComputeStateS0_RhS6_S6_S6_S_S_S_S_E_1" [/home/luka/Scripting/ELEC_498-Capstone-LiteLM/HLS-Verilog/Transformer_logic/src-hls/compute_controller.cpp:530]   --->   Operation 30 'store' 'store_ln530' <Predicate = (trunc_ln527 == 14)> <Delay = 0.00>
ST_2 : Operation 31 [1/1] (0.00ns)   --->   "%br_ln530 = br void %arrayidx369.exit" [/home/luka/Scripting/ELEC_498-Capstone-LiteLM/HLS-Verilog/Transformer_logic/src-hls/compute_controller.cpp:530]   --->   Operation 31 'br' 'br_ln530' <Predicate = (trunc_ln527 == 14)> <Delay = 0.00>
ST_2 : Operation 32 [1/1] (0.00ns)   --->   "%store_ln529 = store i8 %in_buf_load_1, i8 %p_ZZ18compute_controllerbbjRbS_bS_S_RjPKhPhR12ComputeStateS0_RhS6_S6_S6_S_S_S_S_E_38" [/home/luka/Scripting/ELEC_498-Capstone-LiteLM/HLS-Verilog/Transformer_logic/src-hls/compute_controller.cpp:529]   --->   Operation 32 'store' 'store_ln529' <Predicate = (trunc_ln527 == 13)> <Delay = 0.00>
ST_2 : Operation 33 [1/1] (0.00ns)   --->   "%store_ln530 = store i8 %in_buf_load_2, i8 %p_ZZ18compute_controllerbbjRbS_bS_S_RjPKhPhR12ComputeStateS0_RhS6_S6_S6_S_S_S_S_E_2" [/home/luka/Scripting/ELEC_498-Capstone-LiteLM/HLS-Verilog/Transformer_logic/src-hls/compute_controller.cpp:530]   --->   Operation 33 'store' 'store_ln530' <Predicate = (trunc_ln527 == 13)> <Delay = 0.00>
ST_2 : Operation 34 [1/1] (0.00ns)   --->   "%br_ln530 = br void %arrayidx369.exit" [/home/luka/Scripting/ELEC_498-Capstone-LiteLM/HLS-Verilog/Transformer_logic/src-hls/compute_controller.cpp:530]   --->   Operation 34 'br' 'br_ln530' <Predicate = (trunc_ln527 == 13)> <Delay = 0.00>
ST_2 : Operation 35 [1/1] (0.00ns)   --->   "%store_ln529 = store i8 %in_buf_load_1, i8 %p_ZZ18compute_controllerbbjRbS_bS_S_RjPKhPhR12ComputeStateS0_RhS6_S6_S6_S_S_S_S_E_39" [/home/luka/Scripting/ELEC_498-Capstone-LiteLM/HLS-Verilog/Transformer_logic/src-hls/compute_controller.cpp:529]   --->   Operation 35 'store' 'store_ln529' <Predicate = (trunc_ln527 == 12)> <Delay = 0.00>
ST_2 : Operation 36 [1/1] (0.00ns)   --->   "%store_ln530 = store i8 %in_buf_load_2, i8 %p_ZZ18compute_controllerbbjRbS_bS_S_RjPKhPhR12ComputeStateS0_RhS6_S6_S6_S_S_S_S_E_3" [/home/luka/Scripting/ELEC_498-Capstone-LiteLM/HLS-Verilog/Transformer_logic/src-hls/compute_controller.cpp:530]   --->   Operation 36 'store' 'store_ln530' <Predicate = (trunc_ln527 == 12)> <Delay = 0.00>
ST_2 : Operation 37 [1/1] (0.00ns)   --->   "%br_ln530 = br void %arrayidx369.exit" [/home/luka/Scripting/ELEC_498-Capstone-LiteLM/HLS-Verilog/Transformer_logic/src-hls/compute_controller.cpp:530]   --->   Operation 37 'br' 'br_ln530' <Predicate = (trunc_ln527 == 12)> <Delay = 0.00>
ST_2 : Operation 38 [1/1] (0.00ns)   --->   "%store_ln529 = store i8 %in_buf_load_1, i8 %p_ZZ18compute_controllerbbjRbS_bS_S_RjPKhPhR12ComputeStateS0_RhS6_S6_S6_S_S_S_S_E_40" [/home/luka/Scripting/ELEC_498-Capstone-LiteLM/HLS-Verilog/Transformer_logic/src-hls/compute_controller.cpp:529]   --->   Operation 38 'store' 'store_ln529' <Predicate = (trunc_ln527 == 11)> <Delay = 0.00>
ST_2 : Operation 39 [1/1] (0.00ns)   --->   "%store_ln530 = store i8 %in_buf_load_2, i8 %p_ZZ18compute_controllerbbjRbS_bS_S_RjPKhPhR12ComputeStateS0_RhS6_S6_S6_S_S_S_S_E_4" [/home/luka/Scripting/ELEC_498-Capstone-LiteLM/HLS-Verilog/Transformer_logic/src-hls/compute_controller.cpp:530]   --->   Operation 39 'store' 'store_ln530' <Predicate = (trunc_ln527 == 11)> <Delay = 0.00>
ST_2 : Operation 40 [1/1] (0.00ns)   --->   "%br_ln530 = br void %arrayidx369.exit" [/home/luka/Scripting/ELEC_498-Capstone-LiteLM/HLS-Verilog/Transformer_logic/src-hls/compute_controller.cpp:530]   --->   Operation 40 'br' 'br_ln530' <Predicate = (trunc_ln527 == 11)> <Delay = 0.00>
ST_2 : Operation 41 [1/1] (0.00ns)   --->   "%store_ln529 = store i8 %in_buf_load_1, i8 %p_ZZ18compute_controllerbbjRbS_bS_S_RjPKhPhR12ComputeStateS0_RhS6_S6_S6_S_S_S_S_E_41" [/home/luka/Scripting/ELEC_498-Capstone-LiteLM/HLS-Verilog/Transformer_logic/src-hls/compute_controller.cpp:529]   --->   Operation 41 'store' 'store_ln529' <Predicate = (trunc_ln527 == 10)> <Delay = 0.00>
ST_2 : Operation 42 [1/1] (0.00ns)   --->   "%store_ln530 = store i8 %in_buf_load_2, i8 %p_ZZ18compute_controllerbbjRbS_bS_S_RjPKhPhR12ComputeStateS0_RhS6_S6_S6_S_S_S_S_E_5" [/home/luka/Scripting/ELEC_498-Capstone-LiteLM/HLS-Verilog/Transformer_logic/src-hls/compute_controller.cpp:530]   --->   Operation 42 'store' 'store_ln530' <Predicate = (trunc_ln527 == 10)> <Delay = 0.00>
ST_2 : Operation 43 [1/1] (0.00ns)   --->   "%br_ln530 = br void %arrayidx369.exit" [/home/luka/Scripting/ELEC_498-Capstone-LiteLM/HLS-Verilog/Transformer_logic/src-hls/compute_controller.cpp:530]   --->   Operation 43 'br' 'br_ln530' <Predicate = (trunc_ln527 == 10)> <Delay = 0.00>
ST_2 : Operation 44 [1/1] (0.00ns)   --->   "%store_ln529 = store i8 %in_buf_load_1, i8 %compute_controller_bool_bool_unsigned_int_bool_bool_bool_bool_bool_u_30" [/home/luka/Scripting/ELEC_498-Capstone-LiteLM/HLS-Verilog/Transformer_logic/src-hls/compute_controller.cpp:529]   --->   Operation 44 'store' 'store_ln529' <Predicate = (trunc_ln527 == 9)> <Delay = 0.00>
ST_2 : Operation 45 [1/1] (0.00ns)   --->   "%store_ln530 = store i8 %in_buf_load_2, i8 %compute_controller_bool_bool_unsigned_int_bool_bool_bool_bool_bool_u_65" [/home/luka/Scripting/ELEC_498-Capstone-LiteLM/HLS-Verilog/Transformer_logic/src-hls/compute_controller.cpp:530]   --->   Operation 45 'store' 'store_ln530' <Predicate = (trunc_ln527 == 9)> <Delay = 0.00>
ST_2 : Operation 46 [1/1] (0.00ns)   --->   "%br_ln530 = br void %arrayidx369.exit" [/home/luka/Scripting/ELEC_498-Capstone-LiteLM/HLS-Verilog/Transformer_logic/src-hls/compute_controller.cpp:530]   --->   Operation 46 'br' 'br_ln530' <Predicate = (trunc_ln527 == 9)> <Delay = 0.00>
ST_2 : Operation 47 [1/1] (0.00ns)   --->   "%store_ln529 = store i8 %in_buf_load_1, i8 %compute_controller_bool_bool_unsigned_int_bool_bool_bool_bool_bool_u_31" [/home/luka/Scripting/ELEC_498-Capstone-LiteLM/HLS-Verilog/Transformer_logic/src-hls/compute_controller.cpp:529]   --->   Operation 47 'store' 'store_ln529' <Predicate = (trunc_ln527 == 8)> <Delay = 0.00>
ST_2 : Operation 48 [1/1] (0.00ns)   --->   "%store_ln530 = store i8 %in_buf_load_2, i8 %compute_controller_bool_bool_unsigned_int_bool_bool_bool_bool_bool_u_66" [/home/luka/Scripting/ELEC_498-Capstone-LiteLM/HLS-Verilog/Transformer_logic/src-hls/compute_controller.cpp:530]   --->   Operation 48 'store' 'store_ln530' <Predicate = (trunc_ln527 == 8)> <Delay = 0.00>
ST_2 : Operation 49 [1/1] (0.00ns)   --->   "%br_ln530 = br void %arrayidx369.exit" [/home/luka/Scripting/ELEC_498-Capstone-LiteLM/HLS-Verilog/Transformer_logic/src-hls/compute_controller.cpp:530]   --->   Operation 49 'br' 'br_ln530' <Predicate = (trunc_ln527 == 8)> <Delay = 0.00>
ST_2 : Operation 50 [1/1] (0.00ns)   --->   "%store_ln529 = store i8 %in_buf_load_1, i8 %compute_controller_bool_bool_unsigned_int_bool_bool_bool_bool_bool_u_32" [/home/luka/Scripting/ELEC_498-Capstone-LiteLM/HLS-Verilog/Transformer_logic/src-hls/compute_controller.cpp:529]   --->   Operation 50 'store' 'store_ln529' <Predicate = (trunc_ln527 == 7)> <Delay = 0.00>
ST_2 : Operation 51 [1/1] (0.00ns)   --->   "%store_ln530 = store i8 %in_buf_load_2, i8 %compute_controller_bool_bool_unsigned_int_bool_bool_bool_bool_bool_u_67" [/home/luka/Scripting/ELEC_498-Capstone-LiteLM/HLS-Verilog/Transformer_logic/src-hls/compute_controller.cpp:530]   --->   Operation 51 'store' 'store_ln530' <Predicate = (trunc_ln527 == 7)> <Delay = 0.00>
ST_2 : Operation 52 [1/1] (0.00ns)   --->   "%br_ln530 = br void %arrayidx369.exit" [/home/luka/Scripting/ELEC_498-Capstone-LiteLM/HLS-Verilog/Transformer_logic/src-hls/compute_controller.cpp:530]   --->   Operation 52 'br' 'br_ln530' <Predicate = (trunc_ln527 == 7)> <Delay = 0.00>
ST_2 : Operation 53 [1/1] (0.00ns)   --->   "%store_ln529 = store i8 %in_buf_load_1, i8 %compute_controller_bool_bool_unsigned_int_bool_bool_bool_bool_bool_u_33" [/home/luka/Scripting/ELEC_498-Capstone-LiteLM/HLS-Verilog/Transformer_logic/src-hls/compute_controller.cpp:529]   --->   Operation 53 'store' 'store_ln529' <Predicate = (trunc_ln527 == 6)> <Delay = 0.00>
ST_2 : Operation 54 [1/1] (0.00ns)   --->   "%store_ln530 = store i8 %in_buf_load_2, i8 %compute_controller_bool_bool_unsigned_int_bool_bool_bool_bool_bool_u_68" [/home/luka/Scripting/ELEC_498-Capstone-LiteLM/HLS-Verilog/Transformer_logic/src-hls/compute_controller.cpp:530]   --->   Operation 54 'store' 'store_ln530' <Predicate = (trunc_ln527 == 6)> <Delay = 0.00>
ST_2 : Operation 55 [1/1] (0.00ns)   --->   "%br_ln530 = br void %arrayidx369.exit" [/home/luka/Scripting/ELEC_498-Capstone-LiteLM/HLS-Verilog/Transformer_logic/src-hls/compute_controller.cpp:530]   --->   Operation 55 'br' 'br_ln530' <Predicate = (trunc_ln527 == 6)> <Delay = 0.00>
ST_2 : Operation 56 [1/1] (0.00ns)   --->   "%store_ln529 = store i8 %in_buf_load_1, i8 %compute_controller_bool_bool_unsigned_int_bool_bool_bool_bool_bool_u_34" [/home/luka/Scripting/ELEC_498-Capstone-LiteLM/HLS-Verilog/Transformer_logic/src-hls/compute_controller.cpp:529]   --->   Operation 56 'store' 'store_ln529' <Predicate = (trunc_ln527 == 5)> <Delay = 0.00>
ST_2 : Operation 57 [1/1] (0.00ns)   --->   "%store_ln530 = store i8 %in_buf_load_2, i8 %compute_controller_bool_bool_unsigned_int_bool_bool_bool_bool_bool_u_69" [/home/luka/Scripting/ELEC_498-Capstone-LiteLM/HLS-Verilog/Transformer_logic/src-hls/compute_controller.cpp:530]   --->   Operation 57 'store' 'store_ln530' <Predicate = (trunc_ln527 == 5)> <Delay = 0.00>
ST_2 : Operation 58 [1/1] (0.00ns)   --->   "%br_ln530 = br void %arrayidx369.exit" [/home/luka/Scripting/ELEC_498-Capstone-LiteLM/HLS-Verilog/Transformer_logic/src-hls/compute_controller.cpp:530]   --->   Operation 58 'br' 'br_ln530' <Predicate = (trunc_ln527 == 5)> <Delay = 0.00>
ST_2 : Operation 59 [1/1] (0.00ns)   --->   "%store_ln529 = store i8 %in_buf_load_1, i8 %compute_controller_bool_bool_unsigned_int_bool_bool_bool_bool_bool_u_35" [/home/luka/Scripting/ELEC_498-Capstone-LiteLM/HLS-Verilog/Transformer_logic/src-hls/compute_controller.cpp:529]   --->   Operation 59 'store' 'store_ln529' <Predicate = (trunc_ln527 == 4)> <Delay = 0.00>
ST_2 : Operation 60 [1/1] (0.00ns)   --->   "%store_ln530 = store i8 %in_buf_load_2, i8 %compute_controller_bool_bool_unsigned_int_bool_bool_bool_bool_bool_u_70" [/home/luka/Scripting/ELEC_498-Capstone-LiteLM/HLS-Verilog/Transformer_logic/src-hls/compute_controller.cpp:530]   --->   Operation 60 'store' 'store_ln530' <Predicate = (trunc_ln527 == 4)> <Delay = 0.00>
ST_2 : Operation 61 [1/1] (0.00ns)   --->   "%br_ln530 = br void %arrayidx369.exit" [/home/luka/Scripting/ELEC_498-Capstone-LiteLM/HLS-Verilog/Transformer_logic/src-hls/compute_controller.cpp:530]   --->   Operation 61 'br' 'br_ln530' <Predicate = (trunc_ln527 == 4)> <Delay = 0.00>
ST_2 : Operation 62 [1/1] (0.00ns)   --->   "%store_ln529 = store i8 %in_buf_load_1, i8 %compute_controller_bool_bool_unsigned_int_bool_bool_bool_bool_bool_u_36" [/home/luka/Scripting/ELEC_498-Capstone-LiteLM/HLS-Verilog/Transformer_logic/src-hls/compute_controller.cpp:529]   --->   Operation 62 'store' 'store_ln529' <Predicate = (trunc_ln527 == 3)> <Delay = 0.00>
ST_2 : Operation 63 [1/1] (0.00ns)   --->   "%store_ln530 = store i8 %in_buf_load_2, i8 %compute_controller_bool_bool_unsigned_int_bool_bool_bool_bool_bool_u_71" [/home/luka/Scripting/ELEC_498-Capstone-LiteLM/HLS-Verilog/Transformer_logic/src-hls/compute_controller.cpp:530]   --->   Operation 63 'store' 'store_ln530' <Predicate = (trunc_ln527 == 3)> <Delay = 0.00>
ST_2 : Operation 64 [1/1] (0.00ns)   --->   "%br_ln530 = br void %arrayidx369.exit" [/home/luka/Scripting/ELEC_498-Capstone-LiteLM/HLS-Verilog/Transformer_logic/src-hls/compute_controller.cpp:530]   --->   Operation 64 'br' 'br_ln530' <Predicate = (trunc_ln527 == 3)> <Delay = 0.00>
ST_2 : Operation 65 [1/1] (0.00ns)   --->   "%store_ln529 = store i8 %in_buf_load_1, i8 %compute_controller_bool_bool_unsigned_int_bool_bool_bool_bool_bool_u_37" [/home/luka/Scripting/ELEC_498-Capstone-LiteLM/HLS-Verilog/Transformer_logic/src-hls/compute_controller.cpp:529]   --->   Operation 65 'store' 'store_ln529' <Predicate = (trunc_ln527 == 2)> <Delay = 0.00>
ST_2 : Operation 66 [1/1] (0.00ns)   --->   "%store_ln530 = store i8 %in_buf_load_2, i8 %compute_controller_bool_bool_unsigned_int_bool_bool_bool_bool_bool_u_72" [/home/luka/Scripting/ELEC_498-Capstone-LiteLM/HLS-Verilog/Transformer_logic/src-hls/compute_controller.cpp:530]   --->   Operation 66 'store' 'store_ln530' <Predicate = (trunc_ln527 == 2)> <Delay = 0.00>
ST_2 : Operation 67 [1/1] (0.00ns)   --->   "%br_ln530 = br void %arrayidx369.exit" [/home/luka/Scripting/ELEC_498-Capstone-LiteLM/HLS-Verilog/Transformer_logic/src-hls/compute_controller.cpp:530]   --->   Operation 67 'br' 'br_ln530' <Predicate = (trunc_ln527 == 2)> <Delay = 0.00>
ST_2 : Operation 68 [1/1] (0.00ns)   --->   "%store_ln529 = store i8 %in_buf_load_1, i8 %compute_controller_bool_bool_unsigned_int_bool_bool_bool_bool_bool_u_38" [/home/luka/Scripting/ELEC_498-Capstone-LiteLM/HLS-Verilog/Transformer_logic/src-hls/compute_controller.cpp:529]   --->   Operation 68 'store' 'store_ln529' <Predicate = (trunc_ln527 == 1)> <Delay = 0.00>
ST_2 : Operation 69 [1/1] (0.00ns)   --->   "%store_ln530 = store i8 %in_buf_load_2, i8 %compute_controller_bool_bool_unsigned_int_bool_bool_bool_bool_bool_u_73" [/home/luka/Scripting/ELEC_498-Capstone-LiteLM/HLS-Verilog/Transformer_logic/src-hls/compute_controller.cpp:530]   --->   Operation 69 'store' 'store_ln530' <Predicate = (trunc_ln527 == 1)> <Delay = 0.00>
ST_2 : Operation 70 [1/1] (0.00ns)   --->   "%br_ln530 = br void %arrayidx369.exit" [/home/luka/Scripting/ELEC_498-Capstone-LiteLM/HLS-Verilog/Transformer_logic/src-hls/compute_controller.cpp:530]   --->   Operation 70 'br' 'br_ln530' <Predicate = (trunc_ln527 == 1)> <Delay = 0.00>
ST_2 : Operation 71 [1/1] (0.00ns)   --->   "%store_ln529 = store i8 %in_buf_load_1, i8 %compute_controller_bool_bool_unsigned_int_bool_bool_bool_bool_bool_u_39" [/home/luka/Scripting/ELEC_498-Capstone-LiteLM/HLS-Verilog/Transformer_logic/src-hls/compute_controller.cpp:529]   --->   Operation 71 'store' 'store_ln529' <Predicate = (trunc_ln527 == 0)> <Delay = 0.00>
ST_2 : Operation 72 [1/1] (0.00ns)   --->   "%store_ln530 = store i8 %in_buf_load_2, i8 %compute_controller_bool_bool_unsigned_int_bool_bool_bool_bool_bool_u_74" [/home/luka/Scripting/ELEC_498-Capstone-LiteLM/HLS-Verilog/Transformer_logic/src-hls/compute_controller.cpp:530]   --->   Operation 72 'store' 'store_ln530' <Predicate = (trunc_ln527 == 0)> <Delay = 0.00>
ST_2 : Operation 73 [1/1] (0.00ns)   --->   "%br_ln530 = br void %arrayidx369.exit" [/home/luka/Scripting/ELEC_498-Capstone-LiteLM/HLS-Verilog/Transformer_logic/src-hls/compute_controller.cpp:530]   --->   Operation 73 'br' 'br_ln530' <Predicate = (trunc_ln527 == 0)> <Delay = 0.00>
ST_2 : Operation 74 [1/1] (0.00ns)   --->   "%store_ln529 = store i8 %in_buf_load_1, i8 %p_ZZ18compute_controllerbbjRbS_bS_S_RjPKhPhR12ComputeStateS0_RhS6_S6_S6_S_S_S_S_E_36" [/home/luka/Scripting/ELEC_498-Capstone-LiteLM/HLS-Verilog/Transformer_logic/src-hls/compute_controller.cpp:529]   --->   Operation 74 'store' 'store_ln529' <Predicate = (trunc_ln527 == 15)> <Delay = 0.00>
ST_2 : Operation 75 [1/1] (0.00ns)   --->   "%store_ln530 = store i8 %in_buf_load_2, i8 %p_ZZ18compute_controllerbbjRbS_bS_S_RjPKhPhR12ComputeStateS0_RhS6_S6_S6_S_S_S_S_E" [/home/luka/Scripting/ELEC_498-Capstone-LiteLM/HLS-Verilog/Transformer_logic/src-hls/compute_controller.cpp:530]   --->   Operation 75 'store' 'store_ln530' <Predicate = (trunc_ln527 == 15)> <Delay = 0.00>
ST_2 : Operation 76 [1/1] (0.00ns)   --->   "%br_ln530 = br void %arrayidx369.exit" [/home/luka/Scripting/ELEC_498-Capstone-LiteLM/HLS-Verilog/Transformer_logic/src-hls/compute_controller.cpp:530]   --->   Operation 76 'br' 'br_ln530' <Predicate = (trunc_ln527 == 15)> <Delay = 0.00>


============================================================
+ Verbose Summary: Binding
============================================================
STG Binding: 
---------------- STG Properties BEGIN ----------------
- Is combinational: 0
- Is one-state seq: 0
- Is datapath-only: 0
- Is pipelined: 0
- Is top level: 0
Port [ Return ] is wired: 1; IO mode=ap_ctrl_hs:ce=0
Port [ in_buf]:  wired=1; compound=1; hidden=0; nouse=0; global=0; static=0; extern=0; dir=0; type=1; pingpong=0; private_global=0; MemPort=[11]; IO mode=ap_memory:ce=0
Port [ compute_controller_bool_bool_unsigned_int_bool_bool_bool_bool_bool_u_39]:  wired=1; compound=0; hidden=0; nouse=0; global=1; static=1; extern=0; dir=1; type=0; pingpong=0; private_global=0; IO mode=ap_vld:ce=0
Port [ compute_controller_bool_bool_unsigned_int_bool_bool_bool_bool_bool_u_74]:  wired=1; compound=0; hidden=0; nouse=0; global=1; static=1; extern=0; dir=1; type=0; pingpong=0; private_global=0; IO mode=ap_vld:ce=0
Port [ compute_controller_bool_bool_unsigned_int_bool_bool_bool_bool_bool_u_38]:  wired=1; compound=0; hidden=0; nouse=0; global=1; static=1; extern=0; dir=1; type=0; pingpong=0; private_global=0; IO mode=ap_vld:ce=0
Port [ compute_controller_bool_bool_unsigned_int_bool_bool_bool_bool_bool_u_73]:  wired=1; compound=0; hidden=0; nouse=0; global=1; static=1; extern=0; dir=1; type=0; pingpong=0; private_global=0; IO mode=ap_vld:ce=0
Port [ compute_controller_bool_bool_unsigned_int_bool_bool_bool_bool_bool_u_37]:  wired=1; compound=0; hidden=0; nouse=0; global=1; static=1; extern=0; dir=1; type=0; pingpong=0; private_global=0; IO mode=ap_vld:ce=0
Port [ compute_controller_bool_bool_unsigned_int_bool_bool_bool_bool_bool_u_72]:  wired=1; compound=0; hidden=0; nouse=0; global=1; static=1; extern=0; dir=1; type=0; pingpong=0; private_global=0; IO mode=ap_vld:ce=0
Port [ compute_controller_bool_bool_unsigned_int_bool_bool_bool_bool_bool_u_36]:  wired=1; compound=0; hidden=0; nouse=0; global=1; static=1; extern=0; dir=1; type=0; pingpong=0; private_global=0; IO mode=ap_vld:ce=0
Port [ compute_controller_bool_bool_unsigned_int_bool_bool_bool_bool_bool_u_71]:  wired=1; compound=0; hidden=0; nouse=0; global=1; static=1; extern=0; dir=1; type=0; pingpong=0; private_global=0; IO mode=ap_vld:ce=0
Port [ compute_controller_bool_bool_unsigned_int_bool_bool_bool_bool_bool_u_35]:  wired=1; compound=0; hidden=0; nouse=0; global=1; static=1; extern=0; dir=1; type=0; pingpong=0; private_global=0; IO mode=ap_vld:ce=0
Port [ compute_controller_bool_bool_unsigned_int_bool_bool_bool_bool_bool_u_70]:  wired=1; compound=0; hidden=0; nouse=0; global=1; static=1; extern=0; dir=1; type=0; pingpong=0; private_global=0; IO mode=ap_vld:ce=0
Port [ compute_controller_bool_bool_unsigned_int_bool_bool_bool_bool_bool_u_34]:  wired=1; compound=0; hidden=0; nouse=0; global=1; static=1; extern=0; dir=1; type=0; pingpong=0; private_global=0; IO mode=ap_vld:ce=0
Port [ compute_controller_bool_bool_unsigned_int_bool_bool_bool_bool_bool_u_69]:  wired=1; compound=0; hidden=0; nouse=0; global=1; static=1; extern=0; dir=1; type=0; pingpong=0; private_global=0; IO mode=ap_vld:ce=0
Port [ compute_controller_bool_bool_unsigned_int_bool_bool_bool_bool_bool_u_33]:  wired=1; compound=0; hidden=0; nouse=0; global=1; static=1; extern=0; dir=1; type=0; pingpong=0; private_global=0; IO mode=ap_vld:ce=0
Port [ compute_controller_bool_bool_unsigned_int_bool_bool_bool_bool_bool_u_68]:  wired=1; compound=0; hidden=0; nouse=0; global=1; static=1; extern=0; dir=1; type=0; pingpong=0; private_global=0; IO mode=ap_vld:ce=0
Port [ compute_controller_bool_bool_unsigned_int_bool_bool_bool_bool_bool_u_32]:  wired=1; compound=0; hidden=0; nouse=0; global=1; static=1; extern=0; dir=1; type=0; pingpong=0; private_global=0; IO mode=ap_vld:ce=0
Port [ compute_controller_bool_bool_unsigned_int_bool_bool_bool_bool_bool_u_67]:  wired=1; compound=0; hidden=0; nouse=0; global=1; static=1; extern=0; dir=1; type=0; pingpong=0; private_global=0; IO mode=ap_vld:ce=0
Port [ compute_controller_bool_bool_unsigned_int_bool_bool_bool_bool_bool_u_31]:  wired=1; compound=0; hidden=0; nouse=0; global=1; static=1; extern=0; dir=1; type=0; pingpong=0; private_global=0; IO mode=ap_vld:ce=0
Port [ compute_controller_bool_bool_unsigned_int_bool_bool_bool_bool_bool_u_66]:  wired=1; compound=0; hidden=0; nouse=0; global=1; static=1; extern=0; dir=1; type=0; pingpong=0; private_global=0; IO mode=ap_vld:ce=0
Port [ compute_controller_bool_bool_unsigned_int_bool_bool_bool_bool_bool_u_30]:  wired=1; compound=0; hidden=0; nouse=0; global=1; static=1; extern=0; dir=1; type=0; pingpong=0; private_global=0; IO mode=ap_vld:ce=0
Port [ compute_controller_bool_bool_unsigned_int_bool_bool_bool_bool_bool_u_65]:  wired=1; compound=0; hidden=0; nouse=0; global=1; static=1; extern=0; dir=1; type=0; pingpong=0; private_global=0; IO mode=ap_vld:ce=0
Port [ p_ZZ18compute_controllerbbjRbS_bS_S_RjPKhPhR12ComputeStateS0_RhS6_S6_S6_S_S_S_S_E_41]:  wired=1; compound=0; hidden=0; nouse=0; global=1; static=1; extern=0; dir=1; type=0; pingpong=0; private_global=0; IO mode=ap_vld:ce=0
Port [ p_ZZ18compute_controllerbbjRbS_bS_S_RjPKhPhR12ComputeStateS0_RhS6_S6_S6_S_S_S_S_E_5]:  wired=1; compound=0; hidden=0; nouse=0; global=1; static=1; extern=0; dir=1; type=0; pingpong=0; private_global=0; IO mode=ap_vld:ce=0
Port [ p_ZZ18compute_controllerbbjRbS_bS_S_RjPKhPhR12ComputeStateS0_RhS6_S6_S6_S_S_S_S_E_40]:  wired=1; compound=0; hidden=0; nouse=0; global=1; static=1; extern=0; dir=1; type=0; pingpong=0; private_global=0; IO mode=ap_vld:ce=0
Port [ p_ZZ18compute_controllerbbjRbS_bS_S_RjPKhPhR12ComputeStateS0_RhS6_S6_S6_S_S_S_S_E_4]:  wired=1; compound=0; hidden=0; nouse=0; global=1; static=1; extern=0; dir=1; type=0; pingpong=0; private_global=0; IO mode=ap_vld:ce=0
Port [ p_ZZ18compute_controllerbbjRbS_bS_S_RjPKhPhR12ComputeStateS0_RhS6_S6_S6_S_S_S_S_E_39]:  wired=1; compound=0; hidden=0; nouse=0; global=1; static=1; extern=0; dir=1; type=0; pingpong=0; private_global=0; IO mode=ap_vld:ce=0
Port [ p_ZZ18compute_controllerbbjRbS_bS_S_RjPKhPhR12ComputeStateS0_RhS6_S6_S6_S_S_S_S_E_3]:  wired=1; compound=0; hidden=0; nouse=0; global=1; static=1; extern=0; dir=1; type=0; pingpong=0; private_global=0; IO mode=ap_vld:ce=0
Port [ p_ZZ18compute_controllerbbjRbS_bS_S_RjPKhPhR12ComputeStateS0_RhS6_S6_S6_S_S_S_S_E_38]:  wired=1; compound=0; hidden=0; nouse=0; global=1; static=1; extern=0; dir=1; type=0; pingpong=0; private_global=0; IO mode=ap_vld:ce=0
Port [ p_ZZ18compute_controllerbbjRbS_bS_S_RjPKhPhR12ComputeStateS0_RhS6_S6_S6_S_S_S_S_E_2]:  wired=1; compound=0; hidden=0; nouse=0; global=1; static=1; extern=0; dir=1; type=0; pingpong=0; private_global=0; IO mode=ap_vld:ce=0
Port [ p_ZZ18compute_controllerbbjRbS_bS_S_RjPKhPhR12ComputeStateS0_RhS6_S6_S6_S_S_S_S_E_37]:  wired=1; compound=0; hidden=0; nouse=0; global=1; static=1; extern=0; dir=1; type=0; pingpong=0; private_global=0; IO mode=ap_vld:ce=0
Port [ p_ZZ18compute_controllerbbjRbS_bS_S_RjPKhPhR12ComputeStateS0_RhS6_S6_S6_S_S_S_S_E_1]:  wired=1; compound=0; hidden=0; nouse=0; global=1; static=1; extern=0; dir=1; type=0; pingpong=0; private_global=0; IO mode=ap_vld:ce=0
Port [ p_ZZ18compute_controllerbbjRbS_bS_S_RjPKhPhR12ComputeStateS0_RhS6_S6_S6_S_S_S_S_E_36]:  wired=1; compound=0; hidden=0; nouse=0; global=1; static=1; extern=0; dir=1; type=0; pingpong=0; private_global=0; IO mode=ap_vld:ce=0
Port [ p_ZZ18compute_controllerbbjRbS_bS_S_RjPKhPhR12ComputeStateS0_RhS6_S6_S6_S_S_S_S_E]:  wired=1; compound=0; hidden=0; nouse=0; global=1; static=1; extern=0; dir=1; type=0; pingpong=0; private_global=0; IO mode=ap_vld:ce=0
---------------- STG Properties END ------------------

---------------- Datapath Model BEGIN ----------------

<LifeTime>
<method=bitvector/>
i_2                     (alloca           ) [ 010]
specinterface_ln0       (specinterface    ) [ 000]
store_ln527             (store            ) [ 000]
br_ln0                  (br               ) [ 000]
i                       (load             ) [ 000]
icmp_ln527              (icmp             ) [ 010]
add_ln527               (add              ) [ 000]
br_ln527                (br               ) [ 000]
trunc_ln527             (trunc            ) [ 011]
zext_ln556              (zext             ) [ 000]
in_buf_addr_1           (getelementptr    ) [ 011]
zext_ln556_2_cast       (bitconcatenate   ) [ 000]
zext_ln556_1            (zext             ) [ 000]
in_buf_addr_2           (getelementptr    ) [ 011]
switch_ln529            (switch           ) [ 000]
store_ln527             (store            ) [ 000]
br_ln527                (br               ) [ 000]
specpipeline_ln528      (specpipeline     ) [ 000]
speclooptripcount_ln527 (speclooptripcount) [ 000]
specloopname_ln527      (specloopname     ) [ 000]
in_buf_load_1           (load             ) [ 000]
in_buf_load_2           (load             ) [ 000]
store_ln529             (store            ) [ 000]
store_ln530             (store            ) [ 000]
br_ln530                (br               ) [ 000]
store_ln529             (store            ) [ 000]
store_ln530             (store            ) [ 000]
br_ln530                (br               ) [ 000]
store_ln529             (store            ) [ 000]
store_ln530             (store            ) [ 000]
br_ln530                (br               ) [ 000]
store_ln529             (store            ) [ 000]
store_ln530             (store            ) [ 000]
br_ln530                (br               ) [ 000]
store_ln529             (store            ) [ 000]
store_ln530             (store            ) [ 000]
br_ln530                (br               ) [ 000]
store_ln529             (store            ) [ 000]
store_ln530             (store            ) [ 000]
br_ln530                (br               ) [ 000]
store_ln529             (store            ) [ 000]
store_ln530             (store            ) [ 000]
br_ln530                (br               ) [ 000]
store_ln529             (store            ) [ 000]
store_ln530             (store            ) [ 000]
br_ln530                (br               ) [ 000]
store_ln529             (store            ) [ 000]
store_ln530             (store            ) [ 000]
br_ln530                (br               ) [ 000]
store_ln529             (store            ) [ 000]
store_ln530             (store            ) [ 000]
br_ln530                (br               ) [ 000]
store_ln529             (store            ) [ 000]
store_ln530             (store            ) [ 000]
br_ln530                (br               ) [ 000]
store_ln529             (store            ) [ 000]
store_ln530             (store            ) [ 000]
br_ln530                (br               ) [ 000]
store_ln529             (store            ) [ 000]
store_ln530             (store            ) [ 000]
br_ln530                (br               ) [ 000]
store_ln529             (store            ) [ 000]
store_ln530             (store            ) [ 000]
br_ln530                (br               ) [ 000]
store_ln529             (store            ) [ 000]
store_ln530             (store            ) [ 000]
br_ln530                (br               ) [ 000]
store_ln529             (store            ) [ 000]
store_ln530             (store            ) [ 000]
br_ln530                (br               ) [ 000]
ret_ln0                 (ret              ) [ 000]
</LifeTime>

<model>

<comp_list>
<comp id="0" class="1000" name="in_buf">
<pin_list>
<pin id="1" dir="1" index="0" bw="1" slack="0"/>
</pin_list>
<bind>
<StgValue><ssdm name="in_buf"/><MemPortTyVec>1 1 </MemPortTyVec>
</StgValue>
</bind>
</comp>

<comp id="2" class="1000" name="compute_controller_bool_bool_unsigned_int_bool_bool_bool_bool_bool_u_39">
<pin_list>
<pin id="3" dir="1" index="0" bw="1" slack="0"/>
</pin_list>
<bind>
<StgValue><ssdm name="compute_controller_bool_bool_unsigned_int_bool_bool_bool_bool_bool_u_39"/></StgValue>
</bind>
</comp>

<comp id="4" class="1000" name="compute_controller_bool_bool_unsigned_int_bool_bool_bool_bool_bool_u_74">
<pin_list>
<pin id="5" dir="1" index="0" bw="1" slack="0"/>
</pin_list>
<bind>
<StgValue><ssdm name="compute_controller_bool_bool_unsigned_int_bool_bool_bool_bool_bool_u_74"/></StgValue>
</bind>
</comp>

<comp id="6" class="1000" name="compute_controller_bool_bool_unsigned_int_bool_bool_bool_bool_bool_u_38">
<pin_list>
<pin id="7" dir="1" index="0" bw="1" slack="0"/>
</pin_list>
<bind>
<StgValue><ssdm name="compute_controller_bool_bool_unsigned_int_bool_bool_bool_bool_bool_u_38"/></StgValue>
</bind>
</comp>

<comp id="8" class="1000" name="compute_controller_bool_bool_unsigned_int_bool_bool_bool_bool_bool_u_73">
<pin_list>
<pin id="9" dir="1" index="0" bw="1" slack="0"/>
</pin_list>
<bind>
<StgValue><ssdm name="compute_controller_bool_bool_unsigned_int_bool_bool_bool_bool_bool_u_73"/></StgValue>
</bind>
</comp>

<comp id="10" class="1000" name="compute_controller_bool_bool_unsigned_int_bool_bool_bool_bool_bool_u_37">
<pin_list>
<pin id="11" dir="1" index="0" bw="1" slack="0"/>
</pin_list>
<bind>
<StgValue><ssdm name="compute_controller_bool_bool_unsigned_int_bool_bool_bool_bool_bool_u_37"/></StgValue>
</bind>
</comp>

<comp id="12" class="1000" name="compute_controller_bool_bool_unsigned_int_bool_bool_bool_bool_bool_u_72">
<pin_list>
<pin id="13" dir="1" index="0" bw="1" slack="0"/>
</pin_list>
<bind>
<StgValue><ssdm name="compute_controller_bool_bool_unsigned_int_bool_bool_bool_bool_bool_u_72"/></StgValue>
</bind>
</comp>

<comp id="14" class="1000" name="compute_controller_bool_bool_unsigned_int_bool_bool_bool_bool_bool_u_36">
<pin_list>
<pin id="15" dir="1" index="0" bw="1" slack="0"/>
</pin_list>
<bind>
<StgValue><ssdm name="compute_controller_bool_bool_unsigned_int_bool_bool_bool_bool_bool_u_36"/></StgValue>
</bind>
</comp>

<comp id="16" class="1000" name="compute_controller_bool_bool_unsigned_int_bool_bool_bool_bool_bool_u_71">
<pin_list>
<pin id="17" dir="1" index="0" bw="1" slack="0"/>
</pin_list>
<bind>
<StgValue><ssdm name="compute_controller_bool_bool_unsigned_int_bool_bool_bool_bool_bool_u_71"/></StgValue>
</bind>
</comp>

<comp id="18" class="1000" name="compute_controller_bool_bool_unsigned_int_bool_bool_bool_bool_bool_u_35">
<pin_list>
<pin id="19" dir="1" index="0" bw="1" slack="0"/>
</pin_list>
<bind>
<StgValue><ssdm name="compute_controller_bool_bool_unsigned_int_bool_bool_bool_bool_bool_u_35"/></StgValue>
</bind>
</comp>

<comp id="20" class="1000" name="compute_controller_bool_bool_unsigned_int_bool_bool_bool_bool_bool_u_70">
<pin_list>
<pin id="21" dir="1" index="0" bw="1" slack="0"/>
</pin_list>
<bind>
<StgValue><ssdm name="compute_controller_bool_bool_unsigned_int_bool_bool_bool_bool_bool_u_70"/></StgValue>
</bind>
</comp>

<comp id="22" class="1000" name="compute_controller_bool_bool_unsigned_int_bool_bool_bool_bool_bool_u_34">
<pin_list>
<pin id="23" dir="1" index="0" bw="1" slack="0"/>
</pin_list>
<bind>
<StgValue><ssdm name="compute_controller_bool_bool_unsigned_int_bool_bool_bool_bool_bool_u_34"/></StgValue>
</bind>
</comp>

<comp id="24" class="1000" name="compute_controller_bool_bool_unsigned_int_bool_bool_bool_bool_bool_u_69">
<pin_list>
<pin id="25" dir="1" index="0" bw="1" slack="0"/>
</pin_list>
<bind>
<StgValue><ssdm name="compute_controller_bool_bool_unsigned_int_bool_bool_bool_bool_bool_u_69"/></StgValue>
</bind>
</comp>

<comp id="26" class="1000" name="compute_controller_bool_bool_unsigned_int_bool_bool_bool_bool_bool_u_33">
<pin_list>
<pin id="27" dir="1" index="0" bw="1" slack="0"/>
</pin_list>
<bind>
<StgValue><ssdm name="compute_controller_bool_bool_unsigned_int_bool_bool_bool_bool_bool_u_33"/></StgValue>
</bind>
</comp>

<comp id="28" class="1000" name="compute_controller_bool_bool_unsigned_int_bool_bool_bool_bool_bool_u_68">
<pin_list>
<pin id="29" dir="1" index="0" bw="1" slack="0"/>
</pin_list>
<bind>
<StgValue><ssdm name="compute_controller_bool_bool_unsigned_int_bool_bool_bool_bool_bool_u_68"/></StgValue>
</bind>
</comp>

<comp id="30" class="1000" name="compute_controller_bool_bool_unsigned_int_bool_bool_bool_bool_bool_u_32">
<pin_list>
<pin id="31" dir="1" index="0" bw="1" slack="0"/>
</pin_list>
<bind>
<StgValue><ssdm name="compute_controller_bool_bool_unsigned_int_bool_bool_bool_bool_bool_u_32"/></StgValue>
</bind>
</comp>

<comp id="32" class="1000" name="compute_controller_bool_bool_unsigned_int_bool_bool_bool_bool_bool_u_67">
<pin_list>
<pin id="33" dir="1" index="0" bw="1" slack="0"/>
</pin_list>
<bind>
<StgValue><ssdm name="compute_controller_bool_bool_unsigned_int_bool_bool_bool_bool_bool_u_67"/></StgValue>
</bind>
</comp>

<comp id="34" class="1000" name="compute_controller_bool_bool_unsigned_int_bool_bool_bool_bool_bool_u_31">
<pin_list>
<pin id="35" dir="1" index="0" bw="1" slack="0"/>
</pin_list>
<bind>
<StgValue><ssdm name="compute_controller_bool_bool_unsigned_int_bool_bool_bool_bool_bool_u_31"/></StgValue>
</bind>
</comp>

<comp id="36" class="1000" name="compute_controller_bool_bool_unsigned_int_bool_bool_bool_bool_bool_u_66">
<pin_list>
<pin id="37" dir="1" index="0" bw="1" slack="0"/>
</pin_list>
<bind>
<StgValue><ssdm name="compute_controller_bool_bool_unsigned_int_bool_bool_bool_bool_bool_u_66"/></StgValue>
</bind>
</comp>

<comp id="38" class="1000" name="compute_controller_bool_bool_unsigned_int_bool_bool_bool_bool_bool_u_30">
<pin_list>
<pin id="39" dir="1" index="0" bw="1" slack="0"/>
</pin_list>
<bind>
<StgValue><ssdm name="compute_controller_bool_bool_unsigned_int_bool_bool_bool_bool_bool_u_30"/></StgValue>
</bind>
</comp>

<comp id="40" class="1000" name="compute_controller_bool_bool_unsigned_int_bool_bool_bool_bool_bool_u_65">
<pin_list>
<pin id="41" dir="1" index="0" bw="1" slack="0"/>
</pin_list>
<bind>
<StgValue><ssdm name="compute_controller_bool_bool_unsigned_int_bool_bool_bool_bool_bool_u_65"/></StgValue>
</bind>
</comp>

<comp id="42" class="1000" name="p_ZZ18compute_controllerbbjRbS_bS_S_RjPKhPhR12ComputeStateS0_RhS6_S6_S6_S_S_S_S_E_41">
<pin_list>
<pin id="43" dir="1" index="0" bw="1" slack="0"/>
</pin_list>
<bind>
<StgValue><ssdm name="p_ZZ18compute_controllerbbjRbS_bS_S_RjPKhPhR12ComputeStateS0_RhS6_S6_S6_S_S_S_S_E_41"/></StgValue>
</bind>
</comp>

<comp id="44" class="1000" name="p_ZZ18compute_controllerbbjRbS_bS_S_RjPKhPhR12ComputeStateS0_RhS6_S6_S6_S_S_S_S_E_5">
<pin_list>
<pin id="45" dir="1" index="0" bw="1" slack="0"/>
</pin_list>
<bind>
<StgValue><ssdm name="p_ZZ18compute_controllerbbjRbS_bS_S_RjPKhPhR12ComputeStateS0_RhS6_S6_S6_S_S_S_S_E_5"/></StgValue>
</bind>
</comp>

<comp id="46" class="1000" name="p_ZZ18compute_controllerbbjRbS_bS_S_RjPKhPhR12ComputeStateS0_RhS6_S6_S6_S_S_S_S_E_40">
<pin_list>
<pin id="47" dir="1" index="0" bw="1" slack="0"/>
</pin_list>
<bind>
<StgValue><ssdm name="p_ZZ18compute_controllerbbjRbS_bS_S_RjPKhPhR12ComputeStateS0_RhS6_S6_S6_S_S_S_S_E_40"/></StgValue>
</bind>
</comp>

<comp id="48" class="1000" name="p_ZZ18compute_controllerbbjRbS_bS_S_RjPKhPhR12ComputeStateS0_RhS6_S6_S6_S_S_S_S_E_4">
<pin_list>
<pin id="49" dir="1" index="0" bw="1" slack="0"/>
</pin_list>
<bind>
<StgValue><ssdm name="p_ZZ18compute_controllerbbjRbS_bS_S_RjPKhPhR12ComputeStateS0_RhS6_S6_S6_S_S_S_S_E_4"/></StgValue>
</bind>
</comp>

<comp id="50" class="1000" name="p_ZZ18compute_controllerbbjRbS_bS_S_RjPKhPhR12ComputeStateS0_RhS6_S6_S6_S_S_S_S_E_39">
<pin_list>
<pin id="51" dir="1" index="0" bw="1" slack="0"/>
</pin_list>
<bind>
<StgValue><ssdm name="p_ZZ18compute_controllerbbjRbS_bS_S_RjPKhPhR12ComputeStateS0_RhS6_S6_S6_S_S_S_S_E_39"/></StgValue>
</bind>
</comp>

<comp id="52" class="1000" name="p_ZZ18compute_controllerbbjRbS_bS_S_RjPKhPhR12ComputeStateS0_RhS6_S6_S6_S_S_S_S_E_3">
<pin_list>
<pin id="53" dir="1" index="0" bw="1" slack="0"/>
</pin_list>
<bind>
<StgValue><ssdm name="p_ZZ18compute_controllerbbjRbS_bS_S_RjPKhPhR12ComputeStateS0_RhS6_S6_S6_S_S_S_S_E_3"/></StgValue>
</bind>
</comp>

<comp id="54" class="1000" name="p_ZZ18compute_controllerbbjRbS_bS_S_RjPKhPhR12ComputeStateS0_RhS6_S6_S6_S_S_S_S_E_38">
<pin_list>
<pin id="55" dir="1" index="0" bw="1" slack="0"/>
</pin_list>
<bind>
<StgValue><ssdm name="p_ZZ18compute_controllerbbjRbS_bS_S_RjPKhPhR12ComputeStateS0_RhS6_S6_S6_S_S_S_S_E_38"/></StgValue>
</bind>
</comp>

<comp id="56" class="1000" name="p_ZZ18compute_controllerbbjRbS_bS_S_RjPKhPhR12ComputeStateS0_RhS6_S6_S6_S_S_S_S_E_2">
<pin_list>
<pin id="57" dir="1" index="0" bw="1" slack="0"/>
</pin_list>
<bind>
<StgValue><ssdm name="p_ZZ18compute_controllerbbjRbS_bS_S_RjPKhPhR12ComputeStateS0_RhS6_S6_S6_S_S_S_S_E_2"/></StgValue>
</bind>
</comp>

<comp id="58" class="1000" name="p_ZZ18compute_controllerbbjRbS_bS_S_RjPKhPhR12ComputeStateS0_RhS6_S6_S6_S_S_S_S_E_37">
<pin_list>
<pin id="59" dir="1" index="0" bw="1" slack="0"/>
</pin_list>
<bind>
<StgValue><ssdm name="p_ZZ18compute_controllerbbjRbS_bS_S_RjPKhPhR12ComputeStateS0_RhS6_S6_S6_S_S_S_S_E_37"/></StgValue>
</bind>
</comp>

<comp id="60" class="1000" name="p_ZZ18compute_controllerbbjRbS_bS_S_RjPKhPhR12ComputeStateS0_RhS6_S6_S6_S_S_S_S_E_1">
<pin_list>
<pin id="61" dir="1" index="0" bw="1" slack="0"/>
</pin_list>
<bind>
<StgValue><ssdm name="p_ZZ18compute_controllerbbjRbS_bS_S_RjPKhPhR12ComputeStateS0_RhS6_S6_S6_S_S_S_S_E_1"/></StgValue>
</bind>
</comp>

<comp id="62" class="1000" name="p_ZZ18compute_controllerbbjRbS_bS_S_RjPKhPhR12ComputeStateS0_RhS6_S6_S6_S_S_S_S_E_36">
<pin_list>
<pin id="63" dir="1" index="0" bw="1" slack="0"/>
</pin_list>
<bind>
<StgValue><ssdm name="p_ZZ18compute_controllerbbjRbS_bS_S_RjPKhPhR12ComputeStateS0_RhS6_S6_S6_S_S_S_S_E_36"/></StgValue>
</bind>
</comp>

<comp id="64" class="1000" name="p_ZZ18compute_controllerbbjRbS_bS_S_RjPKhPhR12ComputeStateS0_RhS6_S6_S6_S_S_S_S_E">
<pin_list>
<pin id="65" dir="1" index="0" bw="1" slack="0"/>
</pin_list>
<bind>
<StgValue><ssdm name="p_ZZ18compute_controllerbbjRbS_bS_S_RjPKhPhR12ComputeStateS0_RhS6_S6_S6_S_S_S_S_E"/></StgValue>
</bind>
</comp>

<comp id="66" class="1001" name="const_66">
<pin_list>
<pin id="67" dir="1" index="0" bw="1" slack="0"/>
</pin_list>
<bind>
<StgValue><ssdm name=""/></StgValue>
</bind>
</comp>

<comp id="68" class="1001" name="const_68">
<pin_list>
<pin id="69" dir="1" index="0" bw="1" slack="2147483647"/>
</pin_list>
<bind>
<StgValue><ssdm name="_ssdm_op_SpecInterface"/></StgValue>
</bind>
</comp>

<comp id="70" class="1001" name="const_70">
<pin_list>
<pin id="71" dir="1" index="0" bw="1" slack="2147483647"/>
</pin_list>
<bind>
<StgValue><ssdm name="empty_20"/></StgValue>
</bind>
</comp>

<comp id="72" class="1001" name="const_72">
<pin_list>
<pin id="73" dir="1" index="0" bw="1" slack="2147483647"/>
</pin_list>
<bind>
<StgValue><ssdm name=""/></StgValue>
</bind>
</comp>

<comp id="74" class="1001" name="const_74">
<pin_list>
<pin id="75" dir="1" index="0" bw="1" slack="2147483647"/>
</pin_list>
<bind>
<StgValue><ssdm name="empty_8"/></StgValue>
</bind>
</comp>

<comp id="76" class="1001" name="const_76">
<pin_list>
<pin id="77" dir="1" index="0" bw="1" slack="2147483647"/>
</pin_list>
<bind>
<StgValue><ssdm name=""/></StgValue>
</bind>
</comp>

<comp id="78" class="1001" name="const_78">
<pin_list>
<pin id="79" dir="1" index="0" bw="1" slack="0"/>
</pin_list>
<bind>
<StgValue><ssdm name=""/></StgValue>
</bind>
</comp>

<comp id="80" class="1001" name="const_80">
<pin_list>
<pin id="81" dir="1" index="0" bw="1" slack="0"/>
</pin_list>
<bind>
<StgValue><ssdm name=""/></StgValue>
</bind>
</comp>

<comp id="82" class="1001" name="const_82">
<pin_list>
<pin id="83" dir="1" index="0" bw="1" slack="0"/>
</pin_list>
<bind>
<StgValue><ssdm name=""/></StgValue>
</bind>
</comp>

<comp id="84" class="1001" name="const_84">
<pin_list>
<pin id="85" dir="1" index="0" bw="1" slack="0"/>
</pin_list>
<bind>
<StgValue><ssdm name=""/></StgValue>
</bind>
</comp>

<comp id="86" class="1001" name="const_86">
<pin_list>
<pin id="87" dir="1" index="0" bw="1" slack="0"/>
</pin_list>
<bind>
<StgValue><ssdm name="_ssdm_op_BitConcatenate.i5.i1.i4"/></StgValue>
</bind>
</comp>

<comp id="88" class="1001" name="const_88">
<pin_list>
<pin id="89" dir="1" index="0" bw="1" slack="0"/>
</pin_list>
<bind>
<StgValue><ssdm name=""/></StgValue>
</bind>
</comp>

<comp id="90" class="1001" name="const_90">
<pin_list>
<pin id="91" dir="1" index="0" bw="1" slack="0"/>
</pin_list>
<bind>
<StgValue><ssdm name=""/></StgValue>
</bind>
</comp>

<comp id="92" class="1001" name="const_92">
<pin_list>
<pin id="93" dir="1" index="0" bw="1" slack="0"/>
</pin_list>
<bind>
<StgValue><ssdm name=""/></StgValue>
</bind>
</comp>

<comp id="94" class="1001" name="const_94">
<pin_list>
<pin id="95" dir="1" index="0" bw="1" slack="0"/>
</pin_list>
<bind>
<StgValue><ssdm name=""/></StgValue>
</bind>
</comp>

<comp id="96" class="1001" name="const_96">
<pin_list>
<pin id="97" dir="1" index="0" bw="1" slack="0"/>
</pin_list>
<bind>
<StgValue><ssdm name=""/></StgValue>
</bind>
</comp>

<comp id="98" class="1001" name="const_98">
<pin_list>
<pin id="99" dir="1" index="0" bw="1" slack="0"/>
</pin_list>
<bind>
<StgValue><ssdm name=""/></StgValue>
</bind>
</comp>

<comp id="100" class="1001" name="const_100">
<pin_list>
<pin id="101" dir="1" index="0" bw="1" slack="0"/>
</pin_list>
<bind>
<StgValue><ssdm name=""/></StgValue>
</bind>
</comp>

<comp id="102" class="1001" name="const_102">
<pin_list>
<pin id="103" dir="1" index="0" bw="1" slack="0"/>
</pin_list>
<bind>
<StgValue><ssdm name=""/></StgValue>
</bind>
</comp>

<comp id="104" class="1001" name="const_104">
<pin_list>
<pin id="105" dir="1" index="0" bw="1" slack="0"/>
</pin_list>
<bind>
<StgValue><ssdm name=""/></StgValue>
</bind>
</comp>

<comp id="106" class="1001" name="const_106">
<pin_list>
<pin id="107" dir="1" index="0" bw="1" slack="0"/>
</pin_list>
<bind>
<StgValue><ssdm name=""/></StgValue>
</bind>
</comp>

<comp id="108" class="1001" name="const_108">
<pin_list>
<pin id="109" dir="1" index="0" bw="1" slack="0"/>
</pin_list>
<bind>
<StgValue><ssdm name=""/></StgValue>
</bind>
</comp>

<comp id="110" class="1001" name="const_110">
<pin_list>
<pin id="111" dir="1" index="0" bw="1" slack="0"/>
</pin_list>
<bind>
<StgValue><ssdm name=""/></StgValue>
</bind>
</comp>

<comp id="112" class="1001" name="const_112">
<pin_list>
<pin id="113" dir="1" index="0" bw="1" slack="0"/>
</pin_list>
<bind>
<StgValue><ssdm name=""/></StgValue>
</bind>
</comp>

<comp id="114" class="1001" name="const_114">
<pin_list>
<pin id="115" dir="1" index="0" bw="1" slack="0"/>
</pin_list>
<bind>
<StgValue><ssdm name=""/></StgValue>
</bind>
</comp>

<comp id="116" class="1001" name="const_116">
<pin_list>
<pin id="117" dir="1" index="0" bw="1" slack="0"/>
</pin_list>
<bind>
<StgValue><ssdm name=""/></StgValue>
</bind>
</comp>

<comp id="118" class="1001" name="const_118">
<pin_list>
<pin id="119" dir="1" index="0" bw="1" slack="0"/>
</pin_list>
<bind>
<StgValue><ssdm name=""/></StgValue>
</bind>
</comp>

<comp id="120" class="1001" name="const_120">
<pin_list>
<pin id="121" dir="1" index="0" bw="1" slack="2147483647"/>
</pin_list>
<bind>
<StgValue><ssdm name="_ssdm_op_SpecPipeline"/></StgValue>
</bind>
</comp>

<comp id="122" class="1001" name="const_122">
<pin_list>
<pin id="123" dir="1" index="0" bw="1" slack="2147483647"/>
</pin_list>
<bind>
<StgValue><ssdm name="_ssdm_op_SpecLoopTripCount"/></StgValue>
</bind>
</comp>

<comp id="124" class="1001" name="const_124">
<pin_list>
<pin id="125" dir="1" index="0" bw="1" slack="2147483647"/>
</pin_list>
<bind>
<StgValue><ssdm name=""/></StgValue>
</bind>
</comp>

<comp id="126" class="1001" name="const_126">
<pin_list>
<pin id="127" dir="1" index="0" bw="1" slack="2147483647"/>
</pin_list>
<bind>
<StgValue><ssdm name="_ssdm_op_SpecLoopName"/></StgValue>
</bind>
</comp>

<comp id="128" class="1001" name="const_128">
<pin_list>
<pin id="129" dir="1" index="0" bw="1" slack="2147483647"/>
</pin_list>
<bind>
<StgValue><ssdm name="empty_21"/></StgValue>
</bind>
</comp>

<comp id="130" class="1004" name="i_2_fu_130">
<pin_list>
<pin id="131" dir="0" index="0" bw="1" slack="0"/>
<pin id="132" dir="1" index="1" bw="5" slack="0"/>
</pin_list>
<bind>
<opcode="alloca(26) " fcode="alloca"/>
<opset="i_2/1 "/>
</bind>
</comp>

<comp id="134" class="1004" name="in_buf_addr_1_gep_fu_134">
<pin_list>
<pin id="135" dir="0" index="0" bw="8" slack="0"/>
<pin id="136" dir="0" index="1" bw="1" slack="0"/>
<pin id="137" dir="0" index="2" bw="4" slack="0"/>
<pin id="138" dir="1" index="3" bw="8" slack="0"/>
</pin_list>
<bind>
<opcode="getelementptr(29) " fcode="getelementptr"/>
<opset="in_buf_addr_1/1 "/>
</bind>
</comp>

<comp id="141" class="1004" name="grp_access_fu_141">
<pin_list>
<pin id="142" dir="0" index="0" bw="8" slack="0"/>
<pin id="143" dir="0" index="1" bw="8" slack="2147483647"/>
<pin id="144" dir="0" index="2" bw="0" slack="0"/>
<pin id="146" dir="0" index="4" bw="8" slack="2147483647"/>
<pin id="147" dir="0" index="5" bw="8" slack="2147483647"/>
<pin id="148" dir="0" index="6" bw="0" slack="2147483647"/>
<pin id="145" dir="1" index="3" bw="8" slack="0"/>
<pin id="149" dir="1" index="7" bw="8" slack="0"/>
</pin_list>
<bind>
<opcode="load(27) " fcode="load"/>
<opset="in_buf_load_1/1 in_buf_load_2/1 "/>
</bind>
</comp>

<comp id="151" class="1004" name="in_buf_addr_2_gep_fu_151">
<pin_list>
<pin id="152" dir="0" index="0" bw="8" slack="0"/>
<pin id="153" dir="0" index="1" bw="1" slack="0"/>
<pin id="154" dir="0" index="2" bw="5" slack="0"/>
<pin id="155" dir="1" index="3" bw="8" slack="0"/>
</pin_list>
<bind>
<opcode="getelementptr(29) " fcode="getelementptr"/>
<opset="in_buf_addr_2/1 "/>
</bind>
</comp>

<comp id="159" class="1004" name="store_ln527_store_fu_159">
<pin_list>
<pin id="160" dir="0" index="0" bw="1" slack="0"/>
<pin id="161" dir="0" index="1" bw="5" slack="0"/>
<pin id="162" dir="1" index="2" bw="0" slack="2147483647"/>
</pin_list>
<bind>
<opcode="store(28) " fcode="store"/>
<opset="store_ln527/1 "/>
</bind>
</comp>

<comp id="164" class="1004" name="i_load_fu_164">
<pin_list>
<pin id="165" dir="0" index="0" bw="5" slack="0"/>
<pin id="166" dir="1" index="1" bw="5" slack="0"/>
</pin_list>
<bind>
<opcode="load(27) " fcode="load"/>
<opset="i/1 "/>
</bind>
</comp>

<comp id="167" class="1004" name="icmp_ln527_fu_167">
<pin_list>
<pin id="168" dir="0" index="0" bw="5" slack="0"/>
<pin id="169" dir="0" index="1" bw="5" slack="0"/>
<pin id="170" dir="1" index="2" bw="1" slack="2147483647"/>
</pin_list>
<bind>
<opcode="icmp(45) " fcode="icmp"/>
<opset="icmp_ln527/1 "/>
</bind>
</comp>

<comp id="173" class="1004" name="add_ln527_fu_173">
<pin_list>
<pin id="174" dir="0" index="0" bw="5" slack="0"/>
<pin id="175" dir="0" index="1" bw="1" slack="0"/>
<pin id="176" dir="1" index="2" bw="5" slack="0"/>
</pin_list>
<bind>
<opcode="add(8) " fcode="add"/>
<opset="add_ln527/1 "/>
</bind>
</comp>

<comp id="179" class="1004" name="trunc_ln527_fu_179">
<pin_list>
<pin id="180" dir="0" index="0" bw="5" slack="0"/>
<pin id="181" dir="1" index="1" bw="4" slack="0"/>
</pin_list>
<bind>
<opcode="trunc(33) " fcode="trunc"/>
<opset="trunc_ln527/1 "/>
</bind>
</comp>

<comp id="183" class="1004" name="zext_ln556_fu_183">
<pin_list>
<pin id="184" dir="0" index="0" bw="4" slack="0"/>
<pin id="185" dir="1" index="1" bw="64" slack="0"/>
</pin_list>
<bind>
<opcode="zext(34) " fcode="zext"/>
<opset="zext_ln556/1 "/>
</bind>
</comp>

<comp id="188" class="1004" name="zext_ln556_2_cast_fu_188">
<pin_list>
<pin id="189" dir="0" index="0" bw="5" slack="0"/>
<pin id="190" dir="0" index="1" bw="1" slack="0"/>
<pin id="191" dir="0" index="2" bw="4" slack="0"/>
<pin id="192" dir="1" index="3" bw="5" slack="0"/>
</pin_list>
<bind>
<opcode="bitconcatenate(1004) " fcode="bitconcatenate"/>
<opset="zext_ln556_2_cast/1 "/>
</bind>
</comp>

<comp id="196" class="1004" name="zext_ln556_1_fu_196">
<pin_list>
<pin id="197" dir="0" index="0" bw="5" slack="0"/>
<pin id="198" dir="1" index="1" bw="64" slack="0"/>
</pin_list>
<bind>
<opcode="zext(34) " fcode="zext"/>
<opset="zext_ln556_1/1 "/>
</bind>
</comp>

<comp id="201" class="1004" name="switch_ln529_fu_201">
<pin_list>
<pin id="202" dir="0" index="0" bw="4" slack="0"/>
<pin id="203" dir="0" index="1" bw="1" slack="0"/>
<pin id="204" dir="0" index="2" bw="1" slack="0"/>
<pin id="205" dir="0" index="3" bw="3" slack="0"/>
<pin id="206" dir="0" index="4" bw="3" slack="0"/>
<pin id="207" dir="0" index="5" bw="4" slack="0"/>
<pin id="208" dir="0" index="6" bw="4" slack="0"/>
<pin id="209" dir="0" index="7" bw="4" slack="0"/>
<pin id="210" dir="0" index="8" bw="4" slack="0"/>
<pin id="211" dir="0" index="9" bw="4" slack="0"/>
<pin id="212" dir="0" index="10" bw="4" slack="0"/>
<pin id="213" dir="0" index="11" bw="4" slack="0"/>
<pin id="214" dir="0" index="12" bw="4" slack="0"/>
<pin id="215" dir="0" index="13" bw="3" slack="0"/>
<pin id="216" dir="0" index="14" bw="3" slack="0"/>
<pin id="217" dir="0" index="15" bw="2" slack="0"/>
<pin id="218" dir="1" index="16" bw="0" slack="2147483647"/>
</pin_list>
<bind>
<opcode="switch(3) " fcode="switch"/>
<opset="switch_ln529/1 "/>
</bind>
</comp>

<comp id="235" class="1004" name="store_ln527_store_fu_235">
<pin_list>
<pin id="236" dir="0" index="0" bw="5" slack="0"/>
<pin id="237" dir="0" index="1" bw="5" slack="0"/>
<pin id="238" dir="1" index="2" bw="0" slack="2147483647"/>
</pin_list>
<bind>
<opcode="store(28) " fcode="store"/>
<opset="store_ln527/1 "/>
</bind>
</comp>

<comp id="240" class="1004" name="store_ln529_store_fu_240">
<pin_list>
<pin id="241" dir="0" index="0" bw="8" slack="0"/>
<pin id="242" dir="0" index="1" bw="8" slack="0"/>
<pin id="243" dir="1" index="2" bw="0" slack="2147483647"/>
</pin_list>
<bind>
<opcode="store(28) " fcode="store"/>
<opset="store_ln529/2 "/>
</bind>
</comp>

<comp id="246" class="1004" name="store_ln530_store_fu_246">
<pin_list>
<pin id="247" dir="0" index="0" bw="8" slack="0"/>
<pin id="248" dir="0" index="1" bw="8" slack="0"/>
<pin id="249" dir="1" index="2" bw="0" slack="2147483647"/>
</pin_list>
<bind>
<opcode="store(28) " fcode="store"/>
<opset="store_ln530/2 "/>
</bind>
</comp>

<comp id="252" class="1004" name="store_ln529_store_fu_252">
<pin_list>
<pin id="253" dir="0" index="0" bw="8" slack="0"/>
<pin id="254" dir="0" index="1" bw="8" slack="0"/>
<pin id="255" dir="1" index="2" bw="0" slack="2147483647"/>
</pin_list>
<bind>
<opcode="store(28) " fcode="store"/>
<opset="store_ln529/2 "/>
</bind>
</comp>

<comp id="258" class="1004" name="store_ln530_store_fu_258">
<pin_list>
<pin id="259" dir="0" index="0" bw="8" slack="0"/>
<pin id="260" dir="0" index="1" bw="8" slack="0"/>
<pin id="261" dir="1" index="2" bw="0" slack="2147483647"/>
</pin_list>
<bind>
<opcode="store(28) " fcode="store"/>
<opset="store_ln530/2 "/>
</bind>
</comp>

<comp id="264" class="1004" name="store_ln529_store_fu_264">
<pin_list>
<pin id="265" dir="0" index="0" bw="8" slack="0"/>
<pin id="266" dir="0" index="1" bw="8" slack="0"/>
<pin id="267" dir="1" index="2" bw="0" slack="2147483647"/>
</pin_list>
<bind>
<opcode="store(28) " fcode="store"/>
<opset="store_ln529/2 "/>
</bind>
</comp>

<comp id="270" class="1004" name="store_ln530_store_fu_270">
<pin_list>
<pin id="271" dir="0" index="0" bw="8" slack="0"/>
<pin id="272" dir="0" index="1" bw="8" slack="0"/>
<pin id="273" dir="1" index="2" bw="0" slack="2147483647"/>
</pin_list>
<bind>
<opcode="store(28) " fcode="store"/>
<opset="store_ln530/2 "/>
</bind>
</comp>

<comp id="276" class="1004" name="store_ln529_store_fu_276">
<pin_list>
<pin id="277" dir="0" index="0" bw="8" slack="0"/>
<pin id="278" dir="0" index="1" bw="8" slack="0"/>
<pin id="279" dir="1" index="2" bw="0" slack="2147483647"/>
</pin_list>
<bind>
<opcode="store(28) " fcode="store"/>
<opset="store_ln529/2 "/>
</bind>
</comp>

<comp id="282" class="1004" name="store_ln530_store_fu_282">
<pin_list>
<pin id="283" dir="0" index="0" bw="8" slack="0"/>
<pin id="284" dir="0" index="1" bw="8" slack="0"/>
<pin id="285" dir="1" index="2" bw="0" slack="2147483647"/>
</pin_list>
<bind>
<opcode="store(28) " fcode="store"/>
<opset="store_ln530/2 "/>
</bind>
</comp>

<comp id="288" class="1004" name="store_ln529_store_fu_288">
<pin_list>
<pin id="289" dir="0" index="0" bw="8" slack="0"/>
<pin id="290" dir="0" index="1" bw="8" slack="0"/>
<pin id="291" dir="1" index="2" bw="0" slack="2147483647"/>
</pin_list>
<bind>
<opcode="store(28) " fcode="store"/>
<opset="store_ln529/2 "/>
</bind>
</comp>

<comp id="294" class="1004" name="store_ln530_store_fu_294">
<pin_list>
<pin id="295" dir="0" index="0" bw="8" slack="0"/>
<pin id="296" dir="0" index="1" bw="8" slack="0"/>
<pin id="297" dir="1" index="2" bw="0" slack="2147483647"/>
</pin_list>
<bind>
<opcode="store(28) " fcode="store"/>
<opset="store_ln530/2 "/>
</bind>
</comp>

<comp id="300" class="1004" name="store_ln529_store_fu_300">
<pin_list>
<pin id="301" dir="0" index="0" bw="8" slack="0"/>
<pin id="302" dir="0" index="1" bw="8" slack="0"/>
<pin id="303" dir="1" index="2" bw="0" slack="2147483647"/>
</pin_list>
<bind>
<opcode="store(28) " fcode="store"/>
<opset="store_ln529/2 "/>
</bind>
</comp>

<comp id="306" class="1004" name="store_ln530_store_fu_306">
<pin_list>
<pin id="307" dir="0" index="0" bw="8" slack="0"/>
<pin id="308" dir="0" index="1" bw="8" slack="0"/>
<pin id="309" dir="1" index="2" bw="0" slack="2147483647"/>
</pin_list>
<bind>
<opcode="store(28) " fcode="store"/>
<opset="store_ln530/2 "/>
</bind>
</comp>

<comp id="312" class="1004" name="store_ln529_store_fu_312">
<pin_list>
<pin id="313" dir="0" index="0" bw="8" slack="0"/>
<pin id="314" dir="0" index="1" bw="8" slack="0"/>
<pin id="315" dir="1" index="2" bw="0" slack="2147483647"/>
</pin_list>
<bind>
<opcode="store(28) " fcode="store"/>
<opset="store_ln529/2 "/>
</bind>
</comp>

<comp id="318" class="1004" name="store_ln530_store_fu_318">
<pin_list>
<pin id="319" dir="0" index="0" bw="8" slack="0"/>
<pin id="320" dir="0" index="1" bw="8" slack="0"/>
<pin id="321" dir="1" index="2" bw="0" slack="2147483647"/>
</pin_list>
<bind>
<opcode="store(28) " fcode="store"/>
<opset="store_ln530/2 "/>
</bind>
</comp>

<comp id="324" class="1004" name="store_ln529_store_fu_324">
<pin_list>
<pin id="325" dir="0" index="0" bw="8" slack="0"/>
<pin id="326" dir="0" index="1" bw="8" slack="0"/>
<pin id="327" dir="1" index="2" bw="0" slack="2147483647"/>
</pin_list>
<bind>
<opcode="store(28) " fcode="store"/>
<opset="store_ln529/2 "/>
</bind>
</comp>

<comp id="330" class="1004" name="store_ln530_store_fu_330">
<pin_list>
<pin id="331" dir="0" index="0" bw="8" slack="0"/>
<pin id="332" dir="0" index="1" bw="8" slack="0"/>
<pin id="333" dir="1" index="2" bw="0" slack="2147483647"/>
</pin_list>
<bind>
<opcode="store(28) " fcode="store"/>
<opset="store_ln530/2 "/>
</bind>
</comp>

<comp id="336" class="1004" name="store_ln529_store_fu_336">
<pin_list>
<pin id="337" dir="0" index="0" bw="8" slack="0"/>
<pin id="338" dir="0" index="1" bw="8" slack="0"/>
<pin id="339" dir="1" index="2" bw="0" slack="2147483647"/>
</pin_list>
<bind>
<opcode="store(28) " fcode="store"/>
<opset="store_ln529/2 "/>
</bind>
</comp>

<comp id="342" class="1004" name="store_ln530_store_fu_342">
<pin_list>
<pin id="343" dir="0" index="0" bw="8" slack="0"/>
<pin id="344" dir="0" index="1" bw="8" slack="0"/>
<pin id="345" dir="1" index="2" bw="0" slack="2147483647"/>
</pin_list>
<bind>
<opcode="store(28) " fcode="store"/>
<opset="store_ln530/2 "/>
</bind>
</comp>

<comp id="348" class="1004" name="store_ln529_store_fu_348">
<pin_list>
<pin id="349" dir="0" index="0" bw="8" slack="0"/>
<pin id="350" dir="0" index="1" bw="8" slack="0"/>
<pin id="351" dir="1" index="2" bw="0" slack="2147483647"/>
</pin_list>
<bind>
<opcode="store(28) " fcode="store"/>
<opset="store_ln529/2 "/>
</bind>
</comp>

<comp id="354" class="1004" name="store_ln530_store_fu_354">
<pin_list>
<pin id="355" dir="0" index="0" bw="8" slack="0"/>
<pin id="356" dir="0" index="1" bw="8" slack="0"/>
<pin id="357" dir="1" index="2" bw="0" slack="2147483647"/>
</pin_list>
<bind>
<opcode="store(28) " fcode="store"/>
<opset="store_ln530/2 "/>
</bind>
</comp>

<comp id="360" class="1004" name="store_ln529_store_fu_360">
<pin_list>
<pin id="361" dir="0" index="0" bw="8" slack="0"/>
<pin id="362" dir="0" index="1" bw="8" slack="0"/>
<pin id="363" dir="1" index="2" bw="0" slack="2147483647"/>
</pin_list>
<bind>
<opcode="store(28) " fcode="store"/>
<opset="store_ln529/2 "/>
</bind>
</comp>

<comp id="366" class="1004" name="store_ln530_store_fu_366">
<pin_list>
<pin id="367" dir="0" index="0" bw="8" slack="0"/>
<pin id="368" dir="0" index="1" bw="8" slack="0"/>
<pin id="369" dir="1" index="2" bw="0" slack="2147483647"/>
</pin_list>
<bind>
<opcode="store(28) " fcode="store"/>
<opset="store_ln530/2 "/>
</bind>
</comp>

<comp id="372" class="1004" name="store_ln529_store_fu_372">
<pin_list>
<pin id="373" dir="0" index="0" bw="8" slack="0"/>
<pin id="374" dir="0" index="1" bw="8" slack="0"/>
<pin id="375" dir="1" index="2" bw="0" slack="2147483647"/>
</pin_list>
<bind>
<opcode="store(28) " fcode="store"/>
<opset="store_ln529/2 "/>
</bind>
</comp>

<comp id="378" class="1004" name="store_ln530_store_fu_378">
<pin_list>
<pin id="379" dir="0" index="0" bw="8" slack="0"/>
<pin id="380" dir="0" index="1" bw="8" slack="0"/>
<pin id="381" dir="1" index="2" bw="0" slack="2147483647"/>
</pin_list>
<bind>
<opcode="store(28) " fcode="store"/>
<opset="store_ln530/2 "/>
</bind>
</comp>

<comp id="384" class="1004" name="store_ln529_store_fu_384">
<pin_list>
<pin id="385" dir="0" index="0" bw="8" slack="0"/>
<pin id="386" dir="0" index="1" bw="8" slack="0"/>
<pin id="387" dir="1" index="2" bw="0" slack="2147483647"/>
</pin_list>
<bind>
<opcode="store(28) " fcode="store"/>
<opset="store_ln529/2 "/>
</bind>
</comp>

<comp id="390" class="1004" name="store_ln530_store_fu_390">
<pin_list>
<pin id="391" dir="0" index="0" bw="8" slack="0"/>
<pin id="392" dir="0" index="1" bw="8" slack="0"/>
<pin id="393" dir="1" index="2" bw="0" slack="2147483647"/>
</pin_list>
<bind>
<opcode="store(28) " fcode="store"/>
<opset="store_ln530/2 "/>
</bind>
</comp>

<comp id="396" class="1004" name="store_ln529_store_fu_396">
<pin_list>
<pin id="397" dir="0" index="0" bw="8" slack="0"/>
<pin id="398" dir="0" index="1" bw="8" slack="0"/>
<pin id="399" dir="1" index="2" bw="0" slack="2147483647"/>
</pin_list>
<bind>
<opcode="store(28) " fcode="store"/>
<opset="store_ln529/2 "/>
</bind>
</comp>

<comp id="402" class="1004" name="store_ln530_store_fu_402">
<pin_list>
<pin id="403" dir="0" index="0" bw="8" slack="0"/>
<pin id="404" dir="0" index="1" bw="8" slack="0"/>
<pin id="405" dir="1" index="2" bw="0" slack="2147483647"/>
</pin_list>
<bind>
<opcode="store(28) " fcode="store"/>
<opset="store_ln530/2 "/>
</bind>
</comp>

<comp id="408" class="1004" name="store_ln529_store_fu_408">
<pin_list>
<pin id="409" dir="0" index="0" bw="8" slack="0"/>
<pin id="410" dir="0" index="1" bw="8" slack="0"/>
<pin id="411" dir="1" index="2" bw="0" slack="2147483647"/>
</pin_list>
<bind>
<opcode="store(28) " fcode="store"/>
<opset="store_ln529/2 "/>
</bind>
</comp>

<comp id="414" class="1004" name="store_ln530_store_fu_414">
<pin_list>
<pin id="415" dir="0" index="0" bw="8" slack="0"/>
<pin id="416" dir="0" index="1" bw="8" slack="0"/>
<pin id="417" dir="1" index="2" bw="0" slack="2147483647"/>
</pin_list>
<bind>
<opcode="store(28) " fcode="store"/>
<opset="store_ln530/2 "/>
</bind>
</comp>

<comp id="420" class="1004" name="store_ln529_store_fu_420">
<pin_list>
<pin id="421" dir="0" index="0" bw="8" slack="0"/>
<pin id="422" dir="0" index="1" bw="8" slack="0"/>
<pin id="423" dir="1" index="2" bw="0" slack="2147483647"/>
</pin_list>
<bind>
<opcode="store(28) " fcode="store"/>
<opset="store_ln529/2 "/>
</bind>
</comp>

<comp id="426" class="1004" name="store_ln530_store_fu_426">
<pin_list>
<pin id="427" dir="0" index="0" bw="8" slack="0"/>
<pin id="428" dir="0" index="1" bw="8" slack="0"/>
<pin id="429" dir="1" index="2" bw="0" slack="2147483647"/>
</pin_list>
<bind>
<opcode="store(28) " fcode="store"/>
<opset="store_ln530/2 "/>
</bind>
</comp>

<comp id="432" class="1005" name="i_2_reg_432">
<pin_list>
<pin id="433" dir="0" index="0" bw="5" slack="0"/>
<pin id="434" dir="1" index="1" bw="5" slack="0"/>
</pin_list>
<bind>
<opset="i_2 "/>
</bind>
</comp>

<comp id="442" class="1005" name="trunc_ln527_reg_442">
<pin_list>
<pin id="443" dir="0" index="0" bw="4" slack="1"/>
<pin id="444" dir="1" index="1" bw="4" slack="2147483647"/>
</pin_list>
<bind>
<opset="trunc_ln527 "/>
</bind>
</comp>

<comp id="446" class="1005" name="in_buf_addr_1_reg_446">
<pin_list>
<pin id="447" dir="0" index="0" bw="8" slack="1"/>
<pin id="448" dir="1" index="1" bw="8" slack="1"/>
</pin_list>
<bind>
<opset="in_buf_addr_1 "/>
</bind>
</comp>

<comp id="451" class="1005" name="in_buf_addr_2_reg_451">
<pin_list>
<pin id="452" dir="0" index="0" bw="8" slack="1"/>
<pin id="453" dir="1" index="1" bw="8" slack="1"/>
</pin_list>
<bind>
<opset="in_buf_addr_2 "/>
</bind>
</comp>

</comp_list>

<net_list>
<net id="133"><net_src comp="66" pin="0"/><net_sink comp="130" pin=0"/></net>

<net id="139"><net_src comp="0" pin="0"/><net_sink comp="134" pin=0"/></net>

<net id="140"><net_src comp="84" pin="0"/><net_sink comp="134" pin=1"/></net>

<net id="150"><net_src comp="134" pin="3"/><net_sink comp="141" pin=2"/></net>

<net id="156"><net_src comp="0" pin="0"/><net_sink comp="151" pin=0"/></net>

<net id="157"><net_src comp="84" pin="0"/><net_sink comp="151" pin=1"/></net>

<net id="158"><net_src comp="151" pin="3"/><net_sink comp="141" pin=0"/></net>

<net id="163"><net_src comp="78" pin="0"/><net_sink comp="159" pin=0"/></net>

<net id="171"><net_src comp="164" pin="1"/><net_sink comp="167" pin=0"/></net>

<net id="172"><net_src comp="80" pin="0"/><net_sink comp="167" pin=1"/></net>

<net id="177"><net_src comp="164" pin="1"/><net_sink comp="173" pin=0"/></net>

<net id="178"><net_src comp="82" pin="0"/><net_sink comp="173" pin=1"/></net>

<net id="182"><net_src comp="164" pin="1"/><net_sink comp="179" pin=0"/></net>

<net id="186"><net_src comp="179" pin="1"/><net_sink comp="183" pin=0"/></net>

<net id="187"><net_src comp="183" pin="1"/><net_sink comp="134" pin=2"/></net>

<net id="193"><net_src comp="86" pin="0"/><net_sink comp="188" pin=0"/></net>

<net id="194"><net_src comp="88" pin="0"/><net_sink comp="188" pin=1"/></net>

<net id="195"><net_src comp="179" pin="1"/><net_sink comp="188" pin=2"/></net>

<net id="199"><net_src comp="188" pin="3"/><net_sink comp="196" pin=0"/></net>

<net id="200"><net_src comp="196" pin="1"/><net_sink comp="151" pin=2"/></net>

<net id="219"><net_src comp="179" pin="1"/><net_sink comp="201" pin=0"/></net>

<net id="220"><net_src comp="90" pin="0"/><net_sink comp="201" pin=1"/></net>

<net id="221"><net_src comp="92" pin="0"/><net_sink comp="201" pin=2"/></net>

<net id="222"><net_src comp="94" pin="0"/><net_sink comp="201" pin=3"/></net>

<net id="223"><net_src comp="96" pin="0"/><net_sink comp="201" pin=4"/></net>

<net id="224"><net_src comp="98" pin="0"/><net_sink comp="201" pin=5"/></net>

<net id="225"><net_src comp="100" pin="0"/><net_sink comp="201" pin=6"/></net>

<net id="226"><net_src comp="102" pin="0"/><net_sink comp="201" pin=7"/></net>

<net id="227"><net_src comp="104" pin="0"/><net_sink comp="201" pin=8"/></net>

<net id="228"><net_src comp="106" pin="0"/><net_sink comp="201" pin=9"/></net>

<net id="229"><net_src comp="108" pin="0"/><net_sink comp="201" pin=10"/></net>

<net id="230"><net_src comp="110" pin="0"/><net_sink comp="201" pin=11"/></net>

<net id="231"><net_src comp="112" pin="0"/><net_sink comp="201" pin=12"/></net>

<net id="232"><net_src comp="114" pin="0"/><net_sink comp="201" pin=13"/></net>

<net id="233"><net_src comp="116" pin="0"/><net_sink comp="201" pin=14"/></net>

<net id="234"><net_src comp="118" pin="0"/><net_sink comp="201" pin=15"/></net>

<net id="239"><net_src comp="173" pin="2"/><net_sink comp="235" pin=0"/></net>

<net id="244"><net_src comp="141" pin="7"/><net_sink comp="240" pin=0"/></net>

<net id="245"><net_src comp="58" pin="0"/><net_sink comp="240" pin=1"/></net>

<net id="250"><net_src comp="141" pin="3"/><net_sink comp="246" pin=0"/></net>

<net id="251"><net_src comp="60" pin="0"/><net_sink comp="246" pin=1"/></net>

<net id="256"><net_src comp="141" pin="7"/><net_sink comp="252" pin=0"/></net>

<net id="257"><net_src comp="54" pin="0"/><net_sink comp="252" pin=1"/></net>

<net id="262"><net_src comp="141" pin="3"/><net_sink comp="258" pin=0"/></net>

<net id="263"><net_src comp="56" pin="0"/><net_sink comp="258" pin=1"/></net>

<net id="268"><net_src comp="141" pin="7"/><net_sink comp="264" pin=0"/></net>

<net id="269"><net_src comp="50" pin="0"/><net_sink comp="264" pin=1"/></net>

<net id="274"><net_src comp="141" pin="3"/><net_sink comp="270" pin=0"/></net>

<net id="275"><net_src comp="52" pin="0"/><net_sink comp="270" pin=1"/></net>

<net id="280"><net_src comp="141" pin="7"/><net_sink comp="276" pin=0"/></net>

<net id="281"><net_src comp="46" pin="0"/><net_sink comp="276" pin=1"/></net>

<net id="286"><net_src comp="141" pin="3"/><net_sink comp="282" pin=0"/></net>

<net id="287"><net_src comp="48" pin="0"/><net_sink comp="282" pin=1"/></net>

<net id="292"><net_src comp="141" pin="7"/><net_sink comp="288" pin=0"/></net>

<net id="293"><net_src comp="42" pin="0"/><net_sink comp="288" pin=1"/></net>

<net id="298"><net_src comp="141" pin="3"/><net_sink comp="294" pin=0"/></net>

<net id="299"><net_src comp="44" pin="0"/><net_sink comp="294" pin=1"/></net>

<net id="304"><net_src comp="141" pin="7"/><net_sink comp="300" pin=0"/></net>

<net id="305"><net_src comp="38" pin="0"/><net_sink comp="300" pin=1"/></net>

<net id="310"><net_src comp="141" pin="3"/><net_sink comp="306" pin=0"/></net>

<net id="311"><net_src comp="40" pin="0"/><net_sink comp="306" pin=1"/></net>

<net id="316"><net_src comp="141" pin="7"/><net_sink comp="312" pin=0"/></net>

<net id="317"><net_src comp="34" pin="0"/><net_sink comp="312" pin=1"/></net>

<net id="322"><net_src comp="141" pin="3"/><net_sink comp="318" pin=0"/></net>

<net id="323"><net_src comp="36" pin="0"/><net_sink comp="318" pin=1"/></net>

<net id="328"><net_src comp="141" pin="7"/><net_sink comp="324" pin=0"/></net>

<net id="329"><net_src comp="30" pin="0"/><net_sink comp="324" pin=1"/></net>

<net id="334"><net_src comp="141" pin="3"/><net_sink comp="330" pin=0"/></net>

<net id="335"><net_src comp="32" pin="0"/><net_sink comp="330" pin=1"/></net>

<net id="340"><net_src comp="141" pin="7"/><net_sink comp="336" pin=0"/></net>

<net id="341"><net_src comp="26" pin="0"/><net_sink comp="336" pin=1"/></net>

<net id="346"><net_src comp="141" pin="3"/><net_sink comp="342" pin=0"/></net>

<net id="347"><net_src comp="28" pin="0"/><net_sink comp="342" pin=1"/></net>

<net id="352"><net_src comp="141" pin="7"/><net_sink comp="348" pin=0"/></net>

<net id="353"><net_src comp="22" pin="0"/><net_sink comp="348" pin=1"/></net>

<net id="358"><net_src comp="141" pin="3"/><net_sink comp="354" pin=0"/></net>

<net id="359"><net_src comp="24" pin="0"/><net_sink comp="354" pin=1"/></net>

<net id="364"><net_src comp="141" pin="7"/><net_sink comp="360" pin=0"/></net>

<net id="365"><net_src comp="18" pin="0"/><net_sink comp="360" pin=1"/></net>

<net id="370"><net_src comp="141" pin="3"/><net_sink comp="366" pin=0"/></net>

<net id="371"><net_src comp="20" pin="0"/><net_sink comp="366" pin=1"/></net>

<net id="376"><net_src comp="141" pin="7"/><net_sink comp="372" pin=0"/></net>

<net id="377"><net_src comp="14" pin="0"/><net_sink comp="372" pin=1"/></net>

<net id="382"><net_src comp="141" pin="3"/><net_sink comp="378" pin=0"/></net>

<net id="383"><net_src comp="16" pin="0"/><net_sink comp="378" pin=1"/></net>

<net id="388"><net_src comp="141" pin="7"/><net_sink comp="384" pin=0"/></net>

<net id="389"><net_src comp="10" pin="0"/><net_sink comp="384" pin=1"/></net>

<net id="394"><net_src comp="141" pin="3"/><net_sink comp="390" pin=0"/></net>

<net id="395"><net_src comp="12" pin="0"/><net_sink comp="390" pin=1"/></net>

<net id="400"><net_src comp="141" pin="7"/><net_sink comp="396" pin=0"/></net>

<net id="401"><net_src comp="6" pin="0"/><net_sink comp="396" pin=1"/></net>

<net id="406"><net_src comp="141" pin="3"/><net_sink comp="402" pin=0"/></net>

<net id="407"><net_src comp="8" pin="0"/><net_sink comp="402" pin=1"/></net>

<net id="412"><net_src comp="141" pin="7"/><net_sink comp="408" pin=0"/></net>

<net id="413"><net_src comp="2" pin="0"/><net_sink comp="408" pin=1"/></net>

<net id="418"><net_src comp="141" pin="3"/><net_sink comp="414" pin=0"/></net>

<net id="419"><net_src comp="4" pin="0"/><net_sink comp="414" pin=1"/></net>

<net id="424"><net_src comp="141" pin="7"/><net_sink comp="420" pin=0"/></net>

<net id="425"><net_src comp="62" pin="0"/><net_sink comp="420" pin=1"/></net>

<net id="430"><net_src comp="141" pin="3"/><net_sink comp="426" pin=0"/></net>

<net id="431"><net_src comp="64" pin="0"/><net_sink comp="426" pin=1"/></net>

<net id="435"><net_src comp="130" pin="1"/><net_sink comp="432" pin=0"/></net>

<net id="436"><net_src comp="432" pin="1"/><net_sink comp="159" pin=1"/></net>

<net id="437"><net_src comp="432" pin="1"/><net_sink comp="164" pin=0"/></net>

<net id="438"><net_src comp="432" pin="1"/><net_sink comp="235" pin=1"/></net>

<net id="445"><net_src comp="179" pin="1"/><net_sink comp="442" pin=0"/></net>

<net id="449"><net_src comp="134" pin="3"/><net_sink comp="446" pin=0"/></net>

<net id="450"><net_src comp="446" pin="1"/><net_sink comp="141" pin=2"/></net>

<net id="454"><net_src comp="151" pin="3"/><net_sink comp="451" pin=0"/></net>

<net id="455"><net_src comp="451" pin="1"/><net_sink comp="141" pin=0"/></net>

</net_list>

</model> 
---------------- Datapath Model END ------------------

* FSMD analyzer results:
  - Output states:
	Port: in_buf | {}
	Port: compute_controller_bool_bool_unsigned_int_bool_bool_bool_bool_bool_u_39 | {2 }
	Port: compute_controller_bool_bool_unsigned_int_bool_bool_bool_bool_bool_u_74 | {2 }
	Port: compute_controller_bool_bool_unsigned_int_bool_bool_bool_bool_bool_u_38 | {2 }
	Port: compute_controller_bool_bool_unsigned_int_bool_bool_bool_bool_bool_u_73 | {2 }
	Port: compute_controller_bool_bool_unsigned_int_bool_bool_bool_bool_bool_u_37 | {2 }
	Port: compute_controller_bool_bool_unsigned_int_bool_bool_bool_bool_bool_u_72 | {2 }
	Port: compute_controller_bool_bool_unsigned_int_bool_bool_bool_bool_bool_u_36 | {2 }
	Port: compute_controller_bool_bool_unsigned_int_bool_bool_bool_bool_bool_u_71 | {2 }
	Port: compute_controller_bool_bool_unsigned_int_bool_bool_bool_bool_bool_u_35 | {2 }
	Port: compute_controller_bool_bool_unsigned_int_bool_bool_bool_bool_bool_u_70 | {2 }
	Port: compute_controller_bool_bool_unsigned_int_bool_bool_bool_bool_bool_u_34 | {2 }
	Port: compute_controller_bool_bool_unsigned_int_bool_bool_bool_bool_bool_u_69 | {2 }
	Port: compute_controller_bool_bool_unsigned_int_bool_bool_bool_bool_bool_u_33 | {2 }
	Port: compute_controller_bool_bool_unsigned_int_bool_bool_bool_bool_bool_u_68 | {2 }
	Port: compute_controller_bool_bool_unsigned_int_bool_bool_bool_bool_bool_u_32 | {2 }
	Port: compute_controller_bool_bool_unsigned_int_bool_bool_bool_bool_bool_u_67 | {2 }
	Port: compute_controller_bool_bool_unsigned_int_bool_bool_bool_bool_bool_u_31 | {2 }
	Port: compute_controller_bool_bool_unsigned_int_bool_bool_bool_bool_bool_u_66 | {2 }
	Port: compute_controller_bool_bool_unsigned_int_bool_bool_bool_bool_bool_u_30 | {2 }
	Port: compute_controller_bool_bool_unsigned_int_bool_bool_bool_bool_bool_u_65 | {2 }
	Port: p_ZZ18compute_controllerbbjRbS_bS_S_RjPKhPhR12ComputeStateS0_RhS6_S6_S6_S_S_S_S_E_41 | {2 }
	Port: p_ZZ18compute_controllerbbjRbS_bS_S_RjPKhPhR12ComputeStateS0_RhS6_S6_S6_S_S_S_S_E_5 | {2 }
	Port: p_ZZ18compute_controllerbbjRbS_bS_S_RjPKhPhR12ComputeStateS0_RhS6_S6_S6_S_S_S_S_E_40 | {2 }
	Port: p_ZZ18compute_controllerbbjRbS_bS_S_RjPKhPhR12ComputeStateS0_RhS6_S6_S6_S_S_S_S_E_4 | {2 }
	Port: p_ZZ18compute_controllerbbjRbS_bS_S_RjPKhPhR12ComputeStateS0_RhS6_S6_S6_S_S_S_S_E_39 | {2 }
	Port: p_ZZ18compute_controllerbbjRbS_bS_S_RjPKhPhR12ComputeStateS0_RhS6_S6_S6_S_S_S_S_E_3 | {2 }
	Port: p_ZZ18compute_controllerbbjRbS_bS_S_RjPKhPhR12ComputeStateS0_RhS6_S6_S6_S_S_S_S_E_38 | {2 }
	Port: p_ZZ18compute_controllerbbjRbS_bS_S_RjPKhPhR12ComputeStateS0_RhS6_S6_S6_S_S_S_S_E_2 | {2 }
	Port: p_ZZ18compute_controllerbbjRbS_bS_S_RjPKhPhR12ComputeStateS0_RhS6_S6_S6_S_S_S_S_E_37 | {2 }
	Port: p_ZZ18compute_controllerbbjRbS_bS_S_RjPKhPhR12ComputeStateS0_RhS6_S6_S6_S_S_S_S_E_1 | {2 }
	Port: p_ZZ18compute_controllerbbjRbS_bS_S_RjPKhPhR12ComputeStateS0_RhS6_S6_S6_S_S_S_S_E_36 | {2 }
	Port: p_ZZ18compute_controllerbbjRbS_bS_S_RjPKhPhR12ComputeStateS0_RhS6_S6_S6_S_S_S_S_E | {2 }
 - Input state : 
	Port: compute_controller_Pipeline_VITIS_LOOP_527_21 : in_buf | {1 2 }
	Port: compute_controller_Pipeline_VITIS_LOOP_527_21 : compute_controller_bool_bool_unsigned_int_bool_bool_bool_bool_bool_u_39 | {}
	Port: compute_controller_Pipeline_VITIS_LOOP_527_21 : compute_controller_bool_bool_unsigned_int_bool_bool_bool_bool_bool_u_74 | {}
	Port: compute_controller_Pipeline_VITIS_LOOP_527_21 : compute_controller_bool_bool_unsigned_int_bool_bool_bool_bool_bool_u_38 | {}
	Port: compute_controller_Pipeline_VITIS_LOOP_527_21 : compute_controller_bool_bool_unsigned_int_bool_bool_bool_bool_bool_u_73 | {}
	Port: compute_controller_Pipeline_VITIS_LOOP_527_21 : compute_controller_bool_bool_unsigned_int_bool_bool_bool_bool_bool_u_37 | {}
	Port: compute_controller_Pipeline_VITIS_LOOP_527_21 : compute_controller_bool_bool_unsigned_int_bool_bool_bool_bool_bool_u_72 | {}
	Port: compute_controller_Pipeline_VITIS_LOOP_527_21 : compute_controller_bool_bool_unsigned_int_bool_bool_bool_bool_bool_u_36 | {}
	Port: compute_controller_Pipeline_VITIS_LOOP_527_21 : compute_controller_bool_bool_unsigned_int_bool_bool_bool_bool_bool_u_71 | {}
	Port: compute_controller_Pipeline_VITIS_LOOP_527_21 : compute_controller_bool_bool_unsigned_int_bool_bool_bool_bool_bool_u_35 | {}
	Port: compute_controller_Pipeline_VITIS_LOOP_527_21 : compute_controller_bool_bool_unsigned_int_bool_bool_bool_bool_bool_u_70 | {}
	Port: compute_controller_Pipeline_VITIS_LOOP_527_21 : compute_controller_bool_bool_unsigned_int_bool_bool_bool_bool_bool_u_34 | {}
	Port: compute_controller_Pipeline_VITIS_LOOP_527_21 : compute_controller_bool_bool_unsigned_int_bool_bool_bool_bool_bool_u_69 | {}
	Port: compute_controller_Pipeline_VITIS_LOOP_527_21 : compute_controller_bool_bool_unsigned_int_bool_bool_bool_bool_bool_u_33 | {}
	Port: compute_controller_Pipeline_VITIS_LOOP_527_21 : compute_controller_bool_bool_unsigned_int_bool_bool_bool_bool_bool_u_68 | {}
	Port: compute_controller_Pipeline_VITIS_LOOP_527_21 : compute_controller_bool_bool_unsigned_int_bool_bool_bool_bool_bool_u_32 | {}
	Port: compute_controller_Pipeline_VITIS_LOOP_527_21 : compute_controller_bool_bool_unsigned_int_bool_bool_bool_bool_bool_u_67 | {}
	Port: compute_controller_Pipeline_VITIS_LOOP_527_21 : compute_controller_bool_bool_unsigned_int_bool_bool_bool_bool_bool_u_31 | {}
	Port: compute_controller_Pipeline_VITIS_LOOP_527_21 : compute_controller_bool_bool_unsigned_int_bool_bool_bool_bool_bool_u_66 | {}
	Port: compute_controller_Pipeline_VITIS_LOOP_527_21 : compute_controller_bool_bool_unsigned_int_bool_bool_bool_bool_bool_u_30 | {}
	Port: compute_controller_Pipeline_VITIS_LOOP_527_21 : compute_controller_bool_bool_unsigned_int_bool_bool_bool_bool_bool_u_65 | {}
	Port: compute_controller_Pipeline_VITIS_LOOP_527_21 : p_ZZ18compute_controllerbbjRbS_bS_S_RjPKhPhR12ComputeStateS0_RhS6_S6_S6_S_S_S_S_E_41 | {}
	Port: compute_controller_Pipeline_VITIS_LOOP_527_21 : p_ZZ18compute_controllerbbjRbS_bS_S_RjPKhPhR12ComputeStateS0_RhS6_S6_S6_S_S_S_S_E_5 | {}
	Port: compute_controller_Pipeline_VITIS_LOOP_527_21 : p_ZZ18compute_controllerbbjRbS_bS_S_RjPKhPhR12ComputeStateS0_RhS6_S6_S6_S_S_S_S_E_40 | {}
	Port: compute_controller_Pipeline_VITIS_LOOP_527_21 : p_ZZ18compute_controllerbbjRbS_bS_S_RjPKhPhR12ComputeStateS0_RhS6_S6_S6_S_S_S_S_E_4 | {}
	Port: compute_controller_Pipeline_VITIS_LOOP_527_21 : p_ZZ18compute_controllerbbjRbS_bS_S_RjPKhPhR12ComputeStateS0_RhS6_S6_S6_S_S_S_S_E_39 | {}
	Port: compute_controller_Pipeline_VITIS_LOOP_527_21 : p_ZZ18compute_controllerbbjRbS_bS_S_RjPKhPhR12ComputeStateS0_RhS6_S6_S6_S_S_S_S_E_3 | {}
	Port: compute_controller_Pipeline_VITIS_LOOP_527_21 : p_ZZ18compute_controllerbbjRbS_bS_S_RjPKhPhR12ComputeStateS0_RhS6_S6_S6_S_S_S_S_E_38 | {}
	Port: compute_controller_Pipeline_VITIS_LOOP_527_21 : p_ZZ18compute_controllerbbjRbS_bS_S_RjPKhPhR12ComputeStateS0_RhS6_S6_S6_S_S_S_S_E_2 | {}
	Port: compute_controller_Pipeline_VITIS_LOOP_527_21 : p_ZZ18compute_controllerbbjRbS_bS_S_RjPKhPhR12ComputeStateS0_RhS6_S6_S6_S_S_S_S_E_37 | {}
	Port: compute_controller_Pipeline_VITIS_LOOP_527_21 : p_ZZ18compute_controllerbbjRbS_bS_S_RjPKhPhR12ComputeStateS0_RhS6_S6_S6_S_S_S_S_E_1 | {}
	Port: compute_controller_Pipeline_VITIS_LOOP_527_21 : p_ZZ18compute_controllerbbjRbS_bS_S_RjPKhPhR12ComputeStateS0_RhS6_S6_S6_S_S_S_S_E_36 | {}
	Port: compute_controller_Pipeline_VITIS_LOOP_527_21 : p_ZZ18compute_controllerbbjRbS_bS_S_RjPKhPhR12ComputeStateS0_RhS6_S6_S6_S_S_S_S_E | {}
  - Chain level:
	State 1
		store_ln527 : 1
		i : 1
		icmp_ln527 : 2
		add_ln527 : 2
		br_ln527 : 3
		trunc_ln527 : 2
		zext_ln556 : 3
		in_buf_addr_1 : 4
		in_buf_load_1 : 5
		zext_ln556_2_cast : 3
		zext_ln556_1 : 4
		in_buf_addr_2 : 5
		in_buf_load_2 : 6
		switch_ln529 : 3
		store_ln527 : 3
	State 2
		store_ln529 : 1
		store_ln530 : 1
		store_ln529 : 1
		store_ln530 : 1
		store_ln529 : 1
		store_ln530 : 1
		store_ln529 : 1
		store_ln530 : 1
		store_ln529 : 1
		store_ln530 : 1
		store_ln529 : 1
		store_ln530 : 1
		store_ln529 : 1
		store_ln530 : 1
		store_ln529 : 1
		store_ln530 : 1
		store_ln529 : 1
		store_ln530 : 1
		store_ln529 : 1
		store_ln530 : 1
		store_ln529 : 1
		store_ln530 : 1
		store_ln529 : 1
		store_ln530 : 1
		store_ln529 : 1
		store_ln530 : 1
		store_ln529 : 1
		store_ln530 : 1
		store_ln529 : 1
		store_ln530 : 1
		store_ln529 : 1
		store_ln530 : 1


============================================================
+ Verbose Summary: Datapath Resource usage 
============================================================

* Functional unit list:
|----------|--------------------------|---------|---------|
| Operation|      Functional Unit     |    FF   |   LUT   |
|----------|--------------------------|---------|---------|
|   icmp   |     icmp_ln527_fu_167    |    0    |    12   |
|----------|--------------------------|---------|---------|
|    add   |     add_ln527_fu_173     |    0    |    12   |
|----------|--------------------------|---------|---------|
|   trunc  |    trunc_ln527_fu_179    |    0    |    0    |
|----------|--------------------------|---------|---------|
|   zext   |     zext_ln556_fu_183    |    0    |    0    |
|          |    zext_ln556_1_fu_196   |    0    |    0    |
|----------|--------------------------|---------|---------|
|bitconcatenate| zext_ln556_2_cast_fu_188 |    0    |    0    |
|----------|--------------------------|---------|---------|
|  switch  |    switch_ln529_fu_201   |    0    |    0    |
|----------|--------------------------|---------|---------|
|   Total  |                          |    0    |    24   |
|----------|--------------------------|---------|---------|

Memories:
N/A

* Register list:
+---------------------+--------+
|                     |   FF   |
+---------------------+--------+
|     i_2_reg_432     |    5   |
|in_buf_addr_1_reg_446|    8   |
|in_buf_addr_2_reg_451|    8   |
| trunc_ln527_reg_442 |    4   |
+---------------------+--------+
|        Total        |   25   |
+---------------------+--------+

* Multiplexer (MUX) list: 
|-------------------|------|------|------|--------||---------||---------||---------|
|        Comp       |  Pin | Size |  BW  | S x BW ||  Delay  ||    FF   ||   LUT   |
|-------------------|------|------|------|--------||---------||---------||---------|
| grp_access_fu_141 |  p0  |   2  |   8  |   16   ||    0    ||    9    |
| grp_access_fu_141 |  p2  |   2  |   0  |    0   ||    0    ||    9    |
|-------------------|------|------|------|--------||---------||---------||---------|
|       Total       |      |      |      |   16   ||  0.854  ||    0    ||    18   |
|-------------------|------|------|------|--------||---------||---------||---------|



* Summary:
+-----------+--------+--------+--------+
|           |  Delay |   FF   |   LUT  |
+-----------+--------+--------+--------+
|  Function |    -   |    0   |   24   |
|   Memory  |    -   |    -   |    -   |
|Multiplexer|    0   |    0   |   18   |
|  Register |    -   |   25   |    -   |
+-----------+--------+--------+--------+
|   Total   |    0   |   25   |   42   |
+-----------+--------+--------+--------+
