

================================================================
== Vitis HLS Report for 'compute_controller_Pipeline_VITIS_LOOP_41_28'
================================================================
* Date:           Sat Jan 24 18:00:38 2026

* Version:        2025.1 (Build 6135595 on May 21 2025)
* Project:        compute_controller
* Solution:       hls (Vivado IP Flow Target)
* Product family: zynquplus
* Target device:  xck26-sfvc784-2LV-c


================================================================
== Performance Estimates
================================================================
+ Timing: 
    * Summary: 
    +--------+----------+----------+------------+
    |  Clock |  Target  | Estimated| Uncertainty|
    +--------+----------+----------+------------+
    |ap_clk  |  10.00 ns|  4.830 ns|     2.70 ns|
    +--------+----------+----------+------------+

+ Latency: 
    * Summary: 
    +---------+---------+----------+----------+-----+-----+------------------------------------------------+
    |  Latency (cycles) |  Latency (absolute) |  Interval |                    Pipeline                    |
    |   min   |   max   |    min   |    max   | min | max |                      Type                      |
    +---------+---------+----------+----------+-----+-----+------------------------------------------------+
    |       17|       17|  0.170 us|  0.170 us|   13|   13|  loop auto-rewind stp (delay=0 clock cycles(s))|
    +---------+---------+----------+----------+-----+-----+------------------------------------------------+

    + Detail: 
        * Instance: 
        N/A

        * Loop: 
        +-------------------+---------+---------+----------+-----------+-----------+------+----------+
        |                   |  Latency (cycles) | Iteration|  Initiation Interval  | Trip |          |
        |     Loop Name     |   min   |   max   |  Latency |  achieved |   target  | Count| Pipelined|
        +-------------------+---------+---------+----------+-----------+-----------+------+----------+
        |- VITIS_LOOP_41_2  |       15|       15|         5|          1|          1|    12|       yes|
        +-------------------+---------+---------+----------+-----------+-----------+------+----------+

============================================================
+ Verbose Summary: Synthesis Manager
============================================================
InlineROM: 1
ExposeGlobal: 0
============================================================
+ Verbose Summary: CDFG Model
============================================================
IsTopModel: 0
ResetActiveHigh: 1
IsCombinational: 0
IsDatapathOnly: 0
HasWiredReturn: 1
HasMFsm: 2
HasVarLatency: 1
IsPipeline: 0
IsRtlPipelined: 0
IsInstanceOverlapped: 0
IsDontTouch: 0
HasImplIP: 0
IsGatedGlobalClock: 0

+ Individual pipeline summary: 
  * Pipeline-0: initiation interval (II) = 1, depth = 5


============================================================
+ Verbose Summary: Schedule
============================================================
* Number of FSM states : 5
* Pipeline : 1
  Pipeline-0 : II = 1, D = 5, States = { 1 2 3 4 5 }
* Dataflow Pipeline: 0

* FSM state transitions: 
1 --> 2 
2 --> 3 
3 --> 4 
4 --> 5 
5 --> 

* FSM state operations: 

State 1 <SV = 0> <Delay = 1.66>
ST_1 : Operation 8 [1/1] (0.00ns)   --->   "%acc = alloca i32 1" [/home/luka/Scripting/ELEC_498-Capstone-LiteLM/HLS-Verilog/Transformer_logic/src-hls/compute_controller.cpp:40->/home/luka/Scripting/ELEC_498-Capstone-LiteLM/HLS-Verilog/Transformer_logic/src-hls/compute_controller.cpp:690]   --->   Operation 8 'alloca' 'acc' <Predicate = true> <Delay = 0.00>
ST_1 : Operation 9 [1/1] (0.00ns)   --->   "%i = alloca i32 1" [/home/luka/Scripting/ELEC_498-Capstone-LiteLM/HLS-Verilog/Transformer_logic/src-hls/compute_controller.cpp:41->/home/luka/Scripting/ELEC_498-Capstone-LiteLM/HLS-Verilog/Transformer_logic/src-hls/compute_controller.cpp:690]   --->   Operation 9 'alloca' 'i' <Predicate = true> <Delay = 0.00>
ST_1 : Operation 10 [1/1] (0.00ns)   --->   "%p_udiv1316_read = read i10 @_ssdm_op_Read.ap_auto.i10, i10 %p_udiv1316"   --->   Operation 10 'read' 'p_udiv1316_read' <Predicate = true> <Delay = 0.00>
ST_1 : Operation 11 [1/1] (0.00ns)   --->   "%acc_24_read = read i32 @_ssdm_op_Read.ap_auto.i32, i32 %acc_24"   --->   Operation 11 'read' 'acc_24_read' <Predicate = true> <Delay = 0.00>
ST_1 : Operation 12 [1/1] (0.42ns)   --->   "%store_ln41 = store i8 0, i8 %i" [/home/luka/Scripting/ELEC_498-Capstone-LiteLM/HLS-Verilog/Transformer_logic/src-hls/compute_controller.cpp:41->/home/luka/Scripting/ELEC_498-Capstone-LiteLM/HLS-Verilog/Transformer_logic/src-hls/compute_controller.cpp:690]   --->   Operation 12 'store' 'store_ln41' <Predicate = true> <Delay = 0.42>
ST_1 : Operation 13 [1/1] (0.42ns)   --->   "%store_ln40 = store i32 %acc_24_read, i32 %acc" [/home/luka/Scripting/ELEC_498-Capstone-LiteLM/HLS-Verilog/Transformer_logic/src-hls/compute_controller.cpp:40->/home/luka/Scripting/ELEC_498-Capstone-LiteLM/HLS-Verilog/Transformer_logic/src-hls/compute_controller.cpp:690]   --->   Operation 13 'store' 'store_ln40' <Predicate = true> <Delay = 0.42>
ST_1 : Operation 14 [1/1] (0.00ns)   --->   "%br_ln0 = br void %for.body15.i.8"   --->   Operation 14 'br' 'br_ln0' <Predicate = true> <Delay = 0.00>
ST_1 : Operation 15 [1/1] (0.00ns)   --->   "%i_12 = load i8 %i" [/home/luka/Scripting/ELEC_498-Capstone-LiteLM/HLS-Verilog/Transformer_logic/src-hls/compute_controller.cpp:41->/home/luka/Scripting/ELEC_498-Capstone-LiteLM/HLS-Verilog/Transformer_logic/src-hls/compute_controller.cpp:690]   --->   Operation 15 'load' 'i_12' <Predicate = true> <Delay = 0.00>
ST_1 : Operation 16 [1/1] (0.76ns)   --->   "%icmp_ln41 = icmp_ult  i8 %i_12, i8 192" [/home/luka/Scripting/ELEC_498-Capstone-LiteLM/HLS-Verilog/Transformer_logic/src-hls/compute_controller.cpp:41->/home/luka/Scripting/ELEC_498-Capstone-LiteLM/HLS-Verilog/Transformer_logic/src-hls/compute_controller.cpp:690]   --->   Operation 16 'icmp' 'icmp_ln41' <Predicate = true> <Delay = 0.76> <CoreInst = "Cmp">   --->   Core 9 'Cmp' <Latency = 0> <II = 1> <Delay = 0.76> <FuncUnit> <Opcode : 'seteq' 'setne' 'setle' 'setge' 'setlt' 'setgt'> <InPorts = 2> <OutPorts = 1>
ST_1 : Operation 17 [1/1] (0.00ns)   --->   "%br_ln41 = br i1 %icmp_ln41, void %for.cond.cleanup14.i.8.exitStub, void %for.body15.i.8.split" [/home/luka/Scripting/ELEC_498-Capstone-LiteLM/HLS-Verilog/Transformer_logic/src-hls/compute_controller.cpp:41->/home/luka/Scripting/ELEC_498-Capstone-LiteLM/HLS-Verilog/Transformer_logic/src-hls/compute_controller.cpp:690]   --->   Operation 17 'br' 'br_ln41' <Predicate = true> <Delay = 0.00>
ST_1 : Operation 18 [1/1] (0.00ns)   --->   "%lshr_ln40_8 = partselect i4 @_ssdm_op_PartSelect.i4.i8.i32.i32, i8 %i_12, i32 4, i32 7" [/home/luka/Scripting/ELEC_498-Capstone-LiteLM/HLS-Verilog/Transformer_logic/src-hls/compute_controller.cpp:40->/home/luka/Scripting/ELEC_498-Capstone-LiteLM/HLS-Verilog/Transformer_logic/src-hls/compute_controller.cpp:690]   --->   Operation 18 'partselect' 'lshr_ln40_8' <Predicate = (icmp_ln41)> <Delay = 0.00>
ST_1 : Operation 19 [1/1] (0.00ns)   --->   "%zext_ln40 = zext i4 %lshr_ln40_8" [/home/luka/Scripting/ELEC_498-Capstone-LiteLM/HLS-Verilog/Transformer_logic/src-hls/compute_controller.cpp:40->/home/luka/Scripting/ELEC_498-Capstone-LiteLM/HLS-Verilog/Transformer_logic/src-hls/compute_controller.cpp:690]   --->   Operation 19 'zext' 'zext_ln40' <Predicate = (icmp_ln41)> <Delay = 0.00>
ST_1 : Operation 20 [1/1] (0.00ns)   --->   "%tmp_s = partselect i6 @_ssdm_op_PartSelect.i6.i10.i32.i32, i10 %p_udiv1316_read, i32 4, i32 9" [/home/luka/Scripting/ELEC_498-Capstone-LiteLM/HLS-Verilog/Transformer_logic/src-hls/compute_controller.cpp:43->/home/luka/Scripting/ELEC_498-Capstone-LiteLM/HLS-Verilog/Transformer_logic/src-hls/compute_controller.cpp:690]   --->   Operation 20 'partselect' 'tmp_s' <Predicate = (icmp_ln41)> <Delay = 0.00>
ST_1 : Operation 21 [1/1] (0.00ns)   --->   "%add_ln43_8 = bitconcatenate i10 @_ssdm_op_BitConcatenate.i10.i6.i4, i6 %tmp_s, i4 %lshr_ln40_8" [/home/luka/Scripting/ELEC_498-Capstone-LiteLM/HLS-Verilog/Transformer_logic/src-hls/compute_controller.cpp:43->/home/luka/Scripting/ELEC_498-Capstone-LiteLM/HLS-Verilog/Transformer_logic/src-hls/compute_controller.cpp:690]   --->   Operation 21 'bitconcatenate' 'add_ln43_8' <Predicate = (icmp_ln41)> <Delay = 0.00>
ST_1 : Operation 22 [1/1] (0.00ns)   --->   "%zext_ln43 = zext i10 %add_ln43_8" [/home/luka/Scripting/ELEC_498-Capstone-LiteLM/HLS-Verilog/Transformer_logic/src-hls/compute_controller.cpp:43->/home/luka/Scripting/ELEC_498-Capstone-LiteLM/HLS-Verilog/Transformer_logic/src-hls/compute_controller.cpp:690]   --->   Operation 22 'zext' 'zext_ln43' <Predicate = (icmp_ln41)> <Delay = 0.00>
ST_1 : Operation 23 [1/1] (0.00ns)   --->   "%compute_controller_bool_bool_unsigned_int_bool_bool_bool_bool_bool_u_572 = getelementptr i4 %compute_controller_bool_bool_unsigned_int_bool_bool_bool_bool_bool_u_98, i64 0, i64 %zext_ln43" [/home/luka/Scripting/ELEC_498-Capstone-LiteLM/HLS-Verilog/Transformer_logic/src-hls/compute_controller.cpp:43->/home/luka/Scripting/ELEC_498-Capstone-LiteLM/HLS-Verilog/Transformer_logic/src-hls/compute_controller.cpp:690]   --->   Operation 23 'getelementptr' 'compute_controller_bool_bool_unsigned_int_bool_bool_bool_bool_bool_u_572' <Predicate = (icmp_ln41)> <Delay = 0.00>
ST_1 : Operation 24 [2/2] (1.23ns)   --->   "%w_16 = load i10 %compute_controller_bool_bool_unsigned_int_bool_bool_bool_bool_bool_u_572" [/home/luka/Scripting/ELEC_498-Capstone-LiteLM/HLS-Verilog/Transformer_logic/src-hls/compute_controller.cpp:43->/home/luka/Scripting/ELEC_498-Capstone-LiteLM/HLS-Verilog/Transformer_logic/src-hls/compute_controller.cpp:690]   --->   Operation 24 'load' 'w_16' <Predicate = (icmp_ln41)> <Delay = 1.23> <CoreInst = "RAM">   --->   Core 82 'RAM' <Latency = 1> <II = 1> <Delay = 1.23> <Storage> <Opcode : 'load' 'store'> <Ports = 2> <Width = 4> <Depth = 576> <RAM>
ST_1 : Operation 25 [1/1] (0.00ns)   --->   "%compute_controller_bool_bool_unsigned_int_bool_bool_bool_bool_bool_u_573 = getelementptr i16 %compute_controller_bool_bool_unsigned_int_bool_bool_bool_bool_bool_u_58, i64 0, i64 %zext_ln40" [/home/luka/Scripting/ELEC_498-Capstone-LiteLM/HLS-Verilog/Transformer_logic/src-hls/compute_controller.cpp:44->/home/luka/Scripting/ELEC_498-Capstone-LiteLM/HLS-Verilog/Transformer_logic/src-hls/compute_controller.cpp:690]   --->   Operation 25 'getelementptr' 'compute_controller_bool_bool_unsigned_int_bool_bool_bool_bool_bool_u_573' <Predicate = (icmp_ln41)> <Delay = 0.00>
ST_1 : Operation 26 [2/2] (0.67ns)   --->   "%compute_controller_bool_bool_unsigned_int_bool_bool_bool_bool_bool_u_574 = load i4 %compute_controller_bool_bool_unsigned_int_bool_bool_bool_bool_bool_u_573" [/home/luka/Scripting/ELEC_498-Capstone-LiteLM/HLS-Verilog/Transformer_logic/src-hls/compute_controller.cpp:44->/home/luka/Scripting/ELEC_498-Capstone-LiteLM/HLS-Verilog/Transformer_logic/src-hls/compute_controller.cpp:690]   --->   Operation 26 'load' 'compute_controller_bool_bool_unsigned_int_bool_bool_bool_bool_bool_u_574' <Predicate = (icmp_ln41)> <Delay = 0.67> <CoreInst = "RAM">   --->   Core 82 'RAM' <Latency = 1> <II = 1> <Delay = 0.67> <Storage> <Opcode : 'load' 'store'> <Ports = 2> <Width = 16> <Depth = 12> <RAM>
ST_1 : Operation 27 [1/1] (0.00ns)   --->   "%compute_controller_bool_bool_unsigned_int_bool_bool_bool_bool_bool_u_578 = getelementptr i4 %compute_controller_bool_bool_unsigned_int_bool_bool_bool_bool_bool_u_96, i64 0, i64 %zext_ln43" [/home/luka/Scripting/ELEC_498-Capstone-LiteLM/HLS-Verilog/Transformer_logic/src-hls/compute_controller.cpp:43->/home/luka/Scripting/ELEC_498-Capstone-LiteLM/HLS-Verilog/Transformer_logic/src-hls/compute_controller.cpp:690]   --->   Operation 27 'getelementptr' 'compute_controller_bool_bool_unsigned_int_bool_bool_bool_bool_bool_u_578' <Predicate = (icmp_ln41)> <Delay = 0.00>
ST_1 : Operation 28 [2/2] (1.23ns)   --->   "%w_18 = load i10 %compute_controller_bool_bool_unsigned_int_bool_bool_bool_bool_bool_u_578" [/home/luka/Scripting/ELEC_498-Capstone-LiteLM/HLS-Verilog/Transformer_logic/src-hls/compute_controller.cpp:43->/home/luka/Scripting/ELEC_498-Capstone-LiteLM/HLS-Verilog/Transformer_logic/src-hls/compute_controller.cpp:690]   --->   Operation 28 'load' 'w_18' <Predicate = (icmp_ln41)> <Delay = 1.23> <CoreInst = "RAM">   --->   Core 82 'RAM' <Latency = 1> <II = 1> <Delay = 1.23> <Storage> <Opcode : 'load' 'store'> <Ports = 2> <Width = 4> <Depth = 576> <RAM>
ST_1 : Operation 29 [1/1] (0.00ns)   --->   "%compute_controller_bool_bool_unsigned_int_bool_bool_bool_bool_bool_u_579 = getelementptr i16 %compute_controller_bool_bool_unsigned_int_bool_bool_bool_bool_bool_u_56, i64 0, i64 %zext_ln40" [/home/luka/Scripting/ELEC_498-Capstone-LiteLM/HLS-Verilog/Transformer_logic/src-hls/compute_controller.cpp:44->/home/luka/Scripting/ELEC_498-Capstone-LiteLM/HLS-Verilog/Transformer_logic/src-hls/compute_controller.cpp:690]   --->   Operation 29 'getelementptr' 'compute_controller_bool_bool_unsigned_int_bool_bool_bool_bool_bool_u_579' <Predicate = (icmp_ln41)> <Delay = 0.00>
ST_1 : Operation 30 [2/2] (0.67ns)   --->   "%compute_controller_bool_bool_unsigned_int_bool_bool_bool_bool_bool_u_580 = load i4 %compute_controller_bool_bool_unsigned_int_bool_bool_bool_bool_bool_u_579" [/home/luka/Scripting/ELEC_498-Capstone-LiteLM/HLS-Verilog/Transformer_logic/src-hls/compute_controller.cpp:44->/home/luka/Scripting/ELEC_498-Capstone-LiteLM/HLS-Verilog/Transformer_logic/src-hls/compute_controller.cpp:690]   --->   Operation 30 'load' 'compute_controller_bool_bool_unsigned_int_bool_bool_bool_bool_bool_u_580' <Predicate = (icmp_ln41)> <Delay = 0.67> <CoreInst = "RAM">   --->   Core 82 'RAM' <Latency = 1> <II = 1> <Delay = 0.67> <Storage> <Opcode : 'load' 'store'> <Ports = 2> <Width = 16> <Depth = 12> <RAM>
ST_1 : Operation 31 [1/1] (0.00ns)   --->   "%compute_controller_bool_bool_unsigned_int_bool_bool_bool_bool_bool_u_584 = getelementptr i4 %compute_controller_bool_bool_unsigned_int_bool_bool_bool_bool_bool_u_94, i64 0, i64 %zext_ln43" [/home/luka/Scripting/ELEC_498-Capstone-LiteLM/HLS-Verilog/Transformer_logic/src-hls/compute_controller.cpp:43->/home/luka/Scripting/ELEC_498-Capstone-LiteLM/HLS-Verilog/Transformer_logic/src-hls/compute_controller.cpp:690]   --->   Operation 31 'getelementptr' 'compute_controller_bool_bool_unsigned_int_bool_bool_bool_bool_bool_u_584' <Predicate = (icmp_ln41)> <Delay = 0.00>
ST_1 : Operation 32 [2/2] (1.23ns)   --->   "%w_20 = load i10 %compute_controller_bool_bool_unsigned_int_bool_bool_bool_bool_bool_u_584" [/home/luka/Scripting/ELEC_498-Capstone-LiteLM/HLS-Verilog/Transformer_logic/src-hls/compute_controller.cpp:43->/home/luka/Scripting/ELEC_498-Capstone-LiteLM/HLS-Verilog/Transformer_logic/src-hls/compute_controller.cpp:690]   --->   Operation 32 'load' 'w_20' <Predicate = (icmp_ln41)> <Delay = 1.23> <CoreInst = "RAM">   --->   Core 82 'RAM' <Latency = 1> <II = 1> <Delay = 1.23> <Storage> <Opcode : 'load' 'store'> <Ports = 2> <Width = 4> <Depth = 576> <RAM>
ST_1 : Operation 33 [1/1] (0.00ns)   --->   "%compute_controller_bool_bool_unsigned_int_bool_bool_bool_bool_bool_u_585 = getelementptr i16 %compute_controller_bool_bool_unsigned_int_bool_bool_bool_bool_bool_u_54, i64 0, i64 %zext_ln40" [/home/luka/Scripting/ELEC_498-Capstone-LiteLM/HLS-Verilog/Transformer_logic/src-hls/compute_controller.cpp:44->/home/luka/Scripting/ELEC_498-Capstone-LiteLM/HLS-Verilog/Transformer_logic/src-hls/compute_controller.cpp:690]   --->   Operation 33 'getelementptr' 'compute_controller_bool_bool_unsigned_int_bool_bool_bool_bool_bool_u_585' <Predicate = (icmp_ln41)> <Delay = 0.00>
ST_1 : Operation 34 [2/2] (0.67ns)   --->   "%compute_controller_bool_bool_unsigned_int_bool_bool_bool_bool_bool_u_586 = load i4 %compute_controller_bool_bool_unsigned_int_bool_bool_bool_bool_bool_u_585" [/home/luka/Scripting/ELEC_498-Capstone-LiteLM/HLS-Verilog/Transformer_logic/src-hls/compute_controller.cpp:44->/home/luka/Scripting/ELEC_498-Capstone-LiteLM/HLS-Verilog/Transformer_logic/src-hls/compute_controller.cpp:690]   --->   Operation 34 'load' 'compute_controller_bool_bool_unsigned_int_bool_bool_bool_bool_bool_u_586' <Predicate = (icmp_ln41)> <Delay = 0.67> <CoreInst = "RAM">   --->   Core 82 'RAM' <Latency = 1> <II = 1> <Delay = 0.67> <Storage> <Opcode : 'load' 'store'> <Ports = 2> <Width = 16> <Depth = 12> <RAM>
ST_1 : Operation 35 [1/1] (0.00ns)   --->   "%compute_controller_bool_bool_unsigned_int_bool_bool_bool_bool_bool_u_590 = getelementptr i4 %compute_controller_bool_bool_unsigned_int_bool_bool_bool_bool_bool_u_92, i64 0, i64 %zext_ln43" [/home/luka/Scripting/ELEC_498-Capstone-LiteLM/HLS-Verilog/Transformer_logic/src-hls/compute_controller.cpp:43->/home/luka/Scripting/ELEC_498-Capstone-LiteLM/HLS-Verilog/Transformer_logic/src-hls/compute_controller.cpp:690]   --->   Operation 35 'getelementptr' 'compute_controller_bool_bool_unsigned_int_bool_bool_bool_bool_bool_u_590' <Predicate = (icmp_ln41)> <Delay = 0.00>
ST_1 : Operation 36 [2/2] (1.23ns)   --->   "%w_22 = load i10 %compute_controller_bool_bool_unsigned_int_bool_bool_bool_bool_bool_u_590" [/home/luka/Scripting/ELEC_498-Capstone-LiteLM/HLS-Verilog/Transformer_logic/src-hls/compute_controller.cpp:43->/home/luka/Scripting/ELEC_498-Capstone-LiteLM/HLS-Verilog/Transformer_logic/src-hls/compute_controller.cpp:690]   --->   Operation 36 'load' 'w_22' <Predicate = (icmp_ln41)> <Delay = 1.23> <CoreInst = "RAM">   --->   Core 82 'RAM' <Latency = 1> <II = 1> <Delay = 1.23> <Storage> <Opcode : 'load' 'store'> <Ports = 2> <Width = 4> <Depth = 576> <RAM>
ST_1 : Operation 37 [1/1] (0.00ns)   --->   "%compute_controller_bool_bool_unsigned_int_bool_bool_bool_bool_bool_u_591 = getelementptr i16 %compute_controller_bool_bool_unsigned_int_bool_bool_bool_bool_bool_u_52, i64 0, i64 %zext_ln40" [/home/luka/Scripting/ELEC_498-Capstone-LiteLM/HLS-Verilog/Transformer_logic/src-hls/compute_controller.cpp:44->/home/luka/Scripting/ELEC_498-Capstone-LiteLM/HLS-Verilog/Transformer_logic/src-hls/compute_controller.cpp:690]   --->   Operation 37 'getelementptr' 'compute_controller_bool_bool_unsigned_int_bool_bool_bool_bool_bool_u_591' <Predicate = (icmp_ln41)> <Delay = 0.00>
ST_1 : Operation 38 [2/2] (0.67ns)   --->   "%compute_controller_bool_bool_unsigned_int_bool_bool_bool_bool_bool_u_592 = load i4 %compute_controller_bool_bool_unsigned_int_bool_bool_bool_bool_bool_u_591" [/home/luka/Scripting/ELEC_498-Capstone-LiteLM/HLS-Verilog/Transformer_logic/src-hls/compute_controller.cpp:44->/home/luka/Scripting/ELEC_498-Capstone-LiteLM/HLS-Verilog/Transformer_logic/src-hls/compute_controller.cpp:690]   --->   Operation 38 'load' 'compute_controller_bool_bool_unsigned_int_bool_bool_bool_bool_bool_u_592' <Predicate = (icmp_ln41)> <Delay = 0.67> <CoreInst = "RAM">   --->   Core 82 'RAM' <Latency = 1> <II = 1> <Delay = 0.67> <Storage> <Opcode : 'load' 'store'> <Ports = 2> <Width = 16> <Depth = 12> <RAM>
ST_1 : Operation 39 [1/1] (0.00ns)   --->   "%compute_controller_bool_bool_unsigned_int_bool_bool_bool_bool_bool_u_596 = getelementptr i4 %compute_controller_bool_bool_unsigned_int_bool_bool_bool_bool_bool_u_90, i64 0, i64 %zext_ln43" [/home/luka/Scripting/ELEC_498-Capstone-LiteLM/HLS-Verilog/Transformer_logic/src-hls/compute_controller.cpp:43->/home/luka/Scripting/ELEC_498-Capstone-LiteLM/HLS-Verilog/Transformer_logic/src-hls/compute_controller.cpp:690]   --->   Operation 39 'getelementptr' 'compute_controller_bool_bool_unsigned_int_bool_bool_bool_bool_bool_u_596' <Predicate = (icmp_ln41)> <Delay = 0.00>
ST_1 : Operation 40 [2/2] (1.23ns)   --->   "%w_24 = load i10 %compute_controller_bool_bool_unsigned_int_bool_bool_bool_bool_bool_u_596" [/home/luka/Scripting/ELEC_498-Capstone-LiteLM/HLS-Verilog/Transformer_logic/src-hls/compute_controller.cpp:43->/home/luka/Scripting/ELEC_498-Capstone-LiteLM/HLS-Verilog/Transformer_logic/src-hls/compute_controller.cpp:690]   --->   Operation 40 'load' 'w_24' <Predicate = (icmp_ln41)> <Delay = 1.23> <CoreInst = "RAM">   --->   Core 82 'RAM' <Latency = 1> <II = 1> <Delay = 1.23> <Storage> <Opcode : 'load' 'store'> <Ports = 2> <Width = 4> <Depth = 576> <RAM>
ST_1 : Operation 41 [1/1] (0.00ns)   --->   "%compute_controller_bool_bool_unsigned_int_bool_bool_bool_bool_bool_u_597 = getelementptr i16 %compute_controller_bool_bool_unsigned_int_bool_bool_bool_bool_bool_u_50, i64 0, i64 %zext_ln40" [/home/luka/Scripting/ELEC_498-Capstone-LiteLM/HLS-Verilog/Transformer_logic/src-hls/compute_controller.cpp:44->/home/luka/Scripting/ELEC_498-Capstone-LiteLM/HLS-Verilog/Transformer_logic/src-hls/compute_controller.cpp:690]   --->   Operation 41 'getelementptr' 'compute_controller_bool_bool_unsigned_int_bool_bool_bool_bool_bool_u_597' <Predicate = (icmp_ln41)> <Delay = 0.00>
ST_1 : Operation 42 [2/2] (0.67ns)   --->   "%compute_controller_bool_bool_unsigned_int_bool_bool_bool_bool_bool_u_598 = load i4 %compute_controller_bool_bool_unsigned_int_bool_bool_bool_bool_bool_u_597" [/home/luka/Scripting/ELEC_498-Capstone-LiteLM/HLS-Verilog/Transformer_logic/src-hls/compute_controller.cpp:44->/home/luka/Scripting/ELEC_498-Capstone-LiteLM/HLS-Verilog/Transformer_logic/src-hls/compute_controller.cpp:690]   --->   Operation 42 'load' 'compute_controller_bool_bool_unsigned_int_bool_bool_bool_bool_bool_u_598' <Predicate = (icmp_ln41)> <Delay = 0.67> <CoreInst = "RAM">   --->   Core 82 'RAM' <Latency = 1> <II = 1> <Delay = 0.67> <Storage> <Opcode : 'load' 'store'> <Ports = 2> <Width = 16> <Depth = 12> <RAM>
ST_1 : Operation 43 [1/1] (0.00ns)   --->   "%p_ZZ18compute_controllerbbjRbS_bS_S_RjPKhPhR12ComputeStateS0_RhS6_S6_S6_S_S_S_S_E_309 = getelementptr i4 %p_ZZ18compute_controllerbbjRbS_bS_S_RjPKhPhR12ComputeStateS0_RhS6_S6_S6_S_S_S_S_E_28, i64 0, i64 %zext_ln43" [/home/luka/Scripting/ELEC_498-Capstone-LiteLM/HLS-Verilog/Transformer_logic/src-hls/compute_controller.cpp:43->/home/luka/Scripting/ELEC_498-Capstone-LiteLM/HLS-Verilog/Transformer_logic/src-hls/compute_controller.cpp:690]   --->   Operation 43 'getelementptr' 'p_ZZ18compute_controllerbbjRbS_bS_S_RjPKhPhR12ComputeStateS0_RhS6_S6_S6_S_S_S_S_E_309' <Predicate = (icmp_ln41)> <Delay = 0.00>
ST_1 : Operation 44 [2/2] (1.23ns)   --->   "%w_26 = load i10 %p_ZZ18compute_controllerbbjRbS_bS_S_RjPKhPhR12ComputeStateS0_RhS6_S6_S6_S_S_S_S_E_309" [/home/luka/Scripting/ELEC_498-Capstone-LiteLM/HLS-Verilog/Transformer_logic/src-hls/compute_controller.cpp:43->/home/luka/Scripting/ELEC_498-Capstone-LiteLM/HLS-Verilog/Transformer_logic/src-hls/compute_controller.cpp:690]   --->   Operation 44 'load' 'w_26' <Predicate = (icmp_ln41)> <Delay = 1.23> <CoreInst = "RAM">   --->   Core 82 'RAM' <Latency = 1> <II = 1> <Delay = 1.23> <Storage> <Opcode : 'load' 'store'> <Ports = 2> <Width = 4> <Depth = 576> <RAM>
ST_1 : Operation 45 [1/1] (0.00ns)   --->   "%p_ZZ18compute_controllerbbjRbS_bS_S_RjPKhPhR12ComputeStateS0_RhS6_S6_S6_S_S_S_S_E_310 = getelementptr i16 %p_ZZ18compute_controllerbbjRbS_bS_S_RjPKhPhR12ComputeStateS0_RhS6_S6_S6_S_S_S_S_E_22, i64 0, i64 %zext_ln40" [/home/luka/Scripting/ELEC_498-Capstone-LiteLM/HLS-Verilog/Transformer_logic/src-hls/compute_controller.cpp:44->/home/luka/Scripting/ELEC_498-Capstone-LiteLM/HLS-Verilog/Transformer_logic/src-hls/compute_controller.cpp:690]   --->   Operation 45 'getelementptr' 'p_ZZ18compute_controllerbbjRbS_bS_S_RjPKhPhR12ComputeStateS0_RhS6_S6_S6_S_S_S_S_E_310' <Predicate = (icmp_ln41)> <Delay = 0.00>
ST_1 : Operation 46 [2/2] (0.67ns)   --->   "%p_ZZ18compute_controllerbbjRbS_bS_S_RjPKhPhR12ComputeStateS0_RhS6_S6_S6_S_S_S_S_E_311 = load i4 %p_ZZ18compute_controllerbbjRbS_bS_S_RjPKhPhR12ComputeStateS0_RhS6_S6_S6_S_S_S_S_E_310" [/home/luka/Scripting/ELEC_498-Capstone-LiteLM/HLS-Verilog/Transformer_logic/src-hls/compute_controller.cpp:44->/home/luka/Scripting/ELEC_498-Capstone-LiteLM/HLS-Verilog/Transformer_logic/src-hls/compute_controller.cpp:690]   --->   Operation 46 'load' 'p_ZZ18compute_controllerbbjRbS_bS_S_RjPKhPhR12ComputeStateS0_RhS6_S6_S6_S_S_S_S_E_311' <Predicate = (icmp_ln41)> <Delay = 0.67> <CoreInst = "RAM">   --->   Core 82 'RAM' <Latency = 1> <II = 1> <Delay = 0.67> <Storage> <Opcode : 'load' 'store'> <Ports = 2> <Width = 16> <Depth = 12> <RAM>
ST_1 : Operation 47 [1/1] (0.00ns)   --->   "%p_ZZ18compute_controllerbbjRbS_bS_S_RjPKhPhR12ComputeStateS0_RhS6_S6_S6_S_S_S_S_E_315 = getelementptr i4 %p_ZZ18compute_controllerbbjRbS_bS_S_RjPKhPhR12ComputeStateS0_RhS6_S6_S6_S_S_S_S_E_26, i64 0, i64 %zext_ln43" [/home/luka/Scripting/ELEC_498-Capstone-LiteLM/HLS-Verilog/Transformer_logic/src-hls/compute_controller.cpp:43->/home/luka/Scripting/ELEC_498-Capstone-LiteLM/HLS-Verilog/Transformer_logic/src-hls/compute_controller.cpp:690]   --->   Operation 47 'getelementptr' 'p_ZZ18compute_controllerbbjRbS_bS_S_RjPKhPhR12ComputeStateS0_RhS6_S6_S6_S_S_S_S_E_315' <Predicate = (icmp_ln41)> <Delay = 0.00>
ST_1 : Operation 48 [2/2] (1.23ns)   --->   "%w_28 = load i10 %p_ZZ18compute_controllerbbjRbS_bS_S_RjPKhPhR12ComputeStateS0_RhS6_S6_S6_S_S_S_S_E_315" [/home/luka/Scripting/ELEC_498-Capstone-LiteLM/HLS-Verilog/Transformer_logic/src-hls/compute_controller.cpp:43->/home/luka/Scripting/ELEC_498-Capstone-LiteLM/HLS-Verilog/Transformer_logic/src-hls/compute_controller.cpp:690]   --->   Operation 48 'load' 'w_28' <Predicate = (icmp_ln41)> <Delay = 1.23> <CoreInst = "RAM">   --->   Core 82 'RAM' <Latency = 1> <II = 1> <Delay = 1.23> <Storage> <Opcode : 'load' 'store'> <Ports = 2> <Width = 4> <Depth = 576> <RAM>
ST_1 : Operation 49 [1/1] (0.00ns)   --->   "%p_ZZ18compute_controllerbbjRbS_bS_S_RjPKhPhR12ComputeStateS0_RhS6_S6_S6_S_S_S_S_E_316 = getelementptr i16 %p_ZZ18compute_controllerbbjRbS_bS_S_RjPKhPhR12ComputeStateS0_RhS6_S6_S6_S_S_S_S_E_20, i64 0, i64 %zext_ln40" [/home/luka/Scripting/ELEC_498-Capstone-LiteLM/HLS-Verilog/Transformer_logic/src-hls/compute_controller.cpp:44->/home/luka/Scripting/ELEC_498-Capstone-LiteLM/HLS-Verilog/Transformer_logic/src-hls/compute_controller.cpp:690]   --->   Operation 49 'getelementptr' 'p_ZZ18compute_controllerbbjRbS_bS_S_RjPKhPhR12ComputeStateS0_RhS6_S6_S6_S_S_S_S_E_316' <Predicate = (icmp_ln41)> <Delay = 0.00>
ST_1 : Operation 50 [2/2] (0.67ns)   --->   "%p_ZZ18compute_controllerbbjRbS_bS_S_RjPKhPhR12ComputeStateS0_RhS6_S6_S6_S_S_S_S_E_317 = load i4 %p_ZZ18compute_controllerbbjRbS_bS_S_RjPKhPhR12ComputeStateS0_RhS6_S6_S6_S_S_S_S_E_316" [/home/luka/Scripting/ELEC_498-Capstone-LiteLM/HLS-Verilog/Transformer_logic/src-hls/compute_controller.cpp:44->/home/luka/Scripting/ELEC_498-Capstone-LiteLM/HLS-Verilog/Transformer_logic/src-hls/compute_controller.cpp:690]   --->   Operation 50 'load' 'p_ZZ18compute_controllerbbjRbS_bS_S_RjPKhPhR12ComputeStateS0_RhS6_S6_S6_S_S_S_S_E_317' <Predicate = (icmp_ln41)> <Delay = 0.67> <CoreInst = "RAM">   --->   Core 82 'RAM' <Latency = 1> <II = 1> <Delay = 0.67> <Storage> <Opcode : 'load' 'store'> <Ports = 2> <Width = 16> <Depth = 12> <RAM>
ST_1 : Operation 51 [1/1] (0.00ns)   --->   "%p_ZZ18compute_controllerbbjRbS_bS_S_RjPKhPhR12ComputeStateS0_RhS6_S6_S6_S_S_S_S_E_321 = getelementptr i4 %p_ZZ18compute_controllerbbjRbS_bS_S_RjPKhPhR12ComputeStateS0_RhS6_S6_S6_S_S_S_S_E_24, i64 0, i64 %zext_ln43" [/home/luka/Scripting/ELEC_498-Capstone-LiteLM/HLS-Verilog/Transformer_logic/src-hls/compute_controller.cpp:43->/home/luka/Scripting/ELEC_498-Capstone-LiteLM/HLS-Verilog/Transformer_logic/src-hls/compute_controller.cpp:690]   --->   Operation 51 'getelementptr' 'p_ZZ18compute_controllerbbjRbS_bS_S_RjPKhPhR12ComputeStateS0_RhS6_S6_S6_S_S_S_S_E_321' <Predicate = (icmp_ln41)> <Delay = 0.00>
ST_1 : Operation 52 [2/2] (1.23ns)   --->   "%w_30 = load i10 %p_ZZ18compute_controllerbbjRbS_bS_S_RjPKhPhR12ComputeStateS0_RhS6_S6_S6_S_S_S_S_E_321" [/home/luka/Scripting/ELEC_498-Capstone-LiteLM/HLS-Verilog/Transformer_logic/src-hls/compute_controller.cpp:43->/home/luka/Scripting/ELEC_498-Capstone-LiteLM/HLS-Verilog/Transformer_logic/src-hls/compute_controller.cpp:690]   --->   Operation 52 'load' 'w_30' <Predicate = (icmp_ln41)> <Delay = 1.23> <CoreInst = "RAM">   --->   Core 82 'RAM' <Latency = 1> <II = 1> <Delay = 1.23> <Storage> <Opcode : 'load' 'store'> <Ports = 2> <Width = 4> <Depth = 576> <RAM>
ST_1 : Operation 53 [1/1] (0.00ns)   --->   "%p_ZZ18compute_controllerbbjRbS_bS_S_RjPKhPhR12ComputeStateS0_RhS6_S6_S6_S_S_S_S_E_322 = getelementptr i16 %p_ZZ18compute_controllerbbjRbS_bS_S_RjPKhPhR12ComputeStateS0_RhS6_S6_S6_S_S_S_S_E_18, i64 0, i64 %zext_ln40" [/home/luka/Scripting/ELEC_498-Capstone-LiteLM/HLS-Verilog/Transformer_logic/src-hls/compute_controller.cpp:44->/home/luka/Scripting/ELEC_498-Capstone-LiteLM/HLS-Verilog/Transformer_logic/src-hls/compute_controller.cpp:690]   --->   Operation 53 'getelementptr' 'p_ZZ18compute_controllerbbjRbS_bS_S_RjPKhPhR12ComputeStateS0_RhS6_S6_S6_S_S_S_S_E_322' <Predicate = (icmp_ln41)> <Delay = 0.00>
ST_1 : Operation 54 [2/2] (0.67ns)   --->   "%p_ZZ18compute_controllerbbjRbS_bS_S_RjPKhPhR12ComputeStateS0_RhS6_S6_S6_S_S_S_S_E_323 = load i4 %p_ZZ18compute_controllerbbjRbS_bS_S_RjPKhPhR12ComputeStateS0_RhS6_S6_S6_S_S_S_S_E_322" [/home/luka/Scripting/ELEC_498-Capstone-LiteLM/HLS-Verilog/Transformer_logic/src-hls/compute_controller.cpp:44->/home/luka/Scripting/ELEC_498-Capstone-LiteLM/HLS-Verilog/Transformer_logic/src-hls/compute_controller.cpp:690]   --->   Operation 54 'load' 'p_ZZ18compute_controllerbbjRbS_bS_S_RjPKhPhR12ComputeStateS0_RhS6_S6_S6_S_S_S_S_E_323' <Predicate = (icmp_ln41)> <Delay = 0.67> <CoreInst = "RAM">   --->   Core 82 'RAM' <Latency = 1> <II = 1> <Delay = 0.67> <Storage> <Opcode : 'load' 'store'> <Ports = 2> <Width = 16> <Depth = 12> <RAM>
ST_1 : Operation 55 [1/1] (0.76ns)   --->   "%add_ln41 = add i8 %i_12, i8 16" [/home/luka/Scripting/ELEC_498-Capstone-LiteLM/HLS-Verilog/Transformer_logic/src-hls/compute_controller.cpp:41->/home/luka/Scripting/ELEC_498-Capstone-LiteLM/HLS-Verilog/Transformer_logic/src-hls/compute_controller.cpp:690]   --->   Operation 55 'add' 'add_ln41' <Predicate = (icmp_ln41)> <Delay = 0.76> <CoreInst = "Adder">   --->   Core 1 'Adder' <Latency = 0> <II = 1> <Delay = 0.76> <FuncUnit> <Opcode : 'add' 'sub'> <InPorts = 2> <OutPorts = 1>
ST_1 : Operation 56 [1/1] (0.42ns)   --->   "%store_ln41 = store i8 %add_ln41, i8 %i" [/home/luka/Scripting/ELEC_498-Capstone-LiteLM/HLS-Verilog/Transformer_logic/src-hls/compute_controller.cpp:41->/home/luka/Scripting/ELEC_498-Capstone-LiteLM/HLS-Verilog/Transformer_logic/src-hls/compute_controller.cpp:690]   --->   Operation 56 'store' 'store_ln41' <Predicate = (icmp_ln41)> <Delay = 0.42>

State 2 <SV = 1> <Delay = 2.23>
ST_2 : Operation 57 [1/2] ( I:1.23ns O:1.23ns )   --->   "%w_16 = load i10 %compute_controller_bool_bool_unsigned_int_bool_bool_bool_bool_bool_u_572" [/home/luka/Scripting/ELEC_498-Capstone-LiteLM/HLS-Verilog/Transformer_logic/src-hls/compute_controller.cpp:43->/home/luka/Scripting/ELEC_498-Capstone-LiteLM/HLS-Verilog/Transformer_logic/src-hls/compute_controller.cpp:690]   --->   Operation 57 'load' 'w_16' <Predicate = true> <Delay = 1.23> <CoreInst = "RAM">   --->   Core 82 'RAM' <Latency = 1> <II = 1> <Delay = 1.23> <Storage> <Opcode : 'load' 'store'> <Ports = 2> <Width = 4> <Depth = 576> <RAM>
ST_2 : Operation 58 [1/2] ( I:0.67ns O:0.67ns )   --->   "%compute_controller_bool_bool_unsigned_int_bool_bool_bool_bool_bool_u_574 = load i4 %compute_controller_bool_bool_unsigned_int_bool_bool_bool_bool_bool_u_573" [/home/luka/Scripting/ELEC_498-Capstone-LiteLM/HLS-Verilog/Transformer_logic/src-hls/compute_controller.cpp:44->/home/luka/Scripting/ELEC_498-Capstone-LiteLM/HLS-Verilog/Transformer_logic/src-hls/compute_controller.cpp:690]   --->   Operation 58 'load' 'compute_controller_bool_bool_unsigned_int_bool_bool_bool_bool_bool_u_574' <Predicate = true> <Delay = 0.67> <CoreInst = "RAM">   --->   Core 82 'RAM' <Latency = 1> <II = 1> <Delay = 0.67> <Storage> <Opcode : 'load' 'store'> <Ports = 2> <Width = 16> <Depth = 12> <RAM>
ST_2 : Operation 59 [1/1] (0.00ns)   --->   "%sext_ln44_48 = sext i16 %compute_controller_bool_bool_unsigned_int_bool_bool_bool_bool_bool_u_574" [/home/luka/Scripting/ELEC_498-Capstone-LiteLM/HLS-Verilog/Transformer_logic/src-hls/compute_controller.cpp:44->/home/luka/Scripting/ELEC_498-Capstone-LiteLM/HLS-Verilog/Transformer_logic/src-hls/compute_controller.cpp:690]   --->   Operation 59 'sext' 'sext_ln44_48' <Predicate = true> <Delay = 0.00>
ST_2 : Operation 60 [1/1] (0.00ns)   --->   "%sext_ln43_15 = sext i4 %w_16" [/home/luka/Scripting/ELEC_498-Capstone-LiteLM/HLS-Verilog/Transformer_logic/src-hls/compute_controller.cpp:43->/home/luka/Scripting/ELEC_498-Capstone-LiteLM/HLS-Verilog/Transformer_logic/src-hls/compute_controller.cpp:690]   --->   Operation 60 'sext' 'sext_ln43_15' <Predicate = true> <Delay = 0.00>
ST_2 : Operation 61 [1/2] ( I:1.23ns O:1.23ns )   --->   "%w_18 = load i10 %compute_controller_bool_bool_unsigned_int_bool_bool_bool_bool_bool_u_578" [/home/luka/Scripting/ELEC_498-Capstone-LiteLM/HLS-Verilog/Transformer_logic/src-hls/compute_controller.cpp:43->/home/luka/Scripting/ELEC_498-Capstone-LiteLM/HLS-Verilog/Transformer_logic/src-hls/compute_controller.cpp:690]   --->   Operation 61 'load' 'w_18' <Predicate = true> <Delay = 1.23> <CoreInst = "RAM">   --->   Core 82 'RAM' <Latency = 1> <II = 1> <Delay = 1.23> <Storage> <Opcode : 'load' 'store'> <Ports = 2> <Width = 4> <Depth = 576> <RAM>
ST_2 : Operation 62 [1/2] ( I:0.67ns O:0.67ns )   --->   "%compute_controller_bool_bool_unsigned_int_bool_bool_bool_bool_bool_u_580 = load i4 %compute_controller_bool_bool_unsigned_int_bool_bool_bool_bool_bool_u_579" [/home/luka/Scripting/ELEC_498-Capstone-LiteLM/HLS-Verilog/Transformer_logic/src-hls/compute_controller.cpp:44->/home/luka/Scripting/ELEC_498-Capstone-LiteLM/HLS-Verilog/Transformer_logic/src-hls/compute_controller.cpp:690]   --->   Operation 62 'load' 'compute_controller_bool_bool_unsigned_int_bool_bool_bool_bool_bool_u_580' <Predicate = true> <Delay = 0.67> <CoreInst = "RAM">   --->   Core 82 'RAM' <Latency = 1> <II = 1> <Delay = 0.67> <Storage> <Opcode : 'load' 'store'> <Ports = 2> <Width = 16> <Depth = 12> <RAM>
ST_2 : Operation 63 [1/1] (0.00ns)   --->   "%sext_ln44_50 = sext i16 %compute_controller_bool_bool_unsigned_int_bool_bool_bool_bool_bool_u_580" [/home/luka/Scripting/ELEC_498-Capstone-LiteLM/HLS-Verilog/Transformer_logic/src-hls/compute_controller.cpp:44->/home/luka/Scripting/ELEC_498-Capstone-LiteLM/HLS-Verilog/Transformer_logic/src-hls/compute_controller.cpp:690]   --->   Operation 63 'sext' 'sext_ln44_50' <Predicate = true> <Delay = 0.00>
ST_2 : Operation 64 [1/1] (0.00ns)   --->   "%sext_ln43_17 = sext i4 %w_18" [/home/luka/Scripting/ELEC_498-Capstone-LiteLM/HLS-Verilog/Transformer_logic/src-hls/compute_controller.cpp:43->/home/luka/Scripting/ELEC_498-Capstone-LiteLM/HLS-Verilog/Transformer_logic/src-hls/compute_controller.cpp:690]   --->   Operation 64 'sext' 'sext_ln43_17' <Predicate = true> <Delay = 0.00>
ST_2 : Operation 65 [1/2] ( I:1.23ns O:1.23ns )   --->   "%w_20 = load i10 %compute_controller_bool_bool_unsigned_int_bool_bool_bool_bool_bool_u_584" [/home/luka/Scripting/ELEC_498-Capstone-LiteLM/HLS-Verilog/Transformer_logic/src-hls/compute_controller.cpp:43->/home/luka/Scripting/ELEC_498-Capstone-LiteLM/HLS-Verilog/Transformer_logic/src-hls/compute_controller.cpp:690]   --->   Operation 65 'load' 'w_20' <Predicate = true> <Delay = 1.23> <CoreInst = "RAM">   --->   Core 82 'RAM' <Latency = 1> <II = 1> <Delay = 1.23> <Storage> <Opcode : 'load' 'store'> <Ports = 2> <Width = 4> <Depth = 576> <RAM>
ST_2 : Operation 66 [1/2] ( I:0.67ns O:0.67ns )   --->   "%compute_controller_bool_bool_unsigned_int_bool_bool_bool_bool_bool_u_586 = load i4 %compute_controller_bool_bool_unsigned_int_bool_bool_bool_bool_bool_u_585" [/home/luka/Scripting/ELEC_498-Capstone-LiteLM/HLS-Verilog/Transformer_logic/src-hls/compute_controller.cpp:44->/home/luka/Scripting/ELEC_498-Capstone-LiteLM/HLS-Verilog/Transformer_logic/src-hls/compute_controller.cpp:690]   --->   Operation 66 'load' 'compute_controller_bool_bool_unsigned_int_bool_bool_bool_bool_bool_u_586' <Predicate = true> <Delay = 0.67> <CoreInst = "RAM">   --->   Core 82 'RAM' <Latency = 1> <II = 1> <Delay = 0.67> <Storage> <Opcode : 'load' 'store'> <Ports = 2> <Width = 16> <Depth = 12> <RAM>
ST_2 : Operation 67 [1/1] (0.00ns)   --->   "%sext_ln44_52 = sext i16 %compute_controller_bool_bool_unsigned_int_bool_bool_bool_bool_bool_u_586" [/home/luka/Scripting/ELEC_498-Capstone-LiteLM/HLS-Verilog/Transformer_logic/src-hls/compute_controller.cpp:44->/home/luka/Scripting/ELEC_498-Capstone-LiteLM/HLS-Verilog/Transformer_logic/src-hls/compute_controller.cpp:690]   --->   Operation 67 'sext' 'sext_ln44_52' <Predicate = true> <Delay = 0.00>
ST_2 : Operation 68 [1/1] (0.00ns)   --->   "%sext_ln43_19 = sext i4 %w_20" [/home/luka/Scripting/ELEC_498-Capstone-LiteLM/HLS-Verilog/Transformer_logic/src-hls/compute_controller.cpp:43->/home/luka/Scripting/ELEC_498-Capstone-LiteLM/HLS-Verilog/Transformer_logic/src-hls/compute_controller.cpp:690]   --->   Operation 68 'sext' 'sext_ln43_19' <Predicate = true> <Delay = 0.00>
ST_2 : Operation 69 [1/2] ( I:1.23ns O:1.23ns )   --->   "%w_22 = load i10 %compute_controller_bool_bool_unsigned_int_bool_bool_bool_bool_bool_u_590" [/home/luka/Scripting/ELEC_498-Capstone-LiteLM/HLS-Verilog/Transformer_logic/src-hls/compute_controller.cpp:43->/home/luka/Scripting/ELEC_498-Capstone-LiteLM/HLS-Verilog/Transformer_logic/src-hls/compute_controller.cpp:690]   --->   Operation 69 'load' 'w_22' <Predicate = true> <Delay = 1.23> <CoreInst = "RAM">   --->   Core 82 'RAM' <Latency = 1> <II = 1> <Delay = 1.23> <Storage> <Opcode : 'load' 'store'> <Ports = 2> <Width = 4> <Depth = 576> <RAM>
ST_2 : Operation 70 [1/2] ( I:0.67ns O:0.67ns )   --->   "%compute_controller_bool_bool_unsigned_int_bool_bool_bool_bool_bool_u_592 = load i4 %compute_controller_bool_bool_unsigned_int_bool_bool_bool_bool_bool_u_591" [/home/luka/Scripting/ELEC_498-Capstone-LiteLM/HLS-Verilog/Transformer_logic/src-hls/compute_controller.cpp:44->/home/luka/Scripting/ELEC_498-Capstone-LiteLM/HLS-Verilog/Transformer_logic/src-hls/compute_controller.cpp:690]   --->   Operation 70 'load' 'compute_controller_bool_bool_unsigned_int_bool_bool_bool_bool_bool_u_592' <Predicate = true> <Delay = 0.67> <CoreInst = "RAM">   --->   Core 82 'RAM' <Latency = 1> <II = 1> <Delay = 0.67> <Storage> <Opcode : 'load' 'store'> <Ports = 2> <Width = 16> <Depth = 12> <RAM>
ST_2 : Operation 71 [1/1] (0.00ns)   --->   "%sext_ln44_54 = sext i16 %compute_controller_bool_bool_unsigned_int_bool_bool_bool_bool_bool_u_592" [/home/luka/Scripting/ELEC_498-Capstone-LiteLM/HLS-Verilog/Transformer_logic/src-hls/compute_controller.cpp:44->/home/luka/Scripting/ELEC_498-Capstone-LiteLM/HLS-Verilog/Transformer_logic/src-hls/compute_controller.cpp:690]   --->   Operation 71 'sext' 'sext_ln44_54' <Predicate = true> <Delay = 0.00>
ST_2 : Operation 72 [1/1] (0.00ns)   --->   "%sext_ln43_21 = sext i4 %w_22" [/home/luka/Scripting/ELEC_498-Capstone-LiteLM/HLS-Verilog/Transformer_logic/src-hls/compute_controller.cpp:43->/home/luka/Scripting/ELEC_498-Capstone-LiteLM/HLS-Verilog/Transformer_logic/src-hls/compute_controller.cpp:690]   --->   Operation 72 'sext' 'sext_ln43_21' <Predicate = true> <Delay = 0.00>
ST_2 : Operation 73 [1/2] ( I:1.23ns O:1.23ns )   --->   "%w_24 = load i10 %compute_controller_bool_bool_unsigned_int_bool_bool_bool_bool_bool_u_596" [/home/luka/Scripting/ELEC_498-Capstone-LiteLM/HLS-Verilog/Transformer_logic/src-hls/compute_controller.cpp:43->/home/luka/Scripting/ELEC_498-Capstone-LiteLM/HLS-Verilog/Transformer_logic/src-hls/compute_controller.cpp:690]   --->   Operation 73 'load' 'w_24' <Predicate = true> <Delay = 1.23> <CoreInst = "RAM">   --->   Core 82 'RAM' <Latency = 1> <II = 1> <Delay = 1.23> <Storage> <Opcode : 'load' 'store'> <Ports = 2> <Width = 4> <Depth = 576> <RAM>
ST_2 : Operation 74 [1/2] ( I:0.67ns O:0.67ns )   --->   "%compute_controller_bool_bool_unsigned_int_bool_bool_bool_bool_bool_u_598 = load i4 %compute_controller_bool_bool_unsigned_int_bool_bool_bool_bool_bool_u_597" [/home/luka/Scripting/ELEC_498-Capstone-LiteLM/HLS-Verilog/Transformer_logic/src-hls/compute_controller.cpp:44->/home/luka/Scripting/ELEC_498-Capstone-LiteLM/HLS-Verilog/Transformer_logic/src-hls/compute_controller.cpp:690]   --->   Operation 74 'load' 'compute_controller_bool_bool_unsigned_int_bool_bool_bool_bool_bool_u_598' <Predicate = true> <Delay = 0.67> <CoreInst = "RAM">   --->   Core 82 'RAM' <Latency = 1> <II = 1> <Delay = 0.67> <Storage> <Opcode : 'load' 'store'> <Ports = 2> <Width = 16> <Depth = 12> <RAM>
ST_2 : Operation 75 [1/1] (0.00ns)   --->   "%sext_ln44_56 = sext i16 %compute_controller_bool_bool_unsigned_int_bool_bool_bool_bool_bool_u_598" [/home/luka/Scripting/ELEC_498-Capstone-LiteLM/HLS-Verilog/Transformer_logic/src-hls/compute_controller.cpp:44->/home/luka/Scripting/ELEC_498-Capstone-LiteLM/HLS-Verilog/Transformer_logic/src-hls/compute_controller.cpp:690]   --->   Operation 75 'sext' 'sext_ln44_56' <Predicate = true> <Delay = 0.00>
ST_2 : Operation 76 [1/1] (0.00ns)   --->   "%sext_ln43_23 = sext i4 %w_24" [/home/luka/Scripting/ELEC_498-Capstone-LiteLM/HLS-Verilog/Transformer_logic/src-hls/compute_controller.cpp:43->/home/luka/Scripting/ELEC_498-Capstone-LiteLM/HLS-Verilog/Transformer_logic/src-hls/compute_controller.cpp:690]   --->   Operation 76 'sext' 'sext_ln43_23' <Predicate = true> <Delay = 0.00>
ST_2 : Operation 77 [1/2] ( I:1.23ns O:1.23ns )   --->   "%w_26 = load i10 %p_ZZ18compute_controllerbbjRbS_bS_S_RjPKhPhR12ComputeStateS0_RhS6_S6_S6_S_S_S_S_E_309" [/home/luka/Scripting/ELEC_498-Capstone-LiteLM/HLS-Verilog/Transformer_logic/src-hls/compute_controller.cpp:43->/home/luka/Scripting/ELEC_498-Capstone-LiteLM/HLS-Verilog/Transformer_logic/src-hls/compute_controller.cpp:690]   --->   Operation 77 'load' 'w_26' <Predicate = true> <Delay = 1.23> <CoreInst = "RAM">   --->   Core 82 'RAM' <Latency = 1> <II = 1> <Delay = 1.23> <Storage> <Opcode : 'load' 'store'> <Ports = 2> <Width = 4> <Depth = 576> <RAM>
ST_2 : Operation 78 [1/2] ( I:0.67ns O:0.67ns )   --->   "%p_ZZ18compute_controllerbbjRbS_bS_S_RjPKhPhR12ComputeStateS0_RhS6_S6_S6_S_S_S_S_E_311 = load i4 %p_ZZ18compute_controllerbbjRbS_bS_S_RjPKhPhR12ComputeStateS0_RhS6_S6_S6_S_S_S_S_E_310" [/home/luka/Scripting/ELEC_498-Capstone-LiteLM/HLS-Verilog/Transformer_logic/src-hls/compute_controller.cpp:44->/home/luka/Scripting/ELEC_498-Capstone-LiteLM/HLS-Verilog/Transformer_logic/src-hls/compute_controller.cpp:690]   --->   Operation 78 'load' 'p_ZZ18compute_controllerbbjRbS_bS_S_RjPKhPhR12ComputeStateS0_RhS6_S6_S6_S_S_S_S_E_311' <Predicate = true> <Delay = 0.67> <CoreInst = "RAM">   --->   Core 82 'RAM' <Latency = 1> <II = 1> <Delay = 0.67> <Storage> <Opcode : 'load' 'store'> <Ports = 2> <Width = 16> <Depth = 12> <RAM>
ST_2 : Operation 79 [1/1] (0.00ns)   --->   "%sext_ln44_58 = sext i16 %p_ZZ18compute_controllerbbjRbS_bS_S_RjPKhPhR12ComputeStateS0_RhS6_S6_S6_S_S_S_S_E_311" [/home/luka/Scripting/ELEC_498-Capstone-LiteLM/HLS-Verilog/Transformer_logic/src-hls/compute_controller.cpp:44->/home/luka/Scripting/ELEC_498-Capstone-LiteLM/HLS-Verilog/Transformer_logic/src-hls/compute_controller.cpp:690]   --->   Operation 79 'sext' 'sext_ln44_58' <Predicate = true> <Delay = 0.00>
ST_2 : Operation 80 [1/1] (0.00ns)   --->   "%sext_ln43_25 = sext i4 %w_26" [/home/luka/Scripting/ELEC_498-Capstone-LiteLM/HLS-Verilog/Transformer_logic/src-hls/compute_controller.cpp:43->/home/luka/Scripting/ELEC_498-Capstone-LiteLM/HLS-Verilog/Transformer_logic/src-hls/compute_controller.cpp:690]   --->   Operation 80 'sext' 'sext_ln43_25' <Predicate = true> <Delay = 0.00>
ST_2 : Operation 81 [1/2] ( I:1.23ns O:1.23ns )   --->   "%w_28 = load i10 %p_ZZ18compute_controllerbbjRbS_bS_S_RjPKhPhR12ComputeStateS0_RhS6_S6_S6_S_S_S_S_E_315" [/home/luka/Scripting/ELEC_498-Capstone-LiteLM/HLS-Verilog/Transformer_logic/src-hls/compute_controller.cpp:43->/home/luka/Scripting/ELEC_498-Capstone-LiteLM/HLS-Verilog/Transformer_logic/src-hls/compute_controller.cpp:690]   --->   Operation 81 'load' 'w_28' <Predicate = true> <Delay = 1.23> <CoreInst = "RAM">   --->   Core 82 'RAM' <Latency = 1> <II = 1> <Delay = 1.23> <Storage> <Opcode : 'load' 'store'> <Ports = 2> <Width = 4> <Depth = 576> <RAM>
ST_2 : Operation 82 [1/2] ( I:0.67ns O:0.67ns )   --->   "%p_ZZ18compute_controllerbbjRbS_bS_S_RjPKhPhR12ComputeStateS0_RhS6_S6_S6_S_S_S_S_E_317 = load i4 %p_ZZ18compute_controllerbbjRbS_bS_S_RjPKhPhR12ComputeStateS0_RhS6_S6_S6_S_S_S_S_E_316" [/home/luka/Scripting/ELEC_498-Capstone-LiteLM/HLS-Verilog/Transformer_logic/src-hls/compute_controller.cpp:44->/home/luka/Scripting/ELEC_498-Capstone-LiteLM/HLS-Verilog/Transformer_logic/src-hls/compute_controller.cpp:690]   --->   Operation 82 'load' 'p_ZZ18compute_controllerbbjRbS_bS_S_RjPKhPhR12ComputeStateS0_RhS6_S6_S6_S_S_S_S_E_317' <Predicate = true> <Delay = 0.67> <CoreInst = "RAM">   --->   Core 82 'RAM' <Latency = 1> <II = 1> <Delay = 0.67> <Storage> <Opcode : 'load' 'store'> <Ports = 2> <Width = 16> <Depth = 12> <RAM>
ST_2 : Operation 83 [1/1] (0.00ns)   --->   "%sext_ln44_60 = sext i16 %p_ZZ18compute_controllerbbjRbS_bS_S_RjPKhPhR12ComputeStateS0_RhS6_S6_S6_S_S_S_S_E_317" [/home/luka/Scripting/ELEC_498-Capstone-LiteLM/HLS-Verilog/Transformer_logic/src-hls/compute_controller.cpp:44->/home/luka/Scripting/ELEC_498-Capstone-LiteLM/HLS-Verilog/Transformer_logic/src-hls/compute_controller.cpp:690]   --->   Operation 83 'sext' 'sext_ln44_60' <Predicate = true> <Delay = 0.00>
ST_2 : Operation 84 [1/1] (0.00ns)   --->   "%sext_ln43_27 = sext i4 %w_28" [/home/luka/Scripting/ELEC_498-Capstone-LiteLM/HLS-Verilog/Transformer_logic/src-hls/compute_controller.cpp:43->/home/luka/Scripting/ELEC_498-Capstone-LiteLM/HLS-Verilog/Transformer_logic/src-hls/compute_controller.cpp:690]   --->   Operation 84 'sext' 'sext_ln43_27' <Predicate = true> <Delay = 0.00>
ST_2 : Operation 85 [1/2] ( I:1.23ns O:1.23ns )   --->   "%w_30 = load i10 %p_ZZ18compute_controllerbbjRbS_bS_S_RjPKhPhR12ComputeStateS0_RhS6_S6_S6_S_S_S_S_E_321" [/home/luka/Scripting/ELEC_498-Capstone-LiteLM/HLS-Verilog/Transformer_logic/src-hls/compute_controller.cpp:43->/home/luka/Scripting/ELEC_498-Capstone-LiteLM/HLS-Verilog/Transformer_logic/src-hls/compute_controller.cpp:690]   --->   Operation 85 'load' 'w_30' <Predicate = true> <Delay = 1.23> <CoreInst = "RAM">   --->   Core 82 'RAM' <Latency = 1> <II = 1> <Delay = 1.23> <Storage> <Opcode : 'load' 'store'> <Ports = 2> <Width = 4> <Depth = 576> <RAM>
ST_2 : Operation 86 [1/2] ( I:0.67ns O:0.67ns )   --->   "%p_ZZ18compute_controllerbbjRbS_bS_S_RjPKhPhR12ComputeStateS0_RhS6_S6_S6_S_S_S_S_E_323 = load i4 %p_ZZ18compute_controllerbbjRbS_bS_S_RjPKhPhR12ComputeStateS0_RhS6_S6_S6_S_S_S_S_E_322" [/home/luka/Scripting/ELEC_498-Capstone-LiteLM/HLS-Verilog/Transformer_logic/src-hls/compute_controller.cpp:44->/home/luka/Scripting/ELEC_498-Capstone-LiteLM/HLS-Verilog/Transformer_logic/src-hls/compute_controller.cpp:690]   --->   Operation 86 'load' 'p_ZZ18compute_controllerbbjRbS_bS_S_RjPKhPhR12ComputeStateS0_RhS6_S6_S6_S_S_S_S_E_323' <Predicate = true> <Delay = 0.67> <CoreInst = "RAM">   --->   Core 82 'RAM' <Latency = 1> <II = 1> <Delay = 0.67> <Storage> <Opcode : 'load' 'store'> <Ports = 2> <Width = 16> <Depth = 12> <RAM>
ST_2 : Operation 87 [1/1] (0.00ns)   --->   "%sext_ln44_62 = sext i16 %p_ZZ18compute_controllerbbjRbS_bS_S_RjPKhPhR12ComputeStateS0_RhS6_S6_S6_S_S_S_S_E_323" [/home/luka/Scripting/ELEC_498-Capstone-LiteLM/HLS-Verilog/Transformer_logic/src-hls/compute_controller.cpp:44->/home/luka/Scripting/ELEC_498-Capstone-LiteLM/HLS-Verilog/Transformer_logic/src-hls/compute_controller.cpp:690]   --->   Operation 87 'sext' 'sext_ln44_62' <Predicate = true> <Delay = 0.00>
ST_2 : Operation 88 [1/1] (0.00ns)   --->   "%sext_ln44_63 = sext i4 %w_30" [/home/luka/Scripting/ELEC_498-Capstone-LiteLM/HLS-Verilog/Transformer_logic/src-hls/compute_controller.cpp:44->/home/luka/Scripting/ELEC_498-Capstone-LiteLM/HLS-Verilog/Transformer_logic/src-hls/compute_controller.cpp:690]   --->   Operation 88 'sext' 'sext_ln44_63' <Predicate = true> <Delay = 0.00>
ST_2 : Operation 89 [3/3] (0.99ns) (grouped into DSP with root node add_ln44_26)   --->   "%mul_ln44_16 = mul i20 %sext_ln44_62, i20 %sext_ln44_63" [/home/luka/Scripting/ELEC_498-Capstone-LiteLM/HLS-Verilog/Transformer_logic/src-hls/compute_controller.cpp:44->/home/luka/Scripting/ELEC_498-Capstone-LiteLM/HLS-Verilog/Transformer_logic/src-hls/compute_controller.cpp:690]   --->   Operation 89 'mul' 'mul_ln44_16' <Predicate = true> <Delay = 0.99> <CoreInst = "DSP48">   --->   Core 124 'DSP48' <Latency = 3> <II = 1> <Delay = 0.53> <IPBlock> <Opcode : 'add' 'sub' 'mul' 'select'> <InPorts = 0> <OutPorts = 1> <Sync> <CReg>
ST_2 : Operation 90 [3/3] (0.99ns) (grouped into DSP with root node add_ln44_25)   --->   "%mul_ln44_18 = mul i20 %sext_ln44_60, i20 %sext_ln43_27" [/home/luka/Scripting/ELEC_498-Capstone-LiteLM/HLS-Verilog/Transformer_logic/src-hls/compute_controller.cpp:44->/home/luka/Scripting/ELEC_498-Capstone-LiteLM/HLS-Verilog/Transformer_logic/src-hls/compute_controller.cpp:690]   --->   Operation 90 'mul' 'mul_ln44_18' <Predicate = true> <Delay = 0.99> <CoreInst = "DSP48">   --->   Core 124 'DSP48' <Latency = 3> <II = 1> <Delay = 0.53> <IPBlock> <Opcode : 'add' 'sub' 'mul' 'select'> <InPorts = 0> <OutPorts = 1> <Sync> <CReg>
ST_2 : Operation 91 [3/3] (0.99ns) (grouped into DSP with root node add_ln44_23)   --->   "%mul_ln44_20 = mul i20 %sext_ln44_58, i20 %sext_ln43_25" [/home/luka/Scripting/ELEC_498-Capstone-LiteLM/HLS-Verilog/Transformer_logic/src-hls/compute_controller.cpp:44->/home/luka/Scripting/ELEC_498-Capstone-LiteLM/HLS-Verilog/Transformer_logic/src-hls/compute_controller.cpp:690]   --->   Operation 91 'mul' 'mul_ln44_20' <Predicate = true> <Delay = 0.99> <CoreInst = "DSP48">   --->   Core 124 'DSP48' <Latency = 3> <II = 1> <Delay = 0.53> <IPBlock> <Opcode : 'add' 'sub' 'mul' 'select'> <InPorts = 0> <OutPorts = 1> <Sync> <CReg>
ST_2 : Operation 92 [3/3] (0.99ns) (grouped into DSP with root node add_ln44_22)   --->   "%mul_ln44_22 = mul i20 %sext_ln44_56, i20 %sext_ln43_23" [/home/luka/Scripting/ELEC_498-Capstone-LiteLM/HLS-Verilog/Transformer_logic/src-hls/compute_controller.cpp:44->/home/luka/Scripting/ELEC_498-Capstone-LiteLM/HLS-Verilog/Transformer_logic/src-hls/compute_controller.cpp:690]   --->   Operation 92 'mul' 'mul_ln44_22' <Predicate = true> <Delay = 0.99> <CoreInst = "DSP48">   --->   Core 124 'DSP48' <Latency = 3> <II = 1> <Delay = 0.53> <IPBlock> <Opcode : 'add' 'sub' 'mul' 'select'> <InPorts = 0> <OutPorts = 1> <Sync> <CReg>
ST_2 : Operation 93 [3/3] (0.99ns) (grouped into DSP with root node add_ln44_19)   --->   "%mul_ln44_24 = mul i20 %sext_ln44_54, i20 %sext_ln43_21" [/home/luka/Scripting/ELEC_498-Capstone-LiteLM/HLS-Verilog/Transformer_logic/src-hls/compute_controller.cpp:44->/home/luka/Scripting/ELEC_498-Capstone-LiteLM/HLS-Verilog/Transformer_logic/src-hls/compute_controller.cpp:690]   --->   Operation 93 'mul' 'mul_ln44_24' <Predicate = true> <Delay = 0.99> <CoreInst = "DSP48">   --->   Core 124 'DSP48' <Latency = 3> <II = 1> <Delay = 0.53> <IPBlock> <Opcode : 'add' 'sub' 'mul' 'select'> <InPorts = 0> <OutPorts = 1> <Sync> <CReg>
ST_2 : Operation 94 [3/3] (0.99ns) (grouped into DSP with root node add_ln44_18)   --->   "%mul_ln44_26 = mul i20 %sext_ln44_52, i20 %sext_ln43_19" [/home/luka/Scripting/ELEC_498-Capstone-LiteLM/HLS-Verilog/Transformer_logic/src-hls/compute_controller.cpp:44->/home/luka/Scripting/ELEC_498-Capstone-LiteLM/HLS-Verilog/Transformer_logic/src-hls/compute_controller.cpp:690]   --->   Operation 94 'mul' 'mul_ln44_26' <Predicate = true> <Delay = 0.99> <CoreInst = "DSP48">   --->   Core 124 'DSP48' <Latency = 3> <II = 1> <Delay = 0.53> <IPBlock> <Opcode : 'add' 'sub' 'mul' 'select'> <InPorts = 0> <OutPorts = 1> <Sync> <CReg>
ST_2 : Operation 95 [3/3] (0.99ns) (grouped into DSP with root node add_ln44_16)   --->   "%mul_ln44_28 = mul i20 %sext_ln44_50, i20 %sext_ln43_17" [/home/luka/Scripting/ELEC_498-Capstone-LiteLM/HLS-Verilog/Transformer_logic/src-hls/compute_controller.cpp:44->/home/luka/Scripting/ELEC_498-Capstone-LiteLM/HLS-Verilog/Transformer_logic/src-hls/compute_controller.cpp:690]   --->   Operation 95 'mul' 'mul_ln44_28' <Predicate = true> <Delay = 0.99> <CoreInst = "DSP48">   --->   Core 124 'DSP48' <Latency = 3> <II = 1> <Delay = 0.53> <IPBlock> <Opcode : 'add' 'sub' 'mul' 'select'> <InPorts = 0> <OutPorts = 1> <Sync> <CReg>
ST_2 : Operation 96 [3/3] (0.99ns) (grouped into DSP with root node add_ln44)   --->   "%mul_ln44_30 = mul i20 %sext_ln44_48, i20 %sext_ln43_15" [/home/luka/Scripting/ELEC_498-Capstone-LiteLM/HLS-Verilog/Transformer_logic/src-hls/compute_controller.cpp:44->/home/luka/Scripting/ELEC_498-Capstone-LiteLM/HLS-Verilog/Transformer_logic/src-hls/compute_controller.cpp:690]   --->   Operation 96 'mul' 'mul_ln44_30' <Predicate = true> <Delay = 0.99> <CoreInst = "DSP48">   --->   Core 124 'DSP48' <Latency = 3> <II = 1> <Delay = 0.53> <IPBlock> <Opcode : 'add' 'sub' 'mul' 'select'> <InPorts = 0> <OutPorts = 1> <Sync> <CReg>

State 3 <SV = 2> <Delay = 1.23>
ST_3 : Operation 97 [1/1] (0.00ns)   --->   "%compute_controller_bool_bool_unsigned_int_bool_bool_bool_bool_bool_u_569 = getelementptr i4 %compute_controller_bool_bool_unsigned_int_bool_bool_bool_bool_bool_u_99, i64 0, i64 %zext_ln43" [/home/luka/Scripting/ELEC_498-Capstone-LiteLM/HLS-Verilog/Transformer_logic/src-hls/compute_controller.cpp:43->/home/luka/Scripting/ELEC_498-Capstone-LiteLM/HLS-Verilog/Transformer_logic/src-hls/compute_controller.cpp:690]   --->   Operation 97 'getelementptr' 'compute_controller_bool_bool_unsigned_int_bool_bool_bool_bool_bool_u_569' <Predicate = true> <Delay = 0.00>
ST_3 : Operation 98 [2/2] (1.23ns)   --->   "%w = load i10 %compute_controller_bool_bool_unsigned_int_bool_bool_bool_bool_bool_u_569" [/home/luka/Scripting/ELEC_498-Capstone-LiteLM/HLS-Verilog/Transformer_logic/src-hls/compute_controller.cpp:43->/home/luka/Scripting/ELEC_498-Capstone-LiteLM/HLS-Verilog/Transformer_logic/src-hls/compute_controller.cpp:690]   --->   Operation 98 'load' 'w' <Predicate = true> <Delay = 1.23> <CoreInst = "RAM">   --->   Core 82 'RAM' <Latency = 1> <II = 1> <Delay = 1.23> <Storage> <Opcode : 'load' 'store'> <Ports = 2> <Width = 4> <Depth = 576> <RAM>
ST_3 : Operation 99 [1/1] (0.00ns)   --->   "%compute_controller_bool_bool_unsigned_int_bool_bool_bool_bool_bool_u_570 = getelementptr i16 %compute_controller_bool_bool_unsigned_int_bool_bool_bool_bool_bool_u_59, i64 0, i64 %zext_ln40" [/home/luka/Scripting/ELEC_498-Capstone-LiteLM/HLS-Verilog/Transformer_logic/src-hls/compute_controller.cpp:44->/home/luka/Scripting/ELEC_498-Capstone-LiteLM/HLS-Verilog/Transformer_logic/src-hls/compute_controller.cpp:690]   --->   Operation 99 'getelementptr' 'compute_controller_bool_bool_unsigned_int_bool_bool_bool_bool_bool_u_570' <Predicate = true> <Delay = 0.00>
ST_3 : Operation 100 [2/2] (0.67ns)   --->   "%compute_controller_bool_bool_unsigned_int_bool_bool_bool_bool_bool_u_571 = load i4 %compute_controller_bool_bool_unsigned_int_bool_bool_bool_bool_bool_u_570" [/home/luka/Scripting/ELEC_498-Capstone-LiteLM/HLS-Verilog/Transformer_logic/src-hls/compute_controller.cpp:44->/home/luka/Scripting/ELEC_498-Capstone-LiteLM/HLS-Verilog/Transformer_logic/src-hls/compute_controller.cpp:690]   --->   Operation 100 'load' 'compute_controller_bool_bool_unsigned_int_bool_bool_bool_bool_bool_u_571' <Predicate = true> <Delay = 0.67> <CoreInst = "RAM">   --->   Core 82 'RAM' <Latency = 1> <II = 1> <Delay = 0.67> <Storage> <Opcode : 'load' 'store'> <Ports = 2> <Width = 16> <Depth = 12> <RAM>
ST_3 : Operation 101 [1/1] (0.00ns)   --->   "%compute_controller_bool_bool_unsigned_int_bool_bool_bool_bool_bool_u_575 = getelementptr i4 %compute_controller_bool_bool_unsigned_int_bool_bool_bool_bool_bool_u_97, i64 0, i64 %zext_ln43" [/home/luka/Scripting/ELEC_498-Capstone-LiteLM/HLS-Verilog/Transformer_logic/src-hls/compute_controller.cpp:43->/home/luka/Scripting/ELEC_498-Capstone-LiteLM/HLS-Verilog/Transformer_logic/src-hls/compute_controller.cpp:690]   --->   Operation 101 'getelementptr' 'compute_controller_bool_bool_unsigned_int_bool_bool_bool_bool_bool_u_575' <Predicate = true> <Delay = 0.00>
ST_3 : Operation 102 [2/2] (1.23ns)   --->   "%w_17 = load i10 %compute_controller_bool_bool_unsigned_int_bool_bool_bool_bool_bool_u_575" [/home/luka/Scripting/ELEC_498-Capstone-LiteLM/HLS-Verilog/Transformer_logic/src-hls/compute_controller.cpp:43->/home/luka/Scripting/ELEC_498-Capstone-LiteLM/HLS-Verilog/Transformer_logic/src-hls/compute_controller.cpp:690]   --->   Operation 102 'load' 'w_17' <Predicate = true> <Delay = 1.23> <CoreInst = "RAM">   --->   Core 82 'RAM' <Latency = 1> <II = 1> <Delay = 1.23> <Storage> <Opcode : 'load' 'store'> <Ports = 2> <Width = 4> <Depth = 576> <RAM>
ST_3 : Operation 103 [1/1] (0.00ns)   --->   "%compute_controller_bool_bool_unsigned_int_bool_bool_bool_bool_bool_u_576 = getelementptr i16 %compute_controller_bool_bool_unsigned_int_bool_bool_bool_bool_bool_u_57, i64 0, i64 %zext_ln40" [/home/luka/Scripting/ELEC_498-Capstone-LiteLM/HLS-Verilog/Transformer_logic/src-hls/compute_controller.cpp:44->/home/luka/Scripting/ELEC_498-Capstone-LiteLM/HLS-Verilog/Transformer_logic/src-hls/compute_controller.cpp:690]   --->   Operation 103 'getelementptr' 'compute_controller_bool_bool_unsigned_int_bool_bool_bool_bool_bool_u_576' <Predicate = true> <Delay = 0.00>
ST_3 : Operation 104 [2/2] (0.67ns)   --->   "%compute_controller_bool_bool_unsigned_int_bool_bool_bool_bool_bool_u_577 = load i4 %compute_controller_bool_bool_unsigned_int_bool_bool_bool_bool_bool_u_576" [/home/luka/Scripting/ELEC_498-Capstone-LiteLM/HLS-Verilog/Transformer_logic/src-hls/compute_controller.cpp:44->/home/luka/Scripting/ELEC_498-Capstone-LiteLM/HLS-Verilog/Transformer_logic/src-hls/compute_controller.cpp:690]   --->   Operation 104 'load' 'compute_controller_bool_bool_unsigned_int_bool_bool_bool_bool_bool_u_577' <Predicate = true> <Delay = 0.67> <CoreInst = "RAM">   --->   Core 82 'RAM' <Latency = 1> <II = 1> <Delay = 0.67> <Storage> <Opcode : 'load' 'store'> <Ports = 2> <Width = 16> <Depth = 12> <RAM>
ST_3 : Operation 105 [1/1] (0.00ns)   --->   "%compute_controller_bool_bool_unsigned_int_bool_bool_bool_bool_bool_u_581 = getelementptr i4 %compute_controller_bool_bool_unsigned_int_bool_bool_bool_bool_bool_u_95, i64 0, i64 %zext_ln43" [/home/luka/Scripting/ELEC_498-Capstone-LiteLM/HLS-Verilog/Transformer_logic/src-hls/compute_controller.cpp:43->/home/luka/Scripting/ELEC_498-Capstone-LiteLM/HLS-Verilog/Transformer_logic/src-hls/compute_controller.cpp:690]   --->   Operation 105 'getelementptr' 'compute_controller_bool_bool_unsigned_int_bool_bool_bool_bool_bool_u_581' <Predicate = true> <Delay = 0.00>
ST_3 : Operation 106 [2/2] (1.23ns)   --->   "%w_19 = load i10 %compute_controller_bool_bool_unsigned_int_bool_bool_bool_bool_bool_u_581" [/home/luka/Scripting/ELEC_498-Capstone-LiteLM/HLS-Verilog/Transformer_logic/src-hls/compute_controller.cpp:43->/home/luka/Scripting/ELEC_498-Capstone-LiteLM/HLS-Verilog/Transformer_logic/src-hls/compute_controller.cpp:690]   --->   Operation 106 'load' 'w_19' <Predicate = true> <Delay = 1.23> <CoreInst = "RAM">   --->   Core 82 'RAM' <Latency = 1> <II = 1> <Delay = 1.23> <Storage> <Opcode : 'load' 'store'> <Ports = 2> <Width = 4> <Depth = 576> <RAM>
ST_3 : Operation 107 [1/1] (0.00ns)   --->   "%compute_controller_bool_bool_unsigned_int_bool_bool_bool_bool_bool_u_582 = getelementptr i16 %compute_controller_bool_bool_unsigned_int_bool_bool_bool_bool_bool_u_55, i64 0, i64 %zext_ln40" [/home/luka/Scripting/ELEC_498-Capstone-LiteLM/HLS-Verilog/Transformer_logic/src-hls/compute_controller.cpp:44->/home/luka/Scripting/ELEC_498-Capstone-LiteLM/HLS-Verilog/Transformer_logic/src-hls/compute_controller.cpp:690]   --->   Operation 107 'getelementptr' 'compute_controller_bool_bool_unsigned_int_bool_bool_bool_bool_bool_u_582' <Predicate = true> <Delay = 0.00>
ST_3 : Operation 108 [2/2] (0.67ns)   --->   "%compute_controller_bool_bool_unsigned_int_bool_bool_bool_bool_bool_u_583 = load i4 %compute_controller_bool_bool_unsigned_int_bool_bool_bool_bool_bool_u_582" [/home/luka/Scripting/ELEC_498-Capstone-LiteLM/HLS-Verilog/Transformer_logic/src-hls/compute_controller.cpp:44->/home/luka/Scripting/ELEC_498-Capstone-LiteLM/HLS-Verilog/Transformer_logic/src-hls/compute_controller.cpp:690]   --->   Operation 108 'load' 'compute_controller_bool_bool_unsigned_int_bool_bool_bool_bool_bool_u_583' <Predicate = true> <Delay = 0.67> <CoreInst = "RAM">   --->   Core 82 'RAM' <Latency = 1> <II = 1> <Delay = 0.67> <Storage> <Opcode : 'load' 'store'> <Ports = 2> <Width = 16> <Depth = 12> <RAM>
ST_3 : Operation 109 [1/1] (0.00ns)   --->   "%compute_controller_bool_bool_unsigned_int_bool_bool_bool_bool_bool_u_587 = getelementptr i4 %compute_controller_bool_bool_unsigned_int_bool_bool_bool_bool_bool_u_93, i64 0, i64 %zext_ln43" [/home/luka/Scripting/ELEC_498-Capstone-LiteLM/HLS-Verilog/Transformer_logic/src-hls/compute_controller.cpp:43->/home/luka/Scripting/ELEC_498-Capstone-LiteLM/HLS-Verilog/Transformer_logic/src-hls/compute_controller.cpp:690]   --->   Operation 109 'getelementptr' 'compute_controller_bool_bool_unsigned_int_bool_bool_bool_bool_bool_u_587' <Predicate = true> <Delay = 0.00>
ST_3 : Operation 110 [2/2] (1.23ns)   --->   "%w_21 = load i10 %compute_controller_bool_bool_unsigned_int_bool_bool_bool_bool_bool_u_587" [/home/luka/Scripting/ELEC_498-Capstone-LiteLM/HLS-Verilog/Transformer_logic/src-hls/compute_controller.cpp:43->/home/luka/Scripting/ELEC_498-Capstone-LiteLM/HLS-Verilog/Transformer_logic/src-hls/compute_controller.cpp:690]   --->   Operation 110 'load' 'w_21' <Predicate = true> <Delay = 1.23> <CoreInst = "RAM">   --->   Core 82 'RAM' <Latency = 1> <II = 1> <Delay = 1.23> <Storage> <Opcode : 'load' 'store'> <Ports = 2> <Width = 4> <Depth = 576> <RAM>
ST_3 : Operation 111 [1/1] (0.00ns)   --->   "%compute_controller_bool_bool_unsigned_int_bool_bool_bool_bool_bool_u_588 = getelementptr i16 %compute_controller_bool_bool_unsigned_int_bool_bool_bool_bool_bool_u_53, i64 0, i64 %zext_ln40" [/home/luka/Scripting/ELEC_498-Capstone-LiteLM/HLS-Verilog/Transformer_logic/src-hls/compute_controller.cpp:44->/home/luka/Scripting/ELEC_498-Capstone-LiteLM/HLS-Verilog/Transformer_logic/src-hls/compute_controller.cpp:690]   --->   Operation 111 'getelementptr' 'compute_controller_bool_bool_unsigned_int_bool_bool_bool_bool_bool_u_588' <Predicate = true> <Delay = 0.00>
ST_3 : Operation 112 [2/2] (0.67ns)   --->   "%compute_controller_bool_bool_unsigned_int_bool_bool_bool_bool_bool_u_589 = load i4 %compute_controller_bool_bool_unsigned_int_bool_bool_bool_bool_bool_u_588" [/home/luka/Scripting/ELEC_498-Capstone-LiteLM/HLS-Verilog/Transformer_logic/src-hls/compute_controller.cpp:44->/home/luka/Scripting/ELEC_498-Capstone-LiteLM/HLS-Verilog/Transformer_logic/src-hls/compute_controller.cpp:690]   --->   Operation 112 'load' 'compute_controller_bool_bool_unsigned_int_bool_bool_bool_bool_bool_u_589' <Predicate = true> <Delay = 0.67> <CoreInst = "RAM">   --->   Core 82 'RAM' <Latency = 1> <II = 1> <Delay = 0.67> <Storage> <Opcode : 'load' 'store'> <Ports = 2> <Width = 16> <Depth = 12> <RAM>
ST_3 : Operation 113 [1/1] (0.00ns)   --->   "%compute_controller_bool_bool_unsigned_int_bool_bool_bool_bool_bool_u_593 = getelementptr i4 %compute_controller_bool_bool_unsigned_int_bool_bool_bool_bool_bool_u_91, i64 0, i64 %zext_ln43" [/home/luka/Scripting/ELEC_498-Capstone-LiteLM/HLS-Verilog/Transformer_logic/src-hls/compute_controller.cpp:43->/home/luka/Scripting/ELEC_498-Capstone-LiteLM/HLS-Verilog/Transformer_logic/src-hls/compute_controller.cpp:690]   --->   Operation 113 'getelementptr' 'compute_controller_bool_bool_unsigned_int_bool_bool_bool_bool_bool_u_593' <Predicate = true> <Delay = 0.00>
ST_3 : Operation 114 [2/2] (1.23ns)   --->   "%w_23 = load i10 %compute_controller_bool_bool_unsigned_int_bool_bool_bool_bool_bool_u_593" [/home/luka/Scripting/ELEC_498-Capstone-LiteLM/HLS-Verilog/Transformer_logic/src-hls/compute_controller.cpp:43->/home/luka/Scripting/ELEC_498-Capstone-LiteLM/HLS-Verilog/Transformer_logic/src-hls/compute_controller.cpp:690]   --->   Operation 114 'load' 'w_23' <Predicate = true> <Delay = 1.23> <CoreInst = "RAM">   --->   Core 82 'RAM' <Latency = 1> <II = 1> <Delay = 1.23> <Storage> <Opcode : 'load' 'store'> <Ports = 2> <Width = 4> <Depth = 576> <RAM>
ST_3 : Operation 115 [1/1] (0.00ns)   --->   "%compute_controller_bool_bool_unsigned_int_bool_bool_bool_bool_bool_u_594 = getelementptr i16 %compute_controller_bool_bool_unsigned_int_bool_bool_bool_bool_bool_u_51, i64 0, i64 %zext_ln40" [/home/luka/Scripting/ELEC_498-Capstone-LiteLM/HLS-Verilog/Transformer_logic/src-hls/compute_controller.cpp:44->/home/luka/Scripting/ELEC_498-Capstone-LiteLM/HLS-Verilog/Transformer_logic/src-hls/compute_controller.cpp:690]   --->   Operation 115 'getelementptr' 'compute_controller_bool_bool_unsigned_int_bool_bool_bool_bool_bool_u_594' <Predicate = true> <Delay = 0.00>
ST_3 : Operation 116 [2/2] (0.67ns)   --->   "%compute_controller_bool_bool_unsigned_int_bool_bool_bool_bool_bool_u_595 = load i4 %compute_controller_bool_bool_unsigned_int_bool_bool_bool_bool_bool_u_594" [/home/luka/Scripting/ELEC_498-Capstone-LiteLM/HLS-Verilog/Transformer_logic/src-hls/compute_controller.cpp:44->/home/luka/Scripting/ELEC_498-Capstone-LiteLM/HLS-Verilog/Transformer_logic/src-hls/compute_controller.cpp:690]   --->   Operation 116 'load' 'compute_controller_bool_bool_unsigned_int_bool_bool_bool_bool_bool_u_595' <Predicate = true> <Delay = 0.67> <CoreInst = "RAM">   --->   Core 82 'RAM' <Latency = 1> <II = 1> <Delay = 0.67> <Storage> <Opcode : 'load' 'store'> <Ports = 2> <Width = 16> <Depth = 12> <RAM>
ST_3 : Operation 117 [1/1] (0.00ns)   --->   "%p_ZZ18compute_controllerbbjRbS_bS_S_RjPKhPhR12ComputeStateS0_RhS6_S6_S6_S_S_S_S_E_306 = getelementptr i4 %p_ZZ18compute_controllerbbjRbS_bS_S_RjPKhPhR12ComputeStateS0_RhS6_S6_S6_S_S_S_S_E_29, i64 0, i64 %zext_ln43" [/home/luka/Scripting/ELEC_498-Capstone-LiteLM/HLS-Verilog/Transformer_logic/src-hls/compute_controller.cpp:43->/home/luka/Scripting/ELEC_498-Capstone-LiteLM/HLS-Verilog/Transformer_logic/src-hls/compute_controller.cpp:690]   --->   Operation 117 'getelementptr' 'p_ZZ18compute_controllerbbjRbS_bS_S_RjPKhPhR12ComputeStateS0_RhS6_S6_S6_S_S_S_S_E_306' <Predicate = true> <Delay = 0.00>
ST_3 : Operation 118 [2/2] (1.23ns)   --->   "%w_25 = load i10 %p_ZZ18compute_controllerbbjRbS_bS_S_RjPKhPhR12ComputeStateS0_RhS6_S6_S6_S_S_S_S_E_306" [/home/luka/Scripting/ELEC_498-Capstone-LiteLM/HLS-Verilog/Transformer_logic/src-hls/compute_controller.cpp:43->/home/luka/Scripting/ELEC_498-Capstone-LiteLM/HLS-Verilog/Transformer_logic/src-hls/compute_controller.cpp:690]   --->   Operation 118 'load' 'w_25' <Predicate = true> <Delay = 1.23> <CoreInst = "RAM">   --->   Core 82 'RAM' <Latency = 1> <II = 1> <Delay = 1.23> <Storage> <Opcode : 'load' 'store'> <Ports = 2> <Width = 4> <Depth = 576> <RAM>
ST_3 : Operation 119 [1/1] (0.00ns)   --->   "%p_ZZ18compute_controllerbbjRbS_bS_S_RjPKhPhR12ComputeStateS0_RhS6_S6_S6_S_S_S_S_E_307 = getelementptr i16 %p_ZZ18compute_controllerbbjRbS_bS_S_RjPKhPhR12ComputeStateS0_RhS6_S6_S6_S_S_S_S_E_23, i64 0, i64 %zext_ln40" [/home/luka/Scripting/ELEC_498-Capstone-LiteLM/HLS-Verilog/Transformer_logic/src-hls/compute_controller.cpp:44->/home/luka/Scripting/ELEC_498-Capstone-LiteLM/HLS-Verilog/Transformer_logic/src-hls/compute_controller.cpp:690]   --->   Operation 119 'getelementptr' 'p_ZZ18compute_controllerbbjRbS_bS_S_RjPKhPhR12ComputeStateS0_RhS6_S6_S6_S_S_S_S_E_307' <Predicate = true> <Delay = 0.00>
ST_3 : Operation 120 [2/2] (0.67ns)   --->   "%p_ZZ18compute_controllerbbjRbS_bS_S_RjPKhPhR12ComputeStateS0_RhS6_S6_S6_S_S_S_S_E_308 = load i4 %p_ZZ18compute_controllerbbjRbS_bS_S_RjPKhPhR12ComputeStateS0_RhS6_S6_S6_S_S_S_S_E_307" [/home/luka/Scripting/ELEC_498-Capstone-LiteLM/HLS-Verilog/Transformer_logic/src-hls/compute_controller.cpp:44->/home/luka/Scripting/ELEC_498-Capstone-LiteLM/HLS-Verilog/Transformer_logic/src-hls/compute_controller.cpp:690]   --->   Operation 120 'load' 'p_ZZ18compute_controllerbbjRbS_bS_S_RjPKhPhR12ComputeStateS0_RhS6_S6_S6_S_S_S_S_E_308' <Predicate = true> <Delay = 0.67> <CoreInst = "RAM">   --->   Core 82 'RAM' <Latency = 1> <II = 1> <Delay = 0.67> <Storage> <Opcode : 'load' 'store'> <Ports = 2> <Width = 16> <Depth = 12> <RAM>
ST_3 : Operation 121 [1/1] (0.00ns)   --->   "%p_ZZ18compute_controllerbbjRbS_bS_S_RjPKhPhR12ComputeStateS0_RhS6_S6_S6_S_S_S_S_E_312 = getelementptr i4 %p_ZZ18compute_controllerbbjRbS_bS_S_RjPKhPhR12ComputeStateS0_RhS6_S6_S6_S_S_S_S_E_27, i64 0, i64 %zext_ln43" [/home/luka/Scripting/ELEC_498-Capstone-LiteLM/HLS-Verilog/Transformer_logic/src-hls/compute_controller.cpp:43->/home/luka/Scripting/ELEC_498-Capstone-LiteLM/HLS-Verilog/Transformer_logic/src-hls/compute_controller.cpp:690]   --->   Operation 121 'getelementptr' 'p_ZZ18compute_controllerbbjRbS_bS_S_RjPKhPhR12ComputeStateS0_RhS6_S6_S6_S_S_S_S_E_312' <Predicate = true> <Delay = 0.00>
ST_3 : Operation 122 [2/2] (1.23ns)   --->   "%w_27 = load i10 %p_ZZ18compute_controllerbbjRbS_bS_S_RjPKhPhR12ComputeStateS0_RhS6_S6_S6_S_S_S_S_E_312" [/home/luka/Scripting/ELEC_498-Capstone-LiteLM/HLS-Verilog/Transformer_logic/src-hls/compute_controller.cpp:43->/home/luka/Scripting/ELEC_498-Capstone-LiteLM/HLS-Verilog/Transformer_logic/src-hls/compute_controller.cpp:690]   --->   Operation 122 'load' 'w_27' <Predicate = true> <Delay = 1.23> <CoreInst = "RAM">   --->   Core 82 'RAM' <Latency = 1> <II = 1> <Delay = 1.23> <Storage> <Opcode : 'load' 'store'> <Ports = 2> <Width = 4> <Depth = 576> <RAM>
ST_3 : Operation 123 [1/1] (0.00ns)   --->   "%p_ZZ18compute_controllerbbjRbS_bS_S_RjPKhPhR12ComputeStateS0_RhS6_S6_S6_S_S_S_S_E_313 = getelementptr i16 %p_ZZ18compute_controllerbbjRbS_bS_S_RjPKhPhR12ComputeStateS0_RhS6_S6_S6_S_S_S_S_E_21, i64 0, i64 %zext_ln40" [/home/luka/Scripting/ELEC_498-Capstone-LiteLM/HLS-Verilog/Transformer_logic/src-hls/compute_controller.cpp:44->/home/luka/Scripting/ELEC_498-Capstone-LiteLM/HLS-Verilog/Transformer_logic/src-hls/compute_controller.cpp:690]   --->   Operation 123 'getelementptr' 'p_ZZ18compute_controllerbbjRbS_bS_S_RjPKhPhR12ComputeStateS0_RhS6_S6_S6_S_S_S_S_E_313' <Predicate = true> <Delay = 0.00>
ST_3 : Operation 124 [2/2] (0.67ns)   --->   "%p_ZZ18compute_controllerbbjRbS_bS_S_RjPKhPhR12ComputeStateS0_RhS6_S6_S6_S_S_S_S_E_314 = load i4 %p_ZZ18compute_controllerbbjRbS_bS_S_RjPKhPhR12ComputeStateS0_RhS6_S6_S6_S_S_S_S_E_313" [/home/luka/Scripting/ELEC_498-Capstone-LiteLM/HLS-Verilog/Transformer_logic/src-hls/compute_controller.cpp:44->/home/luka/Scripting/ELEC_498-Capstone-LiteLM/HLS-Verilog/Transformer_logic/src-hls/compute_controller.cpp:690]   --->   Operation 124 'load' 'p_ZZ18compute_controllerbbjRbS_bS_S_RjPKhPhR12ComputeStateS0_RhS6_S6_S6_S_S_S_S_E_314' <Predicate = true> <Delay = 0.67> <CoreInst = "RAM">   --->   Core 82 'RAM' <Latency = 1> <II = 1> <Delay = 0.67> <Storage> <Opcode : 'load' 'store'> <Ports = 2> <Width = 16> <Depth = 12> <RAM>
ST_3 : Operation 125 [1/1] (0.00ns)   --->   "%p_ZZ18compute_controllerbbjRbS_bS_S_RjPKhPhR12ComputeStateS0_RhS6_S6_S6_S_S_S_S_E_318 = getelementptr i4 %p_ZZ18compute_controllerbbjRbS_bS_S_RjPKhPhR12ComputeStateS0_RhS6_S6_S6_S_S_S_S_E_25, i64 0, i64 %zext_ln43" [/home/luka/Scripting/ELEC_498-Capstone-LiteLM/HLS-Verilog/Transformer_logic/src-hls/compute_controller.cpp:43->/home/luka/Scripting/ELEC_498-Capstone-LiteLM/HLS-Verilog/Transformer_logic/src-hls/compute_controller.cpp:690]   --->   Operation 125 'getelementptr' 'p_ZZ18compute_controllerbbjRbS_bS_S_RjPKhPhR12ComputeStateS0_RhS6_S6_S6_S_S_S_S_E_318' <Predicate = true> <Delay = 0.00>
ST_3 : Operation 126 [2/2] (1.23ns)   --->   "%w_29 = load i10 %p_ZZ18compute_controllerbbjRbS_bS_S_RjPKhPhR12ComputeStateS0_RhS6_S6_S6_S_S_S_S_E_318" [/home/luka/Scripting/ELEC_498-Capstone-LiteLM/HLS-Verilog/Transformer_logic/src-hls/compute_controller.cpp:43->/home/luka/Scripting/ELEC_498-Capstone-LiteLM/HLS-Verilog/Transformer_logic/src-hls/compute_controller.cpp:690]   --->   Operation 126 'load' 'w_29' <Predicate = true> <Delay = 1.23> <CoreInst = "RAM">   --->   Core 82 'RAM' <Latency = 1> <II = 1> <Delay = 1.23> <Storage> <Opcode : 'load' 'store'> <Ports = 2> <Width = 4> <Depth = 576> <RAM>
ST_3 : Operation 127 [1/1] (0.00ns)   --->   "%p_ZZ18compute_controllerbbjRbS_bS_S_RjPKhPhR12ComputeStateS0_RhS6_S6_S6_S_S_S_S_E_319 = getelementptr i16 %p_ZZ18compute_controllerbbjRbS_bS_S_RjPKhPhR12ComputeStateS0_RhS6_S6_S6_S_S_S_S_E_19, i64 0, i64 %zext_ln40" [/home/luka/Scripting/ELEC_498-Capstone-LiteLM/HLS-Verilog/Transformer_logic/src-hls/compute_controller.cpp:44->/home/luka/Scripting/ELEC_498-Capstone-LiteLM/HLS-Verilog/Transformer_logic/src-hls/compute_controller.cpp:690]   --->   Operation 127 'getelementptr' 'p_ZZ18compute_controllerbbjRbS_bS_S_RjPKhPhR12ComputeStateS0_RhS6_S6_S6_S_S_S_S_E_319' <Predicate = true> <Delay = 0.00>
ST_3 : Operation 128 [2/2] (0.67ns)   --->   "%p_ZZ18compute_controllerbbjRbS_bS_S_RjPKhPhR12ComputeStateS0_RhS6_S6_S6_S_S_S_S_E_320 = load i4 %p_ZZ18compute_controllerbbjRbS_bS_S_RjPKhPhR12ComputeStateS0_RhS6_S6_S6_S_S_S_S_E_319" [/home/luka/Scripting/ELEC_498-Capstone-LiteLM/HLS-Verilog/Transformer_logic/src-hls/compute_controller.cpp:44->/home/luka/Scripting/ELEC_498-Capstone-LiteLM/HLS-Verilog/Transformer_logic/src-hls/compute_controller.cpp:690]   --->   Operation 128 'load' 'p_ZZ18compute_controllerbbjRbS_bS_S_RjPKhPhR12ComputeStateS0_RhS6_S6_S6_S_S_S_S_E_320' <Predicate = true> <Delay = 0.67> <CoreInst = "RAM">   --->   Core 82 'RAM' <Latency = 1> <II = 1> <Delay = 0.67> <Storage> <Opcode : 'load' 'store'> <Ports = 2> <Width = 16> <Depth = 12> <RAM>
ST_3 : Operation 129 [2/3] (0.99ns) (grouped into DSP with root node add_ln44_26)   --->   "%mul_ln44_16 = mul i20 %sext_ln44_62, i20 %sext_ln44_63" [/home/luka/Scripting/ELEC_498-Capstone-LiteLM/HLS-Verilog/Transformer_logic/src-hls/compute_controller.cpp:44->/home/luka/Scripting/ELEC_498-Capstone-LiteLM/HLS-Verilog/Transformer_logic/src-hls/compute_controller.cpp:690]   --->   Operation 129 'mul' 'mul_ln44_16' <Predicate = true> <Delay = 0.99> <CoreInst = "DSP48">   --->   Core 124 'DSP48' <Latency = 3> <II = 1> <Delay = 0.53> <IPBlock> <Opcode : 'add' 'sub' 'mul' 'select'> <InPorts = 0> <OutPorts = 1> <Sync> <CReg>
ST_3 : Operation 130 [2/3] (0.99ns) (grouped into DSP with root node add_ln44_25)   --->   "%mul_ln44_18 = mul i20 %sext_ln44_60, i20 %sext_ln43_27" [/home/luka/Scripting/ELEC_498-Capstone-LiteLM/HLS-Verilog/Transformer_logic/src-hls/compute_controller.cpp:44->/home/luka/Scripting/ELEC_498-Capstone-LiteLM/HLS-Verilog/Transformer_logic/src-hls/compute_controller.cpp:690]   --->   Operation 130 'mul' 'mul_ln44_18' <Predicate = true> <Delay = 0.99> <CoreInst = "DSP48">   --->   Core 124 'DSP48' <Latency = 3> <II = 1> <Delay = 0.53> <IPBlock> <Opcode : 'add' 'sub' 'mul' 'select'> <InPorts = 0> <OutPorts = 1> <Sync> <CReg>
ST_3 : Operation 131 [2/3] (0.99ns) (grouped into DSP with root node add_ln44_23)   --->   "%mul_ln44_20 = mul i20 %sext_ln44_58, i20 %sext_ln43_25" [/home/luka/Scripting/ELEC_498-Capstone-LiteLM/HLS-Verilog/Transformer_logic/src-hls/compute_controller.cpp:44->/home/luka/Scripting/ELEC_498-Capstone-LiteLM/HLS-Verilog/Transformer_logic/src-hls/compute_controller.cpp:690]   --->   Operation 131 'mul' 'mul_ln44_20' <Predicate = true> <Delay = 0.99> <CoreInst = "DSP48">   --->   Core 124 'DSP48' <Latency = 3> <II = 1> <Delay = 0.53> <IPBlock> <Opcode : 'add' 'sub' 'mul' 'select'> <InPorts = 0> <OutPorts = 1> <Sync> <CReg>
ST_3 : Operation 132 [2/3] (0.99ns) (grouped into DSP with root node add_ln44_22)   --->   "%mul_ln44_22 = mul i20 %sext_ln44_56, i20 %sext_ln43_23" [/home/luka/Scripting/ELEC_498-Capstone-LiteLM/HLS-Verilog/Transformer_logic/src-hls/compute_controller.cpp:44->/home/luka/Scripting/ELEC_498-Capstone-LiteLM/HLS-Verilog/Transformer_logic/src-hls/compute_controller.cpp:690]   --->   Operation 132 'mul' 'mul_ln44_22' <Predicate = true> <Delay = 0.99> <CoreInst = "DSP48">   --->   Core 124 'DSP48' <Latency = 3> <II = 1> <Delay = 0.53> <IPBlock> <Opcode : 'add' 'sub' 'mul' 'select'> <InPorts = 0> <OutPorts = 1> <Sync> <CReg>
ST_3 : Operation 133 [2/3] (0.99ns) (grouped into DSP with root node add_ln44_19)   --->   "%mul_ln44_24 = mul i20 %sext_ln44_54, i20 %sext_ln43_21" [/home/luka/Scripting/ELEC_498-Capstone-LiteLM/HLS-Verilog/Transformer_logic/src-hls/compute_controller.cpp:44->/home/luka/Scripting/ELEC_498-Capstone-LiteLM/HLS-Verilog/Transformer_logic/src-hls/compute_controller.cpp:690]   --->   Operation 133 'mul' 'mul_ln44_24' <Predicate = true> <Delay = 0.99> <CoreInst = "DSP48">   --->   Core 124 'DSP48' <Latency = 3> <II = 1> <Delay = 0.53> <IPBlock> <Opcode : 'add' 'sub' 'mul' 'select'> <InPorts = 0> <OutPorts = 1> <Sync> <CReg>
ST_3 : Operation 134 [2/3] (0.99ns) (grouped into DSP with root node add_ln44_18)   --->   "%mul_ln44_26 = mul i20 %sext_ln44_52, i20 %sext_ln43_19" [/home/luka/Scripting/ELEC_498-Capstone-LiteLM/HLS-Verilog/Transformer_logic/src-hls/compute_controller.cpp:44->/home/luka/Scripting/ELEC_498-Capstone-LiteLM/HLS-Verilog/Transformer_logic/src-hls/compute_controller.cpp:690]   --->   Operation 134 'mul' 'mul_ln44_26' <Predicate = true> <Delay = 0.99> <CoreInst = "DSP48">   --->   Core 124 'DSP48' <Latency = 3> <II = 1> <Delay = 0.53> <IPBlock> <Opcode : 'add' 'sub' 'mul' 'select'> <InPorts = 0> <OutPorts = 1> <Sync> <CReg>
ST_3 : Operation 135 [2/3] (0.99ns) (grouped into DSP with root node add_ln44_16)   --->   "%mul_ln44_28 = mul i20 %sext_ln44_50, i20 %sext_ln43_17" [/home/luka/Scripting/ELEC_498-Capstone-LiteLM/HLS-Verilog/Transformer_logic/src-hls/compute_controller.cpp:44->/home/luka/Scripting/ELEC_498-Capstone-LiteLM/HLS-Verilog/Transformer_logic/src-hls/compute_controller.cpp:690]   --->   Operation 135 'mul' 'mul_ln44_28' <Predicate = true> <Delay = 0.99> <CoreInst = "DSP48">   --->   Core 124 'DSP48' <Latency = 3> <II = 1> <Delay = 0.53> <IPBlock> <Opcode : 'add' 'sub' 'mul' 'select'> <InPorts = 0> <OutPorts = 1> <Sync> <CReg>
ST_3 : Operation 136 [2/3] (0.99ns) (grouped into DSP with root node add_ln44)   --->   "%mul_ln44_30 = mul i20 %sext_ln44_48, i20 %sext_ln43_15" [/home/luka/Scripting/ELEC_498-Capstone-LiteLM/HLS-Verilog/Transformer_logic/src-hls/compute_controller.cpp:44->/home/luka/Scripting/ELEC_498-Capstone-LiteLM/HLS-Verilog/Transformer_logic/src-hls/compute_controller.cpp:690]   --->   Operation 136 'mul' 'mul_ln44_30' <Predicate = true> <Delay = 0.99> <CoreInst = "DSP48">   --->   Core 124 'DSP48' <Latency = 3> <II = 1> <Delay = 0.53> <IPBlock> <Opcode : 'add' 'sub' 'mul' 'select'> <InPorts = 0> <OutPorts = 1> <Sync> <CReg>

State 4 <SV = 3> <Delay = 4.26>
ST_4 : Operation 137 [1/2] ( I:1.23ns O:1.23ns )   --->   "%w = load i10 %compute_controller_bool_bool_unsigned_int_bool_bool_bool_bool_bool_u_569" [/home/luka/Scripting/ELEC_498-Capstone-LiteLM/HLS-Verilog/Transformer_logic/src-hls/compute_controller.cpp:43->/home/luka/Scripting/ELEC_498-Capstone-LiteLM/HLS-Verilog/Transformer_logic/src-hls/compute_controller.cpp:690]   --->   Operation 137 'load' 'w' <Predicate = true> <Delay = 1.23> <CoreInst = "RAM">   --->   Core 82 'RAM' <Latency = 1> <II = 1> <Delay = 1.23> <Storage> <Opcode : 'load' 'store'> <Ports = 2> <Width = 4> <Depth = 576> <RAM>
ST_4 : Operation 138 [1/2] ( I:0.67ns O:0.67ns )   --->   "%compute_controller_bool_bool_unsigned_int_bool_bool_bool_bool_bool_u_571 = load i4 %compute_controller_bool_bool_unsigned_int_bool_bool_bool_bool_bool_u_570" [/home/luka/Scripting/ELEC_498-Capstone-LiteLM/HLS-Verilog/Transformer_logic/src-hls/compute_controller.cpp:44->/home/luka/Scripting/ELEC_498-Capstone-LiteLM/HLS-Verilog/Transformer_logic/src-hls/compute_controller.cpp:690]   --->   Operation 138 'load' 'compute_controller_bool_bool_unsigned_int_bool_bool_bool_bool_bool_u_571' <Predicate = true> <Delay = 0.67> <CoreInst = "RAM">   --->   Core 82 'RAM' <Latency = 1> <II = 1> <Delay = 0.67> <Storage> <Opcode : 'load' 'store'> <Ports = 2> <Width = 16> <Depth = 12> <RAM>
ST_4 : Operation 139 [1/1] (0.00ns)   --->   "%sext_ln44 = sext i16 %compute_controller_bool_bool_unsigned_int_bool_bool_bool_bool_bool_u_571" [/home/luka/Scripting/ELEC_498-Capstone-LiteLM/HLS-Verilog/Transformer_logic/src-hls/compute_controller.cpp:44->/home/luka/Scripting/ELEC_498-Capstone-LiteLM/HLS-Verilog/Transformer_logic/src-hls/compute_controller.cpp:690]   --->   Operation 139 'sext' 'sext_ln44' <Predicate = true> <Delay = 0.00>
ST_4 : Operation 140 [1/1] (0.00ns)   --->   "%sext_ln43 = sext i4 %w" [/home/luka/Scripting/ELEC_498-Capstone-LiteLM/HLS-Verilog/Transformer_logic/src-hls/compute_controller.cpp:43->/home/luka/Scripting/ELEC_498-Capstone-LiteLM/HLS-Verilog/Transformer_logic/src-hls/compute_controller.cpp:690]   --->   Operation 140 'sext' 'sext_ln43' <Predicate = true> <Delay = 0.00>
ST_4 : Operation 141 [1/2] ( I:1.23ns O:1.23ns )   --->   "%w_17 = load i10 %compute_controller_bool_bool_unsigned_int_bool_bool_bool_bool_bool_u_575" [/home/luka/Scripting/ELEC_498-Capstone-LiteLM/HLS-Verilog/Transformer_logic/src-hls/compute_controller.cpp:43->/home/luka/Scripting/ELEC_498-Capstone-LiteLM/HLS-Verilog/Transformer_logic/src-hls/compute_controller.cpp:690]   --->   Operation 141 'load' 'w_17' <Predicate = true> <Delay = 1.23> <CoreInst = "RAM">   --->   Core 82 'RAM' <Latency = 1> <II = 1> <Delay = 1.23> <Storage> <Opcode : 'load' 'store'> <Ports = 2> <Width = 4> <Depth = 576> <RAM>
ST_4 : Operation 142 [1/2] ( I:0.67ns O:0.67ns )   --->   "%compute_controller_bool_bool_unsigned_int_bool_bool_bool_bool_bool_u_577 = load i4 %compute_controller_bool_bool_unsigned_int_bool_bool_bool_bool_bool_u_576" [/home/luka/Scripting/ELEC_498-Capstone-LiteLM/HLS-Verilog/Transformer_logic/src-hls/compute_controller.cpp:44->/home/luka/Scripting/ELEC_498-Capstone-LiteLM/HLS-Verilog/Transformer_logic/src-hls/compute_controller.cpp:690]   --->   Operation 142 'load' 'compute_controller_bool_bool_unsigned_int_bool_bool_bool_bool_bool_u_577' <Predicate = true> <Delay = 0.67> <CoreInst = "RAM">   --->   Core 82 'RAM' <Latency = 1> <II = 1> <Delay = 0.67> <Storage> <Opcode : 'load' 'store'> <Ports = 2> <Width = 16> <Depth = 12> <RAM>
ST_4 : Operation 143 [1/1] (0.00ns)   --->   "%sext_ln44_49 = sext i16 %compute_controller_bool_bool_unsigned_int_bool_bool_bool_bool_bool_u_577" [/home/luka/Scripting/ELEC_498-Capstone-LiteLM/HLS-Verilog/Transformer_logic/src-hls/compute_controller.cpp:44->/home/luka/Scripting/ELEC_498-Capstone-LiteLM/HLS-Verilog/Transformer_logic/src-hls/compute_controller.cpp:690]   --->   Operation 143 'sext' 'sext_ln44_49' <Predicate = true> <Delay = 0.00>
ST_4 : Operation 144 [1/1] (0.00ns)   --->   "%sext_ln43_16 = sext i4 %w_17" [/home/luka/Scripting/ELEC_498-Capstone-LiteLM/HLS-Verilog/Transformer_logic/src-hls/compute_controller.cpp:43->/home/luka/Scripting/ELEC_498-Capstone-LiteLM/HLS-Verilog/Transformer_logic/src-hls/compute_controller.cpp:690]   --->   Operation 144 'sext' 'sext_ln43_16' <Predicate = true> <Delay = 0.00>
ST_4 : Operation 145 [1/2] ( I:1.23ns O:1.23ns )   --->   "%w_19 = load i10 %compute_controller_bool_bool_unsigned_int_bool_bool_bool_bool_bool_u_581" [/home/luka/Scripting/ELEC_498-Capstone-LiteLM/HLS-Verilog/Transformer_logic/src-hls/compute_controller.cpp:43->/home/luka/Scripting/ELEC_498-Capstone-LiteLM/HLS-Verilog/Transformer_logic/src-hls/compute_controller.cpp:690]   --->   Operation 145 'load' 'w_19' <Predicate = true> <Delay = 1.23> <CoreInst = "RAM">   --->   Core 82 'RAM' <Latency = 1> <II = 1> <Delay = 1.23> <Storage> <Opcode : 'load' 'store'> <Ports = 2> <Width = 4> <Depth = 576> <RAM>
ST_4 : Operation 146 [1/2] ( I:0.67ns O:0.67ns )   --->   "%compute_controller_bool_bool_unsigned_int_bool_bool_bool_bool_bool_u_583 = load i4 %compute_controller_bool_bool_unsigned_int_bool_bool_bool_bool_bool_u_582" [/home/luka/Scripting/ELEC_498-Capstone-LiteLM/HLS-Verilog/Transformer_logic/src-hls/compute_controller.cpp:44->/home/luka/Scripting/ELEC_498-Capstone-LiteLM/HLS-Verilog/Transformer_logic/src-hls/compute_controller.cpp:690]   --->   Operation 146 'load' 'compute_controller_bool_bool_unsigned_int_bool_bool_bool_bool_bool_u_583' <Predicate = true> <Delay = 0.67> <CoreInst = "RAM">   --->   Core 82 'RAM' <Latency = 1> <II = 1> <Delay = 0.67> <Storage> <Opcode : 'load' 'store'> <Ports = 2> <Width = 16> <Depth = 12> <RAM>
ST_4 : Operation 147 [1/1] (0.00ns)   --->   "%sext_ln44_51 = sext i16 %compute_controller_bool_bool_unsigned_int_bool_bool_bool_bool_bool_u_583" [/home/luka/Scripting/ELEC_498-Capstone-LiteLM/HLS-Verilog/Transformer_logic/src-hls/compute_controller.cpp:44->/home/luka/Scripting/ELEC_498-Capstone-LiteLM/HLS-Verilog/Transformer_logic/src-hls/compute_controller.cpp:690]   --->   Operation 147 'sext' 'sext_ln44_51' <Predicate = true> <Delay = 0.00>
ST_4 : Operation 148 [1/1] (0.00ns)   --->   "%sext_ln43_18 = sext i4 %w_19" [/home/luka/Scripting/ELEC_498-Capstone-LiteLM/HLS-Verilog/Transformer_logic/src-hls/compute_controller.cpp:43->/home/luka/Scripting/ELEC_498-Capstone-LiteLM/HLS-Verilog/Transformer_logic/src-hls/compute_controller.cpp:690]   --->   Operation 148 'sext' 'sext_ln43_18' <Predicate = true> <Delay = 0.00>
ST_4 : Operation 149 [1/2] ( I:1.23ns O:1.23ns )   --->   "%w_21 = load i10 %compute_controller_bool_bool_unsigned_int_bool_bool_bool_bool_bool_u_587" [/home/luka/Scripting/ELEC_498-Capstone-LiteLM/HLS-Verilog/Transformer_logic/src-hls/compute_controller.cpp:43->/home/luka/Scripting/ELEC_498-Capstone-LiteLM/HLS-Verilog/Transformer_logic/src-hls/compute_controller.cpp:690]   --->   Operation 149 'load' 'w_21' <Predicate = true> <Delay = 1.23> <CoreInst = "RAM">   --->   Core 82 'RAM' <Latency = 1> <II = 1> <Delay = 1.23> <Storage> <Opcode : 'load' 'store'> <Ports = 2> <Width = 4> <Depth = 576> <RAM>
ST_4 : Operation 150 [1/2] ( I:0.67ns O:0.67ns )   --->   "%compute_controller_bool_bool_unsigned_int_bool_bool_bool_bool_bool_u_589 = load i4 %compute_controller_bool_bool_unsigned_int_bool_bool_bool_bool_bool_u_588" [/home/luka/Scripting/ELEC_498-Capstone-LiteLM/HLS-Verilog/Transformer_logic/src-hls/compute_controller.cpp:44->/home/luka/Scripting/ELEC_498-Capstone-LiteLM/HLS-Verilog/Transformer_logic/src-hls/compute_controller.cpp:690]   --->   Operation 150 'load' 'compute_controller_bool_bool_unsigned_int_bool_bool_bool_bool_bool_u_589' <Predicate = true> <Delay = 0.67> <CoreInst = "RAM">   --->   Core 82 'RAM' <Latency = 1> <II = 1> <Delay = 0.67> <Storage> <Opcode : 'load' 'store'> <Ports = 2> <Width = 16> <Depth = 12> <RAM>
ST_4 : Operation 151 [1/1] (0.00ns)   --->   "%sext_ln44_53 = sext i16 %compute_controller_bool_bool_unsigned_int_bool_bool_bool_bool_bool_u_589" [/home/luka/Scripting/ELEC_498-Capstone-LiteLM/HLS-Verilog/Transformer_logic/src-hls/compute_controller.cpp:44->/home/luka/Scripting/ELEC_498-Capstone-LiteLM/HLS-Verilog/Transformer_logic/src-hls/compute_controller.cpp:690]   --->   Operation 151 'sext' 'sext_ln44_53' <Predicate = true> <Delay = 0.00>
ST_4 : Operation 152 [1/1] (0.00ns)   --->   "%sext_ln43_20 = sext i4 %w_21" [/home/luka/Scripting/ELEC_498-Capstone-LiteLM/HLS-Verilog/Transformer_logic/src-hls/compute_controller.cpp:43->/home/luka/Scripting/ELEC_498-Capstone-LiteLM/HLS-Verilog/Transformer_logic/src-hls/compute_controller.cpp:690]   --->   Operation 152 'sext' 'sext_ln43_20' <Predicate = true> <Delay = 0.00>
ST_4 : Operation 153 [1/2] ( I:1.23ns O:1.23ns )   --->   "%w_23 = load i10 %compute_controller_bool_bool_unsigned_int_bool_bool_bool_bool_bool_u_593" [/home/luka/Scripting/ELEC_498-Capstone-LiteLM/HLS-Verilog/Transformer_logic/src-hls/compute_controller.cpp:43->/home/luka/Scripting/ELEC_498-Capstone-LiteLM/HLS-Verilog/Transformer_logic/src-hls/compute_controller.cpp:690]   --->   Operation 153 'load' 'w_23' <Predicate = true> <Delay = 1.23> <CoreInst = "RAM">   --->   Core 82 'RAM' <Latency = 1> <II = 1> <Delay = 1.23> <Storage> <Opcode : 'load' 'store'> <Ports = 2> <Width = 4> <Depth = 576> <RAM>
ST_4 : Operation 154 [1/2] ( I:0.67ns O:0.67ns )   --->   "%compute_controller_bool_bool_unsigned_int_bool_bool_bool_bool_bool_u_595 = load i4 %compute_controller_bool_bool_unsigned_int_bool_bool_bool_bool_bool_u_594" [/home/luka/Scripting/ELEC_498-Capstone-LiteLM/HLS-Verilog/Transformer_logic/src-hls/compute_controller.cpp:44->/home/luka/Scripting/ELEC_498-Capstone-LiteLM/HLS-Verilog/Transformer_logic/src-hls/compute_controller.cpp:690]   --->   Operation 154 'load' 'compute_controller_bool_bool_unsigned_int_bool_bool_bool_bool_bool_u_595' <Predicate = true> <Delay = 0.67> <CoreInst = "RAM">   --->   Core 82 'RAM' <Latency = 1> <II = 1> <Delay = 0.67> <Storage> <Opcode : 'load' 'store'> <Ports = 2> <Width = 16> <Depth = 12> <RAM>
ST_4 : Operation 155 [1/1] (0.00ns)   --->   "%sext_ln44_55 = sext i16 %compute_controller_bool_bool_unsigned_int_bool_bool_bool_bool_bool_u_595" [/home/luka/Scripting/ELEC_498-Capstone-LiteLM/HLS-Verilog/Transformer_logic/src-hls/compute_controller.cpp:44->/home/luka/Scripting/ELEC_498-Capstone-LiteLM/HLS-Verilog/Transformer_logic/src-hls/compute_controller.cpp:690]   --->   Operation 155 'sext' 'sext_ln44_55' <Predicate = true> <Delay = 0.00>
ST_4 : Operation 156 [1/1] (0.00ns)   --->   "%sext_ln43_22 = sext i4 %w_23" [/home/luka/Scripting/ELEC_498-Capstone-LiteLM/HLS-Verilog/Transformer_logic/src-hls/compute_controller.cpp:43->/home/luka/Scripting/ELEC_498-Capstone-LiteLM/HLS-Verilog/Transformer_logic/src-hls/compute_controller.cpp:690]   --->   Operation 156 'sext' 'sext_ln43_22' <Predicate = true> <Delay = 0.00>
ST_4 : Operation 157 [1/2] ( I:1.23ns O:1.23ns )   --->   "%w_25 = load i10 %p_ZZ18compute_controllerbbjRbS_bS_S_RjPKhPhR12ComputeStateS0_RhS6_S6_S6_S_S_S_S_E_306" [/home/luka/Scripting/ELEC_498-Capstone-LiteLM/HLS-Verilog/Transformer_logic/src-hls/compute_controller.cpp:43->/home/luka/Scripting/ELEC_498-Capstone-LiteLM/HLS-Verilog/Transformer_logic/src-hls/compute_controller.cpp:690]   --->   Operation 157 'load' 'w_25' <Predicate = true> <Delay = 1.23> <CoreInst = "RAM">   --->   Core 82 'RAM' <Latency = 1> <II = 1> <Delay = 1.23> <Storage> <Opcode : 'load' 'store'> <Ports = 2> <Width = 4> <Depth = 576> <RAM>
ST_4 : Operation 158 [1/2] ( I:0.67ns O:0.67ns )   --->   "%p_ZZ18compute_controllerbbjRbS_bS_S_RjPKhPhR12ComputeStateS0_RhS6_S6_S6_S_S_S_S_E_308 = load i4 %p_ZZ18compute_controllerbbjRbS_bS_S_RjPKhPhR12ComputeStateS0_RhS6_S6_S6_S_S_S_S_E_307" [/home/luka/Scripting/ELEC_498-Capstone-LiteLM/HLS-Verilog/Transformer_logic/src-hls/compute_controller.cpp:44->/home/luka/Scripting/ELEC_498-Capstone-LiteLM/HLS-Verilog/Transformer_logic/src-hls/compute_controller.cpp:690]   --->   Operation 158 'load' 'p_ZZ18compute_controllerbbjRbS_bS_S_RjPKhPhR12ComputeStateS0_RhS6_S6_S6_S_S_S_S_E_308' <Predicate = true> <Delay = 0.67> <CoreInst = "RAM">   --->   Core 82 'RAM' <Latency = 1> <II = 1> <Delay = 0.67> <Storage> <Opcode : 'load' 'store'> <Ports = 2> <Width = 16> <Depth = 12> <RAM>
ST_4 : Operation 159 [1/1] (0.00ns)   --->   "%sext_ln44_57 = sext i16 %p_ZZ18compute_controllerbbjRbS_bS_S_RjPKhPhR12ComputeStateS0_RhS6_S6_S6_S_S_S_S_E_308" [/home/luka/Scripting/ELEC_498-Capstone-LiteLM/HLS-Verilog/Transformer_logic/src-hls/compute_controller.cpp:44->/home/luka/Scripting/ELEC_498-Capstone-LiteLM/HLS-Verilog/Transformer_logic/src-hls/compute_controller.cpp:690]   --->   Operation 159 'sext' 'sext_ln44_57' <Predicate = true> <Delay = 0.00>
ST_4 : Operation 160 [1/1] (0.00ns)   --->   "%sext_ln43_24 = sext i4 %w_25" [/home/luka/Scripting/ELEC_498-Capstone-LiteLM/HLS-Verilog/Transformer_logic/src-hls/compute_controller.cpp:43->/home/luka/Scripting/ELEC_498-Capstone-LiteLM/HLS-Verilog/Transformer_logic/src-hls/compute_controller.cpp:690]   --->   Operation 160 'sext' 'sext_ln43_24' <Predicate = true> <Delay = 0.00>
ST_4 : Operation 161 [1/2] ( I:1.23ns O:1.23ns )   --->   "%w_27 = load i10 %p_ZZ18compute_controllerbbjRbS_bS_S_RjPKhPhR12ComputeStateS0_RhS6_S6_S6_S_S_S_S_E_312" [/home/luka/Scripting/ELEC_498-Capstone-LiteLM/HLS-Verilog/Transformer_logic/src-hls/compute_controller.cpp:43->/home/luka/Scripting/ELEC_498-Capstone-LiteLM/HLS-Verilog/Transformer_logic/src-hls/compute_controller.cpp:690]   --->   Operation 161 'load' 'w_27' <Predicate = true> <Delay = 1.23> <CoreInst = "RAM">   --->   Core 82 'RAM' <Latency = 1> <II = 1> <Delay = 1.23> <Storage> <Opcode : 'load' 'store'> <Ports = 2> <Width = 4> <Depth = 576> <RAM>
ST_4 : Operation 162 [1/2] ( I:0.67ns O:0.67ns )   --->   "%p_ZZ18compute_controllerbbjRbS_bS_S_RjPKhPhR12ComputeStateS0_RhS6_S6_S6_S_S_S_S_E_314 = load i4 %p_ZZ18compute_controllerbbjRbS_bS_S_RjPKhPhR12ComputeStateS0_RhS6_S6_S6_S_S_S_S_E_313" [/home/luka/Scripting/ELEC_498-Capstone-LiteLM/HLS-Verilog/Transformer_logic/src-hls/compute_controller.cpp:44->/home/luka/Scripting/ELEC_498-Capstone-LiteLM/HLS-Verilog/Transformer_logic/src-hls/compute_controller.cpp:690]   --->   Operation 162 'load' 'p_ZZ18compute_controllerbbjRbS_bS_S_RjPKhPhR12ComputeStateS0_RhS6_S6_S6_S_S_S_S_E_314' <Predicate = true> <Delay = 0.67> <CoreInst = "RAM">   --->   Core 82 'RAM' <Latency = 1> <II = 1> <Delay = 0.67> <Storage> <Opcode : 'load' 'store'> <Ports = 2> <Width = 16> <Depth = 12> <RAM>
ST_4 : Operation 163 [1/1] (0.00ns)   --->   "%sext_ln44_59 = sext i16 %p_ZZ18compute_controllerbbjRbS_bS_S_RjPKhPhR12ComputeStateS0_RhS6_S6_S6_S_S_S_S_E_314" [/home/luka/Scripting/ELEC_498-Capstone-LiteLM/HLS-Verilog/Transformer_logic/src-hls/compute_controller.cpp:44->/home/luka/Scripting/ELEC_498-Capstone-LiteLM/HLS-Verilog/Transformer_logic/src-hls/compute_controller.cpp:690]   --->   Operation 163 'sext' 'sext_ln44_59' <Predicate = true> <Delay = 0.00>
ST_4 : Operation 164 [1/1] (0.00ns)   --->   "%sext_ln43_26 = sext i4 %w_27" [/home/luka/Scripting/ELEC_498-Capstone-LiteLM/HLS-Verilog/Transformer_logic/src-hls/compute_controller.cpp:43->/home/luka/Scripting/ELEC_498-Capstone-LiteLM/HLS-Verilog/Transformer_logic/src-hls/compute_controller.cpp:690]   --->   Operation 164 'sext' 'sext_ln43_26' <Predicate = true> <Delay = 0.00>
ST_4 : Operation 165 [1/2] ( I:1.23ns O:1.23ns )   --->   "%w_29 = load i10 %p_ZZ18compute_controllerbbjRbS_bS_S_RjPKhPhR12ComputeStateS0_RhS6_S6_S6_S_S_S_S_E_318" [/home/luka/Scripting/ELEC_498-Capstone-LiteLM/HLS-Verilog/Transformer_logic/src-hls/compute_controller.cpp:43->/home/luka/Scripting/ELEC_498-Capstone-LiteLM/HLS-Verilog/Transformer_logic/src-hls/compute_controller.cpp:690]   --->   Operation 165 'load' 'w_29' <Predicate = true> <Delay = 1.23> <CoreInst = "RAM">   --->   Core 82 'RAM' <Latency = 1> <II = 1> <Delay = 1.23> <Storage> <Opcode : 'load' 'store'> <Ports = 2> <Width = 4> <Depth = 576> <RAM>
ST_4 : Operation 166 [1/2] ( I:0.67ns O:0.67ns )   --->   "%p_ZZ18compute_controllerbbjRbS_bS_S_RjPKhPhR12ComputeStateS0_RhS6_S6_S6_S_S_S_S_E_320 = load i4 %p_ZZ18compute_controllerbbjRbS_bS_S_RjPKhPhR12ComputeStateS0_RhS6_S6_S6_S_S_S_S_E_319" [/home/luka/Scripting/ELEC_498-Capstone-LiteLM/HLS-Verilog/Transformer_logic/src-hls/compute_controller.cpp:44->/home/luka/Scripting/ELEC_498-Capstone-LiteLM/HLS-Verilog/Transformer_logic/src-hls/compute_controller.cpp:690]   --->   Operation 166 'load' 'p_ZZ18compute_controllerbbjRbS_bS_S_RjPKhPhR12ComputeStateS0_RhS6_S6_S6_S_S_S_S_E_320' <Predicate = true> <Delay = 0.67> <CoreInst = "RAM">   --->   Core 82 'RAM' <Latency = 1> <II = 1> <Delay = 0.67> <Storage> <Opcode : 'load' 'store'> <Ports = 2> <Width = 16> <Depth = 12> <RAM>
ST_4 : Operation 167 [1/1] (0.00ns)   --->   "%sext_ln44_61 = sext i16 %p_ZZ18compute_controllerbbjRbS_bS_S_RjPKhPhR12ComputeStateS0_RhS6_S6_S6_S_S_S_S_E_320" [/home/luka/Scripting/ELEC_498-Capstone-LiteLM/HLS-Verilog/Transformer_logic/src-hls/compute_controller.cpp:44->/home/luka/Scripting/ELEC_498-Capstone-LiteLM/HLS-Verilog/Transformer_logic/src-hls/compute_controller.cpp:690]   --->   Operation 167 'sext' 'sext_ln44_61' <Predicate = true> <Delay = 0.00>
ST_4 : Operation 168 [1/1] (0.00ns)   --->   "%sext_ln43_28 = sext i4 %w_29" [/home/luka/Scripting/ELEC_498-Capstone-LiteLM/HLS-Verilog/Transformer_logic/src-hls/compute_controller.cpp:43->/home/luka/Scripting/ELEC_498-Capstone-LiteLM/HLS-Verilog/Transformer_logic/src-hls/compute_controller.cpp:690]   --->   Operation 168 'sext' 'sext_ln43_28' <Predicate = true> <Delay = 0.00>
ST_4 : Operation 169 [1/1] (2.38ns)   --->   "%mul_ln44 = mul i20 %sext_ln44, i20 %sext_ln43" [/home/luka/Scripting/ELEC_498-Capstone-LiteLM/HLS-Verilog/Transformer_logic/src-hls/compute_controller.cpp:44->/home/luka/Scripting/ELEC_498-Capstone-LiteLM/HLS-Verilog/Transformer_logic/src-hls/compute_controller.cpp:690]   --->   Operation 169 'mul' 'mul_ln44' <Predicate = true> <Delay = 2.38> <CoreInst = "Multiplier">   --->   Core 3 'Multiplier' <Latency = 0> <II = 1> <Delay = 2.38> <FuncUnit> <Opcode : 'mul'> <InPorts = 2> <OutPorts = 1>
ST_4 : Operation 170 [1/1] (0.00ns)   --->   "%sext_ln44_64 = sext i20 %mul_ln44" [/home/luka/Scripting/ELEC_498-Capstone-LiteLM/HLS-Verilog/Transformer_logic/src-hls/compute_controller.cpp:44->/home/luka/Scripting/ELEC_498-Capstone-LiteLM/HLS-Verilog/Transformer_logic/src-hls/compute_controller.cpp:690]   --->   Operation 170 'sext' 'sext_ln44_64' <Predicate = true> <Delay = 0.00>
ST_4 : Operation 171 [1/3] (0.00ns) (grouped into DSP with root node add_ln44_26)   --->   "%mul_ln44_16 = mul i20 %sext_ln44_62, i20 %sext_ln44_63" [/home/luka/Scripting/ELEC_498-Capstone-LiteLM/HLS-Verilog/Transformer_logic/src-hls/compute_controller.cpp:44->/home/luka/Scripting/ELEC_498-Capstone-LiteLM/HLS-Verilog/Transformer_logic/src-hls/compute_controller.cpp:690]   --->   Operation 171 'mul' 'mul_ln44_16' <Predicate = true> <Delay = 0.00> <CoreInst = "DSP48">   --->   Core 124 'DSP48' <Latency = 3> <II = 1> <Delay = 0.53> <IPBlock> <Opcode : 'add' 'sub' 'mul' 'select'> <InPorts = 0> <OutPorts = 1> <Sync> <CReg>
ST_4 : Operation 172 [1/1] (0.00ns) (grouped into DSP with root node add_ln44_26)   --->   "%sext_ln44_65 = sext i20 %mul_ln44_16" [/home/luka/Scripting/ELEC_498-Capstone-LiteLM/HLS-Verilog/Transformer_logic/src-hls/compute_controller.cpp:44->/home/luka/Scripting/ELEC_498-Capstone-LiteLM/HLS-Verilog/Transformer_logic/src-hls/compute_controller.cpp:690]   --->   Operation 172 'sext' 'sext_ln44_65' <Predicate = true> <Delay = 0.00>
ST_4 : Operation 173 [1/1] (2.38ns)   --->   "%mul_ln44_17 = mul i20 %sext_ln44_61, i20 %sext_ln43_28" [/home/luka/Scripting/ELEC_498-Capstone-LiteLM/HLS-Verilog/Transformer_logic/src-hls/compute_controller.cpp:44->/home/luka/Scripting/ELEC_498-Capstone-LiteLM/HLS-Verilog/Transformer_logic/src-hls/compute_controller.cpp:690]   --->   Operation 173 'mul' 'mul_ln44_17' <Predicate = true> <Delay = 2.38> <CoreInst = "Multiplier">   --->   Core 3 'Multiplier' <Latency = 0> <II = 1> <Delay = 2.38> <FuncUnit> <Opcode : 'mul'> <InPorts = 2> <OutPorts = 1>
ST_4 : Operation 174 [1/1] (0.00ns)   --->   "%sext_ln44_66 = sext i20 %mul_ln44_17" [/home/luka/Scripting/ELEC_498-Capstone-LiteLM/HLS-Verilog/Transformer_logic/src-hls/compute_controller.cpp:44->/home/luka/Scripting/ELEC_498-Capstone-LiteLM/HLS-Verilog/Transformer_logic/src-hls/compute_controller.cpp:690]   --->   Operation 174 'sext' 'sext_ln44_66' <Predicate = true> <Delay = 0.00>
ST_4 : Operation 175 [1/3] (0.00ns) (grouped into DSP with root node add_ln44_25)   --->   "%mul_ln44_18 = mul i20 %sext_ln44_60, i20 %sext_ln43_27" [/home/luka/Scripting/ELEC_498-Capstone-LiteLM/HLS-Verilog/Transformer_logic/src-hls/compute_controller.cpp:44->/home/luka/Scripting/ELEC_498-Capstone-LiteLM/HLS-Verilog/Transformer_logic/src-hls/compute_controller.cpp:690]   --->   Operation 175 'mul' 'mul_ln44_18' <Predicate = true> <Delay = 0.00> <CoreInst = "DSP48">   --->   Core 124 'DSP48' <Latency = 3> <II = 1> <Delay = 0.53> <IPBlock> <Opcode : 'add' 'sub' 'mul' 'select'> <InPorts = 0> <OutPorts = 1> <Sync> <CReg>
ST_4 : Operation 176 [1/1] (0.00ns) (grouped into DSP with root node add_ln44_25)   --->   "%sext_ln44_67 = sext i20 %mul_ln44_18" [/home/luka/Scripting/ELEC_498-Capstone-LiteLM/HLS-Verilog/Transformer_logic/src-hls/compute_controller.cpp:44->/home/luka/Scripting/ELEC_498-Capstone-LiteLM/HLS-Verilog/Transformer_logic/src-hls/compute_controller.cpp:690]   --->   Operation 176 'sext' 'sext_ln44_67' <Predicate = true> <Delay = 0.00>
ST_4 : Operation 177 [1/1] (2.38ns)   --->   "%mul_ln44_19 = mul i20 %sext_ln44_59, i20 %sext_ln43_26" [/home/luka/Scripting/ELEC_498-Capstone-LiteLM/HLS-Verilog/Transformer_logic/src-hls/compute_controller.cpp:44->/home/luka/Scripting/ELEC_498-Capstone-LiteLM/HLS-Verilog/Transformer_logic/src-hls/compute_controller.cpp:690]   --->   Operation 177 'mul' 'mul_ln44_19' <Predicate = true> <Delay = 2.38> <CoreInst = "Multiplier">   --->   Core 3 'Multiplier' <Latency = 0> <II = 1> <Delay = 2.38> <FuncUnit> <Opcode : 'mul'> <InPorts = 2> <OutPorts = 1>
ST_4 : Operation 178 [1/1] (0.00ns)   --->   "%sext_ln44_68 = sext i20 %mul_ln44_19" [/home/luka/Scripting/ELEC_498-Capstone-LiteLM/HLS-Verilog/Transformer_logic/src-hls/compute_controller.cpp:44->/home/luka/Scripting/ELEC_498-Capstone-LiteLM/HLS-Verilog/Transformer_logic/src-hls/compute_controller.cpp:690]   --->   Operation 178 'sext' 'sext_ln44_68' <Predicate = true> <Delay = 0.00>
ST_4 : Operation 179 [1/3] (0.00ns) (grouped into DSP with root node add_ln44_23)   --->   "%mul_ln44_20 = mul i20 %sext_ln44_58, i20 %sext_ln43_25" [/home/luka/Scripting/ELEC_498-Capstone-LiteLM/HLS-Verilog/Transformer_logic/src-hls/compute_controller.cpp:44->/home/luka/Scripting/ELEC_498-Capstone-LiteLM/HLS-Verilog/Transformer_logic/src-hls/compute_controller.cpp:690]   --->   Operation 179 'mul' 'mul_ln44_20' <Predicate = true> <Delay = 0.00> <CoreInst = "DSP48">   --->   Core 124 'DSP48' <Latency = 3> <II = 1> <Delay = 0.53> <IPBlock> <Opcode : 'add' 'sub' 'mul' 'select'> <InPorts = 0> <OutPorts = 1> <Sync> <CReg>
ST_4 : Operation 180 [1/1] (0.00ns) (grouped into DSP with root node add_ln44_23)   --->   "%sext_ln44_69 = sext i20 %mul_ln44_20" [/home/luka/Scripting/ELEC_498-Capstone-LiteLM/HLS-Verilog/Transformer_logic/src-hls/compute_controller.cpp:44->/home/luka/Scripting/ELEC_498-Capstone-LiteLM/HLS-Verilog/Transformer_logic/src-hls/compute_controller.cpp:690]   --->   Operation 180 'sext' 'sext_ln44_69' <Predicate = true> <Delay = 0.00>
ST_4 : Operation 181 [1/1] (2.38ns)   --->   "%mul_ln44_21 = mul i20 %sext_ln44_57, i20 %sext_ln43_24" [/home/luka/Scripting/ELEC_498-Capstone-LiteLM/HLS-Verilog/Transformer_logic/src-hls/compute_controller.cpp:44->/home/luka/Scripting/ELEC_498-Capstone-LiteLM/HLS-Verilog/Transformer_logic/src-hls/compute_controller.cpp:690]   --->   Operation 181 'mul' 'mul_ln44_21' <Predicate = true> <Delay = 2.38> <CoreInst = "Multiplier">   --->   Core 3 'Multiplier' <Latency = 0> <II = 1> <Delay = 2.38> <FuncUnit> <Opcode : 'mul'> <InPorts = 2> <OutPorts = 1>
ST_4 : Operation 182 [1/1] (0.00ns)   --->   "%sext_ln44_70 = sext i20 %mul_ln44_21" [/home/luka/Scripting/ELEC_498-Capstone-LiteLM/HLS-Verilog/Transformer_logic/src-hls/compute_controller.cpp:44->/home/luka/Scripting/ELEC_498-Capstone-LiteLM/HLS-Verilog/Transformer_logic/src-hls/compute_controller.cpp:690]   --->   Operation 182 'sext' 'sext_ln44_70' <Predicate = true> <Delay = 0.00>
ST_4 : Operation 183 [1/3] (0.00ns) (grouped into DSP with root node add_ln44_22)   --->   "%mul_ln44_22 = mul i20 %sext_ln44_56, i20 %sext_ln43_23" [/home/luka/Scripting/ELEC_498-Capstone-LiteLM/HLS-Verilog/Transformer_logic/src-hls/compute_controller.cpp:44->/home/luka/Scripting/ELEC_498-Capstone-LiteLM/HLS-Verilog/Transformer_logic/src-hls/compute_controller.cpp:690]   --->   Operation 183 'mul' 'mul_ln44_22' <Predicate = true> <Delay = 0.00> <CoreInst = "DSP48">   --->   Core 124 'DSP48' <Latency = 3> <II = 1> <Delay = 0.53> <IPBlock> <Opcode : 'add' 'sub' 'mul' 'select'> <InPorts = 0> <OutPorts = 1> <Sync> <CReg>
ST_4 : Operation 184 [1/1] (0.00ns) (grouped into DSP with root node add_ln44_22)   --->   "%sext_ln44_71 = sext i20 %mul_ln44_22" [/home/luka/Scripting/ELEC_498-Capstone-LiteLM/HLS-Verilog/Transformer_logic/src-hls/compute_controller.cpp:44->/home/luka/Scripting/ELEC_498-Capstone-LiteLM/HLS-Verilog/Transformer_logic/src-hls/compute_controller.cpp:690]   --->   Operation 184 'sext' 'sext_ln44_71' <Predicate = true> <Delay = 0.00>
ST_4 : Operation 185 [1/1] (2.38ns)   --->   "%mul_ln44_23 = mul i20 %sext_ln44_55, i20 %sext_ln43_22" [/home/luka/Scripting/ELEC_498-Capstone-LiteLM/HLS-Verilog/Transformer_logic/src-hls/compute_controller.cpp:44->/home/luka/Scripting/ELEC_498-Capstone-LiteLM/HLS-Verilog/Transformer_logic/src-hls/compute_controller.cpp:690]   --->   Operation 185 'mul' 'mul_ln44_23' <Predicate = true> <Delay = 2.38> <CoreInst = "Multiplier">   --->   Core 3 'Multiplier' <Latency = 0> <II = 1> <Delay = 2.38> <FuncUnit> <Opcode : 'mul'> <InPorts = 2> <OutPorts = 1>
ST_4 : Operation 186 [1/1] (0.00ns)   --->   "%sext_ln44_72 = sext i20 %mul_ln44_23" [/home/luka/Scripting/ELEC_498-Capstone-LiteLM/HLS-Verilog/Transformer_logic/src-hls/compute_controller.cpp:44->/home/luka/Scripting/ELEC_498-Capstone-LiteLM/HLS-Verilog/Transformer_logic/src-hls/compute_controller.cpp:690]   --->   Operation 186 'sext' 'sext_ln44_72' <Predicate = true> <Delay = 0.00>
ST_4 : Operation 187 [1/3] (0.00ns) (grouped into DSP with root node add_ln44_19)   --->   "%mul_ln44_24 = mul i20 %sext_ln44_54, i20 %sext_ln43_21" [/home/luka/Scripting/ELEC_498-Capstone-LiteLM/HLS-Verilog/Transformer_logic/src-hls/compute_controller.cpp:44->/home/luka/Scripting/ELEC_498-Capstone-LiteLM/HLS-Verilog/Transformer_logic/src-hls/compute_controller.cpp:690]   --->   Operation 187 'mul' 'mul_ln44_24' <Predicate = true> <Delay = 0.00> <CoreInst = "DSP48">   --->   Core 124 'DSP48' <Latency = 3> <II = 1> <Delay = 0.53> <IPBlock> <Opcode : 'add' 'sub' 'mul' 'select'> <InPorts = 0> <OutPorts = 1> <Sync> <CReg>
ST_4 : Operation 188 [1/1] (0.00ns) (grouped into DSP with root node add_ln44_19)   --->   "%sext_ln44_73 = sext i20 %mul_ln44_24" [/home/luka/Scripting/ELEC_498-Capstone-LiteLM/HLS-Verilog/Transformer_logic/src-hls/compute_controller.cpp:44->/home/luka/Scripting/ELEC_498-Capstone-LiteLM/HLS-Verilog/Transformer_logic/src-hls/compute_controller.cpp:690]   --->   Operation 188 'sext' 'sext_ln44_73' <Predicate = true> <Delay = 0.00>
ST_4 : Operation 189 [1/1] (2.38ns)   --->   "%mul_ln44_25 = mul i20 %sext_ln44_53, i20 %sext_ln43_20" [/home/luka/Scripting/ELEC_498-Capstone-LiteLM/HLS-Verilog/Transformer_logic/src-hls/compute_controller.cpp:44->/home/luka/Scripting/ELEC_498-Capstone-LiteLM/HLS-Verilog/Transformer_logic/src-hls/compute_controller.cpp:690]   --->   Operation 189 'mul' 'mul_ln44_25' <Predicate = true> <Delay = 2.38> <CoreInst = "Multiplier">   --->   Core 3 'Multiplier' <Latency = 0> <II = 1> <Delay = 2.38> <FuncUnit> <Opcode : 'mul'> <InPorts = 2> <OutPorts = 1>
ST_4 : Operation 190 [1/1] (0.00ns)   --->   "%sext_ln44_74 = sext i20 %mul_ln44_25" [/home/luka/Scripting/ELEC_498-Capstone-LiteLM/HLS-Verilog/Transformer_logic/src-hls/compute_controller.cpp:44->/home/luka/Scripting/ELEC_498-Capstone-LiteLM/HLS-Verilog/Transformer_logic/src-hls/compute_controller.cpp:690]   --->   Operation 190 'sext' 'sext_ln44_74' <Predicate = true> <Delay = 0.00>
ST_4 : Operation 191 [1/3] (0.00ns) (grouped into DSP with root node add_ln44_18)   --->   "%mul_ln44_26 = mul i20 %sext_ln44_52, i20 %sext_ln43_19" [/home/luka/Scripting/ELEC_498-Capstone-LiteLM/HLS-Verilog/Transformer_logic/src-hls/compute_controller.cpp:44->/home/luka/Scripting/ELEC_498-Capstone-LiteLM/HLS-Verilog/Transformer_logic/src-hls/compute_controller.cpp:690]   --->   Operation 191 'mul' 'mul_ln44_26' <Predicate = true> <Delay = 0.00> <CoreInst = "DSP48">   --->   Core 124 'DSP48' <Latency = 3> <II = 1> <Delay = 0.53> <IPBlock> <Opcode : 'add' 'sub' 'mul' 'select'> <InPorts = 0> <OutPorts = 1> <Sync> <CReg>
ST_4 : Operation 192 [1/1] (0.00ns) (grouped into DSP with root node add_ln44_18)   --->   "%sext_ln44_75 = sext i20 %mul_ln44_26" [/home/luka/Scripting/ELEC_498-Capstone-LiteLM/HLS-Verilog/Transformer_logic/src-hls/compute_controller.cpp:44->/home/luka/Scripting/ELEC_498-Capstone-LiteLM/HLS-Verilog/Transformer_logic/src-hls/compute_controller.cpp:690]   --->   Operation 192 'sext' 'sext_ln44_75' <Predicate = true> <Delay = 0.00>
ST_4 : Operation 193 [1/1] (2.38ns)   --->   "%mul_ln44_27 = mul i20 %sext_ln44_51, i20 %sext_ln43_18" [/home/luka/Scripting/ELEC_498-Capstone-LiteLM/HLS-Verilog/Transformer_logic/src-hls/compute_controller.cpp:44->/home/luka/Scripting/ELEC_498-Capstone-LiteLM/HLS-Verilog/Transformer_logic/src-hls/compute_controller.cpp:690]   --->   Operation 193 'mul' 'mul_ln44_27' <Predicate = true> <Delay = 2.38> <CoreInst = "Multiplier">   --->   Core 3 'Multiplier' <Latency = 0> <II = 1> <Delay = 2.38> <FuncUnit> <Opcode : 'mul'> <InPorts = 2> <OutPorts = 1>
ST_4 : Operation 194 [1/1] (0.00ns)   --->   "%sext_ln44_76 = sext i20 %mul_ln44_27" [/home/luka/Scripting/ELEC_498-Capstone-LiteLM/HLS-Verilog/Transformer_logic/src-hls/compute_controller.cpp:44->/home/luka/Scripting/ELEC_498-Capstone-LiteLM/HLS-Verilog/Transformer_logic/src-hls/compute_controller.cpp:690]   --->   Operation 194 'sext' 'sext_ln44_76' <Predicate = true> <Delay = 0.00>
ST_4 : Operation 195 [1/3] (0.00ns) (grouped into DSP with root node add_ln44_16)   --->   "%mul_ln44_28 = mul i20 %sext_ln44_50, i20 %sext_ln43_17" [/home/luka/Scripting/ELEC_498-Capstone-LiteLM/HLS-Verilog/Transformer_logic/src-hls/compute_controller.cpp:44->/home/luka/Scripting/ELEC_498-Capstone-LiteLM/HLS-Verilog/Transformer_logic/src-hls/compute_controller.cpp:690]   --->   Operation 195 'mul' 'mul_ln44_28' <Predicate = true> <Delay = 0.00> <CoreInst = "DSP48">   --->   Core 124 'DSP48' <Latency = 3> <II = 1> <Delay = 0.53> <IPBlock> <Opcode : 'add' 'sub' 'mul' 'select'> <InPorts = 0> <OutPorts = 1> <Sync> <CReg>
ST_4 : Operation 196 [1/1] (0.00ns) (grouped into DSP with root node add_ln44_16)   --->   "%sext_ln44_77 = sext i20 %mul_ln44_28" [/home/luka/Scripting/ELEC_498-Capstone-LiteLM/HLS-Verilog/Transformer_logic/src-hls/compute_controller.cpp:44->/home/luka/Scripting/ELEC_498-Capstone-LiteLM/HLS-Verilog/Transformer_logic/src-hls/compute_controller.cpp:690]   --->   Operation 196 'sext' 'sext_ln44_77' <Predicate = true> <Delay = 0.00>
ST_4 : Operation 197 [1/1] (2.38ns)   --->   "%mul_ln44_29 = mul i20 %sext_ln44_49, i20 %sext_ln43_16" [/home/luka/Scripting/ELEC_498-Capstone-LiteLM/HLS-Verilog/Transformer_logic/src-hls/compute_controller.cpp:44->/home/luka/Scripting/ELEC_498-Capstone-LiteLM/HLS-Verilog/Transformer_logic/src-hls/compute_controller.cpp:690]   --->   Operation 197 'mul' 'mul_ln44_29' <Predicate = true> <Delay = 2.38> <CoreInst = "Multiplier">   --->   Core 3 'Multiplier' <Latency = 0> <II = 1> <Delay = 2.38> <FuncUnit> <Opcode : 'mul'> <InPorts = 2> <OutPorts = 1>
ST_4 : Operation 198 [1/1] (0.00ns)   --->   "%sext_ln44_78 = sext i20 %mul_ln44_29" [/home/luka/Scripting/ELEC_498-Capstone-LiteLM/HLS-Verilog/Transformer_logic/src-hls/compute_controller.cpp:44->/home/luka/Scripting/ELEC_498-Capstone-LiteLM/HLS-Verilog/Transformer_logic/src-hls/compute_controller.cpp:690]   --->   Operation 198 'sext' 'sext_ln44_78' <Predicate = true> <Delay = 0.00>
ST_4 : Operation 199 [1/3] (0.00ns) (grouped into DSP with root node add_ln44)   --->   "%mul_ln44_30 = mul i20 %sext_ln44_48, i20 %sext_ln43_15" [/home/luka/Scripting/ELEC_498-Capstone-LiteLM/HLS-Verilog/Transformer_logic/src-hls/compute_controller.cpp:44->/home/luka/Scripting/ELEC_498-Capstone-LiteLM/HLS-Verilog/Transformer_logic/src-hls/compute_controller.cpp:690]   --->   Operation 199 'mul' 'mul_ln44_30' <Predicate = true> <Delay = 0.00> <CoreInst = "DSP48">   --->   Core 124 'DSP48' <Latency = 3> <II = 1> <Delay = 0.53> <IPBlock> <Opcode : 'add' 'sub' 'mul' 'select'> <InPorts = 0> <OutPorts = 1> <Sync> <CReg>
ST_4 : Operation 200 [1/1] (0.00ns) (grouped into DSP with root node add_ln44)   --->   "%sext_ln44_79 = sext i20 %mul_ln44_30" [/home/luka/Scripting/ELEC_498-Capstone-LiteLM/HLS-Verilog/Transformer_logic/src-hls/compute_controller.cpp:44->/home/luka/Scripting/ELEC_498-Capstone-LiteLM/HLS-Verilog/Transformer_logic/src-hls/compute_controller.cpp:690]   --->   Operation 200 'sext' 'sext_ln44_79' <Predicate = true> <Delay = 0.00>
ST_4 : Operation 201 [2/2] (0.64ns) (root node of the DSP)   --->   "%add_ln44 = add i21 %sext_ln44_64, i21 %sext_ln44_79" [/home/luka/Scripting/ELEC_498-Capstone-LiteLM/HLS-Verilog/Transformer_logic/src-hls/compute_controller.cpp:44->/home/luka/Scripting/ELEC_498-Capstone-LiteLM/HLS-Verilog/Transformer_logic/src-hls/compute_controller.cpp:690]   --->   Operation 201 'add' 'add_ln44' <Predicate = true> <Delay = 0.64> <CoreInst = "DSP48">   --->   Core 124 'DSP48' <Latency = 3> <II = 1> <Delay = 0.53> <IPBlock> <Opcode : 'add' 'sub' 'mul' 'select'> <InPorts = 0> <OutPorts = 1> <Sync> <CReg>
ST_4 : Operation 202 [2/2] (0.64ns) (root node of the DSP)   --->   "%add_ln44_16 = add i21 %sext_ln44_78, i21 %sext_ln44_77" [/home/luka/Scripting/ELEC_498-Capstone-LiteLM/HLS-Verilog/Transformer_logic/src-hls/compute_controller.cpp:44->/home/luka/Scripting/ELEC_498-Capstone-LiteLM/HLS-Verilog/Transformer_logic/src-hls/compute_controller.cpp:690]   --->   Operation 202 'add' 'add_ln44_16' <Predicate = true> <Delay = 0.64> <CoreInst = "DSP48">   --->   Core 124 'DSP48' <Latency = 3> <II = 1> <Delay = 0.53> <IPBlock> <Opcode : 'add' 'sub' 'mul' 'select'> <InPorts = 0> <OutPorts = 1> <Sync> <CReg>
ST_4 : Operation 203 [2/2] (0.64ns) (root node of the DSP)   --->   "%add_ln44_18 = add i21 %sext_ln44_76, i21 %sext_ln44_75" [/home/luka/Scripting/ELEC_498-Capstone-LiteLM/HLS-Verilog/Transformer_logic/src-hls/compute_controller.cpp:44->/home/luka/Scripting/ELEC_498-Capstone-LiteLM/HLS-Verilog/Transformer_logic/src-hls/compute_controller.cpp:690]   --->   Operation 203 'add' 'add_ln44_18' <Predicate = true> <Delay = 0.64> <CoreInst = "DSP48">   --->   Core 124 'DSP48' <Latency = 3> <II = 1> <Delay = 0.53> <IPBlock> <Opcode : 'add' 'sub' 'mul' 'select'> <InPorts = 0> <OutPorts = 1> <Sync> <CReg>
ST_4 : Operation 204 [2/2] (0.64ns) (root node of the DSP)   --->   "%add_ln44_19 = add i21 %sext_ln44_74, i21 %sext_ln44_73" [/home/luka/Scripting/ELEC_498-Capstone-LiteLM/HLS-Verilog/Transformer_logic/src-hls/compute_controller.cpp:44->/home/luka/Scripting/ELEC_498-Capstone-LiteLM/HLS-Verilog/Transformer_logic/src-hls/compute_controller.cpp:690]   --->   Operation 204 'add' 'add_ln44_19' <Predicate = true> <Delay = 0.64> <CoreInst = "DSP48">   --->   Core 124 'DSP48' <Latency = 3> <II = 1> <Delay = 0.53> <IPBlock> <Opcode : 'add' 'sub' 'mul' 'select'> <InPorts = 0> <OutPorts = 1> <Sync> <CReg>
ST_4 : Operation 205 [2/2] (0.64ns) (root node of the DSP)   --->   "%add_ln44_22 = add i21 %sext_ln44_72, i21 %sext_ln44_71" [/home/luka/Scripting/ELEC_498-Capstone-LiteLM/HLS-Verilog/Transformer_logic/src-hls/compute_controller.cpp:44->/home/luka/Scripting/ELEC_498-Capstone-LiteLM/HLS-Verilog/Transformer_logic/src-hls/compute_controller.cpp:690]   --->   Operation 205 'add' 'add_ln44_22' <Predicate = true> <Delay = 0.64> <CoreInst = "DSP48">   --->   Core 124 'DSP48' <Latency = 3> <II = 1> <Delay = 0.53> <IPBlock> <Opcode : 'add' 'sub' 'mul' 'select'> <InPorts = 0> <OutPorts = 1> <Sync> <CReg>
ST_4 : Operation 206 [2/2] (0.64ns) (root node of the DSP)   --->   "%add_ln44_23 = add i21 %sext_ln44_70, i21 %sext_ln44_69" [/home/luka/Scripting/ELEC_498-Capstone-LiteLM/HLS-Verilog/Transformer_logic/src-hls/compute_controller.cpp:44->/home/luka/Scripting/ELEC_498-Capstone-LiteLM/HLS-Verilog/Transformer_logic/src-hls/compute_controller.cpp:690]   --->   Operation 206 'add' 'add_ln44_23' <Predicate = true> <Delay = 0.64> <CoreInst = "DSP48">   --->   Core 124 'DSP48' <Latency = 3> <II = 1> <Delay = 0.53> <IPBlock> <Opcode : 'add' 'sub' 'mul' 'select'> <InPorts = 0> <OutPorts = 1> <Sync> <CReg>
ST_4 : Operation 207 [2/2] (0.64ns) (root node of the DSP)   --->   "%add_ln44_25 = add i21 %sext_ln44_68, i21 %sext_ln44_67" [/home/luka/Scripting/ELEC_498-Capstone-LiteLM/HLS-Verilog/Transformer_logic/src-hls/compute_controller.cpp:44->/home/luka/Scripting/ELEC_498-Capstone-LiteLM/HLS-Verilog/Transformer_logic/src-hls/compute_controller.cpp:690]   --->   Operation 207 'add' 'add_ln44_25' <Predicate = true> <Delay = 0.64> <CoreInst = "DSP48">   --->   Core 124 'DSP48' <Latency = 3> <II = 1> <Delay = 0.53> <IPBlock> <Opcode : 'add' 'sub' 'mul' 'select'> <InPorts = 0> <OutPorts = 1> <Sync> <CReg>
ST_4 : Operation 208 [2/2] (0.64ns) (root node of the DSP)   --->   "%add_ln44_26 = add i21 %sext_ln44_66, i21 %sext_ln44_65" [/home/luka/Scripting/ELEC_498-Capstone-LiteLM/HLS-Verilog/Transformer_logic/src-hls/compute_controller.cpp:44->/home/luka/Scripting/ELEC_498-Capstone-LiteLM/HLS-Verilog/Transformer_logic/src-hls/compute_controller.cpp:690]   --->   Operation 208 'add' 'add_ln44_26' <Predicate = true> <Delay = 0.64> <CoreInst = "DSP48">   --->   Core 124 'DSP48' <Latency = 3> <II = 1> <Delay = 0.53> <IPBlock> <Opcode : 'add' 'sub' 'mul' 'select'> <InPorts = 0> <OutPorts = 1> <Sync> <CReg>
ST_4 : Operation 246 [1/1] (0.00ns)   --->   "%acc_load_2 = load i32 %acc"   --->   Operation 246 'load' 'acc_load_2' <Predicate = (!icmp_ln41)> <Delay = 0.00>
ST_4 : Operation 247 [1/1] (0.00ns)   --->   "%write_ln0 = write void @_ssdm_op_Write.ap_auto.i32P0A, i32 %acc_25_out, i32 %acc_load_2"   --->   Operation 247 'write' 'write_ln0' <Predicate = (!icmp_ln41)> <Delay = 0.00>
ST_4 : Operation 248 [1/1] (0.42ns)   --->   "%ret_ln0 = ret"   --->   Operation 248 'ret' 'ret_ln0' <Predicate = (!icmp_ln41)> <Delay = 0.42>

State 5 <SV = 4> <Delay = 4.83>
ST_5 : Operation 209 [1/1] (0.00ns)   --->   "%acc_load = load i32 %acc" [/home/luka/Scripting/ELEC_498-Capstone-LiteLM/HLS-Verilog/Transformer_logic/src-hls/compute_controller.cpp:44->/home/luka/Scripting/ELEC_498-Capstone-LiteLM/HLS-Verilog/Transformer_logic/src-hls/compute_controller.cpp:690]   --->   Operation 209 'load' 'acc_load' <Predicate = true> <Delay = 0.00>
ST_5 : Operation 210 [1/1] (0.00ns)   --->   "%specpipeline_ln40 = specpipeline void @_ssdm_op_SpecPipeline, i32 4294967295, i32 0, i32 0, i32 0, void @empty_15" [/home/luka/Scripting/ELEC_498-Capstone-LiteLM/HLS-Verilog/Transformer_logic/src-hls/compute_controller.cpp:40->/home/luka/Scripting/ELEC_498-Capstone-LiteLM/HLS-Verilog/Transformer_logic/src-hls/compute_controller.cpp:690]   --->   Operation 210 'specpipeline' 'specpipeline_ln40' <Predicate = true> <Delay = 0.00>
ST_5 : Operation 211 [1/1] (0.00ns)   --->   "%speclooptripcount_ln40 = speclooptripcount void @_ssdm_op_SpecLoopTripCount, i64 12, i64 12, i64 12" [/home/luka/Scripting/ELEC_498-Capstone-LiteLM/HLS-Verilog/Transformer_logic/src-hls/compute_controller.cpp:40->/home/luka/Scripting/ELEC_498-Capstone-LiteLM/HLS-Verilog/Transformer_logic/src-hls/compute_controller.cpp:690]   --->   Operation 211 'speclooptripcount' 'speclooptripcount_ln40' <Predicate = true> <Delay = 0.00>
ST_5 : Operation 212 [1/1] (0.00ns)   --->   "%specloopname_ln41 = specloopname void @_ssdm_op_SpecLoopName, void @empty_26" [/home/luka/Scripting/ELEC_498-Capstone-LiteLM/HLS-Verilog/Transformer_logic/src-hls/compute_controller.cpp:41->/home/luka/Scripting/ELEC_498-Capstone-LiteLM/HLS-Verilog/Transformer_logic/src-hls/compute_controller.cpp:690]   --->   Operation 212 'specloopname' 'specloopname_ln41' <Predicate = true> <Delay = 0.00>
ST_5 : Operation 213 [1/2] (0.64ns) (root node of the DSP)   --->   "%add_ln44 = add i21 %sext_ln44_64, i21 %sext_ln44_79" [/home/luka/Scripting/ELEC_498-Capstone-LiteLM/HLS-Verilog/Transformer_logic/src-hls/compute_controller.cpp:44->/home/luka/Scripting/ELEC_498-Capstone-LiteLM/HLS-Verilog/Transformer_logic/src-hls/compute_controller.cpp:690]   --->   Operation 213 'add' 'add_ln44' <Predicate = true> <Delay = 0.64> <CoreInst = "DSP48">   --->   Core 124 'DSP48' <Latency = 3> <II = 1> <Delay = 0.53> <IPBlock> <Opcode : 'add' 'sub' 'mul' 'select'> <InPorts = 0> <OutPorts = 1> <Sync> <CReg>
ST_5 : Operation 214 [1/1] (0.00ns)   --->   "%sext_ln44_80 = sext i21 %add_ln44" [/home/luka/Scripting/ELEC_498-Capstone-LiteLM/HLS-Verilog/Transformer_logic/src-hls/compute_controller.cpp:44->/home/luka/Scripting/ELEC_498-Capstone-LiteLM/HLS-Verilog/Transformer_logic/src-hls/compute_controller.cpp:690]   --->   Operation 214 'sext' 'sext_ln44_80' <Predicate = true> <Delay = 0.00>
ST_5 : Operation 215 [1/2] (0.64ns) (root node of the DSP)   --->   "%add_ln44_16 = add i21 %sext_ln44_78, i21 %sext_ln44_77" [/home/luka/Scripting/ELEC_498-Capstone-LiteLM/HLS-Verilog/Transformer_logic/src-hls/compute_controller.cpp:44->/home/luka/Scripting/ELEC_498-Capstone-LiteLM/HLS-Verilog/Transformer_logic/src-hls/compute_controller.cpp:690]   --->   Operation 215 'add' 'add_ln44_16' <Predicate = true> <Delay = 0.64> <CoreInst = "DSP48">   --->   Core 124 'DSP48' <Latency = 3> <II = 1> <Delay = 0.53> <IPBlock> <Opcode : 'add' 'sub' 'mul' 'select'> <InPorts = 0> <OutPorts = 1> <Sync> <CReg>
ST_5 : Operation 216 [1/1] (0.00ns)   --->   "%sext_ln44_81 = sext i21 %add_ln44_16" [/home/luka/Scripting/ELEC_498-Capstone-LiteLM/HLS-Verilog/Transformer_logic/src-hls/compute_controller.cpp:44->/home/luka/Scripting/ELEC_498-Capstone-LiteLM/HLS-Verilog/Transformer_logic/src-hls/compute_controller.cpp:690]   --->   Operation 216 'sext' 'sext_ln44_81' <Predicate = true> <Delay = 0.00>
ST_5 : Operation 217 [1/1] (0.90ns)   --->   "%add_ln44_17 = add i22 %sext_ln44_81, i22 %sext_ln44_80" [/home/luka/Scripting/ELEC_498-Capstone-LiteLM/HLS-Verilog/Transformer_logic/src-hls/compute_controller.cpp:44->/home/luka/Scripting/ELEC_498-Capstone-LiteLM/HLS-Verilog/Transformer_logic/src-hls/compute_controller.cpp:690]   --->   Operation 217 'add' 'add_ln44_17' <Predicate = true> <Delay = 0.90> <CoreInst = "Adder">   --->   Core 1 'Adder' <Latency = 0> <II = 1> <Delay = 0.90> <FuncUnit> <Opcode : 'add' 'sub'> <InPorts = 2> <OutPorts = 1>
ST_5 : Operation 218 [1/1] (0.00ns)   --->   "%sext_ln44_82 = sext i22 %add_ln44_17" [/home/luka/Scripting/ELEC_498-Capstone-LiteLM/HLS-Verilog/Transformer_logic/src-hls/compute_controller.cpp:44->/home/luka/Scripting/ELEC_498-Capstone-LiteLM/HLS-Verilog/Transformer_logic/src-hls/compute_controller.cpp:690]   --->   Operation 218 'sext' 'sext_ln44_82' <Predicate = true> <Delay = 0.00>
ST_5 : Operation 219 [1/2] (0.64ns) (root node of the DSP)   --->   "%add_ln44_18 = add i21 %sext_ln44_76, i21 %sext_ln44_75" [/home/luka/Scripting/ELEC_498-Capstone-LiteLM/HLS-Verilog/Transformer_logic/src-hls/compute_controller.cpp:44->/home/luka/Scripting/ELEC_498-Capstone-LiteLM/HLS-Verilog/Transformer_logic/src-hls/compute_controller.cpp:690]   --->   Operation 219 'add' 'add_ln44_18' <Predicate = true> <Delay = 0.64> <CoreInst = "DSP48">   --->   Core 124 'DSP48' <Latency = 3> <II = 1> <Delay = 0.53> <IPBlock> <Opcode : 'add' 'sub' 'mul' 'select'> <InPorts = 0> <OutPorts = 1> <Sync> <CReg>
ST_5 : Operation 220 [1/1] (0.00ns)   --->   "%sext_ln44_83 = sext i21 %add_ln44_18" [/home/luka/Scripting/ELEC_498-Capstone-LiteLM/HLS-Verilog/Transformer_logic/src-hls/compute_controller.cpp:44->/home/luka/Scripting/ELEC_498-Capstone-LiteLM/HLS-Verilog/Transformer_logic/src-hls/compute_controller.cpp:690]   --->   Operation 220 'sext' 'sext_ln44_83' <Predicate = true> <Delay = 0.00>
ST_5 : Operation 221 [1/2] (0.64ns) (root node of the DSP)   --->   "%add_ln44_19 = add i21 %sext_ln44_74, i21 %sext_ln44_73" [/home/luka/Scripting/ELEC_498-Capstone-LiteLM/HLS-Verilog/Transformer_logic/src-hls/compute_controller.cpp:44->/home/luka/Scripting/ELEC_498-Capstone-LiteLM/HLS-Verilog/Transformer_logic/src-hls/compute_controller.cpp:690]   --->   Operation 221 'add' 'add_ln44_19' <Predicate = true> <Delay = 0.64> <CoreInst = "DSP48">   --->   Core 124 'DSP48' <Latency = 3> <II = 1> <Delay = 0.53> <IPBlock> <Opcode : 'add' 'sub' 'mul' 'select'> <InPorts = 0> <OutPorts = 1> <Sync> <CReg>
ST_5 : Operation 222 [1/1] (0.00ns)   --->   "%sext_ln44_84 = sext i21 %add_ln44_19" [/home/luka/Scripting/ELEC_498-Capstone-LiteLM/HLS-Verilog/Transformer_logic/src-hls/compute_controller.cpp:44->/home/luka/Scripting/ELEC_498-Capstone-LiteLM/HLS-Verilog/Transformer_logic/src-hls/compute_controller.cpp:690]   --->   Operation 222 'sext' 'sext_ln44_84' <Predicate = true> <Delay = 0.00>
ST_5 : Operation 223 [1/1] (0.90ns)   --->   "%add_ln44_20 = add i22 %sext_ln44_84, i22 %sext_ln44_83" [/home/luka/Scripting/ELEC_498-Capstone-LiteLM/HLS-Verilog/Transformer_logic/src-hls/compute_controller.cpp:44->/home/luka/Scripting/ELEC_498-Capstone-LiteLM/HLS-Verilog/Transformer_logic/src-hls/compute_controller.cpp:690]   --->   Operation 223 'add' 'add_ln44_20' <Predicate = true> <Delay = 0.90> <CoreInst = "Adder">   --->   Core 1 'Adder' <Latency = 0> <II = 1> <Delay = 0.90> <FuncUnit> <Opcode : 'add' 'sub'> <InPorts = 2> <OutPorts = 1>
ST_5 : Operation 224 [1/1] (0.00ns)   --->   "%sext_ln44_85 = sext i22 %add_ln44_20" [/home/luka/Scripting/ELEC_498-Capstone-LiteLM/HLS-Verilog/Transformer_logic/src-hls/compute_controller.cpp:44->/home/luka/Scripting/ELEC_498-Capstone-LiteLM/HLS-Verilog/Transformer_logic/src-hls/compute_controller.cpp:690]   --->   Operation 224 'sext' 'sext_ln44_85' <Predicate = true> <Delay = 0.00>
ST_5 : Operation 225 [1/1] (0.91ns)   --->   "%add_ln44_21 = add i23 %sext_ln44_85, i23 %sext_ln44_82" [/home/luka/Scripting/ELEC_498-Capstone-LiteLM/HLS-Verilog/Transformer_logic/src-hls/compute_controller.cpp:44->/home/luka/Scripting/ELEC_498-Capstone-LiteLM/HLS-Verilog/Transformer_logic/src-hls/compute_controller.cpp:690]   --->   Operation 225 'add' 'add_ln44_21' <Predicate = true> <Delay = 0.91> <CoreInst = "Adder">   --->   Core 1 'Adder' <Latency = 0> <II = 1> <Delay = 0.91> <FuncUnit> <Opcode : 'add' 'sub'> <InPorts = 2> <OutPorts = 1>
ST_5 : Operation 226 [1/1] (0.00ns)   --->   "%sext_ln44_86 = sext i23 %add_ln44_21" [/home/luka/Scripting/ELEC_498-Capstone-LiteLM/HLS-Verilog/Transformer_logic/src-hls/compute_controller.cpp:44->/home/luka/Scripting/ELEC_498-Capstone-LiteLM/HLS-Verilog/Transformer_logic/src-hls/compute_controller.cpp:690]   --->   Operation 226 'sext' 'sext_ln44_86' <Predicate = true> <Delay = 0.00>
ST_5 : Operation 227 [1/2] (0.64ns) (root node of the DSP)   --->   "%add_ln44_22 = add i21 %sext_ln44_72, i21 %sext_ln44_71" [/home/luka/Scripting/ELEC_498-Capstone-LiteLM/HLS-Verilog/Transformer_logic/src-hls/compute_controller.cpp:44->/home/luka/Scripting/ELEC_498-Capstone-LiteLM/HLS-Verilog/Transformer_logic/src-hls/compute_controller.cpp:690]   --->   Operation 227 'add' 'add_ln44_22' <Predicate = true> <Delay = 0.64> <CoreInst = "DSP48">   --->   Core 124 'DSP48' <Latency = 3> <II = 1> <Delay = 0.53> <IPBlock> <Opcode : 'add' 'sub' 'mul' 'select'> <InPorts = 0> <OutPorts = 1> <Sync> <CReg>
ST_5 : Operation 228 [1/1] (0.00ns)   --->   "%sext_ln44_87 = sext i21 %add_ln44_22" [/home/luka/Scripting/ELEC_498-Capstone-LiteLM/HLS-Verilog/Transformer_logic/src-hls/compute_controller.cpp:44->/home/luka/Scripting/ELEC_498-Capstone-LiteLM/HLS-Verilog/Transformer_logic/src-hls/compute_controller.cpp:690]   --->   Operation 228 'sext' 'sext_ln44_87' <Predicate = true> <Delay = 0.00>
ST_5 : Operation 229 [1/2] (0.64ns) (root node of the DSP)   --->   "%add_ln44_23 = add i21 %sext_ln44_70, i21 %sext_ln44_69" [/home/luka/Scripting/ELEC_498-Capstone-LiteLM/HLS-Verilog/Transformer_logic/src-hls/compute_controller.cpp:44->/home/luka/Scripting/ELEC_498-Capstone-LiteLM/HLS-Verilog/Transformer_logic/src-hls/compute_controller.cpp:690]   --->   Operation 229 'add' 'add_ln44_23' <Predicate = true> <Delay = 0.64> <CoreInst = "DSP48">   --->   Core 124 'DSP48' <Latency = 3> <II = 1> <Delay = 0.53> <IPBlock> <Opcode : 'add' 'sub' 'mul' 'select'> <InPorts = 0> <OutPorts = 1> <Sync> <CReg>
ST_5 : Operation 230 [1/1] (0.00ns)   --->   "%sext_ln44_88 = sext i21 %add_ln44_23" [/home/luka/Scripting/ELEC_498-Capstone-LiteLM/HLS-Verilog/Transformer_logic/src-hls/compute_controller.cpp:44->/home/luka/Scripting/ELEC_498-Capstone-LiteLM/HLS-Verilog/Transformer_logic/src-hls/compute_controller.cpp:690]   --->   Operation 230 'sext' 'sext_ln44_88' <Predicate = true> <Delay = 0.00>
ST_5 : Operation 231 [1/1] (0.90ns)   --->   "%add_ln44_24 = add i22 %sext_ln44_88, i22 %sext_ln44_87" [/home/luka/Scripting/ELEC_498-Capstone-LiteLM/HLS-Verilog/Transformer_logic/src-hls/compute_controller.cpp:44->/home/luka/Scripting/ELEC_498-Capstone-LiteLM/HLS-Verilog/Transformer_logic/src-hls/compute_controller.cpp:690]   --->   Operation 231 'add' 'add_ln44_24' <Predicate = true> <Delay = 0.90> <CoreInst = "Adder">   --->   Core 1 'Adder' <Latency = 0> <II = 1> <Delay = 0.90> <FuncUnit> <Opcode : 'add' 'sub'> <InPorts = 2> <OutPorts = 1>
ST_5 : Operation 232 [1/1] (0.00ns)   --->   "%sext_ln44_89 = sext i22 %add_ln44_24" [/home/luka/Scripting/ELEC_498-Capstone-LiteLM/HLS-Verilog/Transformer_logic/src-hls/compute_controller.cpp:44->/home/luka/Scripting/ELEC_498-Capstone-LiteLM/HLS-Verilog/Transformer_logic/src-hls/compute_controller.cpp:690]   --->   Operation 232 'sext' 'sext_ln44_89' <Predicate = true> <Delay = 0.00>
ST_5 : Operation 233 [1/2] (0.64ns) (root node of the DSP)   --->   "%add_ln44_25 = add i21 %sext_ln44_68, i21 %sext_ln44_67" [/home/luka/Scripting/ELEC_498-Capstone-LiteLM/HLS-Verilog/Transformer_logic/src-hls/compute_controller.cpp:44->/home/luka/Scripting/ELEC_498-Capstone-LiteLM/HLS-Verilog/Transformer_logic/src-hls/compute_controller.cpp:690]   --->   Operation 233 'add' 'add_ln44_25' <Predicate = true> <Delay = 0.64> <CoreInst = "DSP48">   --->   Core 124 'DSP48' <Latency = 3> <II = 1> <Delay = 0.53> <IPBlock> <Opcode : 'add' 'sub' 'mul' 'select'> <InPorts = 0> <OutPorts = 1> <Sync> <CReg>
ST_5 : Operation 234 [1/1] (0.00ns)   --->   "%sext_ln44_90 = sext i21 %add_ln44_25" [/home/luka/Scripting/ELEC_498-Capstone-LiteLM/HLS-Verilog/Transformer_logic/src-hls/compute_controller.cpp:44->/home/luka/Scripting/ELEC_498-Capstone-LiteLM/HLS-Verilog/Transformer_logic/src-hls/compute_controller.cpp:690]   --->   Operation 234 'sext' 'sext_ln44_90' <Predicate = true> <Delay = 0.00>
ST_5 : Operation 235 [1/2] (0.64ns) (root node of the DSP)   --->   "%add_ln44_26 = add i21 %sext_ln44_66, i21 %sext_ln44_65" [/home/luka/Scripting/ELEC_498-Capstone-LiteLM/HLS-Verilog/Transformer_logic/src-hls/compute_controller.cpp:44->/home/luka/Scripting/ELEC_498-Capstone-LiteLM/HLS-Verilog/Transformer_logic/src-hls/compute_controller.cpp:690]   --->   Operation 235 'add' 'add_ln44_26' <Predicate = true> <Delay = 0.64> <CoreInst = "DSP48">   --->   Core 124 'DSP48' <Latency = 3> <II = 1> <Delay = 0.53> <IPBlock> <Opcode : 'add' 'sub' 'mul' 'select'> <InPorts = 0> <OutPorts = 1> <Sync> <CReg>
ST_5 : Operation 236 [1/1] (0.00ns)   --->   "%sext_ln44_91 = sext i21 %add_ln44_26" [/home/luka/Scripting/ELEC_498-Capstone-LiteLM/HLS-Verilog/Transformer_logic/src-hls/compute_controller.cpp:44->/home/luka/Scripting/ELEC_498-Capstone-LiteLM/HLS-Verilog/Transformer_logic/src-hls/compute_controller.cpp:690]   --->   Operation 236 'sext' 'sext_ln44_91' <Predicate = true> <Delay = 0.00>
ST_5 : Operation 237 [1/1] (0.90ns)   --->   "%add_ln44_27 = add i22 %sext_ln44_91, i22 %sext_ln44_90" [/home/luka/Scripting/ELEC_498-Capstone-LiteLM/HLS-Verilog/Transformer_logic/src-hls/compute_controller.cpp:44->/home/luka/Scripting/ELEC_498-Capstone-LiteLM/HLS-Verilog/Transformer_logic/src-hls/compute_controller.cpp:690]   --->   Operation 237 'add' 'add_ln44_27' <Predicate = true> <Delay = 0.90> <CoreInst = "Adder">   --->   Core 1 'Adder' <Latency = 0> <II = 1> <Delay = 0.90> <FuncUnit> <Opcode : 'add' 'sub'> <InPorts = 2> <OutPorts = 1>
ST_5 : Operation 238 [1/1] (0.00ns)   --->   "%sext_ln44_92 = sext i22 %add_ln44_27" [/home/luka/Scripting/ELEC_498-Capstone-LiteLM/HLS-Verilog/Transformer_logic/src-hls/compute_controller.cpp:44->/home/luka/Scripting/ELEC_498-Capstone-LiteLM/HLS-Verilog/Transformer_logic/src-hls/compute_controller.cpp:690]   --->   Operation 238 'sext' 'sext_ln44_92' <Predicate = true> <Delay = 0.00>
ST_5 : Operation 239 [1/1] (0.91ns)   --->   "%add_ln44_28 = add i23 %sext_ln44_92, i23 %sext_ln44_89" [/home/luka/Scripting/ELEC_498-Capstone-LiteLM/HLS-Verilog/Transformer_logic/src-hls/compute_controller.cpp:44->/home/luka/Scripting/ELEC_498-Capstone-LiteLM/HLS-Verilog/Transformer_logic/src-hls/compute_controller.cpp:690]   --->   Operation 239 'add' 'add_ln44_28' <Predicate = true> <Delay = 0.91> <CoreInst = "Adder">   --->   Core 1 'Adder' <Latency = 0> <II = 1> <Delay = 0.91> <FuncUnit> <Opcode : 'add' 'sub'> <InPorts = 2> <OutPorts = 1>
ST_5 : Operation 240 [1/1] (0.00ns)   --->   "%sext_ln44_93 = sext i23 %add_ln44_28" [/home/luka/Scripting/ELEC_498-Capstone-LiteLM/HLS-Verilog/Transformer_logic/src-hls/compute_controller.cpp:44->/home/luka/Scripting/ELEC_498-Capstone-LiteLM/HLS-Verilog/Transformer_logic/src-hls/compute_controller.cpp:690]   --->   Operation 240 'sext' 'sext_ln44_93' <Predicate = true> <Delay = 0.00>
ST_5 : Operation 241 [1/1] (0.92ns)   --->   "%add_ln44_29 = add i24 %sext_ln44_93, i24 %sext_ln44_86" [/home/luka/Scripting/ELEC_498-Capstone-LiteLM/HLS-Verilog/Transformer_logic/src-hls/compute_controller.cpp:44->/home/luka/Scripting/ELEC_498-Capstone-LiteLM/HLS-Verilog/Transformer_logic/src-hls/compute_controller.cpp:690]   --->   Operation 241 'add' 'add_ln44_29' <Predicate = true> <Delay = 0.92> <CoreInst = "Adder">   --->   Core 1 'Adder' <Latency = 0> <II = 1> <Delay = 0.92> <FuncUnit> <Opcode : 'add' 'sub'> <InPorts = 2> <OutPorts = 1>
ST_5 : Operation 242 [1/1] (0.00ns)   --->   "%sext_ln44_94 = sext i24 %add_ln44_29" [/home/luka/Scripting/ELEC_498-Capstone-LiteLM/HLS-Verilog/Transformer_logic/src-hls/compute_controller.cpp:44->/home/luka/Scripting/ELEC_498-Capstone-LiteLM/HLS-Verilog/Transformer_logic/src-hls/compute_controller.cpp:690]   --->   Operation 242 'sext' 'sext_ln44_94' <Predicate = true> <Delay = 0.00>
ST_5 : Operation 243 [1/1] (1.01ns)   --->   "%acc_2 = add i32 %acc_load, i32 %sext_ln44_94" [/home/luka/Scripting/ELEC_498-Capstone-LiteLM/HLS-Verilog/Transformer_logic/src-hls/compute_controller.cpp:44->/home/luka/Scripting/ELEC_498-Capstone-LiteLM/HLS-Verilog/Transformer_logic/src-hls/compute_controller.cpp:690]   --->   Operation 243 'add' 'acc_2' <Predicate = true> <Delay = 1.01> <CoreInst = "Adder">   --->   Core 1 'Adder' <Latency = 0> <II = 1> <Delay = 1.01> <FuncUnit> <Opcode : 'add' 'sub'> <InPorts = 2> <OutPorts = 1>
ST_5 : Operation 244 [1/1] (0.42ns)   --->   "%store_ln40 = store i32 %acc_2, i32 %acc" [/home/luka/Scripting/ELEC_498-Capstone-LiteLM/HLS-Verilog/Transformer_logic/src-hls/compute_controller.cpp:40->/home/luka/Scripting/ELEC_498-Capstone-LiteLM/HLS-Verilog/Transformer_logic/src-hls/compute_controller.cpp:690]   --->   Operation 244 'store' 'store_ln40' <Predicate = true> <Delay = 0.42>
ST_5 : Operation 245 [1/1] (0.00ns)   --->   "%br_ln41 = br void %for.body15.i.8" [/home/luka/Scripting/ELEC_498-Capstone-LiteLM/HLS-Verilog/Transformer_logic/src-hls/compute_controller.cpp:41->/home/luka/Scripting/ELEC_498-Capstone-LiteLM/HLS-Verilog/Transformer_logic/src-hls/compute_controller.cpp:690]   --->   Operation 245 'br' 'br_ln41' <Predicate = true> <Delay = 0.00>


============================================================
+ Verbose Summary: Binding
============================================================
STG Binding: 
---------------- STG Properties BEGIN ----------------
- Is combinational: 0
- Is one-state seq: 0
- Is datapath-only: 0
- Is pipelined: 0
- Is top level: 0
Port [ Return ] is wired: 1; IO mode=ap_ctrl_hs:ce=0
Port [ acc_24]:  wired=1; compound=0; hidden=0; nouse=0; global=0; static=0; extern=0; dir=0; type=0; pingpong=0; private_global=0; IO mode=ap_none:ce=0
Port [ p_udiv1316]:  wired=1; compound=0; hidden=0; nouse=0; global=0; static=0; extern=0; dir=0; type=0; pingpong=0; private_global=0; IO mode=ap_none:ce=0
Port [ acc_25_out]:  wired=1; compound=0; hidden=0; nouse=0; global=0; static=0; extern=0; dir=1; type=0; pingpong=0; private_global=0; IO mode=ap_vld:ce=0
Port [ compute_controller_bool_bool_unsigned_int_bool_bool_bool_bool_bool_u_99]:  wired=1; compound=1; hidden=0; nouse=0; global=1; static=1; extern=0; dir=0; type=1; pingpong=0; private_global=0; MemPort=[13]; IO mode=ap_memory:ce=0
Port [ compute_controller_bool_bool_unsigned_int_bool_bool_bool_bool_bool_u_59]:  wired=1; compound=1; hidden=0; nouse=0; global=1; static=1; extern=0; dir=0; type=1; pingpong=0; private_global=0; MemPort=[13]; IO mode=ap_memory:ce=0
Port [ compute_controller_bool_bool_unsigned_int_bool_bool_bool_bool_bool_u_98]:  wired=1; compound=1; hidden=0; nouse=0; global=1; static=1; extern=0; dir=0; type=1; pingpong=0; private_global=0; MemPort=[13]; IO mode=ap_memory:ce=0
Port [ compute_controller_bool_bool_unsigned_int_bool_bool_bool_bool_bool_u_58]:  wired=1; compound=1; hidden=0; nouse=0; global=1; static=1; extern=0; dir=0; type=1; pingpong=0; private_global=0; MemPort=[13]; IO mode=ap_memory:ce=0
Port [ compute_controller_bool_bool_unsigned_int_bool_bool_bool_bool_bool_u_97]:  wired=1; compound=1; hidden=0; nouse=0; global=1; static=1; extern=0; dir=0; type=1; pingpong=0; private_global=0; MemPort=[13]; IO mode=ap_memory:ce=0
Port [ compute_controller_bool_bool_unsigned_int_bool_bool_bool_bool_bool_u_57]:  wired=1; compound=1; hidden=0; nouse=0; global=1; static=1; extern=0; dir=0; type=1; pingpong=0; private_global=0; MemPort=[13]; IO mode=ap_memory:ce=0
Port [ compute_controller_bool_bool_unsigned_int_bool_bool_bool_bool_bool_u_96]:  wired=1; compound=1; hidden=0; nouse=0; global=1; static=1; extern=0; dir=0; type=1; pingpong=0; private_global=0; MemPort=[13]; IO mode=ap_memory:ce=0
Port [ compute_controller_bool_bool_unsigned_int_bool_bool_bool_bool_bool_u_56]:  wired=1; compound=1; hidden=0; nouse=0; global=1; static=1; extern=0; dir=0; type=1; pingpong=0; private_global=0; MemPort=[13]; IO mode=ap_memory:ce=0
Port [ compute_controller_bool_bool_unsigned_int_bool_bool_bool_bool_bool_u_95]:  wired=1; compound=1; hidden=0; nouse=0; global=1; static=1; extern=0; dir=0; type=1; pingpong=0; private_global=0; MemPort=[13]; IO mode=ap_memory:ce=0
Port [ compute_controller_bool_bool_unsigned_int_bool_bool_bool_bool_bool_u_55]:  wired=1; compound=1; hidden=0; nouse=0; global=1; static=1; extern=0; dir=0; type=1; pingpong=0; private_global=0; MemPort=[13]; IO mode=ap_memory:ce=0
Port [ compute_controller_bool_bool_unsigned_int_bool_bool_bool_bool_bool_u_94]:  wired=1; compound=1; hidden=0; nouse=0; global=1; static=1; extern=0; dir=0; type=1; pingpong=0; private_global=0; MemPort=[13]; IO mode=ap_memory:ce=0
Port [ compute_controller_bool_bool_unsigned_int_bool_bool_bool_bool_bool_u_54]:  wired=1; compound=1; hidden=0; nouse=0; global=1; static=1; extern=0; dir=0; type=1; pingpong=0; private_global=0; MemPort=[13]; IO mode=ap_memory:ce=0
Port [ compute_controller_bool_bool_unsigned_int_bool_bool_bool_bool_bool_u_93]:  wired=1; compound=1; hidden=0; nouse=0; global=1; static=1; extern=0; dir=0; type=1; pingpong=0; private_global=0; MemPort=[13]; IO mode=ap_memory:ce=0
Port [ compute_controller_bool_bool_unsigned_int_bool_bool_bool_bool_bool_u_53]:  wired=1; compound=1; hidden=0; nouse=0; global=1; static=1; extern=0; dir=0; type=1; pingpong=0; private_global=0; MemPort=[13]; IO mode=ap_memory:ce=0
Port [ compute_controller_bool_bool_unsigned_int_bool_bool_bool_bool_bool_u_92]:  wired=1; compound=1; hidden=0; nouse=0; global=1; static=1; extern=0; dir=0; type=1; pingpong=0; private_global=0; MemPort=[13]; IO mode=ap_memory:ce=0
Port [ compute_controller_bool_bool_unsigned_int_bool_bool_bool_bool_bool_u_52]:  wired=1; compound=1; hidden=0; nouse=0; global=1; static=1; extern=0; dir=0; type=1; pingpong=0; private_global=0; MemPort=[13]; IO mode=ap_memory:ce=0
Port [ compute_controller_bool_bool_unsigned_int_bool_bool_bool_bool_bool_u_91]:  wired=1; compound=1; hidden=0; nouse=0; global=1; static=1; extern=0; dir=0; type=1; pingpong=0; private_global=0; MemPort=[13]; IO mode=ap_memory:ce=0
Port [ compute_controller_bool_bool_unsigned_int_bool_bool_bool_bool_bool_u_51]:  wired=1; compound=1; hidden=0; nouse=0; global=1; static=1; extern=0; dir=0; type=1; pingpong=0; private_global=0; MemPort=[13]; IO mode=ap_memory:ce=0
Port [ compute_controller_bool_bool_unsigned_int_bool_bool_bool_bool_bool_u_90]:  wired=1; compound=1; hidden=0; nouse=0; global=1; static=1; extern=0; dir=0; type=1; pingpong=0; private_global=0; MemPort=[13]; IO mode=ap_memory:ce=0
Port [ compute_controller_bool_bool_unsigned_int_bool_bool_bool_bool_bool_u_50]:  wired=1; compound=1; hidden=0; nouse=0; global=1; static=1; extern=0; dir=0; type=1; pingpong=0; private_global=0; MemPort=[13]; IO mode=ap_memory:ce=0
Port [ p_ZZ18compute_controllerbbjRbS_bS_S_RjPKhPhR12ComputeStateS0_RhS6_S6_S6_S_S_S_S_E_29]:  wired=1; compound=1; hidden=0; nouse=0; global=1; static=1; extern=0; dir=0; type=1; pingpong=0; private_global=0; MemPort=[13]; IO mode=ap_memory:ce=0
Port [ p_ZZ18compute_controllerbbjRbS_bS_S_RjPKhPhR12ComputeStateS0_RhS6_S6_S6_S_S_S_S_E_23]:  wired=1; compound=1; hidden=0; nouse=0; global=1; static=1; extern=0; dir=0; type=1; pingpong=0; private_global=0; MemPort=[13]; IO mode=ap_memory:ce=0
Port [ p_ZZ18compute_controllerbbjRbS_bS_S_RjPKhPhR12ComputeStateS0_RhS6_S6_S6_S_S_S_S_E_28]:  wired=1; compound=1; hidden=0; nouse=0; global=1; static=1; extern=0; dir=0; type=1; pingpong=0; private_global=0; MemPort=[13]; IO mode=ap_memory:ce=0
Port [ p_ZZ18compute_controllerbbjRbS_bS_S_RjPKhPhR12ComputeStateS0_RhS6_S6_S6_S_S_S_S_E_22]:  wired=1; compound=1; hidden=0; nouse=0; global=1; static=1; extern=0; dir=0; type=1; pingpong=0; private_global=0; MemPort=[13]; IO mode=ap_memory:ce=0
Port [ p_ZZ18compute_controllerbbjRbS_bS_S_RjPKhPhR12ComputeStateS0_RhS6_S6_S6_S_S_S_S_E_27]:  wired=1; compound=1; hidden=0; nouse=0; global=1; static=1; extern=0; dir=0; type=1; pingpong=0; private_global=0; MemPort=[13]; IO mode=ap_memory:ce=0
Port [ p_ZZ18compute_controllerbbjRbS_bS_S_RjPKhPhR12ComputeStateS0_RhS6_S6_S6_S_S_S_S_E_21]:  wired=1; compound=1; hidden=0; nouse=0; global=1; static=1; extern=0; dir=0; type=1; pingpong=0; private_global=0; MemPort=[13]; IO mode=ap_memory:ce=0
Port [ p_ZZ18compute_controllerbbjRbS_bS_S_RjPKhPhR12ComputeStateS0_RhS6_S6_S6_S_S_S_S_E_26]:  wired=1; compound=1; hidden=0; nouse=0; global=1; static=1; extern=0; dir=0; type=1; pingpong=0; private_global=0; MemPort=[13]; IO mode=ap_memory:ce=0
Port [ p_ZZ18compute_controllerbbjRbS_bS_S_RjPKhPhR12ComputeStateS0_RhS6_S6_S6_S_S_S_S_E_20]:  wired=1; compound=1; hidden=0; nouse=0; global=1; static=1; extern=0; dir=0; type=1; pingpong=0; private_global=0; MemPort=[13]; IO mode=ap_memory:ce=0
Port [ p_ZZ18compute_controllerbbjRbS_bS_S_RjPKhPhR12ComputeStateS0_RhS6_S6_S6_S_S_S_S_E_25]:  wired=1; compound=1; hidden=0; nouse=0; global=1; static=1; extern=0; dir=0; type=1; pingpong=0; private_global=0; MemPort=[13]; IO mode=ap_memory:ce=0
Port [ p_ZZ18compute_controllerbbjRbS_bS_S_RjPKhPhR12ComputeStateS0_RhS6_S6_S6_S_S_S_S_E_19]:  wired=1; compound=1; hidden=0; nouse=0; global=1; static=1; extern=0; dir=0; type=1; pingpong=0; private_global=0; MemPort=[13]; IO mode=ap_memory:ce=0
Port [ p_ZZ18compute_controllerbbjRbS_bS_S_RjPKhPhR12ComputeStateS0_RhS6_S6_S6_S_S_S_S_E_24]:  wired=1; compound=1; hidden=0; nouse=0; global=1; static=1; extern=0; dir=0; type=1; pingpong=0; private_global=0; MemPort=[13]; IO mode=ap_memory:ce=0
Port [ p_ZZ18compute_controllerbbjRbS_bS_S_RjPKhPhR12ComputeStateS0_RhS6_S6_S6_S_S_S_S_E_18]:  wired=1; compound=1; hidden=0; nouse=0; global=1; static=1; extern=0; dir=0; type=1; pingpong=0; private_global=0; MemPort=[13]; IO mode=ap_memory:ce=0
---------------- STG Properties END ------------------

---------------- Datapath Model BEGIN ----------------

<LifeTime>
<method=bitvector/>
acc                                                                                   (alloca           ) [ 011111]
i                                                                                     (alloca           ) [ 010000]
p_udiv1316_read                                                                       (read             ) [ 000000]
acc_24_read                                                                           (read             ) [ 000000]
store_ln41                                                                            (store            ) [ 000000]
store_ln40                                                                            (store            ) [ 000000]
br_ln0                                                                                (br               ) [ 000000]
i_12                                                                                  (load             ) [ 000000]
icmp_ln41                                                                             (icmp             ) [ 011110]
br_ln41                                                                               (br               ) [ 000000]
lshr_ln40_8                                                                           (partselect       ) [ 000000]
zext_ln40                                                                             (zext             ) [ 011100]
tmp_s                                                                                 (partselect       ) [ 000000]
add_ln43_8                                                                            (bitconcatenate   ) [ 000000]
zext_ln43                                                                             (zext             ) [ 011100]
compute_controller_bool_bool_unsigned_int_bool_bool_bool_bool_bool_u_572              (getelementptr    ) [ 011000]
compute_controller_bool_bool_unsigned_int_bool_bool_bool_bool_bool_u_573              (getelementptr    ) [ 011000]
compute_controller_bool_bool_unsigned_int_bool_bool_bool_bool_bool_u_578              (getelementptr    ) [ 011000]
compute_controller_bool_bool_unsigned_int_bool_bool_bool_bool_bool_u_579              (getelementptr    ) [ 011000]
compute_controller_bool_bool_unsigned_int_bool_bool_bool_bool_bool_u_584              (getelementptr    ) [ 011000]
compute_controller_bool_bool_unsigned_int_bool_bool_bool_bool_bool_u_585              (getelementptr    ) [ 011000]
compute_controller_bool_bool_unsigned_int_bool_bool_bool_bool_bool_u_590              (getelementptr    ) [ 011000]
compute_controller_bool_bool_unsigned_int_bool_bool_bool_bool_bool_u_591              (getelementptr    ) [ 011000]
compute_controller_bool_bool_unsigned_int_bool_bool_bool_bool_bool_u_596              (getelementptr    ) [ 011000]
compute_controller_bool_bool_unsigned_int_bool_bool_bool_bool_bool_u_597              (getelementptr    ) [ 011000]
p_ZZ18compute_controllerbbjRbS_bS_S_RjPKhPhR12ComputeStateS0_RhS6_S6_S6_S_S_S_S_E_309 (getelementptr    ) [ 011000]
p_ZZ18compute_controllerbbjRbS_bS_S_RjPKhPhR12ComputeStateS0_RhS6_S6_S6_S_S_S_S_E_310 (getelementptr    ) [ 011000]
p_ZZ18compute_controllerbbjRbS_bS_S_RjPKhPhR12ComputeStateS0_RhS6_S6_S6_S_S_S_S_E_315 (getelementptr    ) [ 011000]
p_ZZ18compute_controllerbbjRbS_bS_S_RjPKhPhR12ComputeStateS0_RhS6_S6_S6_S_S_S_S_E_316 (getelementptr    ) [ 011000]
p_ZZ18compute_controllerbbjRbS_bS_S_RjPKhPhR12ComputeStateS0_RhS6_S6_S6_S_S_S_S_E_321 (getelementptr    ) [ 011000]
p_ZZ18compute_controllerbbjRbS_bS_S_RjPKhPhR12ComputeStateS0_RhS6_S6_S6_S_S_S_S_E_322 (getelementptr    ) [ 011000]
add_ln41                                                                              (add              ) [ 000000]
store_ln41                                                                            (store            ) [ 000000]
w_16                                                                                  (load             ) [ 000000]
compute_controller_bool_bool_unsigned_int_bool_bool_bool_bool_bool_u_574              (load             ) [ 000000]
sext_ln44_48                                                                          (sext             ) [ 010110]
sext_ln43_15                                                                          (sext             ) [ 010110]
w_18                                                                                  (load             ) [ 000000]
compute_controller_bool_bool_unsigned_int_bool_bool_bool_bool_bool_u_580              (load             ) [ 000000]
sext_ln44_50                                                                          (sext             ) [ 010110]
sext_ln43_17                                                                          (sext             ) [ 010110]
w_20                                                                                  (load             ) [ 000000]
compute_controller_bool_bool_unsigned_int_bool_bool_bool_bool_bool_u_586              (load             ) [ 000000]
sext_ln44_52                                                                          (sext             ) [ 010110]
sext_ln43_19                                                                          (sext             ) [ 010110]
w_22                                                                                  (load             ) [ 000000]
compute_controller_bool_bool_unsigned_int_bool_bool_bool_bool_bool_u_592              (load             ) [ 000000]
sext_ln44_54                                                                          (sext             ) [ 010110]
sext_ln43_21                                                                          (sext             ) [ 010110]
w_24                                                                                  (load             ) [ 000000]
compute_controller_bool_bool_unsigned_int_bool_bool_bool_bool_bool_u_598              (load             ) [ 000000]
sext_ln44_56                                                                          (sext             ) [ 010110]
sext_ln43_23                                                                          (sext             ) [ 010110]
w_26                                                                                  (load             ) [ 000000]
p_ZZ18compute_controllerbbjRbS_bS_S_RjPKhPhR12ComputeStateS0_RhS6_S6_S6_S_S_S_S_E_311 (load             ) [ 000000]
sext_ln44_58                                                                          (sext             ) [ 010110]
sext_ln43_25                                                                          (sext             ) [ 010110]
w_28                                                                                  (load             ) [ 000000]
p_ZZ18compute_controllerbbjRbS_bS_S_RjPKhPhR12ComputeStateS0_RhS6_S6_S6_S_S_S_S_E_317 (load             ) [ 000000]
sext_ln44_60                                                                          (sext             ) [ 010110]
sext_ln43_27                                                                          (sext             ) [ 010110]
w_30                                                                                  (load             ) [ 000000]
p_ZZ18compute_controllerbbjRbS_bS_S_RjPKhPhR12ComputeStateS0_RhS6_S6_S6_S_S_S_S_E_323 (load             ) [ 000000]
sext_ln44_62                                                                          (sext             ) [ 010110]
sext_ln44_63                                                                          (sext             ) [ 010110]
compute_controller_bool_bool_unsigned_int_bool_bool_bool_bool_bool_u_569              (getelementptr    ) [ 010010]
compute_controller_bool_bool_unsigned_int_bool_bool_bool_bool_bool_u_570              (getelementptr    ) [ 010010]
compute_controller_bool_bool_unsigned_int_bool_bool_bool_bool_bool_u_575              (getelementptr    ) [ 010010]
compute_controller_bool_bool_unsigned_int_bool_bool_bool_bool_bool_u_576              (getelementptr    ) [ 010010]
compute_controller_bool_bool_unsigned_int_bool_bool_bool_bool_bool_u_581              (getelementptr    ) [ 010010]
compute_controller_bool_bool_unsigned_int_bool_bool_bool_bool_bool_u_582              (getelementptr    ) [ 010010]
compute_controller_bool_bool_unsigned_int_bool_bool_bool_bool_bool_u_587              (getelementptr    ) [ 010010]
compute_controller_bool_bool_unsigned_int_bool_bool_bool_bool_bool_u_588              (getelementptr    ) [ 010010]
compute_controller_bool_bool_unsigned_int_bool_bool_bool_bool_bool_u_593              (getelementptr    ) [ 010010]
compute_controller_bool_bool_unsigned_int_bool_bool_bool_bool_bool_u_594              (getelementptr    ) [ 010010]
p_ZZ18compute_controllerbbjRbS_bS_S_RjPKhPhR12ComputeStateS0_RhS6_S6_S6_S_S_S_S_E_306 (getelementptr    ) [ 010010]
p_ZZ18compute_controllerbbjRbS_bS_S_RjPKhPhR12ComputeStateS0_RhS6_S6_S6_S_S_S_S_E_307 (getelementptr    ) [ 010010]
p_ZZ18compute_controllerbbjRbS_bS_S_RjPKhPhR12ComputeStateS0_RhS6_S6_S6_S_S_S_S_E_312 (getelementptr    ) [ 010010]
p_ZZ18compute_controllerbbjRbS_bS_S_RjPKhPhR12ComputeStateS0_RhS6_S6_S6_S_S_S_S_E_313 (getelementptr    ) [ 010010]
p_ZZ18compute_controllerbbjRbS_bS_S_RjPKhPhR12ComputeStateS0_RhS6_S6_S6_S_S_S_S_E_318 (getelementptr    ) [ 010010]
p_ZZ18compute_controllerbbjRbS_bS_S_RjPKhPhR12ComputeStateS0_RhS6_S6_S6_S_S_S_S_E_319 (getelementptr    ) [ 010010]
w                                                                                     (load             ) [ 000000]
compute_controller_bool_bool_unsigned_int_bool_bool_bool_bool_bool_u_571              (load             ) [ 000000]
sext_ln44                                                                             (sext             ) [ 000000]
sext_ln43                                                                             (sext             ) [ 000000]
w_17                                                                                  (load             ) [ 000000]
compute_controller_bool_bool_unsigned_int_bool_bool_bool_bool_bool_u_577              (load             ) [ 000000]
sext_ln44_49                                                                          (sext             ) [ 000000]
sext_ln43_16                                                                          (sext             ) [ 000000]
w_19                                                                                  (load             ) [ 000000]
compute_controller_bool_bool_unsigned_int_bool_bool_bool_bool_bool_u_583              (load             ) [ 000000]
sext_ln44_51                                                                          (sext             ) [ 000000]
sext_ln43_18                                                                          (sext             ) [ 000000]
w_21                                                                                  (load             ) [ 000000]
compute_controller_bool_bool_unsigned_int_bool_bool_bool_bool_bool_u_589              (load             ) [ 000000]
sext_ln44_53                                                                          (sext             ) [ 000000]
sext_ln43_20                                                                          (sext             ) [ 000000]
w_23                                                                                  (load             ) [ 000000]
compute_controller_bool_bool_unsigned_int_bool_bool_bool_bool_bool_u_595              (load             ) [ 000000]
sext_ln44_55                                                                          (sext             ) [ 000000]
sext_ln43_22                                                                          (sext             ) [ 000000]
w_25                                                                                  (load             ) [ 000000]
p_ZZ18compute_controllerbbjRbS_bS_S_RjPKhPhR12ComputeStateS0_RhS6_S6_S6_S_S_S_S_E_308 (load             ) [ 000000]
sext_ln44_57                                                                          (sext             ) [ 000000]
sext_ln43_24                                                                          (sext             ) [ 000000]
w_27                                                                                  (load             ) [ 000000]
p_ZZ18compute_controllerbbjRbS_bS_S_RjPKhPhR12ComputeStateS0_RhS6_S6_S6_S_S_S_S_E_314 (load             ) [ 000000]
sext_ln44_59                                                                          (sext             ) [ 000000]
sext_ln43_26                                                                          (sext             ) [ 000000]
w_29                                                                                  (load             ) [ 000000]
p_ZZ18compute_controllerbbjRbS_bS_S_RjPKhPhR12ComputeStateS0_RhS6_S6_S6_S_S_S_S_E_320 (load             ) [ 000000]
sext_ln44_61                                                                          (sext             ) [ 000000]
sext_ln43_28                                                                          (sext             ) [ 000000]
mul_ln44                                                                              (mul              ) [ 000000]
sext_ln44_64                                                                          (sext             ) [ 010001]
mul_ln44_16                                                                           (mul              ) [ 000000]
sext_ln44_65                                                                          (sext             ) [ 010001]
mul_ln44_17                                                                           (mul              ) [ 000000]
sext_ln44_66                                                                          (sext             ) [ 010001]
mul_ln44_18                                                                           (mul              ) [ 000000]
sext_ln44_67                                                                          (sext             ) [ 010001]
mul_ln44_19                                                                           (mul              ) [ 000000]
sext_ln44_68                                                                          (sext             ) [ 010001]
mul_ln44_20                                                                           (mul              ) [ 000000]
sext_ln44_69                                                                          (sext             ) [ 010001]
mul_ln44_21                                                                           (mul              ) [ 000000]
sext_ln44_70                                                                          (sext             ) [ 010001]
mul_ln44_22                                                                           (mul              ) [ 000000]
sext_ln44_71                                                                          (sext             ) [ 010001]
mul_ln44_23                                                                           (mul              ) [ 000000]
sext_ln44_72                                                                          (sext             ) [ 010001]
mul_ln44_24                                                                           (mul              ) [ 000000]
sext_ln44_73                                                                          (sext             ) [ 010001]
mul_ln44_25                                                                           (mul              ) [ 000000]
sext_ln44_74                                                                          (sext             ) [ 010001]
mul_ln44_26                                                                           (mul              ) [ 000000]
sext_ln44_75                                                                          (sext             ) [ 010001]
mul_ln44_27                                                                           (mul              ) [ 000000]
sext_ln44_76                                                                          (sext             ) [ 010001]
mul_ln44_28                                                                           (mul              ) [ 000000]
sext_ln44_77                                                                          (sext             ) [ 010001]
mul_ln44_29                                                                           (mul              ) [ 000000]
sext_ln44_78                                                                          (sext             ) [ 010001]
mul_ln44_30                                                                           (mul              ) [ 000000]
sext_ln44_79                                                                          (sext             ) [ 010001]
acc_load                                                                              (load             ) [ 000000]
specpipeline_ln40                                                                     (specpipeline     ) [ 000000]
speclooptripcount_ln40                                                                (speclooptripcount) [ 000000]
specloopname_ln41                                                                     (specloopname     ) [ 000000]
add_ln44                                                                              (add              ) [ 000000]
sext_ln44_80                                                                          (sext             ) [ 000000]
add_ln44_16                                                                           (add              ) [ 000000]
sext_ln44_81                                                                          (sext             ) [ 000000]
add_ln44_17                                                                           (add              ) [ 000000]
sext_ln44_82                                                                          (sext             ) [ 000000]
add_ln44_18                                                                           (add              ) [ 000000]
sext_ln44_83                                                                          (sext             ) [ 000000]
add_ln44_19                                                                           (add              ) [ 000000]
sext_ln44_84                                                                          (sext             ) [ 000000]
add_ln44_20                                                                           (add              ) [ 000000]
sext_ln44_85                                                                          (sext             ) [ 000000]
add_ln44_21                                                                           (add              ) [ 000000]
sext_ln44_86                                                                          (sext             ) [ 000000]
add_ln44_22                                                                           (add              ) [ 000000]
sext_ln44_87                                                                          (sext             ) [ 000000]
add_ln44_23                                                                           (add              ) [ 000000]
sext_ln44_88                                                                          (sext             ) [ 000000]
add_ln44_24                                                                           (add              ) [ 000000]
sext_ln44_89                                                                          (sext             ) [ 000000]
add_ln44_25                                                                           (add              ) [ 000000]
sext_ln44_90                                                                          (sext             ) [ 000000]
add_ln44_26                                                                           (add              ) [ 000000]
sext_ln44_91                                                                          (sext             ) [ 000000]
add_ln44_27                                                                           (add              ) [ 000000]
sext_ln44_92                                                                          (sext             ) [ 000000]
add_ln44_28                                                                           (add              ) [ 000000]
sext_ln44_93                                                                          (sext             ) [ 000000]
add_ln44_29                                                                           (add              ) [ 000000]
sext_ln44_94                                                                          (sext             ) [ 000000]
acc_2                                                                                 (add              ) [ 000000]
store_ln40                                                                            (store            ) [ 000000]
br_ln41                                                                               (br               ) [ 000000]
acc_load_2                                                                            (load             ) [ 000000]
write_ln0                                                                             (write            ) [ 000000]
ret_ln0                                                                               (ret              ) [ 000000]
</LifeTime>

<model>

<comp_list>
<comp id="0" class="1000" name="acc_24">
<pin_list>
<pin id="1" dir="1" index="0" bw="1" slack="0"/>
</pin_list>
<bind>
<StgValue><ssdm name="acc_24"/></StgValue>
</bind>
</comp>

<comp id="2" class="1000" name="p_udiv1316">
<pin_list>
<pin id="3" dir="1" index="0" bw="1" slack="0"/>
</pin_list>
<bind>
<StgValue><ssdm name="p_udiv1316"/></StgValue>
</bind>
</comp>

<comp id="4" class="1000" name="acc_25_out">
<pin_list>
<pin id="5" dir="1" index="0" bw="1" slack="0"/>
</pin_list>
<bind>
<StgValue><ssdm name="acc_25_out"/></StgValue>
</bind>
</comp>

<comp id="6" class="1000" name="compute_controller_bool_bool_unsigned_int_bool_bool_bool_bool_bool_u_99">
<pin_list>
<pin id="7" dir="1" index="0" bw="1" slack="0"/>
</pin_list>
<bind>
<StgValue><ssdm name="compute_controller_bool_bool_unsigned_int_bool_bool_bool_bool_bool_u_99"/><MemPortTyVec>1 3 </MemPortTyVec>
</StgValue>
</bind>
</comp>

<comp id="8" class="1000" name="compute_controller_bool_bool_unsigned_int_bool_bool_bool_bool_bool_u_59">
<pin_list>
<pin id="9" dir="1" index="0" bw="1" slack="0"/>
</pin_list>
<bind>
<StgValue><ssdm name="compute_controller_bool_bool_unsigned_int_bool_bool_bool_bool_bool_u_59"/><MemPortTyVec>1 3 </MemPortTyVec>
</StgValue>
</bind>
</comp>

<comp id="10" class="1000" name="compute_controller_bool_bool_unsigned_int_bool_bool_bool_bool_bool_u_98">
<pin_list>
<pin id="11" dir="1" index="0" bw="1" slack="0"/>
</pin_list>
<bind>
<StgValue><ssdm name="compute_controller_bool_bool_unsigned_int_bool_bool_bool_bool_bool_u_98"/><MemPortTyVec>1 3 </MemPortTyVec>
</StgValue>
</bind>
</comp>

<comp id="12" class="1000" name="compute_controller_bool_bool_unsigned_int_bool_bool_bool_bool_bool_u_58">
<pin_list>
<pin id="13" dir="1" index="0" bw="1" slack="0"/>
</pin_list>
<bind>
<StgValue><ssdm name="compute_controller_bool_bool_unsigned_int_bool_bool_bool_bool_bool_u_58"/><MemPortTyVec>1 3 </MemPortTyVec>
</StgValue>
</bind>
</comp>

<comp id="14" class="1000" name="compute_controller_bool_bool_unsigned_int_bool_bool_bool_bool_bool_u_97">
<pin_list>
<pin id="15" dir="1" index="0" bw="1" slack="0"/>
</pin_list>
<bind>
<StgValue><ssdm name="compute_controller_bool_bool_unsigned_int_bool_bool_bool_bool_bool_u_97"/><MemPortTyVec>1 3 </MemPortTyVec>
</StgValue>
</bind>
</comp>

<comp id="16" class="1000" name="compute_controller_bool_bool_unsigned_int_bool_bool_bool_bool_bool_u_57">
<pin_list>
<pin id="17" dir="1" index="0" bw="1" slack="0"/>
</pin_list>
<bind>
<StgValue><ssdm name="compute_controller_bool_bool_unsigned_int_bool_bool_bool_bool_bool_u_57"/><MemPortTyVec>1 3 </MemPortTyVec>
</StgValue>
</bind>
</comp>

<comp id="18" class="1000" name="compute_controller_bool_bool_unsigned_int_bool_bool_bool_bool_bool_u_96">
<pin_list>
<pin id="19" dir="1" index="0" bw="1" slack="0"/>
</pin_list>
<bind>
<StgValue><ssdm name="compute_controller_bool_bool_unsigned_int_bool_bool_bool_bool_bool_u_96"/><MemPortTyVec>1 3 </MemPortTyVec>
</StgValue>
</bind>
</comp>

<comp id="20" class="1000" name="compute_controller_bool_bool_unsigned_int_bool_bool_bool_bool_bool_u_56">
<pin_list>
<pin id="21" dir="1" index="0" bw="1" slack="0"/>
</pin_list>
<bind>
<StgValue><ssdm name="compute_controller_bool_bool_unsigned_int_bool_bool_bool_bool_bool_u_56"/><MemPortTyVec>1 3 </MemPortTyVec>
</StgValue>
</bind>
</comp>

<comp id="22" class="1000" name="compute_controller_bool_bool_unsigned_int_bool_bool_bool_bool_bool_u_95">
<pin_list>
<pin id="23" dir="1" index="0" bw="1" slack="0"/>
</pin_list>
<bind>
<StgValue><ssdm name="compute_controller_bool_bool_unsigned_int_bool_bool_bool_bool_bool_u_95"/><MemPortTyVec>1 3 </MemPortTyVec>
</StgValue>
</bind>
</comp>

<comp id="24" class="1000" name="compute_controller_bool_bool_unsigned_int_bool_bool_bool_bool_bool_u_55">
<pin_list>
<pin id="25" dir="1" index="0" bw="1" slack="0"/>
</pin_list>
<bind>
<StgValue><ssdm name="compute_controller_bool_bool_unsigned_int_bool_bool_bool_bool_bool_u_55"/><MemPortTyVec>1 3 </MemPortTyVec>
</StgValue>
</bind>
</comp>

<comp id="26" class="1000" name="compute_controller_bool_bool_unsigned_int_bool_bool_bool_bool_bool_u_94">
<pin_list>
<pin id="27" dir="1" index="0" bw="1" slack="0"/>
</pin_list>
<bind>
<StgValue><ssdm name="compute_controller_bool_bool_unsigned_int_bool_bool_bool_bool_bool_u_94"/><MemPortTyVec>1 3 </MemPortTyVec>
</StgValue>
</bind>
</comp>

<comp id="28" class="1000" name="compute_controller_bool_bool_unsigned_int_bool_bool_bool_bool_bool_u_54">
<pin_list>
<pin id="29" dir="1" index="0" bw="1" slack="0"/>
</pin_list>
<bind>
<StgValue><ssdm name="compute_controller_bool_bool_unsigned_int_bool_bool_bool_bool_bool_u_54"/><MemPortTyVec>1 3 </MemPortTyVec>
</StgValue>
</bind>
</comp>

<comp id="30" class="1000" name="compute_controller_bool_bool_unsigned_int_bool_bool_bool_bool_bool_u_93">
<pin_list>
<pin id="31" dir="1" index="0" bw="1" slack="0"/>
</pin_list>
<bind>
<StgValue><ssdm name="compute_controller_bool_bool_unsigned_int_bool_bool_bool_bool_bool_u_93"/><MemPortTyVec>1 3 </MemPortTyVec>
</StgValue>
</bind>
</comp>

<comp id="32" class="1000" name="compute_controller_bool_bool_unsigned_int_bool_bool_bool_bool_bool_u_53">
<pin_list>
<pin id="33" dir="1" index="0" bw="1" slack="0"/>
</pin_list>
<bind>
<StgValue><ssdm name="compute_controller_bool_bool_unsigned_int_bool_bool_bool_bool_bool_u_53"/><MemPortTyVec>1 3 </MemPortTyVec>
</StgValue>
</bind>
</comp>

<comp id="34" class="1000" name="compute_controller_bool_bool_unsigned_int_bool_bool_bool_bool_bool_u_92">
<pin_list>
<pin id="35" dir="1" index="0" bw="1" slack="0"/>
</pin_list>
<bind>
<StgValue><ssdm name="compute_controller_bool_bool_unsigned_int_bool_bool_bool_bool_bool_u_92"/><MemPortTyVec>1 3 </MemPortTyVec>
</StgValue>
</bind>
</comp>

<comp id="36" class="1000" name="compute_controller_bool_bool_unsigned_int_bool_bool_bool_bool_bool_u_52">
<pin_list>
<pin id="37" dir="1" index="0" bw="1" slack="0"/>
</pin_list>
<bind>
<StgValue><ssdm name="compute_controller_bool_bool_unsigned_int_bool_bool_bool_bool_bool_u_52"/><MemPortTyVec>1 3 </MemPortTyVec>
</StgValue>
</bind>
</comp>

<comp id="38" class="1000" name="compute_controller_bool_bool_unsigned_int_bool_bool_bool_bool_bool_u_91">
<pin_list>
<pin id="39" dir="1" index="0" bw="1" slack="0"/>
</pin_list>
<bind>
<StgValue><ssdm name="compute_controller_bool_bool_unsigned_int_bool_bool_bool_bool_bool_u_91"/><MemPortTyVec>1 3 </MemPortTyVec>
</StgValue>
</bind>
</comp>

<comp id="40" class="1000" name="compute_controller_bool_bool_unsigned_int_bool_bool_bool_bool_bool_u_51">
<pin_list>
<pin id="41" dir="1" index="0" bw="1" slack="0"/>
</pin_list>
<bind>
<StgValue><ssdm name="compute_controller_bool_bool_unsigned_int_bool_bool_bool_bool_bool_u_51"/><MemPortTyVec>1 3 </MemPortTyVec>
</StgValue>
</bind>
</comp>

<comp id="42" class="1000" name="compute_controller_bool_bool_unsigned_int_bool_bool_bool_bool_bool_u_90">
<pin_list>
<pin id="43" dir="1" index="0" bw="1" slack="0"/>
</pin_list>
<bind>
<StgValue><ssdm name="compute_controller_bool_bool_unsigned_int_bool_bool_bool_bool_bool_u_90"/><MemPortTyVec>1 3 </MemPortTyVec>
</StgValue>
</bind>
</comp>

<comp id="44" class="1000" name="compute_controller_bool_bool_unsigned_int_bool_bool_bool_bool_bool_u_50">
<pin_list>
<pin id="45" dir="1" index="0" bw="1" slack="0"/>
</pin_list>
<bind>
<StgValue><ssdm name="compute_controller_bool_bool_unsigned_int_bool_bool_bool_bool_bool_u_50"/><MemPortTyVec>1 3 </MemPortTyVec>
</StgValue>
</bind>
</comp>

<comp id="46" class="1000" name="p_ZZ18compute_controllerbbjRbS_bS_S_RjPKhPhR12ComputeStateS0_RhS6_S6_S6_S_S_S_S_E_29">
<pin_list>
<pin id="47" dir="1" index="0" bw="1" slack="0"/>
</pin_list>
<bind>
<StgValue><ssdm name="p_ZZ18compute_controllerbbjRbS_bS_S_RjPKhPhR12ComputeStateS0_RhS6_S6_S6_S_S_S_S_E_29"/><MemPortTyVec>1 3 </MemPortTyVec>
</StgValue>
</bind>
</comp>

<comp id="48" class="1000" name="p_ZZ18compute_controllerbbjRbS_bS_S_RjPKhPhR12ComputeStateS0_RhS6_S6_S6_S_S_S_S_E_23">
<pin_list>
<pin id="49" dir="1" index="0" bw="1" slack="0"/>
</pin_list>
<bind>
<StgValue><ssdm name="p_ZZ18compute_controllerbbjRbS_bS_S_RjPKhPhR12ComputeStateS0_RhS6_S6_S6_S_S_S_S_E_23"/><MemPortTyVec>1 3 </MemPortTyVec>
</StgValue>
</bind>
</comp>

<comp id="50" class="1000" name="p_ZZ18compute_controllerbbjRbS_bS_S_RjPKhPhR12ComputeStateS0_RhS6_S6_S6_S_S_S_S_E_28">
<pin_list>
<pin id="51" dir="1" index="0" bw="1" slack="0"/>
</pin_list>
<bind>
<StgValue><ssdm name="p_ZZ18compute_controllerbbjRbS_bS_S_RjPKhPhR12ComputeStateS0_RhS6_S6_S6_S_S_S_S_E_28"/><MemPortTyVec>1 3 </MemPortTyVec>
</StgValue>
</bind>
</comp>

<comp id="52" class="1000" name="p_ZZ18compute_controllerbbjRbS_bS_S_RjPKhPhR12ComputeStateS0_RhS6_S6_S6_S_S_S_S_E_22">
<pin_list>
<pin id="53" dir="1" index="0" bw="1" slack="0"/>
</pin_list>
<bind>
<StgValue><ssdm name="p_ZZ18compute_controllerbbjRbS_bS_S_RjPKhPhR12ComputeStateS0_RhS6_S6_S6_S_S_S_S_E_22"/><MemPortTyVec>1 3 </MemPortTyVec>
</StgValue>
</bind>
</comp>

<comp id="54" class="1000" name="p_ZZ18compute_controllerbbjRbS_bS_S_RjPKhPhR12ComputeStateS0_RhS6_S6_S6_S_S_S_S_E_27">
<pin_list>
<pin id="55" dir="1" index="0" bw="1" slack="0"/>
</pin_list>
<bind>
<StgValue><ssdm name="p_ZZ18compute_controllerbbjRbS_bS_S_RjPKhPhR12ComputeStateS0_RhS6_S6_S6_S_S_S_S_E_27"/><MemPortTyVec>1 3 </MemPortTyVec>
</StgValue>
</bind>
</comp>

<comp id="56" class="1000" name="p_ZZ18compute_controllerbbjRbS_bS_S_RjPKhPhR12ComputeStateS0_RhS6_S6_S6_S_S_S_S_E_21">
<pin_list>
<pin id="57" dir="1" index="0" bw="1" slack="0"/>
</pin_list>
<bind>
<StgValue><ssdm name="p_ZZ18compute_controllerbbjRbS_bS_S_RjPKhPhR12ComputeStateS0_RhS6_S6_S6_S_S_S_S_E_21"/><MemPortTyVec>1 3 </MemPortTyVec>
</StgValue>
</bind>
</comp>

<comp id="58" class="1000" name="p_ZZ18compute_controllerbbjRbS_bS_S_RjPKhPhR12ComputeStateS0_RhS6_S6_S6_S_S_S_S_E_26">
<pin_list>
<pin id="59" dir="1" index="0" bw="1" slack="0"/>
</pin_list>
<bind>
<StgValue><ssdm name="p_ZZ18compute_controllerbbjRbS_bS_S_RjPKhPhR12ComputeStateS0_RhS6_S6_S6_S_S_S_S_E_26"/><MemPortTyVec>1 3 </MemPortTyVec>
</StgValue>
</bind>
</comp>

<comp id="60" class="1000" name="p_ZZ18compute_controllerbbjRbS_bS_S_RjPKhPhR12ComputeStateS0_RhS6_S6_S6_S_S_S_S_E_20">
<pin_list>
<pin id="61" dir="1" index="0" bw="1" slack="0"/>
</pin_list>
<bind>
<StgValue><ssdm name="p_ZZ18compute_controllerbbjRbS_bS_S_RjPKhPhR12ComputeStateS0_RhS6_S6_S6_S_S_S_S_E_20"/><MemPortTyVec>1 3 </MemPortTyVec>
</StgValue>
</bind>
</comp>

<comp id="62" class="1000" name="p_ZZ18compute_controllerbbjRbS_bS_S_RjPKhPhR12ComputeStateS0_RhS6_S6_S6_S_S_S_S_E_25">
<pin_list>
<pin id="63" dir="1" index="0" bw="1" slack="0"/>
</pin_list>
<bind>
<StgValue><ssdm name="p_ZZ18compute_controllerbbjRbS_bS_S_RjPKhPhR12ComputeStateS0_RhS6_S6_S6_S_S_S_S_E_25"/><MemPortTyVec>1 3 </MemPortTyVec>
</StgValue>
</bind>
</comp>

<comp id="64" class="1000" name="p_ZZ18compute_controllerbbjRbS_bS_S_RjPKhPhR12ComputeStateS0_RhS6_S6_S6_S_S_S_S_E_19">
<pin_list>
<pin id="65" dir="1" index="0" bw="1" slack="0"/>
</pin_list>
<bind>
<StgValue><ssdm name="p_ZZ18compute_controllerbbjRbS_bS_S_RjPKhPhR12ComputeStateS0_RhS6_S6_S6_S_S_S_S_E_19"/><MemPortTyVec>1 3 </MemPortTyVec>
</StgValue>
</bind>
</comp>

<comp id="66" class="1000" name="p_ZZ18compute_controllerbbjRbS_bS_S_RjPKhPhR12ComputeStateS0_RhS6_S6_S6_S_S_S_S_E_24">
<pin_list>
<pin id="67" dir="1" index="0" bw="1" slack="0"/>
</pin_list>
<bind>
<StgValue><ssdm name="p_ZZ18compute_controllerbbjRbS_bS_S_RjPKhPhR12ComputeStateS0_RhS6_S6_S6_S_S_S_S_E_24"/><MemPortTyVec>1 3 </MemPortTyVec>
</StgValue>
</bind>
</comp>

<comp id="68" class="1000" name="p_ZZ18compute_controllerbbjRbS_bS_S_RjPKhPhR12ComputeStateS0_RhS6_S6_S6_S_S_S_S_E_18">
<pin_list>
<pin id="69" dir="1" index="0" bw="1" slack="0"/>
</pin_list>
<bind>
<StgValue><ssdm name="p_ZZ18compute_controllerbbjRbS_bS_S_RjPKhPhR12ComputeStateS0_RhS6_S6_S6_S_S_S_S_E_18"/><MemPortTyVec>1 3 </MemPortTyVec>
</StgValue>
</bind>
</comp>

<comp id="70" class="1001" name="const_70">
<pin_list>
<pin id="71" dir="1" index="0" bw="1" slack="0"/>
</pin_list>
<bind>
<StgValue><ssdm name=""/></StgValue>
</bind>
</comp>

<comp id="72" class="1001" name="const_72">
<pin_list>
<pin id="73" dir="1" index="0" bw="1" slack="0"/>
</pin_list>
<bind>
<StgValue><ssdm name="_ssdm_op_Read.ap_auto.i10"/></StgValue>
</bind>
</comp>

<comp id="74" class="1001" name="const_74">
<pin_list>
<pin id="75" dir="1" index="0" bw="1" slack="0"/>
</pin_list>
<bind>
<StgValue><ssdm name="_ssdm_op_Read.ap_auto.i32"/></StgValue>
</bind>
</comp>

<comp id="76" class="1001" name="const_76">
<pin_list>
<pin id="77" dir="1" index="0" bw="1" slack="0"/>
</pin_list>
<bind>
<StgValue><ssdm name=""/></StgValue>
</bind>
</comp>

<comp id="78" class="1001" name="const_78">
<pin_list>
<pin id="79" dir="1" index="0" bw="1" slack="0"/>
</pin_list>
<bind>
<StgValue><ssdm name=""/></StgValue>
</bind>
</comp>

<comp id="80" class="1001" name="const_80">
<pin_list>
<pin id="81" dir="1" index="0" bw="1" slack="0"/>
</pin_list>
<bind>
<StgValue><ssdm name="_ssdm_op_PartSelect.i4.i8.i32.i32"/></StgValue>
</bind>
</comp>

<comp id="82" class="1001" name="const_82">
<pin_list>
<pin id="83" dir="1" index="0" bw="1" slack="0"/>
</pin_list>
<bind>
<StgValue><ssdm name=""/></StgValue>
</bind>
</comp>

<comp id="84" class="1001" name="const_84">
<pin_list>
<pin id="85" dir="1" index="0" bw="1" slack="0"/>
</pin_list>
<bind>
<StgValue><ssdm name=""/></StgValue>
</bind>
</comp>

<comp id="86" class="1001" name="const_86">
<pin_list>
<pin id="87" dir="1" index="0" bw="1" slack="0"/>
</pin_list>
<bind>
<StgValue><ssdm name="_ssdm_op_PartSelect.i6.i10.i32.i32"/></StgValue>
</bind>
</comp>

<comp id="88" class="1001" name="const_88">
<pin_list>
<pin id="89" dir="1" index="0" bw="1" slack="0"/>
</pin_list>
<bind>
<StgValue><ssdm name=""/></StgValue>
</bind>
</comp>

<comp id="90" class="1001" name="const_90">
<pin_list>
<pin id="91" dir="1" index="0" bw="1" slack="0"/>
</pin_list>
<bind>
<StgValue><ssdm name="_ssdm_op_BitConcatenate.i10.i6.i4"/></StgValue>
</bind>
</comp>

<comp id="92" class="1001" name="const_92">
<pin_list>
<pin id="93" dir="1" index="0" bw="1" slack="0"/>
</pin_list>
<bind>
<StgValue><ssdm name=""/></StgValue>
</bind>
</comp>

<comp id="94" class="1001" name="const_94">
<pin_list>
<pin id="95" dir="1" index="0" bw="1" slack="0"/>
</pin_list>
<bind>
<StgValue><ssdm name=""/></StgValue>
</bind>
</comp>

<comp id="96" class="1001" name="const_96">
<pin_list>
<pin id="97" dir="1" index="0" bw="1" slack="2147483647"/>
</pin_list>
<bind>
<StgValue><ssdm name="_ssdm_op_SpecPipeline"/></StgValue>
</bind>
</comp>

<comp id="98" class="1001" name="const_98">
<pin_list>
<pin id="99" dir="1" index="0" bw="1" slack="2147483647"/>
</pin_list>
<bind>
<StgValue><ssdm name=""/></StgValue>
</bind>
</comp>

<comp id="100" class="1001" name="const_100">
<pin_list>
<pin id="101" dir="1" index="0" bw="1" slack="2147483647"/>
</pin_list>
<bind>
<StgValue><ssdm name=""/></StgValue>
</bind>
</comp>

<comp id="102" class="1001" name="const_102">
<pin_list>
<pin id="103" dir="1" index="0" bw="1" slack="2147483647"/>
</pin_list>
<bind>
<StgValue><ssdm name="empty_15"/></StgValue>
</bind>
</comp>

<comp id="104" class="1001" name="const_104">
<pin_list>
<pin id="105" dir="1" index="0" bw="1" slack="2147483647"/>
</pin_list>
<bind>
<StgValue><ssdm name="_ssdm_op_SpecLoopTripCount"/></StgValue>
</bind>
</comp>

<comp id="106" class="1001" name="const_106">
<pin_list>
<pin id="107" dir="1" index="0" bw="1" slack="2147483647"/>
</pin_list>
<bind>
<StgValue><ssdm name=""/></StgValue>
</bind>
</comp>

<comp id="108" class="1001" name="const_108">
<pin_list>
<pin id="109" dir="1" index="0" bw="1" slack="2147483647"/>
</pin_list>
<bind>
<StgValue><ssdm name="_ssdm_op_SpecLoopName"/></StgValue>
</bind>
</comp>

<comp id="110" class="1001" name="const_110">
<pin_list>
<pin id="111" dir="1" index="0" bw="1" slack="2147483647"/>
</pin_list>
<bind>
<StgValue><ssdm name="empty_26"/></StgValue>
</bind>
</comp>

<comp id="112" class="1001" name="const_112">
<pin_list>
<pin id="113" dir="1" index="0" bw="1" slack="0"/>
</pin_list>
<bind>
<StgValue><ssdm name="_ssdm_op_Write.ap_auto.i32P0A"/></StgValue>
</bind>
</comp>

<comp id="114" class="1004" name="acc_fu_114">
<pin_list>
<pin id="115" dir="0" index="0" bw="1" slack="0"/>
<pin id="116" dir="1" index="1" bw="32" slack="0"/>
</pin_list>
<bind>
<opcode="alloca(26) " fcode="alloca"/>
<opset="acc/1 "/>
</bind>
</comp>

<comp id="118" class="1004" name="i_fu_118">
<pin_list>
<pin id="119" dir="0" index="0" bw="1" slack="0"/>
<pin id="120" dir="1" index="1" bw="8" slack="0"/>
</pin_list>
<bind>
<opcode="alloca(26) " fcode="alloca"/>
<opset="i/1 "/>
</bind>
</comp>

<comp id="122" class="1004" name="p_udiv1316_read_read_fu_122">
<pin_list>
<pin id="123" dir="0" index="0" bw="10" slack="0"/>
<pin id="124" dir="0" index="1" bw="10" slack="0"/>
<pin id="125" dir="1" index="2" bw="10" slack="0"/>
</pin_list>
<bind>
<opcode="read(1150) " fcode="read"/>
<opset="p_udiv1316_read/1 "/>
</bind>
</comp>

<comp id="128" class="1004" name="acc_24_read_read_fu_128">
<pin_list>
<pin id="129" dir="0" index="0" bw="32" slack="0"/>
<pin id="130" dir="0" index="1" bw="32" slack="0"/>
<pin id="131" dir="1" index="2" bw="32" slack="0"/>
</pin_list>
<bind>
<opcode="read(1150) " fcode="read"/>
<opset="acc_24_read/1 "/>
</bind>
</comp>

<comp id="134" class="1004" name="write_ln0_write_fu_134">
<pin_list>
<pin id="135" dir="0" index="0" bw="0" slack="0"/>
<pin id="136" dir="0" index="1" bw="32" slack="0"/>
<pin id="137" dir="0" index="2" bw="32" slack="0"/>
<pin id="138" dir="1" index="3" bw="0" slack="2147483647"/>
</pin_list>
<bind>
<opcode="write(1151) " fcode="write"/>
<opset="write_ln0/4 "/>
</bind>
</comp>

<comp id="141" class="1004" name="compute_controller_bool_bool_unsigned_int_bool_bool_bool_bool_bool_u_572_gep_fu_141">
<pin_list>
<pin id="142" dir="0" index="0" bw="4" slack="0"/>
<pin id="143" dir="0" index="1" bw="1" slack="0"/>
<pin id="144" dir="0" index="2" bw="10" slack="0"/>
<pin id="145" dir="1" index="3" bw="10" slack="0"/>
</pin_list>
<bind>
<opcode="getelementptr(29) " fcode="getelementptr"/>
<opset="compute_controller_bool_bool_unsigned_int_bool_bool_bool_bool_bool_u_572/1 "/>
</bind>
</comp>

<comp id="148" class="1004" name="grp_access_fu_148">
<pin_list>
<pin id="149" dir="0" index="0" bw="10" slack="0"/>
<pin id="150" dir="0" index="1" bw="4" slack="2147483647"/>
<pin id="151" dir="0" index="2" bw="0" slack="2147483647"/>
<pin id="152" dir="1" index="3" bw="4" slack="0"/>
</pin_list>
<bind>
<opcode="load(27) " fcode="load"/>
<opset="w_16/1 "/>
</bind>
</comp>

<comp id="154" class="1004" name="compute_controller_bool_bool_unsigned_int_bool_bool_bool_bool_bool_u_573_gep_fu_154">
<pin_list>
<pin id="155" dir="0" index="0" bw="16" slack="0"/>
<pin id="156" dir="0" index="1" bw="1" slack="0"/>
<pin id="157" dir="0" index="2" bw="4" slack="0"/>
<pin id="158" dir="1" index="3" bw="4" slack="0"/>
</pin_list>
<bind>
<opcode="getelementptr(29) " fcode="getelementptr"/>
<opset="compute_controller_bool_bool_unsigned_int_bool_bool_bool_bool_bool_u_573/1 "/>
</bind>
</comp>

<comp id="161" class="1004" name="grp_access_fu_161">
<pin_list>
<pin id="162" dir="0" index="0" bw="4" slack="0"/>
<pin id="163" dir="0" index="1" bw="16" slack="2147483647"/>
<pin id="164" dir="0" index="2" bw="0" slack="2147483647"/>
<pin id="165" dir="1" index="3" bw="16" slack="0"/>
</pin_list>
<bind>
<opcode="load(27) " fcode="load"/>
<opset="compute_controller_bool_bool_unsigned_int_bool_bool_bool_bool_bool_u_574/1 "/>
</bind>
</comp>

<comp id="167" class="1004" name="compute_controller_bool_bool_unsigned_int_bool_bool_bool_bool_bool_u_578_gep_fu_167">
<pin_list>
<pin id="168" dir="0" index="0" bw="4" slack="0"/>
<pin id="169" dir="0" index="1" bw="1" slack="0"/>
<pin id="170" dir="0" index="2" bw="10" slack="0"/>
<pin id="171" dir="1" index="3" bw="10" slack="0"/>
</pin_list>
<bind>
<opcode="getelementptr(29) " fcode="getelementptr"/>
<opset="compute_controller_bool_bool_unsigned_int_bool_bool_bool_bool_bool_u_578/1 "/>
</bind>
</comp>

<comp id="174" class="1004" name="grp_access_fu_174">
<pin_list>
<pin id="175" dir="0" index="0" bw="10" slack="0"/>
<pin id="176" dir="0" index="1" bw="4" slack="2147483647"/>
<pin id="177" dir="0" index="2" bw="0" slack="2147483647"/>
<pin id="178" dir="1" index="3" bw="4" slack="0"/>
</pin_list>
<bind>
<opcode="load(27) " fcode="load"/>
<opset="w_18/1 "/>
</bind>
</comp>

<comp id="180" class="1004" name="compute_controller_bool_bool_unsigned_int_bool_bool_bool_bool_bool_u_579_gep_fu_180">
<pin_list>
<pin id="181" dir="0" index="0" bw="16" slack="0"/>
<pin id="182" dir="0" index="1" bw="1" slack="0"/>
<pin id="183" dir="0" index="2" bw="4" slack="0"/>
<pin id="184" dir="1" index="3" bw="4" slack="0"/>
</pin_list>
<bind>
<opcode="getelementptr(29) " fcode="getelementptr"/>
<opset="compute_controller_bool_bool_unsigned_int_bool_bool_bool_bool_bool_u_579/1 "/>
</bind>
</comp>

<comp id="187" class="1004" name="grp_access_fu_187">
<pin_list>
<pin id="188" dir="0" index="0" bw="4" slack="0"/>
<pin id="189" dir="0" index="1" bw="16" slack="2147483647"/>
<pin id="190" dir="0" index="2" bw="0" slack="2147483647"/>
<pin id="191" dir="1" index="3" bw="16" slack="0"/>
</pin_list>
<bind>
<opcode="load(27) " fcode="load"/>
<opset="compute_controller_bool_bool_unsigned_int_bool_bool_bool_bool_bool_u_580/1 "/>
</bind>
</comp>

<comp id="193" class="1004" name="compute_controller_bool_bool_unsigned_int_bool_bool_bool_bool_bool_u_584_gep_fu_193">
<pin_list>
<pin id="194" dir="0" index="0" bw="4" slack="0"/>
<pin id="195" dir="0" index="1" bw="1" slack="0"/>
<pin id="196" dir="0" index="2" bw="10" slack="0"/>
<pin id="197" dir="1" index="3" bw="10" slack="0"/>
</pin_list>
<bind>
<opcode="getelementptr(29) " fcode="getelementptr"/>
<opset="compute_controller_bool_bool_unsigned_int_bool_bool_bool_bool_bool_u_584/1 "/>
</bind>
</comp>

<comp id="200" class="1004" name="grp_access_fu_200">
<pin_list>
<pin id="201" dir="0" index="0" bw="10" slack="0"/>
<pin id="202" dir="0" index="1" bw="4" slack="2147483647"/>
<pin id="203" dir="0" index="2" bw="0" slack="2147483647"/>
<pin id="204" dir="1" index="3" bw="4" slack="0"/>
</pin_list>
<bind>
<opcode="load(27) " fcode="load"/>
<opset="w_20/1 "/>
</bind>
</comp>

<comp id="206" class="1004" name="compute_controller_bool_bool_unsigned_int_bool_bool_bool_bool_bool_u_585_gep_fu_206">
<pin_list>
<pin id="207" dir="0" index="0" bw="16" slack="0"/>
<pin id="208" dir="0" index="1" bw="1" slack="0"/>
<pin id="209" dir="0" index="2" bw="4" slack="0"/>
<pin id="210" dir="1" index="3" bw="4" slack="0"/>
</pin_list>
<bind>
<opcode="getelementptr(29) " fcode="getelementptr"/>
<opset="compute_controller_bool_bool_unsigned_int_bool_bool_bool_bool_bool_u_585/1 "/>
</bind>
</comp>

<comp id="213" class="1004" name="grp_access_fu_213">
<pin_list>
<pin id="214" dir="0" index="0" bw="4" slack="0"/>
<pin id="215" dir="0" index="1" bw="16" slack="2147483647"/>
<pin id="216" dir="0" index="2" bw="0" slack="2147483647"/>
<pin id="217" dir="1" index="3" bw="16" slack="0"/>
</pin_list>
<bind>
<opcode="load(27) " fcode="load"/>
<opset="compute_controller_bool_bool_unsigned_int_bool_bool_bool_bool_bool_u_586/1 "/>
</bind>
</comp>

<comp id="219" class="1004" name="compute_controller_bool_bool_unsigned_int_bool_bool_bool_bool_bool_u_590_gep_fu_219">
<pin_list>
<pin id="220" dir="0" index="0" bw="4" slack="0"/>
<pin id="221" dir="0" index="1" bw="1" slack="0"/>
<pin id="222" dir="0" index="2" bw="10" slack="0"/>
<pin id="223" dir="1" index="3" bw="10" slack="0"/>
</pin_list>
<bind>
<opcode="getelementptr(29) " fcode="getelementptr"/>
<opset="compute_controller_bool_bool_unsigned_int_bool_bool_bool_bool_bool_u_590/1 "/>
</bind>
</comp>

<comp id="226" class="1004" name="grp_access_fu_226">
<pin_list>
<pin id="227" dir="0" index="0" bw="10" slack="0"/>
<pin id="228" dir="0" index="1" bw="4" slack="2147483647"/>
<pin id="229" dir="0" index="2" bw="0" slack="2147483647"/>
<pin id="230" dir="1" index="3" bw="4" slack="0"/>
</pin_list>
<bind>
<opcode="load(27) " fcode="load"/>
<opset="w_22/1 "/>
</bind>
</comp>

<comp id="232" class="1004" name="compute_controller_bool_bool_unsigned_int_bool_bool_bool_bool_bool_u_591_gep_fu_232">
<pin_list>
<pin id="233" dir="0" index="0" bw="16" slack="0"/>
<pin id="234" dir="0" index="1" bw="1" slack="0"/>
<pin id="235" dir="0" index="2" bw="4" slack="0"/>
<pin id="236" dir="1" index="3" bw="4" slack="0"/>
</pin_list>
<bind>
<opcode="getelementptr(29) " fcode="getelementptr"/>
<opset="compute_controller_bool_bool_unsigned_int_bool_bool_bool_bool_bool_u_591/1 "/>
</bind>
</comp>

<comp id="239" class="1004" name="grp_access_fu_239">
<pin_list>
<pin id="240" dir="0" index="0" bw="4" slack="0"/>
<pin id="241" dir="0" index="1" bw="16" slack="2147483647"/>
<pin id="242" dir="0" index="2" bw="0" slack="2147483647"/>
<pin id="243" dir="1" index="3" bw="16" slack="0"/>
</pin_list>
<bind>
<opcode="load(27) " fcode="load"/>
<opset="compute_controller_bool_bool_unsigned_int_bool_bool_bool_bool_bool_u_592/1 "/>
</bind>
</comp>

<comp id="245" class="1004" name="compute_controller_bool_bool_unsigned_int_bool_bool_bool_bool_bool_u_596_gep_fu_245">
<pin_list>
<pin id="246" dir="0" index="0" bw="4" slack="0"/>
<pin id="247" dir="0" index="1" bw="1" slack="0"/>
<pin id="248" dir="0" index="2" bw="10" slack="0"/>
<pin id="249" dir="1" index="3" bw="10" slack="0"/>
</pin_list>
<bind>
<opcode="getelementptr(29) " fcode="getelementptr"/>
<opset="compute_controller_bool_bool_unsigned_int_bool_bool_bool_bool_bool_u_596/1 "/>
</bind>
</comp>

<comp id="252" class="1004" name="grp_access_fu_252">
<pin_list>
<pin id="253" dir="0" index="0" bw="10" slack="0"/>
<pin id="254" dir="0" index="1" bw="4" slack="2147483647"/>
<pin id="255" dir="0" index="2" bw="0" slack="2147483647"/>
<pin id="256" dir="1" index="3" bw="4" slack="0"/>
</pin_list>
<bind>
<opcode="load(27) " fcode="load"/>
<opset="w_24/1 "/>
</bind>
</comp>

<comp id="258" class="1004" name="compute_controller_bool_bool_unsigned_int_bool_bool_bool_bool_bool_u_597_gep_fu_258">
<pin_list>
<pin id="259" dir="0" index="0" bw="16" slack="0"/>
<pin id="260" dir="0" index="1" bw="1" slack="0"/>
<pin id="261" dir="0" index="2" bw="4" slack="0"/>
<pin id="262" dir="1" index="3" bw="4" slack="0"/>
</pin_list>
<bind>
<opcode="getelementptr(29) " fcode="getelementptr"/>
<opset="compute_controller_bool_bool_unsigned_int_bool_bool_bool_bool_bool_u_597/1 "/>
</bind>
</comp>

<comp id="265" class="1004" name="grp_access_fu_265">
<pin_list>
<pin id="266" dir="0" index="0" bw="4" slack="0"/>
<pin id="267" dir="0" index="1" bw="16" slack="2147483647"/>
<pin id="268" dir="0" index="2" bw="0" slack="2147483647"/>
<pin id="269" dir="1" index="3" bw="16" slack="0"/>
</pin_list>
<bind>
<opcode="load(27) " fcode="load"/>
<opset="compute_controller_bool_bool_unsigned_int_bool_bool_bool_bool_bool_u_598/1 "/>
</bind>
</comp>

<comp id="271" class="1004" name="p_ZZ18compute_controllerbbjRbS_bS_S_RjPKhPhR12ComputeStateS0_RhS6_S6_S6_S_S_S_S_E_309_gep_fu_271">
<pin_list>
<pin id="272" dir="0" index="0" bw="4" slack="0"/>
<pin id="273" dir="0" index="1" bw="1" slack="0"/>
<pin id="274" dir="0" index="2" bw="10" slack="0"/>
<pin id="275" dir="1" index="3" bw="10" slack="0"/>
</pin_list>
<bind>
<opcode="getelementptr(29) " fcode="getelementptr"/>
<opset="p_ZZ18compute_controllerbbjRbS_bS_S_RjPKhPhR12ComputeStateS0_RhS6_S6_S6_S_S_S_S_E_309/1 "/>
</bind>
</comp>

<comp id="278" class="1004" name="grp_access_fu_278">
<pin_list>
<pin id="279" dir="0" index="0" bw="10" slack="0"/>
<pin id="280" dir="0" index="1" bw="4" slack="2147483647"/>
<pin id="281" dir="0" index="2" bw="0" slack="2147483647"/>
<pin id="282" dir="1" index="3" bw="4" slack="0"/>
</pin_list>
<bind>
<opcode="load(27) " fcode="load"/>
<opset="w_26/1 "/>
</bind>
</comp>

<comp id="284" class="1004" name="p_ZZ18compute_controllerbbjRbS_bS_S_RjPKhPhR12ComputeStateS0_RhS6_S6_S6_S_S_S_S_E_310_gep_fu_284">
<pin_list>
<pin id="285" dir="0" index="0" bw="16" slack="0"/>
<pin id="286" dir="0" index="1" bw="1" slack="0"/>
<pin id="287" dir="0" index="2" bw="4" slack="0"/>
<pin id="288" dir="1" index="3" bw="4" slack="0"/>
</pin_list>
<bind>
<opcode="getelementptr(29) " fcode="getelementptr"/>
<opset="p_ZZ18compute_controllerbbjRbS_bS_S_RjPKhPhR12ComputeStateS0_RhS6_S6_S6_S_S_S_S_E_310/1 "/>
</bind>
</comp>

<comp id="291" class="1004" name="grp_access_fu_291">
<pin_list>
<pin id="292" dir="0" index="0" bw="4" slack="0"/>
<pin id="293" dir="0" index="1" bw="16" slack="2147483647"/>
<pin id="294" dir="0" index="2" bw="0" slack="2147483647"/>
<pin id="295" dir="1" index="3" bw="16" slack="0"/>
</pin_list>
<bind>
<opcode="load(27) " fcode="load"/>
<opset="p_ZZ18compute_controllerbbjRbS_bS_S_RjPKhPhR12ComputeStateS0_RhS6_S6_S6_S_S_S_S_E_311/1 "/>
</bind>
</comp>

<comp id="297" class="1004" name="p_ZZ18compute_controllerbbjRbS_bS_S_RjPKhPhR12ComputeStateS0_RhS6_S6_S6_S_S_S_S_E_315_gep_fu_297">
<pin_list>
<pin id="298" dir="0" index="0" bw="4" slack="0"/>
<pin id="299" dir="0" index="1" bw="1" slack="0"/>
<pin id="300" dir="0" index="2" bw="10" slack="0"/>
<pin id="301" dir="1" index="3" bw="10" slack="0"/>
</pin_list>
<bind>
<opcode="getelementptr(29) " fcode="getelementptr"/>
<opset="p_ZZ18compute_controllerbbjRbS_bS_S_RjPKhPhR12ComputeStateS0_RhS6_S6_S6_S_S_S_S_E_315/1 "/>
</bind>
</comp>

<comp id="304" class="1004" name="grp_access_fu_304">
<pin_list>
<pin id="305" dir="0" index="0" bw="10" slack="0"/>
<pin id="306" dir="0" index="1" bw="4" slack="2147483647"/>
<pin id="307" dir="0" index="2" bw="0" slack="2147483647"/>
<pin id="308" dir="1" index="3" bw="4" slack="0"/>
</pin_list>
<bind>
<opcode="load(27) " fcode="load"/>
<opset="w_28/1 "/>
</bind>
</comp>

<comp id="310" class="1004" name="p_ZZ18compute_controllerbbjRbS_bS_S_RjPKhPhR12ComputeStateS0_RhS6_S6_S6_S_S_S_S_E_316_gep_fu_310">
<pin_list>
<pin id="311" dir="0" index="0" bw="16" slack="0"/>
<pin id="312" dir="0" index="1" bw="1" slack="0"/>
<pin id="313" dir="0" index="2" bw="4" slack="0"/>
<pin id="314" dir="1" index="3" bw="4" slack="0"/>
</pin_list>
<bind>
<opcode="getelementptr(29) " fcode="getelementptr"/>
<opset="p_ZZ18compute_controllerbbjRbS_bS_S_RjPKhPhR12ComputeStateS0_RhS6_S6_S6_S_S_S_S_E_316/1 "/>
</bind>
</comp>

<comp id="317" class="1004" name="grp_access_fu_317">
<pin_list>
<pin id="318" dir="0" index="0" bw="4" slack="0"/>
<pin id="319" dir="0" index="1" bw="16" slack="2147483647"/>
<pin id="320" dir="0" index="2" bw="0" slack="2147483647"/>
<pin id="321" dir="1" index="3" bw="16" slack="0"/>
</pin_list>
<bind>
<opcode="load(27) " fcode="load"/>
<opset="p_ZZ18compute_controllerbbjRbS_bS_S_RjPKhPhR12ComputeStateS0_RhS6_S6_S6_S_S_S_S_E_317/1 "/>
</bind>
</comp>

<comp id="323" class="1004" name="p_ZZ18compute_controllerbbjRbS_bS_S_RjPKhPhR12ComputeStateS0_RhS6_S6_S6_S_S_S_S_E_321_gep_fu_323">
<pin_list>
<pin id="324" dir="0" index="0" bw="4" slack="0"/>
<pin id="325" dir="0" index="1" bw="1" slack="0"/>
<pin id="326" dir="0" index="2" bw="10" slack="0"/>
<pin id="327" dir="1" index="3" bw="10" slack="0"/>
</pin_list>
<bind>
<opcode="getelementptr(29) " fcode="getelementptr"/>
<opset="p_ZZ18compute_controllerbbjRbS_bS_S_RjPKhPhR12ComputeStateS0_RhS6_S6_S6_S_S_S_S_E_321/1 "/>
</bind>
</comp>

<comp id="330" class="1004" name="grp_access_fu_330">
<pin_list>
<pin id="331" dir="0" index="0" bw="10" slack="0"/>
<pin id="332" dir="0" index="1" bw="4" slack="2147483647"/>
<pin id="333" dir="0" index="2" bw="0" slack="2147483647"/>
<pin id="334" dir="1" index="3" bw="4" slack="0"/>
</pin_list>
<bind>
<opcode="load(27) " fcode="load"/>
<opset="w_30/1 "/>
</bind>
</comp>

<comp id="336" class="1004" name="p_ZZ18compute_controllerbbjRbS_bS_S_RjPKhPhR12ComputeStateS0_RhS6_S6_S6_S_S_S_S_E_322_gep_fu_336">
<pin_list>
<pin id="337" dir="0" index="0" bw="16" slack="0"/>
<pin id="338" dir="0" index="1" bw="1" slack="0"/>
<pin id="339" dir="0" index="2" bw="4" slack="0"/>
<pin id="340" dir="1" index="3" bw="4" slack="0"/>
</pin_list>
<bind>
<opcode="getelementptr(29) " fcode="getelementptr"/>
<opset="p_ZZ18compute_controllerbbjRbS_bS_S_RjPKhPhR12ComputeStateS0_RhS6_S6_S6_S_S_S_S_E_322/1 "/>
</bind>
</comp>

<comp id="343" class="1004" name="grp_access_fu_343">
<pin_list>
<pin id="344" dir="0" index="0" bw="4" slack="0"/>
<pin id="345" dir="0" index="1" bw="16" slack="2147483647"/>
<pin id="346" dir="0" index="2" bw="0" slack="2147483647"/>
<pin id="347" dir="1" index="3" bw="16" slack="0"/>
</pin_list>
<bind>
<opcode="load(27) " fcode="load"/>
<opset="p_ZZ18compute_controllerbbjRbS_bS_S_RjPKhPhR12ComputeStateS0_RhS6_S6_S6_S_S_S_S_E_323/1 "/>
</bind>
</comp>

<comp id="349" class="1004" name="compute_controller_bool_bool_unsigned_int_bool_bool_bool_bool_bool_u_569_gep_fu_349">
<pin_list>
<pin id="350" dir="0" index="0" bw="4" slack="0"/>
<pin id="351" dir="0" index="1" bw="1" slack="0"/>
<pin id="352" dir="0" index="2" bw="10" slack="2"/>
<pin id="353" dir="1" index="3" bw="10" slack="0"/>
</pin_list>
<bind>
<opcode="getelementptr(29) " fcode="getelementptr"/>
<opset="compute_controller_bool_bool_unsigned_int_bool_bool_bool_bool_bool_u_569/3 "/>
</bind>
</comp>

<comp id="356" class="1004" name="grp_access_fu_356">
<pin_list>
<pin id="357" dir="0" index="0" bw="10" slack="0"/>
<pin id="358" dir="0" index="1" bw="4" slack="2147483647"/>
<pin id="359" dir="0" index="2" bw="0" slack="2147483647"/>
<pin id="360" dir="1" index="3" bw="4" slack="0"/>
</pin_list>
<bind>
<opcode="load(27) " fcode="load"/>
<opset="w/3 "/>
</bind>
</comp>

<comp id="362" class="1004" name="compute_controller_bool_bool_unsigned_int_bool_bool_bool_bool_bool_u_570_gep_fu_362">
<pin_list>
<pin id="363" dir="0" index="0" bw="16" slack="0"/>
<pin id="364" dir="0" index="1" bw="1" slack="0"/>
<pin id="365" dir="0" index="2" bw="4" slack="2"/>
<pin id="366" dir="1" index="3" bw="4" slack="0"/>
</pin_list>
<bind>
<opcode="getelementptr(29) " fcode="getelementptr"/>
<opset="compute_controller_bool_bool_unsigned_int_bool_bool_bool_bool_bool_u_570/3 "/>
</bind>
</comp>

<comp id="369" class="1004" name="grp_access_fu_369">
<pin_list>
<pin id="370" dir="0" index="0" bw="4" slack="0"/>
<pin id="371" dir="0" index="1" bw="16" slack="2147483647"/>
<pin id="372" dir="0" index="2" bw="0" slack="2147483647"/>
<pin id="373" dir="1" index="3" bw="16" slack="0"/>
</pin_list>
<bind>
<opcode="load(27) " fcode="load"/>
<opset="compute_controller_bool_bool_unsigned_int_bool_bool_bool_bool_bool_u_571/3 "/>
</bind>
</comp>

<comp id="375" class="1004" name="compute_controller_bool_bool_unsigned_int_bool_bool_bool_bool_bool_u_575_gep_fu_375">
<pin_list>
<pin id="376" dir="0" index="0" bw="4" slack="0"/>
<pin id="377" dir="0" index="1" bw="1" slack="0"/>
<pin id="378" dir="0" index="2" bw="10" slack="2"/>
<pin id="379" dir="1" index="3" bw="10" slack="0"/>
</pin_list>
<bind>
<opcode="getelementptr(29) " fcode="getelementptr"/>
<opset="compute_controller_bool_bool_unsigned_int_bool_bool_bool_bool_bool_u_575/3 "/>
</bind>
</comp>

<comp id="382" class="1004" name="grp_access_fu_382">
<pin_list>
<pin id="383" dir="0" index="0" bw="10" slack="0"/>
<pin id="384" dir="0" index="1" bw="4" slack="2147483647"/>
<pin id="385" dir="0" index="2" bw="0" slack="2147483647"/>
<pin id="386" dir="1" index="3" bw="4" slack="0"/>
</pin_list>
<bind>
<opcode="load(27) " fcode="load"/>
<opset="w_17/3 "/>
</bind>
</comp>

<comp id="388" class="1004" name="compute_controller_bool_bool_unsigned_int_bool_bool_bool_bool_bool_u_576_gep_fu_388">
<pin_list>
<pin id="389" dir="0" index="0" bw="16" slack="0"/>
<pin id="390" dir="0" index="1" bw="1" slack="0"/>
<pin id="391" dir="0" index="2" bw="4" slack="2"/>
<pin id="392" dir="1" index="3" bw="4" slack="0"/>
</pin_list>
<bind>
<opcode="getelementptr(29) " fcode="getelementptr"/>
<opset="compute_controller_bool_bool_unsigned_int_bool_bool_bool_bool_bool_u_576/3 "/>
</bind>
</comp>

<comp id="395" class="1004" name="grp_access_fu_395">
<pin_list>
<pin id="396" dir="0" index="0" bw="4" slack="0"/>
<pin id="397" dir="0" index="1" bw="16" slack="2147483647"/>
<pin id="398" dir="0" index="2" bw="0" slack="2147483647"/>
<pin id="399" dir="1" index="3" bw="16" slack="0"/>
</pin_list>
<bind>
<opcode="load(27) " fcode="load"/>
<opset="compute_controller_bool_bool_unsigned_int_bool_bool_bool_bool_bool_u_577/3 "/>
</bind>
</comp>

<comp id="401" class="1004" name="compute_controller_bool_bool_unsigned_int_bool_bool_bool_bool_bool_u_581_gep_fu_401">
<pin_list>
<pin id="402" dir="0" index="0" bw="4" slack="0"/>
<pin id="403" dir="0" index="1" bw="1" slack="0"/>
<pin id="404" dir="0" index="2" bw="10" slack="2"/>
<pin id="405" dir="1" index="3" bw="10" slack="0"/>
</pin_list>
<bind>
<opcode="getelementptr(29) " fcode="getelementptr"/>
<opset="compute_controller_bool_bool_unsigned_int_bool_bool_bool_bool_bool_u_581/3 "/>
</bind>
</comp>

<comp id="408" class="1004" name="grp_access_fu_408">
<pin_list>
<pin id="409" dir="0" index="0" bw="10" slack="0"/>
<pin id="410" dir="0" index="1" bw="4" slack="2147483647"/>
<pin id="411" dir="0" index="2" bw="0" slack="2147483647"/>
<pin id="412" dir="1" index="3" bw="4" slack="0"/>
</pin_list>
<bind>
<opcode="load(27) " fcode="load"/>
<opset="w_19/3 "/>
</bind>
</comp>

<comp id="414" class="1004" name="compute_controller_bool_bool_unsigned_int_bool_bool_bool_bool_bool_u_582_gep_fu_414">
<pin_list>
<pin id="415" dir="0" index="0" bw="16" slack="0"/>
<pin id="416" dir="0" index="1" bw="1" slack="0"/>
<pin id="417" dir="0" index="2" bw="4" slack="2"/>
<pin id="418" dir="1" index="3" bw="4" slack="0"/>
</pin_list>
<bind>
<opcode="getelementptr(29) " fcode="getelementptr"/>
<opset="compute_controller_bool_bool_unsigned_int_bool_bool_bool_bool_bool_u_582/3 "/>
</bind>
</comp>

<comp id="421" class="1004" name="grp_access_fu_421">
<pin_list>
<pin id="422" dir="0" index="0" bw="4" slack="0"/>
<pin id="423" dir="0" index="1" bw="16" slack="2147483647"/>
<pin id="424" dir="0" index="2" bw="0" slack="2147483647"/>
<pin id="425" dir="1" index="3" bw="16" slack="0"/>
</pin_list>
<bind>
<opcode="load(27) " fcode="load"/>
<opset="compute_controller_bool_bool_unsigned_int_bool_bool_bool_bool_bool_u_583/3 "/>
</bind>
</comp>

<comp id="427" class="1004" name="compute_controller_bool_bool_unsigned_int_bool_bool_bool_bool_bool_u_587_gep_fu_427">
<pin_list>
<pin id="428" dir="0" index="0" bw="4" slack="0"/>
<pin id="429" dir="0" index="1" bw="1" slack="0"/>
<pin id="430" dir="0" index="2" bw="10" slack="2"/>
<pin id="431" dir="1" index="3" bw="10" slack="0"/>
</pin_list>
<bind>
<opcode="getelementptr(29) " fcode="getelementptr"/>
<opset="compute_controller_bool_bool_unsigned_int_bool_bool_bool_bool_bool_u_587/3 "/>
</bind>
</comp>

<comp id="434" class="1004" name="grp_access_fu_434">
<pin_list>
<pin id="435" dir="0" index="0" bw="10" slack="0"/>
<pin id="436" dir="0" index="1" bw="4" slack="2147483647"/>
<pin id="437" dir="0" index="2" bw="0" slack="2147483647"/>
<pin id="438" dir="1" index="3" bw="4" slack="0"/>
</pin_list>
<bind>
<opcode="load(27) " fcode="load"/>
<opset="w_21/3 "/>
</bind>
</comp>

<comp id="440" class="1004" name="compute_controller_bool_bool_unsigned_int_bool_bool_bool_bool_bool_u_588_gep_fu_440">
<pin_list>
<pin id="441" dir="0" index="0" bw="16" slack="0"/>
<pin id="442" dir="0" index="1" bw="1" slack="0"/>
<pin id="443" dir="0" index="2" bw="4" slack="2"/>
<pin id="444" dir="1" index="3" bw="4" slack="0"/>
</pin_list>
<bind>
<opcode="getelementptr(29) " fcode="getelementptr"/>
<opset="compute_controller_bool_bool_unsigned_int_bool_bool_bool_bool_bool_u_588/3 "/>
</bind>
</comp>

<comp id="447" class="1004" name="grp_access_fu_447">
<pin_list>
<pin id="448" dir="0" index="0" bw="4" slack="0"/>
<pin id="449" dir="0" index="1" bw="16" slack="2147483647"/>
<pin id="450" dir="0" index="2" bw="0" slack="2147483647"/>
<pin id="451" dir="1" index="3" bw="16" slack="0"/>
</pin_list>
<bind>
<opcode="load(27) " fcode="load"/>
<opset="compute_controller_bool_bool_unsigned_int_bool_bool_bool_bool_bool_u_589/3 "/>
</bind>
</comp>

<comp id="453" class="1004" name="compute_controller_bool_bool_unsigned_int_bool_bool_bool_bool_bool_u_593_gep_fu_453">
<pin_list>
<pin id="454" dir="0" index="0" bw="4" slack="0"/>
<pin id="455" dir="0" index="1" bw="1" slack="0"/>
<pin id="456" dir="0" index="2" bw="10" slack="2"/>
<pin id="457" dir="1" index="3" bw="10" slack="0"/>
</pin_list>
<bind>
<opcode="getelementptr(29) " fcode="getelementptr"/>
<opset="compute_controller_bool_bool_unsigned_int_bool_bool_bool_bool_bool_u_593/3 "/>
</bind>
</comp>

<comp id="460" class="1004" name="grp_access_fu_460">
<pin_list>
<pin id="461" dir="0" index="0" bw="10" slack="0"/>
<pin id="462" dir="0" index="1" bw="4" slack="2147483647"/>
<pin id="463" dir="0" index="2" bw="0" slack="2147483647"/>
<pin id="464" dir="1" index="3" bw="4" slack="0"/>
</pin_list>
<bind>
<opcode="load(27) " fcode="load"/>
<opset="w_23/3 "/>
</bind>
</comp>

<comp id="466" class="1004" name="compute_controller_bool_bool_unsigned_int_bool_bool_bool_bool_bool_u_594_gep_fu_466">
<pin_list>
<pin id="467" dir="0" index="0" bw="16" slack="0"/>
<pin id="468" dir="0" index="1" bw="1" slack="0"/>
<pin id="469" dir="0" index="2" bw="4" slack="2"/>
<pin id="470" dir="1" index="3" bw="4" slack="0"/>
</pin_list>
<bind>
<opcode="getelementptr(29) " fcode="getelementptr"/>
<opset="compute_controller_bool_bool_unsigned_int_bool_bool_bool_bool_bool_u_594/3 "/>
</bind>
</comp>

<comp id="473" class="1004" name="grp_access_fu_473">
<pin_list>
<pin id="474" dir="0" index="0" bw="4" slack="0"/>
<pin id="475" dir="0" index="1" bw="16" slack="2147483647"/>
<pin id="476" dir="0" index="2" bw="0" slack="2147483647"/>
<pin id="477" dir="1" index="3" bw="16" slack="0"/>
</pin_list>
<bind>
<opcode="load(27) " fcode="load"/>
<opset="compute_controller_bool_bool_unsigned_int_bool_bool_bool_bool_bool_u_595/3 "/>
</bind>
</comp>

<comp id="479" class="1004" name="p_ZZ18compute_controllerbbjRbS_bS_S_RjPKhPhR12ComputeStateS0_RhS6_S6_S6_S_S_S_S_E_306_gep_fu_479">
<pin_list>
<pin id="480" dir="0" index="0" bw="4" slack="0"/>
<pin id="481" dir="0" index="1" bw="1" slack="0"/>
<pin id="482" dir="0" index="2" bw="10" slack="2"/>
<pin id="483" dir="1" index="3" bw="10" slack="0"/>
</pin_list>
<bind>
<opcode="getelementptr(29) " fcode="getelementptr"/>
<opset="p_ZZ18compute_controllerbbjRbS_bS_S_RjPKhPhR12ComputeStateS0_RhS6_S6_S6_S_S_S_S_E_306/3 "/>
</bind>
</comp>

<comp id="486" class="1004" name="grp_access_fu_486">
<pin_list>
<pin id="487" dir="0" index="0" bw="10" slack="0"/>
<pin id="488" dir="0" index="1" bw="4" slack="2147483647"/>
<pin id="489" dir="0" index="2" bw="0" slack="2147483647"/>
<pin id="490" dir="1" index="3" bw="4" slack="0"/>
</pin_list>
<bind>
<opcode="load(27) " fcode="load"/>
<opset="w_25/3 "/>
</bind>
</comp>

<comp id="492" class="1004" name="p_ZZ18compute_controllerbbjRbS_bS_S_RjPKhPhR12ComputeStateS0_RhS6_S6_S6_S_S_S_S_E_307_gep_fu_492">
<pin_list>
<pin id="493" dir="0" index="0" bw="16" slack="0"/>
<pin id="494" dir="0" index="1" bw="1" slack="0"/>
<pin id="495" dir="0" index="2" bw="4" slack="2"/>
<pin id="496" dir="1" index="3" bw="4" slack="0"/>
</pin_list>
<bind>
<opcode="getelementptr(29) " fcode="getelementptr"/>
<opset="p_ZZ18compute_controllerbbjRbS_bS_S_RjPKhPhR12ComputeStateS0_RhS6_S6_S6_S_S_S_S_E_307/3 "/>
</bind>
</comp>

<comp id="499" class="1004" name="grp_access_fu_499">
<pin_list>
<pin id="500" dir="0" index="0" bw="4" slack="0"/>
<pin id="501" dir="0" index="1" bw="16" slack="2147483647"/>
<pin id="502" dir="0" index="2" bw="0" slack="2147483647"/>
<pin id="503" dir="1" index="3" bw="16" slack="0"/>
</pin_list>
<bind>
<opcode="load(27) " fcode="load"/>
<opset="p_ZZ18compute_controllerbbjRbS_bS_S_RjPKhPhR12ComputeStateS0_RhS6_S6_S6_S_S_S_S_E_308/3 "/>
</bind>
</comp>

<comp id="505" class="1004" name="p_ZZ18compute_controllerbbjRbS_bS_S_RjPKhPhR12ComputeStateS0_RhS6_S6_S6_S_S_S_S_E_312_gep_fu_505">
<pin_list>
<pin id="506" dir="0" index="0" bw="4" slack="0"/>
<pin id="507" dir="0" index="1" bw="1" slack="0"/>
<pin id="508" dir="0" index="2" bw="10" slack="2"/>
<pin id="509" dir="1" index="3" bw="10" slack="0"/>
</pin_list>
<bind>
<opcode="getelementptr(29) " fcode="getelementptr"/>
<opset="p_ZZ18compute_controllerbbjRbS_bS_S_RjPKhPhR12ComputeStateS0_RhS6_S6_S6_S_S_S_S_E_312/3 "/>
</bind>
</comp>

<comp id="512" class="1004" name="grp_access_fu_512">
<pin_list>
<pin id="513" dir="0" index="0" bw="10" slack="0"/>
<pin id="514" dir="0" index="1" bw="4" slack="2147483647"/>
<pin id="515" dir="0" index="2" bw="0" slack="2147483647"/>
<pin id="516" dir="1" index="3" bw="4" slack="0"/>
</pin_list>
<bind>
<opcode="load(27) " fcode="load"/>
<opset="w_27/3 "/>
</bind>
</comp>

<comp id="518" class="1004" name="p_ZZ18compute_controllerbbjRbS_bS_S_RjPKhPhR12ComputeStateS0_RhS6_S6_S6_S_S_S_S_E_313_gep_fu_518">
<pin_list>
<pin id="519" dir="0" index="0" bw="16" slack="0"/>
<pin id="520" dir="0" index="1" bw="1" slack="0"/>
<pin id="521" dir="0" index="2" bw="4" slack="2"/>
<pin id="522" dir="1" index="3" bw="4" slack="0"/>
</pin_list>
<bind>
<opcode="getelementptr(29) " fcode="getelementptr"/>
<opset="p_ZZ18compute_controllerbbjRbS_bS_S_RjPKhPhR12ComputeStateS0_RhS6_S6_S6_S_S_S_S_E_313/3 "/>
</bind>
</comp>

<comp id="525" class="1004" name="grp_access_fu_525">
<pin_list>
<pin id="526" dir="0" index="0" bw="4" slack="0"/>
<pin id="527" dir="0" index="1" bw="16" slack="2147483647"/>
<pin id="528" dir="0" index="2" bw="0" slack="2147483647"/>
<pin id="529" dir="1" index="3" bw="16" slack="0"/>
</pin_list>
<bind>
<opcode="load(27) " fcode="load"/>
<opset="p_ZZ18compute_controllerbbjRbS_bS_S_RjPKhPhR12ComputeStateS0_RhS6_S6_S6_S_S_S_S_E_314/3 "/>
</bind>
</comp>

<comp id="531" class="1004" name="p_ZZ18compute_controllerbbjRbS_bS_S_RjPKhPhR12ComputeStateS0_RhS6_S6_S6_S_S_S_S_E_318_gep_fu_531">
<pin_list>
<pin id="532" dir="0" index="0" bw="4" slack="0"/>
<pin id="533" dir="0" index="1" bw="1" slack="0"/>
<pin id="534" dir="0" index="2" bw="10" slack="2"/>
<pin id="535" dir="1" index="3" bw="10" slack="0"/>
</pin_list>
<bind>
<opcode="getelementptr(29) " fcode="getelementptr"/>
<opset="p_ZZ18compute_controllerbbjRbS_bS_S_RjPKhPhR12ComputeStateS0_RhS6_S6_S6_S_S_S_S_E_318/3 "/>
</bind>
</comp>

<comp id="538" class="1004" name="grp_access_fu_538">
<pin_list>
<pin id="539" dir="0" index="0" bw="10" slack="0"/>
<pin id="540" dir="0" index="1" bw="4" slack="2147483647"/>
<pin id="541" dir="0" index="2" bw="0" slack="2147483647"/>
<pin id="542" dir="1" index="3" bw="4" slack="0"/>
</pin_list>
<bind>
<opcode="load(27) " fcode="load"/>
<opset="w_29/3 "/>
</bind>
</comp>

<comp id="544" class="1004" name="p_ZZ18compute_controllerbbjRbS_bS_S_RjPKhPhR12ComputeStateS0_RhS6_S6_S6_S_S_S_S_E_319_gep_fu_544">
<pin_list>
<pin id="545" dir="0" index="0" bw="16" slack="0"/>
<pin id="546" dir="0" index="1" bw="1" slack="0"/>
<pin id="547" dir="0" index="2" bw="4" slack="2"/>
<pin id="548" dir="1" index="3" bw="4" slack="0"/>
</pin_list>
<bind>
<opcode="getelementptr(29) " fcode="getelementptr"/>
<opset="p_ZZ18compute_controllerbbjRbS_bS_S_RjPKhPhR12ComputeStateS0_RhS6_S6_S6_S_S_S_S_E_319/3 "/>
</bind>
</comp>

<comp id="551" class="1004" name="grp_access_fu_551">
<pin_list>
<pin id="552" dir="0" index="0" bw="4" slack="0"/>
<pin id="553" dir="0" index="1" bw="16" slack="2147483647"/>
<pin id="554" dir="0" index="2" bw="0" slack="2147483647"/>
<pin id="555" dir="1" index="3" bw="16" slack="0"/>
</pin_list>
<bind>
<opcode="load(27) " fcode="load"/>
<opset="p_ZZ18compute_controllerbbjRbS_bS_S_RjPKhPhR12ComputeStateS0_RhS6_S6_S6_S_S_S_S_E_320/3 "/>
</bind>
</comp>

<comp id="557" class="1004" name="store_ln41_store_fu_557">
<pin_list>
<pin id="558" dir="0" index="0" bw="1" slack="0"/>
<pin id="559" dir="0" index="1" bw="8" slack="0"/>
<pin id="560" dir="1" index="2" bw="0" slack="2147483647"/>
</pin_list>
<bind>
<opcode="store(28) " fcode="store"/>
<opset="store_ln41/1 "/>
</bind>
</comp>

<comp id="562" class="1004" name="store_ln40_store_fu_562">
<pin_list>
<pin id="563" dir="0" index="0" bw="32" slack="0"/>
<pin id="564" dir="0" index="1" bw="32" slack="0"/>
<pin id="565" dir="1" index="2" bw="0" slack="2147483647"/>
</pin_list>
<bind>
<opcode="store(28) " fcode="store"/>
<opset="store_ln40/1 "/>
</bind>
</comp>

<comp id="567" class="1004" name="i_12_load_fu_567">
<pin_list>
<pin id="568" dir="0" index="0" bw="8" slack="0"/>
<pin id="569" dir="1" index="1" bw="8" slack="0"/>
</pin_list>
<bind>
<opcode="load(27) " fcode="load"/>
<opset="i_12/1 "/>
</bind>
</comp>

<comp id="570" class="1004" name="icmp_ln41_fu_570">
<pin_list>
<pin id="571" dir="0" index="0" bw="8" slack="0"/>
<pin id="572" dir="0" index="1" bw="8" slack="0"/>
<pin id="573" dir="1" index="2" bw="1" slack="3"/>
</pin_list>
<bind>
<opcode="icmp(45) " fcode="icmp"/>
<opset="icmp_ln41/1 "/>
</bind>
</comp>

<comp id="576" class="1004" name="lshr_ln40_8_fu_576">
<pin_list>
<pin id="577" dir="0" index="0" bw="4" slack="0"/>
<pin id="578" dir="0" index="1" bw="8" slack="0"/>
<pin id="579" dir="0" index="2" bw="4" slack="0"/>
<pin id="580" dir="0" index="3" bw="4" slack="0"/>
<pin id="581" dir="1" index="4" bw="4" slack="0"/>
</pin_list>
<bind>
<opcode="partselect(1002) " fcode="partselect"/>
<opset="lshr_ln40_8/1 "/>
</bind>
</comp>

<comp id="586" class="1004" name="zext_ln40_fu_586">
<pin_list>
<pin id="587" dir="0" index="0" bw="4" slack="0"/>
<pin id="588" dir="1" index="1" bw="64" slack="0"/>
</pin_list>
<bind>
<opcode="zext(34) " fcode="zext"/>
<opset="zext_ln40/1 "/>
</bind>
</comp>

<comp id="598" class="1004" name="tmp_s_fu_598">
<pin_list>
<pin id="599" dir="0" index="0" bw="6" slack="0"/>
<pin id="600" dir="0" index="1" bw="10" slack="0"/>
<pin id="601" dir="0" index="2" bw="4" slack="0"/>
<pin id="602" dir="0" index="3" bw="5" slack="0"/>
<pin id="603" dir="1" index="4" bw="6" slack="0"/>
</pin_list>
<bind>
<opcode="partselect(1002) " fcode="partselect"/>
<opset="tmp_s/1 "/>
</bind>
</comp>

<comp id="608" class="1004" name="add_ln43_8_fu_608">
<pin_list>
<pin id="609" dir="0" index="0" bw="10" slack="0"/>
<pin id="610" dir="0" index="1" bw="6" slack="0"/>
<pin id="611" dir="0" index="2" bw="4" slack="0"/>
<pin id="612" dir="1" index="3" bw="10" slack="0"/>
</pin_list>
<bind>
<opcode="bitconcatenate(1004) " fcode="bitconcatenate"/>
<opset="add_ln43_8/1 "/>
</bind>
</comp>

<comp id="616" class="1004" name="zext_ln43_fu_616">
<pin_list>
<pin id="617" dir="0" index="0" bw="10" slack="0"/>
<pin id="618" dir="1" index="1" bw="64" slack="0"/>
</pin_list>
<bind>
<opcode="zext(34) " fcode="zext"/>
<opset="zext_ln43/1 "/>
</bind>
</comp>

<comp id="628" class="1004" name="add_ln41_fu_628">
<pin_list>
<pin id="629" dir="0" index="0" bw="8" slack="0"/>
<pin id="630" dir="0" index="1" bw="6" slack="0"/>
<pin id="631" dir="1" index="2" bw="8" slack="0"/>
</pin_list>
<bind>
<opcode="add(8) " fcode="add"/>
<opset="add_ln41/1 "/>
</bind>
</comp>

<comp id="634" class="1004" name="store_ln41_store_fu_634">
<pin_list>
<pin id="635" dir="0" index="0" bw="8" slack="0"/>
<pin id="636" dir="0" index="1" bw="8" slack="0"/>
<pin id="637" dir="1" index="2" bw="0" slack="2147483647"/>
</pin_list>
<bind>
<opcode="store(28) " fcode="store"/>
<opset="store_ln41/1 "/>
</bind>
</comp>

<comp id="639" class="1004" name="sext_ln44_48_fu_639">
<pin_list>
<pin id="640" dir="0" index="0" bw="16" slack="0"/>
<pin id="641" dir="1" index="1" bw="20" slack="0"/>
</pin_list>
<bind>
<opcode="sext(35) " fcode="sext"/>
<opset="sext_ln44_48/2 "/>
</bind>
</comp>

<comp id="643" class="1004" name="sext_ln43_15_fu_643">
<pin_list>
<pin id="644" dir="0" index="0" bw="4" slack="0"/>
<pin id="645" dir="1" index="1" bw="20" slack="0"/>
</pin_list>
<bind>
<opcode="sext(35) " fcode="sext"/>
<opset="sext_ln43_15/2 "/>
</bind>
</comp>

<comp id="647" class="1004" name="sext_ln44_50_fu_647">
<pin_list>
<pin id="648" dir="0" index="0" bw="16" slack="0"/>
<pin id="649" dir="1" index="1" bw="20" slack="0"/>
</pin_list>
<bind>
<opcode="sext(35) " fcode="sext"/>
<opset="sext_ln44_50/2 "/>
</bind>
</comp>

<comp id="651" class="1004" name="sext_ln43_17_fu_651">
<pin_list>
<pin id="652" dir="0" index="0" bw="4" slack="0"/>
<pin id="653" dir="1" index="1" bw="20" slack="0"/>
</pin_list>
<bind>
<opcode="sext(35) " fcode="sext"/>
<opset="sext_ln43_17/2 "/>
</bind>
</comp>

<comp id="655" class="1004" name="sext_ln44_52_fu_655">
<pin_list>
<pin id="656" dir="0" index="0" bw="16" slack="0"/>
<pin id="657" dir="1" index="1" bw="20" slack="0"/>
</pin_list>
<bind>
<opcode="sext(35) " fcode="sext"/>
<opset="sext_ln44_52/2 "/>
</bind>
</comp>

<comp id="659" class="1004" name="sext_ln43_19_fu_659">
<pin_list>
<pin id="660" dir="0" index="0" bw="4" slack="0"/>
<pin id="661" dir="1" index="1" bw="20" slack="0"/>
</pin_list>
<bind>
<opcode="sext(35) " fcode="sext"/>
<opset="sext_ln43_19/2 "/>
</bind>
</comp>

<comp id="663" class="1004" name="sext_ln44_54_fu_663">
<pin_list>
<pin id="664" dir="0" index="0" bw="16" slack="0"/>
<pin id="665" dir="1" index="1" bw="20" slack="0"/>
</pin_list>
<bind>
<opcode="sext(35) " fcode="sext"/>
<opset="sext_ln44_54/2 "/>
</bind>
</comp>

<comp id="667" class="1004" name="sext_ln43_21_fu_667">
<pin_list>
<pin id="668" dir="0" index="0" bw="4" slack="0"/>
<pin id="669" dir="1" index="1" bw="20" slack="0"/>
</pin_list>
<bind>
<opcode="sext(35) " fcode="sext"/>
<opset="sext_ln43_21/2 "/>
</bind>
</comp>

<comp id="671" class="1004" name="sext_ln44_56_fu_671">
<pin_list>
<pin id="672" dir="0" index="0" bw="16" slack="0"/>
<pin id="673" dir="1" index="1" bw="20" slack="0"/>
</pin_list>
<bind>
<opcode="sext(35) " fcode="sext"/>
<opset="sext_ln44_56/2 "/>
</bind>
</comp>

<comp id="675" class="1004" name="sext_ln43_23_fu_675">
<pin_list>
<pin id="676" dir="0" index="0" bw="4" slack="0"/>
<pin id="677" dir="1" index="1" bw="20" slack="0"/>
</pin_list>
<bind>
<opcode="sext(35) " fcode="sext"/>
<opset="sext_ln43_23/2 "/>
</bind>
</comp>

<comp id="679" class="1004" name="sext_ln44_58_fu_679">
<pin_list>
<pin id="680" dir="0" index="0" bw="16" slack="0"/>
<pin id="681" dir="1" index="1" bw="20" slack="0"/>
</pin_list>
<bind>
<opcode="sext(35) " fcode="sext"/>
<opset="sext_ln44_58/2 "/>
</bind>
</comp>

<comp id="683" class="1004" name="sext_ln43_25_fu_683">
<pin_list>
<pin id="684" dir="0" index="0" bw="4" slack="0"/>
<pin id="685" dir="1" index="1" bw="20" slack="0"/>
</pin_list>
<bind>
<opcode="sext(35) " fcode="sext"/>
<opset="sext_ln43_25/2 "/>
</bind>
</comp>

<comp id="687" class="1004" name="sext_ln44_60_fu_687">
<pin_list>
<pin id="688" dir="0" index="0" bw="16" slack="0"/>
<pin id="689" dir="1" index="1" bw="20" slack="0"/>
</pin_list>
<bind>
<opcode="sext(35) " fcode="sext"/>
<opset="sext_ln44_60/2 "/>
</bind>
</comp>

<comp id="691" class="1004" name="sext_ln43_27_fu_691">
<pin_list>
<pin id="692" dir="0" index="0" bw="4" slack="0"/>
<pin id="693" dir="1" index="1" bw="20" slack="0"/>
</pin_list>
<bind>
<opcode="sext(35) " fcode="sext"/>
<opset="sext_ln43_27/2 "/>
</bind>
</comp>

<comp id="695" class="1004" name="sext_ln44_62_fu_695">
<pin_list>
<pin id="696" dir="0" index="0" bw="16" slack="0"/>
<pin id="697" dir="1" index="1" bw="20" slack="0"/>
</pin_list>
<bind>
<opcode="sext(35) " fcode="sext"/>
<opset="sext_ln44_62/2 "/>
</bind>
</comp>

<comp id="699" class="1004" name="sext_ln44_63_fu_699">
<pin_list>
<pin id="700" dir="0" index="0" bw="4" slack="0"/>
<pin id="701" dir="1" index="1" bw="20" slack="0"/>
</pin_list>
<bind>
<opcode="sext(35) " fcode="sext"/>
<opset="sext_ln44_63/2 "/>
</bind>
</comp>

<comp id="703" class="1004" name="sext_ln44_fu_703">
<pin_list>
<pin id="704" dir="0" index="0" bw="16" slack="0"/>
<pin id="705" dir="1" index="1" bw="20" slack="0"/>
</pin_list>
<bind>
<opcode="sext(35) " fcode="sext"/>
<opset="sext_ln44/4 "/>
</bind>
</comp>

<comp id="707" class="1004" name="sext_ln43_fu_707">
<pin_list>
<pin id="708" dir="0" index="0" bw="4" slack="0"/>
<pin id="709" dir="1" index="1" bw="20" slack="0"/>
</pin_list>
<bind>
<opcode="sext(35) " fcode="sext"/>
<opset="sext_ln43/4 "/>
</bind>
</comp>

<comp id="711" class="1004" name="sext_ln44_49_fu_711">
<pin_list>
<pin id="712" dir="0" index="0" bw="16" slack="0"/>
<pin id="713" dir="1" index="1" bw="20" slack="0"/>
</pin_list>
<bind>
<opcode="sext(35) " fcode="sext"/>
<opset="sext_ln44_49/4 "/>
</bind>
</comp>

<comp id="715" class="1004" name="sext_ln43_16_fu_715">
<pin_list>
<pin id="716" dir="0" index="0" bw="4" slack="0"/>
<pin id="717" dir="1" index="1" bw="20" slack="0"/>
</pin_list>
<bind>
<opcode="sext(35) " fcode="sext"/>
<opset="sext_ln43_16/4 "/>
</bind>
</comp>

<comp id="719" class="1004" name="sext_ln44_51_fu_719">
<pin_list>
<pin id="720" dir="0" index="0" bw="16" slack="0"/>
<pin id="721" dir="1" index="1" bw="20" slack="0"/>
</pin_list>
<bind>
<opcode="sext(35) " fcode="sext"/>
<opset="sext_ln44_51/4 "/>
</bind>
</comp>

<comp id="723" class="1004" name="sext_ln43_18_fu_723">
<pin_list>
<pin id="724" dir="0" index="0" bw="4" slack="0"/>
<pin id="725" dir="1" index="1" bw="20" slack="0"/>
</pin_list>
<bind>
<opcode="sext(35) " fcode="sext"/>
<opset="sext_ln43_18/4 "/>
</bind>
</comp>

<comp id="727" class="1004" name="sext_ln44_53_fu_727">
<pin_list>
<pin id="728" dir="0" index="0" bw="16" slack="0"/>
<pin id="729" dir="1" index="1" bw="20" slack="0"/>
</pin_list>
<bind>
<opcode="sext(35) " fcode="sext"/>
<opset="sext_ln44_53/4 "/>
</bind>
</comp>

<comp id="731" class="1004" name="sext_ln43_20_fu_731">
<pin_list>
<pin id="732" dir="0" index="0" bw="4" slack="0"/>
<pin id="733" dir="1" index="1" bw="20" slack="0"/>
</pin_list>
<bind>
<opcode="sext(35) " fcode="sext"/>
<opset="sext_ln43_20/4 "/>
</bind>
</comp>

<comp id="735" class="1004" name="sext_ln44_55_fu_735">
<pin_list>
<pin id="736" dir="0" index="0" bw="16" slack="0"/>
<pin id="737" dir="1" index="1" bw="20" slack="0"/>
</pin_list>
<bind>
<opcode="sext(35) " fcode="sext"/>
<opset="sext_ln44_55/4 "/>
</bind>
</comp>

<comp id="739" class="1004" name="sext_ln43_22_fu_739">
<pin_list>
<pin id="740" dir="0" index="0" bw="4" slack="0"/>
<pin id="741" dir="1" index="1" bw="20" slack="0"/>
</pin_list>
<bind>
<opcode="sext(35) " fcode="sext"/>
<opset="sext_ln43_22/4 "/>
</bind>
</comp>

<comp id="743" class="1004" name="sext_ln44_57_fu_743">
<pin_list>
<pin id="744" dir="0" index="0" bw="16" slack="0"/>
<pin id="745" dir="1" index="1" bw="20" slack="0"/>
</pin_list>
<bind>
<opcode="sext(35) " fcode="sext"/>
<opset="sext_ln44_57/4 "/>
</bind>
</comp>

<comp id="747" class="1004" name="sext_ln43_24_fu_747">
<pin_list>
<pin id="748" dir="0" index="0" bw="4" slack="0"/>
<pin id="749" dir="1" index="1" bw="20" slack="0"/>
</pin_list>
<bind>
<opcode="sext(35) " fcode="sext"/>
<opset="sext_ln43_24/4 "/>
</bind>
</comp>

<comp id="751" class="1004" name="sext_ln44_59_fu_751">
<pin_list>
<pin id="752" dir="0" index="0" bw="16" slack="0"/>
<pin id="753" dir="1" index="1" bw="20" slack="0"/>
</pin_list>
<bind>
<opcode="sext(35) " fcode="sext"/>
<opset="sext_ln44_59/4 "/>
</bind>
</comp>

<comp id="755" class="1004" name="sext_ln43_26_fu_755">
<pin_list>
<pin id="756" dir="0" index="0" bw="4" slack="0"/>
<pin id="757" dir="1" index="1" bw="20" slack="0"/>
</pin_list>
<bind>
<opcode="sext(35) " fcode="sext"/>
<opset="sext_ln43_26/4 "/>
</bind>
</comp>

<comp id="759" class="1004" name="sext_ln44_61_fu_759">
<pin_list>
<pin id="760" dir="0" index="0" bw="16" slack="0"/>
<pin id="761" dir="1" index="1" bw="20" slack="0"/>
</pin_list>
<bind>
<opcode="sext(35) " fcode="sext"/>
<opset="sext_ln44_61/4 "/>
</bind>
</comp>

<comp id="763" class="1004" name="sext_ln43_28_fu_763">
<pin_list>
<pin id="764" dir="0" index="0" bw="4" slack="0"/>
<pin id="765" dir="1" index="1" bw="20" slack="0"/>
</pin_list>
<bind>
<opcode="sext(35) " fcode="sext"/>
<opset="sext_ln43_28/4 "/>
</bind>
</comp>

<comp id="767" class="1004" name="mul_ln44_fu_767">
<pin_list>
<pin id="768" dir="0" index="0" bw="16" slack="0"/>
<pin id="769" dir="0" index="1" bw="4" slack="0"/>
<pin id="770" dir="1" index="2" bw="20" slack="0"/>
</pin_list>
<bind>
<opcode="mul(12) " fcode="mul"/>
<opset="mul_ln44/4 "/>
</bind>
</comp>

<comp id="773" class="1004" name="sext_ln44_64_fu_773">
<pin_list>
<pin id="774" dir="0" index="0" bw="20" slack="0"/>
<pin id="775" dir="1" index="1" bw="21" slack="0"/>
</pin_list>
<bind>
<opcode="sext(35) " fcode="sext"/>
<opset="sext_ln44_64/4 "/>
</bind>
</comp>

<comp id="777" class="1004" name="mul_ln44_17_fu_777">
<pin_list>
<pin id="778" dir="0" index="0" bw="16" slack="0"/>
<pin id="779" dir="0" index="1" bw="4" slack="0"/>
<pin id="780" dir="1" index="2" bw="20" slack="0"/>
</pin_list>
<bind>
<opcode="mul(12) " fcode="mul"/>
<opset="mul_ln44_17/4 "/>
</bind>
</comp>

<comp id="783" class="1004" name="sext_ln44_66_fu_783">
<pin_list>
<pin id="784" dir="0" index="0" bw="20" slack="0"/>
<pin id="785" dir="1" index="1" bw="21" slack="0"/>
</pin_list>
<bind>
<opcode="sext(35) " fcode="sext"/>
<opset="sext_ln44_66/4 "/>
</bind>
</comp>

<comp id="787" class="1004" name="mul_ln44_19_fu_787">
<pin_list>
<pin id="788" dir="0" index="0" bw="16" slack="0"/>
<pin id="789" dir="0" index="1" bw="4" slack="0"/>
<pin id="790" dir="1" index="2" bw="20" slack="0"/>
</pin_list>
<bind>
<opcode="mul(12) " fcode="mul"/>
<opset="mul_ln44_19/4 "/>
</bind>
</comp>

<comp id="793" class="1004" name="sext_ln44_68_fu_793">
<pin_list>
<pin id="794" dir="0" index="0" bw="20" slack="0"/>
<pin id="795" dir="1" index="1" bw="21" slack="0"/>
</pin_list>
<bind>
<opcode="sext(35) " fcode="sext"/>
<opset="sext_ln44_68/4 "/>
</bind>
</comp>

<comp id="797" class="1004" name="mul_ln44_21_fu_797">
<pin_list>
<pin id="798" dir="0" index="0" bw="16" slack="0"/>
<pin id="799" dir="0" index="1" bw="4" slack="0"/>
<pin id="800" dir="1" index="2" bw="20" slack="0"/>
</pin_list>
<bind>
<opcode="mul(12) " fcode="mul"/>
<opset="mul_ln44_21/4 "/>
</bind>
</comp>

<comp id="803" class="1004" name="sext_ln44_70_fu_803">
<pin_list>
<pin id="804" dir="0" index="0" bw="20" slack="0"/>
<pin id="805" dir="1" index="1" bw="21" slack="0"/>
</pin_list>
<bind>
<opcode="sext(35) " fcode="sext"/>
<opset="sext_ln44_70/4 "/>
</bind>
</comp>

<comp id="807" class="1004" name="mul_ln44_23_fu_807">
<pin_list>
<pin id="808" dir="0" index="0" bw="16" slack="0"/>
<pin id="809" dir="0" index="1" bw="4" slack="0"/>
<pin id="810" dir="1" index="2" bw="20" slack="0"/>
</pin_list>
<bind>
<opcode="mul(12) " fcode="mul"/>
<opset="mul_ln44_23/4 "/>
</bind>
</comp>

<comp id="813" class="1004" name="sext_ln44_72_fu_813">
<pin_list>
<pin id="814" dir="0" index="0" bw="20" slack="0"/>
<pin id="815" dir="1" index="1" bw="21" slack="0"/>
</pin_list>
<bind>
<opcode="sext(35) " fcode="sext"/>
<opset="sext_ln44_72/4 "/>
</bind>
</comp>

<comp id="817" class="1004" name="mul_ln44_25_fu_817">
<pin_list>
<pin id="818" dir="0" index="0" bw="16" slack="0"/>
<pin id="819" dir="0" index="1" bw="4" slack="0"/>
<pin id="820" dir="1" index="2" bw="20" slack="0"/>
</pin_list>
<bind>
<opcode="mul(12) " fcode="mul"/>
<opset="mul_ln44_25/4 "/>
</bind>
</comp>

<comp id="823" class="1004" name="sext_ln44_74_fu_823">
<pin_list>
<pin id="824" dir="0" index="0" bw="20" slack="0"/>
<pin id="825" dir="1" index="1" bw="21" slack="0"/>
</pin_list>
<bind>
<opcode="sext(35) " fcode="sext"/>
<opset="sext_ln44_74/4 "/>
</bind>
</comp>

<comp id="827" class="1004" name="mul_ln44_27_fu_827">
<pin_list>
<pin id="828" dir="0" index="0" bw="16" slack="0"/>
<pin id="829" dir="0" index="1" bw="4" slack="0"/>
<pin id="830" dir="1" index="2" bw="20" slack="0"/>
</pin_list>
<bind>
<opcode="mul(12) " fcode="mul"/>
<opset="mul_ln44_27/4 "/>
</bind>
</comp>

<comp id="833" class="1004" name="sext_ln44_76_fu_833">
<pin_list>
<pin id="834" dir="0" index="0" bw="20" slack="0"/>
<pin id="835" dir="1" index="1" bw="21" slack="0"/>
</pin_list>
<bind>
<opcode="sext(35) " fcode="sext"/>
<opset="sext_ln44_76/4 "/>
</bind>
</comp>

<comp id="837" class="1004" name="mul_ln44_29_fu_837">
<pin_list>
<pin id="838" dir="0" index="0" bw="16" slack="0"/>
<pin id="839" dir="0" index="1" bw="4" slack="0"/>
<pin id="840" dir="1" index="2" bw="20" slack="0"/>
</pin_list>
<bind>
<opcode="mul(12) " fcode="mul"/>
<opset="mul_ln44_29/4 "/>
</bind>
</comp>

<comp id="843" class="1004" name="sext_ln44_78_fu_843">
<pin_list>
<pin id="844" dir="0" index="0" bw="20" slack="0"/>
<pin id="845" dir="1" index="1" bw="21" slack="0"/>
</pin_list>
<bind>
<opcode="sext(35) " fcode="sext"/>
<opset="sext_ln44_78/4 "/>
</bind>
</comp>

<comp id="847" class="1004" name="acc_load_load_fu_847">
<pin_list>
<pin id="848" dir="0" index="0" bw="32" slack="4"/>
<pin id="849" dir="1" index="1" bw="32" slack="0"/>
</pin_list>
<bind>
<opcode="load(27) " fcode="load"/>
<opset="acc_load/5 "/>
</bind>
</comp>

<comp id="850" class="1004" name="sext_ln44_80_fu_850">
<pin_list>
<pin id="851" dir="0" index="0" bw="21" slack="0"/>
<pin id="852" dir="1" index="1" bw="22" slack="0"/>
</pin_list>
<bind>
<opcode="sext(35) " fcode="sext"/>
<opset="sext_ln44_80/5 "/>
</bind>
</comp>

<comp id="853" class="1004" name="sext_ln44_81_fu_853">
<pin_list>
<pin id="854" dir="0" index="0" bw="21" slack="0"/>
<pin id="855" dir="1" index="1" bw="22" slack="0"/>
</pin_list>
<bind>
<opcode="sext(35) " fcode="sext"/>
<opset="sext_ln44_81/5 "/>
</bind>
</comp>

<comp id="856" class="1004" name="add_ln44_17_fu_856">
<pin_list>
<pin id="857" dir="0" index="0" bw="21" slack="0"/>
<pin id="858" dir="0" index="1" bw="21" slack="0"/>
<pin id="859" dir="1" index="2" bw="22" slack="0"/>
</pin_list>
<bind>
<opcode="add(8) " fcode="add"/>
<opset="add_ln44_17/5 "/>
</bind>
</comp>

<comp id="862" class="1004" name="sext_ln44_82_fu_862">
<pin_list>
<pin id="863" dir="0" index="0" bw="22" slack="0"/>
<pin id="864" dir="1" index="1" bw="23" slack="0"/>
</pin_list>
<bind>
<opcode="sext(35) " fcode="sext"/>
<opset="sext_ln44_82/5 "/>
</bind>
</comp>

<comp id="866" class="1004" name="sext_ln44_83_fu_866">
<pin_list>
<pin id="867" dir="0" index="0" bw="21" slack="0"/>
<pin id="868" dir="1" index="1" bw="22" slack="0"/>
</pin_list>
<bind>
<opcode="sext(35) " fcode="sext"/>
<opset="sext_ln44_83/5 "/>
</bind>
</comp>

<comp id="869" class="1004" name="sext_ln44_84_fu_869">
<pin_list>
<pin id="870" dir="0" index="0" bw="21" slack="0"/>
<pin id="871" dir="1" index="1" bw="22" slack="0"/>
</pin_list>
<bind>
<opcode="sext(35) " fcode="sext"/>
<opset="sext_ln44_84/5 "/>
</bind>
</comp>

<comp id="872" class="1004" name="add_ln44_20_fu_872">
<pin_list>
<pin id="873" dir="0" index="0" bw="21" slack="0"/>
<pin id="874" dir="0" index="1" bw="21" slack="0"/>
<pin id="875" dir="1" index="2" bw="22" slack="0"/>
</pin_list>
<bind>
<opcode="add(8) " fcode="add"/>
<opset="add_ln44_20/5 "/>
</bind>
</comp>

<comp id="878" class="1004" name="sext_ln44_85_fu_878">
<pin_list>
<pin id="879" dir="0" index="0" bw="22" slack="0"/>
<pin id="880" dir="1" index="1" bw="23" slack="0"/>
</pin_list>
<bind>
<opcode="sext(35) " fcode="sext"/>
<opset="sext_ln44_85/5 "/>
</bind>
</comp>

<comp id="882" class="1004" name="add_ln44_21_fu_882">
<pin_list>
<pin id="883" dir="0" index="0" bw="22" slack="0"/>
<pin id="884" dir="0" index="1" bw="22" slack="0"/>
<pin id="885" dir="1" index="2" bw="23" slack="0"/>
</pin_list>
<bind>
<opcode="add(8) " fcode="add"/>
<opset="add_ln44_21/5 "/>
</bind>
</comp>

<comp id="888" class="1004" name="sext_ln44_86_fu_888">
<pin_list>
<pin id="889" dir="0" index="0" bw="23" slack="0"/>
<pin id="890" dir="1" index="1" bw="24" slack="0"/>
</pin_list>
<bind>
<opcode="sext(35) " fcode="sext"/>
<opset="sext_ln44_86/5 "/>
</bind>
</comp>

<comp id="892" class="1004" name="sext_ln44_87_fu_892">
<pin_list>
<pin id="893" dir="0" index="0" bw="21" slack="0"/>
<pin id="894" dir="1" index="1" bw="22" slack="0"/>
</pin_list>
<bind>
<opcode="sext(35) " fcode="sext"/>
<opset="sext_ln44_87/5 "/>
</bind>
</comp>

<comp id="895" class="1004" name="sext_ln44_88_fu_895">
<pin_list>
<pin id="896" dir="0" index="0" bw="21" slack="0"/>
<pin id="897" dir="1" index="1" bw="22" slack="0"/>
</pin_list>
<bind>
<opcode="sext(35) " fcode="sext"/>
<opset="sext_ln44_88/5 "/>
</bind>
</comp>

<comp id="898" class="1004" name="add_ln44_24_fu_898">
<pin_list>
<pin id="899" dir="0" index="0" bw="21" slack="0"/>
<pin id="900" dir="0" index="1" bw="21" slack="0"/>
<pin id="901" dir="1" index="2" bw="22" slack="0"/>
</pin_list>
<bind>
<opcode="add(8) " fcode="add"/>
<opset="add_ln44_24/5 "/>
</bind>
</comp>

<comp id="904" class="1004" name="sext_ln44_89_fu_904">
<pin_list>
<pin id="905" dir="0" index="0" bw="22" slack="0"/>
<pin id="906" dir="1" index="1" bw="23" slack="0"/>
</pin_list>
<bind>
<opcode="sext(35) " fcode="sext"/>
<opset="sext_ln44_89/5 "/>
</bind>
</comp>

<comp id="908" class="1004" name="sext_ln44_90_fu_908">
<pin_list>
<pin id="909" dir="0" index="0" bw="21" slack="0"/>
<pin id="910" dir="1" index="1" bw="22" slack="0"/>
</pin_list>
<bind>
<opcode="sext(35) " fcode="sext"/>
<opset="sext_ln44_90/5 "/>
</bind>
</comp>

<comp id="911" class="1004" name="sext_ln44_91_fu_911">
<pin_list>
<pin id="912" dir="0" index="0" bw="21" slack="0"/>
<pin id="913" dir="1" index="1" bw="22" slack="0"/>
</pin_list>
<bind>
<opcode="sext(35) " fcode="sext"/>
<opset="sext_ln44_91/5 "/>
</bind>
</comp>

<comp id="914" class="1004" name="add_ln44_27_fu_914">
<pin_list>
<pin id="915" dir="0" index="0" bw="21" slack="0"/>
<pin id="916" dir="0" index="1" bw="21" slack="0"/>
<pin id="917" dir="1" index="2" bw="22" slack="0"/>
</pin_list>
<bind>
<opcode="add(8) " fcode="add"/>
<opset="add_ln44_27/5 "/>
</bind>
</comp>

<comp id="920" class="1004" name="sext_ln44_92_fu_920">
<pin_list>
<pin id="921" dir="0" index="0" bw="22" slack="0"/>
<pin id="922" dir="1" index="1" bw="23" slack="0"/>
</pin_list>
<bind>
<opcode="sext(35) " fcode="sext"/>
<opset="sext_ln44_92/5 "/>
</bind>
</comp>

<comp id="924" class="1004" name="add_ln44_28_fu_924">
<pin_list>
<pin id="925" dir="0" index="0" bw="22" slack="0"/>
<pin id="926" dir="0" index="1" bw="22" slack="0"/>
<pin id="927" dir="1" index="2" bw="23" slack="0"/>
</pin_list>
<bind>
<opcode="add(8) " fcode="add"/>
<opset="add_ln44_28/5 "/>
</bind>
</comp>

<comp id="930" class="1004" name="sext_ln44_93_fu_930">
<pin_list>
<pin id="931" dir="0" index="0" bw="23" slack="0"/>
<pin id="932" dir="1" index="1" bw="24" slack="0"/>
</pin_list>
<bind>
<opcode="sext(35) " fcode="sext"/>
<opset="sext_ln44_93/5 "/>
</bind>
</comp>

<comp id="934" class="1004" name="add_ln44_29_fu_934">
<pin_list>
<pin id="935" dir="0" index="0" bw="23" slack="0"/>
<pin id="936" dir="0" index="1" bw="23" slack="0"/>
<pin id="937" dir="1" index="2" bw="24" slack="0"/>
</pin_list>
<bind>
<opcode="add(8) " fcode="add"/>
<opset="add_ln44_29/5 "/>
</bind>
</comp>

<comp id="940" class="1004" name="sext_ln44_94_fu_940">
<pin_list>
<pin id="941" dir="0" index="0" bw="24" slack="0"/>
<pin id="942" dir="1" index="1" bw="32" slack="0"/>
</pin_list>
<bind>
<opcode="sext(35) " fcode="sext"/>
<opset="sext_ln44_94/5 "/>
</bind>
</comp>

<comp id="944" class="1004" name="acc_2_fu_944">
<pin_list>
<pin id="945" dir="0" index="0" bw="32" slack="0"/>
<pin id="946" dir="0" index="1" bw="24" slack="0"/>
<pin id="947" dir="1" index="2" bw="32" slack="0"/>
</pin_list>
<bind>
<opcode="add(8) " fcode="add"/>
<opset="acc_2/5 "/>
</bind>
</comp>

<comp id="950" class="1004" name="store_ln40_store_fu_950">
<pin_list>
<pin id="951" dir="0" index="0" bw="32" slack="0"/>
<pin id="952" dir="0" index="1" bw="32" slack="4"/>
<pin id="953" dir="1" index="2" bw="0" slack="2147483647"/>
</pin_list>
<bind>
<opcode="store(28) " fcode="store"/>
<opset="store_ln40/5 "/>
</bind>
</comp>

<comp id="955" class="1004" name="acc_load_2_load_fu_955">
<pin_list>
<pin id="956" dir="0" index="0" bw="32" slack="3"/>
<pin id="957" dir="1" index="1" bw="32" slack="0"/>
</pin_list>
<bind>
<opcode="load(27) " fcode="load"/>
<opset="acc_load_2/4 "/>
</bind>
</comp>

<comp id="959" class="1007" name="grp_fu_959">
<pin_list>
<pin id="960" dir="0" index="0" bw="16" slack="0"/>
<pin id="961" dir="0" index="1" bw="4" slack="0"/>
<pin id="962" dir="0" index="2" bw="20" slack="0"/>
<pin id="963" dir="1" index="3" bw="21" slack="0"/>
</pin_list>
<bind>
<opcode="muladd(1172) " fcode="muladd"/>
<opset="mul_ln44_16/2 sext_ln44_65/4 add_ln44_26/4 "/>
</bind>
</comp>

<comp id="968" class="1007" name="grp_fu_968">
<pin_list>
<pin id="969" dir="0" index="0" bw="16" slack="0"/>
<pin id="970" dir="0" index="1" bw="4" slack="0"/>
<pin id="971" dir="0" index="2" bw="20" slack="0"/>
<pin id="972" dir="1" index="3" bw="21" slack="0"/>
</pin_list>
<bind>
<opcode="muladd(1172) " fcode="muladd"/>
<opset="mul_ln44_18/2 sext_ln44_67/4 add_ln44_25/4 "/>
</bind>
</comp>

<comp id="977" class="1007" name="grp_fu_977">
<pin_list>
<pin id="978" dir="0" index="0" bw="16" slack="0"/>
<pin id="979" dir="0" index="1" bw="4" slack="0"/>
<pin id="980" dir="0" index="2" bw="20" slack="0"/>
<pin id="981" dir="1" index="3" bw="21" slack="0"/>
</pin_list>
<bind>
<opcode="muladd(1172) " fcode="muladd"/>
<opset="mul_ln44_20/2 sext_ln44_69/4 add_ln44_23/4 "/>
</bind>
</comp>

<comp id="986" class="1007" name="grp_fu_986">
<pin_list>
<pin id="987" dir="0" index="0" bw="16" slack="0"/>
<pin id="988" dir="0" index="1" bw="4" slack="0"/>
<pin id="989" dir="0" index="2" bw="20" slack="0"/>
<pin id="990" dir="1" index="3" bw="21" slack="0"/>
</pin_list>
<bind>
<opcode="muladd(1172) " fcode="muladd"/>
<opset="mul_ln44_22/2 sext_ln44_71/4 add_ln44_22/4 "/>
</bind>
</comp>

<comp id="995" class="1007" name="grp_fu_995">
<pin_list>
<pin id="996" dir="0" index="0" bw="16" slack="0"/>
<pin id="997" dir="0" index="1" bw="4" slack="0"/>
<pin id="998" dir="0" index="2" bw="20" slack="0"/>
<pin id="999" dir="1" index="3" bw="21" slack="0"/>
</pin_list>
<bind>
<opcode="muladd(1172) " fcode="muladd"/>
<opset="mul_ln44_24/2 sext_ln44_73/4 add_ln44_19/4 "/>
</bind>
</comp>

<comp id="1004" class="1007" name="grp_fu_1004">
<pin_list>
<pin id="1005" dir="0" index="0" bw="16" slack="0"/>
<pin id="1006" dir="0" index="1" bw="4" slack="0"/>
<pin id="1007" dir="0" index="2" bw="20" slack="0"/>
<pin id="1008" dir="1" index="3" bw="21" slack="0"/>
</pin_list>
<bind>
<opcode="muladd(1172) " fcode="muladd"/>
<opset="mul_ln44_26/2 sext_ln44_75/4 add_ln44_18/4 "/>
</bind>
</comp>

<comp id="1013" class="1007" name="grp_fu_1013">
<pin_list>
<pin id="1014" dir="0" index="0" bw="16" slack="0"/>
<pin id="1015" dir="0" index="1" bw="4" slack="0"/>
<pin id="1016" dir="0" index="2" bw="20" slack="0"/>
<pin id="1017" dir="1" index="3" bw="21" slack="0"/>
</pin_list>
<bind>
<opcode="muladd(1172) " fcode="muladd"/>
<opset="mul_ln44_28/2 sext_ln44_77/4 add_ln44_16/4 "/>
</bind>
</comp>

<comp id="1022" class="1007" name="grp_fu_1022">
<pin_list>
<pin id="1023" dir="0" index="0" bw="16" slack="0"/>
<pin id="1024" dir="0" index="1" bw="4" slack="0"/>
<pin id="1025" dir="0" index="2" bw="20" slack="0"/>
<pin id="1026" dir="1" index="3" bw="21" slack="0"/>
</pin_list>
<bind>
<opcode="muladd(1172) " fcode="muladd"/>
<opset="mul_ln44_30/2 sext_ln44_79/4 add_ln44/4 "/>
</bind>
</comp>

<comp id="1031" class="1005" name="acc_reg_1031">
<pin_list>
<pin id="1032" dir="0" index="0" bw="32" slack="0"/>
<pin id="1033" dir="1" index="1" bw="32" slack="0"/>
</pin_list>
<bind>
<opset="acc "/>
</bind>
</comp>

<comp id="1039" class="1005" name="i_reg_1039">
<pin_list>
<pin id="1040" dir="0" index="0" bw="8" slack="0"/>
<pin id="1041" dir="1" index="1" bw="8" slack="0"/>
</pin_list>
<bind>
<opset="i "/>
</bind>
</comp>

<comp id="1046" class="1005" name="icmp_ln41_reg_1046">
<pin_list>
<pin id="1047" dir="0" index="0" bw="1" slack="3"/>
<pin id="1048" dir="1" index="1" bw="1" slack="2147483647"/>
</pin_list>
<bind>
<opset="icmp_ln41 "/>
</bind>
</comp>

<comp id="1050" class="1005" name="zext_ln40_reg_1050">
<pin_list>
<pin id="1051" dir="0" index="0" bw="64" slack="2"/>
<pin id="1052" dir="1" index="1" bw="64" slack="2"/>
</pin_list>
<bind>
<opset="zext_ln40 "/>
</bind>
</comp>

<comp id="1062" class="1005" name="zext_ln43_reg_1062">
<pin_list>
<pin id="1063" dir="0" index="0" bw="64" slack="2"/>
<pin id="1064" dir="1" index="1" bw="64" slack="2"/>
</pin_list>
<bind>
<opset="zext_ln43 "/>
</bind>
</comp>

<comp id="1074" class="1005" name="compute_controller_bool_bool_unsigned_int_bool_bool_bool_bool_bool_u_572_reg_1074">
<pin_list>
<pin id="1075" dir="0" index="0" bw="10" slack="1"/>
<pin id="1076" dir="1" index="1" bw="10" slack="1"/>
</pin_list>
<bind>
<opset="compute_controller_bool_bool_unsigned_int_bool_bool_bool_bool_bool_u_572 "/>
</bind>
</comp>

<comp id="1079" class="1005" name="compute_controller_bool_bool_unsigned_int_bool_bool_bool_bool_bool_u_573_reg_1079">
<pin_list>
<pin id="1080" dir="0" index="0" bw="4" slack="1"/>
<pin id="1081" dir="1" index="1" bw="4" slack="1"/>
</pin_list>
<bind>
<opset="compute_controller_bool_bool_unsigned_int_bool_bool_bool_bool_bool_u_573 "/>
</bind>
</comp>

<comp id="1084" class="1005" name="compute_controller_bool_bool_unsigned_int_bool_bool_bool_bool_bool_u_578_reg_1084">
<pin_list>
<pin id="1085" dir="0" index="0" bw="10" slack="1"/>
<pin id="1086" dir="1" index="1" bw="10" slack="1"/>
</pin_list>
<bind>
<opset="compute_controller_bool_bool_unsigned_int_bool_bool_bool_bool_bool_u_578 "/>
</bind>
</comp>

<comp id="1089" class="1005" name="compute_controller_bool_bool_unsigned_int_bool_bool_bool_bool_bool_u_579_reg_1089">
<pin_list>
<pin id="1090" dir="0" index="0" bw="4" slack="1"/>
<pin id="1091" dir="1" index="1" bw="4" slack="1"/>
</pin_list>
<bind>
<opset="compute_controller_bool_bool_unsigned_int_bool_bool_bool_bool_bool_u_579 "/>
</bind>
</comp>

<comp id="1094" class="1005" name="compute_controller_bool_bool_unsigned_int_bool_bool_bool_bool_bool_u_584_reg_1094">
<pin_list>
<pin id="1095" dir="0" index="0" bw="10" slack="1"/>
<pin id="1096" dir="1" index="1" bw="10" slack="1"/>
</pin_list>
<bind>
<opset="compute_controller_bool_bool_unsigned_int_bool_bool_bool_bool_bool_u_584 "/>
</bind>
</comp>

<comp id="1099" class="1005" name="compute_controller_bool_bool_unsigned_int_bool_bool_bool_bool_bool_u_585_reg_1099">
<pin_list>
<pin id="1100" dir="0" index="0" bw="4" slack="1"/>
<pin id="1101" dir="1" index="1" bw="4" slack="1"/>
</pin_list>
<bind>
<opset="compute_controller_bool_bool_unsigned_int_bool_bool_bool_bool_bool_u_585 "/>
</bind>
</comp>

<comp id="1104" class="1005" name="compute_controller_bool_bool_unsigned_int_bool_bool_bool_bool_bool_u_590_reg_1104">
<pin_list>
<pin id="1105" dir="0" index="0" bw="10" slack="1"/>
<pin id="1106" dir="1" index="1" bw="10" slack="1"/>
</pin_list>
<bind>
<opset="compute_controller_bool_bool_unsigned_int_bool_bool_bool_bool_bool_u_590 "/>
</bind>
</comp>

<comp id="1109" class="1005" name="compute_controller_bool_bool_unsigned_int_bool_bool_bool_bool_bool_u_591_reg_1109">
<pin_list>
<pin id="1110" dir="0" index="0" bw="4" slack="1"/>
<pin id="1111" dir="1" index="1" bw="4" slack="1"/>
</pin_list>
<bind>
<opset="compute_controller_bool_bool_unsigned_int_bool_bool_bool_bool_bool_u_591 "/>
</bind>
</comp>

<comp id="1114" class="1005" name="compute_controller_bool_bool_unsigned_int_bool_bool_bool_bool_bool_u_596_reg_1114">
<pin_list>
<pin id="1115" dir="0" index="0" bw="10" slack="1"/>
<pin id="1116" dir="1" index="1" bw="10" slack="1"/>
</pin_list>
<bind>
<opset="compute_controller_bool_bool_unsigned_int_bool_bool_bool_bool_bool_u_596 "/>
</bind>
</comp>

<comp id="1119" class="1005" name="compute_controller_bool_bool_unsigned_int_bool_bool_bool_bool_bool_u_597_reg_1119">
<pin_list>
<pin id="1120" dir="0" index="0" bw="4" slack="1"/>
<pin id="1121" dir="1" index="1" bw="4" slack="1"/>
</pin_list>
<bind>
<opset="compute_controller_bool_bool_unsigned_int_bool_bool_bool_bool_bool_u_597 "/>
</bind>
</comp>

<comp id="1124" class="1005" name="p_ZZ18compute_controllerbbjRbS_bS_S_RjPKhPhR12ComputeStateS0_RhS6_S6_S6_S_S_S_S_E_309_reg_1124">
<pin_list>
<pin id="1125" dir="0" index="0" bw="10" slack="1"/>
<pin id="1126" dir="1" index="1" bw="10" slack="1"/>
</pin_list>
<bind>
<opset="p_ZZ18compute_controllerbbjRbS_bS_S_RjPKhPhR12ComputeStateS0_RhS6_S6_S6_S_S_S_S_E_309 "/>
</bind>
</comp>

<comp id="1129" class="1005" name="p_ZZ18compute_controllerbbjRbS_bS_S_RjPKhPhR12ComputeStateS0_RhS6_S6_S6_S_S_S_S_E_310_reg_1129">
<pin_list>
<pin id="1130" dir="0" index="0" bw="4" slack="1"/>
<pin id="1131" dir="1" index="1" bw="4" slack="1"/>
</pin_list>
<bind>
<opset="p_ZZ18compute_controllerbbjRbS_bS_S_RjPKhPhR12ComputeStateS0_RhS6_S6_S6_S_S_S_S_E_310 "/>
</bind>
</comp>

<comp id="1134" class="1005" name="p_ZZ18compute_controllerbbjRbS_bS_S_RjPKhPhR12ComputeStateS0_RhS6_S6_S6_S_S_S_S_E_315_reg_1134">
<pin_list>
<pin id="1135" dir="0" index="0" bw="10" slack="1"/>
<pin id="1136" dir="1" index="1" bw="10" slack="1"/>
</pin_list>
<bind>
<opset="p_ZZ18compute_controllerbbjRbS_bS_S_RjPKhPhR12ComputeStateS0_RhS6_S6_S6_S_S_S_S_E_315 "/>
</bind>
</comp>

<comp id="1139" class="1005" name="p_ZZ18compute_controllerbbjRbS_bS_S_RjPKhPhR12ComputeStateS0_RhS6_S6_S6_S_S_S_S_E_316_reg_1139">
<pin_list>
<pin id="1140" dir="0" index="0" bw="4" slack="1"/>
<pin id="1141" dir="1" index="1" bw="4" slack="1"/>
</pin_list>
<bind>
<opset="p_ZZ18compute_controllerbbjRbS_bS_S_RjPKhPhR12ComputeStateS0_RhS6_S6_S6_S_S_S_S_E_316 "/>
</bind>
</comp>

<comp id="1144" class="1005" name="p_ZZ18compute_controllerbbjRbS_bS_S_RjPKhPhR12ComputeStateS0_RhS6_S6_S6_S_S_S_S_E_321_reg_1144">
<pin_list>
<pin id="1145" dir="0" index="0" bw="10" slack="1"/>
<pin id="1146" dir="1" index="1" bw="10" slack="1"/>
</pin_list>
<bind>
<opset="p_ZZ18compute_controllerbbjRbS_bS_S_RjPKhPhR12ComputeStateS0_RhS6_S6_S6_S_S_S_S_E_321 "/>
</bind>
</comp>

<comp id="1149" class="1005" name="p_ZZ18compute_controllerbbjRbS_bS_S_RjPKhPhR12ComputeStateS0_RhS6_S6_S6_S_S_S_S_E_322_reg_1149">
<pin_list>
<pin id="1150" dir="0" index="0" bw="4" slack="1"/>
<pin id="1151" dir="1" index="1" bw="4" slack="1"/>
</pin_list>
<bind>
<opset="p_ZZ18compute_controllerbbjRbS_bS_S_RjPKhPhR12ComputeStateS0_RhS6_S6_S6_S_S_S_S_E_322 "/>
</bind>
</comp>

<comp id="1154" class="1005" name="sext_ln44_48_reg_1154">
<pin_list>
<pin id="1155" dir="0" index="0" bw="20" slack="1"/>
<pin id="1156" dir="1" index="1" bw="20" slack="1"/>
</pin_list>
<bind>
<opset="sext_ln44_48 "/>
</bind>
</comp>

<comp id="1159" class="1005" name="sext_ln43_15_reg_1159">
<pin_list>
<pin id="1160" dir="0" index="0" bw="20" slack="1"/>
<pin id="1161" dir="1" index="1" bw="20" slack="1"/>
</pin_list>
<bind>
<opset="sext_ln43_15 "/>
</bind>
</comp>

<comp id="1164" class="1005" name="sext_ln44_50_reg_1164">
<pin_list>
<pin id="1165" dir="0" index="0" bw="20" slack="1"/>
<pin id="1166" dir="1" index="1" bw="20" slack="1"/>
</pin_list>
<bind>
<opset="sext_ln44_50 "/>
</bind>
</comp>

<comp id="1169" class="1005" name="sext_ln43_17_reg_1169">
<pin_list>
<pin id="1170" dir="0" index="0" bw="20" slack="1"/>
<pin id="1171" dir="1" index="1" bw="20" slack="1"/>
</pin_list>
<bind>
<opset="sext_ln43_17 "/>
</bind>
</comp>

<comp id="1174" class="1005" name="sext_ln44_52_reg_1174">
<pin_list>
<pin id="1175" dir="0" index="0" bw="20" slack="1"/>
<pin id="1176" dir="1" index="1" bw="20" slack="1"/>
</pin_list>
<bind>
<opset="sext_ln44_52 "/>
</bind>
</comp>

<comp id="1179" class="1005" name="sext_ln43_19_reg_1179">
<pin_list>
<pin id="1180" dir="0" index="0" bw="20" slack="1"/>
<pin id="1181" dir="1" index="1" bw="20" slack="1"/>
</pin_list>
<bind>
<opset="sext_ln43_19 "/>
</bind>
</comp>

<comp id="1184" class="1005" name="sext_ln44_54_reg_1184">
<pin_list>
<pin id="1185" dir="0" index="0" bw="20" slack="1"/>
<pin id="1186" dir="1" index="1" bw="20" slack="1"/>
</pin_list>
<bind>
<opset="sext_ln44_54 "/>
</bind>
</comp>

<comp id="1189" class="1005" name="sext_ln43_21_reg_1189">
<pin_list>
<pin id="1190" dir="0" index="0" bw="20" slack="1"/>
<pin id="1191" dir="1" index="1" bw="20" slack="1"/>
</pin_list>
<bind>
<opset="sext_ln43_21 "/>
</bind>
</comp>

<comp id="1194" class="1005" name="sext_ln44_56_reg_1194">
<pin_list>
<pin id="1195" dir="0" index="0" bw="20" slack="1"/>
<pin id="1196" dir="1" index="1" bw="20" slack="1"/>
</pin_list>
<bind>
<opset="sext_ln44_56 "/>
</bind>
</comp>

<comp id="1199" class="1005" name="sext_ln43_23_reg_1199">
<pin_list>
<pin id="1200" dir="0" index="0" bw="20" slack="1"/>
<pin id="1201" dir="1" index="1" bw="20" slack="1"/>
</pin_list>
<bind>
<opset="sext_ln43_23 "/>
</bind>
</comp>

<comp id="1204" class="1005" name="sext_ln44_58_reg_1204">
<pin_list>
<pin id="1205" dir="0" index="0" bw="20" slack="1"/>
<pin id="1206" dir="1" index="1" bw="20" slack="1"/>
</pin_list>
<bind>
<opset="sext_ln44_58 "/>
</bind>
</comp>

<comp id="1209" class="1005" name="sext_ln43_25_reg_1209">
<pin_list>
<pin id="1210" dir="0" index="0" bw="20" slack="1"/>
<pin id="1211" dir="1" index="1" bw="20" slack="1"/>
</pin_list>
<bind>
<opset="sext_ln43_25 "/>
</bind>
</comp>

<comp id="1214" class="1005" name="sext_ln44_60_reg_1214">
<pin_list>
<pin id="1215" dir="0" index="0" bw="20" slack="1"/>
<pin id="1216" dir="1" index="1" bw="20" slack="1"/>
</pin_list>
<bind>
<opset="sext_ln44_60 "/>
</bind>
</comp>

<comp id="1219" class="1005" name="sext_ln43_27_reg_1219">
<pin_list>
<pin id="1220" dir="0" index="0" bw="20" slack="1"/>
<pin id="1221" dir="1" index="1" bw="20" slack="1"/>
</pin_list>
<bind>
<opset="sext_ln43_27 "/>
</bind>
</comp>

<comp id="1224" class="1005" name="sext_ln44_62_reg_1224">
<pin_list>
<pin id="1225" dir="0" index="0" bw="20" slack="1"/>
<pin id="1226" dir="1" index="1" bw="20" slack="1"/>
</pin_list>
<bind>
<opset="sext_ln44_62 "/>
</bind>
</comp>

<comp id="1229" class="1005" name="sext_ln44_63_reg_1229">
<pin_list>
<pin id="1230" dir="0" index="0" bw="20" slack="1"/>
<pin id="1231" dir="1" index="1" bw="20" slack="1"/>
</pin_list>
<bind>
<opset="sext_ln44_63 "/>
</bind>
</comp>

<comp id="1234" class="1005" name="compute_controller_bool_bool_unsigned_int_bool_bool_bool_bool_bool_u_569_reg_1234">
<pin_list>
<pin id="1235" dir="0" index="0" bw="10" slack="1"/>
<pin id="1236" dir="1" index="1" bw="10" slack="1"/>
</pin_list>
<bind>
<opset="compute_controller_bool_bool_unsigned_int_bool_bool_bool_bool_bool_u_569 "/>
</bind>
</comp>

<comp id="1239" class="1005" name="compute_controller_bool_bool_unsigned_int_bool_bool_bool_bool_bool_u_570_reg_1239">
<pin_list>
<pin id="1240" dir="0" index="0" bw="4" slack="1"/>
<pin id="1241" dir="1" index="1" bw="4" slack="1"/>
</pin_list>
<bind>
<opset="compute_controller_bool_bool_unsigned_int_bool_bool_bool_bool_bool_u_570 "/>
</bind>
</comp>

<comp id="1244" class="1005" name="compute_controller_bool_bool_unsigned_int_bool_bool_bool_bool_bool_u_575_reg_1244">
<pin_list>
<pin id="1245" dir="0" index="0" bw="10" slack="1"/>
<pin id="1246" dir="1" index="1" bw="10" slack="1"/>
</pin_list>
<bind>
<opset="compute_controller_bool_bool_unsigned_int_bool_bool_bool_bool_bool_u_575 "/>
</bind>
</comp>

<comp id="1249" class="1005" name="compute_controller_bool_bool_unsigned_int_bool_bool_bool_bool_bool_u_576_reg_1249">
<pin_list>
<pin id="1250" dir="0" index="0" bw="4" slack="1"/>
<pin id="1251" dir="1" index="1" bw="4" slack="1"/>
</pin_list>
<bind>
<opset="compute_controller_bool_bool_unsigned_int_bool_bool_bool_bool_bool_u_576 "/>
</bind>
</comp>

<comp id="1254" class="1005" name="compute_controller_bool_bool_unsigned_int_bool_bool_bool_bool_bool_u_581_reg_1254">
<pin_list>
<pin id="1255" dir="0" index="0" bw="10" slack="1"/>
<pin id="1256" dir="1" index="1" bw="10" slack="1"/>
</pin_list>
<bind>
<opset="compute_controller_bool_bool_unsigned_int_bool_bool_bool_bool_bool_u_581 "/>
</bind>
</comp>

<comp id="1259" class="1005" name="compute_controller_bool_bool_unsigned_int_bool_bool_bool_bool_bool_u_582_reg_1259">
<pin_list>
<pin id="1260" dir="0" index="0" bw="4" slack="1"/>
<pin id="1261" dir="1" index="1" bw="4" slack="1"/>
</pin_list>
<bind>
<opset="compute_controller_bool_bool_unsigned_int_bool_bool_bool_bool_bool_u_582 "/>
</bind>
</comp>

<comp id="1264" class="1005" name="compute_controller_bool_bool_unsigned_int_bool_bool_bool_bool_bool_u_587_reg_1264">
<pin_list>
<pin id="1265" dir="0" index="0" bw="10" slack="1"/>
<pin id="1266" dir="1" index="1" bw="10" slack="1"/>
</pin_list>
<bind>
<opset="compute_controller_bool_bool_unsigned_int_bool_bool_bool_bool_bool_u_587 "/>
</bind>
</comp>

<comp id="1269" class="1005" name="compute_controller_bool_bool_unsigned_int_bool_bool_bool_bool_bool_u_588_reg_1269">
<pin_list>
<pin id="1270" dir="0" index="0" bw="4" slack="1"/>
<pin id="1271" dir="1" index="1" bw="4" slack="1"/>
</pin_list>
<bind>
<opset="compute_controller_bool_bool_unsigned_int_bool_bool_bool_bool_bool_u_588 "/>
</bind>
</comp>

<comp id="1274" class="1005" name="compute_controller_bool_bool_unsigned_int_bool_bool_bool_bool_bool_u_593_reg_1274">
<pin_list>
<pin id="1275" dir="0" index="0" bw="10" slack="1"/>
<pin id="1276" dir="1" index="1" bw="10" slack="1"/>
</pin_list>
<bind>
<opset="compute_controller_bool_bool_unsigned_int_bool_bool_bool_bool_bool_u_593 "/>
</bind>
</comp>

<comp id="1279" class="1005" name="compute_controller_bool_bool_unsigned_int_bool_bool_bool_bool_bool_u_594_reg_1279">
<pin_list>
<pin id="1280" dir="0" index="0" bw="4" slack="1"/>
<pin id="1281" dir="1" index="1" bw="4" slack="1"/>
</pin_list>
<bind>
<opset="compute_controller_bool_bool_unsigned_int_bool_bool_bool_bool_bool_u_594 "/>
</bind>
</comp>

<comp id="1284" class="1005" name="p_ZZ18compute_controllerbbjRbS_bS_S_RjPKhPhR12ComputeStateS0_RhS6_S6_S6_S_S_S_S_E_306_reg_1284">
<pin_list>
<pin id="1285" dir="0" index="0" bw="10" slack="1"/>
<pin id="1286" dir="1" index="1" bw="10" slack="1"/>
</pin_list>
<bind>
<opset="p_ZZ18compute_controllerbbjRbS_bS_S_RjPKhPhR12ComputeStateS0_RhS6_S6_S6_S_S_S_S_E_306 "/>
</bind>
</comp>

<comp id="1289" class="1005" name="p_ZZ18compute_controllerbbjRbS_bS_S_RjPKhPhR12ComputeStateS0_RhS6_S6_S6_S_S_S_S_E_307_reg_1289">
<pin_list>
<pin id="1290" dir="0" index="0" bw="4" slack="1"/>
<pin id="1291" dir="1" index="1" bw="4" slack="1"/>
</pin_list>
<bind>
<opset="p_ZZ18compute_controllerbbjRbS_bS_S_RjPKhPhR12ComputeStateS0_RhS6_S6_S6_S_S_S_S_E_307 "/>
</bind>
</comp>

<comp id="1294" class="1005" name="p_ZZ18compute_controllerbbjRbS_bS_S_RjPKhPhR12ComputeStateS0_RhS6_S6_S6_S_S_S_S_E_312_reg_1294">
<pin_list>
<pin id="1295" dir="0" index="0" bw="10" slack="1"/>
<pin id="1296" dir="1" index="1" bw="10" slack="1"/>
</pin_list>
<bind>
<opset="p_ZZ18compute_controllerbbjRbS_bS_S_RjPKhPhR12ComputeStateS0_RhS6_S6_S6_S_S_S_S_E_312 "/>
</bind>
</comp>

<comp id="1299" class="1005" name="p_ZZ18compute_controllerbbjRbS_bS_S_RjPKhPhR12ComputeStateS0_RhS6_S6_S6_S_S_S_S_E_313_reg_1299">
<pin_list>
<pin id="1300" dir="0" index="0" bw="4" slack="1"/>
<pin id="1301" dir="1" index="1" bw="4" slack="1"/>
</pin_list>
<bind>
<opset="p_ZZ18compute_controllerbbjRbS_bS_S_RjPKhPhR12ComputeStateS0_RhS6_S6_S6_S_S_S_S_E_313 "/>
</bind>
</comp>

<comp id="1304" class="1005" name="p_ZZ18compute_controllerbbjRbS_bS_S_RjPKhPhR12ComputeStateS0_RhS6_S6_S6_S_S_S_S_E_318_reg_1304">
<pin_list>
<pin id="1305" dir="0" index="0" bw="10" slack="1"/>
<pin id="1306" dir="1" index="1" bw="10" slack="1"/>
</pin_list>
<bind>
<opset="p_ZZ18compute_controllerbbjRbS_bS_S_RjPKhPhR12ComputeStateS0_RhS6_S6_S6_S_S_S_S_E_318 "/>
</bind>
</comp>

<comp id="1309" class="1005" name="p_ZZ18compute_controllerbbjRbS_bS_S_RjPKhPhR12ComputeStateS0_RhS6_S6_S6_S_S_S_S_E_319_reg_1309">
<pin_list>
<pin id="1310" dir="0" index="0" bw="4" slack="1"/>
<pin id="1311" dir="1" index="1" bw="4" slack="1"/>
</pin_list>
<bind>
<opset="p_ZZ18compute_controllerbbjRbS_bS_S_RjPKhPhR12ComputeStateS0_RhS6_S6_S6_S_S_S_S_E_319 "/>
</bind>
</comp>

<comp id="1314" class="1005" name="sext_ln44_64_reg_1314">
<pin_list>
<pin id="1315" dir="0" index="0" bw="21" slack="1"/>
<pin id="1316" dir="1" index="1" bw="21" slack="1"/>
</pin_list>
<bind>
<opset="sext_ln44_64 "/>
</bind>
</comp>

<comp id="1319" class="1005" name="sext_ln44_66_reg_1319">
<pin_list>
<pin id="1320" dir="0" index="0" bw="21" slack="1"/>
<pin id="1321" dir="1" index="1" bw="21" slack="1"/>
</pin_list>
<bind>
<opset="sext_ln44_66 "/>
</bind>
</comp>

<comp id="1324" class="1005" name="sext_ln44_68_reg_1324">
<pin_list>
<pin id="1325" dir="0" index="0" bw="21" slack="1"/>
<pin id="1326" dir="1" index="1" bw="21" slack="1"/>
</pin_list>
<bind>
<opset="sext_ln44_68 "/>
</bind>
</comp>

<comp id="1329" class="1005" name="sext_ln44_70_reg_1329">
<pin_list>
<pin id="1330" dir="0" index="0" bw="21" slack="1"/>
<pin id="1331" dir="1" index="1" bw="21" slack="1"/>
</pin_list>
<bind>
<opset="sext_ln44_70 "/>
</bind>
</comp>

<comp id="1334" class="1005" name="sext_ln44_72_reg_1334">
<pin_list>
<pin id="1335" dir="0" index="0" bw="21" slack="1"/>
<pin id="1336" dir="1" index="1" bw="21" slack="1"/>
</pin_list>
<bind>
<opset="sext_ln44_72 "/>
</bind>
</comp>

<comp id="1339" class="1005" name="sext_ln44_74_reg_1339">
<pin_list>
<pin id="1340" dir="0" index="0" bw="21" slack="1"/>
<pin id="1341" dir="1" index="1" bw="21" slack="1"/>
</pin_list>
<bind>
<opset="sext_ln44_74 "/>
</bind>
</comp>

<comp id="1344" class="1005" name="sext_ln44_76_reg_1344">
<pin_list>
<pin id="1345" dir="0" index="0" bw="21" slack="1"/>
<pin id="1346" dir="1" index="1" bw="21" slack="1"/>
</pin_list>
<bind>
<opset="sext_ln44_76 "/>
</bind>
</comp>

<comp id="1349" class="1005" name="sext_ln44_78_reg_1349">
<pin_list>
<pin id="1350" dir="0" index="0" bw="21" slack="1"/>
<pin id="1351" dir="1" index="1" bw="21" slack="1"/>
</pin_list>
<bind>
<opset="sext_ln44_78 "/>
</bind>
</comp>

</comp_list>

<net_list>
<net id="117"><net_src comp="70" pin="0"/><net_sink comp="114" pin=0"/></net>

<net id="121"><net_src comp="70" pin="0"/><net_sink comp="118" pin=0"/></net>

<net id="126"><net_src comp="72" pin="0"/><net_sink comp="122" pin=0"/></net>

<net id="127"><net_src comp="2" pin="0"/><net_sink comp="122" pin=1"/></net>

<net id="132"><net_src comp="74" pin="0"/><net_sink comp="128" pin=0"/></net>

<net id="133"><net_src comp="0" pin="0"/><net_sink comp="128" pin=1"/></net>

<net id="139"><net_src comp="112" pin="0"/><net_sink comp="134" pin=0"/></net>

<net id="140"><net_src comp="4" pin="0"/><net_sink comp="134" pin=1"/></net>

<net id="146"><net_src comp="10" pin="0"/><net_sink comp="141" pin=0"/></net>

<net id="147"><net_src comp="92" pin="0"/><net_sink comp="141" pin=1"/></net>

<net id="153"><net_src comp="141" pin="3"/><net_sink comp="148" pin=0"/></net>

<net id="159"><net_src comp="12" pin="0"/><net_sink comp="154" pin=0"/></net>

<net id="160"><net_src comp="92" pin="0"/><net_sink comp="154" pin=1"/></net>

<net id="166"><net_src comp="154" pin="3"/><net_sink comp="161" pin=0"/></net>

<net id="172"><net_src comp="18" pin="0"/><net_sink comp="167" pin=0"/></net>

<net id="173"><net_src comp="92" pin="0"/><net_sink comp="167" pin=1"/></net>

<net id="179"><net_src comp="167" pin="3"/><net_sink comp="174" pin=0"/></net>

<net id="185"><net_src comp="20" pin="0"/><net_sink comp="180" pin=0"/></net>

<net id="186"><net_src comp="92" pin="0"/><net_sink comp="180" pin=1"/></net>

<net id="192"><net_src comp="180" pin="3"/><net_sink comp="187" pin=0"/></net>

<net id="198"><net_src comp="26" pin="0"/><net_sink comp="193" pin=0"/></net>

<net id="199"><net_src comp="92" pin="0"/><net_sink comp="193" pin=1"/></net>

<net id="205"><net_src comp="193" pin="3"/><net_sink comp="200" pin=0"/></net>

<net id="211"><net_src comp="28" pin="0"/><net_sink comp="206" pin=0"/></net>

<net id="212"><net_src comp="92" pin="0"/><net_sink comp="206" pin=1"/></net>

<net id="218"><net_src comp="206" pin="3"/><net_sink comp="213" pin=0"/></net>

<net id="224"><net_src comp="34" pin="0"/><net_sink comp="219" pin=0"/></net>

<net id="225"><net_src comp="92" pin="0"/><net_sink comp="219" pin=1"/></net>

<net id="231"><net_src comp="219" pin="3"/><net_sink comp="226" pin=0"/></net>

<net id="237"><net_src comp="36" pin="0"/><net_sink comp="232" pin=0"/></net>

<net id="238"><net_src comp="92" pin="0"/><net_sink comp="232" pin=1"/></net>

<net id="244"><net_src comp="232" pin="3"/><net_sink comp="239" pin=0"/></net>

<net id="250"><net_src comp="42" pin="0"/><net_sink comp="245" pin=0"/></net>

<net id="251"><net_src comp="92" pin="0"/><net_sink comp="245" pin=1"/></net>

<net id="257"><net_src comp="245" pin="3"/><net_sink comp="252" pin=0"/></net>

<net id="263"><net_src comp="44" pin="0"/><net_sink comp="258" pin=0"/></net>

<net id="264"><net_src comp="92" pin="0"/><net_sink comp="258" pin=1"/></net>

<net id="270"><net_src comp="258" pin="3"/><net_sink comp="265" pin=0"/></net>

<net id="276"><net_src comp="50" pin="0"/><net_sink comp="271" pin=0"/></net>

<net id="277"><net_src comp="92" pin="0"/><net_sink comp="271" pin=1"/></net>

<net id="283"><net_src comp="271" pin="3"/><net_sink comp="278" pin=0"/></net>

<net id="289"><net_src comp="52" pin="0"/><net_sink comp="284" pin=0"/></net>

<net id="290"><net_src comp="92" pin="0"/><net_sink comp="284" pin=1"/></net>

<net id="296"><net_src comp="284" pin="3"/><net_sink comp="291" pin=0"/></net>

<net id="302"><net_src comp="58" pin="0"/><net_sink comp="297" pin=0"/></net>

<net id="303"><net_src comp="92" pin="0"/><net_sink comp="297" pin=1"/></net>

<net id="309"><net_src comp="297" pin="3"/><net_sink comp="304" pin=0"/></net>

<net id="315"><net_src comp="60" pin="0"/><net_sink comp="310" pin=0"/></net>

<net id="316"><net_src comp="92" pin="0"/><net_sink comp="310" pin=1"/></net>

<net id="322"><net_src comp="310" pin="3"/><net_sink comp="317" pin=0"/></net>

<net id="328"><net_src comp="66" pin="0"/><net_sink comp="323" pin=0"/></net>

<net id="329"><net_src comp="92" pin="0"/><net_sink comp="323" pin=1"/></net>

<net id="335"><net_src comp="323" pin="3"/><net_sink comp="330" pin=0"/></net>

<net id="341"><net_src comp="68" pin="0"/><net_sink comp="336" pin=0"/></net>

<net id="342"><net_src comp="92" pin="0"/><net_sink comp="336" pin=1"/></net>

<net id="348"><net_src comp="336" pin="3"/><net_sink comp="343" pin=0"/></net>

<net id="354"><net_src comp="6" pin="0"/><net_sink comp="349" pin=0"/></net>

<net id="355"><net_src comp="92" pin="0"/><net_sink comp="349" pin=1"/></net>

<net id="361"><net_src comp="349" pin="3"/><net_sink comp="356" pin=0"/></net>

<net id="367"><net_src comp="8" pin="0"/><net_sink comp="362" pin=0"/></net>

<net id="368"><net_src comp="92" pin="0"/><net_sink comp="362" pin=1"/></net>

<net id="374"><net_src comp="362" pin="3"/><net_sink comp="369" pin=0"/></net>

<net id="380"><net_src comp="14" pin="0"/><net_sink comp="375" pin=0"/></net>

<net id="381"><net_src comp="92" pin="0"/><net_sink comp="375" pin=1"/></net>

<net id="387"><net_src comp="375" pin="3"/><net_sink comp="382" pin=0"/></net>

<net id="393"><net_src comp="16" pin="0"/><net_sink comp="388" pin=0"/></net>

<net id="394"><net_src comp="92" pin="0"/><net_sink comp="388" pin=1"/></net>

<net id="400"><net_src comp="388" pin="3"/><net_sink comp="395" pin=0"/></net>

<net id="406"><net_src comp="22" pin="0"/><net_sink comp="401" pin=0"/></net>

<net id="407"><net_src comp="92" pin="0"/><net_sink comp="401" pin=1"/></net>

<net id="413"><net_src comp="401" pin="3"/><net_sink comp="408" pin=0"/></net>

<net id="419"><net_src comp="24" pin="0"/><net_sink comp="414" pin=0"/></net>

<net id="420"><net_src comp="92" pin="0"/><net_sink comp="414" pin=1"/></net>

<net id="426"><net_src comp="414" pin="3"/><net_sink comp="421" pin=0"/></net>

<net id="432"><net_src comp="30" pin="0"/><net_sink comp="427" pin=0"/></net>

<net id="433"><net_src comp="92" pin="0"/><net_sink comp="427" pin=1"/></net>

<net id="439"><net_src comp="427" pin="3"/><net_sink comp="434" pin=0"/></net>

<net id="445"><net_src comp="32" pin="0"/><net_sink comp="440" pin=0"/></net>

<net id="446"><net_src comp="92" pin="0"/><net_sink comp="440" pin=1"/></net>

<net id="452"><net_src comp="440" pin="3"/><net_sink comp="447" pin=0"/></net>

<net id="458"><net_src comp="38" pin="0"/><net_sink comp="453" pin=0"/></net>

<net id="459"><net_src comp="92" pin="0"/><net_sink comp="453" pin=1"/></net>

<net id="465"><net_src comp="453" pin="3"/><net_sink comp="460" pin=0"/></net>

<net id="471"><net_src comp="40" pin="0"/><net_sink comp="466" pin=0"/></net>

<net id="472"><net_src comp="92" pin="0"/><net_sink comp="466" pin=1"/></net>

<net id="478"><net_src comp="466" pin="3"/><net_sink comp="473" pin=0"/></net>

<net id="484"><net_src comp="46" pin="0"/><net_sink comp="479" pin=0"/></net>

<net id="485"><net_src comp="92" pin="0"/><net_sink comp="479" pin=1"/></net>

<net id="491"><net_src comp="479" pin="3"/><net_sink comp="486" pin=0"/></net>

<net id="497"><net_src comp="48" pin="0"/><net_sink comp="492" pin=0"/></net>

<net id="498"><net_src comp="92" pin="0"/><net_sink comp="492" pin=1"/></net>

<net id="504"><net_src comp="492" pin="3"/><net_sink comp="499" pin=0"/></net>

<net id="510"><net_src comp="54" pin="0"/><net_sink comp="505" pin=0"/></net>

<net id="511"><net_src comp="92" pin="0"/><net_sink comp="505" pin=1"/></net>

<net id="517"><net_src comp="505" pin="3"/><net_sink comp="512" pin=0"/></net>

<net id="523"><net_src comp="56" pin="0"/><net_sink comp="518" pin=0"/></net>

<net id="524"><net_src comp="92" pin="0"/><net_sink comp="518" pin=1"/></net>

<net id="530"><net_src comp="518" pin="3"/><net_sink comp="525" pin=0"/></net>

<net id="536"><net_src comp="62" pin="0"/><net_sink comp="531" pin=0"/></net>

<net id="537"><net_src comp="92" pin="0"/><net_sink comp="531" pin=1"/></net>

<net id="543"><net_src comp="531" pin="3"/><net_sink comp="538" pin=0"/></net>

<net id="549"><net_src comp="64" pin="0"/><net_sink comp="544" pin=0"/></net>

<net id="550"><net_src comp="92" pin="0"/><net_sink comp="544" pin=1"/></net>

<net id="556"><net_src comp="544" pin="3"/><net_sink comp="551" pin=0"/></net>

<net id="561"><net_src comp="76" pin="0"/><net_sink comp="557" pin=0"/></net>

<net id="566"><net_src comp="128" pin="2"/><net_sink comp="562" pin=0"/></net>

<net id="574"><net_src comp="567" pin="1"/><net_sink comp="570" pin=0"/></net>

<net id="575"><net_src comp="78" pin="0"/><net_sink comp="570" pin=1"/></net>

<net id="582"><net_src comp="80" pin="0"/><net_sink comp="576" pin=0"/></net>

<net id="583"><net_src comp="567" pin="1"/><net_sink comp="576" pin=1"/></net>

<net id="584"><net_src comp="82" pin="0"/><net_sink comp="576" pin=2"/></net>

<net id="585"><net_src comp="84" pin="0"/><net_sink comp="576" pin=3"/></net>

<net id="589"><net_src comp="576" pin="4"/><net_sink comp="586" pin=0"/></net>

<net id="590"><net_src comp="586" pin="1"/><net_sink comp="154" pin=2"/></net>

<net id="591"><net_src comp="586" pin="1"/><net_sink comp="180" pin=2"/></net>

<net id="592"><net_src comp="586" pin="1"/><net_sink comp="206" pin=2"/></net>

<net id="593"><net_src comp="586" pin="1"/><net_sink comp="232" pin=2"/></net>

<net id="594"><net_src comp="586" pin="1"/><net_sink comp="258" pin=2"/></net>

<net id="595"><net_src comp="586" pin="1"/><net_sink comp="284" pin=2"/></net>

<net id="596"><net_src comp="586" pin="1"/><net_sink comp="310" pin=2"/></net>

<net id="597"><net_src comp="586" pin="1"/><net_sink comp="336" pin=2"/></net>

<net id="604"><net_src comp="86" pin="0"/><net_sink comp="598" pin=0"/></net>

<net id="605"><net_src comp="122" pin="2"/><net_sink comp="598" pin=1"/></net>

<net id="606"><net_src comp="82" pin="0"/><net_sink comp="598" pin=2"/></net>

<net id="607"><net_src comp="88" pin="0"/><net_sink comp="598" pin=3"/></net>

<net id="613"><net_src comp="90" pin="0"/><net_sink comp="608" pin=0"/></net>

<net id="614"><net_src comp="598" pin="4"/><net_sink comp="608" pin=1"/></net>

<net id="615"><net_src comp="576" pin="4"/><net_sink comp="608" pin=2"/></net>

<net id="619"><net_src comp="608" pin="3"/><net_sink comp="616" pin=0"/></net>

<net id="620"><net_src comp="616" pin="1"/><net_sink comp="141" pin=2"/></net>

<net id="621"><net_src comp="616" pin="1"/><net_sink comp="167" pin=2"/></net>

<net id="622"><net_src comp="616" pin="1"/><net_sink comp="193" pin=2"/></net>

<net id="623"><net_src comp="616" pin="1"/><net_sink comp="219" pin=2"/></net>

<net id="624"><net_src comp="616" pin="1"/><net_sink comp="245" pin=2"/></net>

<net id="625"><net_src comp="616" pin="1"/><net_sink comp="271" pin=2"/></net>

<net id="626"><net_src comp="616" pin="1"/><net_sink comp="297" pin=2"/></net>

<net id="627"><net_src comp="616" pin="1"/><net_sink comp="323" pin=2"/></net>

<net id="632"><net_src comp="567" pin="1"/><net_sink comp="628" pin=0"/></net>

<net id="633"><net_src comp="94" pin="0"/><net_sink comp="628" pin=1"/></net>

<net id="638"><net_src comp="628" pin="2"/><net_sink comp="634" pin=0"/></net>

<net id="642"><net_src comp="161" pin="3"/><net_sink comp="639" pin=0"/></net>

<net id="646"><net_src comp="148" pin="3"/><net_sink comp="643" pin=0"/></net>

<net id="650"><net_src comp="187" pin="3"/><net_sink comp="647" pin=0"/></net>

<net id="654"><net_src comp="174" pin="3"/><net_sink comp="651" pin=0"/></net>

<net id="658"><net_src comp="213" pin="3"/><net_sink comp="655" pin=0"/></net>

<net id="662"><net_src comp="200" pin="3"/><net_sink comp="659" pin=0"/></net>

<net id="666"><net_src comp="239" pin="3"/><net_sink comp="663" pin=0"/></net>

<net id="670"><net_src comp="226" pin="3"/><net_sink comp="667" pin=0"/></net>

<net id="674"><net_src comp="265" pin="3"/><net_sink comp="671" pin=0"/></net>

<net id="678"><net_src comp="252" pin="3"/><net_sink comp="675" pin=0"/></net>

<net id="682"><net_src comp="291" pin="3"/><net_sink comp="679" pin=0"/></net>

<net id="686"><net_src comp="278" pin="3"/><net_sink comp="683" pin=0"/></net>

<net id="690"><net_src comp="317" pin="3"/><net_sink comp="687" pin=0"/></net>

<net id="694"><net_src comp="304" pin="3"/><net_sink comp="691" pin=0"/></net>

<net id="698"><net_src comp="343" pin="3"/><net_sink comp="695" pin=0"/></net>

<net id="702"><net_src comp="330" pin="3"/><net_sink comp="699" pin=0"/></net>

<net id="706"><net_src comp="369" pin="3"/><net_sink comp="703" pin=0"/></net>

<net id="710"><net_src comp="356" pin="3"/><net_sink comp="707" pin=0"/></net>

<net id="714"><net_src comp="395" pin="3"/><net_sink comp="711" pin=0"/></net>

<net id="718"><net_src comp="382" pin="3"/><net_sink comp="715" pin=0"/></net>

<net id="722"><net_src comp="421" pin="3"/><net_sink comp="719" pin=0"/></net>

<net id="726"><net_src comp="408" pin="3"/><net_sink comp="723" pin=0"/></net>

<net id="730"><net_src comp="447" pin="3"/><net_sink comp="727" pin=0"/></net>

<net id="734"><net_src comp="434" pin="3"/><net_sink comp="731" pin=0"/></net>

<net id="738"><net_src comp="473" pin="3"/><net_sink comp="735" pin=0"/></net>

<net id="742"><net_src comp="460" pin="3"/><net_sink comp="739" pin=0"/></net>

<net id="746"><net_src comp="499" pin="3"/><net_sink comp="743" pin=0"/></net>

<net id="750"><net_src comp="486" pin="3"/><net_sink comp="747" pin=0"/></net>

<net id="754"><net_src comp="525" pin="3"/><net_sink comp="751" pin=0"/></net>

<net id="758"><net_src comp="512" pin="3"/><net_sink comp="755" pin=0"/></net>

<net id="762"><net_src comp="551" pin="3"/><net_sink comp="759" pin=0"/></net>

<net id="766"><net_src comp="538" pin="3"/><net_sink comp="763" pin=0"/></net>

<net id="771"><net_src comp="703" pin="1"/><net_sink comp="767" pin=0"/></net>

<net id="772"><net_src comp="707" pin="1"/><net_sink comp="767" pin=1"/></net>

<net id="776"><net_src comp="767" pin="2"/><net_sink comp="773" pin=0"/></net>

<net id="781"><net_src comp="759" pin="1"/><net_sink comp="777" pin=0"/></net>

<net id="782"><net_src comp="763" pin="1"/><net_sink comp="777" pin=1"/></net>

<net id="786"><net_src comp="777" pin="2"/><net_sink comp="783" pin=0"/></net>

<net id="791"><net_src comp="751" pin="1"/><net_sink comp="787" pin=0"/></net>

<net id="792"><net_src comp="755" pin="1"/><net_sink comp="787" pin=1"/></net>

<net id="796"><net_src comp="787" pin="2"/><net_sink comp="793" pin=0"/></net>

<net id="801"><net_src comp="743" pin="1"/><net_sink comp="797" pin=0"/></net>

<net id="802"><net_src comp="747" pin="1"/><net_sink comp="797" pin=1"/></net>

<net id="806"><net_src comp="797" pin="2"/><net_sink comp="803" pin=0"/></net>

<net id="811"><net_src comp="735" pin="1"/><net_sink comp="807" pin=0"/></net>

<net id="812"><net_src comp="739" pin="1"/><net_sink comp="807" pin=1"/></net>

<net id="816"><net_src comp="807" pin="2"/><net_sink comp="813" pin=0"/></net>

<net id="821"><net_src comp="727" pin="1"/><net_sink comp="817" pin=0"/></net>

<net id="822"><net_src comp="731" pin="1"/><net_sink comp="817" pin=1"/></net>

<net id="826"><net_src comp="817" pin="2"/><net_sink comp="823" pin=0"/></net>

<net id="831"><net_src comp="719" pin="1"/><net_sink comp="827" pin=0"/></net>

<net id="832"><net_src comp="723" pin="1"/><net_sink comp="827" pin=1"/></net>

<net id="836"><net_src comp="827" pin="2"/><net_sink comp="833" pin=0"/></net>

<net id="841"><net_src comp="711" pin="1"/><net_sink comp="837" pin=0"/></net>

<net id="842"><net_src comp="715" pin="1"/><net_sink comp="837" pin=1"/></net>

<net id="846"><net_src comp="837" pin="2"/><net_sink comp="843" pin=0"/></net>

<net id="860"><net_src comp="853" pin="1"/><net_sink comp="856" pin=0"/></net>

<net id="861"><net_src comp="850" pin="1"/><net_sink comp="856" pin=1"/></net>

<net id="865"><net_src comp="856" pin="2"/><net_sink comp="862" pin=0"/></net>

<net id="876"><net_src comp="869" pin="1"/><net_sink comp="872" pin=0"/></net>

<net id="877"><net_src comp="866" pin="1"/><net_sink comp="872" pin=1"/></net>

<net id="881"><net_src comp="872" pin="2"/><net_sink comp="878" pin=0"/></net>

<net id="886"><net_src comp="878" pin="1"/><net_sink comp="882" pin=0"/></net>

<net id="887"><net_src comp="862" pin="1"/><net_sink comp="882" pin=1"/></net>

<net id="891"><net_src comp="882" pin="2"/><net_sink comp="888" pin=0"/></net>

<net id="902"><net_src comp="895" pin="1"/><net_sink comp="898" pin=0"/></net>

<net id="903"><net_src comp="892" pin="1"/><net_sink comp="898" pin=1"/></net>

<net id="907"><net_src comp="898" pin="2"/><net_sink comp="904" pin=0"/></net>

<net id="918"><net_src comp="911" pin="1"/><net_sink comp="914" pin=0"/></net>

<net id="919"><net_src comp="908" pin="1"/><net_sink comp="914" pin=1"/></net>

<net id="923"><net_src comp="914" pin="2"/><net_sink comp="920" pin=0"/></net>

<net id="928"><net_src comp="920" pin="1"/><net_sink comp="924" pin=0"/></net>

<net id="929"><net_src comp="904" pin="1"/><net_sink comp="924" pin=1"/></net>

<net id="933"><net_src comp="924" pin="2"/><net_sink comp="930" pin=0"/></net>

<net id="938"><net_src comp="930" pin="1"/><net_sink comp="934" pin=0"/></net>

<net id="939"><net_src comp="888" pin="1"/><net_sink comp="934" pin=1"/></net>

<net id="943"><net_src comp="934" pin="2"/><net_sink comp="940" pin=0"/></net>

<net id="948"><net_src comp="847" pin="1"/><net_sink comp="944" pin=0"/></net>

<net id="949"><net_src comp="940" pin="1"/><net_sink comp="944" pin=1"/></net>

<net id="954"><net_src comp="944" pin="2"/><net_sink comp="950" pin=0"/></net>

<net id="958"><net_src comp="955" pin="1"/><net_sink comp="134" pin=2"/></net>

<net id="964"><net_src comp="695" pin="1"/><net_sink comp="959" pin=0"/></net>

<net id="965"><net_src comp="699" pin="1"/><net_sink comp="959" pin=1"/></net>

<net id="966"><net_src comp="783" pin="1"/><net_sink comp="959" pin=2"/></net>

<net id="967"><net_src comp="959" pin="3"/><net_sink comp="911" pin=0"/></net>

<net id="973"><net_src comp="687" pin="1"/><net_sink comp="968" pin=0"/></net>

<net id="974"><net_src comp="691" pin="1"/><net_sink comp="968" pin=1"/></net>

<net id="975"><net_src comp="793" pin="1"/><net_sink comp="968" pin=2"/></net>

<net id="976"><net_src comp="968" pin="3"/><net_sink comp="908" pin=0"/></net>

<net id="982"><net_src comp="679" pin="1"/><net_sink comp="977" pin=0"/></net>

<net id="983"><net_src comp="683" pin="1"/><net_sink comp="977" pin=1"/></net>

<net id="984"><net_src comp="803" pin="1"/><net_sink comp="977" pin=2"/></net>

<net id="985"><net_src comp="977" pin="3"/><net_sink comp="895" pin=0"/></net>

<net id="991"><net_src comp="671" pin="1"/><net_sink comp="986" pin=0"/></net>

<net id="992"><net_src comp="675" pin="1"/><net_sink comp="986" pin=1"/></net>

<net id="993"><net_src comp="813" pin="1"/><net_sink comp="986" pin=2"/></net>

<net id="994"><net_src comp="986" pin="3"/><net_sink comp="892" pin=0"/></net>

<net id="1000"><net_src comp="663" pin="1"/><net_sink comp="995" pin=0"/></net>

<net id="1001"><net_src comp="667" pin="1"/><net_sink comp="995" pin=1"/></net>

<net id="1002"><net_src comp="823" pin="1"/><net_sink comp="995" pin=2"/></net>

<net id="1003"><net_src comp="995" pin="3"/><net_sink comp="869" pin=0"/></net>

<net id="1009"><net_src comp="655" pin="1"/><net_sink comp="1004" pin=0"/></net>

<net id="1010"><net_src comp="659" pin="1"/><net_sink comp="1004" pin=1"/></net>

<net id="1011"><net_src comp="833" pin="1"/><net_sink comp="1004" pin=2"/></net>

<net id="1012"><net_src comp="1004" pin="3"/><net_sink comp="866" pin=0"/></net>

<net id="1018"><net_src comp="647" pin="1"/><net_sink comp="1013" pin=0"/></net>

<net id="1019"><net_src comp="651" pin="1"/><net_sink comp="1013" pin=1"/></net>

<net id="1020"><net_src comp="843" pin="1"/><net_sink comp="1013" pin=2"/></net>

<net id="1021"><net_src comp="1013" pin="3"/><net_sink comp="853" pin=0"/></net>

<net id="1027"><net_src comp="639" pin="1"/><net_sink comp="1022" pin=0"/></net>

<net id="1028"><net_src comp="643" pin="1"/><net_sink comp="1022" pin=1"/></net>

<net id="1029"><net_src comp="773" pin="1"/><net_sink comp="1022" pin=2"/></net>

<net id="1030"><net_src comp="1022" pin="3"/><net_sink comp="850" pin=0"/></net>

<net id="1034"><net_src comp="114" pin="1"/><net_sink comp="1031" pin=0"/></net>

<net id="1035"><net_src comp="1031" pin="1"/><net_sink comp="562" pin=1"/></net>

<net id="1036"><net_src comp="1031" pin="1"/><net_sink comp="847" pin=0"/></net>

<net id="1037"><net_src comp="1031" pin="1"/><net_sink comp="950" pin=1"/></net>

<net id="1038"><net_src comp="1031" pin="1"/><net_sink comp="955" pin=0"/></net>

<net id="1042"><net_src comp="118" pin="1"/><net_sink comp="1039" pin=0"/></net>

<net id="1043"><net_src comp="1039" pin="1"/><net_sink comp="557" pin=1"/></net>

<net id="1044"><net_src comp="1039" pin="1"/><net_sink comp="567" pin=0"/></net>

<net id="1045"><net_src comp="1039" pin="1"/><net_sink comp="634" pin=1"/></net>

<net id="1049"><net_src comp="570" pin="2"/><net_sink comp="1046" pin=0"/></net>

<net id="1053"><net_src comp="586" pin="1"/><net_sink comp="1050" pin=0"/></net>

<net id="1054"><net_src comp="1050" pin="1"/><net_sink comp="362" pin=2"/></net>

<net id="1055"><net_src comp="1050" pin="1"/><net_sink comp="388" pin=2"/></net>

<net id="1056"><net_src comp="1050" pin="1"/><net_sink comp="414" pin=2"/></net>

<net id="1057"><net_src comp="1050" pin="1"/><net_sink comp="440" pin=2"/></net>

<net id="1058"><net_src comp="1050" pin="1"/><net_sink comp="466" pin=2"/></net>

<net id="1059"><net_src comp="1050" pin="1"/><net_sink comp="492" pin=2"/></net>

<net id="1060"><net_src comp="1050" pin="1"/><net_sink comp="518" pin=2"/></net>

<net id="1061"><net_src comp="1050" pin="1"/><net_sink comp="544" pin=2"/></net>

<net id="1065"><net_src comp="616" pin="1"/><net_sink comp="1062" pin=0"/></net>

<net id="1066"><net_src comp="1062" pin="1"/><net_sink comp="349" pin=2"/></net>

<net id="1067"><net_src comp="1062" pin="1"/><net_sink comp="375" pin=2"/></net>

<net id="1068"><net_src comp="1062" pin="1"/><net_sink comp="401" pin=2"/></net>

<net id="1069"><net_src comp="1062" pin="1"/><net_sink comp="427" pin=2"/></net>

<net id="1070"><net_src comp="1062" pin="1"/><net_sink comp="453" pin=2"/></net>

<net id="1071"><net_src comp="1062" pin="1"/><net_sink comp="479" pin=2"/></net>

<net id="1072"><net_src comp="1062" pin="1"/><net_sink comp="505" pin=2"/></net>

<net id="1073"><net_src comp="1062" pin="1"/><net_sink comp="531" pin=2"/></net>

<net id="1077"><net_src comp="141" pin="3"/><net_sink comp="1074" pin=0"/></net>

<net id="1078"><net_src comp="1074" pin="1"/><net_sink comp="148" pin=0"/></net>

<net id="1082"><net_src comp="154" pin="3"/><net_sink comp="1079" pin=0"/></net>

<net id="1083"><net_src comp="1079" pin="1"/><net_sink comp="161" pin=0"/></net>

<net id="1087"><net_src comp="167" pin="3"/><net_sink comp="1084" pin=0"/></net>

<net id="1088"><net_src comp="1084" pin="1"/><net_sink comp="174" pin=0"/></net>

<net id="1092"><net_src comp="180" pin="3"/><net_sink comp="1089" pin=0"/></net>

<net id="1093"><net_src comp="1089" pin="1"/><net_sink comp="187" pin=0"/></net>

<net id="1097"><net_src comp="193" pin="3"/><net_sink comp="1094" pin=0"/></net>

<net id="1098"><net_src comp="1094" pin="1"/><net_sink comp="200" pin=0"/></net>

<net id="1102"><net_src comp="206" pin="3"/><net_sink comp="1099" pin=0"/></net>

<net id="1103"><net_src comp="1099" pin="1"/><net_sink comp="213" pin=0"/></net>

<net id="1107"><net_src comp="219" pin="3"/><net_sink comp="1104" pin=0"/></net>

<net id="1108"><net_src comp="1104" pin="1"/><net_sink comp="226" pin=0"/></net>

<net id="1112"><net_src comp="232" pin="3"/><net_sink comp="1109" pin=0"/></net>

<net id="1113"><net_src comp="1109" pin="1"/><net_sink comp="239" pin=0"/></net>

<net id="1117"><net_src comp="245" pin="3"/><net_sink comp="1114" pin=0"/></net>

<net id="1118"><net_src comp="1114" pin="1"/><net_sink comp="252" pin=0"/></net>

<net id="1122"><net_src comp="258" pin="3"/><net_sink comp="1119" pin=0"/></net>

<net id="1123"><net_src comp="1119" pin="1"/><net_sink comp="265" pin=0"/></net>

<net id="1127"><net_src comp="271" pin="3"/><net_sink comp="1124" pin=0"/></net>

<net id="1128"><net_src comp="1124" pin="1"/><net_sink comp="278" pin=0"/></net>

<net id="1132"><net_src comp="284" pin="3"/><net_sink comp="1129" pin=0"/></net>

<net id="1133"><net_src comp="1129" pin="1"/><net_sink comp="291" pin=0"/></net>

<net id="1137"><net_src comp="297" pin="3"/><net_sink comp="1134" pin=0"/></net>

<net id="1138"><net_src comp="1134" pin="1"/><net_sink comp="304" pin=0"/></net>

<net id="1142"><net_src comp="310" pin="3"/><net_sink comp="1139" pin=0"/></net>

<net id="1143"><net_src comp="1139" pin="1"/><net_sink comp="317" pin=0"/></net>

<net id="1147"><net_src comp="323" pin="3"/><net_sink comp="1144" pin=0"/></net>

<net id="1148"><net_src comp="1144" pin="1"/><net_sink comp="330" pin=0"/></net>

<net id="1152"><net_src comp="336" pin="3"/><net_sink comp="1149" pin=0"/></net>

<net id="1153"><net_src comp="1149" pin="1"/><net_sink comp="343" pin=0"/></net>

<net id="1157"><net_src comp="639" pin="1"/><net_sink comp="1154" pin=0"/></net>

<net id="1158"><net_src comp="1154" pin="1"/><net_sink comp="1022" pin=0"/></net>

<net id="1162"><net_src comp="643" pin="1"/><net_sink comp="1159" pin=0"/></net>

<net id="1163"><net_src comp="1159" pin="1"/><net_sink comp="1022" pin=1"/></net>

<net id="1167"><net_src comp="647" pin="1"/><net_sink comp="1164" pin=0"/></net>

<net id="1168"><net_src comp="1164" pin="1"/><net_sink comp="1013" pin=0"/></net>

<net id="1172"><net_src comp="651" pin="1"/><net_sink comp="1169" pin=0"/></net>

<net id="1173"><net_src comp="1169" pin="1"/><net_sink comp="1013" pin=1"/></net>

<net id="1177"><net_src comp="655" pin="1"/><net_sink comp="1174" pin=0"/></net>

<net id="1178"><net_src comp="1174" pin="1"/><net_sink comp="1004" pin=0"/></net>

<net id="1182"><net_src comp="659" pin="1"/><net_sink comp="1179" pin=0"/></net>

<net id="1183"><net_src comp="1179" pin="1"/><net_sink comp="1004" pin=1"/></net>

<net id="1187"><net_src comp="663" pin="1"/><net_sink comp="1184" pin=0"/></net>

<net id="1188"><net_src comp="1184" pin="1"/><net_sink comp="995" pin=0"/></net>

<net id="1192"><net_src comp="667" pin="1"/><net_sink comp="1189" pin=0"/></net>

<net id="1193"><net_src comp="1189" pin="1"/><net_sink comp="995" pin=1"/></net>

<net id="1197"><net_src comp="671" pin="1"/><net_sink comp="1194" pin=0"/></net>

<net id="1198"><net_src comp="1194" pin="1"/><net_sink comp="986" pin=0"/></net>

<net id="1202"><net_src comp="675" pin="1"/><net_sink comp="1199" pin=0"/></net>

<net id="1203"><net_src comp="1199" pin="1"/><net_sink comp="986" pin=1"/></net>

<net id="1207"><net_src comp="679" pin="1"/><net_sink comp="1204" pin=0"/></net>

<net id="1208"><net_src comp="1204" pin="1"/><net_sink comp="977" pin=0"/></net>

<net id="1212"><net_src comp="683" pin="1"/><net_sink comp="1209" pin=0"/></net>

<net id="1213"><net_src comp="1209" pin="1"/><net_sink comp="977" pin=1"/></net>

<net id="1217"><net_src comp="687" pin="1"/><net_sink comp="1214" pin=0"/></net>

<net id="1218"><net_src comp="1214" pin="1"/><net_sink comp="968" pin=0"/></net>

<net id="1222"><net_src comp="691" pin="1"/><net_sink comp="1219" pin=0"/></net>

<net id="1223"><net_src comp="1219" pin="1"/><net_sink comp="968" pin=1"/></net>

<net id="1227"><net_src comp="695" pin="1"/><net_sink comp="1224" pin=0"/></net>

<net id="1228"><net_src comp="1224" pin="1"/><net_sink comp="959" pin=0"/></net>

<net id="1232"><net_src comp="699" pin="1"/><net_sink comp="1229" pin=0"/></net>

<net id="1233"><net_src comp="1229" pin="1"/><net_sink comp="959" pin=1"/></net>

<net id="1237"><net_src comp="349" pin="3"/><net_sink comp="1234" pin=0"/></net>

<net id="1238"><net_src comp="1234" pin="1"/><net_sink comp="356" pin=0"/></net>

<net id="1242"><net_src comp="362" pin="3"/><net_sink comp="1239" pin=0"/></net>

<net id="1243"><net_src comp="1239" pin="1"/><net_sink comp="369" pin=0"/></net>

<net id="1247"><net_src comp="375" pin="3"/><net_sink comp="1244" pin=0"/></net>

<net id="1248"><net_src comp="1244" pin="1"/><net_sink comp="382" pin=0"/></net>

<net id="1252"><net_src comp="388" pin="3"/><net_sink comp="1249" pin=0"/></net>

<net id="1253"><net_src comp="1249" pin="1"/><net_sink comp="395" pin=0"/></net>

<net id="1257"><net_src comp="401" pin="3"/><net_sink comp="1254" pin=0"/></net>

<net id="1258"><net_src comp="1254" pin="1"/><net_sink comp="408" pin=0"/></net>

<net id="1262"><net_src comp="414" pin="3"/><net_sink comp="1259" pin=0"/></net>

<net id="1263"><net_src comp="1259" pin="1"/><net_sink comp="421" pin=0"/></net>

<net id="1267"><net_src comp="427" pin="3"/><net_sink comp="1264" pin=0"/></net>

<net id="1268"><net_src comp="1264" pin="1"/><net_sink comp="434" pin=0"/></net>

<net id="1272"><net_src comp="440" pin="3"/><net_sink comp="1269" pin=0"/></net>

<net id="1273"><net_src comp="1269" pin="1"/><net_sink comp="447" pin=0"/></net>

<net id="1277"><net_src comp="453" pin="3"/><net_sink comp="1274" pin=0"/></net>

<net id="1278"><net_src comp="1274" pin="1"/><net_sink comp="460" pin=0"/></net>

<net id="1282"><net_src comp="466" pin="3"/><net_sink comp="1279" pin=0"/></net>

<net id="1283"><net_src comp="1279" pin="1"/><net_sink comp="473" pin=0"/></net>

<net id="1287"><net_src comp="479" pin="3"/><net_sink comp="1284" pin=0"/></net>

<net id="1288"><net_src comp="1284" pin="1"/><net_sink comp="486" pin=0"/></net>

<net id="1292"><net_src comp="492" pin="3"/><net_sink comp="1289" pin=0"/></net>

<net id="1293"><net_src comp="1289" pin="1"/><net_sink comp="499" pin=0"/></net>

<net id="1297"><net_src comp="505" pin="3"/><net_sink comp="1294" pin=0"/></net>

<net id="1298"><net_src comp="1294" pin="1"/><net_sink comp="512" pin=0"/></net>

<net id="1302"><net_src comp="518" pin="3"/><net_sink comp="1299" pin=0"/></net>

<net id="1303"><net_src comp="1299" pin="1"/><net_sink comp="525" pin=0"/></net>

<net id="1307"><net_src comp="531" pin="3"/><net_sink comp="1304" pin=0"/></net>

<net id="1308"><net_src comp="1304" pin="1"/><net_sink comp="538" pin=0"/></net>

<net id="1312"><net_src comp="544" pin="3"/><net_sink comp="1309" pin=0"/></net>

<net id="1313"><net_src comp="1309" pin="1"/><net_sink comp="551" pin=0"/></net>

<net id="1317"><net_src comp="773" pin="1"/><net_sink comp="1314" pin=0"/></net>

<net id="1318"><net_src comp="1314" pin="1"/><net_sink comp="1022" pin=0"/></net>

<net id="1322"><net_src comp="783" pin="1"/><net_sink comp="1319" pin=0"/></net>

<net id="1323"><net_src comp="1319" pin="1"/><net_sink comp="959" pin=0"/></net>

<net id="1327"><net_src comp="793" pin="1"/><net_sink comp="1324" pin=0"/></net>

<net id="1328"><net_src comp="1324" pin="1"/><net_sink comp="968" pin=0"/></net>

<net id="1332"><net_src comp="803" pin="1"/><net_sink comp="1329" pin=0"/></net>

<net id="1333"><net_src comp="1329" pin="1"/><net_sink comp="977" pin=0"/></net>

<net id="1337"><net_src comp="813" pin="1"/><net_sink comp="1334" pin=0"/></net>

<net id="1338"><net_src comp="1334" pin="1"/><net_sink comp="986" pin=0"/></net>

<net id="1342"><net_src comp="823" pin="1"/><net_sink comp="1339" pin=0"/></net>

<net id="1343"><net_src comp="1339" pin="1"/><net_sink comp="995" pin=0"/></net>

<net id="1347"><net_src comp="833" pin="1"/><net_sink comp="1344" pin=0"/></net>

<net id="1348"><net_src comp="1344" pin="1"/><net_sink comp="1004" pin=0"/></net>

<net id="1352"><net_src comp="843" pin="1"/><net_sink comp="1349" pin=0"/></net>

<net id="1353"><net_src comp="1349" pin="1"/><net_sink comp="1013" pin=0"/></net>

</net_list>

</model> 
---------------- Datapath Model END ------------------

* FSMD analyzer results:
  - Output states:
	Port: acc_25_out | {4 }
 - Input state : 
	Port: compute_controller_Pipeline_VITIS_LOOP_41_28 : acc_24 | {1 }
	Port: compute_controller_Pipeline_VITIS_LOOP_41_28 : p_udiv1316 | {1 }
	Port: compute_controller_Pipeline_VITIS_LOOP_41_28 : compute_controller_bool_bool_unsigned_int_bool_bool_bool_bool_bool_u_99 | {3 4 }
	Port: compute_controller_Pipeline_VITIS_LOOP_41_28 : compute_controller_bool_bool_unsigned_int_bool_bool_bool_bool_bool_u_59 | {3 4 }
	Port: compute_controller_Pipeline_VITIS_LOOP_41_28 : compute_controller_bool_bool_unsigned_int_bool_bool_bool_bool_bool_u_98 | {1 2 }
	Port: compute_controller_Pipeline_VITIS_LOOP_41_28 : compute_controller_bool_bool_unsigned_int_bool_bool_bool_bool_bool_u_58 | {1 2 }
	Port: compute_controller_Pipeline_VITIS_LOOP_41_28 : compute_controller_bool_bool_unsigned_int_bool_bool_bool_bool_bool_u_97 | {3 4 }
	Port: compute_controller_Pipeline_VITIS_LOOP_41_28 : compute_controller_bool_bool_unsigned_int_bool_bool_bool_bool_bool_u_57 | {3 4 }
	Port: compute_controller_Pipeline_VITIS_LOOP_41_28 : compute_controller_bool_bool_unsigned_int_bool_bool_bool_bool_bool_u_96 | {1 2 }
	Port: compute_controller_Pipeline_VITIS_LOOP_41_28 : compute_controller_bool_bool_unsigned_int_bool_bool_bool_bool_bool_u_56 | {1 2 }
	Port: compute_controller_Pipeline_VITIS_LOOP_41_28 : compute_controller_bool_bool_unsigned_int_bool_bool_bool_bool_bool_u_95 | {3 4 }
	Port: compute_controller_Pipeline_VITIS_LOOP_41_28 : compute_controller_bool_bool_unsigned_int_bool_bool_bool_bool_bool_u_55 | {3 4 }
	Port: compute_controller_Pipeline_VITIS_LOOP_41_28 : compute_controller_bool_bool_unsigned_int_bool_bool_bool_bool_bool_u_94 | {1 2 }
	Port: compute_controller_Pipeline_VITIS_LOOP_41_28 : compute_controller_bool_bool_unsigned_int_bool_bool_bool_bool_bool_u_54 | {1 2 }
	Port: compute_controller_Pipeline_VITIS_LOOP_41_28 : compute_controller_bool_bool_unsigned_int_bool_bool_bool_bool_bool_u_93 | {3 4 }
	Port: compute_controller_Pipeline_VITIS_LOOP_41_28 : compute_controller_bool_bool_unsigned_int_bool_bool_bool_bool_bool_u_53 | {3 4 }
	Port: compute_controller_Pipeline_VITIS_LOOP_41_28 : compute_controller_bool_bool_unsigned_int_bool_bool_bool_bool_bool_u_92 | {1 2 }
	Port: compute_controller_Pipeline_VITIS_LOOP_41_28 : compute_controller_bool_bool_unsigned_int_bool_bool_bool_bool_bool_u_52 | {1 2 }
	Port: compute_controller_Pipeline_VITIS_LOOP_41_28 : compute_controller_bool_bool_unsigned_int_bool_bool_bool_bool_bool_u_91 | {3 4 }
	Port: compute_controller_Pipeline_VITIS_LOOP_41_28 : compute_controller_bool_bool_unsigned_int_bool_bool_bool_bool_bool_u_51 | {3 4 }
	Port: compute_controller_Pipeline_VITIS_LOOP_41_28 : compute_controller_bool_bool_unsigned_int_bool_bool_bool_bool_bool_u_90 | {1 2 }
	Port: compute_controller_Pipeline_VITIS_LOOP_41_28 : compute_controller_bool_bool_unsigned_int_bool_bool_bool_bool_bool_u_50 | {1 2 }
	Port: compute_controller_Pipeline_VITIS_LOOP_41_28 : p_ZZ18compute_controllerbbjRbS_bS_S_RjPKhPhR12ComputeStateS0_RhS6_S6_S6_S_S_S_S_E_29 | {3 4 }
	Port: compute_controller_Pipeline_VITIS_LOOP_41_28 : p_ZZ18compute_controllerbbjRbS_bS_S_RjPKhPhR12ComputeStateS0_RhS6_S6_S6_S_S_S_S_E_23 | {3 4 }
	Port: compute_controller_Pipeline_VITIS_LOOP_41_28 : p_ZZ18compute_controllerbbjRbS_bS_S_RjPKhPhR12ComputeStateS0_RhS6_S6_S6_S_S_S_S_E_28 | {1 2 }
	Port: compute_controller_Pipeline_VITIS_LOOP_41_28 : p_ZZ18compute_controllerbbjRbS_bS_S_RjPKhPhR12ComputeStateS0_RhS6_S6_S6_S_S_S_S_E_22 | {1 2 }
	Port: compute_controller_Pipeline_VITIS_LOOP_41_28 : p_ZZ18compute_controllerbbjRbS_bS_S_RjPKhPhR12ComputeStateS0_RhS6_S6_S6_S_S_S_S_E_27 | {3 4 }
	Port: compute_controller_Pipeline_VITIS_LOOP_41_28 : p_ZZ18compute_controllerbbjRbS_bS_S_RjPKhPhR12ComputeStateS0_RhS6_S6_S6_S_S_S_S_E_21 | {3 4 }
	Port: compute_controller_Pipeline_VITIS_LOOP_41_28 : p_ZZ18compute_controllerbbjRbS_bS_S_RjPKhPhR12ComputeStateS0_RhS6_S6_S6_S_S_S_S_E_26 | {1 2 }
	Port: compute_controller_Pipeline_VITIS_LOOP_41_28 : p_ZZ18compute_controllerbbjRbS_bS_S_RjPKhPhR12ComputeStateS0_RhS6_S6_S6_S_S_S_S_E_20 | {1 2 }
	Port: compute_controller_Pipeline_VITIS_LOOP_41_28 : p_ZZ18compute_controllerbbjRbS_bS_S_RjPKhPhR12ComputeStateS0_RhS6_S6_S6_S_S_S_S_E_25 | {3 4 }
	Port: compute_controller_Pipeline_VITIS_LOOP_41_28 : p_ZZ18compute_controllerbbjRbS_bS_S_RjPKhPhR12ComputeStateS0_RhS6_S6_S6_S_S_S_S_E_19 | {3 4 }
	Port: compute_controller_Pipeline_VITIS_LOOP_41_28 : p_ZZ18compute_controllerbbjRbS_bS_S_RjPKhPhR12ComputeStateS0_RhS6_S6_S6_S_S_S_S_E_24 | {1 2 }
	Port: compute_controller_Pipeline_VITIS_LOOP_41_28 : p_ZZ18compute_controllerbbjRbS_bS_S_RjPKhPhR12ComputeStateS0_RhS6_S6_S6_S_S_S_S_E_18 | {1 2 }
  - Chain level:
	State 1
		store_ln41 : 1
		i_12 : 1
		icmp_ln41 : 2
		br_ln41 : 3
		lshr_ln40_8 : 2
		zext_ln40 : 3
		add_ln43_8 : 3
		zext_ln43 : 4
		compute_controller_bool_bool_unsigned_int_bool_bool_bool_bool_bool_u_572 : 5
		w_16 : 6
		compute_controller_bool_bool_unsigned_int_bool_bool_bool_bool_bool_u_573 : 4
		compute_controller_bool_bool_unsigned_int_bool_bool_bool_bool_bool_u_574 : 5
		compute_controller_bool_bool_unsigned_int_bool_bool_bool_bool_bool_u_578 : 5
		w_18 : 6
		compute_controller_bool_bool_unsigned_int_bool_bool_bool_bool_bool_u_579 : 4
		compute_controller_bool_bool_unsigned_int_bool_bool_bool_bool_bool_u_580 : 5
		compute_controller_bool_bool_unsigned_int_bool_bool_bool_bool_bool_u_584 : 5
		w_20 : 6
		compute_controller_bool_bool_unsigned_int_bool_bool_bool_bool_bool_u_585 : 4
		compute_controller_bool_bool_unsigned_int_bool_bool_bool_bool_bool_u_586 : 5
		compute_controller_bool_bool_unsigned_int_bool_bool_bool_bool_bool_u_590 : 5
		w_22 : 6
		compute_controller_bool_bool_unsigned_int_bool_bool_bool_bool_bool_u_591 : 4
		compute_controller_bool_bool_unsigned_int_bool_bool_bool_bool_bool_u_592 : 5
		compute_controller_bool_bool_unsigned_int_bool_bool_bool_bool_bool_u_596 : 5
		w_24 : 6
		compute_controller_bool_bool_unsigned_int_bool_bool_bool_bool_bool_u_597 : 4
		compute_controller_bool_bool_unsigned_int_bool_bool_bool_bool_bool_u_598 : 5
		p_ZZ18compute_controllerbbjRbS_bS_S_RjPKhPhR12ComputeStateS0_RhS6_S6_S6_S_S_S_S_E_309 : 5
		w_26 : 6
		p_ZZ18compute_controllerbbjRbS_bS_S_RjPKhPhR12ComputeStateS0_RhS6_S6_S6_S_S_S_S_E_310 : 4
		p_ZZ18compute_controllerbbjRbS_bS_S_RjPKhPhR12ComputeStateS0_RhS6_S6_S6_S_S_S_S_E_311 : 5
		p_ZZ18compute_controllerbbjRbS_bS_S_RjPKhPhR12ComputeStateS0_RhS6_S6_S6_S_S_S_S_E_315 : 5
		w_28 : 6
		p_ZZ18compute_controllerbbjRbS_bS_S_RjPKhPhR12ComputeStateS0_RhS6_S6_S6_S_S_S_S_E_316 : 4
		p_ZZ18compute_controllerbbjRbS_bS_S_RjPKhPhR12ComputeStateS0_RhS6_S6_S6_S_S_S_S_E_317 : 5
		p_ZZ18compute_controllerbbjRbS_bS_S_RjPKhPhR12ComputeStateS0_RhS6_S6_S6_S_S_S_S_E_321 : 5
		w_30 : 6
		p_ZZ18compute_controllerbbjRbS_bS_S_RjPKhPhR12ComputeStateS0_RhS6_S6_S6_S_S_S_S_E_322 : 4
		p_ZZ18compute_controllerbbjRbS_bS_S_RjPKhPhR12ComputeStateS0_RhS6_S6_S6_S_S_S_S_E_323 : 5
		add_ln41 : 2
		store_ln41 : 3
	State 2
		sext_ln44_48 : 1
		sext_ln43_15 : 1
		sext_ln44_50 : 1
		sext_ln43_17 : 1
		sext_ln44_52 : 1
		sext_ln43_19 : 1
		sext_ln44_54 : 1
		sext_ln43_21 : 1
		sext_ln44_56 : 1
		sext_ln43_23 : 1
		sext_ln44_58 : 1
		sext_ln43_25 : 1
		sext_ln44_60 : 1
		sext_ln43_27 : 1
		sext_ln44_62 : 1
		sext_ln44_63 : 1
		mul_ln44_16 : 2
		mul_ln44_18 : 2
		mul_ln44_20 : 2
		mul_ln44_22 : 2
		mul_ln44_24 : 2
		mul_ln44_26 : 2
		mul_ln44_28 : 2
		mul_ln44_30 : 2
	State 3
		w : 1
		compute_controller_bool_bool_unsigned_int_bool_bool_bool_bool_bool_u_571 : 1
		w_17 : 1
		compute_controller_bool_bool_unsigned_int_bool_bool_bool_bool_bool_u_577 : 1
		w_19 : 1
		compute_controller_bool_bool_unsigned_int_bool_bool_bool_bool_bool_u_583 : 1
		w_21 : 1
		compute_controller_bool_bool_unsigned_int_bool_bool_bool_bool_bool_u_589 : 1
		w_23 : 1
		compute_controller_bool_bool_unsigned_int_bool_bool_bool_bool_bool_u_595 : 1
		w_25 : 1
		p_ZZ18compute_controllerbbjRbS_bS_S_RjPKhPhR12ComputeStateS0_RhS6_S6_S6_S_S_S_S_E_308 : 1
		w_27 : 1
		p_ZZ18compute_controllerbbjRbS_bS_S_RjPKhPhR12ComputeStateS0_RhS6_S6_S6_S_S_S_S_E_314 : 1
		w_29 : 1
		p_ZZ18compute_controllerbbjRbS_bS_S_RjPKhPhR12ComputeStateS0_RhS6_S6_S6_S_S_S_S_E_320 : 1
	State 4
		sext_ln44 : 1
		sext_ln43 : 1
		sext_ln44_49 : 1
		sext_ln43_16 : 1
		sext_ln44_51 : 1
		sext_ln43_18 : 1
		sext_ln44_53 : 1
		sext_ln43_20 : 1
		sext_ln44_55 : 1
		sext_ln43_22 : 1
		sext_ln44_57 : 1
		sext_ln43_24 : 1
		sext_ln44_59 : 1
		sext_ln43_26 : 1
		sext_ln44_61 : 1
		sext_ln43_28 : 1
		mul_ln44 : 2
		sext_ln44_64 : 3
		sext_ln44_65 : 1
		mul_ln44_17 : 2
		sext_ln44_66 : 3
		sext_ln44_67 : 1
		mul_ln44_19 : 2
		sext_ln44_68 : 3
		sext_ln44_69 : 1
		mul_ln44_21 : 2
		sext_ln44_70 : 3
		sext_ln44_71 : 1
		mul_ln44_23 : 2
		sext_ln44_72 : 3
		sext_ln44_73 : 1
		mul_ln44_25 : 2
		sext_ln44_74 : 3
		sext_ln44_75 : 1
		mul_ln44_27 : 2
		sext_ln44_76 : 3
		sext_ln44_77 : 1
		mul_ln44_29 : 2
		sext_ln44_78 : 3
		sext_ln44_79 : 1
		add_ln44 : 4
		add_ln44_16 : 4
		add_ln44_18 : 4
		add_ln44_19 : 4
		add_ln44_22 : 4
		add_ln44_23 : 4
		add_ln44_25 : 4
		add_ln44_26 : 4
		write_ln0 : 1
	State 5
		sext_ln44_80 : 1
		sext_ln44_81 : 1
		add_ln44_17 : 2
		sext_ln44_82 : 3
		sext_ln44_83 : 1
		sext_ln44_84 : 1
		add_ln44_20 : 2
		sext_ln44_85 : 3
		add_ln44_21 : 4
		sext_ln44_86 : 5
		sext_ln44_87 : 1
		sext_ln44_88 : 1
		add_ln44_24 : 2
		sext_ln44_89 : 3
		sext_ln44_90 : 1
		sext_ln44_91 : 1
		add_ln44_27 : 2
		sext_ln44_92 : 3
		add_ln44_28 : 4
		sext_ln44_93 : 5
		add_ln44_29 : 6
		sext_ln44_94 : 7
		acc_2 : 8
		store_ln40 : 9


============================================================
+ Verbose Summary: Datapath Resource usage 
============================================================

* Functional unit list:
|----------|-----------------------------|---------|---------|---------|
| Operation|       Functional Unit       |   DSP   |    FF   |   LUT   |
|----------|-----------------------------|---------|---------|---------|
|          |       add_ln41_fu_628       |    0    |    0    |    15   |
|          |      add_ln44_17_fu_856     |    0    |    0    |    28   |
|          |      add_ln44_20_fu_872     |    0    |    0    |    28   |
|          |      add_ln44_21_fu_882     |    0    |    0    |    29   |
|    add   |      add_ln44_24_fu_898     |    0    |    0    |    28   |
|          |      add_ln44_27_fu_914     |    0    |    0    |    28   |
|          |      add_ln44_28_fu_924     |    0    |    0    |    29   |
|          |      add_ln44_29_fu_934     |    0    |    0    |    30   |
|          |         acc_2_fu_944        |    0    |    0    |    39   |
|----------|-----------------------------|---------|---------|---------|
|          |       mul_ln44_fu_767       |    0    |    0    |    5    |
|          |      mul_ln44_17_fu_777     |    0    |    0    |    5    |
|          |      mul_ln44_19_fu_787     |    0    |    0    |    5    |
|    mul   |      mul_ln44_21_fu_797     |    0    |    0    |    5    |
|          |      mul_ln44_23_fu_807     |    0    |    0    |    5    |
|          |      mul_ln44_25_fu_817     |    0    |    0    |    5    |
|          |      mul_ln44_27_fu_827     |    0    |    0    |    5    |
|          |      mul_ln44_29_fu_837     |    0    |    0    |    5    |
|----------|-----------------------------|---------|---------|---------|
|   icmp   |       icmp_ln41_fu_570      |    0    |    0    |    15   |
|----------|-----------------------------|---------|---------|---------|
|          |          grp_fu_959         |    1    |    0    |    0    |
|          |          grp_fu_968         |    1    |    0    |    0    |
|          |          grp_fu_977         |    1    |    0    |    0    |
|  muladd  |          grp_fu_986         |    1    |    0    |    0    |
|          |          grp_fu_995         |    1    |    0    |    0    |
|          |         grp_fu_1004         |    1    |    0    |    0    |
|          |         grp_fu_1013         |    1    |    0    |    0    |
|          |         grp_fu_1022         |    1    |    0    |    0    |
|----------|-----------------------------|---------|---------|---------|
|   read   | p_udiv1316_read_read_fu_122 |    0    |    0    |    0    |
|          |   acc_24_read_read_fu_128   |    0    |    0    |    0    |
|----------|-----------------------------|---------|---------|---------|
|   write  |    write_ln0_write_fu_134   |    0    |    0    |    0    |
|----------|-----------------------------|---------|---------|---------|
|partselect|      lshr_ln40_8_fu_576     |    0    |    0    |    0    |
|          |         tmp_s_fu_598        |    0    |    0    |    0    |
|----------|-----------------------------|---------|---------|---------|
|   zext   |       zext_ln40_fu_586      |    0    |    0    |    0    |
|          |       zext_ln43_fu_616      |    0    |    0    |    0    |
|----------|-----------------------------|---------|---------|---------|
|bitconcatenate|      add_ln43_8_fu_608      |    0    |    0    |    0    |
|----------|-----------------------------|---------|---------|---------|
|          |     sext_ln44_48_fu_639     |    0    |    0    |    0    |
|          |     sext_ln43_15_fu_643     |    0    |    0    |    0    |
|          |     sext_ln44_50_fu_647     |    0    |    0    |    0    |
|          |     sext_ln43_17_fu_651     |    0    |    0    |    0    |
|          |     sext_ln44_52_fu_655     |    0    |    0    |    0    |
|          |     sext_ln43_19_fu_659     |    0    |    0    |    0    |
|          |     sext_ln44_54_fu_663     |    0    |    0    |    0    |
|          |     sext_ln43_21_fu_667     |    0    |    0    |    0    |
|          |     sext_ln44_56_fu_671     |    0    |    0    |    0    |
|          |     sext_ln43_23_fu_675     |    0    |    0    |    0    |
|          |     sext_ln44_58_fu_679     |    0    |    0    |    0    |
|          |     sext_ln43_25_fu_683     |    0    |    0    |    0    |
|          |     sext_ln44_60_fu_687     |    0    |    0    |    0    |
|          |     sext_ln43_27_fu_691     |    0    |    0    |    0    |
|          |     sext_ln44_62_fu_695     |    0    |    0    |    0    |
|          |     sext_ln44_63_fu_699     |    0    |    0    |    0    |
|          |       sext_ln44_fu_703      |    0    |    0    |    0    |
|          |       sext_ln43_fu_707      |    0    |    0    |    0    |
|          |     sext_ln44_49_fu_711     |    0    |    0    |    0    |
|          |     sext_ln43_16_fu_715     |    0    |    0    |    0    |
|          |     sext_ln44_51_fu_719     |    0    |    0    |    0    |
|          |     sext_ln43_18_fu_723     |    0    |    0    |    0    |
|          |     sext_ln44_53_fu_727     |    0    |    0    |    0    |
|          |     sext_ln43_20_fu_731     |    0    |    0    |    0    |
|          |     sext_ln44_55_fu_735     |    0    |    0    |    0    |
|          |     sext_ln43_22_fu_739     |    0    |    0    |    0    |
|          |     sext_ln44_57_fu_743     |    0    |    0    |    0    |
|   sext   |     sext_ln43_24_fu_747     |    0    |    0    |    0    |
|          |     sext_ln44_59_fu_751     |    0    |    0    |    0    |
|          |     sext_ln43_26_fu_755     |    0    |    0    |    0    |
|          |     sext_ln44_61_fu_759     |    0    |    0    |    0    |
|          |     sext_ln43_28_fu_763     |    0    |    0    |    0    |
|          |     sext_ln44_64_fu_773     |    0    |    0    |    0    |
|          |     sext_ln44_66_fu_783     |    0    |    0    |    0    |
|          |     sext_ln44_68_fu_793     |    0    |    0    |    0    |
|          |     sext_ln44_70_fu_803     |    0    |    0    |    0    |
|          |     sext_ln44_72_fu_813     |    0    |    0    |    0    |
|          |     sext_ln44_74_fu_823     |    0    |    0    |    0    |
|          |     sext_ln44_76_fu_833     |    0    |    0    |    0    |
|          |     sext_ln44_78_fu_843     |    0    |    0    |    0    |
|          |     sext_ln44_80_fu_850     |    0    |    0    |    0    |
|          |     sext_ln44_81_fu_853     |    0    |    0    |    0    |
|          |     sext_ln44_82_fu_862     |    0    |    0    |    0    |
|          |     sext_ln44_83_fu_866     |    0    |    0    |    0    |
|          |     sext_ln44_84_fu_869     |    0    |    0    |    0    |
|          |     sext_ln44_85_fu_878     |    0    |    0    |    0    |
|          |     sext_ln44_86_fu_888     |    0    |    0    |    0    |
|          |     sext_ln44_87_fu_892     |    0    |    0    |    0    |
|          |     sext_ln44_88_fu_895     |    0    |    0    |    0    |
|          |     sext_ln44_89_fu_904     |    0    |    0    |    0    |
|          |     sext_ln44_90_fu_908     |    0    |    0    |    0    |
|          |     sext_ln44_91_fu_911     |    0    |    0    |    0    |
|          |     sext_ln44_92_fu_920     |    0    |    0    |    0    |
|          |     sext_ln44_93_fu_930     |    0    |    0    |    0    |
|          |     sext_ln44_94_fu_940     |    0    |    0    |    0    |
|----------|-----------------------------|---------|---------|---------|
|   Total  |                             |    8    |    0    |   309   |
|----------|-----------------------------|---------|---------|---------|

Memories:
N/A

* Register list:
+----------------------------------------------------------------------------------------------+--------+
|                                                                                              |   FF   |
+----------------------------------------------------------------------------------------------+--------+
|                                         acc_reg_1031                                         |   32   |
|       compute_controller_bool_bool_unsigned_int_bool_bool_bool_bool_bool_u_569_reg_1234      |   10   |
|       compute_controller_bool_bool_unsigned_int_bool_bool_bool_bool_bool_u_570_reg_1239      |    4   |
|       compute_controller_bool_bool_unsigned_int_bool_bool_bool_bool_bool_u_572_reg_1074      |   10   |
|       compute_controller_bool_bool_unsigned_int_bool_bool_bool_bool_bool_u_573_reg_1079      |    4   |
|       compute_controller_bool_bool_unsigned_int_bool_bool_bool_bool_bool_u_575_reg_1244      |   10   |
|       compute_controller_bool_bool_unsigned_int_bool_bool_bool_bool_bool_u_576_reg_1249      |    4   |
|       compute_controller_bool_bool_unsigned_int_bool_bool_bool_bool_bool_u_578_reg_1084      |   10   |
|       compute_controller_bool_bool_unsigned_int_bool_bool_bool_bool_bool_u_579_reg_1089      |    4   |
|       compute_controller_bool_bool_unsigned_int_bool_bool_bool_bool_bool_u_581_reg_1254      |   10   |
|       compute_controller_bool_bool_unsigned_int_bool_bool_bool_bool_bool_u_582_reg_1259      |    4   |
|       compute_controller_bool_bool_unsigned_int_bool_bool_bool_bool_bool_u_584_reg_1094      |   10   |
|       compute_controller_bool_bool_unsigned_int_bool_bool_bool_bool_bool_u_585_reg_1099      |    4   |
|       compute_controller_bool_bool_unsigned_int_bool_bool_bool_bool_bool_u_587_reg_1264      |   10   |
|       compute_controller_bool_bool_unsigned_int_bool_bool_bool_bool_bool_u_588_reg_1269      |    4   |
|       compute_controller_bool_bool_unsigned_int_bool_bool_bool_bool_bool_u_590_reg_1104      |   10   |
|       compute_controller_bool_bool_unsigned_int_bool_bool_bool_bool_bool_u_591_reg_1109      |    4   |
|       compute_controller_bool_bool_unsigned_int_bool_bool_bool_bool_bool_u_593_reg_1274      |   10   |
|       compute_controller_bool_bool_unsigned_int_bool_bool_bool_bool_bool_u_594_reg_1279      |    4   |
|       compute_controller_bool_bool_unsigned_int_bool_bool_bool_bool_bool_u_596_reg_1114      |   10   |
|       compute_controller_bool_bool_unsigned_int_bool_bool_bool_bool_bool_u_597_reg_1119      |    4   |
|                                          i_reg_1039                                          |    8   |
|                                      icmp_ln41_reg_1046                                      |    1   |
|p_ZZ18compute_controllerbbjRbS_bS_S_RjPKhPhR12ComputeStateS0_RhS6_S6_S6_S_S_S_S_E_306_reg_1284|   10   |
|p_ZZ18compute_controllerbbjRbS_bS_S_RjPKhPhR12ComputeStateS0_RhS6_S6_S6_S_S_S_S_E_307_reg_1289|    4   |
|p_ZZ18compute_controllerbbjRbS_bS_S_RjPKhPhR12ComputeStateS0_RhS6_S6_S6_S_S_S_S_E_309_reg_1124|   10   |
|p_ZZ18compute_controllerbbjRbS_bS_S_RjPKhPhR12ComputeStateS0_RhS6_S6_S6_S_S_S_S_E_310_reg_1129|    4   |
|p_ZZ18compute_controllerbbjRbS_bS_S_RjPKhPhR12ComputeStateS0_RhS6_S6_S6_S_S_S_S_E_312_reg_1294|   10   |
|p_ZZ18compute_controllerbbjRbS_bS_S_RjPKhPhR12ComputeStateS0_RhS6_S6_S6_S_S_S_S_E_313_reg_1299|    4   |
|p_ZZ18compute_controllerbbjRbS_bS_S_RjPKhPhR12ComputeStateS0_RhS6_S6_S6_S_S_S_S_E_315_reg_1134|   10   |
|p_ZZ18compute_controllerbbjRbS_bS_S_RjPKhPhR12ComputeStateS0_RhS6_S6_S6_S_S_S_S_E_316_reg_1139|    4   |
|p_ZZ18compute_controllerbbjRbS_bS_S_RjPKhPhR12ComputeStateS0_RhS6_S6_S6_S_S_S_S_E_318_reg_1304|   10   |
|p_ZZ18compute_controllerbbjRbS_bS_S_RjPKhPhR12ComputeStateS0_RhS6_S6_S6_S_S_S_S_E_319_reg_1309|    4   |
|p_ZZ18compute_controllerbbjRbS_bS_S_RjPKhPhR12ComputeStateS0_RhS6_S6_S6_S_S_S_S_E_321_reg_1144|   10   |
|p_ZZ18compute_controllerbbjRbS_bS_S_RjPKhPhR12ComputeStateS0_RhS6_S6_S6_S_S_S_S_E_322_reg_1149|    4   |
|                                     sext_ln43_15_reg_1159                                    |   20   |
|                                     sext_ln43_17_reg_1169                                    |   20   |
|                                     sext_ln43_19_reg_1179                                    |   20   |
|                                     sext_ln43_21_reg_1189                                    |   20   |
|                                     sext_ln43_23_reg_1199                                    |   20   |
|                                     sext_ln43_25_reg_1209                                    |   20   |
|                                     sext_ln43_27_reg_1219                                    |   20   |
|                                     sext_ln44_48_reg_1154                                    |   20   |
|                                     sext_ln44_50_reg_1164                                    |   20   |
|                                     sext_ln44_52_reg_1174                                    |   20   |
|                                     sext_ln44_54_reg_1184                                    |   20   |
|                                     sext_ln44_56_reg_1194                                    |   20   |
|                                     sext_ln44_58_reg_1204                                    |   20   |
|                                     sext_ln44_60_reg_1214                                    |   20   |
|                                     sext_ln44_62_reg_1224                                    |   20   |
|                                     sext_ln44_63_reg_1229                                    |   20   |
|                                     sext_ln44_64_reg_1314                                    |   21   |
|                                     sext_ln44_66_reg_1319                                    |   21   |
|                                     sext_ln44_68_reg_1324                                    |   21   |
|                                     sext_ln44_70_reg_1329                                    |   21   |
|                                     sext_ln44_72_reg_1334                                    |   21   |
|                                     sext_ln44_74_reg_1339                                    |   21   |
|                                     sext_ln44_76_reg_1344                                    |   21   |
|                                     sext_ln44_78_reg_1349                                    |   21   |
|                                      zext_ln40_reg_1050                                      |   64   |
|                                      zext_ln43_reg_1062                                      |   64   |
+----------------------------------------------------------------------------------------------+--------+
|                                             Total                                            |   881  |
+----------------------------------------------------------------------------------------------+--------+

* Multiplexer (MUX) list: 
|-------------------|------|------|------|--------||---------||---------||---------|
|        Comp       |  Pin | Size |  BW  | S x BW ||  Delay  ||    FF   ||   LUT   |
|-------------------|------|------|------|--------||---------||---------||---------|
| grp_access_fu_148 |  p0  |   2  |  10  |   20   ||    0    ||    9    |
| grp_access_fu_161 |  p0  |   2  |   4  |    8   ||    0    ||    9    |
| grp_access_fu_174 |  p0  |   2  |  10  |   20   ||    0    ||    9    |
| grp_access_fu_187 |  p0  |   2  |   4  |    8   ||    0    ||    9    |
| grp_access_fu_200 |  p0  |   2  |  10  |   20   ||    0    ||    9    |
| grp_access_fu_213 |  p0  |   2  |   4  |    8   ||    0    ||    9    |
| grp_access_fu_226 |  p0  |   2  |  10  |   20   ||    0    ||    9    |
| grp_access_fu_239 |  p0  |   2  |   4  |    8   ||    0    ||    9    |
| grp_access_fu_252 |  p0  |   2  |  10  |   20   ||    0    ||    9    |
| grp_access_fu_265 |  p0  |   2  |   4  |    8   ||    0    ||    9    |
| grp_access_fu_278 |  p0  |   2  |  10  |   20   ||    0    ||    9    |
| grp_access_fu_291 |  p0  |   2  |   4  |    8   ||    0    ||    9    |
| grp_access_fu_304 |  p0  |   2  |  10  |   20   ||    0    ||    9    |
| grp_access_fu_317 |  p0  |   2  |   4  |    8   ||    0    ||    9    |
| grp_access_fu_330 |  p0  |   2  |  10  |   20   ||    0    ||    9    |
| grp_access_fu_343 |  p0  |   2  |   4  |    8   ||    0    ||    9    |
| grp_access_fu_356 |  p0  |   2  |  10  |   20   ||    0    ||    9    |
| grp_access_fu_369 |  p0  |   2  |   4  |    8   ||    0    ||    9    |
| grp_access_fu_382 |  p0  |   2  |  10  |   20   ||    0    ||    9    |
| grp_access_fu_395 |  p0  |   2  |   4  |    8   ||    0    ||    9    |
| grp_access_fu_408 |  p0  |   2  |  10  |   20   ||    0    ||    9    |
| grp_access_fu_421 |  p0  |   2  |   4  |    8   ||    0    ||    9    |
| grp_access_fu_434 |  p0  |   2  |  10  |   20   ||    0    ||    9    |
| grp_access_fu_447 |  p0  |   2  |   4  |    8   ||    0    ||    9    |
| grp_access_fu_460 |  p0  |   2  |  10  |   20   ||    0    ||    9    |
| grp_access_fu_473 |  p0  |   2  |   4  |    8   ||    0    ||    9    |
| grp_access_fu_486 |  p0  |   2  |  10  |   20   ||    0    ||    9    |
| grp_access_fu_499 |  p0  |   2  |   4  |    8   ||    0    ||    9    |
| grp_access_fu_512 |  p0  |   2  |  10  |   20   ||    0    ||    9    |
| grp_access_fu_525 |  p0  |   2  |   4  |    8   ||    0    ||    9    |
| grp_access_fu_538 |  p0  |   2  |  10  |   20   ||    0    ||    9    |
| grp_access_fu_551 |  p0  |   2  |   4  |    8   ||    0    ||    9    |
|     grp_fu_959    |  p0  |   3  |  16  |   48   ||    0    ||    14   |
|     grp_fu_959    |  p1  |   2  |   4  |    8   ||    0    ||    9    |
|     grp_fu_968    |  p0  |   3  |  16  |   48   ||    0    ||    14   |
|     grp_fu_968    |  p1  |   2  |   4  |    8   ||    0    ||    9    |
|     grp_fu_977    |  p0  |   3  |  16  |   48   ||    0    ||    14   |
|     grp_fu_977    |  p1  |   2  |   4  |    8   ||    0    ||    9    |
|     grp_fu_986    |  p0  |   3  |  16  |   48   ||    0    ||    14   |
|     grp_fu_986    |  p1  |   2  |   4  |    8   ||    0    ||    9    |
|     grp_fu_995    |  p0  |   3  |  16  |   48   ||    0    ||    14   |
|     grp_fu_995    |  p1  |   2  |   4  |    8   ||    0    ||    9    |
|    grp_fu_1004    |  p0  |   3  |  16  |   48   ||    0    ||    14   |
|    grp_fu_1004    |  p1  |   2  |   4  |    8   ||    0    ||    9    |
|    grp_fu_1013    |  p0  |   3  |  16  |   48   ||    0    ||    14   |
|    grp_fu_1013    |  p1  |   2  |   4  |    8   ||    0    ||    9    |
|    grp_fu_1022    |  p0  |   3  |  16  |   48   ||    0    ||    14   |
|    grp_fu_1022    |  p1  |   2  |   4  |    8   ||    0    ||    9    |
|-------------------|------|------|------|--------||---------||---------||---------|
|       Total       |      |      |      |   896  ||  20.888 ||    0    ||   472   |
|-------------------|------|------|------|--------||---------||---------||---------|



* Summary:
+-----------+--------+--------+--------+--------+
|           |   DSP  |  Delay |   FF   |   LUT  |
+-----------+--------+--------+--------+--------+
|  Function |    8   |    -   |    0   |   309  |
|   Memory  |    -   |    -   |    -   |    -   |
|Multiplexer|    -   |   20   |    0   |   472  |
|  Register |    -   |    -   |   881  |    -   |
+-----------+--------+--------+--------+--------+
|   Total   |    8   |   20   |   881  |   781  |
+-----------+--------+--------+--------+--------+
