

================================================================
== Vitis HLS Report for 'compute_controller_Pipeline_VITIS_LOOP_461_17'
================================================================
* Date:           Sat Jan 24 18:01:28 2026

* Version:        2025.1 (Build 6135595 on May 21 2025)
* Project:        compute_controller
* Solution:       hls (Vivado IP Flow Target)
* Product family: zynquplus
* Target device:  xck26-sfvc784-2LV-c


================================================================
== Performance Estimates
================================================================
+ Timing: 
    * Summary: 
    +--------+----------+----------+------------+
    |  Clock |  Target  | Estimated| Uncertainty|
    +--------+----------+----------+------------+
    |ap_clk  |  10.00 ns|  2.403 ns|     2.70 ns|
    +--------+----------+----------+------------+

+ Latency: 
    * Summary: 
    +---------+---------+----------+----------+-----+-----+------------------------------------------------+
    |  Latency (cycles) |  Latency (absolute) |  Interval |                    Pipeline                    |
    |   min   |   max   |    min   |    max   | min | max |                      Type                      |
    +---------+---------+----------+----------+-----+-----+------------------------------------------------+
    |       98|       98|  0.980 us|  0.980 us|   97|   97|  loop auto-rewind stp (delay=0 clock cycles(s))|
    +---------+---------+----------+----------+-----+-----+------------------------------------------------+

    + Detail: 
        * Instance: 
        N/A

        * Loop: 
        +---------------------+---------+---------+----------+-----------+-----------+------+----------+
        |                     |  Latency (cycles) | Iteration|  Initiation Interval  | Trip |          |
        |      Loop Name      |   min   |   max   |  Latency |  achieved |   target  | Count| Pipelined|
        +---------------------+---------+---------+----------+-----------+-----------+------+----------+
        |- VITIS_LOOP_461_17  |       96|       96|         3|          2|          1|    48|       yes|
        +---------------------+---------+---------+----------+-----------+-----------+------+----------+



================================================================
== Utilization Estimates
================================================================
* Summary: 
+-----------------+---------+------+--------+--------+-----+
|       Name      | BRAM_18K|  DSP |   FF   |   LUT  | URAM|
+-----------------+---------+------+--------+--------+-----+
|DSP              |        -|     -|       -|       -|    -|
|Expression       |        -|     -|       0|      28|    -|
|FIFO             |        -|     -|       -|       -|    -|
|Instance         |        -|     -|       0|      65|    -|
|Memory           |        -|     -|       -|       -|    -|
|Multiplexer      |        -|     -|       0|     124|    -|
|Register         |        -|     -|      34|       -|    -|
+-----------------+---------+------+--------+--------+-----+
|Total            |        0|     0|      34|     217|    0|
+-----------------+---------+------+--------+--------+-----+
|Available        |      288|  1248|  234240|  117120|   64|
+-----------------+---------+------+--------+--------+-----+
|Utilization (%)  |        0|     0|      ~0|      ~0|    0|
+-----------------+---------+------+--------+--------+-----+

+ Detail: 
    * Instance: 
    +----------------------------+-----------------------+---------+----+---+----+-----+
    |          Instance          |         Module        | BRAM_18K| DSP| FF| LUT| URAM|
    +----------------------------+-----------------------+---------+----+---+----+-----+
    |sparsemux_33_4_32_1_1_U772  |sparsemux_33_4_32_1_1  |        0|   0|  0|  65|    0|
    +----------------------------+-----------------------+---------+----+---+----+-----+
    |Total                       |                       |        0|   0|  0|  65|    0|
    +----------------------------+-----------------------+---------+----+---+----+-----+

    * DSP: 
    N/A

    * Memory: 
    N/A

    * FIFO: 
    N/A

    * Expression: 
    +----------------------+----------+----+---+----+------------+------------+
    |     Variable Name    | Operation| DSP| FF| LUT| Bitwidth P0| Bitwidth P1|
    +----------------------+----------+----+---+----+------------+------------+
    |add_ln461_fu_397_p2   |         +|   0|  0|  13|           6|           1|
    |icmp_ln461_fu_391_p2  |      icmp|   0|  0|  13|           6|           6|
    |ap_enable_pp0         |       xor|   0|  0|   2|           1|           2|
    +----------------------+----------+----+---+----+------------+------------+
    |Total                 |          |   0|  0|  28|          13|           9|
    +----------------------+----------+----+---+----+------------+------------+

    * Multiplexer: 
    +-----------------------------+----+-----------+-----+-----------+
    |             Name            | LUT| Input Size| Bits| Total Bits|
    +-----------------------------+----+-----------+-----+-----------+
    |ap_NS_fsm                    |  14|          3|    1|          3|
    |ap_done_int                  |   9|          2|    1|          2|
    |ap_enable_reg_pp0_iter0      |   9|          2|    1|          2|
    |ap_enable_reg_pp0_iter0_reg  |   9|          2|    1|          2|
    |ap_enable_reg_pp0_iter1      |   9|          2|    1|          2|
    |ap_sig_allocacmp_t_2         |   9|          2|    6|         12|
    |out_buf_address0_local       |  14|          3|   10|         30|
    |out_buf_address1_local       |  14|          3|   10|         30|
    |out_buf_d0_local             |  14|          3|    8|         24|
    |out_buf_d1_local             |  14|          3|    8|         24|
    |t_fu_130                     |   9|          2|    6|         12|
    +-----------------------------+----+-----------+-----+-----------+
    |Total                        | 124|         27|   53|        143|
    +-----------------------------+----+-----------+-----+-----------+

    * Register: 
    +-----------------------------+---+----+-----+-----------+
    |             Name            | FF| LUT| Bits| Const Bits|
    +-----------------------------+---+----+-----+-----------+
    |ap_CS_fsm                    |  2|   0|    2|          0|
    |ap_done_reg                  |  1|   0|    1|          0|
    |ap_enable_reg_pp0_iter0_reg  |  1|   0|    1|          0|
    |ap_enable_reg_pp0_iter1      |  1|   0|    1|          0|
    |icmp_ln461_reg_613           |  1|   0|    1|          0|
    |t_2_reg_604                  |  6|   0|    6|          0|
    |t_fu_130                     |  6|   0|    6|          0|
    |trunc_ln630_1_reg_697        |  8|   0|    8|          0|
    |trunc_ln631_1_reg_702        |  8|   0|    8|          0|
    +-----------------------------+---+----+-----+-----------+
    |Total                        | 34|   0|   34|          0|
    +-----------------------------+---+----+-----+-----------+



================================================================
== Interface
================================================================
* Summary: 
+-----------------------------------------------------------------------------------------------+-----+-----+------------+--------------------------------------------------------------------------------------+--------------+
|                                           RTL Ports                                           | Dir | Bits|  Protocol  |                                     Source Object                                    |    C Type    |
+-----------------------------------------------------------------------------------------------+-----+-----+------------+--------------------------------------------------------------------------------------+--------------+
|ap_clk                                                                                         |   in|    1|  ap_ctrl_hs|                                         compute_controller_Pipeline_VITIS_LOOP_461_17|  return value|
|ap_rst                                                                                         |   in|    1|  ap_ctrl_hs|                                         compute_controller_Pipeline_VITIS_LOOP_461_17|  return value|
|ap_start                                                                                       |   in|    1|  ap_ctrl_hs|                                         compute_controller_Pipeline_VITIS_LOOP_461_17|  return value|
|ap_done                                                                                        |  out|    1|  ap_ctrl_hs|                                         compute_controller_Pipeline_VITIS_LOOP_461_17|  return value|
|ap_idle                                                                                        |  out|    1|  ap_ctrl_hs|                                         compute_controller_Pipeline_VITIS_LOOP_461_17|  return value|
|ap_ready                                                                                       |  out|    1|  ap_ctrl_hs|                                         compute_controller_Pipeline_VITIS_LOOP_461_17|  return value|
|out_buf_address0                                                                               |  out|   10|   ap_memory|                                                                               out_buf|         array|
|out_buf_ce0                                                                                    |  out|    1|   ap_memory|                                                                               out_buf|         array|
|out_buf_we0                                                                                    |  out|    1|   ap_memory|                                                                               out_buf|         array|
|out_buf_d0                                                                                     |  out|    8|   ap_memory|                                                                               out_buf|         array|
|out_buf_address1                                                                               |  out|   10|   ap_memory|                                                                               out_buf|         array|
|out_buf_ce1                                                                                    |  out|    1|   ap_memory|                                                                               out_buf|         array|
|out_buf_we1                                                                                    |  out|    1|   ap_memory|                                                                               out_buf|         array|
|out_buf_d1                                                                                     |  out|    8|   ap_memory|                                                                               out_buf|         array|
|compute_controller_bool_bool_unsigned_int_bool_bool_bool_bool_bool_u_89_address0               |  out|    2|   ap_memory|               compute_controller_bool_bool_unsigned_int_bool_bool_bool_bool_bool_u_89|         array|
|compute_controller_bool_bool_unsigned_int_bool_bool_bool_bool_bool_u_89_ce0                    |  out|    1|   ap_memory|               compute_controller_bool_bool_unsigned_int_bool_bool_bool_bool_bool_u_89|         array|
|compute_controller_bool_bool_unsigned_int_bool_bool_bool_bool_bool_u_89_q0                     |   in|   32|   ap_memory|               compute_controller_bool_bool_unsigned_int_bool_bool_bool_bool_bool_u_89|         array|
|compute_controller_bool_bool_unsigned_int_bool_bool_bool_bool_bool_u_88_address0               |  out|    2|   ap_memory|               compute_controller_bool_bool_unsigned_int_bool_bool_bool_bool_bool_u_88|         array|
|compute_controller_bool_bool_unsigned_int_bool_bool_bool_bool_bool_u_88_ce0                    |  out|    1|   ap_memory|               compute_controller_bool_bool_unsigned_int_bool_bool_bool_bool_bool_u_88|         array|
|compute_controller_bool_bool_unsigned_int_bool_bool_bool_bool_bool_u_88_q0                     |   in|   32|   ap_memory|               compute_controller_bool_bool_unsigned_int_bool_bool_bool_bool_bool_u_88|         array|
|compute_controller_bool_bool_unsigned_int_bool_bool_bool_bool_bool_u_87_address0               |  out|    2|   ap_memory|               compute_controller_bool_bool_unsigned_int_bool_bool_bool_bool_bool_u_87|         array|
|compute_controller_bool_bool_unsigned_int_bool_bool_bool_bool_bool_u_87_ce0                    |  out|    1|   ap_memory|               compute_controller_bool_bool_unsigned_int_bool_bool_bool_bool_bool_u_87|         array|
|compute_controller_bool_bool_unsigned_int_bool_bool_bool_bool_bool_u_87_q0                     |   in|   32|   ap_memory|               compute_controller_bool_bool_unsigned_int_bool_bool_bool_bool_bool_u_87|         array|
|compute_controller_bool_bool_unsigned_int_bool_bool_bool_bool_bool_u_86_address0               |  out|    2|   ap_memory|               compute_controller_bool_bool_unsigned_int_bool_bool_bool_bool_bool_u_86|         array|
|compute_controller_bool_bool_unsigned_int_bool_bool_bool_bool_bool_u_86_ce0                    |  out|    1|   ap_memory|               compute_controller_bool_bool_unsigned_int_bool_bool_bool_bool_bool_u_86|         array|
|compute_controller_bool_bool_unsigned_int_bool_bool_bool_bool_bool_u_86_q0                     |   in|   32|   ap_memory|               compute_controller_bool_bool_unsigned_int_bool_bool_bool_bool_bool_u_86|         array|
|compute_controller_bool_bool_unsigned_int_bool_bool_bool_bool_bool_u_85_address0               |  out|    2|   ap_memory|               compute_controller_bool_bool_unsigned_int_bool_bool_bool_bool_bool_u_85|         array|
|compute_controller_bool_bool_unsigned_int_bool_bool_bool_bool_bool_u_85_ce0                    |  out|    1|   ap_memory|               compute_controller_bool_bool_unsigned_int_bool_bool_bool_bool_bool_u_85|         array|
|compute_controller_bool_bool_unsigned_int_bool_bool_bool_bool_bool_u_85_q0                     |   in|   32|   ap_memory|               compute_controller_bool_bool_unsigned_int_bool_bool_bool_bool_bool_u_85|         array|
|compute_controller_bool_bool_unsigned_int_bool_bool_bool_bool_bool_u_84_address0               |  out|    2|   ap_memory|               compute_controller_bool_bool_unsigned_int_bool_bool_bool_bool_bool_u_84|         array|
|compute_controller_bool_bool_unsigned_int_bool_bool_bool_bool_bool_u_84_ce0                    |  out|    1|   ap_memory|               compute_controller_bool_bool_unsigned_int_bool_bool_bool_bool_bool_u_84|         array|
|compute_controller_bool_bool_unsigned_int_bool_bool_bool_bool_bool_u_84_q0                     |   in|   32|   ap_memory|               compute_controller_bool_bool_unsigned_int_bool_bool_bool_bool_bool_u_84|         array|
|compute_controller_bool_bool_unsigned_int_bool_bool_bool_bool_bool_u_83_address0               |  out|    2|   ap_memory|               compute_controller_bool_bool_unsigned_int_bool_bool_bool_bool_bool_u_83|         array|
|compute_controller_bool_bool_unsigned_int_bool_bool_bool_bool_bool_u_83_ce0                    |  out|    1|   ap_memory|               compute_controller_bool_bool_unsigned_int_bool_bool_bool_bool_bool_u_83|         array|
|compute_controller_bool_bool_unsigned_int_bool_bool_bool_bool_bool_u_83_q0                     |   in|   32|   ap_memory|               compute_controller_bool_bool_unsigned_int_bool_bool_bool_bool_bool_u_83|         array|
|compute_controller_bool_bool_unsigned_int_bool_bool_bool_bool_bool_u_82_address0               |  out|    2|   ap_memory|               compute_controller_bool_bool_unsigned_int_bool_bool_bool_bool_bool_u_82|         array|
|compute_controller_bool_bool_unsigned_int_bool_bool_bool_bool_bool_u_82_ce0                    |  out|    1|   ap_memory|               compute_controller_bool_bool_unsigned_int_bool_bool_bool_bool_bool_u_82|         array|
|compute_controller_bool_bool_unsigned_int_bool_bool_bool_bool_bool_u_82_q0                     |   in|   32|   ap_memory|               compute_controller_bool_bool_unsigned_int_bool_bool_bool_bool_bool_u_82|         array|
|compute_controller_bool_bool_unsigned_int_bool_bool_bool_bool_bool_u_81_address0               |  out|    2|   ap_memory|               compute_controller_bool_bool_unsigned_int_bool_bool_bool_bool_bool_u_81|         array|
|compute_controller_bool_bool_unsigned_int_bool_bool_bool_bool_bool_u_81_ce0                    |  out|    1|   ap_memory|               compute_controller_bool_bool_unsigned_int_bool_bool_bool_bool_bool_u_81|         array|
|compute_controller_bool_bool_unsigned_int_bool_bool_bool_bool_bool_u_81_q0                     |   in|   32|   ap_memory|               compute_controller_bool_bool_unsigned_int_bool_bool_bool_bool_bool_u_81|         array|
|compute_controller_bool_bool_unsigned_int_bool_bool_bool_bool_bool_u_80_address0               |  out|    2|   ap_memory|               compute_controller_bool_bool_unsigned_int_bool_bool_bool_bool_bool_u_80|         array|
|compute_controller_bool_bool_unsigned_int_bool_bool_bool_bool_bool_u_80_ce0                    |  out|    1|   ap_memory|               compute_controller_bool_bool_unsigned_int_bool_bool_bool_bool_bool_u_80|         array|
|compute_controller_bool_bool_unsigned_int_bool_bool_bool_bool_bool_u_80_q0                     |   in|   32|   ap_memory|               compute_controller_bool_bool_unsigned_int_bool_bool_bool_bool_bool_u_80|         array|
|p_ZZ18compute_controllerbbjRbS_bS_S_RjPKhPhR12ComputeStateS0_RhS6_S6_S6_S_S_S_S_E_71_address0  |  out|    2|   ap_memory|  p_ZZ18compute_controllerbbjRbS_bS_S_RjPKhPhR12ComputeStateS0_RhS6_S6_S6_S_S_S_S_E_71|         array|
|p_ZZ18compute_controllerbbjRbS_bS_S_RjPKhPhR12ComputeStateS0_RhS6_S6_S6_S_S_S_S_E_71_ce0       |  out|    1|   ap_memory|  p_ZZ18compute_controllerbbjRbS_bS_S_RjPKhPhR12ComputeStateS0_RhS6_S6_S6_S_S_S_S_E_71|         array|
|p_ZZ18compute_controllerbbjRbS_bS_S_RjPKhPhR12ComputeStateS0_RhS6_S6_S6_S_S_S_S_E_71_q0        |   in|   32|   ap_memory|  p_ZZ18compute_controllerbbjRbS_bS_S_RjPKhPhR12ComputeStateS0_RhS6_S6_S6_S_S_S_S_E_71|         array|
|p_ZZ18compute_controllerbbjRbS_bS_S_RjPKhPhR12ComputeStateS0_RhS6_S6_S6_S_S_S_S_E_70_address0  |  out|    2|   ap_memory|  p_ZZ18compute_controllerbbjRbS_bS_S_RjPKhPhR12ComputeStateS0_RhS6_S6_S6_S_S_S_S_E_70|         array|
|p_ZZ18compute_controllerbbjRbS_bS_S_RjPKhPhR12ComputeStateS0_RhS6_S6_S6_S_S_S_S_E_70_ce0       |  out|    1|   ap_memory|  p_ZZ18compute_controllerbbjRbS_bS_S_RjPKhPhR12ComputeStateS0_RhS6_S6_S6_S_S_S_S_E_70|         array|
|p_ZZ18compute_controllerbbjRbS_bS_S_RjPKhPhR12ComputeStateS0_RhS6_S6_S6_S_S_S_S_E_70_q0        |   in|   32|   ap_memory|  p_ZZ18compute_controllerbbjRbS_bS_S_RjPKhPhR12ComputeStateS0_RhS6_S6_S6_S_S_S_S_E_70|         array|
|p_ZZ18compute_controllerbbjRbS_bS_S_RjPKhPhR12ComputeStateS0_RhS6_S6_S6_S_S_S_S_E_69_address0  |  out|    2|   ap_memory|  p_ZZ18compute_controllerbbjRbS_bS_S_RjPKhPhR12ComputeStateS0_RhS6_S6_S6_S_S_S_S_E_69|         array|
|p_ZZ18compute_controllerbbjRbS_bS_S_RjPKhPhR12ComputeStateS0_RhS6_S6_S6_S_S_S_S_E_69_ce0       |  out|    1|   ap_memory|  p_ZZ18compute_controllerbbjRbS_bS_S_RjPKhPhR12ComputeStateS0_RhS6_S6_S6_S_S_S_S_E_69|         array|
|p_ZZ18compute_controllerbbjRbS_bS_S_RjPKhPhR12ComputeStateS0_RhS6_S6_S6_S_S_S_S_E_69_q0        |   in|   32|   ap_memory|  p_ZZ18compute_controllerbbjRbS_bS_S_RjPKhPhR12ComputeStateS0_RhS6_S6_S6_S_S_S_S_E_69|         array|
|p_ZZ18compute_controllerbbjRbS_bS_S_RjPKhPhR12ComputeStateS0_RhS6_S6_S6_S_S_S_S_E_68_address0  |  out|    2|   ap_memory|  p_ZZ18compute_controllerbbjRbS_bS_S_RjPKhPhR12ComputeStateS0_RhS6_S6_S6_S_S_S_S_E_68|         array|
|p_ZZ18compute_controllerbbjRbS_bS_S_RjPKhPhR12ComputeStateS0_RhS6_S6_S6_S_S_S_S_E_68_ce0       |  out|    1|   ap_memory|  p_ZZ18compute_controllerbbjRbS_bS_S_RjPKhPhR12ComputeStateS0_RhS6_S6_S6_S_S_S_S_E_68|         array|
|p_ZZ18compute_controllerbbjRbS_bS_S_RjPKhPhR12ComputeStateS0_RhS6_S6_S6_S_S_S_S_E_68_q0        |   in|   32|   ap_memory|  p_ZZ18compute_controllerbbjRbS_bS_S_RjPKhPhR12ComputeStateS0_RhS6_S6_S6_S_S_S_S_E_68|         array|
|p_ZZ18compute_controllerbbjRbS_bS_S_RjPKhPhR12ComputeStateS0_RhS6_S6_S6_S_S_S_S_E_67_address0  |  out|    2|   ap_memory|  p_ZZ18compute_controllerbbjRbS_bS_S_RjPKhPhR12ComputeStateS0_RhS6_S6_S6_S_S_S_S_E_67|         array|
|p_ZZ18compute_controllerbbjRbS_bS_S_RjPKhPhR12ComputeStateS0_RhS6_S6_S6_S_S_S_S_E_67_ce0       |  out|    1|   ap_memory|  p_ZZ18compute_controllerbbjRbS_bS_S_RjPKhPhR12ComputeStateS0_RhS6_S6_S6_S_S_S_S_E_67|         array|
|p_ZZ18compute_controllerbbjRbS_bS_S_RjPKhPhR12ComputeStateS0_RhS6_S6_S6_S_S_S_S_E_67_q0        |   in|   32|   ap_memory|  p_ZZ18compute_controllerbbjRbS_bS_S_RjPKhPhR12ComputeStateS0_RhS6_S6_S6_S_S_S_S_E_67|         array|
|p_ZZ18compute_controllerbbjRbS_bS_S_RjPKhPhR12ComputeStateS0_RhS6_S6_S6_S_S_S_S_E_66_address0  |  out|    2|   ap_memory|  p_ZZ18compute_controllerbbjRbS_bS_S_RjPKhPhR12ComputeStateS0_RhS6_S6_S6_S_S_S_S_E_66|         array|
|p_ZZ18compute_controllerbbjRbS_bS_S_RjPKhPhR12ComputeStateS0_RhS6_S6_S6_S_S_S_S_E_66_ce0       |  out|    1|   ap_memory|  p_ZZ18compute_controllerbbjRbS_bS_S_RjPKhPhR12ComputeStateS0_RhS6_S6_S6_S_S_S_S_E_66|         array|
|p_ZZ18compute_controllerbbjRbS_bS_S_RjPKhPhR12ComputeStateS0_RhS6_S6_S6_S_S_S_S_E_66_q0        |   in|   32|   ap_memory|  p_ZZ18compute_controllerbbjRbS_bS_S_RjPKhPhR12ComputeStateS0_RhS6_S6_S6_S_S_S_S_E_66|         array|
+-----------------------------------------------------------------------------------------------+-----+-----+------------+--------------------------------------------------------------------------------------+--------------+

============================================================
+ Verbose Summary: Synthesis Manager
============================================================
InlineROM: 1
ExposeGlobal: 0
============================================================
+ Verbose Summary: CDFG Model
============================================================
IsTopModel: 0
ResetActiveHigh: 1
IsCombinational: 2
IsDatapathOnly: 2
HasWiredReturn: 1
HasMFsm: 2
HasVarLatency: 1
IsPipeline: 0
IsRtlPipelined: 0
IsInstanceOverlapped: 0
IsDontTouch: 0
HasImplIP: 0
IsGatedGlobalClock: 0

+ Individual pipeline summary: 
  * Pipeline-0: initiation interval (II) = 2, depth = 3


============================================================
+ Verbose Summary: Schedule
============================================================
* Number of FSM states : 3
* Pipeline : 1
  Pipeline-0 : II = 2, D = 3, States = { 1 2 3 }
* Dataflow Pipeline: 0

* FSM state transitions: 
1 --> 2 
2 --> 3 
3 --> 

* FSM state operations: 

State 1 <SV = 0> <Delay = 1.63>
ST_1 : Operation 6 [1/1] (0.00ns)   --->   "%t = alloca i32 1" [/home/luka/Scripting/ELEC_498-Capstone-LiteLM/HLS-Verilog/Transformer_logic/src-hls/compute_controller.cpp:461]   --->   Operation 6 'alloca' 't' <Predicate = true> <Delay = 0.00>
ST_1 : Operation 7 [1/1] (0.00ns)   --->   "%specinterface_ln0 = specinterface void @_ssdm_op_SpecInterface, i8 %out_buf, void @empty_22, i32 0, i32 0, void @empty_15, i32 4294967295, i32 0, void @empty_15, void @empty_15, void @empty_15, i32 0, i32 0, i32 0, i32 0, void @empty_15, void @empty_15, i32 4294967295, i32 0, i32 0"   --->   Operation 7 'specinterface' 'specinterface_ln0' <Predicate = true> <Delay = 0.00>
ST_1 : Operation 8 [1/1] (0.42ns)   --->   "%store_ln461 = store i6 0, i6 %t" [/home/luka/Scripting/ELEC_498-Capstone-LiteLM/HLS-Verilog/Transformer_logic/src-hls/compute_controller.cpp:461]   --->   Operation 8 'store' 'store_ln461' <Predicate = true> <Delay = 0.42>
ST_1 : Operation 9 [1/1] (0.00ns)   --->   "%br_ln0 = br void %for.inc314"   --->   Operation 9 'br' 'br_ln0' <Predicate = true> <Delay = 0.00>
ST_1 : Operation 10 [1/1] (0.00ns)   --->   "%t_2 = load i6 %t" [/home/luka/Scripting/ELEC_498-Capstone-LiteLM/HLS-Verilog/Transformer_logic/src-hls/compute_controller.cpp:461]   --->   Operation 10 'load' 't_2' <Predicate = true> <Delay = 0.00>
ST_1 : Operation 11 [1/1] (0.78ns)   --->   "%icmp_ln461 = icmp_eq  i6 %t_2, i6 48" [/home/luka/Scripting/ELEC_498-Capstone-LiteLM/HLS-Verilog/Transformer_logic/src-hls/compute_controller.cpp:461]   --->   Operation 11 'icmp' 'icmp_ln461' <Predicate = true> <Delay = 0.78> <CoreInst = "Cmp">   --->   Core 9 'Cmp' <Latency = 0> <II = 1> <Delay = 0.78> <FuncUnit> <Opcode : 'seteq' 'setne' 'setle' 'setge' 'setlt' 'setgt'> <InPorts = 2> <OutPorts = 1>
ST_1 : Operation 12 [1/1] (0.78ns)   --->   "%add_ln461 = add i6 %t_2, i6 1" [/home/luka/Scripting/ELEC_498-Capstone-LiteLM/HLS-Verilog/Transformer_logic/src-hls/compute_controller.cpp:461]   --->   Operation 12 'add' 'add_ln461' <Predicate = true> <Delay = 0.78> <CoreInst = "Adder">   --->   Core 1 'Adder' <Latency = 0> <II = 1> <Delay = 0.78> <FuncUnit> <Opcode : 'add' 'sub'> <InPorts = 2> <OutPorts = 1>
ST_1 : Operation 13 [1/1] (0.00ns)   --->   "%br_ln461 = br i1 %icmp_ln461, void %for.inc314.split, void %sw.epilog.loopexit22310.exitStub" [/home/luka/Scripting/ELEC_498-Capstone-LiteLM/HLS-Verilog/Transformer_logic/src-hls/compute_controller.cpp:461]   --->   Operation 13 'br' 'br_ln461' <Predicate = true> <Delay = 0.00>
ST_1 : Operation 14 [1/1] (0.00ns)   --->   "%lshr_ln = partselect i2 @_ssdm_op_PartSelect.i2.i6.i32.i32, i6 %t_2, i32 4, i32 5" [/home/luka/Scripting/ELEC_498-Capstone-LiteLM/HLS-Verilog/Transformer_logic/src-hls/compute_controller.cpp:461]   --->   Operation 14 'partselect' 'lshr_ln' <Predicate = (!icmp_ln461)> <Delay = 0.00>
ST_1 : Operation 15 [1/1] (0.00ns)   --->   "%zext_ln461 = zext i2 %lshr_ln" [/home/luka/Scripting/ELEC_498-Capstone-LiteLM/HLS-Verilog/Transformer_logic/src-hls/compute_controller.cpp:461]   --->   Operation 15 'zext' 'zext_ln461' <Predicate = (!icmp_ln461)> <Delay = 0.00>
ST_1 : Operation 16 [1/1] (0.00ns)   --->   "%compute_controller_bool_bool_unsigned_int_bool_bool_bool_bool_bool_u_489 = getelementptr i32 %compute_controller_bool_bool_unsigned_int_bool_bool_bool_bool_bool_u_89, i64 0, i64 %zext_ln461" [/home/luka/Scripting/ELEC_498-Capstone-LiteLM/HLS-Verilog/Transformer_logic/src-hls/compute_controller.cpp:462]   --->   Operation 16 'getelementptr' 'compute_controller_bool_bool_unsigned_int_bool_bool_bool_bool_bool_u_489' <Predicate = (!icmp_ln461)> <Delay = 0.00>
ST_1 : Operation 17 [1/1] (0.00ns)   --->   "%compute_controller_bool_bool_unsigned_int_bool_bool_bool_bool_bool_u_490 = getelementptr i32 %compute_controller_bool_bool_unsigned_int_bool_bool_bool_bool_bool_u_88, i64 0, i64 %zext_ln461" [/home/luka/Scripting/ELEC_498-Capstone-LiteLM/HLS-Verilog/Transformer_logic/src-hls/compute_controller.cpp:462]   --->   Operation 17 'getelementptr' 'compute_controller_bool_bool_unsigned_int_bool_bool_bool_bool_bool_u_490' <Predicate = (!icmp_ln461)> <Delay = 0.00>
ST_1 : Operation 18 [1/1] (0.00ns)   --->   "%compute_controller_bool_bool_unsigned_int_bool_bool_bool_bool_bool_u_491 = getelementptr i32 %compute_controller_bool_bool_unsigned_int_bool_bool_bool_bool_bool_u_87, i64 0, i64 %zext_ln461" [/home/luka/Scripting/ELEC_498-Capstone-LiteLM/HLS-Verilog/Transformer_logic/src-hls/compute_controller.cpp:462]   --->   Operation 18 'getelementptr' 'compute_controller_bool_bool_unsigned_int_bool_bool_bool_bool_bool_u_491' <Predicate = (!icmp_ln461)> <Delay = 0.00>
ST_1 : Operation 19 [1/1] (0.00ns)   --->   "%compute_controller_bool_bool_unsigned_int_bool_bool_bool_bool_bool_u_492 = getelementptr i32 %compute_controller_bool_bool_unsigned_int_bool_bool_bool_bool_bool_u_86, i64 0, i64 %zext_ln461" [/home/luka/Scripting/ELEC_498-Capstone-LiteLM/HLS-Verilog/Transformer_logic/src-hls/compute_controller.cpp:462]   --->   Operation 19 'getelementptr' 'compute_controller_bool_bool_unsigned_int_bool_bool_bool_bool_bool_u_492' <Predicate = (!icmp_ln461)> <Delay = 0.00>
ST_1 : Operation 20 [1/1] (0.00ns)   --->   "%compute_controller_bool_bool_unsigned_int_bool_bool_bool_bool_bool_u_493 = getelementptr i32 %compute_controller_bool_bool_unsigned_int_bool_bool_bool_bool_bool_u_85, i64 0, i64 %zext_ln461" [/home/luka/Scripting/ELEC_498-Capstone-LiteLM/HLS-Verilog/Transformer_logic/src-hls/compute_controller.cpp:462]   --->   Operation 20 'getelementptr' 'compute_controller_bool_bool_unsigned_int_bool_bool_bool_bool_bool_u_493' <Predicate = (!icmp_ln461)> <Delay = 0.00>
ST_1 : Operation 21 [1/1] (0.00ns)   --->   "%compute_controller_bool_bool_unsigned_int_bool_bool_bool_bool_bool_u_494 = getelementptr i32 %compute_controller_bool_bool_unsigned_int_bool_bool_bool_bool_bool_u_84, i64 0, i64 %zext_ln461" [/home/luka/Scripting/ELEC_498-Capstone-LiteLM/HLS-Verilog/Transformer_logic/src-hls/compute_controller.cpp:462]   --->   Operation 21 'getelementptr' 'compute_controller_bool_bool_unsigned_int_bool_bool_bool_bool_bool_u_494' <Predicate = (!icmp_ln461)> <Delay = 0.00>
ST_1 : Operation 22 [1/1] (0.00ns)   --->   "%compute_controller_bool_bool_unsigned_int_bool_bool_bool_bool_bool_u_495 = getelementptr i32 %compute_controller_bool_bool_unsigned_int_bool_bool_bool_bool_bool_u_83, i64 0, i64 %zext_ln461" [/home/luka/Scripting/ELEC_498-Capstone-LiteLM/HLS-Verilog/Transformer_logic/src-hls/compute_controller.cpp:462]   --->   Operation 22 'getelementptr' 'compute_controller_bool_bool_unsigned_int_bool_bool_bool_bool_bool_u_495' <Predicate = (!icmp_ln461)> <Delay = 0.00>
ST_1 : Operation 23 [1/1] (0.00ns)   --->   "%compute_controller_bool_bool_unsigned_int_bool_bool_bool_bool_bool_u_496 = getelementptr i32 %compute_controller_bool_bool_unsigned_int_bool_bool_bool_bool_bool_u_82, i64 0, i64 %zext_ln461" [/home/luka/Scripting/ELEC_498-Capstone-LiteLM/HLS-Verilog/Transformer_logic/src-hls/compute_controller.cpp:462]   --->   Operation 23 'getelementptr' 'compute_controller_bool_bool_unsigned_int_bool_bool_bool_bool_bool_u_496' <Predicate = (!icmp_ln461)> <Delay = 0.00>
ST_1 : Operation 24 [1/1] (0.00ns)   --->   "%compute_controller_bool_bool_unsigned_int_bool_bool_bool_bool_bool_u_497 = getelementptr i32 %compute_controller_bool_bool_unsigned_int_bool_bool_bool_bool_bool_u_81, i64 0, i64 %zext_ln461" [/home/luka/Scripting/ELEC_498-Capstone-LiteLM/HLS-Verilog/Transformer_logic/src-hls/compute_controller.cpp:462]   --->   Operation 24 'getelementptr' 'compute_controller_bool_bool_unsigned_int_bool_bool_bool_bool_bool_u_497' <Predicate = (!icmp_ln461)> <Delay = 0.00>
ST_1 : Operation 25 [1/1] (0.00ns)   --->   "%compute_controller_bool_bool_unsigned_int_bool_bool_bool_bool_bool_u_498 = getelementptr i32 %compute_controller_bool_bool_unsigned_int_bool_bool_bool_bool_bool_u_80, i64 0, i64 %zext_ln461" [/home/luka/Scripting/ELEC_498-Capstone-LiteLM/HLS-Verilog/Transformer_logic/src-hls/compute_controller.cpp:462]   --->   Operation 25 'getelementptr' 'compute_controller_bool_bool_unsigned_int_bool_bool_bool_bool_bool_u_498' <Predicate = (!icmp_ln461)> <Delay = 0.00>
ST_1 : Operation 26 [1/1] (0.00ns)   --->   "%p_ZZ18compute_controllerbbjRbS_bS_S_RjPKhPhR12ComputeStateS0_RhS6_S6_S6_S_S_S_S_E_258 = getelementptr i32 %p_ZZ18compute_controllerbbjRbS_bS_S_RjPKhPhR12ComputeStateS0_RhS6_S6_S6_S_S_S_S_E_71, i64 0, i64 %zext_ln461" [/home/luka/Scripting/ELEC_498-Capstone-LiteLM/HLS-Verilog/Transformer_logic/src-hls/compute_controller.cpp:462]   --->   Operation 26 'getelementptr' 'p_ZZ18compute_controllerbbjRbS_bS_S_RjPKhPhR12ComputeStateS0_RhS6_S6_S6_S_S_S_S_E_258' <Predicate = (!icmp_ln461)> <Delay = 0.00>
ST_1 : Operation 27 [1/1] (0.00ns)   --->   "%p_ZZ18compute_controllerbbjRbS_bS_S_RjPKhPhR12ComputeStateS0_RhS6_S6_S6_S_S_S_S_E_259 = getelementptr i32 %p_ZZ18compute_controllerbbjRbS_bS_S_RjPKhPhR12ComputeStateS0_RhS6_S6_S6_S_S_S_S_E_70, i64 0, i64 %zext_ln461" [/home/luka/Scripting/ELEC_498-Capstone-LiteLM/HLS-Verilog/Transformer_logic/src-hls/compute_controller.cpp:462]   --->   Operation 27 'getelementptr' 'p_ZZ18compute_controllerbbjRbS_bS_S_RjPKhPhR12ComputeStateS0_RhS6_S6_S6_S_S_S_S_E_259' <Predicate = (!icmp_ln461)> <Delay = 0.00>
ST_1 : Operation 28 [1/1] (0.00ns)   --->   "%p_ZZ18compute_controllerbbjRbS_bS_S_RjPKhPhR12ComputeStateS0_RhS6_S6_S6_S_S_S_S_E_260 = getelementptr i32 %p_ZZ18compute_controllerbbjRbS_bS_S_RjPKhPhR12ComputeStateS0_RhS6_S6_S6_S_S_S_S_E_69, i64 0, i64 %zext_ln461" [/home/luka/Scripting/ELEC_498-Capstone-LiteLM/HLS-Verilog/Transformer_logic/src-hls/compute_controller.cpp:462]   --->   Operation 28 'getelementptr' 'p_ZZ18compute_controllerbbjRbS_bS_S_RjPKhPhR12ComputeStateS0_RhS6_S6_S6_S_S_S_S_E_260' <Predicate = (!icmp_ln461)> <Delay = 0.00>
ST_1 : Operation 29 [1/1] (0.00ns)   --->   "%p_ZZ18compute_controllerbbjRbS_bS_S_RjPKhPhR12ComputeStateS0_RhS6_S6_S6_S_S_S_S_E_261 = getelementptr i32 %p_ZZ18compute_controllerbbjRbS_bS_S_RjPKhPhR12ComputeStateS0_RhS6_S6_S6_S_S_S_S_E_68, i64 0, i64 %zext_ln461" [/home/luka/Scripting/ELEC_498-Capstone-LiteLM/HLS-Verilog/Transformer_logic/src-hls/compute_controller.cpp:462]   --->   Operation 29 'getelementptr' 'p_ZZ18compute_controllerbbjRbS_bS_S_RjPKhPhR12ComputeStateS0_RhS6_S6_S6_S_S_S_S_E_261' <Predicate = (!icmp_ln461)> <Delay = 0.00>
ST_1 : Operation 30 [1/1] (0.00ns)   --->   "%p_ZZ18compute_controllerbbjRbS_bS_S_RjPKhPhR12ComputeStateS0_RhS6_S6_S6_S_S_S_S_E_262 = getelementptr i32 %p_ZZ18compute_controllerbbjRbS_bS_S_RjPKhPhR12ComputeStateS0_RhS6_S6_S6_S_S_S_S_E_67, i64 0, i64 %zext_ln461" [/home/luka/Scripting/ELEC_498-Capstone-LiteLM/HLS-Verilog/Transformer_logic/src-hls/compute_controller.cpp:462]   --->   Operation 30 'getelementptr' 'p_ZZ18compute_controllerbbjRbS_bS_S_RjPKhPhR12ComputeStateS0_RhS6_S6_S6_S_S_S_S_E_262' <Predicate = (!icmp_ln461)> <Delay = 0.00>
ST_1 : Operation 31 [1/1] (0.00ns)   --->   "%p_ZZ18compute_controllerbbjRbS_bS_S_RjPKhPhR12ComputeStateS0_RhS6_S6_S6_S_S_S_S_E_263 = getelementptr i32 %p_ZZ18compute_controllerbbjRbS_bS_S_RjPKhPhR12ComputeStateS0_RhS6_S6_S6_S_S_S_S_E_66, i64 0, i64 %zext_ln461" [/home/luka/Scripting/ELEC_498-Capstone-LiteLM/HLS-Verilog/Transformer_logic/src-hls/compute_controller.cpp:462]   --->   Operation 31 'getelementptr' 'p_ZZ18compute_controllerbbjRbS_bS_S_RjPKhPhR12ComputeStateS0_RhS6_S6_S6_S_S_S_S_E_263' <Predicate = (!icmp_ln461)> <Delay = 0.00>
ST_1 : Operation 32 [2/2] (0.67ns)   --->   "%compute_controller_bool_bool_unsigned_int_bool_bool_bool_bool_bool_u_499 = load i2 %compute_controller_bool_bool_unsigned_int_bool_bool_bool_bool_bool_u_489" [/home/luka/Scripting/ELEC_498-Capstone-LiteLM/HLS-Verilog/Transformer_logic/src-hls/compute_controller.cpp:462]   --->   Operation 32 'load' 'compute_controller_bool_bool_unsigned_int_bool_bool_bool_bool_bool_u_499' <Predicate = (!icmp_ln461)> <Delay = 0.67> <CoreInst = "RAM">   --->   Core 82 'RAM' <Latency = 1> <II = 1> <Delay = 0.67> <Storage> <Opcode : 'load' 'store'> <Ports = 2> <Width = 32> <Depth = 3> <RAM>
ST_1 : Operation 33 [2/2] (0.67ns)   --->   "%compute_controller_bool_bool_unsigned_int_bool_bool_bool_bool_bool_u_500 = load i2 %compute_controller_bool_bool_unsigned_int_bool_bool_bool_bool_bool_u_490" [/home/luka/Scripting/ELEC_498-Capstone-LiteLM/HLS-Verilog/Transformer_logic/src-hls/compute_controller.cpp:462]   --->   Operation 33 'load' 'compute_controller_bool_bool_unsigned_int_bool_bool_bool_bool_bool_u_500' <Predicate = (!icmp_ln461)> <Delay = 0.67> <CoreInst = "RAM">   --->   Core 82 'RAM' <Latency = 1> <II = 1> <Delay = 0.67> <Storage> <Opcode : 'load' 'store'> <Ports = 2> <Width = 32> <Depth = 3> <RAM>
ST_1 : Operation 34 [2/2] (0.67ns)   --->   "%compute_controller_bool_bool_unsigned_int_bool_bool_bool_bool_bool_u_501 = load i2 %compute_controller_bool_bool_unsigned_int_bool_bool_bool_bool_bool_u_491" [/home/luka/Scripting/ELEC_498-Capstone-LiteLM/HLS-Verilog/Transformer_logic/src-hls/compute_controller.cpp:462]   --->   Operation 34 'load' 'compute_controller_bool_bool_unsigned_int_bool_bool_bool_bool_bool_u_501' <Predicate = (!icmp_ln461)> <Delay = 0.67> <CoreInst = "RAM">   --->   Core 82 'RAM' <Latency = 1> <II = 1> <Delay = 0.67> <Storage> <Opcode : 'load' 'store'> <Ports = 2> <Width = 32> <Depth = 3> <RAM>
ST_1 : Operation 35 [2/2] (0.67ns)   --->   "%compute_controller_bool_bool_unsigned_int_bool_bool_bool_bool_bool_u_502 = load i2 %compute_controller_bool_bool_unsigned_int_bool_bool_bool_bool_bool_u_492" [/home/luka/Scripting/ELEC_498-Capstone-LiteLM/HLS-Verilog/Transformer_logic/src-hls/compute_controller.cpp:462]   --->   Operation 35 'load' 'compute_controller_bool_bool_unsigned_int_bool_bool_bool_bool_bool_u_502' <Predicate = (!icmp_ln461)> <Delay = 0.67> <CoreInst = "RAM">   --->   Core 82 'RAM' <Latency = 1> <II = 1> <Delay = 0.67> <Storage> <Opcode : 'load' 'store'> <Ports = 2> <Width = 32> <Depth = 3> <RAM>
ST_1 : Operation 36 [2/2] (0.67ns)   --->   "%compute_controller_bool_bool_unsigned_int_bool_bool_bool_bool_bool_u_503 = load i2 %compute_controller_bool_bool_unsigned_int_bool_bool_bool_bool_bool_u_493" [/home/luka/Scripting/ELEC_498-Capstone-LiteLM/HLS-Verilog/Transformer_logic/src-hls/compute_controller.cpp:462]   --->   Operation 36 'load' 'compute_controller_bool_bool_unsigned_int_bool_bool_bool_bool_bool_u_503' <Predicate = (!icmp_ln461)> <Delay = 0.67> <CoreInst = "RAM">   --->   Core 82 'RAM' <Latency = 1> <II = 1> <Delay = 0.67> <Storage> <Opcode : 'load' 'store'> <Ports = 2> <Width = 32> <Depth = 3> <RAM>
ST_1 : Operation 37 [2/2] (0.67ns)   --->   "%compute_controller_bool_bool_unsigned_int_bool_bool_bool_bool_bool_u_504 = load i2 %compute_controller_bool_bool_unsigned_int_bool_bool_bool_bool_bool_u_494" [/home/luka/Scripting/ELEC_498-Capstone-LiteLM/HLS-Verilog/Transformer_logic/src-hls/compute_controller.cpp:462]   --->   Operation 37 'load' 'compute_controller_bool_bool_unsigned_int_bool_bool_bool_bool_bool_u_504' <Predicate = (!icmp_ln461)> <Delay = 0.67> <CoreInst = "RAM">   --->   Core 82 'RAM' <Latency = 1> <II = 1> <Delay = 0.67> <Storage> <Opcode : 'load' 'store'> <Ports = 2> <Width = 32> <Depth = 3> <RAM>
ST_1 : Operation 38 [2/2] (0.67ns)   --->   "%compute_controller_bool_bool_unsigned_int_bool_bool_bool_bool_bool_u_505 = load i2 %compute_controller_bool_bool_unsigned_int_bool_bool_bool_bool_bool_u_495" [/home/luka/Scripting/ELEC_498-Capstone-LiteLM/HLS-Verilog/Transformer_logic/src-hls/compute_controller.cpp:462]   --->   Operation 38 'load' 'compute_controller_bool_bool_unsigned_int_bool_bool_bool_bool_bool_u_505' <Predicate = (!icmp_ln461)> <Delay = 0.67> <CoreInst = "RAM">   --->   Core 82 'RAM' <Latency = 1> <II = 1> <Delay = 0.67> <Storage> <Opcode : 'load' 'store'> <Ports = 2> <Width = 32> <Depth = 3> <RAM>
ST_1 : Operation 39 [2/2] (0.67ns)   --->   "%compute_controller_bool_bool_unsigned_int_bool_bool_bool_bool_bool_u_506 = load i2 %compute_controller_bool_bool_unsigned_int_bool_bool_bool_bool_bool_u_496" [/home/luka/Scripting/ELEC_498-Capstone-LiteLM/HLS-Verilog/Transformer_logic/src-hls/compute_controller.cpp:462]   --->   Operation 39 'load' 'compute_controller_bool_bool_unsigned_int_bool_bool_bool_bool_bool_u_506' <Predicate = (!icmp_ln461)> <Delay = 0.67> <CoreInst = "RAM">   --->   Core 82 'RAM' <Latency = 1> <II = 1> <Delay = 0.67> <Storage> <Opcode : 'load' 'store'> <Ports = 2> <Width = 32> <Depth = 3> <RAM>
ST_1 : Operation 40 [2/2] (0.67ns)   --->   "%compute_controller_bool_bool_unsigned_int_bool_bool_bool_bool_bool_u_507 = load i2 %compute_controller_bool_bool_unsigned_int_bool_bool_bool_bool_bool_u_497" [/home/luka/Scripting/ELEC_498-Capstone-LiteLM/HLS-Verilog/Transformer_logic/src-hls/compute_controller.cpp:462]   --->   Operation 40 'load' 'compute_controller_bool_bool_unsigned_int_bool_bool_bool_bool_bool_u_507' <Predicate = (!icmp_ln461)> <Delay = 0.67> <CoreInst = "RAM">   --->   Core 82 'RAM' <Latency = 1> <II = 1> <Delay = 0.67> <Storage> <Opcode : 'load' 'store'> <Ports = 2> <Width = 32> <Depth = 3> <RAM>
ST_1 : Operation 41 [2/2] (0.67ns)   --->   "%compute_controller_bool_bool_unsigned_int_bool_bool_bool_bool_bool_u_508 = load i2 %compute_controller_bool_bool_unsigned_int_bool_bool_bool_bool_bool_u_498" [/home/luka/Scripting/ELEC_498-Capstone-LiteLM/HLS-Verilog/Transformer_logic/src-hls/compute_controller.cpp:462]   --->   Operation 41 'load' 'compute_controller_bool_bool_unsigned_int_bool_bool_bool_bool_bool_u_508' <Predicate = (!icmp_ln461)> <Delay = 0.67> <CoreInst = "RAM">   --->   Core 82 'RAM' <Latency = 1> <II = 1> <Delay = 0.67> <Storage> <Opcode : 'load' 'store'> <Ports = 2> <Width = 32> <Depth = 3> <RAM>
ST_1 : Operation 42 [2/2] (0.67ns)   --->   "%p_ZZ18compute_controllerbbjRbS_bS_S_RjPKhPhR12ComputeStateS0_RhS6_S6_S6_S_S_S_S_E_264 = load i2 %p_ZZ18compute_controllerbbjRbS_bS_S_RjPKhPhR12ComputeStateS0_RhS6_S6_S6_S_S_S_S_E_258" [/home/luka/Scripting/ELEC_498-Capstone-LiteLM/HLS-Verilog/Transformer_logic/src-hls/compute_controller.cpp:462]   --->   Operation 42 'load' 'p_ZZ18compute_controllerbbjRbS_bS_S_RjPKhPhR12ComputeStateS0_RhS6_S6_S6_S_S_S_S_E_264' <Predicate = (!icmp_ln461)> <Delay = 0.67> <CoreInst = "RAM">   --->   Core 82 'RAM' <Latency = 1> <II = 1> <Delay = 0.67> <Storage> <Opcode : 'load' 'store'> <Ports = 2> <Width = 32> <Depth = 3> <RAM>
ST_1 : Operation 43 [2/2] (0.67ns)   --->   "%p_ZZ18compute_controllerbbjRbS_bS_S_RjPKhPhR12ComputeStateS0_RhS6_S6_S6_S_S_S_S_E_265 = load i2 %p_ZZ18compute_controllerbbjRbS_bS_S_RjPKhPhR12ComputeStateS0_RhS6_S6_S6_S_S_S_S_E_259" [/home/luka/Scripting/ELEC_498-Capstone-LiteLM/HLS-Verilog/Transformer_logic/src-hls/compute_controller.cpp:462]   --->   Operation 43 'load' 'p_ZZ18compute_controllerbbjRbS_bS_S_RjPKhPhR12ComputeStateS0_RhS6_S6_S6_S_S_S_S_E_265' <Predicate = (!icmp_ln461)> <Delay = 0.67> <CoreInst = "RAM">   --->   Core 82 'RAM' <Latency = 1> <II = 1> <Delay = 0.67> <Storage> <Opcode : 'load' 'store'> <Ports = 2> <Width = 32> <Depth = 3> <RAM>
ST_1 : Operation 44 [2/2] (0.67ns)   --->   "%p_ZZ18compute_controllerbbjRbS_bS_S_RjPKhPhR12ComputeStateS0_RhS6_S6_S6_S_S_S_S_E_266 = load i2 %p_ZZ18compute_controllerbbjRbS_bS_S_RjPKhPhR12ComputeStateS0_RhS6_S6_S6_S_S_S_S_E_260" [/home/luka/Scripting/ELEC_498-Capstone-LiteLM/HLS-Verilog/Transformer_logic/src-hls/compute_controller.cpp:462]   --->   Operation 44 'load' 'p_ZZ18compute_controllerbbjRbS_bS_S_RjPKhPhR12ComputeStateS0_RhS6_S6_S6_S_S_S_S_E_266' <Predicate = (!icmp_ln461)> <Delay = 0.67> <CoreInst = "RAM">   --->   Core 82 'RAM' <Latency = 1> <II = 1> <Delay = 0.67> <Storage> <Opcode : 'load' 'store'> <Ports = 2> <Width = 32> <Depth = 3> <RAM>
ST_1 : Operation 45 [2/2] (0.67ns)   --->   "%p_ZZ18compute_controllerbbjRbS_bS_S_RjPKhPhR12ComputeStateS0_RhS6_S6_S6_S_S_S_S_E_267 = load i2 %p_ZZ18compute_controllerbbjRbS_bS_S_RjPKhPhR12ComputeStateS0_RhS6_S6_S6_S_S_S_S_E_261" [/home/luka/Scripting/ELEC_498-Capstone-LiteLM/HLS-Verilog/Transformer_logic/src-hls/compute_controller.cpp:462]   --->   Operation 45 'load' 'p_ZZ18compute_controllerbbjRbS_bS_S_RjPKhPhR12ComputeStateS0_RhS6_S6_S6_S_S_S_S_E_267' <Predicate = (!icmp_ln461)> <Delay = 0.67> <CoreInst = "RAM">   --->   Core 82 'RAM' <Latency = 1> <II = 1> <Delay = 0.67> <Storage> <Opcode : 'load' 'store'> <Ports = 2> <Width = 32> <Depth = 3> <RAM>
ST_1 : Operation 46 [2/2] (0.67ns)   --->   "%p_ZZ18compute_controllerbbjRbS_bS_S_RjPKhPhR12ComputeStateS0_RhS6_S6_S6_S_S_S_S_E_268 = load i2 %p_ZZ18compute_controllerbbjRbS_bS_S_RjPKhPhR12ComputeStateS0_RhS6_S6_S6_S_S_S_S_E_262" [/home/luka/Scripting/ELEC_498-Capstone-LiteLM/HLS-Verilog/Transformer_logic/src-hls/compute_controller.cpp:462]   --->   Operation 46 'load' 'p_ZZ18compute_controllerbbjRbS_bS_S_RjPKhPhR12ComputeStateS0_RhS6_S6_S6_S_S_S_S_E_268' <Predicate = (!icmp_ln461)> <Delay = 0.67> <CoreInst = "RAM">   --->   Core 82 'RAM' <Latency = 1> <II = 1> <Delay = 0.67> <Storage> <Opcode : 'load' 'store'> <Ports = 2> <Width = 32> <Depth = 3> <RAM>
ST_1 : Operation 47 [2/2] (0.67ns)   --->   "%p_ZZ18compute_controllerbbjRbS_bS_S_RjPKhPhR12ComputeStateS0_RhS6_S6_S6_S_S_S_S_E_269 = load i2 %p_ZZ18compute_controllerbbjRbS_bS_S_RjPKhPhR12ComputeStateS0_RhS6_S6_S6_S_S_S_S_E_263" [/home/luka/Scripting/ELEC_498-Capstone-LiteLM/HLS-Verilog/Transformer_logic/src-hls/compute_controller.cpp:462]   --->   Operation 47 'load' 'p_ZZ18compute_controllerbbjRbS_bS_S_RjPKhPhR12ComputeStateS0_RhS6_S6_S6_S_S_S_S_E_269' <Predicate = (!icmp_ln461)> <Delay = 0.67> <CoreInst = "RAM">   --->   Core 82 'RAM' <Latency = 1> <II = 1> <Delay = 0.67> <Storage> <Opcode : 'load' 'store'> <Ports = 2> <Width = 32> <Depth = 3> <RAM>
ST_1 : Operation 48 [1/1] (0.42ns)   --->   "%store_ln461 = store i6 %add_ln461, i6 %t" [/home/luka/Scripting/ELEC_498-Capstone-LiteLM/HLS-Verilog/Transformer_logic/src-hls/compute_controller.cpp:461]   --->   Operation 48 'store' 'store_ln461' <Predicate = (!icmp_ln461)> <Delay = 0.42>
ST_1 : Operation 91 [1/1] (0.42ns)   --->   "%ret_ln0 = ret"   --->   Operation 91 'ret' 'ret_ln0' <Predicate = (icmp_ln461)> <Delay = 0.42>

State 2 <SV = 1> <Delay = 2.40>
ST_2 : Operation 49 [1/1] (0.00ns)   --->   "%trunc_ln461 = trunc i6 %t_2" [/home/luka/Scripting/ELEC_498-Capstone-LiteLM/HLS-Verilog/Transformer_logic/src-hls/compute_controller.cpp:461]   --->   Operation 49 'trunc' 'trunc_ln461' <Predicate = (!icmp_ln461)> <Delay = 0.00>
ST_2 : Operation 50 [1/2] ( I:0.67ns O:0.67ns )   --->   "%compute_controller_bool_bool_unsigned_int_bool_bool_bool_bool_bool_u_499 = load i2 %compute_controller_bool_bool_unsigned_int_bool_bool_bool_bool_bool_u_489" [/home/luka/Scripting/ELEC_498-Capstone-LiteLM/HLS-Verilog/Transformer_logic/src-hls/compute_controller.cpp:462]   --->   Operation 50 'load' 'compute_controller_bool_bool_unsigned_int_bool_bool_bool_bool_bool_u_499' <Predicate = (!icmp_ln461)> <Delay = 0.67> <CoreInst = "RAM">   --->   Core 82 'RAM' <Latency = 1> <II = 1> <Delay = 0.67> <Storage> <Opcode : 'load' 'store'> <Ports = 2> <Width = 32> <Depth = 3> <RAM>
ST_2 : Operation 51 [1/2] ( I:0.67ns O:0.67ns )   --->   "%compute_controller_bool_bool_unsigned_int_bool_bool_bool_bool_bool_u_500 = load i2 %compute_controller_bool_bool_unsigned_int_bool_bool_bool_bool_bool_u_490" [/home/luka/Scripting/ELEC_498-Capstone-LiteLM/HLS-Verilog/Transformer_logic/src-hls/compute_controller.cpp:462]   --->   Operation 51 'load' 'compute_controller_bool_bool_unsigned_int_bool_bool_bool_bool_bool_u_500' <Predicate = (!icmp_ln461)> <Delay = 0.67> <CoreInst = "RAM">   --->   Core 82 'RAM' <Latency = 1> <II = 1> <Delay = 0.67> <Storage> <Opcode : 'load' 'store'> <Ports = 2> <Width = 32> <Depth = 3> <RAM>
ST_2 : Operation 52 [1/2] ( I:0.67ns O:0.67ns )   --->   "%compute_controller_bool_bool_unsigned_int_bool_bool_bool_bool_bool_u_501 = load i2 %compute_controller_bool_bool_unsigned_int_bool_bool_bool_bool_bool_u_491" [/home/luka/Scripting/ELEC_498-Capstone-LiteLM/HLS-Verilog/Transformer_logic/src-hls/compute_controller.cpp:462]   --->   Operation 52 'load' 'compute_controller_bool_bool_unsigned_int_bool_bool_bool_bool_bool_u_501' <Predicate = (!icmp_ln461)> <Delay = 0.67> <CoreInst = "RAM">   --->   Core 82 'RAM' <Latency = 1> <II = 1> <Delay = 0.67> <Storage> <Opcode : 'load' 'store'> <Ports = 2> <Width = 32> <Depth = 3> <RAM>
ST_2 : Operation 53 [1/2] ( I:0.67ns O:0.67ns )   --->   "%compute_controller_bool_bool_unsigned_int_bool_bool_bool_bool_bool_u_502 = load i2 %compute_controller_bool_bool_unsigned_int_bool_bool_bool_bool_bool_u_492" [/home/luka/Scripting/ELEC_498-Capstone-LiteLM/HLS-Verilog/Transformer_logic/src-hls/compute_controller.cpp:462]   --->   Operation 53 'load' 'compute_controller_bool_bool_unsigned_int_bool_bool_bool_bool_bool_u_502' <Predicate = (!icmp_ln461)> <Delay = 0.67> <CoreInst = "RAM">   --->   Core 82 'RAM' <Latency = 1> <II = 1> <Delay = 0.67> <Storage> <Opcode : 'load' 'store'> <Ports = 2> <Width = 32> <Depth = 3> <RAM>
ST_2 : Operation 54 [1/2] ( I:0.67ns O:0.67ns )   --->   "%compute_controller_bool_bool_unsigned_int_bool_bool_bool_bool_bool_u_503 = load i2 %compute_controller_bool_bool_unsigned_int_bool_bool_bool_bool_bool_u_493" [/home/luka/Scripting/ELEC_498-Capstone-LiteLM/HLS-Verilog/Transformer_logic/src-hls/compute_controller.cpp:462]   --->   Operation 54 'load' 'compute_controller_bool_bool_unsigned_int_bool_bool_bool_bool_bool_u_503' <Predicate = (!icmp_ln461)> <Delay = 0.67> <CoreInst = "RAM">   --->   Core 82 'RAM' <Latency = 1> <II = 1> <Delay = 0.67> <Storage> <Opcode : 'load' 'store'> <Ports = 2> <Width = 32> <Depth = 3> <RAM>
ST_2 : Operation 55 [1/2] ( I:0.67ns O:0.67ns )   --->   "%compute_controller_bool_bool_unsigned_int_bool_bool_bool_bool_bool_u_504 = load i2 %compute_controller_bool_bool_unsigned_int_bool_bool_bool_bool_bool_u_494" [/home/luka/Scripting/ELEC_498-Capstone-LiteLM/HLS-Verilog/Transformer_logic/src-hls/compute_controller.cpp:462]   --->   Operation 55 'load' 'compute_controller_bool_bool_unsigned_int_bool_bool_bool_bool_bool_u_504' <Predicate = (!icmp_ln461)> <Delay = 0.67> <CoreInst = "RAM">   --->   Core 82 'RAM' <Latency = 1> <II = 1> <Delay = 0.67> <Storage> <Opcode : 'load' 'store'> <Ports = 2> <Width = 32> <Depth = 3> <RAM>
ST_2 : Operation 56 [1/2] ( I:0.67ns O:0.67ns )   --->   "%compute_controller_bool_bool_unsigned_int_bool_bool_bool_bool_bool_u_505 = load i2 %compute_controller_bool_bool_unsigned_int_bool_bool_bool_bool_bool_u_495" [/home/luka/Scripting/ELEC_498-Capstone-LiteLM/HLS-Verilog/Transformer_logic/src-hls/compute_controller.cpp:462]   --->   Operation 56 'load' 'compute_controller_bool_bool_unsigned_int_bool_bool_bool_bool_bool_u_505' <Predicate = (!icmp_ln461)> <Delay = 0.67> <CoreInst = "RAM">   --->   Core 82 'RAM' <Latency = 1> <II = 1> <Delay = 0.67> <Storage> <Opcode : 'load' 'store'> <Ports = 2> <Width = 32> <Depth = 3> <RAM>
ST_2 : Operation 57 [1/2] ( I:0.67ns O:0.67ns )   --->   "%compute_controller_bool_bool_unsigned_int_bool_bool_bool_bool_bool_u_506 = load i2 %compute_controller_bool_bool_unsigned_int_bool_bool_bool_bool_bool_u_496" [/home/luka/Scripting/ELEC_498-Capstone-LiteLM/HLS-Verilog/Transformer_logic/src-hls/compute_controller.cpp:462]   --->   Operation 57 'load' 'compute_controller_bool_bool_unsigned_int_bool_bool_bool_bool_bool_u_506' <Predicate = (!icmp_ln461)> <Delay = 0.67> <CoreInst = "RAM">   --->   Core 82 'RAM' <Latency = 1> <II = 1> <Delay = 0.67> <Storage> <Opcode : 'load' 'store'> <Ports = 2> <Width = 32> <Depth = 3> <RAM>
ST_2 : Operation 58 [1/2] ( I:0.67ns O:0.67ns )   --->   "%compute_controller_bool_bool_unsigned_int_bool_bool_bool_bool_bool_u_507 = load i2 %compute_controller_bool_bool_unsigned_int_bool_bool_bool_bool_bool_u_497" [/home/luka/Scripting/ELEC_498-Capstone-LiteLM/HLS-Verilog/Transformer_logic/src-hls/compute_controller.cpp:462]   --->   Operation 58 'load' 'compute_controller_bool_bool_unsigned_int_bool_bool_bool_bool_bool_u_507' <Predicate = (!icmp_ln461)> <Delay = 0.67> <CoreInst = "RAM">   --->   Core 82 'RAM' <Latency = 1> <II = 1> <Delay = 0.67> <Storage> <Opcode : 'load' 'store'> <Ports = 2> <Width = 32> <Depth = 3> <RAM>
ST_2 : Operation 59 [1/2] ( I:0.67ns O:0.67ns )   --->   "%compute_controller_bool_bool_unsigned_int_bool_bool_bool_bool_bool_u_508 = load i2 %compute_controller_bool_bool_unsigned_int_bool_bool_bool_bool_bool_u_498" [/home/luka/Scripting/ELEC_498-Capstone-LiteLM/HLS-Verilog/Transformer_logic/src-hls/compute_controller.cpp:462]   --->   Operation 59 'load' 'compute_controller_bool_bool_unsigned_int_bool_bool_bool_bool_bool_u_508' <Predicate = (!icmp_ln461)> <Delay = 0.67> <CoreInst = "RAM">   --->   Core 82 'RAM' <Latency = 1> <II = 1> <Delay = 0.67> <Storage> <Opcode : 'load' 'store'> <Ports = 2> <Width = 32> <Depth = 3> <RAM>
ST_2 : Operation 60 [1/2] ( I:0.67ns O:0.67ns )   --->   "%p_ZZ18compute_controllerbbjRbS_bS_S_RjPKhPhR12ComputeStateS0_RhS6_S6_S6_S_S_S_S_E_264 = load i2 %p_ZZ18compute_controllerbbjRbS_bS_S_RjPKhPhR12ComputeStateS0_RhS6_S6_S6_S_S_S_S_E_258" [/home/luka/Scripting/ELEC_498-Capstone-LiteLM/HLS-Verilog/Transformer_logic/src-hls/compute_controller.cpp:462]   --->   Operation 60 'load' 'p_ZZ18compute_controllerbbjRbS_bS_S_RjPKhPhR12ComputeStateS0_RhS6_S6_S6_S_S_S_S_E_264' <Predicate = (!icmp_ln461)> <Delay = 0.67> <CoreInst = "RAM">   --->   Core 82 'RAM' <Latency = 1> <II = 1> <Delay = 0.67> <Storage> <Opcode : 'load' 'store'> <Ports = 2> <Width = 32> <Depth = 3> <RAM>
ST_2 : Operation 61 [1/2] ( I:0.67ns O:0.67ns )   --->   "%p_ZZ18compute_controllerbbjRbS_bS_S_RjPKhPhR12ComputeStateS0_RhS6_S6_S6_S_S_S_S_E_265 = load i2 %p_ZZ18compute_controllerbbjRbS_bS_S_RjPKhPhR12ComputeStateS0_RhS6_S6_S6_S_S_S_S_E_259" [/home/luka/Scripting/ELEC_498-Capstone-LiteLM/HLS-Verilog/Transformer_logic/src-hls/compute_controller.cpp:462]   --->   Operation 61 'load' 'p_ZZ18compute_controllerbbjRbS_bS_S_RjPKhPhR12ComputeStateS0_RhS6_S6_S6_S_S_S_S_E_265' <Predicate = (!icmp_ln461)> <Delay = 0.67> <CoreInst = "RAM">   --->   Core 82 'RAM' <Latency = 1> <II = 1> <Delay = 0.67> <Storage> <Opcode : 'load' 'store'> <Ports = 2> <Width = 32> <Depth = 3> <RAM>
ST_2 : Operation 62 [1/2] ( I:0.67ns O:0.67ns )   --->   "%p_ZZ18compute_controllerbbjRbS_bS_S_RjPKhPhR12ComputeStateS0_RhS6_S6_S6_S_S_S_S_E_266 = load i2 %p_ZZ18compute_controllerbbjRbS_bS_S_RjPKhPhR12ComputeStateS0_RhS6_S6_S6_S_S_S_S_E_260" [/home/luka/Scripting/ELEC_498-Capstone-LiteLM/HLS-Verilog/Transformer_logic/src-hls/compute_controller.cpp:462]   --->   Operation 62 'load' 'p_ZZ18compute_controllerbbjRbS_bS_S_RjPKhPhR12ComputeStateS0_RhS6_S6_S6_S_S_S_S_E_266' <Predicate = (!icmp_ln461)> <Delay = 0.67> <CoreInst = "RAM">   --->   Core 82 'RAM' <Latency = 1> <II = 1> <Delay = 0.67> <Storage> <Opcode : 'load' 'store'> <Ports = 2> <Width = 32> <Depth = 3> <RAM>
ST_2 : Operation 63 [1/2] ( I:0.67ns O:0.67ns )   --->   "%p_ZZ18compute_controllerbbjRbS_bS_S_RjPKhPhR12ComputeStateS0_RhS6_S6_S6_S_S_S_S_E_267 = load i2 %p_ZZ18compute_controllerbbjRbS_bS_S_RjPKhPhR12ComputeStateS0_RhS6_S6_S6_S_S_S_S_E_261" [/home/luka/Scripting/ELEC_498-Capstone-LiteLM/HLS-Verilog/Transformer_logic/src-hls/compute_controller.cpp:462]   --->   Operation 63 'load' 'p_ZZ18compute_controllerbbjRbS_bS_S_RjPKhPhR12ComputeStateS0_RhS6_S6_S6_S_S_S_S_E_267' <Predicate = (!icmp_ln461)> <Delay = 0.67> <CoreInst = "RAM">   --->   Core 82 'RAM' <Latency = 1> <II = 1> <Delay = 0.67> <Storage> <Opcode : 'load' 'store'> <Ports = 2> <Width = 32> <Depth = 3> <RAM>
ST_2 : Operation 64 [1/2] ( I:0.67ns O:0.67ns )   --->   "%p_ZZ18compute_controllerbbjRbS_bS_S_RjPKhPhR12ComputeStateS0_RhS6_S6_S6_S_S_S_S_E_268 = load i2 %p_ZZ18compute_controllerbbjRbS_bS_S_RjPKhPhR12ComputeStateS0_RhS6_S6_S6_S_S_S_S_E_262" [/home/luka/Scripting/ELEC_498-Capstone-LiteLM/HLS-Verilog/Transformer_logic/src-hls/compute_controller.cpp:462]   --->   Operation 64 'load' 'p_ZZ18compute_controllerbbjRbS_bS_S_RjPKhPhR12ComputeStateS0_RhS6_S6_S6_S_S_S_S_E_268' <Predicate = (!icmp_ln461)> <Delay = 0.67> <CoreInst = "RAM">   --->   Core 82 'RAM' <Latency = 1> <II = 1> <Delay = 0.67> <Storage> <Opcode : 'load' 'store'> <Ports = 2> <Width = 32> <Depth = 3> <RAM>
ST_2 : Operation 65 [1/2] ( I:0.67ns O:0.67ns )   --->   "%p_ZZ18compute_controllerbbjRbS_bS_S_RjPKhPhR12ComputeStateS0_RhS6_S6_S6_S_S_S_S_E_269 = load i2 %p_ZZ18compute_controllerbbjRbS_bS_S_RjPKhPhR12ComputeStateS0_RhS6_S6_S6_S_S_S_S_E_263" [/home/luka/Scripting/ELEC_498-Capstone-LiteLM/HLS-Verilog/Transformer_logic/src-hls/compute_controller.cpp:462]   --->   Operation 65 'load' 'p_ZZ18compute_controllerbbjRbS_bS_S_RjPKhPhR12ComputeStateS0_RhS6_S6_S6_S_S_S_S_E_269' <Predicate = (!icmp_ln461)> <Delay = 0.67> <CoreInst = "RAM">   --->   Core 82 'RAM' <Latency = 1> <II = 1> <Delay = 0.67> <Storage> <Opcode : 'load' 'store'> <Ports = 2> <Width = 32> <Depth = 3> <RAM>
ST_2 : Operation 66 [1/1] (0.48ns)   --->   "%v = sparsemux i32 @_ssdm_op_SparseMux.ap_auto.16i32.i32.i4, i4 0, i32 %compute_controller_bool_bool_unsigned_int_bool_bool_bool_bool_bool_u_499, i4 1, i32 %compute_controller_bool_bool_unsigned_int_bool_bool_bool_bool_bool_u_500, i4 2, i32 %compute_controller_bool_bool_unsigned_int_bool_bool_bool_bool_bool_u_501, i4 3, i32 %compute_controller_bool_bool_unsigned_int_bool_bool_bool_bool_bool_u_502, i4 4, i32 %compute_controller_bool_bool_unsigned_int_bool_bool_bool_bool_bool_u_503, i4 5, i32 %compute_controller_bool_bool_unsigned_int_bool_bool_bool_bool_bool_u_504, i4 6, i32 %compute_controller_bool_bool_unsigned_int_bool_bool_bool_bool_bool_u_505, i4 7, i32 %compute_controller_bool_bool_unsigned_int_bool_bool_bool_bool_bool_u_506, i4 8, i32 %compute_controller_bool_bool_unsigned_int_bool_bool_bool_bool_bool_u_507, i4 9, i32 %compute_controller_bool_bool_unsigned_int_bool_bool_bool_bool_bool_u_508, i4 10, i32 %p_ZZ18compute_controllerbbjRbS_bS_S_RjPKhPhR12ComputeStateS0_RhS6_S6_S6_S_S_S_S_E_264, i4 11, i32 %p_ZZ18compute_controllerbbjRbS_bS_S_RjPKhPhR12ComputeStateS0_RhS6_S6_S6_S_S_S_S_E_265, i4 12, i32 %p_ZZ18compute_controllerbbjRbS_bS_S_RjPKhPhR12ComputeStateS0_RhS6_S6_S6_S_S_S_S_E_266, i4 13, i32 %p_ZZ18compute_controllerbbjRbS_bS_S_RjPKhPhR12ComputeStateS0_RhS6_S6_S6_S_S_S_S_E_267, i4 14, i32 %p_ZZ18compute_controllerbbjRbS_bS_S_RjPKhPhR12ComputeStateS0_RhS6_S6_S6_S_S_S_S_E_268, i4 15, i32 %p_ZZ18compute_controllerbbjRbS_bS_S_RjPKhPhR12ComputeStateS0_RhS6_S6_S6_S_S_S_S_E_269, i32 0, i4 %trunc_ln461" [/home/luka/Scripting/ELEC_498-Capstone-LiteLM/HLS-Verilog/Transformer_logic/src-hls/compute_controller.cpp:462]   --->   Operation 66 'sparsemux' 'v' <Predicate = (!icmp_ln461)> <Delay = 0.48> <CoreInst = "BinarySparseMux_DontCare">   --->   Core 149 'BinarySparseMux_DontCare' <Latency = 0> <II = 1> <Delay = 0.48> <FuncUnit> <Opcode : 'sparsemux'> <InPorts = 2> <OutPorts = 1>
ST_2 : Operation 67 [1/1] (0.00ns)   --->   "%byte_addr_assign_2 = bitconcatenate i8 @_ssdm_op_BitConcatenate.i8.i6.i2, i6 %t_2, i2 0" [/home/luka/Scripting/ELEC_498-Capstone-LiteLM/HLS-Verilog/Transformer_logic/src-hls/compute_controller.cpp:462]   --->   Operation 67 'bitconcatenate' 'byte_addr_assign_2' <Predicate = (!icmp_ln461)> <Delay = 0.00>
ST_2 : Operation 68 [1/1] (0.00ns)   --->   "%trunc_ln628 = trunc i32 %v" [/home/luka/Scripting/ELEC_498-Capstone-LiteLM/HLS-Verilog/Transformer_logic/src-hls/../../top_params.hpp:628->/home/luka/Scripting/ELEC_498-Capstone-LiteLM/HLS-Verilog/Transformer_logic/src-hls/compute_controller.cpp:462]   --->   Operation 68 'trunc' 'trunc_ln628' <Predicate = (!icmp_ln461)> <Delay = 0.00>
ST_2 : Operation 69 [1/1] (0.00ns)   --->   "%zext_ln628 = zext i8 %byte_addr_assign_2" [/home/luka/Scripting/ELEC_498-Capstone-LiteLM/HLS-Verilog/Transformer_logic/src-hls/../../top_params.hpp:628->/home/luka/Scripting/ELEC_498-Capstone-LiteLM/HLS-Verilog/Transformer_logic/src-hls/compute_controller.cpp:462]   --->   Operation 69 'zext' 'zext_ln628' <Predicate = (!icmp_ln461)> <Delay = 0.00>
ST_2 : Operation 70 [1/1] (0.00ns)   --->   "%out_buf_addr = getelementptr i8 %out_buf, i64 0, i64 %zext_ln628" [/home/luka/Scripting/ELEC_498-Capstone-LiteLM/HLS-Verilog/Transformer_logic/src-hls/../../top_params.hpp:628->/home/luka/Scripting/ELEC_498-Capstone-LiteLM/HLS-Verilog/Transformer_logic/src-hls/compute_controller.cpp:462]   --->   Operation 70 'getelementptr' 'out_buf_addr' <Predicate = (!icmp_ln461)> <Delay = 0.00>
ST_2 : Operation 71 [1/1] ( I:1.23ns O:1.23ns )   --->   "%store_ln628 = store i8 %trunc_ln628, i10 %out_buf_addr" [/home/luka/Scripting/ELEC_498-Capstone-LiteLM/HLS-Verilog/Transformer_logic/src-hls/../../top_params.hpp:628->/home/luka/Scripting/ELEC_498-Capstone-LiteLM/HLS-Verilog/Transformer_logic/src-hls/compute_controller.cpp:462]   --->   Operation 71 'store' 'store_ln628' <Predicate = (!icmp_ln461)> <Delay = 1.23> <CoreInst = "RAM">   --->   Core 82 'RAM' <Latency = 1> <II = 1> <Delay = 1.23> <Storage> <Opcode : 'load' 'store'> <Ports = 2> <Width = 8> <Depth = 768> <RAM>
ST_2 : Operation 72 [1/1] (0.00ns)   --->   "%trunc_ln629_1 = partselect i8 @_ssdm_op_PartSelect.i8.i32.i32.i32, i32 %v, i32 8, i32 15" [/home/luka/Scripting/ELEC_498-Capstone-LiteLM/HLS-Verilog/Transformer_logic/src-hls/../../top_params.hpp:629->/home/luka/Scripting/ELEC_498-Capstone-LiteLM/HLS-Verilog/Transformer_logic/src-hls/compute_controller.cpp:462]   --->   Operation 72 'partselect' 'trunc_ln629_1' <Predicate = (!icmp_ln461)> <Delay = 0.00>
ST_2 : Operation 73 [1/1] (0.00ns)   --->   "%or_ln629_1 = bitconcatenate i8 @_ssdm_op_BitConcatenate.i8.i6.i2, i6 %t_2, i2 1" [/home/luka/Scripting/ELEC_498-Capstone-LiteLM/HLS-Verilog/Transformer_logic/src-hls/../../top_params.hpp:629->/home/luka/Scripting/ELEC_498-Capstone-LiteLM/HLS-Verilog/Transformer_logic/src-hls/compute_controller.cpp:462]   --->   Operation 73 'bitconcatenate' 'or_ln629_1' <Predicate = (!icmp_ln461)> <Delay = 0.00>
ST_2 : Operation 74 [1/1] (0.00ns)   --->   "%zext_ln629 = zext i8 %or_ln629_1" [/home/luka/Scripting/ELEC_498-Capstone-LiteLM/HLS-Verilog/Transformer_logic/src-hls/../../top_params.hpp:629->/home/luka/Scripting/ELEC_498-Capstone-LiteLM/HLS-Verilog/Transformer_logic/src-hls/compute_controller.cpp:462]   --->   Operation 74 'zext' 'zext_ln629' <Predicate = (!icmp_ln461)> <Delay = 0.00>
ST_2 : Operation 75 [1/1] (0.00ns)   --->   "%out_buf_addr_6 = getelementptr i8 %out_buf, i64 0, i64 %zext_ln629" [/home/luka/Scripting/ELEC_498-Capstone-LiteLM/HLS-Verilog/Transformer_logic/src-hls/../../top_params.hpp:629->/home/luka/Scripting/ELEC_498-Capstone-LiteLM/HLS-Verilog/Transformer_logic/src-hls/compute_controller.cpp:462]   --->   Operation 75 'getelementptr' 'out_buf_addr_6' <Predicate = (!icmp_ln461)> <Delay = 0.00>
ST_2 : Operation 76 [1/1] ( I:1.23ns O:1.23ns )   --->   "%store_ln629 = store i8 %trunc_ln629_1, i10 %out_buf_addr_6" [/home/luka/Scripting/ELEC_498-Capstone-LiteLM/HLS-Verilog/Transformer_logic/src-hls/../../top_params.hpp:629->/home/luka/Scripting/ELEC_498-Capstone-LiteLM/HLS-Verilog/Transformer_logic/src-hls/compute_controller.cpp:462]   --->   Operation 76 'store' 'store_ln629' <Predicate = (!icmp_ln461)> <Delay = 1.23> <CoreInst = "RAM">   --->   Core 82 'RAM' <Latency = 1> <II = 1> <Delay = 1.23> <Storage> <Opcode : 'load' 'store'> <Ports = 2> <Width = 8> <Depth = 768> <RAM>
ST_2 : Operation 77 [1/1] (0.00ns)   --->   "%trunc_ln630_1 = partselect i8 @_ssdm_op_PartSelect.i8.i32.i32.i32, i32 %v, i32 16, i32 23" [/home/luka/Scripting/ELEC_498-Capstone-LiteLM/HLS-Verilog/Transformer_logic/src-hls/../../top_params.hpp:630->/home/luka/Scripting/ELEC_498-Capstone-LiteLM/HLS-Verilog/Transformer_logic/src-hls/compute_controller.cpp:462]   --->   Operation 77 'partselect' 'trunc_ln630_1' <Predicate = (!icmp_ln461)> <Delay = 0.00>
ST_2 : Operation 78 [1/1] (0.00ns)   --->   "%trunc_ln631_1 = partselect i8 @_ssdm_op_PartSelect.i8.i32.i32.i32, i32 %v, i32 24, i32 31" [/home/luka/Scripting/ELEC_498-Capstone-LiteLM/HLS-Verilog/Transformer_logic/src-hls/../../top_params.hpp:631->/home/luka/Scripting/ELEC_498-Capstone-LiteLM/HLS-Verilog/Transformer_logic/src-hls/compute_controller.cpp:462]   --->   Operation 78 'partselect' 'trunc_ln631_1' <Predicate = (!icmp_ln461)> <Delay = 0.00>

State 3 <SV = 2> <Delay = 1.23>
ST_3 : Operation 79 [1/1] (0.00ns)   --->   "%specpipeline_ln461 = specpipeline void @_ssdm_op_SpecPipeline, i32 4294967295, i32 0, i32 0, i32 0, void @empty_15" [/home/luka/Scripting/ELEC_498-Capstone-LiteLM/HLS-Verilog/Transformer_logic/src-hls/compute_controller.cpp:461]   --->   Operation 79 'specpipeline' 'specpipeline_ln461' <Predicate = true> <Delay = 0.00>
ST_3 : Operation 80 [1/1] (0.00ns)   --->   "%speclooptripcount_ln461 = speclooptripcount void @_ssdm_op_SpecLoopTripCount, i64 48, i64 48, i64 48" [/home/luka/Scripting/ELEC_498-Capstone-LiteLM/HLS-Verilog/Transformer_logic/src-hls/compute_controller.cpp:461]   --->   Operation 80 'speclooptripcount' 'speclooptripcount_ln461' <Predicate = true> <Delay = 0.00>
ST_3 : Operation 81 [1/1] (0.00ns)   --->   "%specloopname_ln461 = specloopname void @_ssdm_op_SpecLoopName, void @empty_6" [/home/luka/Scripting/ELEC_498-Capstone-LiteLM/HLS-Verilog/Transformer_logic/src-hls/compute_controller.cpp:461]   --->   Operation 81 'specloopname' 'specloopname_ln461' <Predicate = true> <Delay = 0.00>
ST_3 : Operation 82 [1/1] (0.00ns)   --->   "%or_ln630_1 = bitconcatenate i8 @_ssdm_op_BitConcatenate.i8.i6.i2, i6 %t_2, i2 2" [/home/luka/Scripting/ELEC_498-Capstone-LiteLM/HLS-Verilog/Transformer_logic/src-hls/../../top_params.hpp:630->/home/luka/Scripting/ELEC_498-Capstone-LiteLM/HLS-Verilog/Transformer_logic/src-hls/compute_controller.cpp:462]   --->   Operation 82 'bitconcatenate' 'or_ln630_1' <Predicate = true> <Delay = 0.00>
ST_3 : Operation 83 [1/1] (0.00ns)   --->   "%zext_ln630 = zext i8 %or_ln630_1" [/home/luka/Scripting/ELEC_498-Capstone-LiteLM/HLS-Verilog/Transformer_logic/src-hls/../../top_params.hpp:630->/home/luka/Scripting/ELEC_498-Capstone-LiteLM/HLS-Verilog/Transformer_logic/src-hls/compute_controller.cpp:462]   --->   Operation 83 'zext' 'zext_ln630' <Predicate = true> <Delay = 0.00>
ST_3 : Operation 84 [1/1] (0.00ns)   --->   "%out_buf_addr_7 = getelementptr i8 %out_buf, i64 0, i64 %zext_ln630" [/home/luka/Scripting/ELEC_498-Capstone-LiteLM/HLS-Verilog/Transformer_logic/src-hls/../../top_params.hpp:630->/home/luka/Scripting/ELEC_498-Capstone-LiteLM/HLS-Verilog/Transformer_logic/src-hls/compute_controller.cpp:462]   --->   Operation 84 'getelementptr' 'out_buf_addr_7' <Predicate = true> <Delay = 0.00>
ST_3 : Operation 85 [1/1] ( I:1.23ns O:1.23ns )   --->   "%store_ln630 = store i8 %trunc_ln630_1, i10 %out_buf_addr_7" [/home/luka/Scripting/ELEC_498-Capstone-LiteLM/HLS-Verilog/Transformer_logic/src-hls/../../top_params.hpp:630->/home/luka/Scripting/ELEC_498-Capstone-LiteLM/HLS-Verilog/Transformer_logic/src-hls/compute_controller.cpp:462]   --->   Operation 85 'store' 'store_ln630' <Predicate = true> <Delay = 1.23> <CoreInst = "RAM">   --->   Core 82 'RAM' <Latency = 1> <II = 1> <Delay = 1.23> <Storage> <Opcode : 'load' 'store'> <Ports = 2> <Width = 8> <Depth = 768> <RAM>
ST_3 : Operation 86 [1/1] (0.00ns)   --->   "%or_ln631_1 = bitconcatenate i8 @_ssdm_op_BitConcatenate.i8.i6.i2, i6 %t_2, i2 3" [/home/luka/Scripting/ELEC_498-Capstone-LiteLM/HLS-Verilog/Transformer_logic/src-hls/../../top_params.hpp:631->/home/luka/Scripting/ELEC_498-Capstone-LiteLM/HLS-Verilog/Transformer_logic/src-hls/compute_controller.cpp:462]   --->   Operation 86 'bitconcatenate' 'or_ln631_1' <Predicate = true> <Delay = 0.00>
ST_3 : Operation 87 [1/1] (0.00ns)   --->   "%zext_ln631 = zext i8 %or_ln631_1" [/home/luka/Scripting/ELEC_498-Capstone-LiteLM/HLS-Verilog/Transformer_logic/src-hls/../../top_params.hpp:631->/home/luka/Scripting/ELEC_498-Capstone-LiteLM/HLS-Verilog/Transformer_logic/src-hls/compute_controller.cpp:462]   --->   Operation 87 'zext' 'zext_ln631' <Predicate = true> <Delay = 0.00>
ST_3 : Operation 88 [1/1] (0.00ns)   --->   "%out_buf_addr_8 = getelementptr i8 %out_buf, i64 0, i64 %zext_ln631" [/home/luka/Scripting/ELEC_498-Capstone-LiteLM/HLS-Verilog/Transformer_logic/src-hls/../../top_params.hpp:631->/home/luka/Scripting/ELEC_498-Capstone-LiteLM/HLS-Verilog/Transformer_logic/src-hls/compute_controller.cpp:462]   --->   Operation 88 'getelementptr' 'out_buf_addr_8' <Predicate = true> <Delay = 0.00>
ST_3 : Operation 89 [1/1] ( I:1.23ns O:1.23ns )   --->   "%store_ln631 = store i8 %trunc_ln631_1, i10 %out_buf_addr_8" [/home/luka/Scripting/ELEC_498-Capstone-LiteLM/HLS-Verilog/Transformer_logic/src-hls/../../top_params.hpp:631->/home/luka/Scripting/ELEC_498-Capstone-LiteLM/HLS-Verilog/Transformer_logic/src-hls/compute_controller.cpp:462]   --->   Operation 89 'store' 'store_ln631' <Predicate = true> <Delay = 1.23> <CoreInst = "RAM">   --->   Core 82 'RAM' <Latency = 1> <II = 1> <Delay = 1.23> <Storage> <Opcode : 'load' 'store'> <Ports = 2> <Width = 8> <Depth = 768> <RAM>
ST_3 : Operation 90 [1/1] (0.00ns)   --->   "%br_ln461 = br void %for.inc314" [/home/luka/Scripting/ELEC_498-Capstone-LiteLM/HLS-Verilog/Transformer_logic/src-hls/compute_controller.cpp:461]   --->   Operation 90 'br' 'br_ln461' <Predicate = true> <Delay = 0.00>


============================================================
+ Verbose Summary: Binding
============================================================
STG Binding: 
---------------- STG Properties BEGIN ----------------
- Is combinational: 0
- Is one-state seq: 0
- Is datapath-only: 0
- Is pipelined: 0
- Is top level: 0
Port [ Return ] is wired: 1; IO mode=ap_ctrl_hs:ce=0
Port [ out_buf]:  wired=1; compound=1; hidden=0; nouse=0; global=0; static=0; extern=0; dir=1; type=1; pingpong=0; private_global=0; MemPort=[00]; IO mode=ap_memory:ce=0
Port [ compute_controller_bool_bool_unsigned_int_bool_bool_bool_bool_bool_u_89]:  wired=1; compound=1; hidden=0; nouse=0; global=1; static=1; extern=0; dir=0; type=1; pingpong=0; private_global=0; MemPort=[13]; IO mode=ap_memory:ce=0
Port [ compute_controller_bool_bool_unsigned_int_bool_bool_bool_bool_bool_u_88]:  wired=1; compound=1; hidden=0; nouse=0; global=1; static=1; extern=0; dir=0; type=1; pingpong=0; private_global=0; MemPort=[13]; IO mode=ap_memory:ce=0
Port [ compute_controller_bool_bool_unsigned_int_bool_bool_bool_bool_bool_u_87]:  wired=1; compound=1; hidden=0; nouse=0; global=1; static=1; extern=0; dir=0; type=1; pingpong=0; private_global=0; MemPort=[13]; IO mode=ap_memory:ce=0
Port [ compute_controller_bool_bool_unsigned_int_bool_bool_bool_bool_bool_u_86]:  wired=1; compound=1; hidden=0; nouse=0; global=1; static=1; extern=0; dir=0; type=1; pingpong=0; private_global=0; MemPort=[13]; IO mode=ap_memory:ce=0
Port [ compute_controller_bool_bool_unsigned_int_bool_bool_bool_bool_bool_u_85]:  wired=1; compound=1; hidden=0; nouse=0; global=1; static=1; extern=0; dir=0; type=1; pingpong=0; private_global=0; MemPort=[13]; IO mode=ap_memory:ce=0
Port [ compute_controller_bool_bool_unsigned_int_bool_bool_bool_bool_bool_u_84]:  wired=1; compound=1; hidden=0; nouse=0; global=1; static=1; extern=0; dir=0; type=1; pingpong=0; private_global=0; MemPort=[13]; IO mode=ap_memory:ce=0
Port [ compute_controller_bool_bool_unsigned_int_bool_bool_bool_bool_bool_u_83]:  wired=1; compound=1; hidden=0; nouse=0; global=1; static=1; extern=0; dir=0; type=1; pingpong=0; private_global=0; MemPort=[13]; IO mode=ap_memory:ce=0
Port [ compute_controller_bool_bool_unsigned_int_bool_bool_bool_bool_bool_u_82]:  wired=1; compound=1; hidden=0; nouse=0; global=1; static=1; extern=0; dir=0; type=1; pingpong=0; private_global=0; MemPort=[13]; IO mode=ap_memory:ce=0
Port [ compute_controller_bool_bool_unsigned_int_bool_bool_bool_bool_bool_u_81]:  wired=1; compound=1; hidden=0; nouse=0; global=1; static=1; extern=0; dir=0; type=1; pingpong=0; private_global=0; MemPort=[13]; IO mode=ap_memory:ce=0
Port [ compute_controller_bool_bool_unsigned_int_bool_bool_bool_bool_bool_u_80]:  wired=1; compound=1; hidden=0; nouse=0; global=1; static=1; extern=0; dir=0; type=1; pingpong=0; private_global=0; MemPort=[13]; IO mode=ap_memory:ce=0
Port [ p_ZZ18compute_controllerbbjRbS_bS_S_RjPKhPhR12ComputeStateS0_RhS6_S6_S6_S_S_S_S_E_71]:  wired=1; compound=1; hidden=0; nouse=0; global=1; static=1; extern=0; dir=0; type=1; pingpong=0; private_global=0; MemPort=[13]; IO mode=ap_memory:ce=0
Port [ p_ZZ18compute_controllerbbjRbS_bS_S_RjPKhPhR12ComputeStateS0_RhS6_S6_S6_S_S_S_S_E_70]:  wired=1; compound=1; hidden=0; nouse=0; global=1; static=1; extern=0; dir=0; type=1; pingpong=0; private_global=0; MemPort=[13]; IO mode=ap_memory:ce=0
Port [ p_ZZ18compute_controllerbbjRbS_bS_S_RjPKhPhR12ComputeStateS0_RhS6_S6_S6_S_S_S_S_E_69]:  wired=1; compound=1; hidden=0; nouse=0; global=1; static=1; extern=0; dir=0; type=1; pingpong=0; private_global=0; MemPort=[13]; IO mode=ap_memory:ce=0
Port [ p_ZZ18compute_controllerbbjRbS_bS_S_RjPKhPhR12ComputeStateS0_RhS6_S6_S6_S_S_S_S_E_68]:  wired=1; compound=1; hidden=0; nouse=0; global=1; static=1; extern=0; dir=0; type=1; pingpong=0; private_global=0; MemPort=[13]; IO mode=ap_memory:ce=0
Port [ p_ZZ18compute_controllerbbjRbS_bS_S_RjPKhPhR12ComputeStateS0_RhS6_S6_S6_S_S_S_S_E_67]:  wired=1; compound=1; hidden=0; nouse=0; global=1; static=1; extern=0; dir=0; type=1; pingpong=0; private_global=0; MemPort=[13]; IO mode=ap_memory:ce=0
Port [ p_ZZ18compute_controllerbbjRbS_bS_S_RjPKhPhR12ComputeStateS0_RhS6_S6_S6_S_S_S_S_E_66]:  wired=1; compound=1; hidden=0; nouse=0; global=1; static=1; extern=0; dir=0; type=1; pingpong=0; private_global=0; MemPort=[13]; IO mode=ap_memory:ce=0
---------------- STG Properties END ------------------

---------------- Datapath Model BEGIN ----------------

<LifeTime>
<method=bitvector/>
t                                                                                     (alloca           ) [ 0100]
specinterface_ln0                                                                     (specinterface    ) [ 0000]
store_ln461                                                                           (store            ) [ 0000]
br_ln0                                                                                (br               ) [ 0000]
t_2                                                                                   (load             ) [ 0111]
icmp_ln461                                                                            (icmp             ) [ 0110]
add_ln461                                                                             (add              ) [ 0000]
br_ln461                                                                              (br               ) [ 0000]
lshr_ln                                                                               (partselect       ) [ 0000]
zext_ln461                                                                            (zext             ) [ 0000]
compute_controller_bool_bool_unsigned_int_bool_bool_bool_bool_bool_u_489              (getelementptr    ) [ 0010]
compute_controller_bool_bool_unsigned_int_bool_bool_bool_bool_bool_u_490              (getelementptr    ) [ 0010]
compute_controller_bool_bool_unsigned_int_bool_bool_bool_bool_bool_u_491              (getelementptr    ) [ 0010]
compute_controller_bool_bool_unsigned_int_bool_bool_bool_bool_bool_u_492              (getelementptr    ) [ 0010]
compute_controller_bool_bool_unsigned_int_bool_bool_bool_bool_bool_u_493              (getelementptr    ) [ 0010]
compute_controller_bool_bool_unsigned_int_bool_bool_bool_bool_bool_u_494              (getelementptr    ) [ 0010]
compute_controller_bool_bool_unsigned_int_bool_bool_bool_bool_bool_u_495              (getelementptr    ) [ 0010]
compute_controller_bool_bool_unsigned_int_bool_bool_bool_bool_bool_u_496              (getelementptr    ) [ 0010]
compute_controller_bool_bool_unsigned_int_bool_bool_bool_bool_bool_u_497              (getelementptr    ) [ 0010]
compute_controller_bool_bool_unsigned_int_bool_bool_bool_bool_bool_u_498              (getelementptr    ) [ 0010]
p_ZZ18compute_controllerbbjRbS_bS_S_RjPKhPhR12ComputeStateS0_RhS6_S6_S6_S_S_S_S_E_258 (getelementptr    ) [ 0010]
p_ZZ18compute_controllerbbjRbS_bS_S_RjPKhPhR12ComputeStateS0_RhS6_S6_S6_S_S_S_S_E_259 (getelementptr    ) [ 0010]
p_ZZ18compute_controllerbbjRbS_bS_S_RjPKhPhR12ComputeStateS0_RhS6_S6_S6_S_S_S_S_E_260 (getelementptr    ) [ 0010]
p_ZZ18compute_controllerbbjRbS_bS_S_RjPKhPhR12ComputeStateS0_RhS6_S6_S6_S_S_S_S_E_261 (getelementptr    ) [ 0010]
p_ZZ18compute_controllerbbjRbS_bS_S_RjPKhPhR12ComputeStateS0_RhS6_S6_S6_S_S_S_S_E_262 (getelementptr    ) [ 0010]
p_ZZ18compute_controllerbbjRbS_bS_S_RjPKhPhR12ComputeStateS0_RhS6_S6_S6_S_S_S_S_E_263 (getelementptr    ) [ 0010]
store_ln461                                                                           (store            ) [ 0000]
trunc_ln461                                                                           (trunc            ) [ 0000]
compute_controller_bool_bool_unsigned_int_bool_bool_bool_bool_bool_u_499              (load             ) [ 0000]
compute_controller_bool_bool_unsigned_int_bool_bool_bool_bool_bool_u_500              (load             ) [ 0000]
compute_controller_bool_bool_unsigned_int_bool_bool_bool_bool_bool_u_501              (load             ) [ 0000]
compute_controller_bool_bool_unsigned_int_bool_bool_bool_bool_bool_u_502              (load             ) [ 0000]
compute_controller_bool_bool_unsigned_int_bool_bool_bool_bool_bool_u_503              (load             ) [ 0000]
compute_controller_bool_bool_unsigned_int_bool_bool_bool_bool_bool_u_504              (load             ) [ 0000]
compute_controller_bool_bool_unsigned_int_bool_bool_bool_bool_bool_u_505              (load             ) [ 0000]
compute_controller_bool_bool_unsigned_int_bool_bool_bool_bool_bool_u_506              (load             ) [ 0000]
compute_controller_bool_bool_unsigned_int_bool_bool_bool_bool_bool_u_507              (load             ) [ 0000]
compute_controller_bool_bool_unsigned_int_bool_bool_bool_bool_bool_u_508              (load             ) [ 0000]
p_ZZ18compute_controllerbbjRbS_bS_S_RjPKhPhR12ComputeStateS0_RhS6_S6_S6_S_S_S_S_E_264 (load             ) [ 0000]
p_ZZ18compute_controllerbbjRbS_bS_S_RjPKhPhR12ComputeStateS0_RhS6_S6_S6_S_S_S_S_E_265 (load             ) [ 0000]
p_ZZ18compute_controllerbbjRbS_bS_S_RjPKhPhR12ComputeStateS0_RhS6_S6_S6_S_S_S_S_E_266 (load             ) [ 0000]
p_ZZ18compute_controllerbbjRbS_bS_S_RjPKhPhR12ComputeStateS0_RhS6_S6_S6_S_S_S_S_E_267 (load             ) [ 0000]
p_ZZ18compute_controllerbbjRbS_bS_S_RjPKhPhR12ComputeStateS0_RhS6_S6_S6_S_S_S_S_E_268 (load             ) [ 0000]
p_ZZ18compute_controllerbbjRbS_bS_S_RjPKhPhR12ComputeStateS0_RhS6_S6_S6_S_S_S_S_E_269 (load             ) [ 0000]
v                                                                                     (sparsemux        ) [ 0000]
byte_addr_assign_2                                                                    (bitconcatenate   ) [ 0000]
trunc_ln628                                                                           (trunc            ) [ 0000]
zext_ln628                                                                            (zext             ) [ 0000]
out_buf_addr                                                                          (getelementptr    ) [ 0000]
store_ln628                                                                           (store            ) [ 0000]
trunc_ln629_1                                                                         (partselect       ) [ 0000]
or_ln629_1                                                                            (bitconcatenate   ) [ 0000]
zext_ln629                                                                            (zext             ) [ 0000]
out_buf_addr_6                                                                        (getelementptr    ) [ 0000]
store_ln629                                                                           (store            ) [ 0000]
trunc_ln630_1                                                                         (partselect       ) [ 0101]
trunc_ln631_1                                                                         (partselect       ) [ 0101]
specpipeline_ln461                                                                    (specpipeline     ) [ 0000]
speclooptripcount_ln461                                                               (speclooptripcount) [ 0000]
specloopname_ln461                                                                    (specloopname     ) [ 0000]
or_ln630_1                                                                            (bitconcatenate   ) [ 0000]
zext_ln630                                                                            (zext             ) [ 0000]
out_buf_addr_7                                                                        (getelementptr    ) [ 0000]
store_ln630                                                                           (store            ) [ 0000]
or_ln631_1                                                                            (bitconcatenate   ) [ 0000]
zext_ln631                                                                            (zext             ) [ 0000]
out_buf_addr_8                                                                        (getelementptr    ) [ 0000]
store_ln631                                                                           (store            ) [ 0000]
br_ln461                                                                              (br               ) [ 0000]
ret_ln0                                                                               (ret              ) [ 0000]
</LifeTime>

<model>

<comp_list>
<comp id="0" class="1000" name="out_buf">
<pin_list>
<pin id="1" dir="1" index="0" bw="1" slack="0"/>
</pin_list>
<bind>
<StgValue><ssdm name="out_buf"/><MemPortTyVec>0 0 </MemPortTyVec>
</StgValue>
</bind>
</comp>

<comp id="2" class="1000" name="compute_controller_bool_bool_unsigned_int_bool_bool_bool_bool_bool_u_89">
<pin_list>
<pin id="3" dir="1" index="0" bw="1" slack="0"/>
</pin_list>
<bind>
<StgValue><ssdm name="compute_controller_bool_bool_unsigned_int_bool_bool_bool_bool_bool_u_89"/><MemPortTyVec>1 3 </MemPortTyVec>
</StgValue>
</bind>
</comp>

<comp id="4" class="1000" name="compute_controller_bool_bool_unsigned_int_bool_bool_bool_bool_bool_u_88">
<pin_list>
<pin id="5" dir="1" index="0" bw="1" slack="0"/>
</pin_list>
<bind>
<StgValue><ssdm name="compute_controller_bool_bool_unsigned_int_bool_bool_bool_bool_bool_u_88"/><MemPortTyVec>1 3 </MemPortTyVec>
</StgValue>
</bind>
</comp>

<comp id="6" class="1000" name="compute_controller_bool_bool_unsigned_int_bool_bool_bool_bool_bool_u_87">
<pin_list>
<pin id="7" dir="1" index="0" bw="1" slack="0"/>
</pin_list>
<bind>
<StgValue><ssdm name="compute_controller_bool_bool_unsigned_int_bool_bool_bool_bool_bool_u_87"/><MemPortTyVec>1 3 </MemPortTyVec>
</StgValue>
</bind>
</comp>

<comp id="8" class="1000" name="compute_controller_bool_bool_unsigned_int_bool_bool_bool_bool_bool_u_86">
<pin_list>
<pin id="9" dir="1" index="0" bw="1" slack="0"/>
</pin_list>
<bind>
<StgValue><ssdm name="compute_controller_bool_bool_unsigned_int_bool_bool_bool_bool_bool_u_86"/><MemPortTyVec>1 3 </MemPortTyVec>
</StgValue>
</bind>
</comp>

<comp id="10" class="1000" name="compute_controller_bool_bool_unsigned_int_bool_bool_bool_bool_bool_u_85">
<pin_list>
<pin id="11" dir="1" index="0" bw="1" slack="0"/>
</pin_list>
<bind>
<StgValue><ssdm name="compute_controller_bool_bool_unsigned_int_bool_bool_bool_bool_bool_u_85"/><MemPortTyVec>1 3 </MemPortTyVec>
</StgValue>
</bind>
</comp>

<comp id="12" class="1000" name="compute_controller_bool_bool_unsigned_int_bool_bool_bool_bool_bool_u_84">
<pin_list>
<pin id="13" dir="1" index="0" bw="1" slack="0"/>
</pin_list>
<bind>
<StgValue><ssdm name="compute_controller_bool_bool_unsigned_int_bool_bool_bool_bool_bool_u_84"/><MemPortTyVec>1 3 </MemPortTyVec>
</StgValue>
</bind>
</comp>

<comp id="14" class="1000" name="compute_controller_bool_bool_unsigned_int_bool_bool_bool_bool_bool_u_83">
<pin_list>
<pin id="15" dir="1" index="0" bw="1" slack="0"/>
</pin_list>
<bind>
<StgValue><ssdm name="compute_controller_bool_bool_unsigned_int_bool_bool_bool_bool_bool_u_83"/><MemPortTyVec>1 3 </MemPortTyVec>
</StgValue>
</bind>
</comp>

<comp id="16" class="1000" name="compute_controller_bool_bool_unsigned_int_bool_bool_bool_bool_bool_u_82">
<pin_list>
<pin id="17" dir="1" index="0" bw="1" slack="0"/>
</pin_list>
<bind>
<StgValue><ssdm name="compute_controller_bool_bool_unsigned_int_bool_bool_bool_bool_bool_u_82"/><MemPortTyVec>1 3 </MemPortTyVec>
</StgValue>
</bind>
</comp>

<comp id="18" class="1000" name="compute_controller_bool_bool_unsigned_int_bool_bool_bool_bool_bool_u_81">
<pin_list>
<pin id="19" dir="1" index="0" bw="1" slack="0"/>
</pin_list>
<bind>
<StgValue><ssdm name="compute_controller_bool_bool_unsigned_int_bool_bool_bool_bool_bool_u_81"/><MemPortTyVec>1 3 </MemPortTyVec>
</StgValue>
</bind>
</comp>

<comp id="20" class="1000" name="compute_controller_bool_bool_unsigned_int_bool_bool_bool_bool_bool_u_80">
<pin_list>
<pin id="21" dir="1" index="0" bw="1" slack="0"/>
</pin_list>
<bind>
<StgValue><ssdm name="compute_controller_bool_bool_unsigned_int_bool_bool_bool_bool_bool_u_80"/><MemPortTyVec>1 3 </MemPortTyVec>
</StgValue>
</bind>
</comp>

<comp id="22" class="1000" name="p_ZZ18compute_controllerbbjRbS_bS_S_RjPKhPhR12ComputeStateS0_RhS6_S6_S6_S_S_S_S_E_71">
<pin_list>
<pin id="23" dir="1" index="0" bw="1" slack="0"/>
</pin_list>
<bind>
<StgValue><ssdm name="p_ZZ18compute_controllerbbjRbS_bS_S_RjPKhPhR12ComputeStateS0_RhS6_S6_S6_S_S_S_S_E_71"/><MemPortTyVec>1 3 </MemPortTyVec>
</StgValue>
</bind>
</comp>

<comp id="24" class="1000" name="p_ZZ18compute_controllerbbjRbS_bS_S_RjPKhPhR12ComputeStateS0_RhS6_S6_S6_S_S_S_S_E_70">
<pin_list>
<pin id="25" dir="1" index="0" bw="1" slack="0"/>
</pin_list>
<bind>
<StgValue><ssdm name="p_ZZ18compute_controllerbbjRbS_bS_S_RjPKhPhR12ComputeStateS0_RhS6_S6_S6_S_S_S_S_E_70"/><MemPortTyVec>1 3 </MemPortTyVec>
</StgValue>
</bind>
</comp>

<comp id="26" class="1000" name="p_ZZ18compute_controllerbbjRbS_bS_S_RjPKhPhR12ComputeStateS0_RhS6_S6_S6_S_S_S_S_E_69">
<pin_list>
<pin id="27" dir="1" index="0" bw="1" slack="0"/>
</pin_list>
<bind>
<StgValue><ssdm name="p_ZZ18compute_controllerbbjRbS_bS_S_RjPKhPhR12ComputeStateS0_RhS6_S6_S6_S_S_S_S_E_69"/><MemPortTyVec>1 3 </MemPortTyVec>
</StgValue>
</bind>
</comp>

<comp id="28" class="1000" name="p_ZZ18compute_controllerbbjRbS_bS_S_RjPKhPhR12ComputeStateS0_RhS6_S6_S6_S_S_S_S_E_68">
<pin_list>
<pin id="29" dir="1" index="0" bw="1" slack="0"/>
</pin_list>
<bind>
<StgValue><ssdm name="p_ZZ18compute_controllerbbjRbS_bS_S_RjPKhPhR12ComputeStateS0_RhS6_S6_S6_S_S_S_S_E_68"/><MemPortTyVec>1 3 </MemPortTyVec>
</StgValue>
</bind>
</comp>

<comp id="30" class="1000" name="p_ZZ18compute_controllerbbjRbS_bS_S_RjPKhPhR12ComputeStateS0_RhS6_S6_S6_S_S_S_S_E_67">
<pin_list>
<pin id="31" dir="1" index="0" bw="1" slack="0"/>
</pin_list>
<bind>
<StgValue><ssdm name="p_ZZ18compute_controllerbbjRbS_bS_S_RjPKhPhR12ComputeStateS0_RhS6_S6_S6_S_S_S_S_E_67"/><MemPortTyVec>1 3 </MemPortTyVec>
</StgValue>
</bind>
</comp>

<comp id="32" class="1000" name="p_ZZ18compute_controllerbbjRbS_bS_S_RjPKhPhR12ComputeStateS0_RhS6_S6_S6_S_S_S_S_E_66">
<pin_list>
<pin id="33" dir="1" index="0" bw="1" slack="0"/>
</pin_list>
<bind>
<StgValue><ssdm name="p_ZZ18compute_controllerbbjRbS_bS_S_RjPKhPhR12ComputeStateS0_RhS6_S6_S6_S_S_S_S_E_66"/><MemPortTyVec>1 3 </MemPortTyVec>
</StgValue>
</bind>
</comp>

<comp id="34" class="1001" name="const_34">
<pin_list>
<pin id="35" dir="1" index="0" bw="1" slack="0"/>
</pin_list>
<bind>
<StgValue><ssdm name=""/></StgValue>
</bind>
</comp>

<comp id="36" class="1001" name="const_36">
<pin_list>
<pin id="37" dir="1" index="0" bw="1" slack="2147483647"/>
</pin_list>
<bind>
<StgValue><ssdm name="_ssdm_op_SpecInterface"/></StgValue>
</bind>
</comp>

<comp id="38" class="1001" name="const_38">
<pin_list>
<pin id="39" dir="1" index="0" bw="1" slack="2147483647"/>
</pin_list>
<bind>
<StgValue><ssdm name="empty_22"/></StgValue>
</bind>
</comp>

<comp id="40" class="1001" name="const_40">
<pin_list>
<pin id="41" dir="1" index="0" bw="1" slack="2147483647"/>
</pin_list>
<bind>
<StgValue><ssdm name=""/></StgValue>
</bind>
</comp>

<comp id="42" class="1001" name="const_42">
<pin_list>
<pin id="43" dir="1" index="0" bw="1" slack="2147483647"/>
</pin_list>
<bind>
<StgValue><ssdm name="empty_15"/></StgValue>
</bind>
</comp>

<comp id="44" class="1001" name="const_44">
<pin_list>
<pin id="45" dir="1" index="0" bw="1" slack="2147483647"/>
</pin_list>
<bind>
<StgValue><ssdm name=""/></StgValue>
</bind>
</comp>

<comp id="46" class="1001" name="const_46">
<pin_list>
<pin id="47" dir="1" index="0" bw="1" slack="0"/>
</pin_list>
<bind>
<StgValue><ssdm name=""/></StgValue>
</bind>
</comp>

<comp id="48" class="1001" name="const_48">
<pin_list>
<pin id="49" dir="1" index="0" bw="1" slack="0"/>
</pin_list>
<bind>
<StgValue><ssdm name=""/></StgValue>
</bind>
</comp>

<comp id="50" class="1001" name="const_50">
<pin_list>
<pin id="51" dir="1" index="0" bw="1" slack="0"/>
</pin_list>
<bind>
<StgValue><ssdm name=""/></StgValue>
</bind>
</comp>

<comp id="52" class="1001" name="const_52">
<pin_list>
<pin id="53" dir="1" index="0" bw="1" slack="0"/>
</pin_list>
<bind>
<StgValue><ssdm name="_ssdm_op_PartSelect.i2.i6.i32.i32"/></StgValue>
</bind>
</comp>

<comp id="54" class="1001" name="const_54">
<pin_list>
<pin id="55" dir="1" index="0" bw="1" slack="0"/>
</pin_list>
<bind>
<StgValue><ssdm name=""/></StgValue>
</bind>
</comp>

<comp id="56" class="1001" name="const_56">
<pin_list>
<pin id="57" dir="1" index="0" bw="1" slack="0"/>
</pin_list>
<bind>
<StgValue><ssdm name=""/></StgValue>
</bind>
</comp>

<comp id="58" class="1001" name="const_58">
<pin_list>
<pin id="59" dir="1" index="0" bw="1" slack="0"/>
</pin_list>
<bind>
<StgValue><ssdm name=""/></StgValue>
</bind>
</comp>

<comp id="60" class="1001" name="const_60">
<pin_list>
<pin id="61" dir="1" index="0" bw="1" slack="0"/>
</pin_list>
<bind>
<StgValue><ssdm name="_ssdm_op_SparseMux.ap_auto.16i32.i32.i4"/></StgValue>
</bind>
</comp>

<comp id="62" class="1001" name="const_62">
<pin_list>
<pin id="63" dir="1" index="0" bw="1" slack="0"/>
</pin_list>
<bind>
<StgValue><ssdm name=""/></StgValue>
</bind>
</comp>

<comp id="64" class="1001" name="const_64">
<pin_list>
<pin id="65" dir="1" index="0" bw="1" slack="0"/>
</pin_list>
<bind>
<StgValue><ssdm name=""/></StgValue>
</bind>
</comp>

<comp id="66" class="1001" name="const_66">
<pin_list>
<pin id="67" dir="1" index="0" bw="1" slack="0"/>
</pin_list>
<bind>
<StgValue><ssdm name=""/></StgValue>
</bind>
</comp>

<comp id="68" class="1001" name="const_68">
<pin_list>
<pin id="69" dir="1" index="0" bw="1" slack="0"/>
</pin_list>
<bind>
<StgValue><ssdm name=""/></StgValue>
</bind>
</comp>

<comp id="70" class="1001" name="const_70">
<pin_list>
<pin id="71" dir="1" index="0" bw="1" slack="0"/>
</pin_list>
<bind>
<StgValue><ssdm name=""/></StgValue>
</bind>
</comp>

<comp id="72" class="1001" name="const_72">
<pin_list>
<pin id="73" dir="1" index="0" bw="1" slack="0"/>
</pin_list>
<bind>
<StgValue><ssdm name=""/></StgValue>
</bind>
</comp>

<comp id="74" class="1001" name="const_74">
<pin_list>
<pin id="75" dir="1" index="0" bw="1" slack="0"/>
</pin_list>
<bind>
<StgValue><ssdm name=""/></StgValue>
</bind>
</comp>

<comp id="76" class="1001" name="const_76">
<pin_list>
<pin id="77" dir="1" index="0" bw="1" slack="0"/>
</pin_list>
<bind>
<StgValue><ssdm name=""/></StgValue>
</bind>
</comp>

<comp id="78" class="1001" name="const_78">
<pin_list>
<pin id="79" dir="1" index="0" bw="1" slack="0"/>
</pin_list>
<bind>
<StgValue><ssdm name=""/></StgValue>
</bind>
</comp>

<comp id="80" class="1001" name="const_80">
<pin_list>
<pin id="81" dir="1" index="0" bw="1" slack="0"/>
</pin_list>
<bind>
<StgValue><ssdm name=""/></StgValue>
</bind>
</comp>

<comp id="82" class="1001" name="const_82">
<pin_list>
<pin id="83" dir="1" index="0" bw="1" slack="0"/>
</pin_list>
<bind>
<StgValue><ssdm name=""/></StgValue>
</bind>
</comp>

<comp id="84" class="1001" name="const_84">
<pin_list>
<pin id="85" dir="1" index="0" bw="1" slack="0"/>
</pin_list>
<bind>
<StgValue><ssdm name=""/></StgValue>
</bind>
</comp>

<comp id="86" class="1001" name="const_86">
<pin_list>
<pin id="87" dir="1" index="0" bw="1" slack="0"/>
</pin_list>
<bind>
<StgValue><ssdm name=""/></StgValue>
</bind>
</comp>

<comp id="88" class="1001" name="const_88">
<pin_list>
<pin id="89" dir="1" index="0" bw="1" slack="0"/>
</pin_list>
<bind>
<StgValue><ssdm name=""/></StgValue>
</bind>
</comp>

<comp id="90" class="1001" name="const_90">
<pin_list>
<pin id="91" dir="1" index="0" bw="1" slack="0"/>
</pin_list>
<bind>
<StgValue><ssdm name=""/></StgValue>
</bind>
</comp>

<comp id="92" class="1001" name="const_92">
<pin_list>
<pin id="93" dir="1" index="0" bw="1" slack="0"/>
</pin_list>
<bind>
<StgValue><ssdm name=""/></StgValue>
</bind>
</comp>

<comp id="94" class="1001" name="const_94">
<pin_list>
<pin id="95" dir="1" index="0" bw="1" slack="0"/>
</pin_list>
<bind>
<StgValue><ssdm name=""/></StgValue>
</bind>
</comp>

<comp id="96" class="1001" name="const_96">
<pin_list>
<pin id="97" dir="1" index="0" bw="1" slack="0"/>
</pin_list>
<bind>
<StgValue><ssdm name="_ssdm_op_BitConcatenate.i8.i6.i2"/></StgValue>
</bind>
</comp>

<comp id="98" class="1001" name="const_98">
<pin_list>
<pin id="99" dir="1" index="0" bw="1" slack="0"/>
</pin_list>
<bind>
<StgValue><ssdm name=""/></StgValue>
</bind>
</comp>

<comp id="100" class="1001" name="const_100">
<pin_list>
<pin id="101" dir="1" index="0" bw="1" slack="0"/>
</pin_list>
<bind>
<StgValue><ssdm name="_ssdm_op_PartSelect.i8.i32.i32.i32"/></StgValue>
</bind>
</comp>

<comp id="102" class="1001" name="const_102">
<pin_list>
<pin id="103" dir="1" index="0" bw="1" slack="0"/>
</pin_list>
<bind>
<StgValue><ssdm name=""/></StgValue>
</bind>
</comp>

<comp id="104" class="1001" name="const_104">
<pin_list>
<pin id="105" dir="1" index="0" bw="1" slack="0"/>
</pin_list>
<bind>
<StgValue><ssdm name=""/></StgValue>
</bind>
</comp>

<comp id="106" class="1001" name="const_106">
<pin_list>
<pin id="107" dir="1" index="0" bw="1" slack="0"/>
</pin_list>
<bind>
<StgValue><ssdm name=""/></StgValue>
</bind>
</comp>

<comp id="108" class="1001" name="const_108">
<pin_list>
<pin id="109" dir="1" index="0" bw="1" slack="0"/>
</pin_list>
<bind>
<StgValue><ssdm name=""/></StgValue>
</bind>
</comp>

<comp id="110" class="1001" name="const_110">
<pin_list>
<pin id="111" dir="1" index="0" bw="1" slack="0"/>
</pin_list>
<bind>
<StgValue><ssdm name=""/></StgValue>
</bind>
</comp>

<comp id="112" class="1001" name="const_112">
<pin_list>
<pin id="113" dir="1" index="0" bw="1" slack="0"/>
</pin_list>
<bind>
<StgValue><ssdm name=""/></StgValue>
</bind>
</comp>

<comp id="114" class="1001" name="const_114">
<pin_list>
<pin id="115" dir="1" index="0" bw="1" slack="0"/>
</pin_list>
<bind>
<StgValue><ssdm name=""/></StgValue>
</bind>
</comp>

<comp id="116" class="1001" name="const_116">
<pin_list>
<pin id="117" dir="1" index="0" bw="1" slack="2147483647"/>
</pin_list>
<bind>
<StgValue><ssdm name="_ssdm_op_SpecPipeline"/></StgValue>
</bind>
</comp>

<comp id="118" class="1001" name="const_118">
<pin_list>
<pin id="119" dir="1" index="0" bw="1" slack="2147483647"/>
</pin_list>
<bind>
<StgValue><ssdm name="_ssdm_op_SpecLoopTripCount"/></StgValue>
</bind>
</comp>

<comp id="120" class="1001" name="const_120">
<pin_list>
<pin id="121" dir="1" index="0" bw="1" slack="2147483647"/>
</pin_list>
<bind>
<StgValue><ssdm name=""/></StgValue>
</bind>
</comp>

<comp id="122" class="1001" name="const_122">
<pin_list>
<pin id="123" dir="1" index="0" bw="1" slack="2147483647"/>
</pin_list>
<bind>
<StgValue><ssdm name="_ssdm_op_SpecLoopName"/></StgValue>
</bind>
</comp>

<comp id="124" class="1001" name="const_124">
<pin_list>
<pin id="125" dir="1" index="0" bw="1" slack="2147483647"/>
</pin_list>
<bind>
<StgValue><ssdm name="empty_6"/></StgValue>
</bind>
</comp>

<comp id="126" class="1001" name="const_126">
<pin_list>
<pin id="127" dir="1" index="0" bw="1" slack="0"/>
</pin_list>
<bind>
<StgValue><ssdm name=""/></StgValue>
</bind>
</comp>

<comp id="128" class="1001" name="const_128">
<pin_list>
<pin id="129" dir="1" index="0" bw="1" slack="0"/>
</pin_list>
<bind>
<StgValue><ssdm name=""/></StgValue>
</bind>
</comp>

<comp id="130" class="1004" name="t_fu_130">
<pin_list>
<pin id="131" dir="0" index="0" bw="1" slack="0"/>
<pin id="132" dir="1" index="1" bw="6" slack="0"/>
</pin_list>
<bind>
<opcode="alloca(26) " fcode="alloca"/>
<opset="t/1 "/>
</bind>
</comp>

<comp id="134" class="1004" name="compute_controller_bool_bool_unsigned_int_bool_bool_bool_bool_bool_u_489_gep_fu_134">
<pin_list>
<pin id="135" dir="0" index="0" bw="32" slack="0"/>
<pin id="136" dir="0" index="1" bw="1" slack="0"/>
<pin id="137" dir="0" index="2" bw="2" slack="0"/>
<pin id="138" dir="1" index="3" bw="2" slack="0"/>
</pin_list>
<bind>
<opcode="getelementptr(29) " fcode="getelementptr"/>
<opset="compute_controller_bool_bool_unsigned_int_bool_bool_bool_bool_bool_u_489/1 "/>
</bind>
</comp>

<comp id="141" class="1004" name="compute_controller_bool_bool_unsigned_int_bool_bool_bool_bool_bool_u_490_gep_fu_141">
<pin_list>
<pin id="142" dir="0" index="0" bw="32" slack="0"/>
<pin id="143" dir="0" index="1" bw="1" slack="0"/>
<pin id="144" dir="0" index="2" bw="2" slack="0"/>
<pin id="145" dir="1" index="3" bw="2" slack="0"/>
</pin_list>
<bind>
<opcode="getelementptr(29) " fcode="getelementptr"/>
<opset="compute_controller_bool_bool_unsigned_int_bool_bool_bool_bool_bool_u_490/1 "/>
</bind>
</comp>

<comp id="148" class="1004" name="compute_controller_bool_bool_unsigned_int_bool_bool_bool_bool_bool_u_491_gep_fu_148">
<pin_list>
<pin id="149" dir="0" index="0" bw="32" slack="0"/>
<pin id="150" dir="0" index="1" bw="1" slack="0"/>
<pin id="151" dir="0" index="2" bw="2" slack="0"/>
<pin id="152" dir="1" index="3" bw="2" slack="0"/>
</pin_list>
<bind>
<opcode="getelementptr(29) " fcode="getelementptr"/>
<opset="compute_controller_bool_bool_unsigned_int_bool_bool_bool_bool_bool_u_491/1 "/>
</bind>
</comp>

<comp id="155" class="1004" name="compute_controller_bool_bool_unsigned_int_bool_bool_bool_bool_bool_u_492_gep_fu_155">
<pin_list>
<pin id="156" dir="0" index="0" bw="32" slack="0"/>
<pin id="157" dir="0" index="1" bw="1" slack="0"/>
<pin id="158" dir="0" index="2" bw="2" slack="0"/>
<pin id="159" dir="1" index="3" bw="2" slack="0"/>
</pin_list>
<bind>
<opcode="getelementptr(29) " fcode="getelementptr"/>
<opset="compute_controller_bool_bool_unsigned_int_bool_bool_bool_bool_bool_u_492/1 "/>
</bind>
</comp>

<comp id="162" class="1004" name="compute_controller_bool_bool_unsigned_int_bool_bool_bool_bool_bool_u_493_gep_fu_162">
<pin_list>
<pin id="163" dir="0" index="0" bw="32" slack="0"/>
<pin id="164" dir="0" index="1" bw="1" slack="0"/>
<pin id="165" dir="0" index="2" bw="2" slack="0"/>
<pin id="166" dir="1" index="3" bw="2" slack="0"/>
</pin_list>
<bind>
<opcode="getelementptr(29) " fcode="getelementptr"/>
<opset="compute_controller_bool_bool_unsigned_int_bool_bool_bool_bool_bool_u_493/1 "/>
</bind>
</comp>

<comp id="169" class="1004" name="compute_controller_bool_bool_unsigned_int_bool_bool_bool_bool_bool_u_494_gep_fu_169">
<pin_list>
<pin id="170" dir="0" index="0" bw="32" slack="0"/>
<pin id="171" dir="0" index="1" bw="1" slack="0"/>
<pin id="172" dir="0" index="2" bw="2" slack="0"/>
<pin id="173" dir="1" index="3" bw="2" slack="0"/>
</pin_list>
<bind>
<opcode="getelementptr(29) " fcode="getelementptr"/>
<opset="compute_controller_bool_bool_unsigned_int_bool_bool_bool_bool_bool_u_494/1 "/>
</bind>
</comp>

<comp id="176" class="1004" name="compute_controller_bool_bool_unsigned_int_bool_bool_bool_bool_bool_u_495_gep_fu_176">
<pin_list>
<pin id="177" dir="0" index="0" bw="32" slack="0"/>
<pin id="178" dir="0" index="1" bw="1" slack="0"/>
<pin id="179" dir="0" index="2" bw="2" slack="0"/>
<pin id="180" dir="1" index="3" bw="2" slack="0"/>
</pin_list>
<bind>
<opcode="getelementptr(29) " fcode="getelementptr"/>
<opset="compute_controller_bool_bool_unsigned_int_bool_bool_bool_bool_bool_u_495/1 "/>
</bind>
</comp>

<comp id="183" class="1004" name="compute_controller_bool_bool_unsigned_int_bool_bool_bool_bool_bool_u_496_gep_fu_183">
<pin_list>
<pin id="184" dir="0" index="0" bw="32" slack="0"/>
<pin id="185" dir="0" index="1" bw="1" slack="0"/>
<pin id="186" dir="0" index="2" bw="2" slack="0"/>
<pin id="187" dir="1" index="3" bw="2" slack="0"/>
</pin_list>
<bind>
<opcode="getelementptr(29) " fcode="getelementptr"/>
<opset="compute_controller_bool_bool_unsigned_int_bool_bool_bool_bool_bool_u_496/1 "/>
</bind>
</comp>

<comp id="190" class="1004" name="compute_controller_bool_bool_unsigned_int_bool_bool_bool_bool_bool_u_497_gep_fu_190">
<pin_list>
<pin id="191" dir="0" index="0" bw="32" slack="0"/>
<pin id="192" dir="0" index="1" bw="1" slack="0"/>
<pin id="193" dir="0" index="2" bw="2" slack="0"/>
<pin id="194" dir="1" index="3" bw="2" slack="0"/>
</pin_list>
<bind>
<opcode="getelementptr(29) " fcode="getelementptr"/>
<opset="compute_controller_bool_bool_unsigned_int_bool_bool_bool_bool_bool_u_497/1 "/>
</bind>
</comp>

<comp id="197" class="1004" name="compute_controller_bool_bool_unsigned_int_bool_bool_bool_bool_bool_u_498_gep_fu_197">
<pin_list>
<pin id="198" dir="0" index="0" bw="32" slack="0"/>
<pin id="199" dir="0" index="1" bw="1" slack="0"/>
<pin id="200" dir="0" index="2" bw="2" slack="0"/>
<pin id="201" dir="1" index="3" bw="2" slack="0"/>
</pin_list>
<bind>
<opcode="getelementptr(29) " fcode="getelementptr"/>
<opset="compute_controller_bool_bool_unsigned_int_bool_bool_bool_bool_bool_u_498/1 "/>
</bind>
</comp>

<comp id="204" class="1004" name="p_ZZ18compute_controllerbbjRbS_bS_S_RjPKhPhR12ComputeStateS0_RhS6_S6_S6_S_S_S_S_E_258_gep_fu_204">
<pin_list>
<pin id="205" dir="0" index="0" bw="32" slack="0"/>
<pin id="206" dir="0" index="1" bw="1" slack="0"/>
<pin id="207" dir="0" index="2" bw="2" slack="0"/>
<pin id="208" dir="1" index="3" bw="2" slack="0"/>
</pin_list>
<bind>
<opcode="getelementptr(29) " fcode="getelementptr"/>
<opset="p_ZZ18compute_controllerbbjRbS_bS_S_RjPKhPhR12ComputeStateS0_RhS6_S6_S6_S_S_S_S_E_258/1 "/>
</bind>
</comp>

<comp id="211" class="1004" name="p_ZZ18compute_controllerbbjRbS_bS_S_RjPKhPhR12ComputeStateS0_RhS6_S6_S6_S_S_S_S_E_259_gep_fu_211">
<pin_list>
<pin id="212" dir="0" index="0" bw="32" slack="0"/>
<pin id="213" dir="0" index="1" bw="1" slack="0"/>
<pin id="214" dir="0" index="2" bw="2" slack="0"/>
<pin id="215" dir="1" index="3" bw="2" slack="0"/>
</pin_list>
<bind>
<opcode="getelementptr(29) " fcode="getelementptr"/>
<opset="p_ZZ18compute_controllerbbjRbS_bS_S_RjPKhPhR12ComputeStateS0_RhS6_S6_S6_S_S_S_S_E_259/1 "/>
</bind>
</comp>

<comp id="218" class="1004" name="p_ZZ18compute_controllerbbjRbS_bS_S_RjPKhPhR12ComputeStateS0_RhS6_S6_S6_S_S_S_S_E_260_gep_fu_218">
<pin_list>
<pin id="219" dir="0" index="0" bw="32" slack="0"/>
<pin id="220" dir="0" index="1" bw="1" slack="0"/>
<pin id="221" dir="0" index="2" bw="2" slack="0"/>
<pin id="222" dir="1" index="3" bw="2" slack="0"/>
</pin_list>
<bind>
<opcode="getelementptr(29) " fcode="getelementptr"/>
<opset="p_ZZ18compute_controllerbbjRbS_bS_S_RjPKhPhR12ComputeStateS0_RhS6_S6_S6_S_S_S_S_E_260/1 "/>
</bind>
</comp>

<comp id="225" class="1004" name="p_ZZ18compute_controllerbbjRbS_bS_S_RjPKhPhR12ComputeStateS0_RhS6_S6_S6_S_S_S_S_E_261_gep_fu_225">
<pin_list>
<pin id="226" dir="0" index="0" bw="32" slack="0"/>
<pin id="227" dir="0" index="1" bw="1" slack="0"/>
<pin id="228" dir="0" index="2" bw="2" slack="0"/>
<pin id="229" dir="1" index="3" bw="2" slack="0"/>
</pin_list>
<bind>
<opcode="getelementptr(29) " fcode="getelementptr"/>
<opset="p_ZZ18compute_controllerbbjRbS_bS_S_RjPKhPhR12ComputeStateS0_RhS6_S6_S6_S_S_S_S_E_261/1 "/>
</bind>
</comp>

<comp id="232" class="1004" name="p_ZZ18compute_controllerbbjRbS_bS_S_RjPKhPhR12ComputeStateS0_RhS6_S6_S6_S_S_S_S_E_262_gep_fu_232">
<pin_list>
<pin id="233" dir="0" index="0" bw="32" slack="0"/>
<pin id="234" dir="0" index="1" bw="1" slack="0"/>
<pin id="235" dir="0" index="2" bw="2" slack="0"/>
<pin id="236" dir="1" index="3" bw="2" slack="0"/>
</pin_list>
<bind>
<opcode="getelementptr(29) " fcode="getelementptr"/>
<opset="p_ZZ18compute_controllerbbjRbS_bS_S_RjPKhPhR12ComputeStateS0_RhS6_S6_S6_S_S_S_S_E_262/1 "/>
</bind>
</comp>

<comp id="239" class="1004" name="p_ZZ18compute_controllerbbjRbS_bS_S_RjPKhPhR12ComputeStateS0_RhS6_S6_S6_S_S_S_S_E_263_gep_fu_239">
<pin_list>
<pin id="240" dir="0" index="0" bw="32" slack="0"/>
<pin id="241" dir="0" index="1" bw="1" slack="0"/>
<pin id="242" dir="0" index="2" bw="2" slack="0"/>
<pin id="243" dir="1" index="3" bw="2" slack="0"/>
</pin_list>
<bind>
<opcode="getelementptr(29) " fcode="getelementptr"/>
<opset="p_ZZ18compute_controllerbbjRbS_bS_S_RjPKhPhR12ComputeStateS0_RhS6_S6_S6_S_S_S_S_E_263/1 "/>
</bind>
</comp>

<comp id="246" class="1004" name="grp_access_fu_246">
<pin_list>
<pin id="247" dir="0" index="0" bw="2" slack="0"/>
<pin id="248" dir="0" index="1" bw="32" slack="2147483647"/>
<pin id="249" dir="0" index="2" bw="0" slack="2147483647"/>
<pin id="250" dir="1" index="3" bw="32" slack="0"/>
</pin_list>
<bind>
<opcode="load(27) " fcode="load"/>
<opset="compute_controller_bool_bool_unsigned_int_bool_bool_bool_bool_bool_u_499/1 "/>
</bind>
</comp>

<comp id="252" class="1004" name="grp_access_fu_252">
<pin_list>
<pin id="253" dir="0" index="0" bw="2" slack="0"/>
<pin id="254" dir="0" index="1" bw="32" slack="2147483647"/>
<pin id="255" dir="0" index="2" bw="0" slack="2147483647"/>
<pin id="256" dir="1" index="3" bw="32" slack="0"/>
</pin_list>
<bind>
<opcode="load(27) " fcode="load"/>
<opset="compute_controller_bool_bool_unsigned_int_bool_bool_bool_bool_bool_u_500/1 "/>
</bind>
</comp>

<comp id="258" class="1004" name="grp_access_fu_258">
<pin_list>
<pin id="259" dir="0" index="0" bw="2" slack="0"/>
<pin id="260" dir="0" index="1" bw="32" slack="2147483647"/>
<pin id="261" dir="0" index="2" bw="0" slack="2147483647"/>
<pin id="262" dir="1" index="3" bw="32" slack="0"/>
</pin_list>
<bind>
<opcode="load(27) " fcode="load"/>
<opset="compute_controller_bool_bool_unsigned_int_bool_bool_bool_bool_bool_u_501/1 "/>
</bind>
</comp>

<comp id="264" class="1004" name="grp_access_fu_264">
<pin_list>
<pin id="265" dir="0" index="0" bw="2" slack="0"/>
<pin id="266" dir="0" index="1" bw="32" slack="2147483647"/>
<pin id="267" dir="0" index="2" bw="0" slack="2147483647"/>
<pin id="268" dir="1" index="3" bw="32" slack="0"/>
</pin_list>
<bind>
<opcode="load(27) " fcode="load"/>
<opset="compute_controller_bool_bool_unsigned_int_bool_bool_bool_bool_bool_u_502/1 "/>
</bind>
</comp>

<comp id="270" class="1004" name="grp_access_fu_270">
<pin_list>
<pin id="271" dir="0" index="0" bw="2" slack="0"/>
<pin id="272" dir="0" index="1" bw="32" slack="2147483647"/>
<pin id="273" dir="0" index="2" bw="0" slack="2147483647"/>
<pin id="274" dir="1" index="3" bw="32" slack="0"/>
</pin_list>
<bind>
<opcode="load(27) " fcode="load"/>
<opset="compute_controller_bool_bool_unsigned_int_bool_bool_bool_bool_bool_u_503/1 "/>
</bind>
</comp>

<comp id="276" class="1004" name="grp_access_fu_276">
<pin_list>
<pin id="277" dir="0" index="0" bw="2" slack="0"/>
<pin id="278" dir="0" index="1" bw="32" slack="2147483647"/>
<pin id="279" dir="0" index="2" bw="0" slack="2147483647"/>
<pin id="280" dir="1" index="3" bw="32" slack="0"/>
</pin_list>
<bind>
<opcode="load(27) " fcode="load"/>
<opset="compute_controller_bool_bool_unsigned_int_bool_bool_bool_bool_bool_u_504/1 "/>
</bind>
</comp>

<comp id="282" class="1004" name="grp_access_fu_282">
<pin_list>
<pin id="283" dir="0" index="0" bw="2" slack="0"/>
<pin id="284" dir="0" index="1" bw="32" slack="2147483647"/>
<pin id="285" dir="0" index="2" bw="0" slack="2147483647"/>
<pin id="286" dir="1" index="3" bw="32" slack="0"/>
</pin_list>
<bind>
<opcode="load(27) " fcode="load"/>
<opset="compute_controller_bool_bool_unsigned_int_bool_bool_bool_bool_bool_u_505/1 "/>
</bind>
</comp>

<comp id="288" class="1004" name="grp_access_fu_288">
<pin_list>
<pin id="289" dir="0" index="0" bw="2" slack="0"/>
<pin id="290" dir="0" index="1" bw="32" slack="2147483647"/>
<pin id="291" dir="0" index="2" bw="0" slack="2147483647"/>
<pin id="292" dir="1" index="3" bw="32" slack="0"/>
</pin_list>
<bind>
<opcode="load(27) " fcode="load"/>
<opset="compute_controller_bool_bool_unsigned_int_bool_bool_bool_bool_bool_u_506/1 "/>
</bind>
</comp>

<comp id="294" class="1004" name="grp_access_fu_294">
<pin_list>
<pin id="295" dir="0" index="0" bw="2" slack="0"/>
<pin id="296" dir="0" index="1" bw="32" slack="2147483647"/>
<pin id="297" dir="0" index="2" bw="0" slack="2147483647"/>
<pin id="298" dir="1" index="3" bw="32" slack="0"/>
</pin_list>
<bind>
<opcode="load(27) " fcode="load"/>
<opset="compute_controller_bool_bool_unsigned_int_bool_bool_bool_bool_bool_u_507/1 "/>
</bind>
</comp>

<comp id="300" class="1004" name="grp_access_fu_300">
<pin_list>
<pin id="301" dir="0" index="0" bw="2" slack="0"/>
<pin id="302" dir="0" index="1" bw="32" slack="2147483647"/>
<pin id="303" dir="0" index="2" bw="0" slack="2147483647"/>
<pin id="304" dir="1" index="3" bw="32" slack="0"/>
</pin_list>
<bind>
<opcode="load(27) " fcode="load"/>
<opset="compute_controller_bool_bool_unsigned_int_bool_bool_bool_bool_bool_u_508/1 "/>
</bind>
</comp>

<comp id="306" class="1004" name="grp_access_fu_306">
<pin_list>
<pin id="307" dir="0" index="0" bw="2" slack="0"/>
<pin id="308" dir="0" index="1" bw="32" slack="2147483647"/>
<pin id="309" dir="0" index="2" bw="0" slack="2147483647"/>
<pin id="310" dir="1" index="3" bw="32" slack="0"/>
</pin_list>
<bind>
<opcode="load(27) " fcode="load"/>
<opset="p_ZZ18compute_controllerbbjRbS_bS_S_RjPKhPhR12ComputeStateS0_RhS6_S6_S6_S_S_S_S_E_264/1 "/>
</bind>
</comp>

<comp id="312" class="1004" name="grp_access_fu_312">
<pin_list>
<pin id="313" dir="0" index="0" bw="2" slack="0"/>
<pin id="314" dir="0" index="1" bw="32" slack="2147483647"/>
<pin id="315" dir="0" index="2" bw="0" slack="2147483647"/>
<pin id="316" dir="1" index="3" bw="32" slack="0"/>
</pin_list>
<bind>
<opcode="load(27) " fcode="load"/>
<opset="p_ZZ18compute_controllerbbjRbS_bS_S_RjPKhPhR12ComputeStateS0_RhS6_S6_S6_S_S_S_S_E_265/1 "/>
</bind>
</comp>

<comp id="318" class="1004" name="grp_access_fu_318">
<pin_list>
<pin id="319" dir="0" index="0" bw="2" slack="0"/>
<pin id="320" dir="0" index="1" bw="32" slack="2147483647"/>
<pin id="321" dir="0" index="2" bw="0" slack="2147483647"/>
<pin id="322" dir="1" index="3" bw="32" slack="0"/>
</pin_list>
<bind>
<opcode="load(27) " fcode="load"/>
<opset="p_ZZ18compute_controllerbbjRbS_bS_S_RjPKhPhR12ComputeStateS0_RhS6_S6_S6_S_S_S_S_E_266/1 "/>
</bind>
</comp>

<comp id="324" class="1004" name="grp_access_fu_324">
<pin_list>
<pin id="325" dir="0" index="0" bw="2" slack="0"/>
<pin id="326" dir="0" index="1" bw="32" slack="2147483647"/>
<pin id="327" dir="0" index="2" bw="0" slack="2147483647"/>
<pin id="328" dir="1" index="3" bw="32" slack="0"/>
</pin_list>
<bind>
<opcode="load(27) " fcode="load"/>
<opset="p_ZZ18compute_controllerbbjRbS_bS_S_RjPKhPhR12ComputeStateS0_RhS6_S6_S6_S_S_S_S_E_267/1 "/>
</bind>
</comp>

<comp id="330" class="1004" name="grp_access_fu_330">
<pin_list>
<pin id="331" dir="0" index="0" bw="2" slack="0"/>
<pin id="332" dir="0" index="1" bw="32" slack="2147483647"/>
<pin id="333" dir="0" index="2" bw="0" slack="2147483647"/>
<pin id="334" dir="1" index="3" bw="32" slack="0"/>
</pin_list>
<bind>
<opcode="load(27) " fcode="load"/>
<opset="p_ZZ18compute_controllerbbjRbS_bS_S_RjPKhPhR12ComputeStateS0_RhS6_S6_S6_S_S_S_S_E_268/1 "/>
</bind>
</comp>

<comp id="336" class="1004" name="grp_access_fu_336">
<pin_list>
<pin id="337" dir="0" index="0" bw="2" slack="0"/>
<pin id="338" dir="0" index="1" bw="32" slack="2147483647"/>
<pin id="339" dir="0" index="2" bw="0" slack="2147483647"/>
<pin id="340" dir="1" index="3" bw="32" slack="0"/>
</pin_list>
<bind>
<opcode="load(27) " fcode="load"/>
<opset="p_ZZ18compute_controllerbbjRbS_bS_S_RjPKhPhR12ComputeStateS0_RhS6_S6_S6_S_S_S_S_E_269/1 "/>
</bind>
</comp>

<comp id="342" class="1004" name="out_buf_addr_gep_fu_342">
<pin_list>
<pin id="343" dir="0" index="0" bw="8" slack="0"/>
<pin id="344" dir="0" index="1" bw="1" slack="0"/>
<pin id="345" dir="0" index="2" bw="8" slack="0"/>
<pin id="346" dir="1" index="3" bw="10" slack="0"/>
</pin_list>
<bind>
<opcode="getelementptr(29) " fcode="getelementptr"/>
<opset="out_buf_addr/2 "/>
</bind>
</comp>

<comp id="349" class="1004" name="grp_access_fu_349">
<pin_list>
<pin id="350" dir="0" index="0" bw="10" slack="0"/>
<pin id="351" dir="0" index="1" bw="8" slack="0"/>
<pin id="352" dir="0" index="2" bw="0" slack="0"/>
<pin id="354" dir="0" index="4" bw="10" slack="0"/>
<pin id="355" dir="0" index="5" bw="8" slack="2147483647"/>
<pin id="356" dir="0" index="6" bw="0" slack="2147483647"/>
<pin id="353" dir="1" index="3" bw="8" slack="2147483647"/>
<pin id="357" dir="1" index="7" bw="8" slack="2147483647"/>
</pin_list>
<bind>
<opcode="store(28) " fcode="store"/>
<opset="store_ln628/2 store_ln629/2 store_ln630/3 store_ln631/3 "/>
</bind>
</comp>

<comp id="359" class="1004" name="out_buf_addr_6_gep_fu_359">
<pin_list>
<pin id="360" dir="0" index="0" bw="8" slack="0"/>
<pin id="361" dir="0" index="1" bw="1" slack="0"/>
<pin id="362" dir="0" index="2" bw="8" slack="0"/>
<pin id="363" dir="1" index="3" bw="10" slack="0"/>
</pin_list>
<bind>
<opcode="getelementptr(29) " fcode="getelementptr"/>
<opset="out_buf_addr_6/2 "/>
</bind>
</comp>

<comp id="367" class="1004" name="out_buf_addr_7_gep_fu_367">
<pin_list>
<pin id="368" dir="0" index="0" bw="8" slack="0"/>
<pin id="369" dir="0" index="1" bw="1" slack="0"/>
<pin id="370" dir="0" index="2" bw="8" slack="0"/>
<pin id="371" dir="1" index="3" bw="10" slack="0"/>
</pin_list>
<bind>
<opcode="getelementptr(29) " fcode="getelementptr"/>
<opset="out_buf_addr_7/3 "/>
</bind>
</comp>

<comp id="375" class="1004" name="out_buf_addr_8_gep_fu_375">
<pin_list>
<pin id="376" dir="0" index="0" bw="8" slack="0"/>
<pin id="377" dir="0" index="1" bw="1" slack="0"/>
<pin id="378" dir="0" index="2" bw="8" slack="0"/>
<pin id="379" dir="1" index="3" bw="10" slack="0"/>
</pin_list>
<bind>
<opcode="getelementptr(29) " fcode="getelementptr"/>
<opset="out_buf_addr_8/3 "/>
</bind>
</comp>

<comp id="383" class="1004" name="store_ln461_store_fu_383">
<pin_list>
<pin id="384" dir="0" index="0" bw="1" slack="0"/>
<pin id="385" dir="0" index="1" bw="6" slack="0"/>
<pin id="386" dir="1" index="2" bw="0" slack="2147483647"/>
</pin_list>
<bind>
<opcode="store(28) " fcode="store"/>
<opset="store_ln461/1 "/>
</bind>
</comp>

<comp id="388" class="1004" name="t_2_load_fu_388">
<pin_list>
<pin id="389" dir="0" index="0" bw="6" slack="0"/>
<pin id="390" dir="1" index="1" bw="6" slack="0"/>
</pin_list>
<bind>
<opcode="load(27) " fcode="load"/>
<opset="t_2/1 "/>
</bind>
</comp>

<comp id="391" class="1004" name="icmp_ln461_fu_391">
<pin_list>
<pin id="392" dir="0" index="0" bw="6" slack="0"/>
<pin id="393" dir="0" index="1" bw="6" slack="0"/>
<pin id="394" dir="1" index="2" bw="1" slack="1"/>
</pin_list>
<bind>
<opcode="icmp(45) " fcode="icmp"/>
<opset="icmp_ln461/1 "/>
</bind>
</comp>

<comp id="397" class="1004" name="add_ln461_fu_397">
<pin_list>
<pin id="398" dir="0" index="0" bw="6" slack="0"/>
<pin id="399" dir="0" index="1" bw="1" slack="0"/>
<pin id="400" dir="1" index="2" bw="6" slack="0"/>
</pin_list>
<bind>
<opcode="add(8) " fcode="add"/>
<opset="add_ln461/1 "/>
</bind>
</comp>

<comp id="403" class="1004" name="lshr_ln_fu_403">
<pin_list>
<pin id="404" dir="0" index="0" bw="2" slack="0"/>
<pin id="405" dir="0" index="1" bw="6" slack="0"/>
<pin id="406" dir="0" index="2" bw="4" slack="0"/>
<pin id="407" dir="0" index="3" bw="4" slack="0"/>
<pin id="408" dir="1" index="4" bw="2" slack="0"/>
</pin_list>
<bind>
<opcode="partselect(1002) " fcode="partselect"/>
<opset="lshr_ln/1 "/>
</bind>
</comp>

<comp id="413" class="1004" name="zext_ln461_fu_413">
<pin_list>
<pin id="414" dir="0" index="0" bw="2" slack="0"/>
<pin id="415" dir="1" index="1" bw="64" slack="0"/>
</pin_list>
<bind>
<opcode="zext(34) " fcode="zext"/>
<opset="zext_ln461/1 "/>
</bind>
</comp>

<comp id="433" class="1004" name="store_ln461_store_fu_433">
<pin_list>
<pin id="434" dir="0" index="0" bw="6" slack="0"/>
<pin id="435" dir="0" index="1" bw="6" slack="0"/>
<pin id="436" dir="1" index="2" bw="0" slack="2147483647"/>
</pin_list>
<bind>
<opcode="store(28) " fcode="store"/>
<opset="store_ln461/1 "/>
</bind>
</comp>

<comp id="438" class="1004" name="trunc_ln461_fu_438">
<pin_list>
<pin id="439" dir="0" index="0" bw="6" slack="1"/>
<pin id="440" dir="1" index="1" bw="4" slack="0"/>
</pin_list>
<bind>
<opcode="trunc(33) " fcode="trunc"/>
<opset="trunc_ln461/2 "/>
</bind>
</comp>

<comp id="441" class="1004" name="v_fu_441">
<pin_list>
<pin id="442" dir="0" index="0" bw="32" slack="0"/>
<pin id="443" dir="0" index="1" bw="4" slack="0"/>
<pin id="444" dir="0" index="2" bw="32" slack="0"/>
<pin id="445" dir="0" index="3" bw="4" slack="0"/>
<pin id="446" dir="0" index="4" bw="32" slack="0"/>
<pin id="447" dir="0" index="5" bw="4" slack="0"/>
<pin id="448" dir="0" index="6" bw="32" slack="0"/>
<pin id="449" dir="0" index="7" bw="4" slack="0"/>
<pin id="450" dir="0" index="8" bw="32" slack="0"/>
<pin id="451" dir="0" index="9" bw="4" slack="0"/>
<pin id="452" dir="0" index="10" bw="32" slack="0"/>
<pin id="453" dir="0" index="11" bw="4" slack="0"/>
<pin id="454" dir="0" index="12" bw="32" slack="0"/>
<pin id="455" dir="0" index="13" bw="4" slack="0"/>
<pin id="456" dir="0" index="14" bw="32" slack="0"/>
<pin id="457" dir="0" index="15" bw="4" slack="0"/>
<pin id="458" dir="0" index="16" bw="32" slack="0"/>
<pin id="459" dir="0" index="17" bw="4" slack="0"/>
<pin id="460" dir="0" index="18" bw="32" slack="0"/>
<pin id="461" dir="0" index="19" bw="4" slack="0"/>
<pin id="462" dir="0" index="20" bw="32" slack="0"/>
<pin id="463" dir="0" index="21" bw="4" slack="0"/>
<pin id="464" dir="0" index="22" bw="32" slack="0"/>
<pin id="465" dir="0" index="23" bw="4" slack="0"/>
<pin id="466" dir="0" index="24" bw="32" slack="0"/>
<pin id="467" dir="0" index="25" bw="4" slack="0"/>
<pin id="468" dir="0" index="26" bw="32" slack="0"/>
<pin id="469" dir="0" index="27" bw="4" slack="0"/>
<pin id="470" dir="0" index="28" bw="32" slack="0"/>
<pin id="471" dir="0" index="29" bw="4" slack="0"/>
<pin id="472" dir="0" index="30" bw="32" slack="0"/>
<pin id="473" dir="0" index="31" bw="4" slack="0"/>
<pin id="474" dir="0" index="32" bw="32" slack="0"/>
<pin id="475" dir="0" index="33" bw="32" slack="0"/>
<pin id="476" dir="0" index="34" bw="4" slack="0"/>
<pin id="477" dir="1" index="35" bw="32" slack="0"/>
</pin_list>
<bind>
<opcode="sparsemux(1197) " fcode="sparsemux"/>
<opset="v/2 "/>
</bind>
</comp>

<comp id="513" class="1004" name="byte_addr_assign_2_fu_513">
<pin_list>
<pin id="514" dir="0" index="0" bw="8" slack="0"/>
<pin id="515" dir="0" index="1" bw="6" slack="1"/>
<pin id="516" dir="0" index="2" bw="1" slack="0"/>
<pin id="517" dir="1" index="3" bw="8" slack="0"/>
</pin_list>
<bind>
<opcode="bitconcatenate(1004) " fcode="bitconcatenate"/>
<opset="byte_addr_assign_2/2 "/>
</bind>
</comp>

<comp id="520" class="1004" name="trunc_ln628_fu_520">
<pin_list>
<pin id="521" dir="0" index="0" bw="32" slack="0"/>
<pin id="522" dir="1" index="1" bw="8" slack="0"/>
</pin_list>
<bind>
<opcode="trunc(33) " fcode="trunc"/>
<opset="trunc_ln628/2 "/>
</bind>
</comp>

<comp id="525" class="1004" name="zext_ln628_fu_525">
<pin_list>
<pin id="526" dir="0" index="0" bw="8" slack="0"/>
<pin id="527" dir="1" index="1" bw="64" slack="0"/>
</pin_list>
<bind>
<opcode="zext(34) " fcode="zext"/>
<opset="zext_ln628/2 "/>
</bind>
</comp>

<comp id="530" class="1004" name="trunc_ln629_1_fu_530">
<pin_list>
<pin id="531" dir="0" index="0" bw="8" slack="0"/>
<pin id="532" dir="0" index="1" bw="32" slack="0"/>
<pin id="533" dir="0" index="2" bw="5" slack="0"/>
<pin id="534" dir="0" index="3" bw="5" slack="0"/>
<pin id="535" dir="1" index="4" bw="8" slack="0"/>
</pin_list>
<bind>
<opcode="partselect(1002) " fcode="partselect"/>
<opset="trunc_ln629_1/2 "/>
</bind>
</comp>

<comp id="541" class="1004" name="or_ln629_1_fu_541">
<pin_list>
<pin id="542" dir="0" index="0" bw="8" slack="0"/>
<pin id="543" dir="0" index="1" bw="6" slack="1"/>
<pin id="544" dir="0" index="2" bw="1" slack="0"/>
<pin id="545" dir="1" index="3" bw="8" slack="0"/>
</pin_list>
<bind>
<opcode="bitconcatenate(1004) " fcode="bitconcatenate"/>
<opset="or_ln629_1/2 "/>
</bind>
</comp>

<comp id="548" class="1004" name="zext_ln629_fu_548">
<pin_list>
<pin id="549" dir="0" index="0" bw="8" slack="0"/>
<pin id="550" dir="1" index="1" bw="64" slack="0"/>
</pin_list>
<bind>
<opcode="zext(34) " fcode="zext"/>
<opset="zext_ln629/2 "/>
</bind>
</comp>

<comp id="553" class="1004" name="trunc_ln630_1_fu_553">
<pin_list>
<pin id="554" dir="0" index="0" bw="8" slack="0"/>
<pin id="555" dir="0" index="1" bw="32" slack="0"/>
<pin id="556" dir="0" index="2" bw="6" slack="0"/>
<pin id="557" dir="0" index="3" bw="6" slack="0"/>
<pin id="558" dir="1" index="4" bw="8" slack="1"/>
</pin_list>
<bind>
<opcode="partselect(1002) " fcode="partselect"/>
<opset="trunc_ln630_1/2 "/>
</bind>
</comp>

<comp id="563" class="1004" name="trunc_ln631_1_fu_563">
<pin_list>
<pin id="564" dir="0" index="0" bw="8" slack="0"/>
<pin id="565" dir="0" index="1" bw="32" slack="0"/>
<pin id="566" dir="0" index="2" bw="6" slack="0"/>
<pin id="567" dir="0" index="3" bw="6" slack="0"/>
<pin id="568" dir="1" index="4" bw="8" slack="1"/>
</pin_list>
<bind>
<opcode="partselect(1002) " fcode="partselect"/>
<opset="trunc_ln631_1/2 "/>
</bind>
</comp>

<comp id="573" class="1004" name="or_ln630_1_fu_573">
<pin_list>
<pin id="574" dir="0" index="0" bw="8" slack="0"/>
<pin id="575" dir="0" index="1" bw="6" slack="2"/>
<pin id="576" dir="0" index="2" bw="2" slack="0"/>
<pin id="577" dir="1" index="3" bw="8" slack="0"/>
</pin_list>
<bind>
<opcode="bitconcatenate(1004) " fcode="bitconcatenate"/>
<opset="or_ln630_1/3 "/>
</bind>
</comp>

<comp id="580" class="1004" name="zext_ln630_fu_580">
<pin_list>
<pin id="581" dir="0" index="0" bw="8" slack="0"/>
<pin id="582" dir="1" index="1" bw="64" slack="0"/>
</pin_list>
<bind>
<opcode="zext(34) " fcode="zext"/>
<opset="zext_ln630/3 "/>
</bind>
</comp>

<comp id="585" class="1004" name="or_ln631_1_fu_585">
<pin_list>
<pin id="586" dir="0" index="0" bw="8" slack="0"/>
<pin id="587" dir="0" index="1" bw="6" slack="2"/>
<pin id="588" dir="0" index="2" bw="1" slack="0"/>
<pin id="589" dir="1" index="3" bw="8" slack="0"/>
</pin_list>
<bind>
<opcode="bitconcatenate(1004) " fcode="bitconcatenate"/>
<opset="or_ln631_1/3 "/>
</bind>
</comp>

<comp id="592" class="1004" name="zext_ln631_fu_592">
<pin_list>
<pin id="593" dir="0" index="0" bw="8" slack="0"/>
<pin id="594" dir="1" index="1" bw="64" slack="0"/>
</pin_list>
<bind>
<opcode="zext(34) " fcode="zext"/>
<opset="zext_ln631/3 "/>
</bind>
</comp>

<comp id="597" class="1005" name="t_reg_597">
<pin_list>
<pin id="598" dir="0" index="0" bw="6" slack="0"/>
<pin id="599" dir="1" index="1" bw="6" slack="0"/>
</pin_list>
<bind>
<opset="t "/>
</bind>
</comp>

<comp id="604" class="1005" name="t_2_reg_604">
<pin_list>
<pin id="605" dir="0" index="0" bw="6" slack="1"/>
<pin id="606" dir="1" index="1" bw="6" slack="1"/>
</pin_list>
<bind>
<opset="t_2 "/>
</bind>
</comp>

<comp id="613" class="1005" name="icmp_ln461_reg_613">
<pin_list>
<pin id="614" dir="0" index="0" bw="1" slack="1"/>
<pin id="615" dir="1" index="1" bw="1" slack="2147483647"/>
</pin_list>
<bind>
<opset="icmp_ln461 "/>
</bind>
</comp>

<comp id="617" class="1005" name="compute_controller_bool_bool_unsigned_int_bool_bool_bool_bool_bool_u_489_reg_617">
<pin_list>
<pin id="618" dir="0" index="0" bw="2" slack="1"/>
<pin id="619" dir="1" index="1" bw="2" slack="1"/>
</pin_list>
<bind>
<opset="compute_controller_bool_bool_unsigned_int_bool_bool_bool_bool_bool_u_489 "/>
</bind>
</comp>

<comp id="622" class="1005" name="compute_controller_bool_bool_unsigned_int_bool_bool_bool_bool_bool_u_490_reg_622">
<pin_list>
<pin id="623" dir="0" index="0" bw="2" slack="1"/>
<pin id="624" dir="1" index="1" bw="2" slack="1"/>
</pin_list>
<bind>
<opset="compute_controller_bool_bool_unsigned_int_bool_bool_bool_bool_bool_u_490 "/>
</bind>
</comp>

<comp id="627" class="1005" name="compute_controller_bool_bool_unsigned_int_bool_bool_bool_bool_bool_u_491_reg_627">
<pin_list>
<pin id="628" dir="0" index="0" bw="2" slack="1"/>
<pin id="629" dir="1" index="1" bw="2" slack="1"/>
</pin_list>
<bind>
<opset="compute_controller_bool_bool_unsigned_int_bool_bool_bool_bool_bool_u_491 "/>
</bind>
</comp>

<comp id="632" class="1005" name="compute_controller_bool_bool_unsigned_int_bool_bool_bool_bool_bool_u_492_reg_632">
<pin_list>
<pin id="633" dir="0" index="0" bw="2" slack="1"/>
<pin id="634" dir="1" index="1" bw="2" slack="1"/>
</pin_list>
<bind>
<opset="compute_controller_bool_bool_unsigned_int_bool_bool_bool_bool_bool_u_492 "/>
</bind>
</comp>

<comp id="637" class="1005" name="compute_controller_bool_bool_unsigned_int_bool_bool_bool_bool_bool_u_493_reg_637">
<pin_list>
<pin id="638" dir="0" index="0" bw="2" slack="1"/>
<pin id="639" dir="1" index="1" bw="2" slack="1"/>
</pin_list>
<bind>
<opset="compute_controller_bool_bool_unsigned_int_bool_bool_bool_bool_bool_u_493 "/>
</bind>
</comp>

<comp id="642" class="1005" name="compute_controller_bool_bool_unsigned_int_bool_bool_bool_bool_bool_u_494_reg_642">
<pin_list>
<pin id="643" dir="0" index="0" bw="2" slack="1"/>
<pin id="644" dir="1" index="1" bw="2" slack="1"/>
</pin_list>
<bind>
<opset="compute_controller_bool_bool_unsigned_int_bool_bool_bool_bool_bool_u_494 "/>
</bind>
</comp>

<comp id="647" class="1005" name="compute_controller_bool_bool_unsigned_int_bool_bool_bool_bool_bool_u_495_reg_647">
<pin_list>
<pin id="648" dir="0" index="0" bw="2" slack="1"/>
<pin id="649" dir="1" index="1" bw="2" slack="1"/>
</pin_list>
<bind>
<opset="compute_controller_bool_bool_unsigned_int_bool_bool_bool_bool_bool_u_495 "/>
</bind>
</comp>

<comp id="652" class="1005" name="compute_controller_bool_bool_unsigned_int_bool_bool_bool_bool_bool_u_496_reg_652">
<pin_list>
<pin id="653" dir="0" index="0" bw="2" slack="1"/>
<pin id="654" dir="1" index="1" bw="2" slack="1"/>
</pin_list>
<bind>
<opset="compute_controller_bool_bool_unsigned_int_bool_bool_bool_bool_bool_u_496 "/>
</bind>
</comp>

<comp id="657" class="1005" name="compute_controller_bool_bool_unsigned_int_bool_bool_bool_bool_bool_u_497_reg_657">
<pin_list>
<pin id="658" dir="0" index="0" bw="2" slack="1"/>
<pin id="659" dir="1" index="1" bw="2" slack="1"/>
</pin_list>
<bind>
<opset="compute_controller_bool_bool_unsigned_int_bool_bool_bool_bool_bool_u_497 "/>
</bind>
</comp>

<comp id="662" class="1005" name="compute_controller_bool_bool_unsigned_int_bool_bool_bool_bool_bool_u_498_reg_662">
<pin_list>
<pin id="663" dir="0" index="0" bw="2" slack="1"/>
<pin id="664" dir="1" index="1" bw="2" slack="1"/>
</pin_list>
<bind>
<opset="compute_controller_bool_bool_unsigned_int_bool_bool_bool_bool_bool_u_498 "/>
</bind>
</comp>

<comp id="667" class="1005" name="p_ZZ18compute_controllerbbjRbS_bS_S_RjPKhPhR12ComputeStateS0_RhS6_S6_S6_S_S_S_S_E_258_reg_667">
<pin_list>
<pin id="668" dir="0" index="0" bw="2" slack="1"/>
<pin id="669" dir="1" index="1" bw="2" slack="1"/>
</pin_list>
<bind>
<opset="p_ZZ18compute_controllerbbjRbS_bS_S_RjPKhPhR12ComputeStateS0_RhS6_S6_S6_S_S_S_S_E_258 "/>
</bind>
</comp>

<comp id="672" class="1005" name="p_ZZ18compute_controllerbbjRbS_bS_S_RjPKhPhR12ComputeStateS0_RhS6_S6_S6_S_S_S_S_E_259_reg_672">
<pin_list>
<pin id="673" dir="0" index="0" bw="2" slack="1"/>
<pin id="674" dir="1" index="1" bw="2" slack="1"/>
</pin_list>
<bind>
<opset="p_ZZ18compute_controllerbbjRbS_bS_S_RjPKhPhR12ComputeStateS0_RhS6_S6_S6_S_S_S_S_E_259 "/>
</bind>
</comp>

<comp id="677" class="1005" name="p_ZZ18compute_controllerbbjRbS_bS_S_RjPKhPhR12ComputeStateS0_RhS6_S6_S6_S_S_S_S_E_260_reg_677">
<pin_list>
<pin id="678" dir="0" index="0" bw="2" slack="1"/>
<pin id="679" dir="1" index="1" bw="2" slack="1"/>
</pin_list>
<bind>
<opset="p_ZZ18compute_controllerbbjRbS_bS_S_RjPKhPhR12ComputeStateS0_RhS6_S6_S6_S_S_S_S_E_260 "/>
</bind>
</comp>

<comp id="682" class="1005" name="p_ZZ18compute_controllerbbjRbS_bS_S_RjPKhPhR12ComputeStateS0_RhS6_S6_S6_S_S_S_S_E_261_reg_682">
<pin_list>
<pin id="683" dir="0" index="0" bw="2" slack="1"/>
<pin id="684" dir="1" index="1" bw="2" slack="1"/>
</pin_list>
<bind>
<opset="p_ZZ18compute_controllerbbjRbS_bS_S_RjPKhPhR12ComputeStateS0_RhS6_S6_S6_S_S_S_S_E_261 "/>
</bind>
</comp>

<comp id="687" class="1005" name="p_ZZ18compute_controllerbbjRbS_bS_S_RjPKhPhR12ComputeStateS0_RhS6_S6_S6_S_S_S_S_E_262_reg_687">
<pin_list>
<pin id="688" dir="0" index="0" bw="2" slack="1"/>
<pin id="689" dir="1" index="1" bw="2" slack="1"/>
</pin_list>
<bind>
<opset="p_ZZ18compute_controllerbbjRbS_bS_S_RjPKhPhR12ComputeStateS0_RhS6_S6_S6_S_S_S_S_E_262 "/>
</bind>
</comp>

<comp id="692" class="1005" name="p_ZZ18compute_controllerbbjRbS_bS_S_RjPKhPhR12ComputeStateS0_RhS6_S6_S6_S_S_S_S_E_263_reg_692">
<pin_list>
<pin id="693" dir="0" index="0" bw="2" slack="1"/>
<pin id="694" dir="1" index="1" bw="2" slack="1"/>
</pin_list>
<bind>
<opset="p_ZZ18compute_controllerbbjRbS_bS_S_RjPKhPhR12ComputeStateS0_RhS6_S6_S6_S_S_S_S_E_263 "/>
</bind>
</comp>

<comp id="697" class="1005" name="trunc_ln630_1_reg_697">
<pin_list>
<pin id="698" dir="0" index="0" bw="8" slack="1"/>
<pin id="699" dir="1" index="1" bw="8" slack="1"/>
</pin_list>
<bind>
<opset="trunc_ln630_1 "/>
</bind>
</comp>

<comp id="702" class="1005" name="trunc_ln631_1_reg_702">
<pin_list>
<pin id="703" dir="0" index="0" bw="8" slack="1"/>
<pin id="704" dir="1" index="1" bw="8" slack="1"/>
</pin_list>
<bind>
<opset="trunc_ln631_1 "/>
</bind>
</comp>

</comp_list>

<net_list>
<net id="133"><net_src comp="34" pin="0"/><net_sink comp="130" pin=0"/></net>

<net id="139"><net_src comp="2" pin="0"/><net_sink comp="134" pin=0"/></net>

<net id="140"><net_src comp="58" pin="0"/><net_sink comp="134" pin=1"/></net>

<net id="146"><net_src comp="4" pin="0"/><net_sink comp="141" pin=0"/></net>

<net id="147"><net_src comp="58" pin="0"/><net_sink comp="141" pin=1"/></net>

<net id="153"><net_src comp="6" pin="0"/><net_sink comp="148" pin=0"/></net>

<net id="154"><net_src comp="58" pin="0"/><net_sink comp="148" pin=1"/></net>

<net id="160"><net_src comp="8" pin="0"/><net_sink comp="155" pin=0"/></net>

<net id="161"><net_src comp="58" pin="0"/><net_sink comp="155" pin=1"/></net>

<net id="167"><net_src comp="10" pin="0"/><net_sink comp="162" pin=0"/></net>

<net id="168"><net_src comp="58" pin="0"/><net_sink comp="162" pin=1"/></net>

<net id="174"><net_src comp="12" pin="0"/><net_sink comp="169" pin=0"/></net>

<net id="175"><net_src comp="58" pin="0"/><net_sink comp="169" pin=1"/></net>

<net id="181"><net_src comp="14" pin="0"/><net_sink comp="176" pin=0"/></net>

<net id="182"><net_src comp="58" pin="0"/><net_sink comp="176" pin=1"/></net>

<net id="188"><net_src comp="16" pin="0"/><net_sink comp="183" pin=0"/></net>

<net id="189"><net_src comp="58" pin="0"/><net_sink comp="183" pin=1"/></net>

<net id="195"><net_src comp="18" pin="0"/><net_sink comp="190" pin=0"/></net>

<net id="196"><net_src comp="58" pin="0"/><net_sink comp="190" pin=1"/></net>

<net id="202"><net_src comp="20" pin="0"/><net_sink comp="197" pin=0"/></net>

<net id="203"><net_src comp="58" pin="0"/><net_sink comp="197" pin=1"/></net>

<net id="209"><net_src comp="22" pin="0"/><net_sink comp="204" pin=0"/></net>

<net id="210"><net_src comp="58" pin="0"/><net_sink comp="204" pin=1"/></net>

<net id="216"><net_src comp="24" pin="0"/><net_sink comp="211" pin=0"/></net>

<net id="217"><net_src comp="58" pin="0"/><net_sink comp="211" pin=1"/></net>

<net id="223"><net_src comp="26" pin="0"/><net_sink comp="218" pin=0"/></net>

<net id="224"><net_src comp="58" pin="0"/><net_sink comp="218" pin=1"/></net>

<net id="230"><net_src comp="28" pin="0"/><net_sink comp="225" pin=0"/></net>

<net id="231"><net_src comp="58" pin="0"/><net_sink comp="225" pin=1"/></net>

<net id="237"><net_src comp="30" pin="0"/><net_sink comp="232" pin=0"/></net>

<net id="238"><net_src comp="58" pin="0"/><net_sink comp="232" pin=1"/></net>

<net id="244"><net_src comp="32" pin="0"/><net_sink comp="239" pin=0"/></net>

<net id="245"><net_src comp="58" pin="0"/><net_sink comp="239" pin=1"/></net>

<net id="251"><net_src comp="134" pin="3"/><net_sink comp="246" pin=0"/></net>

<net id="257"><net_src comp="141" pin="3"/><net_sink comp="252" pin=0"/></net>

<net id="263"><net_src comp="148" pin="3"/><net_sink comp="258" pin=0"/></net>

<net id="269"><net_src comp="155" pin="3"/><net_sink comp="264" pin=0"/></net>

<net id="275"><net_src comp="162" pin="3"/><net_sink comp="270" pin=0"/></net>

<net id="281"><net_src comp="169" pin="3"/><net_sink comp="276" pin=0"/></net>

<net id="287"><net_src comp="176" pin="3"/><net_sink comp="282" pin=0"/></net>

<net id="293"><net_src comp="183" pin="3"/><net_sink comp="288" pin=0"/></net>

<net id="299"><net_src comp="190" pin="3"/><net_sink comp="294" pin=0"/></net>

<net id="305"><net_src comp="197" pin="3"/><net_sink comp="300" pin=0"/></net>

<net id="311"><net_src comp="204" pin="3"/><net_sink comp="306" pin=0"/></net>

<net id="317"><net_src comp="211" pin="3"/><net_sink comp="312" pin=0"/></net>

<net id="323"><net_src comp="218" pin="3"/><net_sink comp="318" pin=0"/></net>

<net id="329"><net_src comp="225" pin="3"/><net_sink comp="324" pin=0"/></net>

<net id="335"><net_src comp="232" pin="3"/><net_sink comp="330" pin=0"/></net>

<net id="341"><net_src comp="239" pin="3"/><net_sink comp="336" pin=0"/></net>

<net id="347"><net_src comp="0" pin="0"/><net_sink comp="342" pin=0"/></net>

<net id="348"><net_src comp="58" pin="0"/><net_sink comp="342" pin=1"/></net>

<net id="358"><net_src comp="342" pin="3"/><net_sink comp="349" pin=2"/></net>

<net id="364"><net_src comp="0" pin="0"/><net_sink comp="359" pin=0"/></net>

<net id="365"><net_src comp="58" pin="0"/><net_sink comp="359" pin=1"/></net>

<net id="366"><net_src comp="359" pin="3"/><net_sink comp="349" pin=0"/></net>

<net id="372"><net_src comp="0" pin="0"/><net_sink comp="367" pin=0"/></net>

<net id="373"><net_src comp="58" pin="0"/><net_sink comp="367" pin=1"/></net>

<net id="374"><net_src comp="367" pin="3"/><net_sink comp="349" pin=2"/></net>

<net id="380"><net_src comp="0" pin="0"/><net_sink comp="375" pin=0"/></net>

<net id="381"><net_src comp="58" pin="0"/><net_sink comp="375" pin=1"/></net>

<net id="382"><net_src comp="375" pin="3"/><net_sink comp="349" pin=0"/></net>

<net id="387"><net_src comp="46" pin="0"/><net_sink comp="383" pin=0"/></net>

<net id="395"><net_src comp="388" pin="1"/><net_sink comp="391" pin=0"/></net>

<net id="396"><net_src comp="48" pin="0"/><net_sink comp="391" pin=1"/></net>

<net id="401"><net_src comp="388" pin="1"/><net_sink comp="397" pin=0"/></net>

<net id="402"><net_src comp="50" pin="0"/><net_sink comp="397" pin=1"/></net>

<net id="409"><net_src comp="52" pin="0"/><net_sink comp="403" pin=0"/></net>

<net id="410"><net_src comp="388" pin="1"/><net_sink comp="403" pin=1"/></net>

<net id="411"><net_src comp="54" pin="0"/><net_sink comp="403" pin=2"/></net>

<net id="412"><net_src comp="56" pin="0"/><net_sink comp="403" pin=3"/></net>

<net id="416"><net_src comp="403" pin="4"/><net_sink comp="413" pin=0"/></net>

<net id="417"><net_src comp="413" pin="1"/><net_sink comp="134" pin=2"/></net>

<net id="418"><net_src comp="413" pin="1"/><net_sink comp="141" pin=2"/></net>

<net id="419"><net_src comp="413" pin="1"/><net_sink comp="148" pin=2"/></net>

<net id="420"><net_src comp="413" pin="1"/><net_sink comp="155" pin=2"/></net>

<net id="421"><net_src comp="413" pin="1"/><net_sink comp="162" pin=2"/></net>

<net id="422"><net_src comp="413" pin="1"/><net_sink comp="169" pin=2"/></net>

<net id="423"><net_src comp="413" pin="1"/><net_sink comp="176" pin=2"/></net>

<net id="424"><net_src comp="413" pin="1"/><net_sink comp="183" pin=2"/></net>

<net id="425"><net_src comp="413" pin="1"/><net_sink comp="190" pin=2"/></net>

<net id="426"><net_src comp="413" pin="1"/><net_sink comp="197" pin=2"/></net>

<net id="427"><net_src comp="413" pin="1"/><net_sink comp="204" pin=2"/></net>

<net id="428"><net_src comp="413" pin="1"/><net_sink comp="211" pin=2"/></net>

<net id="429"><net_src comp="413" pin="1"/><net_sink comp="218" pin=2"/></net>

<net id="430"><net_src comp="413" pin="1"/><net_sink comp="225" pin=2"/></net>

<net id="431"><net_src comp="413" pin="1"/><net_sink comp="232" pin=2"/></net>

<net id="432"><net_src comp="413" pin="1"/><net_sink comp="239" pin=2"/></net>

<net id="437"><net_src comp="397" pin="2"/><net_sink comp="433" pin=0"/></net>

<net id="478"><net_src comp="60" pin="0"/><net_sink comp="441" pin=0"/></net>

<net id="479"><net_src comp="62" pin="0"/><net_sink comp="441" pin=1"/></net>

<net id="480"><net_src comp="246" pin="3"/><net_sink comp="441" pin=2"/></net>

<net id="481"><net_src comp="64" pin="0"/><net_sink comp="441" pin=3"/></net>

<net id="482"><net_src comp="252" pin="3"/><net_sink comp="441" pin=4"/></net>

<net id="483"><net_src comp="66" pin="0"/><net_sink comp="441" pin=5"/></net>

<net id="484"><net_src comp="258" pin="3"/><net_sink comp="441" pin=6"/></net>

<net id="485"><net_src comp="68" pin="0"/><net_sink comp="441" pin=7"/></net>

<net id="486"><net_src comp="264" pin="3"/><net_sink comp="441" pin=8"/></net>

<net id="487"><net_src comp="70" pin="0"/><net_sink comp="441" pin=9"/></net>

<net id="488"><net_src comp="270" pin="3"/><net_sink comp="441" pin=10"/></net>

<net id="489"><net_src comp="72" pin="0"/><net_sink comp="441" pin=11"/></net>

<net id="490"><net_src comp="276" pin="3"/><net_sink comp="441" pin=12"/></net>

<net id="491"><net_src comp="74" pin="0"/><net_sink comp="441" pin=13"/></net>

<net id="492"><net_src comp="282" pin="3"/><net_sink comp="441" pin=14"/></net>

<net id="493"><net_src comp="76" pin="0"/><net_sink comp="441" pin=15"/></net>

<net id="494"><net_src comp="288" pin="3"/><net_sink comp="441" pin=16"/></net>

<net id="495"><net_src comp="78" pin="0"/><net_sink comp="441" pin=17"/></net>

<net id="496"><net_src comp="294" pin="3"/><net_sink comp="441" pin=18"/></net>

<net id="497"><net_src comp="80" pin="0"/><net_sink comp="441" pin=19"/></net>

<net id="498"><net_src comp="300" pin="3"/><net_sink comp="441" pin=20"/></net>

<net id="499"><net_src comp="82" pin="0"/><net_sink comp="441" pin=21"/></net>

<net id="500"><net_src comp="306" pin="3"/><net_sink comp="441" pin=22"/></net>

<net id="501"><net_src comp="84" pin="0"/><net_sink comp="441" pin=23"/></net>

<net id="502"><net_src comp="312" pin="3"/><net_sink comp="441" pin=24"/></net>

<net id="503"><net_src comp="86" pin="0"/><net_sink comp="441" pin=25"/></net>

<net id="504"><net_src comp="318" pin="3"/><net_sink comp="441" pin=26"/></net>

<net id="505"><net_src comp="88" pin="0"/><net_sink comp="441" pin=27"/></net>

<net id="506"><net_src comp="324" pin="3"/><net_sink comp="441" pin=28"/></net>

<net id="507"><net_src comp="90" pin="0"/><net_sink comp="441" pin=29"/></net>

<net id="508"><net_src comp="330" pin="3"/><net_sink comp="441" pin=30"/></net>

<net id="509"><net_src comp="92" pin="0"/><net_sink comp="441" pin=31"/></net>

<net id="510"><net_src comp="336" pin="3"/><net_sink comp="441" pin=32"/></net>

<net id="511"><net_src comp="94" pin="0"/><net_sink comp="441" pin=33"/></net>

<net id="512"><net_src comp="438" pin="1"/><net_sink comp="441" pin=34"/></net>

<net id="518"><net_src comp="96" pin="0"/><net_sink comp="513" pin=0"/></net>

<net id="519"><net_src comp="98" pin="0"/><net_sink comp="513" pin=2"/></net>

<net id="523"><net_src comp="441" pin="35"/><net_sink comp="520" pin=0"/></net>

<net id="524"><net_src comp="520" pin="1"/><net_sink comp="349" pin=4"/></net>

<net id="528"><net_src comp="513" pin="3"/><net_sink comp="525" pin=0"/></net>

<net id="529"><net_src comp="525" pin="1"/><net_sink comp="342" pin=2"/></net>

<net id="536"><net_src comp="100" pin="0"/><net_sink comp="530" pin=0"/></net>

<net id="537"><net_src comp="441" pin="35"/><net_sink comp="530" pin=1"/></net>

<net id="538"><net_src comp="102" pin="0"/><net_sink comp="530" pin=2"/></net>

<net id="539"><net_src comp="104" pin="0"/><net_sink comp="530" pin=3"/></net>

<net id="540"><net_src comp="530" pin="4"/><net_sink comp="349" pin=1"/></net>

<net id="546"><net_src comp="96" pin="0"/><net_sink comp="541" pin=0"/></net>

<net id="547"><net_src comp="106" pin="0"/><net_sink comp="541" pin=2"/></net>

<net id="551"><net_src comp="541" pin="3"/><net_sink comp="548" pin=0"/></net>

<net id="552"><net_src comp="548" pin="1"/><net_sink comp="359" pin=2"/></net>

<net id="559"><net_src comp="100" pin="0"/><net_sink comp="553" pin=0"/></net>

<net id="560"><net_src comp="441" pin="35"/><net_sink comp="553" pin=1"/></net>

<net id="561"><net_src comp="108" pin="0"/><net_sink comp="553" pin=2"/></net>

<net id="562"><net_src comp="110" pin="0"/><net_sink comp="553" pin=3"/></net>

<net id="569"><net_src comp="100" pin="0"/><net_sink comp="563" pin=0"/></net>

<net id="570"><net_src comp="441" pin="35"/><net_sink comp="563" pin=1"/></net>

<net id="571"><net_src comp="112" pin="0"/><net_sink comp="563" pin=2"/></net>

<net id="572"><net_src comp="114" pin="0"/><net_sink comp="563" pin=3"/></net>

<net id="578"><net_src comp="96" pin="0"/><net_sink comp="573" pin=0"/></net>

<net id="579"><net_src comp="126" pin="0"/><net_sink comp="573" pin=2"/></net>

<net id="583"><net_src comp="573" pin="3"/><net_sink comp="580" pin=0"/></net>

<net id="584"><net_src comp="580" pin="1"/><net_sink comp="367" pin=2"/></net>

<net id="590"><net_src comp="96" pin="0"/><net_sink comp="585" pin=0"/></net>

<net id="591"><net_src comp="128" pin="0"/><net_sink comp="585" pin=2"/></net>

<net id="595"><net_src comp="585" pin="3"/><net_sink comp="592" pin=0"/></net>

<net id="596"><net_src comp="592" pin="1"/><net_sink comp="375" pin=2"/></net>

<net id="600"><net_src comp="130" pin="1"/><net_sink comp="597" pin=0"/></net>

<net id="601"><net_src comp="597" pin="1"/><net_sink comp="383" pin=1"/></net>

<net id="602"><net_src comp="597" pin="1"/><net_sink comp="388" pin=0"/></net>

<net id="603"><net_src comp="597" pin="1"/><net_sink comp="433" pin=1"/></net>

<net id="607"><net_src comp="388" pin="1"/><net_sink comp="604" pin=0"/></net>

<net id="608"><net_src comp="604" pin="1"/><net_sink comp="438" pin=0"/></net>

<net id="609"><net_src comp="604" pin="1"/><net_sink comp="513" pin=1"/></net>

<net id="610"><net_src comp="604" pin="1"/><net_sink comp="541" pin=1"/></net>

<net id="611"><net_src comp="604" pin="1"/><net_sink comp="573" pin=1"/></net>

<net id="612"><net_src comp="604" pin="1"/><net_sink comp="585" pin=1"/></net>

<net id="616"><net_src comp="391" pin="2"/><net_sink comp="613" pin=0"/></net>

<net id="620"><net_src comp="134" pin="3"/><net_sink comp="617" pin=0"/></net>

<net id="621"><net_src comp="617" pin="1"/><net_sink comp="246" pin=0"/></net>

<net id="625"><net_src comp="141" pin="3"/><net_sink comp="622" pin=0"/></net>

<net id="626"><net_src comp="622" pin="1"/><net_sink comp="252" pin=0"/></net>

<net id="630"><net_src comp="148" pin="3"/><net_sink comp="627" pin=0"/></net>

<net id="631"><net_src comp="627" pin="1"/><net_sink comp="258" pin=0"/></net>

<net id="635"><net_src comp="155" pin="3"/><net_sink comp="632" pin=0"/></net>

<net id="636"><net_src comp="632" pin="1"/><net_sink comp="264" pin=0"/></net>

<net id="640"><net_src comp="162" pin="3"/><net_sink comp="637" pin=0"/></net>

<net id="641"><net_src comp="637" pin="1"/><net_sink comp="270" pin=0"/></net>

<net id="645"><net_src comp="169" pin="3"/><net_sink comp="642" pin=0"/></net>

<net id="646"><net_src comp="642" pin="1"/><net_sink comp="276" pin=0"/></net>

<net id="650"><net_src comp="176" pin="3"/><net_sink comp="647" pin=0"/></net>

<net id="651"><net_src comp="647" pin="1"/><net_sink comp="282" pin=0"/></net>

<net id="655"><net_src comp="183" pin="3"/><net_sink comp="652" pin=0"/></net>

<net id="656"><net_src comp="652" pin="1"/><net_sink comp="288" pin=0"/></net>

<net id="660"><net_src comp="190" pin="3"/><net_sink comp="657" pin=0"/></net>

<net id="661"><net_src comp="657" pin="1"/><net_sink comp="294" pin=0"/></net>

<net id="665"><net_src comp="197" pin="3"/><net_sink comp="662" pin=0"/></net>

<net id="666"><net_src comp="662" pin="1"/><net_sink comp="300" pin=0"/></net>

<net id="670"><net_src comp="204" pin="3"/><net_sink comp="667" pin=0"/></net>

<net id="671"><net_src comp="667" pin="1"/><net_sink comp="306" pin=0"/></net>

<net id="675"><net_src comp="211" pin="3"/><net_sink comp="672" pin=0"/></net>

<net id="676"><net_src comp="672" pin="1"/><net_sink comp="312" pin=0"/></net>

<net id="680"><net_src comp="218" pin="3"/><net_sink comp="677" pin=0"/></net>

<net id="681"><net_src comp="677" pin="1"/><net_sink comp="318" pin=0"/></net>

<net id="685"><net_src comp="225" pin="3"/><net_sink comp="682" pin=0"/></net>

<net id="686"><net_src comp="682" pin="1"/><net_sink comp="324" pin=0"/></net>

<net id="690"><net_src comp="232" pin="3"/><net_sink comp="687" pin=0"/></net>

<net id="691"><net_src comp="687" pin="1"/><net_sink comp="330" pin=0"/></net>

<net id="695"><net_src comp="239" pin="3"/><net_sink comp="692" pin=0"/></net>

<net id="696"><net_src comp="692" pin="1"/><net_sink comp="336" pin=0"/></net>

<net id="700"><net_src comp="553" pin="4"/><net_sink comp="697" pin=0"/></net>

<net id="701"><net_src comp="697" pin="1"/><net_sink comp="349" pin=4"/></net>

<net id="705"><net_src comp="563" pin="4"/><net_sink comp="702" pin=0"/></net>

<net id="706"><net_src comp="702" pin="1"/><net_sink comp="349" pin=1"/></net>

</net_list>

</model> 
---------------- Datapath Model END ------------------

* FSMD analyzer results:
  - Output states:
	Port: out_buf | {2 3 }
	Port: compute_controller_bool_bool_unsigned_int_bool_bool_bool_bool_bool_u_89 | {}
	Port: compute_controller_bool_bool_unsigned_int_bool_bool_bool_bool_bool_u_88 | {}
	Port: compute_controller_bool_bool_unsigned_int_bool_bool_bool_bool_bool_u_87 | {}
	Port: compute_controller_bool_bool_unsigned_int_bool_bool_bool_bool_bool_u_86 | {}
	Port: compute_controller_bool_bool_unsigned_int_bool_bool_bool_bool_bool_u_85 | {}
	Port: compute_controller_bool_bool_unsigned_int_bool_bool_bool_bool_bool_u_84 | {}
	Port: compute_controller_bool_bool_unsigned_int_bool_bool_bool_bool_bool_u_83 | {}
	Port: compute_controller_bool_bool_unsigned_int_bool_bool_bool_bool_bool_u_82 | {}
	Port: compute_controller_bool_bool_unsigned_int_bool_bool_bool_bool_bool_u_81 | {}
	Port: compute_controller_bool_bool_unsigned_int_bool_bool_bool_bool_bool_u_80 | {}
	Port: p_ZZ18compute_controllerbbjRbS_bS_S_RjPKhPhR12ComputeStateS0_RhS6_S6_S6_S_S_S_S_E_71 | {}
	Port: p_ZZ18compute_controllerbbjRbS_bS_S_RjPKhPhR12ComputeStateS0_RhS6_S6_S6_S_S_S_S_E_70 | {}
	Port: p_ZZ18compute_controllerbbjRbS_bS_S_RjPKhPhR12ComputeStateS0_RhS6_S6_S6_S_S_S_S_E_69 | {}
	Port: p_ZZ18compute_controllerbbjRbS_bS_S_RjPKhPhR12ComputeStateS0_RhS6_S6_S6_S_S_S_S_E_68 | {}
	Port: p_ZZ18compute_controllerbbjRbS_bS_S_RjPKhPhR12ComputeStateS0_RhS6_S6_S6_S_S_S_S_E_67 | {}
	Port: p_ZZ18compute_controllerbbjRbS_bS_S_RjPKhPhR12ComputeStateS0_RhS6_S6_S6_S_S_S_S_E_66 | {}
 - Input state : 
	Port: compute_controller_Pipeline_VITIS_LOOP_461_17 : out_buf | {}
	Port: compute_controller_Pipeline_VITIS_LOOP_461_17 : compute_controller_bool_bool_unsigned_int_bool_bool_bool_bool_bool_u_89 | {1 2 }
	Port: compute_controller_Pipeline_VITIS_LOOP_461_17 : compute_controller_bool_bool_unsigned_int_bool_bool_bool_bool_bool_u_88 | {1 2 }
	Port: compute_controller_Pipeline_VITIS_LOOP_461_17 : compute_controller_bool_bool_unsigned_int_bool_bool_bool_bool_bool_u_87 | {1 2 }
	Port: compute_controller_Pipeline_VITIS_LOOP_461_17 : compute_controller_bool_bool_unsigned_int_bool_bool_bool_bool_bool_u_86 | {1 2 }
	Port: compute_controller_Pipeline_VITIS_LOOP_461_17 : compute_controller_bool_bool_unsigned_int_bool_bool_bool_bool_bool_u_85 | {1 2 }
	Port: compute_controller_Pipeline_VITIS_LOOP_461_17 : compute_controller_bool_bool_unsigned_int_bool_bool_bool_bool_bool_u_84 | {1 2 }
	Port: compute_controller_Pipeline_VITIS_LOOP_461_17 : compute_controller_bool_bool_unsigned_int_bool_bool_bool_bool_bool_u_83 | {1 2 }
	Port: compute_controller_Pipeline_VITIS_LOOP_461_17 : compute_controller_bool_bool_unsigned_int_bool_bool_bool_bool_bool_u_82 | {1 2 }
	Port: compute_controller_Pipeline_VITIS_LOOP_461_17 : compute_controller_bool_bool_unsigned_int_bool_bool_bool_bool_bool_u_81 | {1 2 }
	Port: compute_controller_Pipeline_VITIS_LOOP_461_17 : compute_controller_bool_bool_unsigned_int_bool_bool_bool_bool_bool_u_80 | {1 2 }
	Port: compute_controller_Pipeline_VITIS_LOOP_461_17 : p_ZZ18compute_controllerbbjRbS_bS_S_RjPKhPhR12ComputeStateS0_RhS6_S6_S6_S_S_S_S_E_71 | {1 2 }
	Port: compute_controller_Pipeline_VITIS_LOOP_461_17 : p_ZZ18compute_controllerbbjRbS_bS_S_RjPKhPhR12ComputeStateS0_RhS6_S6_S6_S_S_S_S_E_70 | {1 2 }
	Port: compute_controller_Pipeline_VITIS_LOOP_461_17 : p_ZZ18compute_controllerbbjRbS_bS_S_RjPKhPhR12ComputeStateS0_RhS6_S6_S6_S_S_S_S_E_69 | {1 2 }
	Port: compute_controller_Pipeline_VITIS_LOOP_461_17 : p_ZZ18compute_controllerbbjRbS_bS_S_RjPKhPhR12ComputeStateS0_RhS6_S6_S6_S_S_S_S_E_68 | {1 2 }
	Port: compute_controller_Pipeline_VITIS_LOOP_461_17 : p_ZZ18compute_controllerbbjRbS_bS_S_RjPKhPhR12ComputeStateS0_RhS6_S6_S6_S_S_S_S_E_67 | {1 2 }
	Port: compute_controller_Pipeline_VITIS_LOOP_461_17 : p_ZZ18compute_controllerbbjRbS_bS_S_RjPKhPhR12ComputeStateS0_RhS6_S6_S6_S_S_S_S_E_66 | {1 2 }
  - Chain level:
	State 1
		store_ln461 : 1
		t_2 : 1
		icmp_ln461 : 2
		add_ln461 : 2
		br_ln461 : 3
		lshr_ln : 2
		zext_ln461 : 3
		compute_controller_bool_bool_unsigned_int_bool_bool_bool_bool_bool_u_489 : 4
		compute_controller_bool_bool_unsigned_int_bool_bool_bool_bool_bool_u_490 : 4
		compute_controller_bool_bool_unsigned_int_bool_bool_bool_bool_bool_u_491 : 4
		compute_controller_bool_bool_unsigned_int_bool_bool_bool_bool_bool_u_492 : 4
		compute_controller_bool_bool_unsigned_int_bool_bool_bool_bool_bool_u_493 : 4
		compute_controller_bool_bool_unsigned_int_bool_bool_bool_bool_bool_u_494 : 4
		compute_controller_bool_bool_unsigned_int_bool_bool_bool_bool_bool_u_495 : 4
		compute_controller_bool_bool_unsigned_int_bool_bool_bool_bool_bool_u_496 : 4
		compute_controller_bool_bool_unsigned_int_bool_bool_bool_bool_bool_u_497 : 4
		compute_controller_bool_bool_unsigned_int_bool_bool_bool_bool_bool_u_498 : 4
		p_ZZ18compute_controllerbbjRbS_bS_S_RjPKhPhR12ComputeStateS0_RhS6_S6_S6_S_S_S_S_E_258 : 4
		p_ZZ18compute_controllerbbjRbS_bS_S_RjPKhPhR12ComputeStateS0_RhS6_S6_S6_S_S_S_S_E_259 : 4
		p_ZZ18compute_controllerbbjRbS_bS_S_RjPKhPhR12ComputeStateS0_RhS6_S6_S6_S_S_S_S_E_260 : 4
		p_ZZ18compute_controllerbbjRbS_bS_S_RjPKhPhR12ComputeStateS0_RhS6_S6_S6_S_S_S_S_E_261 : 4
		p_ZZ18compute_controllerbbjRbS_bS_S_RjPKhPhR12ComputeStateS0_RhS6_S6_S6_S_S_S_S_E_262 : 4
		p_ZZ18compute_controllerbbjRbS_bS_S_RjPKhPhR12ComputeStateS0_RhS6_S6_S6_S_S_S_S_E_263 : 4
		compute_controller_bool_bool_unsigned_int_bool_bool_bool_bool_bool_u_499 : 5
		compute_controller_bool_bool_unsigned_int_bool_bool_bool_bool_bool_u_500 : 5
		compute_controller_bool_bool_unsigned_int_bool_bool_bool_bool_bool_u_501 : 5
		compute_controller_bool_bool_unsigned_int_bool_bool_bool_bool_bool_u_502 : 5
		compute_controller_bool_bool_unsigned_int_bool_bool_bool_bool_bool_u_503 : 5
		compute_controller_bool_bool_unsigned_int_bool_bool_bool_bool_bool_u_504 : 5
		compute_controller_bool_bool_unsigned_int_bool_bool_bool_bool_bool_u_505 : 5
		compute_controller_bool_bool_unsigned_int_bool_bool_bool_bool_bool_u_506 : 5
		compute_controller_bool_bool_unsigned_int_bool_bool_bool_bool_bool_u_507 : 5
		compute_controller_bool_bool_unsigned_int_bool_bool_bool_bool_bool_u_508 : 5
		p_ZZ18compute_controllerbbjRbS_bS_S_RjPKhPhR12ComputeStateS0_RhS6_S6_S6_S_S_S_S_E_264 : 5
		p_ZZ18compute_controllerbbjRbS_bS_S_RjPKhPhR12ComputeStateS0_RhS6_S6_S6_S_S_S_S_E_265 : 5
		p_ZZ18compute_controllerbbjRbS_bS_S_RjPKhPhR12ComputeStateS0_RhS6_S6_S6_S_S_S_S_E_266 : 5
		p_ZZ18compute_controllerbbjRbS_bS_S_RjPKhPhR12ComputeStateS0_RhS6_S6_S6_S_S_S_S_E_267 : 5
		p_ZZ18compute_controllerbbjRbS_bS_S_RjPKhPhR12ComputeStateS0_RhS6_S6_S6_S_S_S_S_E_268 : 5
		p_ZZ18compute_controllerbbjRbS_bS_S_RjPKhPhR12ComputeStateS0_RhS6_S6_S6_S_S_S_S_E_269 : 5
		store_ln461 : 3
	State 2
		v : 1
		trunc_ln628 : 2
		zext_ln628 : 1
		out_buf_addr : 2
		store_ln628 : 3
		trunc_ln629_1 : 2
		zext_ln629 : 1
		out_buf_addr_6 : 2
		store_ln629 : 3
		trunc_ln630_1 : 2
		trunc_ln631_1 : 2
	State 3
		zext_ln630 : 1
		out_buf_addr_7 : 2
		store_ln630 : 3
		zext_ln631 : 1
		out_buf_addr_8 : 2
		store_ln631 : 3


============================================================
+ Verbose Summary: Datapath Resource usage 
============================================================

* Functional unit list:
|----------|---------------------------|---------|---------|
| Operation|      Functional Unit      |    FF   |   LUT   |
|----------|---------------------------|---------|---------|
| sparsemux|          v_fu_441         |    0    |    65   |
|----------|---------------------------|---------|---------|
|   icmp   |     icmp_ln461_fu_391     |    0    |    13   |
|----------|---------------------------|---------|---------|
|    add   |      add_ln461_fu_397     |    0    |    13   |
|----------|---------------------------|---------|---------|
|          |       lshr_ln_fu_403      |    0    |    0    |
|partselect|    trunc_ln629_1_fu_530   |    0    |    0    |
|          |    trunc_ln630_1_fu_553   |    0    |    0    |
|          |    trunc_ln631_1_fu_563   |    0    |    0    |
|----------|---------------------------|---------|---------|
|          |     zext_ln461_fu_413     |    0    |    0    |
|          |     zext_ln628_fu_525     |    0    |    0    |
|   zext   |     zext_ln629_fu_548     |    0    |    0    |
|          |     zext_ln630_fu_580     |    0    |    0    |
|          |     zext_ln631_fu_592     |    0    |    0    |
|----------|---------------------------|---------|---------|
|   trunc  |     trunc_ln461_fu_438    |    0    |    0    |
|          |     trunc_ln628_fu_520    |    0    |    0    |
|----------|---------------------------|---------|---------|
|          | byte_addr_assign_2_fu_513 |    0    |    0    |
|bitconcatenate|     or_ln629_1_fu_541     |    0    |    0    |
|          |     or_ln630_1_fu_573     |    0    |    0    |
|          |     or_ln631_1_fu_585     |    0    |    0    |
|----------|---------------------------|---------|---------|
|   Total  |                           |    0    |    91   |
|----------|---------------------------|---------|---------|

Memories:
N/A

* Register list:
+---------------------------------------------------------------------------------------------+--------+
|                                                                                             |   FF   |
+---------------------------------------------------------------------------------------------+--------+
|       compute_controller_bool_bool_unsigned_int_bool_bool_bool_bool_bool_u_489_reg_617      |    2   |
|       compute_controller_bool_bool_unsigned_int_bool_bool_bool_bool_bool_u_490_reg_622      |    2   |
|       compute_controller_bool_bool_unsigned_int_bool_bool_bool_bool_bool_u_491_reg_627      |    2   |
|       compute_controller_bool_bool_unsigned_int_bool_bool_bool_bool_bool_u_492_reg_632      |    2   |
|       compute_controller_bool_bool_unsigned_int_bool_bool_bool_bool_bool_u_493_reg_637      |    2   |
|       compute_controller_bool_bool_unsigned_int_bool_bool_bool_bool_bool_u_494_reg_642      |    2   |
|       compute_controller_bool_bool_unsigned_int_bool_bool_bool_bool_bool_u_495_reg_647      |    2   |
|       compute_controller_bool_bool_unsigned_int_bool_bool_bool_bool_bool_u_496_reg_652      |    2   |
|       compute_controller_bool_bool_unsigned_int_bool_bool_bool_bool_bool_u_497_reg_657      |    2   |
|       compute_controller_bool_bool_unsigned_int_bool_bool_bool_bool_bool_u_498_reg_662      |    2   |
|                                      icmp_ln461_reg_613                                     |    1   |
|p_ZZ18compute_controllerbbjRbS_bS_S_RjPKhPhR12ComputeStateS0_RhS6_S6_S6_S_S_S_S_E_258_reg_667|    2   |
|p_ZZ18compute_controllerbbjRbS_bS_S_RjPKhPhR12ComputeStateS0_RhS6_S6_S6_S_S_S_S_E_259_reg_672|    2   |
|p_ZZ18compute_controllerbbjRbS_bS_S_RjPKhPhR12ComputeStateS0_RhS6_S6_S6_S_S_S_S_E_260_reg_677|    2   |
|p_ZZ18compute_controllerbbjRbS_bS_S_RjPKhPhR12ComputeStateS0_RhS6_S6_S6_S_S_S_S_E_261_reg_682|    2   |
|p_ZZ18compute_controllerbbjRbS_bS_S_RjPKhPhR12ComputeStateS0_RhS6_S6_S6_S_S_S_S_E_262_reg_687|    2   |
|p_ZZ18compute_controllerbbjRbS_bS_S_RjPKhPhR12ComputeStateS0_RhS6_S6_S6_S_S_S_S_E_263_reg_692|    2   |
|                                         t_2_reg_604                                         |    6   |
|                                          t_reg_597                                          |    6   |
|                                    trunc_ln630_1_reg_697                                    |    8   |
|                                    trunc_ln631_1_reg_702                                    |    8   |
+---------------------------------------------------------------------------------------------+--------+
|                                            Total                                            |   61   |
+---------------------------------------------------------------------------------------------+--------+

* Multiplexer (MUX) list: 
|-------------------|------|------|------|--------||---------||---------||---------|
|        Comp       |  Pin | Size |  BW  | S x BW ||  Delay  ||    FF   ||   LUT   |
|-------------------|------|------|------|--------||---------||---------||---------|
| grp_access_fu_246 |  p0  |   2  |   2  |    4   ||    0    ||    9    |
| grp_access_fu_252 |  p0  |   2  |   2  |    4   ||    0    ||    9    |
| grp_access_fu_258 |  p0  |   2  |   2  |    4   ||    0    ||    9    |
| grp_access_fu_264 |  p0  |   2  |   2  |    4   ||    0    ||    9    |
| grp_access_fu_270 |  p0  |   2  |   2  |    4   ||    0    ||    9    |
| grp_access_fu_276 |  p0  |   2  |   2  |    4   ||    0    ||    9    |
| grp_access_fu_282 |  p0  |   2  |   2  |    4   ||    0    ||    9    |
| grp_access_fu_288 |  p0  |   2  |   2  |    4   ||    0    ||    9    |
| grp_access_fu_294 |  p0  |   2  |   2  |    4   ||    0    ||    9    |
| grp_access_fu_300 |  p0  |   2  |   2  |    4   ||    0    ||    9    |
| grp_access_fu_306 |  p0  |   2  |   2  |    4   ||    0    ||    9    |
| grp_access_fu_312 |  p0  |   2  |   2  |    4   ||    0    ||    9    |
| grp_access_fu_318 |  p0  |   2  |   2  |    4   ||    0    ||    9    |
| grp_access_fu_324 |  p0  |   2  |   2  |    4   ||    0    ||    9    |
| grp_access_fu_330 |  p0  |   2  |   2  |    4   ||    0    ||    9    |
| grp_access_fu_336 |  p0  |   2  |   2  |    4   ||    0    ||    9    |
| grp_access_fu_349 |  p0  |   2  |  10  |   20   ||    0    ||    9    |
| grp_access_fu_349 |  p1  |   2  |   8  |   16   ||    0    ||    9    |
| grp_access_fu_349 |  p2  |   2  |   0  |    0   ||    0    ||    9    |
| grp_access_fu_349 |  p4  |   2  |  10  |   20   ||    0    ||    9    |
|-------------------|------|------|------|--------||---------||---------||---------|
|       Total       |      |      |      |   120  ||   8.54  ||    0    ||   180   |
|-------------------|------|------|------|--------||---------||---------||---------|



* Summary:
+-----------+--------+--------+--------+
|           |  Delay |   FF   |   LUT  |
+-----------+--------+--------+--------+
|  Function |    -   |    0   |   91   |
|   Memory  |    -   |    -   |    -   |
|Multiplexer|    8   |    0   |   180  |
|  Register |    -   |   61   |    -   |
+-----------+--------+--------+--------+
|   Total   |    8   |   61   |   271  |
+-----------+--------+--------+--------+
