

================================================================
== Vitis HLS Report for 'compute_controller_Pipeline_VITIS_LOOP_633_37_VITIS_LOOP_634_38'
================================================================
* Date:           Sat Jan 24 18:00:29 2026

* Version:        2025.1 (Build 6135595 on May 21 2025)
* Project:        compute_controller
* Solution:       hls (Vivado IP Flow Target)
* Product family: zynquplus
* Target device:  xck26-sfvc784-2LV-c


================================================================
== Performance Estimates
================================================================
+ Timing: 
    * Summary: 
    +--------+----------+----------+------------+
    |  Clock |  Target  | Estimated| Uncertainty|
    +--------+----------+----------+------------+
    |ap_clk  |  10.00 ns|  3.821 ns|     2.70 ns|
    +--------+----------+----------+------------+

+ Latency: 
    * Summary: 
    +---------+---------+-----------+-----------+------+------+------------------------------------------------+
    |  Latency (cycles) |   Latency (absolute)  |   Interval  |                    Pipeline                    |
    |   min   |   max   |    min    |    max    |  min |  max |                      Type                      |
    +---------+---------+-----------+-----------+------+------+------------------------------------------------+
    |     9221|     9221|  92.210 us|  92.210 us|  9217|  9217|  loop auto-rewind stp (delay=0 clock cycles(s))|
    +---------+---------+-----------+-----------+------+------+------------------------------------------------+

    + Detail: 
        * Instance: 
        N/A

        * Loop: 
        +---------------------------------------+---------+---------+----------+-----------+-----------+------+----------+
        |                                       |  Latency (cycles) | Iteration|  Initiation Interval  | Trip |          |
        |               Loop Name               |   min   |   max   |  Latency |  achieved |   target  | Count| Pipelined|
        +---------------------------------------+---------+---------+----------+-----------+-----------+------+----------+
        |- VITIS_LOOP_633_37_VITIS_LOOP_634_38  |     9219|     9219|         5|          1|          1|  9216|       yes|
        +---------------------------------------+---------+---------+----------+-----------+-----------+------+----------+

============================================================
+ Verbose Summary: Synthesis Manager
============================================================
InlineROM: 1
ExposeGlobal: 0
============================================================
+ Verbose Summary: CDFG Model
============================================================
IsTopModel: 0
ResetActiveHigh: 1
IsCombinational: 0
IsDatapathOnly: 0
HasWiredReturn: 1
HasMFsm: 2
HasVarLatency: 1
IsPipeline: 0
IsRtlPipelined: 0
IsInstanceOverlapped: 0
IsDontTouch: 0
HasImplIP: 0
IsGatedGlobalClock: 0

+ Individual pipeline summary: 
  * Pipeline-0: initiation interval (II) = 1, depth = 5


============================================================
+ Verbose Summary: Schedule
============================================================
* Number of FSM states : 5
* Pipeline : 1
  Pipeline-0 : II = 1, D = 5, States = { 1 2 3 4 5 }
* Dataflow Pipeline: 0

* FSM state transitions: 
1 --> 2 
2 --> 3 
3 --> 4 
4 --> 5 
5 --> 

* FSM state operations: 

State 1 <SV = 0> <Delay = 2.77>
ST_1 : Operation 8 [1/1] (0.00ns)   --->   "%i = alloca i32 1" [/home/luka/Scripting/ELEC_498-Capstone-LiteLM/HLS-Verilog/Transformer_logic/src-hls/compute_controller.cpp:634]   --->   Operation 8 'alloca' 'i' <Predicate = true> <Delay = 0.00>
ST_1 : Operation 9 [1/1] (0.00ns)   --->   "%out_idx = alloca i32 1" [/home/luka/Scripting/ELEC_498-Capstone-LiteLM/HLS-Verilog/Transformer_logic/src-hls/compute_controller.cpp:633]   --->   Operation 9 'alloca' 'out_idx' <Predicate = true> <Delay = 0.00>
ST_1 : Operation 10 [1/1] (0.00ns)   --->   "%indvar_flatten13 = alloca i32 1"   --->   Operation 10 'alloca' 'indvar_flatten13' <Predicate = true> <Delay = 0.00>
ST_1 : Operation 11 [1/1] (0.00ns)   --->   "%specinterface_ln0 = specinterface void @_ssdm_op_SpecInterface, i8 %in_buf, void @empty_22, i32 0, i32 0, void @empty_15, i32 4294967295, i32 0, void @empty_15, void @empty_15, void @empty_15, i32 0, i32 0, i32 0, i32 0, void @empty_15, void @empty_15, i32 4294967295, i32 0, i32 0"   --->   Operation 11 'specinterface' 'specinterface_ln0' <Predicate = true> <Delay = 0.00>
ST_1 : Operation 12 [1/1] (0.42ns)   --->   "%store_ln0 = store i14 0, i14 %indvar_flatten13"   --->   Operation 12 'store' 'store_ln0' <Predicate = true> <Delay = 0.42>
ST_1 : Operation 13 [1/1] (0.42ns)   --->   "%store_ln633 = store i6 0, i6 %out_idx" [/home/luka/Scripting/ELEC_498-Capstone-LiteLM/HLS-Verilog/Transformer_logic/src-hls/compute_controller.cpp:633]   --->   Operation 13 'store' 'store_ln633' <Predicate = true> <Delay = 0.42>
ST_1 : Operation 14 [1/1] (0.42ns)   --->   "%store_ln634 = store i8 0, i8 %i" [/home/luka/Scripting/ELEC_498-Capstone-LiteLM/HLS-Verilog/Transformer_logic/src-hls/compute_controller.cpp:634]   --->   Operation 14 'store' 'store_ln634' <Predicate = true> <Delay = 0.42>
ST_1 : Operation 15 [1/1] (0.00ns)   --->   "%br_ln0 = br void %for.body611"   --->   Operation 15 'br' 'br_ln0' <Predicate = true> <Delay = 0.00>
ST_1 : Operation 16 [1/1] (0.00ns)   --->   "%indvar_flatten13_load = load i14 %indvar_flatten13" [/home/luka/Scripting/ELEC_498-Capstone-LiteLM/HLS-Verilog/Transformer_logic/src-hls/compute_controller.cpp:633]   --->   Operation 16 'load' 'indvar_flatten13_load' <Predicate = true> <Delay = 0.00>
ST_1 : Operation 17 [1/1] (0.83ns)   --->   "%icmp_ln633 = icmp_eq  i14 %indvar_flatten13_load, i14 9216" [/home/luka/Scripting/ELEC_498-Capstone-LiteLM/HLS-Verilog/Transformer_logic/src-hls/compute_controller.cpp:633]   --->   Operation 17 'icmp' 'icmp_ln633' <Predicate = true> <Delay = 0.83> <CoreInst = "Cmp">   --->   Core 9 'Cmp' <Latency = 0> <II = 1> <Delay = 0.83> <FuncUnit> <Opcode : 'seteq' 'setne' 'setle' 'setge' 'setlt' 'setgt'> <InPorts = 2> <OutPorts = 1>
ST_1 : Operation 18 [1/1] (0.83ns)   --->   "%add_ln633 = add i14 %indvar_flatten13_load, i14 1" [/home/luka/Scripting/ELEC_498-Capstone-LiteLM/HLS-Verilog/Transformer_logic/src-hls/compute_controller.cpp:633]   --->   Operation 18 'add' 'add_ln633' <Predicate = true> <Delay = 0.83> <CoreInst = "Adder">   --->   Core 1 'Adder' <Latency = 0> <II = 1> <Delay = 0.83> <FuncUnit> <Opcode : 'add' 'sub'> <InPorts = 2> <OutPorts = 1>
ST_1 : Operation 19 [1/1] (0.00ns)   --->   "%br_ln633 = br i1 %icmp_ln633, void %for.inc635, void %for.inc648.preheader.exitStub" [/home/luka/Scripting/ELEC_498-Capstone-LiteLM/HLS-Verilog/Transformer_logic/src-hls/compute_controller.cpp:633]   --->   Operation 19 'br' 'br_ln633' <Predicate = true> <Delay = 0.00>
ST_1 : Operation 20 [1/1] (0.00ns)   --->   "%i_load = load i8 %i" [/home/luka/Scripting/ELEC_498-Capstone-LiteLM/HLS-Verilog/Transformer_logic/src-hls/compute_controller.cpp:634]   --->   Operation 20 'load' 'i_load' <Predicate = (!icmp_ln633)> <Delay = 0.00>
ST_1 : Operation 21 [1/1] (0.00ns)   --->   "%out_idx_load = load i6 %out_idx" [/home/luka/Scripting/ELEC_498-Capstone-LiteLM/HLS-Verilog/Transformer_logic/src-hls/compute_controller.cpp:633]   --->   Operation 21 'load' 'out_idx_load' <Predicate = (!icmp_ln633)> <Delay = 0.00>
ST_1 : Operation 22 [1/1] (0.76ns)   --->   "%icmp_ln634 = icmp_eq  i8 %i_load, i8 192" [/home/luka/Scripting/ELEC_498-Capstone-LiteLM/HLS-Verilog/Transformer_logic/src-hls/compute_controller.cpp:634]   --->   Operation 22 'icmp' 'icmp_ln634' <Predicate = (!icmp_ln633)> <Delay = 0.76> <CoreInst = "Cmp">   --->   Core 9 'Cmp' <Latency = 0> <II = 1> <Delay = 0.76> <FuncUnit> <Opcode : 'seteq' 'setne' 'setle' 'setge' 'setlt' 'setgt'> <InPorts = 2> <OutPorts = 1>
ST_1 : Operation 23 [1/1] (0.39ns)   --->   "%select_ln633 = select i1 %icmp_ln634, i8 0, i8 %i_load" [/home/luka/Scripting/ELEC_498-Capstone-LiteLM/HLS-Verilog/Transformer_logic/src-hls/compute_controller.cpp:633]   --->   Operation 23 'select' 'select_ln633' <Predicate = (!icmp_ln633)> <Delay = 0.39> <CoreInst = "Sel">   --->   Core 73 'Sel' <Latency = 0> <II = 1> <Delay = 0.39> <FuncUnit> <Opcode : 'select'> <InPorts = 3> <OutPorts = 1>
ST_1 : Operation 24 [1/1] (0.78ns)   --->   "%add_ln633_1 = add i6 %out_idx_load, i6 1" [/home/luka/Scripting/ELEC_498-Capstone-LiteLM/HLS-Verilog/Transformer_logic/src-hls/compute_controller.cpp:633]   --->   Operation 24 'add' 'add_ln633_1' <Predicate = (!icmp_ln633)> <Delay = 0.78> <CoreInst = "Adder">   --->   Core 1 'Adder' <Latency = 0> <II = 1> <Delay = 0.78> <FuncUnit> <Opcode : 'add' 'sub'> <InPorts = 2> <OutPorts = 1>
ST_1 : Operation 25 [1/1] (0.38ns)   --->   "%select_ln633_1 = select i1 %icmp_ln634, i6 %add_ln633_1, i6 %out_idx_load" [/home/luka/Scripting/ELEC_498-Capstone-LiteLM/HLS-Verilog/Transformer_logic/src-hls/compute_controller.cpp:633]   --->   Operation 25 'select' 'select_ln633_1' <Predicate = (!icmp_ln633)> <Delay = 0.38> <CoreInst = "Sel">   --->   Core 73 'Sel' <Latency = 0> <II = 1> <Delay = 0.38> <FuncUnit> <Opcode : 'select'> <InPorts = 3> <OutPorts = 1>
ST_1 : Operation 26 [1/1] (0.00ns)   --->   "%out_idx_2_cast239 = zext i6 %select_ln633_1" [/home/luka/Scripting/ELEC_498-Capstone-LiteLM/HLS-Verilog/Transformer_logic/src-hls/compute_controller.cpp:633]   --->   Operation 26 'zext' 'out_idx_2_cast239' <Predicate = (!icmp_ln633)> <Delay = 0.00>
ST_1 : Operation 27 [3/3] (0.99ns) (grouped into DSP with root node add_ln638)   --->   "%empty = mul i9 %out_idx_2_cast239, i9 22" [/home/luka/Scripting/ELEC_498-Capstone-LiteLM/HLS-Verilog/Transformer_logic/src-hls/compute_controller.cpp:633]   --->   Operation 27 'mul' 'empty' <Predicate = (!icmp_ln633)> <Delay = 0.99> <CoreInst = "DSP48">   --->   Core 124 'DSP48' <Latency = 3> <II = 1> <Delay = 0.53> <IPBlock> <Opcode : 'add' 'sub' 'mul' 'select'> <InPorts = 0> <OutPorts = 1> <Sync> <CReg>
ST_1 : Operation 28 [1/1] (0.00ns)   --->   "%trunc_ln634 = trunc i8 %select_ln633" [/home/luka/Scripting/ELEC_498-Capstone-LiteLM/HLS-Verilog/Transformer_logic/src-hls/compute_controller.cpp:634]   --->   Operation 28 'trunc' 'trunc_ln634' <Predicate = (!icmp_ln633)> <Delay = 0.00>
ST_1 : Operation 29 [1/1] (0.00ns)   --->   "%lshr_ln = partselect i4 @_ssdm_op_PartSelect.i4.i8.i32.i32, i8 %select_ln633, i32 4, i32 7" [/home/luka/Scripting/ELEC_498-Capstone-LiteLM/HLS-Verilog/Transformer_logic/src-hls/compute_controller.cpp:642]   --->   Operation 29 'partselect' 'lshr_ln' <Predicate = (!icmp_ln633)> <Delay = 0.00>
ST_1 : Operation 30 [1/1] (0.79ns)   --->   "%switch_ln634 = switch i4 %trunc_ln634, void %arrayidx630.case.15, i4 0, void %arrayidx630.case.0, i4 1, void %arrayidx630.case.1, i4 2, void %arrayidx630.case.2, i4 3, void %arrayidx630.case.3, i4 4, void %arrayidx630.case.4, i4 5, void %arrayidx630.case.5, i4 6, void %arrayidx630.case.6, i4 7, void %arrayidx630.case.7, i4 8, void %arrayidx630.case.8, i4 9, void %arrayidx630.case.9, i4 10, void %arrayidx630.case.10, i4 11, void %arrayidx630.case.11, i4 12, void %arrayidx630.case.12, i4 13, void %arrayidx630.case.13, i4 14, void %arrayidx630.case.14" [/home/luka/Scripting/ELEC_498-Capstone-LiteLM/HLS-Verilog/Transformer_logic/src-hls/compute_controller.cpp:634]   --->   Operation 30 'switch' 'switch_ln634' <Predicate = (!icmp_ln633)> <Delay = 0.79>
ST_1 : Operation 31 [1/1] (0.76ns)   --->   "%add_ln634 = add i8 %select_ln633, i8 1" [/home/luka/Scripting/ELEC_498-Capstone-LiteLM/HLS-Verilog/Transformer_logic/src-hls/compute_controller.cpp:634]   --->   Operation 31 'add' 'add_ln634' <Predicate = (!icmp_ln633)> <Delay = 0.76> <CoreInst = "Adder">   --->   Core 1 'Adder' <Latency = 0> <II = 1> <Delay = 0.76> <FuncUnit> <Opcode : 'add' 'sub'> <InPorts = 2> <OutPorts = 1>
ST_1 : Operation 32 [1/1] (0.42ns)   --->   "%store_ln633 = store i14 %add_ln633, i14 %indvar_flatten13" [/home/luka/Scripting/ELEC_498-Capstone-LiteLM/HLS-Verilog/Transformer_logic/src-hls/compute_controller.cpp:633]   --->   Operation 32 'store' 'store_ln633' <Predicate = (!icmp_ln633)> <Delay = 0.42>
ST_1 : Operation 33 [1/1] (0.42ns)   --->   "%store_ln633 = store i6 %select_ln633_1, i6 %out_idx" [/home/luka/Scripting/ELEC_498-Capstone-LiteLM/HLS-Verilog/Transformer_logic/src-hls/compute_controller.cpp:633]   --->   Operation 33 'store' 'store_ln633' <Predicate = (!icmp_ln633)> <Delay = 0.42>
ST_1 : Operation 34 [1/1] (0.42ns)   --->   "%store_ln634 = store i8 %add_ln634, i8 %i" [/home/luka/Scripting/ELEC_498-Capstone-LiteLM/HLS-Verilog/Transformer_logic/src-hls/compute_controller.cpp:634]   --->   Operation 34 'store' 'store_ln634' <Predicate = (!icmp_ln633)> <Delay = 0.42>
ST_1 : Operation 35 [1/1] (0.00ns)   --->   "%br_ln634 = br void %for.body611" [/home/luka/Scripting/ELEC_498-Capstone-LiteLM/HLS-Verilog/Transformer_logic/src-hls/compute_controller.cpp:634]   --->   Operation 35 'br' 'br_ln634' <Predicate = (!icmp_ln633)> <Delay = 0.00>

State 2 <SV = 1> <Delay = 0.99>
ST_2 : Operation 36 [2/3] (0.99ns) (grouped into DSP with root node add_ln638)   --->   "%empty = mul i9 %out_idx_2_cast239, i9 22" [/home/luka/Scripting/ELEC_498-Capstone-LiteLM/HLS-Verilog/Transformer_logic/src-hls/compute_controller.cpp:633]   --->   Operation 36 'mul' 'empty' <Predicate = true> <Delay = 0.99> <CoreInst = "DSP48">   --->   Core 124 'DSP48' <Latency = 3> <II = 1> <Delay = 0.53> <IPBlock> <Opcode : 'add' 'sub' 'mul' 'select'> <InPorts = 0> <OutPorts = 1> <Sync> <CReg>

State 3 <SV = 2> <Delay = 0.76>
ST_3 : Operation 37 [1/3] (0.00ns) (grouped into DSP with root node add_ln638)   --->   "%empty = mul i9 %out_idx_2_cast239, i9 22" [/home/luka/Scripting/ELEC_498-Capstone-LiteLM/HLS-Verilog/Transformer_logic/src-hls/compute_controller.cpp:633]   --->   Operation 37 'mul' 'empty' <Predicate = true> <Delay = 0.00> <CoreInst = "DSP48">   --->   Core 124 'DSP48' <Latency = 3> <II = 1> <Delay = 0.53> <IPBlock> <Opcode : 'add' 'sub' 'mul' 'select'> <InPorts = 0> <OutPorts = 1> <Sync> <CReg>
ST_3 : Operation 38 [1/1] (0.00ns)   --->   "%zext_ln634 = zext i8 %select_ln633" [/home/luka/Scripting/ELEC_498-Capstone-LiteLM/HLS-Verilog/Transformer_logic/src-hls/compute_controller.cpp:634]   --->   Operation 38 'zext' 'zext_ln634' <Predicate = true> <Delay = 0.00>
ST_3 : Operation 39 [1/1] (0.76ns)   --->   "%icmp_ln636 = icmp_ult  i8 %select_ln633, i8 22" [/home/luka/Scripting/ELEC_498-Capstone-LiteLM/HLS-Verilog/Transformer_logic/src-hls/compute_controller.cpp:636]   --->   Operation 39 'icmp' 'icmp_ln636' <Predicate = true> <Delay = 0.76> <CoreInst = "Cmp">   --->   Core 9 'Cmp' <Latency = 0> <II = 1> <Delay = 0.76> <FuncUnit> <Opcode : 'seteq' 'setne' 'setle' 'setge' 'setlt' 'setgt'> <InPorts = 2> <OutPorts = 1>
ST_3 : Operation 40 [2/2] (0.64ns) (root node of the DSP)   --->   "%add_ln638 = add i9 %zext_ln634, i9 %empty" [/home/luka/Scripting/ELEC_498-Capstone-LiteLM/HLS-Verilog/Transformer_logic/src-hls/compute_controller.cpp:638]   --->   Operation 40 'add' 'add_ln638' <Predicate = true> <Delay = 0.64> <CoreInst = "DSP48">   --->   Core 124 'DSP48' <Latency = 3> <II = 1> <Delay = 0.53> <IPBlock> <Opcode : 'add' 'sub' 'mul' 'select'> <InPorts = 0> <OutPorts = 1> <Sync> <CReg>

State 4 <SV = 3> <Delay = 3.82>
ST_4 : Operation 41 [1/2] (0.64ns) (root node of the DSP)   --->   "%add_ln638 = add i9 %zext_ln634, i9 %empty" [/home/luka/Scripting/ELEC_498-Capstone-LiteLM/HLS-Verilog/Transformer_logic/src-hls/compute_controller.cpp:638]   --->   Operation 41 'add' 'add_ln638' <Predicate = true> <Delay = 0.64> <CoreInst = "DSP48">   --->   Core 124 'DSP48' <Latency = 3> <II = 1> <Delay = 0.53> <IPBlock> <Opcode : 'add' 'sub' 'mul' 'select'> <InPorts = 0> <OutPorts = 1> <Sync> <CReg>
ST_4 : Operation 42 [1/1] (0.77ns)   --->   "%nibble_idx = add i9 %add_ln638, i9 88" [/home/luka/Scripting/ELEC_498-Capstone-LiteLM/HLS-Verilog/Transformer_logic/src-hls/../../top_params.hpp:580->/home/luka/Scripting/ELEC_498-Capstone-LiteLM/HLS-Verilog/Transformer_logic/src-hls/compute_controller.cpp:638]   --->   Operation 42 'add' 'nibble_idx' <Predicate = true> <Delay = 0.77> <CoreInst = "Adder">   --->   Core 1 'Adder' <Latency = 0> <II = 1> <Delay = 0.77> <FuncUnit> <Opcode : 'add' 'sub'> <InPorts = 2> <OutPorts = 1>
ST_4 : Operation 43 [1/1] (0.00ns)   --->   "%tmp_77 = bitselect i1 @_ssdm_op_BitSelect.i1.i9.i32, i9 %nibble_idx, i32 8" [/home/luka/Scripting/ELEC_498-Capstone-LiteLM/HLS-Verilog/Transformer_logic/src-hls/../../top_params.hpp:580->/home/luka/Scripting/ELEC_498-Capstone-LiteLM/HLS-Verilog/Transformer_logic/src-hls/compute_controller.cpp:638]   --->   Operation 43 'bitselect' 'tmp_77' <Predicate = true> <Delay = 0.00>
ST_4 : Operation 44 [1/1] (0.77ns)   --->   "%sub_ln580 = sub i9 424, i9 %add_ln638" [/home/luka/Scripting/ELEC_498-Capstone-LiteLM/HLS-Verilog/Transformer_logic/src-hls/../../top_params.hpp:580->/home/luka/Scripting/ELEC_498-Capstone-LiteLM/HLS-Verilog/Transformer_logic/src-hls/compute_controller.cpp:638]   --->   Operation 44 'sub' 'sub_ln580' <Predicate = true> <Delay = 0.77> <CoreInst = "Adder">   --->   Core 1 'Adder' <Latency = 0> <II = 1> <Delay = 0.77> <FuncUnit> <Opcode : 'add' 'sub'> <InPorts = 2> <OutPorts = 1>
ST_4 : Operation 45 [1/1] (0.00ns)   --->   "%lshr_ln580_3 = partselect i8 @_ssdm_op_PartSelect.i8.i9.i32.i32, i9 %sub_ln580, i32 1, i32 8" [/home/luka/Scripting/ELEC_498-Capstone-LiteLM/HLS-Verilog/Transformer_logic/src-hls/../../top_params.hpp:580->/home/luka/Scripting/ELEC_498-Capstone-LiteLM/HLS-Verilog/Transformer_logic/src-hls/compute_controller.cpp:638]   --->   Operation 45 'partselect' 'lshr_ln580_3' <Predicate = true> <Delay = 0.00>
ST_4 : Operation 46 [1/1] (0.00ns)   --->   "%zext_ln580 = zext i8 %lshr_ln580_3" [/home/luka/Scripting/ELEC_498-Capstone-LiteLM/HLS-Verilog/Transformer_logic/src-hls/../../top_params.hpp:580->/home/luka/Scripting/ELEC_498-Capstone-LiteLM/HLS-Verilog/Transformer_logic/src-hls/compute_controller.cpp:638]   --->   Operation 46 'zext' 'zext_ln580' <Predicate = true> <Delay = 0.00>
ST_4 : Operation 47 [1/1] (0.76ns)   --->   "%sub_ln580_1 = sub i9 0, i9 %zext_ln580" [/home/luka/Scripting/ELEC_498-Capstone-LiteLM/HLS-Verilog/Transformer_logic/src-hls/../../top_params.hpp:580->/home/luka/Scripting/ELEC_498-Capstone-LiteLM/HLS-Verilog/Transformer_logic/src-hls/compute_controller.cpp:638]   --->   Operation 47 'sub' 'sub_ln580_1' <Predicate = true> <Delay = 0.76> <CoreInst = "Adder">   --->   Core 1 'Adder' <Latency = 0> <II = 1> <Delay = 0.76> <FuncUnit> <Opcode : 'add' 'sub'> <InPorts = 2> <OutPorts = 1>
ST_4 : Operation 48 [1/1] (0.00ns)   --->   "%lshr_ln580_4 = partselect i8 @_ssdm_op_PartSelect.i8.i9.i32.i32, i9 %nibble_idx, i32 1, i32 8" [/home/luka/Scripting/ELEC_498-Capstone-LiteLM/HLS-Verilog/Transformer_logic/src-hls/../../top_params.hpp:580->/home/luka/Scripting/ELEC_498-Capstone-LiteLM/HLS-Verilog/Transformer_logic/src-hls/compute_controller.cpp:638]   --->   Operation 48 'partselect' 'lshr_ln580_4' <Predicate = true> <Delay = 0.00>
ST_4 : Operation 49 [1/1] (0.00ns)   --->   "%zext_ln580_1 = zext i8 %lshr_ln580_4" [/home/luka/Scripting/ELEC_498-Capstone-LiteLM/HLS-Verilog/Transformer_logic/src-hls/../../top_params.hpp:580->/home/luka/Scripting/ELEC_498-Capstone-LiteLM/HLS-Verilog/Transformer_logic/src-hls/compute_controller.cpp:638]   --->   Operation 49 'zext' 'zext_ln580_1' <Predicate = true> <Delay = 0.00>
ST_4 : Operation 50 [1/1] (0.39ns)   --->   "%select_ln580 = select i1 %tmp_77, i9 %sub_ln580_1, i9 %zext_ln580_1" [/home/luka/Scripting/ELEC_498-Capstone-LiteLM/HLS-Verilog/Transformer_logic/src-hls/../../top_params.hpp:580->/home/luka/Scripting/ELEC_498-Capstone-LiteLM/HLS-Verilog/Transformer_logic/src-hls/compute_controller.cpp:638]   --->   Operation 50 'select' 'select_ln580' <Predicate = true> <Delay = 0.39> <CoreInst = "Sel">   --->   Core 73 'Sel' <Latency = 0> <II = 1> <Delay = 0.39> <FuncUnit> <Opcode : 'select'> <InPorts = 3> <OutPorts = 1>
ST_4 : Operation 51 [1/1] (0.00ns)   --->   "%zext_ln581 = zext i9 %select_ln580" [/home/luka/Scripting/ELEC_498-Capstone-LiteLM/HLS-Verilog/Transformer_logic/src-hls/../../top_params.hpp:581->/home/luka/Scripting/ELEC_498-Capstone-LiteLM/HLS-Verilog/Transformer_logic/src-hls/compute_controller.cpp:638]   --->   Operation 51 'zext' 'zext_ln581' <Predicate = true> <Delay = 0.00>
ST_4 : Operation 52 [1/1] (0.00ns)   --->   "%in_buf_addr = getelementptr i8 %in_buf, i64 0, i64 %zext_ln581" [/home/luka/Scripting/ELEC_498-Capstone-LiteLM/HLS-Verilog/Transformer_logic/src-hls/../../top_params.hpp:581->/home/luka/Scripting/ELEC_498-Capstone-LiteLM/HLS-Verilog/Transformer_logic/src-hls/compute_controller.cpp:638]   --->   Operation 52 'getelementptr' 'in_buf_addr' <Predicate = true> <Delay = 0.00>
ST_4 : Operation 53 [2/2] (1.23ns)   --->   "%byte_val = load i13 %in_buf_addr" [/home/luka/Scripting/ELEC_498-Capstone-LiteLM/HLS-Verilog/Transformer_logic/src-hls/../../top_params.hpp:581->/home/luka/Scripting/ELEC_498-Capstone-LiteLM/HLS-Verilog/Transformer_logic/src-hls/compute_controller.cpp:638]   --->   Operation 53 'load' 'byte_val' <Predicate = true> <Delay = 1.23> <CoreInst = "RAM">   --->   Core 82 'RAM' <Latency = 1> <II = 1> <Delay = 1.23> <Storage> <Opcode : 'load' 'store'> <Ports = 2> <Width = 8> <Depth = 5088> <RAM>
ST_4 : Operation 120 [1/1] (0.42ns)   --->   "%ret_ln0 = ret"   --->   Operation 120 'ret' 'ret_ln0' <Predicate = (icmp_ln633)> <Delay = 0.42>

State 5 <SV = 4> <Delay = 2.86>
ST_5 : Operation 54 [1/1] (0.00ns)   --->   "%specloopname_ln0 = specloopname void @_ssdm_op_SpecLoopName, void @VITIS_LOOP_633_37_VITIS_LOOP_634_38_str"   --->   Operation 54 'specloopname' 'specloopname_ln0' <Predicate = true> <Delay = 0.00>
ST_5 : Operation 55 [1/1] (0.00ns)   --->   "%speclooptripcount_ln0 = speclooptripcount void @_ssdm_op_SpecLoopTripCount, i64 9216, i64 9216, i64 9216"   --->   Operation 55 'speclooptripcount' 'speclooptripcount_ln0' <Predicate = true> <Delay = 0.00>
ST_5 : Operation 56 [1/1] (0.78ns)   --->   "%cmp612 = icmp_ult  i6 %select_ln633_1, i6 5" [/home/luka/Scripting/ELEC_498-Capstone-LiteLM/HLS-Verilog/Transformer_logic/src-hls/compute_controller.cpp:633]   --->   Operation 56 'icmp' 'cmp612' <Predicate = true> <Delay = 0.78> <CoreInst = "Cmp">   --->   Core 9 'Cmp' <Latency = 0> <II = 1> <Delay = 0.78> <FuncUnit> <Opcode : 'seteq' 'setne' 'setle' 'setge' 'setlt' 'setgt'> <InPorts = 2> <OutPorts = 1>
ST_5 : Operation 57 [1/1] (0.00ns)   --->   "%p_shl = bitconcatenate i10 @_ssdm_op_BitConcatenate.i10.i6.i4, i6 %select_ln633_1, i4 0" [/home/luka/Scripting/ELEC_498-Capstone-LiteLM/HLS-Verilog/Transformer_logic/src-hls/compute_controller.cpp:633]   --->   Operation 57 'bitconcatenate' 'p_shl' <Predicate = true> <Delay = 0.00>
ST_5 : Operation 58 [1/1] (0.00ns)   --->   "%tmp = bitconcatenate i8 @_ssdm_op_BitConcatenate.i8.i6.i2, i6 %select_ln633_1, i2 0" [/home/luka/Scripting/ELEC_498-Capstone-LiteLM/HLS-Verilog/Transformer_logic/src-hls/compute_controller.cpp:633]   --->   Operation 58 'bitconcatenate' 'tmp' <Predicate = true> <Delay = 0.00>
ST_5 : Operation 59 [1/1] (0.00ns)   --->   "%p_shl6 = zext i8 %tmp" [/home/luka/Scripting/ELEC_498-Capstone-LiteLM/HLS-Verilog/Transformer_logic/src-hls/compute_controller.cpp:633]   --->   Operation 59 'zext' 'p_shl6' <Predicate = true> <Delay = 0.00>
ST_5 : Operation 60 [1/1] (0.00ns) (grouped into TernaryAdder)   --->   "%p_udiv1931 = sub i10 %p_shl, i10 %p_shl6" [/home/luka/Scripting/ELEC_498-Capstone-LiteLM/HLS-Verilog/Transformer_logic/src-hls/compute_controller.cpp:633]   --->   Operation 60 'sub' 'p_udiv1931' <Predicate = true> <Delay = 0.00> <CoreInst = "TAddSub">   --->   Core 10 'TAddSub' <Latency = 0> <II = 1> <Delay = 0.48> <IPBlock> <Opcode : 'add' 'sub'> <InPorts = 3> <OutPorts = 1> <Sync> <CReg>
ST_5 : Operation 61 [1/1] (0.00ns)   --->   "%specpipeline_ln634 = specpipeline void @_ssdm_op_SpecPipeline, i32 4294967295, i32 0, i32 0, i32 0, void @empty_15" [/home/luka/Scripting/ELEC_498-Capstone-LiteLM/HLS-Verilog/Transformer_logic/src-hls/compute_controller.cpp:634]   --->   Operation 61 'specpipeline' 'specpipeline_ln634' <Predicate = true> <Delay = 0.00>
ST_5 : Operation 62 [1/1] (0.00ns) (grouped into LUT with out node storemerge1116)   --->   "%and_ln636 = and i1 %cmp612, i1 %icmp_ln636" [/home/luka/Scripting/ELEC_498-Capstone-LiteLM/HLS-Verilog/Transformer_logic/src-hls/compute_controller.cpp:636]   --->   Operation 62 'and' 'and_ln636' <Predicate = true> <Delay = 0.00> <CoreInst = "LogicGate">   --->   Core 74 'LogicGate' <Latency = 0> <II = 1> <Delay = 0.28> <FuncUnit> <Opcode : 'and' 'or' 'xor'> <InPorts = 2> <OutPorts = 1>
ST_5 : Operation 63 [1/1] (0.00ns)   --->   "%zext_ln642 = zext i4 %lshr_ln" [/home/luka/Scripting/ELEC_498-Capstone-LiteLM/HLS-Verilog/Transformer_logic/src-hls/compute_controller.cpp:642]   --->   Operation 63 'zext' 'zext_ln642' <Predicate = true> <Delay = 0.00>
ST_5 : Operation 64 [1/1] (0.96ns) (root node of TernaryAdder)   --->   "%add_ln642 = add i10 %zext_ln642, i10 %p_udiv1931" [/home/luka/Scripting/ELEC_498-Capstone-LiteLM/HLS-Verilog/Transformer_logic/src-hls/compute_controller.cpp:642]   --->   Operation 64 'add' 'add_ln642' <Predicate = true> <Delay = 0.96> <CoreInst = "TAddSub">   --->   Core 10 'TAddSub' <Latency = 0> <II = 1> <Delay = 0.48> <IPBlock> <Opcode : 'add' 'sub'> <InPorts = 3> <OutPorts = 1> <Sync> <CReg>
ST_5 : Operation 65 [1/1] (0.00ns)   --->   "%zext_ln642_1 = zext i10 %add_ln642" [/home/luka/Scripting/ELEC_498-Capstone-LiteLM/HLS-Verilog/Transformer_logic/src-hls/compute_controller.cpp:642]   --->   Operation 65 'zext' 'zext_ln642_1' <Predicate = true> <Delay = 0.00>
ST_5 : Operation 66 [1/1] (0.00ns)   --->   "%compute_controller_bool_bool_unsigned_int_bool_bool_bool_bool_bool_u_229 = getelementptr i4 %compute_controller_bool_bool_unsigned_int_bool_bool_bool_bool_bool_u_99, i64 0, i64 %zext_ln642_1" [/home/luka/Scripting/ELEC_498-Capstone-LiteLM/HLS-Verilog/Transformer_logic/src-hls/compute_controller.cpp:642]   --->   Operation 66 'getelementptr' 'compute_controller_bool_bool_unsigned_int_bool_bool_bool_bool_bool_u_229' <Predicate = true> <Delay = 0.00>
ST_5 : Operation 67 [1/1] (0.00ns)   --->   "%compute_controller_bool_bool_unsigned_int_bool_bool_bool_bool_bool_u_230 = getelementptr i4 %compute_controller_bool_bool_unsigned_int_bool_bool_bool_bool_bool_u_98, i64 0, i64 %zext_ln642_1" [/home/luka/Scripting/ELEC_498-Capstone-LiteLM/HLS-Verilog/Transformer_logic/src-hls/compute_controller.cpp:642]   --->   Operation 67 'getelementptr' 'compute_controller_bool_bool_unsigned_int_bool_bool_bool_bool_bool_u_230' <Predicate = true> <Delay = 0.00>
ST_5 : Operation 68 [1/1] (0.00ns)   --->   "%compute_controller_bool_bool_unsigned_int_bool_bool_bool_bool_bool_u_231 = getelementptr i4 %compute_controller_bool_bool_unsigned_int_bool_bool_bool_bool_bool_u_97, i64 0, i64 %zext_ln642_1" [/home/luka/Scripting/ELEC_498-Capstone-LiteLM/HLS-Verilog/Transformer_logic/src-hls/compute_controller.cpp:642]   --->   Operation 68 'getelementptr' 'compute_controller_bool_bool_unsigned_int_bool_bool_bool_bool_bool_u_231' <Predicate = true> <Delay = 0.00>
ST_5 : Operation 69 [1/1] (0.00ns)   --->   "%compute_controller_bool_bool_unsigned_int_bool_bool_bool_bool_bool_u_232 = getelementptr i4 %compute_controller_bool_bool_unsigned_int_bool_bool_bool_bool_bool_u_96, i64 0, i64 %zext_ln642_1" [/home/luka/Scripting/ELEC_498-Capstone-LiteLM/HLS-Verilog/Transformer_logic/src-hls/compute_controller.cpp:642]   --->   Operation 69 'getelementptr' 'compute_controller_bool_bool_unsigned_int_bool_bool_bool_bool_bool_u_232' <Predicate = true> <Delay = 0.00>
ST_5 : Operation 70 [1/1] (0.00ns)   --->   "%compute_controller_bool_bool_unsigned_int_bool_bool_bool_bool_bool_u_233 = getelementptr i4 %compute_controller_bool_bool_unsigned_int_bool_bool_bool_bool_bool_u_95, i64 0, i64 %zext_ln642_1" [/home/luka/Scripting/ELEC_498-Capstone-LiteLM/HLS-Verilog/Transformer_logic/src-hls/compute_controller.cpp:642]   --->   Operation 70 'getelementptr' 'compute_controller_bool_bool_unsigned_int_bool_bool_bool_bool_bool_u_233' <Predicate = true> <Delay = 0.00>
ST_5 : Operation 71 [1/1] (0.00ns)   --->   "%compute_controller_bool_bool_unsigned_int_bool_bool_bool_bool_bool_u_234 = getelementptr i4 %compute_controller_bool_bool_unsigned_int_bool_bool_bool_bool_bool_u_94, i64 0, i64 %zext_ln642_1" [/home/luka/Scripting/ELEC_498-Capstone-LiteLM/HLS-Verilog/Transformer_logic/src-hls/compute_controller.cpp:642]   --->   Operation 71 'getelementptr' 'compute_controller_bool_bool_unsigned_int_bool_bool_bool_bool_bool_u_234' <Predicate = true> <Delay = 0.00>
ST_5 : Operation 72 [1/1] (0.00ns)   --->   "%compute_controller_bool_bool_unsigned_int_bool_bool_bool_bool_bool_u_235 = getelementptr i4 %compute_controller_bool_bool_unsigned_int_bool_bool_bool_bool_bool_u_93, i64 0, i64 %zext_ln642_1" [/home/luka/Scripting/ELEC_498-Capstone-LiteLM/HLS-Verilog/Transformer_logic/src-hls/compute_controller.cpp:642]   --->   Operation 72 'getelementptr' 'compute_controller_bool_bool_unsigned_int_bool_bool_bool_bool_bool_u_235' <Predicate = true> <Delay = 0.00>
ST_5 : Operation 73 [1/1] (0.00ns)   --->   "%compute_controller_bool_bool_unsigned_int_bool_bool_bool_bool_bool_u_236 = getelementptr i4 %compute_controller_bool_bool_unsigned_int_bool_bool_bool_bool_bool_u_92, i64 0, i64 %zext_ln642_1" [/home/luka/Scripting/ELEC_498-Capstone-LiteLM/HLS-Verilog/Transformer_logic/src-hls/compute_controller.cpp:642]   --->   Operation 73 'getelementptr' 'compute_controller_bool_bool_unsigned_int_bool_bool_bool_bool_bool_u_236' <Predicate = true> <Delay = 0.00>
ST_5 : Operation 74 [1/1] (0.00ns)   --->   "%compute_controller_bool_bool_unsigned_int_bool_bool_bool_bool_bool_u_237 = getelementptr i4 %compute_controller_bool_bool_unsigned_int_bool_bool_bool_bool_bool_u_91, i64 0, i64 %zext_ln642_1" [/home/luka/Scripting/ELEC_498-Capstone-LiteLM/HLS-Verilog/Transformer_logic/src-hls/compute_controller.cpp:642]   --->   Operation 74 'getelementptr' 'compute_controller_bool_bool_unsigned_int_bool_bool_bool_bool_bool_u_237' <Predicate = true> <Delay = 0.00>
ST_5 : Operation 75 [1/1] (0.00ns)   --->   "%compute_controller_bool_bool_unsigned_int_bool_bool_bool_bool_bool_u_238 = getelementptr i4 %compute_controller_bool_bool_unsigned_int_bool_bool_bool_bool_bool_u_90, i64 0, i64 %zext_ln642_1" [/home/luka/Scripting/ELEC_498-Capstone-LiteLM/HLS-Verilog/Transformer_logic/src-hls/compute_controller.cpp:642]   --->   Operation 75 'getelementptr' 'compute_controller_bool_bool_unsigned_int_bool_bool_bool_bool_bool_u_238' <Predicate = true> <Delay = 0.00>
ST_5 : Operation 76 [1/1] (0.00ns)   --->   "%p_ZZ18compute_controllerbbjRbS_bS_S_RjPKhPhR12ComputeStateS0_RhS6_S6_S6_S_S_S_S_E_102 = getelementptr i4 %p_ZZ18compute_controllerbbjRbS_bS_S_RjPKhPhR12ComputeStateS0_RhS6_S6_S6_S_S_S_S_E_29, i64 0, i64 %zext_ln642_1" [/home/luka/Scripting/ELEC_498-Capstone-LiteLM/HLS-Verilog/Transformer_logic/src-hls/compute_controller.cpp:642]   --->   Operation 76 'getelementptr' 'p_ZZ18compute_controllerbbjRbS_bS_S_RjPKhPhR12ComputeStateS0_RhS6_S6_S6_S_S_S_S_E_102' <Predicate = true> <Delay = 0.00>
ST_5 : Operation 77 [1/1] (0.00ns)   --->   "%p_ZZ18compute_controllerbbjRbS_bS_S_RjPKhPhR12ComputeStateS0_RhS6_S6_S6_S_S_S_S_E_103 = getelementptr i4 %p_ZZ18compute_controllerbbjRbS_bS_S_RjPKhPhR12ComputeStateS0_RhS6_S6_S6_S_S_S_S_E_28, i64 0, i64 %zext_ln642_1" [/home/luka/Scripting/ELEC_498-Capstone-LiteLM/HLS-Verilog/Transformer_logic/src-hls/compute_controller.cpp:642]   --->   Operation 77 'getelementptr' 'p_ZZ18compute_controllerbbjRbS_bS_S_RjPKhPhR12ComputeStateS0_RhS6_S6_S6_S_S_S_S_E_103' <Predicate = true> <Delay = 0.00>
ST_5 : Operation 78 [1/1] (0.00ns)   --->   "%p_ZZ18compute_controllerbbjRbS_bS_S_RjPKhPhR12ComputeStateS0_RhS6_S6_S6_S_S_S_S_E_104 = getelementptr i4 %p_ZZ18compute_controllerbbjRbS_bS_S_RjPKhPhR12ComputeStateS0_RhS6_S6_S6_S_S_S_S_E_27, i64 0, i64 %zext_ln642_1" [/home/luka/Scripting/ELEC_498-Capstone-LiteLM/HLS-Verilog/Transformer_logic/src-hls/compute_controller.cpp:642]   --->   Operation 78 'getelementptr' 'p_ZZ18compute_controllerbbjRbS_bS_S_RjPKhPhR12ComputeStateS0_RhS6_S6_S6_S_S_S_S_E_104' <Predicate = true> <Delay = 0.00>
ST_5 : Operation 79 [1/1] (0.00ns)   --->   "%p_ZZ18compute_controllerbbjRbS_bS_S_RjPKhPhR12ComputeStateS0_RhS6_S6_S6_S_S_S_S_E_105 = getelementptr i4 %p_ZZ18compute_controllerbbjRbS_bS_S_RjPKhPhR12ComputeStateS0_RhS6_S6_S6_S_S_S_S_E_26, i64 0, i64 %zext_ln642_1" [/home/luka/Scripting/ELEC_498-Capstone-LiteLM/HLS-Verilog/Transformer_logic/src-hls/compute_controller.cpp:642]   --->   Operation 79 'getelementptr' 'p_ZZ18compute_controllerbbjRbS_bS_S_RjPKhPhR12ComputeStateS0_RhS6_S6_S6_S_S_S_S_E_105' <Predicate = true> <Delay = 0.00>
ST_5 : Operation 80 [1/1] (0.00ns)   --->   "%p_ZZ18compute_controllerbbjRbS_bS_S_RjPKhPhR12ComputeStateS0_RhS6_S6_S6_S_S_S_S_E_106 = getelementptr i4 %p_ZZ18compute_controllerbbjRbS_bS_S_RjPKhPhR12ComputeStateS0_RhS6_S6_S6_S_S_S_S_E_25, i64 0, i64 %zext_ln642_1" [/home/luka/Scripting/ELEC_498-Capstone-LiteLM/HLS-Verilog/Transformer_logic/src-hls/compute_controller.cpp:642]   --->   Operation 80 'getelementptr' 'p_ZZ18compute_controllerbbjRbS_bS_S_RjPKhPhR12ComputeStateS0_RhS6_S6_S6_S_S_S_S_E_106' <Predicate = true> <Delay = 0.00>
ST_5 : Operation 81 [1/1] (0.00ns)   --->   "%p_ZZ18compute_controllerbbjRbS_bS_S_RjPKhPhR12ComputeStateS0_RhS6_S6_S6_S_S_S_S_E_107 = getelementptr i4 %p_ZZ18compute_controllerbbjRbS_bS_S_RjPKhPhR12ComputeStateS0_RhS6_S6_S6_S_S_S_S_E_24, i64 0, i64 %zext_ln642_1" [/home/luka/Scripting/ELEC_498-Capstone-LiteLM/HLS-Verilog/Transformer_logic/src-hls/compute_controller.cpp:642]   --->   Operation 81 'getelementptr' 'p_ZZ18compute_controllerbbjRbS_bS_S_RjPKhPhR12ComputeStateS0_RhS6_S6_S6_S_S_S_S_E_107' <Predicate = true> <Delay = 0.00>
ST_5 : Operation 82 [1/1] (0.00ns) (grouped into LUT with out node storemerge1116)   --->   "%trunc_ln579 = trunc i9 %nibble_idx" [/home/luka/Scripting/ELEC_498-Capstone-LiteLM/HLS-Verilog/Transformer_logic/src-hls/../../top_params.hpp:579->/home/luka/Scripting/ELEC_498-Capstone-LiteLM/HLS-Verilog/Transformer_logic/src-hls/compute_controller.cpp:638]   --->   Operation 82 'trunc' 'trunc_ln579' <Predicate = true> <Delay = 0.00>
ST_5 : Operation 83 [1/2] ( I:1.23ns O:1.23ns )   --->   "%byte_val = load i13 %in_buf_addr" [/home/luka/Scripting/ELEC_498-Capstone-LiteLM/HLS-Verilog/Transformer_logic/src-hls/../../top_params.hpp:581->/home/luka/Scripting/ELEC_498-Capstone-LiteLM/HLS-Verilog/Transformer_logic/src-hls/compute_controller.cpp:638]   --->   Operation 83 'load' 'byte_val' <Predicate = true> <Delay = 1.23> <CoreInst = "RAM">   --->   Core 82 'RAM' <Latency = 1> <II = 1> <Delay = 1.23> <Storage> <Opcode : 'load' 'store'> <Ports = 2> <Width = 8> <Depth = 5088> <RAM>
ST_5 : Operation 84 [1/1] (0.00ns) (grouped into LUT with out node storemerge1116)   --->   "%tmp_s = partselect i4 @_ssdm_op_PartSelect.i4.i8.i32.i32, i8 %byte_val, i32 4, i32 7" [/home/luka/Scripting/ELEC_498-Capstone-LiteLM/HLS-Verilog/Transformer_logic/src-hls/../../top_params.hpp:582->/home/luka/Scripting/ELEC_498-Capstone-LiteLM/HLS-Verilog/Transformer_logic/src-hls/compute_controller.cpp:638]   --->   Operation 84 'partselect' 'tmp_s' <Predicate = true> <Delay = 0.00>
ST_5 : Operation 85 [1/1] (0.00ns) (grouped into LUT with out node storemerge1116)   --->   "%trunc_ln582 = trunc i8 %byte_val" [/home/luka/Scripting/ELEC_498-Capstone-LiteLM/HLS-Verilog/Transformer_logic/src-hls/../../top_params.hpp:582->/home/luka/Scripting/ELEC_498-Capstone-LiteLM/HLS-Verilog/Transformer_logic/src-hls/compute_controller.cpp:638]   --->   Operation 85 'trunc' 'trunc_ln582' <Predicate = true> <Delay = 0.00>
ST_5 : Operation 86 [1/1] (0.00ns) (grouped into LUT with out node storemerge1116)   --->   "%nibble = select i1 %trunc_ln579, i4 %tmp_s, i4 %trunc_ln582" [/home/luka/Scripting/ELEC_498-Capstone-LiteLM/HLS-Verilog/Transformer_logic/src-hls/../../top_params.hpp:582->/home/luka/Scripting/ELEC_498-Capstone-LiteLM/HLS-Verilog/Transformer_logic/src-hls/compute_controller.cpp:638]   --->   Operation 86 'select' 'nibble' <Predicate = true> <Delay = 0.00> <CoreInst = "Sel">   --->   Core 73 'Sel' <Latency = 0> <II = 1> <Delay = 0.39> <FuncUnit> <Opcode : 'select'> <InPorts = 3> <OutPorts = 1>
ST_5 : Operation 87 [1/1] (0.39ns) (out node of the LUT)   --->   "%storemerge1116 = select i1 %and_ln636, i4 %nibble, i4 0" [/home/luka/Scripting/ELEC_498-Capstone-LiteLM/HLS-Verilog/Transformer_logic/src-hls/compute_controller.cpp:636]   --->   Operation 87 'select' 'storemerge1116' <Predicate = true> <Delay = 0.39> <CoreInst = "Sel">   --->   Core 73 'Sel' <Latency = 0> <II = 1> <Delay = 0.39> <FuncUnit> <Opcode : 'select'> <InPorts = 3> <OutPorts = 1>
ST_5 : Operation 88 [1/1] ( I:1.23ns O:1.23ns )   --->   "%store_ln636 = store i4 %storemerge1116, i10 %p_ZZ18compute_controllerbbjRbS_bS_S_RjPKhPhR12ComputeStateS0_RhS6_S6_S6_S_S_S_S_E_106" [/home/luka/Scripting/ELEC_498-Capstone-LiteLM/HLS-Verilog/Transformer_logic/src-hls/compute_controller.cpp:636]   --->   Operation 88 'store' 'store_ln636' <Predicate = (trunc_ln634 == 14)> <Delay = 1.23> <CoreInst = "RAM">   --->   Core 82 'RAM' <Latency = 1> <II = 1> <Delay = 1.23> <Storage> <Opcode : 'load' 'store'> <Ports = 2> <Width = 4> <Depth = 576> <RAM>
ST_5 : Operation 89 [1/1] (0.00ns)   --->   "%br_ln0 = br void %arrayidx630.exit"   --->   Operation 89 'br' 'br_ln0' <Predicate = (trunc_ln634 == 14)> <Delay = 0.00>
ST_5 : Operation 90 [1/1] ( I:1.23ns O:1.23ns )   --->   "%store_ln636 = store i4 %storemerge1116, i10 %p_ZZ18compute_controllerbbjRbS_bS_S_RjPKhPhR12ComputeStateS0_RhS6_S6_S6_S_S_S_S_E_105" [/home/luka/Scripting/ELEC_498-Capstone-LiteLM/HLS-Verilog/Transformer_logic/src-hls/compute_controller.cpp:636]   --->   Operation 90 'store' 'store_ln636' <Predicate = (trunc_ln634 == 13)> <Delay = 1.23> <CoreInst = "RAM">   --->   Core 82 'RAM' <Latency = 1> <II = 1> <Delay = 1.23> <Storage> <Opcode : 'load' 'store'> <Ports = 2> <Width = 4> <Depth = 576> <RAM>
ST_5 : Operation 91 [1/1] (0.00ns)   --->   "%br_ln0 = br void %arrayidx630.exit"   --->   Operation 91 'br' 'br_ln0' <Predicate = (trunc_ln634 == 13)> <Delay = 0.00>
ST_5 : Operation 92 [1/1] ( I:1.23ns O:1.23ns )   --->   "%store_ln636 = store i4 %storemerge1116, i10 %p_ZZ18compute_controllerbbjRbS_bS_S_RjPKhPhR12ComputeStateS0_RhS6_S6_S6_S_S_S_S_E_104" [/home/luka/Scripting/ELEC_498-Capstone-LiteLM/HLS-Verilog/Transformer_logic/src-hls/compute_controller.cpp:636]   --->   Operation 92 'store' 'store_ln636' <Predicate = (trunc_ln634 == 12)> <Delay = 1.23> <CoreInst = "RAM">   --->   Core 82 'RAM' <Latency = 1> <II = 1> <Delay = 1.23> <Storage> <Opcode : 'load' 'store'> <Ports = 2> <Width = 4> <Depth = 576> <RAM>
ST_5 : Operation 93 [1/1] (0.00ns)   --->   "%br_ln0 = br void %arrayidx630.exit"   --->   Operation 93 'br' 'br_ln0' <Predicate = (trunc_ln634 == 12)> <Delay = 0.00>
ST_5 : Operation 94 [1/1] ( I:1.23ns O:1.23ns )   --->   "%store_ln636 = store i4 %storemerge1116, i10 %p_ZZ18compute_controllerbbjRbS_bS_S_RjPKhPhR12ComputeStateS0_RhS6_S6_S6_S_S_S_S_E_103" [/home/luka/Scripting/ELEC_498-Capstone-LiteLM/HLS-Verilog/Transformer_logic/src-hls/compute_controller.cpp:636]   --->   Operation 94 'store' 'store_ln636' <Predicate = (trunc_ln634 == 11)> <Delay = 1.23> <CoreInst = "RAM">   --->   Core 82 'RAM' <Latency = 1> <II = 1> <Delay = 1.23> <Storage> <Opcode : 'load' 'store'> <Ports = 2> <Width = 4> <Depth = 576> <RAM>
ST_5 : Operation 95 [1/1] (0.00ns)   --->   "%br_ln0 = br void %arrayidx630.exit"   --->   Operation 95 'br' 'br_ln0' <Predicate = (trunc_ln634 == 11)> <Delay = 0.00>
ST_5 : Operation 96 [1/1] ( I:1.23ns O:1.23ns )   --->   "%store_ln636 = store i4 %storemerge1116, i10 %p_ZZ18compute_controllerbbjRbS_bS_S_RjPKhPhR12ComputeStateS0_RhS6_S6_S6_S_S_S_S_E_102" [/home/luka/Scripting/ELEC_498-Capstone-LiteLM/HLS-Verilog/Transformer_logic/src-hls/compute_controller.cpp:636]   --->   Operation 96 'store' 'store_ln636' <Predicate = (trunc_ln634 == 10)> <Delay = 1.23> <CoreInst = "RAM">   --->   Core 82 'RAM' <Latency = 1> <II = 1> <Delay = 1.23> <Storage> <Opcode : 'load' 'store'> <Ports = 2> <Width = 4> <Depth = 576> <RAM>
ST_5 : Operation 97 [1/1] (0.00ns)   --->   "%br_ln0 = br void %arrayidx630.exit"   --->   Operation 97 'br' 'br_ln0' <Predicate = (trunc_ln634 == 10)> <Delay = 0.00>
ST_5 : Operation 98 [1/1] ( I:1.23ns O:1.23ns )   --->   "%store_ln636 = store i4 %storemerge1116, i10 %compute_controller_bool_bool_unsigned_int_bool_bool_bool_bool_bool_u_238" [/home/luka/Scripting/ELEC_498-Capstone-LiteLM/HLS-Verilog/Transformer_logic/src-hls/compute_controller.cpp:636]   --->   Operation 98 'store' 'store_ln636' <Predicate = (trunc_ln634 == 9)> <Delay = 1.23> <CoreInst = "RAM">   --->   Core 82 'RAM' <Latency = 1> <II = 1> <Delay = 1.23> <Storage> <Opcode : 'load' 'store'> <Ports = 2> <Width = 4> <Depth = 576> <RAM>
ST_5 : Operation 99 [1/1] (0.00ns)   --->   "%br_ln0 = br void %arrayidx630.exit"   --->   Operation 99 'br' 'br_ln0' <Predicate = (trunc_ln634 == 9)> <Delay = 0.00>
ST_5 : Operation 100 [1/1] ( I:1.23ns O:1.23ns )   --->   "%store_ln636 = store i4 %storemerge1116, i10 %compute_controller_bool_bool_unsigned_int_bool_bool_bool_bool_bool_u_237" [/home/luka/Scripting/ELEC_498-Capstone-LiteLM/HLS-Verilog/Transformer_logic/src-hls/compute_controller.cpp:636]   --->   Operation 100 'store' 'store_ln636' <Predicate = (trunc_ln634 == 8)> <Delay = 1.23> <CoreInst = "RAM">   --->   Core 82 'RAM' <Latency = 1> <II = 1> <Delay = 1.23> <Storage> <Opcode : 'load' 'store'> <Ports = 2> <Width = 4> <Depth = 576> <RAM>
ST_5 : Operation 101 [1/1] (0.00ns)   --->   "%br_ln0 = br void %arrayidx630.exit"   --->   Operation 101 'br' 'br_ln0' <Predicate = (trunc_ln634 == 8)> <Delay = 0.00>
ST_5 : Operation 102 [1/1] ( I:1.23ns O:1.23ns )   --->   "%store_ln636 = store i4 %storemerge1116, i10 %compute_controller_bool_bool_unsigned_int_bool_bool_bool_bool_bool_u_236" [/home/luka/Scripting/ELEC_498-Capstone-LiteLM/HLS-Verilog/Transformer_logic/src-hls/compute_controller.cpp:636]   --->   Operation 102 'store' 'store_ln636' <Predicate = (trunc_ln634 == 7)> <Delay = 1.23> <CoreInst = "RAM">   --->   Core 82 'RAM' <Latency = 1> <II = 1> <Delay = 1.23> <Storage> <Opcode : 'load' 'store'> <Ports = 2> <Width = 4> <Depth = 576> <RAM>
ST_5 : Operation 103 [1/1] (0.00ns)   --->   "%br_ln0 = br void %arrayidx630.exit"   --->   Operation 103 'br' 'br_ln0' <Predicate = (trunc_ln634 == 7)> <Delay = 0.00>
ST_5 : Operation 104 [1/1] ( I:1.23ns O:1.23ns )   --->   "%store_ln636 = store i4 %storemerge1116, i10 %compute_controller_bool_bool_unsigned_int_bool_bool_bool_bool_bool_u_235" [/home/luka/Scripting/ELEC_498-Capstone-LiteLM/HLS-Verilog/Transformer_logic/src-hls/compute_controller.cpp:636]   --->   Operation 104 'store' 'store_ln636' <Predicate = (trunc_ln634 == 6)> <Delay = 1.23> <CoreInst = "RAM">   --->   Core 82 'RAM' <Latency = 1> <II = 1> <Delay = 1.23> <Storage> <Opcode : 'load' 'store'> <Ports = 2> <Width = 4> <Depth = 576> <RAM>
ST_5 : Operation 105 [1/1] (0.00ns)   --->   "%br_ln0 = br void %arrayidx630.exit"   --->   Operation 105 'br' 'br_ln0' <Predicate = (trunc_ln634 == 6)> <Delay = 0.00>
ST_5 : Operation 106 [1/1] ( I:1.23ns O:1.23ns )   --->   "%store_ln636 = store i4 %storemerge1116, i10 %compute_controller_bool_bool_unsigned_int_bool_bool_bool_bool_bool_u_234" [/home/luka/Scripting/ELEC_498-Capstone-LiteLM/HLS-Verilog/Transformer_logic/src-hls/compute_controller.cpp:636]   --->   Operation 106 'store' 'store_ln636' <Predicate = (trunc_ln634 == 5)> <Delay = 1.23> <CoreInst = "RAM">   --->   Core 82 'RAM' <Latency = 1> <II = 1> <Delay = 1.23> <Storage> <Opcode : 'load' 'store'> <Ports = 2> <Width = 4> <Depth = 576> <RAM>
ST_5 : Operation 107 [1/1] (0.00ns)   --->   "%br_ln0 = br void %arrayidx630.exit"   --->   Operation 107 'br' 'br_ln0' <Predicate = (trunc_ln634 == 5)> <Delay = 0.00>
ST_5 : Operation 108 [1/1] ( I:1.23ns O:1.23ns )   --->   "%store_ln636 = store i4 %storemerge1116, i10 %compute_controller_bool_bool_unsigned_int_bool_bool_bool_bool_bool_u_233" [/home/luka/Scripting/ELEC_498-Capstone-LiteLM/HLS-Verilog/Transformer_logic/src-hls/compute_controller.cpp:636]   --->   Operation 108 'store' 'store_ln636' <Predicate = (trunc_ln634 == 4)> <Delay = 1.23> <CoreInst = "RAM">   --->   Core 82 'RAM' <Latency = 1> <II = 1> <Delay = 1.23> <Storage> <Opcode : 'load' 'store'> <Ports = 2> <Width = 4> <Depth = 576> <RAM>
ST_5 : Operation 109 [1/1] (0.00ns)   --->   "%br_ln0 = br void %arrayidx630.exit"   --->   Operation 109 'br' 'br_ln0' <Predicate = (trunc_ln634 == 4)> <Delay = 0.00>
ST_5 : Operation 110 [1/1] ( I:1.23ns O:1.23ns )   --->   "%store_ln636 = store i4 %storemerge1116, i10 %compute_controller_bool_bool_unsigned_int_bool_bool_bool_bool_bool_u_232" [/home/luka/Scripting/ELEC_498-Capstone-LiteLM/HLS-Verilog/Transformer_logic/src-hls/compute_controller.cpp:636]   --->   Operation 110 'store' 'store_ln636' <Predicate = (trunc_ln634 == 3)> <Delay = 1.23> <CoreInst = "RAM">   --->   Core 82 'RAM' <Latency = 1> <II = 1> <Delay = 1.23> <Storage> <Opcode : 'load' 'store'> <Ports = 2> <Width = 4> <Depth = 576> <RAM>
ST_5 : Operation 111 [1/1] (0.00ns)   --->   "%br_ln0 = br void %arrayidx630.exit"   --->   Operation 111 'br' 'br_ln0' <Predicate = (trunc_ln634 == 3)> <Delay = 0.00>
ST_5 : Operation 112 [1/1] ( I:1.23ns O:1.23ns )   --->   "%store_ln636 = store i4 %storemerge1116, i10 %compute_controller_bool_bool_unsigned_int_bool_bool_bool_bool_bool_u_231" [/home/luka/Scripting/ELEC_498-Capstone-LiteLM/HLS-Verilog/Transformer_logic/src-hls/compute_controller.cpp:636]   --->   Operation 112 'store' 'store_ln636' <Predicate = (trunc_ln634 == 2)> <Delay = 1.23> <CoreInst = "RAM">   --->   Core 82 'RAM' <Latency = 1> <II = 1> <Delay = 1.23> <Storage> <Opcode : 'load' 'store'> <Ports = 2> <Width = 4> <Depth = 576> <RAM>
ST_5 : Operation 113 [1/1] (0.00ns)   --->   "%br_ln0 = br void %arrayidx630.exit"   --->   Operation 113 'br' 'br_ln0' <Predicate = (trunc_ln634 == 2)> <Delay = 0.00>
ST_5 : Operation 114 [1/1] ( I:1.23ns O:1.23ns )   --->   "%store_ln636 = store i4 %storemerge1116, i10 %compute_controller_bool_bool_unsigned_int_bool_bool_bool_bool_bool_u_230" [/home/luka/Scripting/ELEC_498-Capstone-LiteLM/HLS-Verilog/Transformer_logic/src-hls/compute_controller.cpp:636]   --->   Operation 114 'store' 'store_ln636' <Predicate = (trunc_ln634 == 1)> <Delay = 1.23> <CoreInst = "RAM">   --->   Core 82 'RAM' <Latency = 1> <II = 1> <Delay = 1.23> <Storage> <Opcode : 'load' 'store'> <Ports = 2> <Width = 4> <Depth = 576> <RAM>
ST_5 : Operation 115 [1/1] (0.00ns)   --->   "%br_ln0 = br void %arrayidx630.exit"   --->   Operation 115 'br' 'br_ln0' <Predicate = (trunc_ln634 == 1)> <Delay = 0.00>
ST_5 : Operation 116 [1/1] ( I:1.23ns O:1.23ns )   --->   "%store_ln636 = store i4 %storemerge1116, i10 %compute_controller_bool_bool_unsigned_int_bool_bool_bool_bool_bool_u_229" [/home/luka/Scripting/ELEC_498-Capstone-LiteLM/HLS-Verilog/Transformer_logic/src-hls/compute_controller.cpp:636]   --->   Operation 116 'store' 'store_ln636' <Predicate = (trunc_ln634 == 0)> <Delay = 1.23> <CoreInst = "RAM">   --->   Core 82 'RAM' <Latency = 1> <II = 1> <Delay = 1.23> <Storage> <Opcode : 'load' 'store'> <Ports = 2> <Width = 4> <Depth = 576> <RAM>
ST_5 : Operation 117 [1/1] (0.00ns)   --->   "%br_ln0 = br void %arrayidx630.exit"   --->   Operation 117 'br' 'br_ln0' <Predicate = (trunc_ln634 == 0)> <Delay = 0.00>
ST_5 : Operation 118 [1/1] ( I:1.23ns O:1.23ns )   --->   "%store_ln636 = store i4 %storemerge1116, i10 %p_ZZ18compute_controllerbbjRbS_bS_S_RjPKhPhR12ComputeStateS0_RhS6_S6_S6_S_S_S_S_E_107" [/home/luka/Scripting/ELEC_498-Capstone-LiteLM/HLS-Verilog/Transformer_logic/src-hls/compute_controller.cpp:636]   --->   Operation 118 'store' 'store_ln636' <Predicate = (trunc_ln634 == 15)> <Delay = 1.23> <CoreInst = "RAM">   --->   Core 82 'RAM' <Latency = 1> <II = 1> <Delay = 1.23> <Storage> <Opcode : 'load' 'store'> <Ports = 2> <Width = 4> <Depth = 576> <RAM>
ST_5 : Operation 119 [1/1] (0.00ns)   --->   "%br_ln0 = br void %arrayidx630.exit"   --->   Operation 119 'br' 'br_ln0' <Predicate = (trunc_ln634 == 15)> <Delay = 0.00>


============================================================
+ Verbose Summary: Binding
============================================================
STG Binding: 
---------------- STG Properties BEGIN ----------------
- Is combinational: 0
- Is one-state seq: 0
- Is datapath-only: 0
- Is pipelined: 0
- Is top level: 0
Port [ Return ] is wired: 1; IO mode=ap_ctrl_hs:ce=0
Port [ in_buf]:  wired=1; compound=1; hidden=0; nouse=0; global=0; static=0; extern=0; dir=0; type=1; pingpong=0; private_global=0; MemPort=[13]; IO mode=ap_memory:ce=0
Port [ compute_controller_bool_bool_unsigned_int_bool_bool_bool_bool_bool_u_99]:  wired=1; compound=1; hidden=0; nouse=0; global=1; static=1; extern=0; dir=1; type=1; pingpong=0; private_global=0; MemPort=[03]; IO mode=ap_memory:ce=0
Port [ compute_controller_bool_bool_unsigned_int_bool_bool_bool_bool_bool_u_98]:  wired=1; compound=1; hidden=0; nouse=0; global=1; static=1; extern=0; dir=1; type=1; pingpong=0; private_global=0; MemPort=[03]; IO mode=ap_memory:ce=0
Port [ compute_controller_bool_bool_unsigned_int_bool_bool_bool_bool_bool_u_97]:  wired=1; compound=1; hidden=0; nouse=0; global=1; static=1; extern=0; dir=1; type=1; pingpong=0; private_global=0; MemPort=[03]; IO mode=ap_memory:ce=0
Port [ compute_controller_bool_bool_unsigned_int_bool_bool_bool_bool_bool_u_96]:  wired=1; compound=1; hidden=0; nouse=0; global=1; static=1; extern=0; dir=1; type=1; pingpong=0; private_global=0; MemPort=[03]; IO mode=ap_memory:ce=0
Port [ compute_controller_bool_bool_unsigned_int_bool_bool_bool_bool_bool_u_95]:  wired=1; compound=1; hidden=0; nouse=0; global=1; static=1; extern=0; dir=1; type=1; pingpong=0; private_global=0; MemPort=[03]; IO mode=ap_memory:ce=0
Port [ compute_controller_bool_bool_unsigned_int_bool_bool_bool_bool_bool_u_94]:  wired=1; compound=1; hidden=0; nouse=0; global=1; static=1; extern=0; dir=1; type=1; pingpong=0; private_global=0; MemPort=[03]; IO mode=ap_memory:ce=0
Port [ compute_controller_bool_bool_unsigned_int_bool_bool_bool_bool_bool_u_93]:  wired=1; compound=1; hidden=0; nouse=0; global=1; static=1; extern=0; dir=1; type=1; pingpong=0; private_global=0; MemPort=[03]; IO mode=ap_memory:ce=0
Port [ compute_controller_bool_bool_unsigned_int_bool_bool_bool_bool_bool_u_92]:  wired=1; compound=1; hidden=0; nouse=0; global=1; static=1; extern=0; dir=1; type=1; pingpong=0; private_global=0; MemPort=[03]; IO mode=ap_memory:ce=0
Port [ compute_controller_bool_bool_unsigned_int_bool_bool_bool_bool_bool_u_91]:  wired=1; compound=1; hidden=0; nouse=0; global=1; static=1; extern=0; dir=1; type=1; pingpong=0; private_global=0; MemPort=[03]; IO mode=ap_memory:ce=0
Port [ compute_controller_bool_bool_unsigned_int_bool_bool_bool_bool_bool_u_90]:  wired=1; compound=1; hidden=0; nouse=0; global=1; static=1; extern=0; dir=1; type=1; pingpong=0; private_global=0; MemPort=[03]; IO mode=ap_memory:ce=0
Port [ p_ZZ18compute_controllerbbjRbS_bS_S_RjPKhPhR12ComputeStateS0_RhS6_S6_S6_S_S_S_S_E_29]:  wired=1; compound=1; hidden=0; nouse=0; global=1; static=1; extern=0; dir=1; type=1; pingpong=0; private_global=0; MemPort=[03]; IO mode=ap_memory:ce=0
Port [ p_ZZ18compute_controllerbbjRbS_bS_S_RjPKhPhR12ComputeStateS0_RhS6_S6_S6_S_S_S_S_E_28]:  wired=1; compound=1; hidden=0; nouse=0; global=1; static=1; extern=0; dir=1; type=1; pingpong=0; private_global=0; MemPort=[03]; IO mode=ap_memory:ce=0
Port [ p_ZZ18compute_controllerbbjRbS_bS_S_RjPKhPhR12ComputeStateS0_RhS6_S6_S6_S_S_S_S_E_27]:  wired=1; compound=1; hidden=0; nouse=0; global=1; static=1; extern=0; dir=1; type=1; pingpong=0; private_global=0; MemPort=[03]; IO mode=ap_memory:ce=0
Port [ p_ZZ18compute_controllerbbjRbS_bS_S_RjPKhPhR12ComputeStateS0_RhS6_S6_S6_S_S_S_S_E_26]:  wired=1; compound=1; hidden=0; nouse=0; global=1; static=1; extern=0; dir=1; type=1; pingpong=0; private_global=0; MemPort=[03]; IO mode=ap_memory:ce=0
Port [ p_ZZ18compute_controllerbbjRbS_bS_S_RjPKhPhR12ComputeStateS0_RhS6_S6_S6_S_S_S_S_E_25]:  wired=1; compound=1; hidden=0; nouse=0; global=1; static=1; extern=0; dir=1; type=1; pingpong=0; private_global=0; MemPort=[03]; IO mode=ap_memory:ce=0
Port [ p_ZZ18compute_controllerbbjRbS_bS_S_RjPKhPhR12ComputeStateS0_RhS6_S6_S6_S_S_S_S_E_24]:  wired=1; compound=1; hidden=0; nouse=0; global=1; static=1; extern=0; dir=1; type=1; pingpong=0; private_global=0; MemPort=[03]; IO mode=ap_memory:ce=0
---------------- STG Properties END ------------------

---------------- Datapath Model BEGIN ----------------

<LifeTime>
<method=bitvector/>
i                                                                                     (alloca           ) [ 010000]
out_idx                                                                               (alloca           ) [ 010000]
indvar_flatten13                                                                      (alloca           ) [ 010000]
specinterface_ln0                                                                     (specinterface    ) [ 000000]
store_ln0                                                                             (store            ) [ 000000]
store_ln633                                                                           (store            ) [ 000000]
store_ln634                                                                           (store            ) [ 000000]
br_ln0                                                                                (br               ) [ 000000]
indvar_flatten13_load                                                                 (load             ) [ 000000]
icmp_ln633                                                                            (icmp             ) [ 011110]
add_ln633                                                                             (add              ) [ 000000]
br_ln633                                                                              (br               ) [ 000000]
i_load                                                                                (load             ) [ 000000]
out_idx_load                                                                          (load             ) [ 000000]
icmp_ln634                                                                            (icmp             ) [ 000000]
select_ln633                                                                          (select           ) [ 011100]
add_ln633_1                                                                           (add              ) [ 000000]
select_ln633_1                                                                        (select           ) [ 011111]
out_idx_2_cast239                                                                     (zext             ) [ 011100]
trunc_ln634                                                                           (trunc            ) [ 011111]
lshr_ln                                                                               (partselect       ) [ 011111]
switch_ln634                                                                          (switch           ) [ 000000]
add_ln634                                                                             (add              ) [ 000000]
store_ln633                                                                           (store            ) [ 000000]
store_ln633                                                                           (store            ) [ 000000]
store_ln634                                                                           (store            ) [ 000000]
br_ln634                                                                              (br               ) [ 000000]
empty                                                                                 (mul              ) [ 010010]
zext_ln634                                                                            (zext             ) [ 010010]
icmp_ln636                                                                            (icmp             ) [ 010011]
add_ln638                                                                             (add              ) [ 000000]
nibble_idx                                                                            (add              ) [ 010001]
tmp_77                                                                                (bitselect        ) [ 000000]
sub_ln580                                                                             (sub              ) [ 000000]
lshr_ln580_3                                                                          (partselect       ) [ 000000]
zext_ln580                                                                            (zext             ) [ 000000]
sub_ln580_1                                                                           (sub              ) [ 000000]
lshr_ln580_4                                                                          (partselect       ) [ 000000]
zext_ln580_1                                                                          (zext             ) [ 000000]
select_ln580                                                                          (select           ) [ 000000]
zext_ln581                                                                            (zext             ) [ 000000]
in_buf_addr                                                                           (getelementptr    ) [ 010001]
specloopname_ln0                                                                      (specloopname     ) [ 000000]
speclooptripcount_ln0                                                                 (speclooptripcount) [ 000000]
cmp612                                                                                (icmp             ) [ 000000]
p_shl                                                                                 (bitconcatenate   ) [ 000000]
tmp                                                                                   (bitconcatenate   ) [ 000000]
p_shl6                                                                                (zext             ) [ 000000]
p_udiv1931                                                                            (sub              ) [ 000000]
specpipeline_ln634                                                                    (specpipeline     ) [ 000000]
and_ln636                                                                             (and              ) [ 000000]
zext_ln642                                                                            (zext             ) [ 000000]
add_ln642                                                                             (add              ) [ 000000]
zext_ln642_1                                                                          (zext             ) [ 000000]
compute_controller_bool_bool_unsigned_int_bool_bool_bool_bool_bool_u_229              (getelementptr    ) [ 000000]
compute_controller_bool_bool_unsigned_int_bool_bool_bool_bool_bool_u_230              (getelementptr    ) [ 000000]
compute_controller_bool_bool_unsigned_int_bool_bool_bool_bool_bool_u_231              (getelementptr    ) [ 000000]
compute_controller_bool_bool_unsigned_int_bool_bool_bool_bool_bool_u_232              (getelementptr    ) [ 000000]
compute_controller_bool_bool_unsigned_int_bool_bool_bool_bool_bool_u_233              (getelementptr    ) [ 000000]
compute_controller_bool_bool_unsigned_int_bool_bool_bool_bool_bool_u_234              (getelementptr    ) [ 000000]
compute_controller_bool_bool_unsigned_int_bool_bool_bool_bool_bool_u_235              (getelementptr    ) [ 000000]
compute_controller_bool_bool_unsigned_int_bool_bool_bool_bool_bool_u_236              (getelementptr    ) [ 000000]
compute_controller_bool_bool_unsigned_int_bool_bool_bool_bool_bool_u_237              (getelementptr    ) [ 000000]
compute_controller_bool_bool_unsigned_int_bool_bool_bool_bool_bool_u_238              (getelementptr    ) [ 000000]
p_ZZ18compute_controllerbbjRbS_bS_S_RjPKhPhR12ComputeStateS0_RhS6_S6_S6_S_S_S_S_E_102 (getelementptr    ) [ 000000]
p_ZZ18compute_controllerbbjRbS_bS_S_RjPKhPhR12ComputeStateS0_RhS6_S6_S6_S_S_S_S_E_103 (getelementptr    ) [ 000000]
p_ZZ18compute_controllerbbjRbS_bS_S_RjPKhPhR12ComputeStateS0_RhS6_S6_S6_S_S_S_S_E_104 (getelementptr    ) [ 000000]
p_ZZ18compute_controllerbbjRbS_bS_S_RjPKhPhR12ComputeStateS0_RhS6_S6_S6_S_S_S_S_E_105 (getelementptr    ) [ 000000]
p_ZZ18compute_controllerbbjRbS_bS_S_RjPKhPhR12ComputeStateS0_RhS6_S6_S6_S_S_S_S_E_106 (getelementptr    ) [ 000000]
p_ZZ18compute_controllerbbjRbS_bS_S_RjPKhPhR12ComputeStateS0_RhS6_S6_S6_S_S_S_S_E_107 (getelementptr    ) [ 000000]
trunc_ln579                                                                           (trunc            ) [ 000000]
byte_val                                                                              (load             ) [ 000000]
tmp_s                                                                                 (partselect       ) [ 000000]
trunc_ln582                                                                           (trunc            ) [ 000000]
nibble                                                                                (select           ) [ 000000]
storemerge1116                                                                        (select           ) [ 000000]
store_ln636                                                                           (store            ) [ 000000]
br_ln0                                                                                (br               ) [ 000000]
store_ln636                                                                           (store            ) [ 000000]
br_ln0                                                                                (br               ) [ 000000]
store_ln636                                                                           (store            ) [ 000000]
br_ln0                                                                                (br               ) [ 000000]
store_ln636                                                                           (store            ) [ 000000]
br_ln0                                                                                (br               ) [ 000000]
store_ln636                                                                           (store            ) [ 000000]
br_ln0                                                                                (br               ) [ 000000]
store_ln636                                                                           (store            ) [ 000000]
br_ln0                                                                                (br               ) [ 000000]
store_ln636                                                                           (store            ) [ 000000]
br_ln0                                                                                (br               ) [ 000000]
store_ln636                                                                           (store            ) [ 000000]
br_ln0                                                                                (br               ) [ 000000]
store_ln636                                                                           (store            ) [ 000000]
br_ln0                                                                                (br               ) [ 000000]
store_ln636                                                                           (store            ) [ 000000]
br_ln0                                                                                (br               ) [ 000000]
store_ln636                                                                           (store            ) [ 000000]
br_ln0                                                                                (br               ) [ 000000]
store_ln636                                                                           (store            ) [ 000000]
br_ln0                                                                                (br               ) [ 000000]
store_ln636                                                                           (store            ) [ 000000]
br_ln0                                                                                (br               ) [ 000000]
store_ln636                                                                           (store            ) [ 000000]
br_ln0                                                                                (br               ) [ 000000]
store_ln636                                                                           (store            ) [ 000000]
br_ln0                                                                                (br               ) [ 000000]
store_ln636                                                                           (store            ) [ 000000]
br_ln0                                                                                (br               ) [ 000000]
ret_ln0                                                                               (ret              ) [ 000000]
</LifeTime>

<model>

<comp_list>
<comp id="0" class="1000" name="in_buf">
<pin_list>
<pin id="1" dir="1" index="0" bw="1" slack="0"/>
</pin_list>
<bind>
<StgValue><ssdm name="in_buf"/><MemPortTyVec>1 3 </MemPortTyVec>
</StgValue>
</bind>
</comp>

<comp id="2" class="1000" name="compute_controller_bool_bool_unsigned_int_bool_bool_bool_bool_bool_u_99">
<pin_list>
<pin id="3" dir="1" index="0" bw="1" slack="0"/>
</pin_list>
<bind>
<StgValue><ssdm name="compute_controller_bool_bool_unsigned_int_bool_bool_bool_bool_bool_u_99"/><MemPortTyVec>0 3 </MemPortTyVec>
</StgValue>
</bind>
</comp>

<comp id="4" class="1000" name="compute_controller_bool_bool_unsigned_int_bool_bool_bool_bool_bool_u_98">
<pin_list>
<pin id="5" dir="1" index="0" bw="1" slack="0"/>
</pin_list>
<bind>
<StgValue><ssdm name="compute_controller_bool_bool_unsigned_int_bool_bool_bool_bool_bool_u_98"/><MemPortTyVec>0 3 </MemPortTyVec>
</StgValue>
</bind>
</comp>

<comp id="6" class="1000" name="compute_controller_bool_bool_unsigned_int_bool_bool_bool_bool_bool_u_97">
<pin_list>
<pin id="7" dir="1" index="0" bw="1" slack="0"/>
</pin_list>
<bind>
<StgValue><ssdm name="compute_controller_bool_bool_unsigned_int_bool_bool_bool_bool_bool_u_97"/><MemPortTyVec>0 3 </MemPortTyVec>
</StgValue>
</bind>
</comp>

<comp id="8" class="1000" name="compute_controller_bool_bool_unsigned_int_bool_bool_bool_bool_bool_u_96">
<pin_list>
<pin id="9" dir="1" index="0" bw="1" slack="0"/>
</pin_list>
<bind>
<StgValue><ssdm name="compute_controller_bool_bool_unsigned_int_bool_bool_bool_bool_bool_u_96"/><MemPortTyVec>0 3 </MemPortTyVec>
</StgValue>
</bind>
</comp>

<comp id="10" class="1000" name="compute_controller_bool_bool_unsigned_int_bool_bool_bool_bool_bool_u_95">
<pin_list>
<pin id="11" dir="1" index="0" bw="1" slack="0"/>
</pin_list>
<bind>
<StgValue><ssdm name="compute_controller_bool_bool_unsigned_int_bool_bool_bool_bool_bool_u_95"/><MemPortTyVec>0 3 </MemPortTyVec>
</StgValue>
</bind>
</comp>

<comp id="12" class="1000" name="compute_controller_bool_bool_unsigned_int_bool_bool_bool_bool_bool_u_94">
<pin_list>
<pin id="13" dir="1" index="0" bw="1" slack="0"/>
</pin_list>
<bind>
<StgValue><ssdm name="compute_controller_bool_bool_unsigned_int_bool_bool_bool_bool_bool_u_94"/><MemPortTyVec>0 3 </MemPortTyVec>
</StgValue>
</bind>
</comp>

<comp id="14" class="1000" name="compute_controller_bool_bool_unsigned_int_bool_bool_bool_bool_bool_u_93">
<pin_list>
<pin id="15" dir="1" index="0" bw="1" slack="0"/>
</pin_list>
<bind>
<StgValue><ssdm name="compute_controller_bool_bool_unsigned_int_bool_bool_bool_bool_bool_u_93"/><MemPortTyVec>0 3 </MemPortTyVec>
</StgValue>
</bind>
</comp>

<comp id="16" class="1000" name="compute_controller_bool_bool_unsigned_int_bool_bool_bool_bool_bool_u_92">
<pin_list>
<pin id="17" dir="1" index="0" bw="1" slack="0"/>
</pin_list>
<bind>
<StgValue><ssdm name="compute_controller_bool_bool_unsigned_int_bool_bool_bool_bool_bool_u_92"/><MemPortTyVec>0 3 </MemPortTyVec>
</StgValue>
</bind>
</comp>

<comp id="18" class="1000" name="compute_controller_bool_bool_unsigned_int_bool_bool_bool_bool_bool_u_91">
<pin_list>
<pin id="19" dir="1" index="0" bw="1" slack="0"/>
</pin_list>
<bind>
<StgValue><ssdm name="compute_controller_bool_bool_unsigned_int_bool_bool_bool_bool_bool_u_91"/><MemPortTyVec>0 3 </MemPortTyVec>
</StgValue>
</bind>
</comp>

<comp id="20" class="1000" name="compute_controller_bool_bool_unsigned_int_bool_bool_bool_bool_bool_u_90">
<pin_list>
<pin id="21" dir="1" index="0" bw="1" slack="0"/>
</pin_list>
<bind>
<StgValue><ssdm name="compute_controller_bool_bool_unsigned_int_bool_bool_bool_bool_bool_u_90"/><MemPortTyVec>0 3 </MemPortTyVec>
</StgValue>
</bind>
</comp>

<comp id="22" class="1000" name="p_ZZ18compute_controllerbbjRbS_bS_S_RjPKhPhR12ComputeStateS0_RhS6_S6_S6_S_S_S_S_E_29">
<pin_list>
<pin id="23" dir="1" index="0" bw="1" slack="0"/>
</pin_list>
<bind>
<StgValue><ssdm name="p_ZZ18compute_controllerbbjRbS_bS_S_RjPKhPhR12ComputeStateS0_RhS6_S6_S6_S_S_S_S_E_29"/><MemPortTyVec>0 3 </MemPortTyVec>
</StgValue>
</bind>
</comp>

<comp id="24" class="1000" name="p_ZZ18compute_controllerbbjRbS_bS_S_RjPKhPhR12ComputeStateS0_RhS6_S6_S6_S_S_S_S_E_28">
<pin_list>
<pin id="25" dir="1" index="0" bw="1" slack="0"/>
</pin_list>
<bind>
<StgValue><ssdm name="p_ZZ18compute_controllerbbjRbS_bS_S_RjPKhPhR12ComputeStateS0_RhS6_S6_S6_S_S_S_S_E_28"/><MemPortTyVec>0 3 </MemPortTyVec>
</StgValue>
</bind>
</comp>

<comp id="26" class="1000" name="p_ZZ18compute_controllerbbjRbS_bS_S_RjPKhPhR12ComputeStateS0_RhS6_S6_S6_S_S_S_S_E_27">
<pin_list>
<pin id="27" dir="1" index="0" bw="1" slack="0"/>
</pin_list>
<bind>
<StgValue><ssdm name="p_ZZ18compute_controllerbbjRbS_bS_S_RjPKhPhR12ComputeStateS0_RhS6_S6_S6_S_S_S_S_E_27"/><MemPortTyVec>0 3 </MemPortTyVec>
</StgValue>
</bind>
</comp>

<comp id="28" class="1000" name="p_ZZ18compute_controllerbbjRbS_bS_S_RjPKhPhR12ComputeStateS0_RhS6_S6_S6_S_S_S_S_E_26">
<pin_list>
<pin id="29" dir="1" index="0" bw="1" slack="0"/>
</pin_list>
<bind>
<StgValue><ssdm name="p_ZZ18compute_controllerbbjRbS_bS_S_RjPKhPhR12ComputeStateS0_RhS6_S6_S6_S_S_S_S_E_26"/><MemPortTyVec>0 3 </MemPortTyVec>
</StgValue>
</bind>
</comp>

<comp id="30" class="1000" name="p_ZZ18compute_controllerbbjRbS_bS_S_RjPKhPhR12ComputeStateS0_RhS6_S6_S6_S_S_S_S_E_25">
<pin_list>
<pin id="31" dir="1" index="0" bw="1" slack="0"/>
</pin_list>
<bind>
<StgValue><ssdm name="p_ZZ18compute_controllerbbjRbS_bS_S_RjPKhPhR12ComputeStateS0_RhS6_S6_S6_S_S_S_S_E_25"/><MemPortTyVec>0 3 </MemPortTyVec>
</StgValue>
</bind>
</comp>

<comp id="32" class="1000" name="p_ZZ18compute_controllerbbjRbS_bS_S_RjPKhPhR12ComputeStateS0_RhS6_S6_S6_S_S_S_S_E_24">
<pin_list>
<pin id="33" dir="1" index="0" bw="1" slack="0"/>
</pin_list>
<bind>
<StgValue><ssdm name="p_ZZ18compute_controllerbbjRbS_bS_S_RjPKhPhR12ComputeStateS0_RhS6_S6_S6_S_S_S_S_E_24"/><MemPortTyVec>0 3 </MemPortTyVec>
</StgValue>
</bind>
</comp>

<comp id="34" class="1001" name="const_34">
<pin_list>
<pin id="35" dir="1" index="0" bw="1" slack="0"/>
</pin_list>
<bind>
<StgValue><ssdm name=""/></StgValue>
</bind>
</comp>

<comp id="36" class="1001" name="const_36">
<pin_list>
<pin id="37" dir="1" index="0" bw="1" slack="2147483647"/>
</pin_list>
<bind>
<StgValue><ssdm name="_ssdm_op_SpecInterface"/></StgValue>
</bind>
</comp>

<comp id="38" class="1001" name="const_38">
<pin_list>
<pin id="39" dir="1" index="0" bw="1" slack="2147483647"/>
</pin_list>
<bind>
<StgValue><ssdm name="empty_22"/></StgValue>
</bind>
</comp>

<comp id="40" class="1001" name="const_40">
<pin_list>
<pin id="41" dir="1" index="0" bw="1" slack="2147483647"/>
</pin_list>
<bind>
<StgValue><ssdm name=""/></StgValue>
</bind>
</comp>

<comp id="42" class="1001" name="const_42">
<pin_list>
<pin id="43" dir="1" index="0" bw="1" slack="2147483647"/>
</pin_list>
<bind>
<StgValue><ssdm name="empty_15"/></StgValue>
</bind>
</comp>

<comp id="44" class="1001" name="const_44">
<pin_list>
<pin id="45" dir="1" index="0" bw="1" slack="2147483647"/>
</pin_list>
<bind>
<StgValue><ssdm name=""/></StgValue>
</bind>
</comp>

<comp id="46" class="1001" name="const_46">
<pin_list>
<pin id="47" dir="1" index="0" bw="1" slack="0"/>
</pin_list>
<bind>
<StgValue><ssdm name=""/></StgValue>
</bind>
</comp>

<comp id="48" class="1001" name="const_48">
<pin_list>
<pin id="49" dir="1" index="0" bw="1" slack="0"/>
</pin_list>
<bind>
<StgValue><ssdm name=""/></StgValue>
</bind>
</comp>

<comp id="50" class="1001" name="const_50">
<pin_list>
<pin id="51" dir="1" index="0" bw="1" slack="0"/>
</pin_list>
<bind>
<StgValue><ssdm name=""/></StgValue>
</bind>
</comp>

<comp id="52" class="1001" name="const_52">
<pin_list>
<pin id="53" dir="1" index="0" bw="1" slack="0"/>
</pin_list>
<bind>
<StgValue><ssdm name=""/></StgValue>
</bind>
</comp>

<comp id="54" class="1001" name="const_54">
<pin_list>
<pin id="55" dir="1" index="0" bw="1" slack="0"/>
</pin_list>
<bind>
<StgValue><ssdm name=""/></StgValue>
</bind>
</comp>

<comp id="56" class="1001" name="const_56">
<pin_list>
<pin id="57" dir="1" index="0" bw="1" slack="0"/>
</pin_list>
<bind>
<StgValue><ssdm name=""/></StgValue>
</bind>
</comp>

<comp id="58" class="1001" name="const_58">
<pin_list>
<pin id="59" dir="1" index="0" bw="1" slack="0"/>
</pin_list>
<bind>
<StgValue><ssdm name=""/></StgValue>
</bind>
</comp>

<comp id="60" class="1001" name="const_60">
<pin_list>
<pin id="61" dir="1" index="0" bw="1" slack="0"/>
</pin_list>
<bind>
<StgValue><ssdm name=""/></StgValue>
</bind>
</comp>

<comp id="62" class="1001" name="const_62">
<pin_list>
<pin id="63" dir="1" index="0" bw="1" slack="0"/>
</pin_list>
<bind>
<StgValue><ssdm name="_ssdm_op_PartSelect.i4.i8.i32.i32"/></StgValue>
</bind>
</comp>

<comp id="64" class="1001" name="const_64">
<pin_list>
<pin id="65" dir="1" index="0" bw="1" slack="0"/>
</pin_list>
<bind>
<StgValue><ssdm name=""/></StgValue>
</bind>
</comp>

<comp id="66" class="1001" name="const_66">
<pin_list>
<pin id="67" dir="1" index="0" bw="1" slack="0"/>
</pin_list>
<bind>
<StgValue><ssdm name=""/></StgValue>
</bind>
</comp>

<comp id="68" class="1001" name="const_68">
<pin_list>
<pin id="69" dir="1" index="0" bw="1" slack="0"/>
</pin_list>
<bind>
<StgValue><ssdm name=""/></StgValue>
</bind>
</comp>

<comp id="70" class="1001" name="const_70">
<pin_list>
<pin id="71" dir="1" index="0" bw="1" slack="0"/>
</pin_list>
<bind>
<StgValue><ssdm name=""/></StgValue>
</bind>
</comp>

<comp id="72" class="1001" name="const_72">
<pin_list>
<pin id="73" dir="1" index="0" bw="1" slack="0"/>
</pin_list>
<bind>
<StgValue><ssdm name=""/></StgValue>
</bind>
</comp>

<comp id="74" class="1001" name="const_74">
<pin_list>
<pin id="75" dir="1" index="0" bw="1" slack="0"/>
</pin_list>
<bind>
<StgValue><ssdm name=""/></StgValue>
</bind>
</comp>

<comp id="76" class="1001" name="const_76">
<pin_list>
<pin id="77" dir="1" index="0" bw="1" slack="0"/>
</pin_list>
<bind>
<StgValue><ssdm name=""/></StgValue>
</bind>
</comp>

<comp id="78" class="1001" name="const_78">
<pin_list>
<pin id="79" dir="1" index="0" bw="1" slack="0"/>
</pin_list>
<bind>
<StgValue><ssdm name=""/></StgValue>
</bind>
</comp>

<comp id="80" class="1001" name="const_80">
<pin_list>
<pin id="81" dir="1" index="0" bw="1" slack="0"/>
</pin_list>
<bind>
<StgValue><ssdm name=""/></StgValue>
</bind>
</comp>

<comp id="82" class="1001" name="const_82">
<pin_list>
<pin id="83" dir="1" index="0" bw="1" slack="0"/>
</pin_list>
<bind>
<StgValue><ssdm name=""/></StgValue>
</bind>
</comp>

<comp id="84" class="1001" name="const_84">
<pin_list>
<pin id="85" dir="1" index="0" bw="1" slack="0"/>
</pin_list>
<bind>
<StgValue><ssdm name=""/></StgValue>
</bind>
</comp>

<comp id="86" class="1001" name="const_86">
<pin_list>
<pin id="87" dir="1" index="0" bw="1" slack="0"/>
</pin_list>
<bind>
<StgValue><ssdm name=""/></StgValue>
</bind>
</comp>

<comp id="88" class="1001" name="const_88">
<pin_list>
<pin id="89" dir="1" index="0" bw="1" slack="0"/>
</pin_list>
<bind>
<StgValue><ssdm name=""/></StgValue>
</bind>
</comp>

<comp id="90" class="1001" name="const_90">
<pin_list>
<pin id="91" dir="1" index="0" bw="1" slack="0"/>
</pin_list>
<bind>
<StgValue><ssdm name=""/></StgValue>
</bind>
</comp>

<comp id="92" class="1001" name="const_92">
<pin_list>
<pin id="93" dir="1" index="0" bw="1" slack="0"/>
</pin_list>
<bind>
<StgValue><ssdm name=""/></StgValue>
</bind>
</comp>

<comp id="94" class="1001" name="const_94">
<pin_list>
<pin id="95" dir="1" index="0" bw="1" slack="0"/>
</pin_list>
<bind>
<StgValue><ssdm name=""/></StgValue>
</bind>
</comp>

<comp id="96" class="1001" name="const_96">
<pin_list>
<pin id="97" dir="1" index="0" bw="1" slack="0"/>
</pin_list>
<bind>
<StgValue><ssdm name=""/></StgValue>
</bind>
</comp>

<comp id="98" class="1001" name="const_98">
<pin_list>
<pin id="99" dir="1" index="0" bw="1" slack="0"/>
</pin_list>
<bind>
<StgValue><ssdm name=""/></StgValue>
</bind>
</comp>

<comp id="100" class="1001" name="const_100">
<pin_list>
<pin id="101" dir="1" index="0" bw="1" slack="0"/>
</pin_list>
<bind>
<StgValue><ssdm name=""/></StgValue>
</bind>
</comp>

<comp id="102" class="1001" name="const_102">
<pin_list>
<pin id="103" dir="1" index="0" bw="1" slack="0"/>
</pin_list>
<bind>
<StgValue><ssdm name=""/></StgValue>
</bind>
</comp>

<comp id="104" class="1001" name="const_104">
<pin_list>
<pin id="105" dir="1" index="0" bw="1" slack="0"/>
</pin_list>
<bind>
<StgValue><ssdm name="_ssdm_op_BitSelect.i1.i9.i32"/></StgValue>
</bind>
</comp>

<comp id="106" class="1001" name="const_106">
<pin_list>
<pin id="107" dir="1" index="0" bw="1" slack="0"/>
</pin_list>
<bind>
<StgValue><ssdm name=""/></StgValue>
</bind>
</comp>

<comp id="108" class="1001" name="const_108">
<pin_list>
<pin id="109" dir="1" index="0" bw="1" slack="0"/>
</pin_list>
<bind>
<StgValue><ssdm name=""/></StgValue>
</bind>
</comp>

<comp id="110" class="1001" name="const_110">
<pin_list>
<pin id="111" dir="1" index="0" bw="1" slack="0"/>
</pin_list>
<bind>
<StgValue><ssdm name="_ssdm_op_PartSelect.i8.i9.i32.i32"/></StgValue>
</bind>
</comp>

<comp id="112" class="1001" name="const_112">
<pin_list>
<pin id="113" dir="1" index="0" bw="1" slack="0"/>
</pin_list>
<bind>
<StgValue><ssdm name=""/></StgValue>
</bind>
</comp>

<comp id="114" class="1001" name="const_114">
<pin_list>
<pin id="115" dir="1" index="0" bw="1" slack="0"/>
</pin_list>
<bind>
<StgValue><ssdm name=""/></StgValue>
</bind>
</comp>

<comp id="116" class="1001" name="const_116">
<pin_list>
<pin id="117" dir="1" index="0" bw="1" slack="2147483647"/>
</pin_list>
<bind>
<StgValue><ssdm name="_ssdm_op_SpecLoopName"/></StgValue>
</bind>
</comp>

<comp id="118" class="1001" name="const_118">
<pin_list>
<pin id="119" dir="1" index="0" bw="1" slack="2147483647"/>
</pin_list>
<bind>
<StgValue><ssdm name="VITIS_LOOP_633_37_VITIS_LOOP_634_38_str"/></StgValue>
</bind>
</comp>

<comp id="120" class="1001" name="const_120">
<pin_list>
<pin id="121" dir="1" index="0" bw="1" slack="2147483647"/>
</pin_list>
<bind>
<StgValue><ssdm name="_ssdm_op_SpecLoopTripCount"/></StgValue>
</bind>
</comp>

<comp id="122" class="1001" name="const_122">
<pin_list>
<pin id="123" dir="1" index="0" bw="1" slack="2147483647"/>
</pin_list>
<bind>
<StgValue><ssdm name=""/></StgValue>
</bind>
</comp>

<comp id="124" class="1001" name="const_124">
<pin_list>
<pin id="125" dir="1" index="0" bw="1" slack="0"/>
</pin_list>
<bind>
<StgValue><ssdm name=""/></StgValue>
</bind>
</comp>

<comp id="126" class="1001" name="const_126">
<pin_list>
<pin id="127" dir="1" index="0" bw="1" slack="0"/>
</pin_list>
<bind>
<StgValue><ssdm name="_ssdm_op_BitConcatenate.i10.i6.i4"/></StgValue>
</bind>
</comp>

<comp id="128" class="1001" name="const_128">
<pin_list>
<pin id="129" dir="1" index="0" bw="1" slack="0"/>
</pin_list>
<bind>
<StgValue><ssdm name="_ssdm_op_BitConcatenate.i8.i6.i2"/></StgValue>
</bind>
</comp>

<comp id="130" class="1001" name="const_130">
<pin_list>
<pin id="131" dir="1" index="0" bw="1" slack="0"/>
</pin_list>
<bind>
<StgValue><ssdm name=""/></StgValue>
</bind>
</comp>

<comp id="132" class="1001" name="const_132">
<pin_list>
<pin id="133" dir="1" index="0" bw="1" slack="2147483647"/>
</pin_list>
<bind>
<StgValue><ssdm name="_ssdm_op_SpecPipeline"/></StgValue>
</bind>
</comp>

<comp id="134" class="1004" name="i_fu_134">
<pin_list>
<pin id="135" dir="0" index="0" bw="1" slack="0"/>
<pin id="136" dir="1" index="1" bw="8" slack="0"/>
</pin_list>
<bind>
<opcode="alloca(26) " fcode="alloca"/>
<opset="i/1 "/>
</bind>
</comp>

<comp id="138" class="1004" name="out_idx_fu_138">
<pin_list>
<pin id="139" dir="0" index="0" bw="1" slack="0"/>
<pin id="140" dir="1" index="1" bw="6" slack="0"/>
</pin_list>
<bind>
<opcode="alloca(26) " fcode="alloca"/>
<opset="out_idx/1 "/>
</bind>
</comp>

<comp id="142" class="1004" name="indvar_flatten13_fu_142">
<pin_list>
<pin id="143" dir="0" index="0" bw="1" slack="0"/>
<pin id="144" dir="1" index="1" bw="14" slack="0"/>
</pin_list>
<bind>
<opcode="alloca(26) " fcode="alloca"/>
<opset="indvar_flatten13/1 "/>
</bind>
</comp>

<comp id="146" class="1004" name="in_buf_addr_gep_fu_146">
<pin_list>
<pin id="147" dir="0" index="0" bw="8" slack="0"/>
<pin id="148" dir="0" index="1" bw="1" slack="0"/>
<pin id="149" dir="0" index="2" bw="9" slack="0"/>
<pin id="150" dir="1" index="3" bw="13" slack="0"/>
</pin_list>
<bind>
<opcode="getelementptr(29) " fcode="getelementptr"/>
<opset="in_buf_addr/4 "/>
</bind>
</comp>

<comp id="153" class="1004" name="grp_access_fu_153">
<pin_list>
<pin id="154" dir="0" index="0" bw="13" slack="0"/>
<pin id="155" dir="0" index="1" bw="8" slack="2147483647"/>
<pin id="156" dir="0" index="2" bw="0" slack="2147483647"/>
<pin id="157" dir="1" index="3" bw="8" slack="0"/>
</pin_list>
<bind>
<opcode="load(27) " fcode="load"/>
<opset="byte_val/4 "/>
</bind>
</comp>

<comp id="159" class="1004" name="compute_controller_bool_bool_unsigned_int_bool_bool_bool_bool_bool_u_229_gep_fu_159">
<pin_list>
<pin id="160" dir="0" index="0" bw="4" slack="0"/>
<pin id="161" dir="0" index="1" bw="1" slack="0"/>
<pin id="162" dir="0" index="2" bw="10" slack="0"/>
<pin id="163" dir="1" index="3" bw="10" slack="0"/>
</pin_list>
<bind>
<opcode="getelementptr(29) " fcode="getelementptr"/>
<opset="compute_controller_bool_bool_unsigned_int_bool_bool_bool_bool_bool_u_229/5 "/>
</bind>
</comp>

<comp id="166" class="1004" name="compute_controller_bool_bool_unsigned_int_bool_bool_bool_bool_bool_u_230_gep_fu_166">
<pin_list>
<pin id="167" dir="0" index="0" bw="4" slack="0"/>
<pin id="168" dir="0" index="1" bw="1" slack="0"/>
<pin id="169" dir="0" index="2" bw="10" slack="0"/>
<pin id="170" dir="1" index="3" bw="10" slack="0"/>
</pin_list>
<bind>
<opcode="getelementptr(29) " fcode="getelementptr"/>
<opset="compute_controller_bool_bool_unsigned_int_bool_bool_bool_bool_bool_u_230/5 "/>
</bind>
</comp>

<comp id="173" class="1004" name="compute_controller_bool_bool_unsigned_int_bool_bool_bool_bool_bool_u_231_gep_fu_173">
<pin_list>
<pin id="174" dir="0" index="0" bw="4" slack="0"/>
<pin id="175" dir="0" index="1" bw="1" slack="0"/>
<pin id="176" dir="0" index="2" bw="10" slack="0"/>
<pin id="177" dir="1" index="3" bw="10" slack="0"/>
</pin_list>
<bind>
<opcode="getelementptr(29) " fcode="getelementptr"/>
<opset="compute_controller_bool_bool_unsigned_int_bool_bool_bool_bool_bool_u_231/5 "/>
</bind>
</comp>

<comp id="180" class="1004" name="compute_controller_bool_bool_unsigned_int_bool_bool_bool_bool_bool_u_232_gep_fu_180">
<pin_list>
<pin id="181" dir="0" index="0" bw="4" slack="0"/>
<pin id="182" dir="0" index="1" bw="1" slack="0"/>
<pin id="183" dir="0" index="2" bw="10" slack="0"/>
<pin id="184" dir="1" index="3" bw="10" slack="0"/>
</pin_list>
<bind>
<opcode="getelementptr(29) " fcode="getelementptr"/>
<opset="compute_controller_bool_bool_unsigned_int_bool_bool_bool_bool_bool_u_232/5 "/>
</bind>
</comp>

<comp id="187" class="1004" name="compute_controller_bool_bool_unsigned_int_bool_bool_bool_bool_bool_u_233_gep_fu_187">
<pin_list>
<pin id="188" dir="0" index="0" bw="4" slack="0"/>
<pin id="189" dir="0" index="1" bw="1" slack="0"/>
<pin id="190" dir="0" index="2" bw="10" slack="0"/>
<pin id="191" dir="1" index="3" bw="10" slack="0"/>
</pin_list>
<bind>
<opcode="getelementptr(29) " fcode="getelementptr"/>
<opset="compute_controller_bool_bool_unsigned_int_bool_bool_bool_bool_bool_u_233/5 "/>
</bind>
</comp>

<comp id="194" class="1004" name="compute_controller_bool_bool_unsigned_int_bool_bool_bool_bool_bool_u_234_gep_fu_194">
<pin_list>
<pin id="195" dir="0" index="0" bw="4" slack="0"/>
<pin id="196" dir="0" index="1" bw="1" slack="0"/>
<pin id="197" dir="0" index="2" bw="10" slack="0"/>
<pin id="198" dir="1" index="3" bw="10" slack="0"/>
</pin_list>
<bind>
<opcode="getelementptr(29) " fcode="getelementptr"/>
<opset="compute_controller_bool_bool_unsigned_int_bool_bool_bool_bool_bool_u_234/5 "/>
</bind>
</comp>

<comp id="201" class="1004" name="compute_controller_bool_bool_unsigned_int_bool_bool_bool_bool_bool_u_235_gep_fu_201">
<pin_list>
<pin id="202" dir="0" index="0" bw="4" slack="0"/>
<pin id="203" dir="0" index="1" bw="1" slack="0"/>
<pin id="204" dir="0" index="2" bw="10" slack="0"/>
<pin id="205" dir="1" index="3" bw="10" slack="0"/>
</pin_list>
<bind>
<opcode="getelementptr(29) " fcode="getelementptr"/>
<opset="compute_controller_bool_bool_unsigned_int_bool_bool_bool_bool_bool_u_235/5 "/>
</bind>
</comp>

<comp id="208" class="1004" name="compute_controller_bool_bool_unsigned_int_bool_bool_bool_bool_bool_u_236_gep_fu_208">
<pin_list>
<pin id="209" dir="0" index="0" bw="4" slack="0"/>
<pin id="210" dir="0" index="1" bw="1" slack="0"/>
<pin id="211" dir="0" index="2" bw="10" slack="0"/>
<pin id="212" dir="1" index="3" bw="10" slack="0"/>
</pin_list>
<bind>
<opcode="getelementptr(29) " fcode="getelementptr"/>
<opset="compute_controller_bool_bool_unsigned_int_bool_bool_bool_bool_bool_u_236/5 "/>
</bind>
</comp>

<comp id="215" class="1004" name="compute_controller_bool_bool_unsigned_int_bool_bool_bool_bool_bool_u_237_gep_fu_215">
<pin_list>
<pin id="216" dir="0" index="0" bw="4" slack="0"/>
<pin id="217" dir="0" index="1" bw="1" slack="0"/>
<pin id="218" dir="0" index="2" bw="10" slack="0"/>
<pin id="219" dir="1" index="3" bw="10" slack="0"/>
</pin_list>
<bind>
<opcode="getelementptr(29) " fcode="getelementptr"/>
<opset="compute_controller_bool_bool_unsigned_int_bool_bool_bool_bool_bool_u_237/5 "/>
</bind>
</comp>

<comp id="222" class="1004" name="compute_controller_bool_bool_unsigned_int_bool_bool_bool_bool_bool_u_238_gep_fu_222">
<pin_list>
<pin id="223" dir="0" index="0" bw="4" slack="0"/>
<pin id="224" dir="0" index="1" bw="1" slack="0"/>
<pin id="225" dir="0" index="2" bw="10" slack="0"/>
<pin id="226" dir="1" index="3" bw="10" slack="0"/>
</pin_list>
<bind>
<opcode="getelementptr(29) " fcode="getelementptr"/>
<opset="compute_controller_bool_bool_unsigned_int_bool_bool_bool_bool_bool_u_238/5 "/>
</bind>
</comp>

<comp id="229" class="1004" name="p_ZZ18compute_controllerbbjRbS_bS_S_RjPKhPhR12ComputeStateS0_RhS6_S6_S6_S_S_S_S_E_102_gep_fu_229">
<pin_list>
<pin id="230" dir="0" index="0" bw="4" slack="0"/>
<pin id="231" dir="0" index="1" bw="1" slack="0"/>
<pin id="232" dir="0" index="2" bw="10" slack="0"/>
<pin id="233" dir="1" index="3" bw="10" slack="0"/>
</pin_list>
<bind>
<opcode="getelementptr(29) " fcode="getelementptr"/>
<opset="p_ZZ18compute_controllerbbjRbS_bS_S_RjPKhPhR12ComputeStateS0_RhS6_S6_S6_S_S_S_S_E_102/5 "/>
</bind>
</comp>

<comp id="236" class="1004" name="p_ZZ18compute_controllerbbjRbS_bS_S_RjPKhPhR12ComputeStateS0_RhS6_S6_S6_S_S_S_S_E_103_gep_fu_236">
<pin_list>
<pin id="237" dir="0" index="0" bw="4" slack="0"/>
<pin id="238" dir="0" index="1" bw="1" slack="0"/>
<pin id="239" dir="0" index="2" bw="10" slack="0"/>
<pin id="240" dir="1" index="3" bw="10" slack="0"/>
</pin_list>
<bind>
<opcode="getelementptr(29) " fcode="getelementptr"/>
<opset="p_ZZ18compute_controllerbbjRbS_bS_S_RjPKhPhR12ComputeStateS0_RhS6_S6_S6_S_S_S_S_E_103/5 "/>
</bind>
</comp>

<comp id="243" class="1004" name="p_ZZ18compute_controllerbbjRbS_bS_S_RjPKhPhR12ComputeStateS0_RhS6_S6_S6_S_S_S_S_E_104_gep_fu_243">
<pin_list>
<pin id="244" dir="0" index="0" bw="4" slack="0"/>
<pin id="245" dir="0" index="1" bw="1" slack="0"/>
<pin id="246" dir="0" index="2" bw="10" slack="0"/>
<pin id="247" dir="1" index="3" bw="10" slack="0"/>
</pin_list>
<bind>
<opcode="getelementptr(29) " fcode="getelementptr"/>
<opset="p_ZZ18compute_controllerbbjRbS_bS_S_RjPKhPhR12ComputeStateS0_RhS6_S6_S6_S_S_S_S_E_104/5 "/>
</bind>
</comp>

<comp id="250" class="1004" name="p_ZZ18compute_controllerbbjRbS_bS_S_RjPKhPhR12ComputeStateS0_RhS6_S6_S6_S_S_S_S_E_105_gep_fu_250">
<pin_list>
<pin id="251" dir="0" index="0" bw="4" slack="0"/>
<pin id="252" dir="0" index="1" bw="1" slack="0"/>
<pin id="253" dir="0" index="2" bw="10" slack="0"/>
<pin id="254" dir="1" index="3" bw="10" slack="0"/>
</pin_list>
<bind>
<opcode="getelementptr(29) " fcode="getelementptr"/>
<opset="p_ZZ18compute_controllerbbjRbS_bS_S_RjPKhPhR12ComputeStateS0_RhS6_S6_S6_S_S_S_S_E_105/5 "/>
</bind>
</comp>

<comp id="257" class="1004" name="p_ZZ18compute_controllerbbjRbS_bS_S_RjPKhPhR12ComputeStateS0_RhS6_S6_S6_S_S_S_S_E_106_gep_fu_257">
<pin_list>
<pin id="258" dir="0" index="0" bw="4" slack="0"/>
<pin id="259" dir="0" index="1" bw="1" slack="0"/>
<pin id="260" dir="0" index="2" bw="10" slack="0"/>
<pin id="261" dir="1" index="3" bw="10" slack="0"/>
</pin_list>
<bind>
<opcode="getelementptr(29) " fcode="getelementptr"/>
<opset="p_ZZ18compute_controllerbbjRbS_bS_S_RjPKhPhR12ComputeStateS0_RhS6_S6_S6_S_S_S_S_E_106/5 "/>
</bind>
</comp>

<comp id="264" class="1004" name="p_ZZ18compute_controllerbbjRbS_bS_S_RjPKhPhR12ComputeStateS0_RhS6_S6_S6_S_S_S_S_E_107_gep_fu_264">
<pin_list>
<pin id="265" dir="0" index="0" bw="4" slack="0"/>
<pin id="266" dir="0" index="1" bw="1" slack="0"/>
<pin id="267" dir="0" index="2" bw="10" slack="0"/>
<pin id="268" dir="1" index="3" bw="10" slack="0"/>
</pin_list>
<bind>
<opcode="getelementptr(29) " fcode="getelementptr"/>
<opset="p_ZZ18compute_controllerbbjRbS_bS_S_RjPKhPhR12ComputeStateS0_RhS6_S6_S6_S_S_S_S_E_107/5 "/>
</bind>
</comp>

<comp id="271" class="1004" name="store_ln636_access_fu_271">
<pin_list>
<pin id="272" dir="0" index="0" bw="10" slack="0"/>
<pin id="273" dir="0" index="1" bw="4" slack="0"/>
<pin id="274" dir="0" index="2" bw="0" slack="2147483647"/>
<pin id="275" dir="1" index="3" bw="4" slack="2147483647"/>
</pin_list>
<bind>
<opcode="store(28) " fcode="store"/>
<opset="store_ln636/5 "/>
</bind>
</comp>

<comp id="277" class="1004" name="store_ln636_access_fu_277">
<pin_list>
<pin id="278" dir="0" index="0" bw="10" slack="0"/>
<pin id="279" dir="0" index="1" bw="4" slack="0"/>
<pin id="280" dir="0" index="2" bw="0" slack="2147483647"/>
<pin id="281" dir="1" index="3" bw="4" slack="2147483647"/>
</pin_list>
<bind>
<opcode="store(28) " fcode="store"/>
<opset="store_ln636/5 "/>
</bind>
</comp>

<comp id="283" class="1004" name="store_ln636_access_fu_283">
<pin_list>
<pin id="284" dir="0" index="0" bw="10" slack="0"/>
<pin id="285" dir="0" index="1" bw="4" slack="0"/>
<pin id="286" dir="0" index="2" bw="0" slack="2147483647"/>
<pin id="287" dir="1" index="3" bw="4" slack="2147483647"/>
</pin_list>
<bind>
<opcode="store(28) " fcode="store"/>
<opset="store_ln636/5 "/>
</bind>
</comp>

<comp id="289" class="1004" name="store_ln636_access_fu_289">
<pin_list>
<pin id="290" dir="0" index="0" bw="10" slack="0"/>
<pin id="291" dir="0" index="1" bw="4" slack="0"/>
<pin id="292" dir="0" index="2" bw="0" slack="2147483647"/>
<pin id="293" dir="1" index="3" bw="4" slack="2147483647"/>
</pin_list>
<bind>
<opcode="store(28) " fcode="store"/>
<opset="store_ln636/5 "/>
</bind>
</comp>

<comp id="295" class="1004" name="store_ln636_access_fu_295">
<pin_list>
<pin id="296" dir="0" index="0" bw="10" slack="0"/>
<pin id="297" dir="0" index="1" bw="4" slack="0"/>
<pin id="298" dir="0" index="2" bw="0" slack="2147483647"/>
<pin id="299" dir="1" index="3" bw="4" slack="2147483647"/>
</pin_list>
<bind>
<opcode="store(28) " fcode="store"/>
<opset="store_ln636/5 "/>
</bind>
</comp>

<comp id="301" class="1004" name="store_ln636_access_fu_301">
<pin_list>
<pin id="302" dir="0" index="0" bw="10" slack="0"/>
<pin id="303" dir="0" index="1" bw="4" slack="0"/>
<pin id="304" dir="0" index="2" bw="0" slack="2147483647"/>
<pin id="305" dir="1" index="3" bw="4" slack="2147483647"/>
</pin_list>
<bind>
<opcode="store(28) " fcode="store"/>
<opset="store_ln636/5 "/>
</bind>
</comp>

<comp id="307" class="1004" name="store_ln636_access_fu_307">
<pin_list>
<pin id="308" dir="0" index="0" bw="10" slack="0"/>
<pin id="309" dir="0" index="1" bw="4" slack="0"/>
<pin id="310" dir="0" index="2" bw="0" slack="2147483647"/>
<pin id="311" dir="1" index="3" bw="4" slack="2147483647"/>
</pin_list>
<bind>
<opcode="store(28) " fcode="store"/>
<opset="store_ln636/5 "/>
</bind>
</comp>

<comp id="313" class="1004" name="store_ln636_access_fu_313">
<pin_list>
<pin id="314" dir="0" index="0" bw="10" slack="0"/>
<pin id="315" dir="0" index="1" bw="4" slack="0"/>
<pin id="316" dir="0" index="2" bw="0" slack="2147483647"/>
<pin id="317" dir="1" index="3" bw="4" slack="2147483647"/>
</pin_list>
<bind>
<opcode="store(28) " fcode="store"/>
<opset="store_ln636/5 "/>
</bind>
</comp>

<comp id="319" class="1004" name="store_ln636_access_fu_319">
<pin_list>
<pin id="320" dir="0" index="0" bw="10" slack="0"/>
<pin id="321" dir="0" index="1" bw="4" slack="0"/>
<pin id="322" dir="0" index="2" bw="0" slack="2147483647"/>
<pin id="323" dir="1" index="3" bw="4" slack="2147483647"/>
</pin_list>
<bind>
<opcode="store(28) " fcode="store"/>
<opset="store_ln636/5 "/>
</bind>
</comp>

<comp id="325" class="1004" name="store_ln636_access_fu_325">
<pin_list>
<pin id="326" dir="0" index="0" bw="10" slack="0"/>
<pin id="327" dir="0" index="1" bw="4" slack="0"/>
<pin id="328" dir="0" index="2" bw="0" slack="2147483647"/>
<pin id="329" dir="1" index="3" bw="4" slack="2147483647"/>
</pin_list>
<bind>
<opcode="store(28) " fcode="store"/>
<opset="store_ln636/5 "/>
</bind>
</comp>

<comp id="331" class="1004" name="store_ln636_access_fu_331">
<pin_list>
<pin id="332" dir="0" index="0" bw="10" slack="0"/>
<pin id="333" dir="0" index="1" bw="4" slack="0"/>
<pin id="334" dir="0" index="2" bw="0" slack="2147483647"/>
<pin id="335" dir="1" index="3" bw="4" slack="2147483647"/>
</pin_list>
<bind>
<opcode="store(28) " fcode="store"/>
<opset="store_ln636/5 "/>
</bind>
</comp>

<comp id="337" class="1004" name="store_ln636_access_fu_337">
<pin_list>
<pin id="338" dir="0" index="0" bw="10" slack="0"/>
<pin id="339" dir="0" index="1" bw="4" slack="0"/>
<pin id="340" dir="0" index="2" bw="0" slack="2147483647"/>
<pin id="341" dir="1" index="3" bw="4" slack="2147483647"/>
</pin_list>
<bind>
<opcode="store(28) " fcode="store"/>
<opset="store_ln636/5 "/>
</bind>
</comp>

<comp id="343" class="1004" name="store_ln636_access_fu_343">
<pin_list>
<pin id="344" dir="0" index="0" bw="10" slack="0"/>
<pin id="345" dir="0" index="1" bw="4" slack="0"/>
<pin id="346" dir="0" index="2" bw="0" slack="2147483647"/>
<pin id="347" dir="1" index="3" bw="4" slack="2147483647"/>
</pin_list>
<bind>
<opcode="store(28) " fcode="store"/>
<opset="store_ln636/5 "/>
</bind>
</comp>

<comp id="349" class="1004" name="store_ln636_access_fu_349">
<pin_list>
<pin id="350" dir="0" index="0" bw="10" slack="0"/>
<pin id="351" dir="0" index="1" bw="4" slack="0"/>
<pin id="352" dir="0" index="2" bw="0" slack="2147483647"/>
<pin id="353" dir="1" index="3" bw="4" slack="2147483647"/>
</pin_list>
<bind>
<opcode="store(28) " fcode="store"/>
<opset="store_ln636/5 "/>
</bind>
</comp>

<comp id="355" class="1004" name="store_ln636_access_fu_355">
<pin_list>
<pin id="356" dir="0" index="0" bw="10" slack="0"/>
<pin id="357" dir="0" index="1" bw="4" slack="0"/>
<pin id="358" dir="0" index="2" bw="0" slack="2147483647"/>
<pin id="359" dir="1" index="3" bw="4" slack="2147483647"/>
</pin_list>
<bind>
<opcode="store(28) " fcode="store"/>
<opset="store_ln636/5 "/>
</bind>
</comp>

<comp id="361" class="1004" name="store_ln636_access_fu_361">
<pin_list>
<pin id="362" dir="0" index="0" bw="10" slack="0"/>
<pin id="363" dir="0" index="1" bw="4" slack="0"/>
<pin id="364" dir="0" index="2" bw="0" slack="2147483647"/>
<pin id="365" dir="1" index="3" bw="4" slack="2147483647"/>
</pin_list>
<bind>
<opcode="store(28) " fcode="store"/>
<opset="store_ln636/5 "/>
</bind>
</comp>

<comp id="367" class="1004" name="store_ln0_store_fu_367">
<pin_list>
<pin id="368" dir="0" index="0" bw="1" slack="0"/>
<pin id="369" dir="0" index="1" bw="14" slack="0"/>
<pin id="370" dir="1" index="2" bw="0" slack="2147483647"/>
</pin_list>
<bind>
<opcode="store(28) " fcode="store"/>
<opset="store_ln0/1 "/>
</bind>
</comp>

<comp id="372" class="1004" name="store_ln633_store_fu_372">
<pin_list>
<pin id="373" dir="0" index="0" bw="1" slack="0"/>
<pin id="374" dir="0" index="1" bw="6" slack="0"/>
<pin id="375" dir="1" index="2" bw="0" slack="2147483647"/>
</pin_list>
<bind>
<opcode="store(28) " fcode="store"/>
<opset="store_ln633/1 "/>
</bind>
</comp>

<comp id="377" class="1004" name="store_ln634_store_fu_377">
<pin_list>
<pin id="378" dir="0" index="0" bw="1" slack="0"/>
<pin id="379" dir="0" index="1" bw="8" slack="0"/>
<pin id="380" dir="1" index="2" bw="0" slack="2147483647"/>
</pin_list>
<bind>
<opcode="store(28) " fcode="store"/>
<opset="store_ln634/1 "/>
</bind>
</comp>

<comp id="382" class="1004" name="indvar_flatten13_load_load_fu_382">
<pin_list>
<pin id="383" dir="0" index="0" bw="14" slack="0"/>
<pin id="384" dir="1" index="1" bw="14" slack="0"/>
</pin_list>
<bind>
<opcode="load(27) " fcode="load"/>
<opset="indvar_flatten13_load/1 "/>
</bind>
</comp>

<comp id="385" class="1004" name="icmp_ln633_fu_385">
<pin_list>
<pin id="386" dir="0" index="0" bw="14" slack="0"/>
<pin id="387" dir="0" index="1" bw="14" slack="0"/>
<pin id="388" dir="1" index="2" bw="1" slack="3"/>
</pin_list>
<bind>
<opcode="icmp(45) " fcode="icmp"/>
<opset="icmp_ln633/1 "/>
</bind>
</comp>

<comp id="391" class="1004" name="add_ln633_fu_391">
<pin_list>
<pin id="392" dir="0" index="0" bw="14" slack="0"/>
<pin id="393" dir="0" index="1" bw="1" slack="0"/>
<pin id="394" dir="1" index="2" bw="14" slack="0"/>
</pin_list>
<bind>
<opcode="add(8) " fcode="add"/>
<opset="add_ln633/1 "/>
</bind>
</comp>

<comp id="397" class="1004" name="i_load_load_fu_397">
<pin_list>
<pin id="398" dir="0" index="0" bw="8" slack="0"/>
<pin id="399" dir="1" index="1" bw="8" slack="0"/>
</pin_list>
<bind>
<opcode="load(27) " fcode="load"/>
<opset="i_load/1 "/>
</bind>
</comp>

<comp id="400" class="1004" name="out_idx_load_load_fu_400">
<pin_list>
<pin id="401" dir="0" index="0" bw="6" slack="0"/>
<pin id="402" dir="1" index="1" bw="6" slack="0"/>
</pin_list>
<bind>
<opcode="load(27) " fcode="load"/>
<opset="out_idx_load/1 "/>
</bind>
</comp>

<comp id="403" class="1004" name="icmp_ln634_fu_403">
<pin_list>
<pin id="404" dir="0" index="0" bw="8" slack="0"/>
<pin id="405" dir="0" index="1" bw="7" slack="0"/>
<pin id="406" dir="1" index="2" bw="1" slack="0"/>
</pin_list>
<bind>
<opcode="icmp(45) " fcode="icmp"/>
<opset="icmp_ln634/1 "/>
</bind>
</comp>

<comp id="409" class="1004" name="select_ln633_fu_409">
<pin_list>
<pin id="410" dir="0" index="0" bw="1" slack="0"/>
<pin id="411" dir="0" index="1" bw="1" slack="0"/>
<pin id="412" dir="0" index="2" bw="8" slack="0"/>
<pin id="413" dir="1" index="3" bw="8" slack="0"/>
</pin_list>
<bind>
<opcode="select(49) " fcode="select"/>
<opset="select_ln633/1 "/>
</bind>
</comp>

<comp id="417" class="1004" name="add_ln633_1_fu_417">
<pin_list>
<pin id="418" dir="0" index="0" bw="6" slack="0"/>
<pin id="419" dir="0" index="1" bw="1" slack="0"/>
<pin id="420" dir="1" index="2" bw="6" slack="0"/>
</pin_list>
<bind>
<opcode="add(8) " fcode="add"/>
<opset="add_ln633_1/1 "/>
</bind>
</comp>

<comp id="423" class="1004" name="select_ln633_1_fu_423">
<pin_list>
<pin id="424" dir="0" index="0" bw="1" slack="0"/>
<pin id="425" dir="0" index="1" bw="6" slack="0"/>
<pin id="426" dir="0" index="2" bw="6" slack="0"/>
<pin id="427" dir="1" index="3" bw="6" slack="0"/>
</pin_list>
<bind>
<opcode="select(49) " fcode="select"/>
<opset="select_ln633_1/1 "/>
</bind>
</comp>

<comp id="431" class="1004" name="out_idx_2_cast239_fu_431">
<pin_list>
<pin id="432" dir="0" index="0" bw="6" slack="0"/>
<pin id="433" dir="1" index="1" bw="9" slack="0"/>
</pin_list>
<bind>
<opcode="zext(34) " fcode="zext"/>
<opset="out_idx_2_cast239/1 "/>
</bind>
</comp>

<comp id="435" class="1004" name="trunc_ln634_fu_435">
<pin_list>
<pin id="436" dir="0" index="0" bw="8" slack="0"/>
<pin id="437" dir="1" index="1" bw="4" slack="0"/>
</pin_list>
<bind>
<opcode="trunc(33) " fcode="trunc"/>
<opset="trunc_ln634/1 "/>
</bind>
</comp>

<comp id="439" class="1004" name="lshr_ln_fu_439">
<pin_list>
<pin id="440" dir="0" index="0" bw="4" slack="0"/>
<pin id="441" dir="0" index="1" bw="8" slack="0"/>
<pin id="442" dir="0" index="2" bw="4" slack="0"/>
<pin id="443" dir="0" index="3" bw="4" slack="0"/>
<pin id="444" dir="1" index="4" bw="4" slack="4"/>
</pin_list>
<bind>
<opcode="partselect(1002) " fcode="partselect"/>
<opset="lshr_ln/1 "/>
</bind>
</comp>

<comp id="449" class="1004" name="switch_ln634_fu_449">
<pin_list>
<pin id="450" dir="0" index="0" bw="4" slack="0"/>
<pin id="451" dir="0" index="1" bw="1" slack="0"/>
<pin id="452" dir="0" index="2" bw="1" slack="0"/>
<pin id="453" dir="0" index="3" bw="3" slack="0"/>
<pin id="454" dir="0" index="4" bw="3" slack="0"/>
<pin id="455" dir="0" index="5" bw="4" slack="0"/>
<pin id="456" dir="0" index="6" bw="4" slack="0"/>
<pin id="457" dir="0" index="7" bw="4" slack="0"/>
<pin id="458" dir="0" index="8" bw="4" slack="0"/>
<pin id="459" dir="0" index="9" bw="4" slack="0"/>
<pin id="460" dir="0" index="10" bw="4" slack="0"/>
<pin id="461" dir="0" index="11" bw="4" slack="0"/>
<pin id="462" dir="0" index="12" bw="4" slack="0"/>
<pin id="463" dir="0" index="13" bw="3" slack="0"/>
<pin id="464" dir="0" index="14" bw="3" slack="0"/>
<pin id="465" dir="0" index="15" bw="2" slack="0"/>
<pin id="466" dir="1" index="16" bw="0" slack="2147483647"/>
</pin_list>
<bind>
<opcode="switch(3) " fcode="switch"/>
<opset="switch_ln634/1 "/>
</bind>
</comp>

<comp id="483" class="1004" name="add_ln634_fu_483">
<pin_list>
<pin id="484" dir="0" index="0" bw="8" slack="0"/>
<pin id="485" dir="0" index="1" bw="1" slack="0"/>
<pin id="486" dir="1" index="2" bw="8" slack="0"/>
</pin_list>
<bind>
<opcode="add(8) " fcode="add"/>
<opset="add_ln634/1 "/>
</bind>
</comp>

<comp id="489" class="1004" name="store_ln633_store_fu_489">
<pin_list>
<pin id="490" dir="0" index="0" bw="14" slack="0"/>
<pin id="491" dir="0" index="1" bw="14" slack="0"/>
<pin id="492" dir="1" index="2" bw="0" slack="2147483647"/>
</pin_list>
<bind>
<opcode="store(28) " fcode="store"/>
<opset="store_ln633/1 "/>
</bind>
</comp>

<comp id="494" class="1004" name="store_ln633_store_fu_494">
<pin_list>
<pin id="495" dir="0" index="0" bw="6" slack="0"/>
<pin id="496" dir="0" index="1" bw="6" slack="0"/>
<pin id="497" dir="1" index="2" bw="0" slack="2147483647"/>
</pin_list>
<bind>
<opcode="store(28) " fcode="store"/>
<opset="store_ln633/1 "/>
</bind>
</comp>

<comp id="499" class="1004" name="store_ln634_store_fu_499">
<pin_list>
<pin id="500" dir="0" index="0" bw="8" slack="0"/>
<pin id="501" dir="0" index="1" bw="8" slack="0"/>
<pin id="502" dir="1" index="2" bw="0" slack="2147483647"/>
</pin_list>
<bind>
<opcode="store(28) " fcode="store"/>
<opset="store_ln634/1 "/>
</bind>
</comp>

<comp id="504" class="1004" name="zext_ln634_fu_504">
<pin_list>
<pin id="505" dir="0" index="0" bw="8" slack="2"/>
<pin id="506" dir="1" index="1" bw="9" slack="0"/>
</pin_list>
<bind>
<opcode="zext(34) " fcode="zext"/>
<opset="zext_ln634/3 "/>
</bind>
</comp>

<comp id="507" class="1004" name="icmp_ln636_fu_507">
<pin_list>
<pin id="508" dir="0" index="0" bw="8" slack="2"/>
<pin id="509" dir="0" index="1" bw="6" slack="0"/>
<pin id="510" dir="1" index="2" bw="1" slack="2"/>
</pin_list>
<bind>
<opcode="icmp(45) " fcode="icmp"/>
<opset="icmp_ln636/3 "/>
</bind>
</comp>

<comp id="512" class="1004" name="nibble_idx_fu_512">
<pin_list>
<pin id="513" dir="0" index="0" bw="9" slack="0"/>
<pin id="514" dir="0" index="1" bw="8" slack="0"/>
<pin id="515" dir="1" index="2" bw="9" slack="0"/>
</pin_list>
<bind>
<opcode="add(8) " fcode="add"/>
<opset="nibble_idx/4 "/>
</bind>
</comp>

<comp id="517" class="1004" name="tmp_77_fu_517">
<pin_list>
<pin id="518" dir="0" index="0" bw="1" slack="0"/>
<pin id="519" dir="0" index="1" bw="9" slack="0"/>
<pin id="520" dir="0" index="2" bw="5" slack="0"/>
<pin id="521" dir="1" index="3" bw="1" slack="0"/>
</pin_list>
<bind>
<opcode="bitselect(1000) " fcode="bitselect"/>
<opset="tmp_77/4 "/>
</bind>
</comp>

<comp id="525" class="1004" name="sub_ln580_fu_525">
<pin_list>
<pin id="526" dir="0" index="0" bw="8" slack="0"/>
<pin id="527" dir="0" index="1" bw="9" slack="0"/>
<pin id="528" dir="1" index="2" bw="9" slack="0"/>
</pin_list>
<bind>
<opcode="sub(10) " fcode="sub"/>
<opset="sub_ln580/4 "/>
</bind>
</comp>

<comp id="530" class="1004" name="lshr_ln580_3_fu_530">
<pin_list>
<pin id="531" dir="0" index="0" bw="8" slack="0"/>
<pin id="532" dir="0" index="1" bw="9" slack="0"/>
<pin id="533" dir="0" index="2" bw="1" slack="0"/>
<pin id="534" dir="0" index="3" bw="5" slack="0"/>
<pin id="535" dir="1" index="4" bw="8" slack="0"/>
</pin_list>
<bind>
<opcode="partselect(1002) " fcode="partselect"/>
<opset="lshr_ln580_3/4 "/>
</bind>
</comp>

<comp id="540" class="1004" name="zext_ln580_fu_540">
<pin_list>
<pin id="541" dir="0" index="0" bw="8" slack="0"/>
<pin id="542" dir="1" index="1" bw="9" slack="0"/>
</pin_list>
<bind>
<opcode="zext(34) " fcode="zext"/>
<opset="zext_ln580/4 "/>
</bind>
</comp>

<comp id="544" class="1004" name="sub_ln580_1_fu_544">
<pin_list>
<pin id="545" dir="0" index="0" bw="1" slack="0"/>
<pin id="546" dir="0" index="1" bw="8" slack="0"/>
<pin id="547" dir="1" index="2" bw="9" slack="0"/>
</pin_list>
<bind>
<opcode="sub(10) " fcode="sub"/>
<opset="sub_ln580_1/4 "/>
</bind>
</comp>

<comp id="550" class="1004" name="lshr_ln580_4_fu_550">
<pin_list>
<pin id="551" dir="0" index="0" bw="8" slack="0"/>
<pin id="552" dir="0" index="1" bw="9" slack="0"/>
<pin id="553" dir="0" index="2" bw="1" slack="0"/>
<pin id="554" dir="0" index="3" bw="5" slack="0"/>
<pin id="555" dir="1" index="4" bw="8" slack="0"/>
</pin_list>
<bind>
<opcode="partselect(1002) " fcode="partselect"/>
<opset="lshr_ln580_4/4 "/>
</bind>
</comp>

<comp id="560" class="1004" name="zext_ln580_1_fu_560">
<pin_list>
<pin id="561" dir="0" index="0" bw="8" slack="0"/>
<pin id="562" dir="1" index="1" bw="9" slack="0"/>
</pin_list>
<bind>
<opcode="zext(34) " fcode="zext"/>
<opset="zext_ln580_1/4 "/>
</bind>
</comp>

<comp id="564" class="1004" name="select_ln580_fu_564">
<pin_list>
<pin id="565" dir="0" index="0" bw="1" slack="0"/>
<pin id="566" dir="0" index="1" bw="9" slack="0"/>
<pin id="567" dir="0" index="2" bw="8" slack="0"/>
<pin id="568" dir="1" index="3" bw="9" slack="0"/>
</pin_list>
<bind>
<opcode="select(49) " fcode="select"/>
<opset="select_ln580/4 "/>
</bind>
</comp>

<comp id="572" class="1004" name="zext_ln581_fu_572">
<pin_list>
<pin id="573" dir="0" index="0" bw="9" slack="0"/>
<pin id="574" dir="1" index="1" bw="64" slack="0"/>
</pin_list>
<bind>
<opcode="zext(34) " fcode="zext"/>
<opset="zext_ln581/4 "/>
</bind>
</comp>

<comp id="577" class="1004" name="cmp612_fu_577">
<pin_list>
<pin id="578" dir="0" index="0" bw="6" slack="4"/>
<pin id="579" dir="0" index="1" bw="4" slack="0"/>
<pin id="580" dir="1" index="2" bw="1" slack="0"/>
</pin_list>
<bind>
<opcode="icmp(45) " fcode="icmp"/>
<opset="cmp612/5 "/>
</bind>
</comp>

<comp id="582" class="1004" name="p_shl_fu_582">
<pin_list>
<pin id="583" dir="0" index="0" bw="10" slack="0"/>
<pin id="584" dir="0" index="1" bw="6" slack="4"/>
<pin id="585" dir="0" index="2" bw="1" slack="0"/>
<pin id="586" dir="1" index="3" bw="10" slack="0"/>
</pin_list>
<bind>
<opcode="bitconcatenate(1004) " fcode="bitconcatenate"/>
<opset="p_shl/5 "/>
</bind>
</comp>

<comp id="589" class="1004" name="tmp_fu_589">
<pin_list>
<pin id="590" dir="0" index="0" bw="8" slack="0"/>
<pin id="591" dir="0" index="1" bw="6" slack="4"/>
<pin id="592" dir="0" index="2" bw="1" slack="0"/>
<pin id="593" dir="1" index="3" bw="8" slack="0"/>
</pin_list>
<bind>
<opcode="bitconcatenate(1004) " fcode="bitconcatenate"/>
<opset="tmp/5 "/>
</bind>
</comp>

<comp id="596" class="1004" name="p_shl6_fu_596">
<pin_list>
<pin id="597" dir="0" index="0" bw="8" slack="0"/>
<pin id="598" dir="1" index="1" bw="10" slack="0"/>
</pin_list>
<bind>
<opcode="zext(34) " fcode="zext"/>
<opset="p_shl6/5 "/>
</bind>
</comp>

<comp id="600" class="1004" name="p_udiv1931_fu_600">
<pin_list>
<pin id="601" dir="0" index="0" bw="10" slack="0"/>
<pin id="602" dir="0" index="1" bw="8" slack="0"/>
<pin id="603" dir="1" index="2" bw="10" slack="0"/>
</pin_list>
<bind>
<opcode="sub(10) " fcode="sub"/>
<opset="p_udiv1931/5 "/>
</bind>
</comp>

<comp id="606" class="1004" name="and_ln636_fu_606">
<pin_list>
<pin id="607" dir="0" index="0" bw="1" slack="0"/>
<pin id="608" dir="0" index="1" bw="1" slack="2"/>
<pin id="609" dir="1" index="2" bw="1" slack="0"/>
</pin_list>
<bind>
<opcode="and(23) " fcode="and"/>
<opset="and_ln636/5 "/>
</bind>
</comp>

<comp id="611" class="1004" name="zext_ln642_fu_611">
<pin_list>
<pin id="612" dir="0" index="0" bw="4" slack="4"/>
<pin id="613" dir="1" index="1" bw="10" slack="0"/>
</pin_list>
<bind>
<opcode="zext(34) " fcode="zext"/>
<opset="zext_ln642/5 "/>
</bind>
</comp>

<comp id="614" class="1004" name="add_ln642_fu_614">
<pin_list>
<pin id="615" dir="0" index="0" bw="4" slack="0"/>
<pin id="616" dir="0" index="1" bw="10" slack="0"/>
<pin id="617" dir="1" index="2" bw="10" slack="0"/>
</pin_list>
<bind>
<opcode="add(8) " fcode="add"/>
<opset="add_ln642/5 "/>
</bind>
</comp>

<comp id="620" class="1004" name="zext_ln642_1_fu_620">
<pin_list>
<pin id="621" dir="0" index="0" bw="10" slack="0"/>
<pin id="622" dir="1" index="1" bw="64" slack="0"/>
</pin_list>
<bind>
<opcode="zext(34) " fcode="zext"/>
<opset="zext_ln642_1/5 "/>
</bind>
</comp>

<comp id="640" class="1004" name="trunc_ln579_fu_640">
<pin_list>
<pin id="641" dir="0" index="0" bw="9" slack="1"/>
<pin id="642" dir="1" index="1" bw="1" slack="0"/>
</pin_list>
<bind>
<opcode="trunc(33) " fcode="trunc"/>
<opset="trunc_ln579/5 "/>
</bind>
</comp>

<comp id="643" class="1004" name="tmp_s_fu_643">
<pin_list>
<pin id="644" dir="0" index="0" bw="4" slack="0"/>
<pin id="645" dir="0" index="1" bw="8" slack="0"/>
<pin id="646" dir="0" index="2" bw="4" slack="0"/>
<pin id="647" dir="0" index="3" bw="4" slack="0"/>
<pin id="648" dir="1" index="4" bw="4" slack="0"/>
</pin_list>
<bind>
<opcode="partselect(1002) " fcode="partselect"/>
<opset="tmp_s/5 "/>
</bind>
</comp>

<comp id="653" class="1004" name="trunc_ln582_fu_653">
<pin_list>
<pin id="654" dir="0" index="0" bw="8" slack="0"/>
<pin id="655" dir="1" index="1" bw="4" slack="0"/>
</pin_list>
<bind>
<opcode="trunc(33) " fcode="trunc"/>
<opset="trunc_ln582/5 "/>
</bind>
</comp>

<comp id="657" class="1004" name="nibble_fu_657">
<pin_list>
<pin id="658" dir="0" index="0" bw="1" slack="0"/>
<pin id="659" dir="0" index="1" bw="4" slack="0"/>
<pin id="660" dir="0" index="2" bw="4" slack="0"/>
<pin id="661" dir="1" index="3" bw="4" slack="0"/>
</pin_list>
<bind>
<opcode="select(49) " fcode="select"/>
<opset="nibble/5 "/>
</bind>
</comp>

<comp id="665" class="1004" name="storemerge1116_fu_665">
<pin_list>
<pin id="666" dir="0" index="0" bw="1" slack="0"/>
<pin id="667" dir="0" index="1" bw="4" slack="0"/>
<pin id="668" dir="0" index="2" bw="1" slack="0"/>
<pin id="669" dir="1" index="3" bw="4" slack="0"/>
</pin_list>
<bind>
<opcode="select(49) " fcode="select"/>
<opset="storemerge1116/5 "/>
</bind>
</comp>

<comp id="689" class="1007" name="grp_fu_689">
<pin_list>
<pin id="690" dir="0" index="0" bw="6" slack="0"/>
<pin id="691" dir="0" index="1" bw="5" slack="0"/>
<pin id="692" dir="0" index="2" bw="8" slack="0"/>
<pin id="693" dir="1" index="3" bw="9" slack="0"/>
</pin_list>
<bind>
<opcode="muladd(1172) " fcode="muladd"/>
<opset="empty/1 add_ln638/3 "/>
</bind>
</comp>

<comp id="699" class="1005" name="i_reg_699">
<pin_list>
<pin id="700" dir="0" index="0" bw="8" slack="0"/>
<pin id="701" dir="1" index="1" bw="8" slack="0"/>
</pin_list>
<bind>
<opset="i "/>
</bind>
</comp>

<comp id="706" class="1005" name="out_idx_reg_706">
<pin_list>
<pin id="707" dir="0" index="0" bw="6" slack="0"/>
<pin id="708" dir="1" index="1" bw="6" slack="0"/>
</pin_list>
<bind>
<opset="out_idx "/>
</bind>
</comp>

<comp id="713" class="1005" name="indvar_flatten13_reg_713">
<pin_list>
<pin id="714" dir="0" index="0" bw="14" slack="0"/>
<pin id="715" dir="1" index="1" bw="14" slack="0"/>
</pin_list>
<bind>
<opset="indvar_flatten13 "/>
</bind>
</comp>

<comp id="720" class="1005" name="icmp_ln633_reg_720">
<pin_list>
<pin id="721" dir="0" index="0" bw="1" slack="3"/>
<pin id="722" dir="1" index="1" bw="1" slack="2147483647"/>
</pin_list>
<bind>
<opset="icmp_ln633 "/>
</bind>
</comp>

<comp id="724" class="1005" name="select_ln633_reg_724">
<pin_list>
<pin id="725" dir="0" index="0" bw="8" slack="2"/>
<pin id="726" dir="1" index="1" bw="8" slack="2"/>
</pin_list>
<bind>
<opset="select_ln633 "/>
</bind>
</comp>

<comp id="730" class="1005" name="select_ln633_1_reg_730">
<pin_list>
<pin id="731" dir="0" index="0" bw="6" slack="4"/>
<pin id="732" dir="1" index="1" bw="6" slack="4"/>
</pin_list>
<bind>
<opset="select_ln633_1 "/>
</bind>
</comp>

<comp id="737" class="1005" name="out_idx_2_cast239_reg_737">
<pin_list>
<pin id="738" dir="0" index="0" bw="9" slack="1"/>
<pin id="739" dir="1" index="1" bw="9" slack="1"/>
</pin_list>
<bind>
<opset="out_idx_2_cast239 "/>
</bind>
</comp>

<comp id="742" class="1005" name="trunc_ln634_reg_742">
<pin_list>
<pin id="743" dir="0" index="0" bw="4" slack="4"/>
<pin id="744" dir="1" index="1" bw="4" slack="2147483647"/>
</pin_list>
<bind>
<opset="trunc_ln634 "/>
</bind>
</comp>

<comp id="746" class="1005" name="lshr_ln_reg_746">
<pin_list>
<pin id="747" dir="0" index="0" bw="4" slack="4"/>
<pin id="748" dir="1" index="1" bw="4" slack="4"/>
</pin_list>
<bind>
<opset="lshr_ln "/>
</bind>
</comp>

<comp id="751" class="1005" name="zext_ln634_reg_751">
<pin_list>
<pin id="752" dir="0" index="0" bw="9" slack="1"/>
<pin id="753" dir="1" index="1" bw="9" slack="1"/>
</pin_list>
<bind>
<opset="zext_ln634 "/>
</bind>
</comp>

<comp id="756" class="1005" name="icmp_ln636_reg_756">
<pin_list>
<pin id="757" dir="0" index="0" bw="1" slack="2"/>
<pin id="758" dir="1" index="1" bw="1" slack="2"/>
</pin_list>
<bind>
<opset="icmp_ln636 "/>
</bind>
</comp>

<comp id="761" class="1005" name="nibble_idx_reg_761">
<pin_list>
<pin id="762" dir="0" index="0" bw="9" slack="1"/>
<pin id="763" dir="1" index="1" bw="9" slack="1"/>
</pin_list>
<bind>
<opset="nibble_idx "/>
</bind>
</comp>

<comp id="766" class="1005" name="in_buf_addr_reg_766">
<pin_list>
<pin id="767" dir="0" index="0" bw="13" slack="1"/>
<pin id="768" dir="1" index="1" bw="13" slack="1"/>
</pin_list>
<bind>
<opset="in_buf_addr "/>
</bind>
</comp>

</comp_list>

<net_list>
<net id="137"><net_src comp="34" pin="0"/><net_sink comp="134" pin=0"/></net>

<net id="141"><net_src comp="34" pin="0"/><net_sink comp="138" pin=0"/></net>

<net id="145"><net_src comp="34" pin="0"/><net_sink comp="142" pin=0"/></net>

<net id="151"><net_src comp="0" pin="0"/><net_sink comp="146" pin=0"/></net>

<net id="152"><net_src comp="114" pin="0"/><net_sink comp="146" pin=1"/></net>

<net id="158"><net_src comp="146" pin="3"/><net_sink comp="153" pin=0"/></net>

<net id="164"><net_src comp="2" pin="0"/><net_sink comp="159" pin=0"/></net>

<net id="165"><net_src comp="114" pin="0"/><net_sink comp="159" pin=1"/></net>

<net id="171"><net_src comp="4" pin="0"/><net_sink comp="166" pin=0"/></net>

<net id="172"><net_src comp="114" pin="0"/><net_sink comp="166" pin=1"/></net>

<net id="178"><net_src comp="6" pin="0"/><net_sink comp="173" pin=0"/></net>

<net id="179"><net_src comp="114" pin="0"/><net_sink comp="173" pin=1"/></net>

<net id="185"><net_src comp="8" pin="0"/><net_sink comp="180" pin=0"/></net>

<net id="186"><net_src comp="114" pin="0"/><net_sink comp="180" pin=1"/></net>

<net id="192"><net_src comp="10" pin="0"/><net_sink comp="187" pin=0"/></net>

<net id="193"><net_src comp="114" pin="0"/><net_sink comp="187" pin=1"/></net>

<net id="199"><net_src comp="12" pin="0"/><net_sink comp="194" pin=0"/></net>

<net id="200"><net_src comp="114" pin="0"/><net_sink comp="194" pin=1"/></net>

<net id="206"><net_src comp="14" pin="0"/><net_sink comp="201" pin=0"/></net>

<net id="207"><net_src comp="114" pin="0"/><net_sink comp="201" pin=1"/></net>

<net id="213"><net_src comp="16" pin="0"/><net_sink comp="208" pin=0"/></net>

<net id="214"><net_src comp="114" pin="0"/><net_sink comp="208" pin=1"/></net>

<net id="220"><net_src comp="18" pin="0"/><net_sink comp="215" pin=0"/></net>

<net id="221"><net_src comp="114" pin="0"/><net_sink comp="215" pin=1"/></net>

<net id="227"><net_src comp="20" pin="0"/><net_sink comp="222" pin=0"/></net>

<net id="228"><net_src comp="114" pin="0"/><net_sink comp="222" pin=1"/></net>

<net id="234"><net_src comp="22" pin="0"/><net_sink comp="229" pin=0"/></net>

<net id="235"><net_src comp="114" pin="0"/><net_sink comp="229" pin=1"/></net>

<net id="241"><net_src comp="24" pin="0"/><net_sink comp="236" pin=0"/></net>

<net id="242"><net_src comp="114" pin="0"/><net_sink comp="236" pin=1"/></net>

<net id="248"><net_src comp="26" pin="0"/><net_sink comp="243" pin=0"/></net>

<net id="249"><net_src comp="114" pin="0"/><net_sink comp="243" pin=1"/></net>

<net id="255"><net_src comp="28" pin="0"/><net_sink comp="250" pin=0"/></net>

<net id="256"><net_src comp="114" pin="0"/><net_sink comp="250" pin=1"/></net>

<net id="262"><net_src comp="30" pin="0"/><net_sink comp="257" pin=0"/></net>

<net id="263"><net_src comp="114" pin="0"/><net_sink comp="257" pin=1"/></net>

<net id="269"><net_src comp="32" pin="0"/><net_sink comp="264" pin=0"/></net>

<net id="270"><net_src comp="114" pin="0"/><net_sink comp="264" pin=1"/></net>

<net id="276"><net_src comp="257" pin="3"/><net_sink comp="271" pin=0"/></net>

<net id="282"><net_src comp="250" pin="3"/><net_sink comp="277" pin=0"/></net>

<net id="288"><net_src comp="243" pin="3"/><net_sink comp="283" pin=0"/></net>

<net id="294"><net_src comp="236" pin="3"/><net_sink comp="289" pin=0"/></net>

<net id="300"><net_src comp="229" pin="3"/><net_sink comp="295" pin=0"/></net>

<net id="306"><net_src comp="222" pin="3"/><net_sink comp="301" pin=0"/></net>

<net id="312"><net_src comp="215" pin="3"/><net_sink comp="307" pin=0"/></net>

<net id="318"><net_src comp="208" pin="3"/><net_sink comp="313" pin=0"/></net>

<net id="324"><net_src comp="201" pin="3"/><net_sink comp="319" pin=0"/></net>

<net id="330"><net_src comp="194" pin="3"/><net_sink comp="325" pin=0"/></net>

<net id="336"><net_src comp="187" pin="3"/><net_sink comp="331" pin=0"/></net>

<net id="342"><net_src comp="180" pin="3"/><net_sink comp="337" pin=0"/></net>

<net id="348"><net_src comp="173" pin="3"/><net_sink comp="343" pin=0"/></net>

<net id="354"><net_src comp="166" pin="3"/><net_sink comp="349" pin=0"/></net>

<net id="360"><net_src comp="159" pin="3"/><net_sink comp="355" pin=0"/></net>

<net id="366"><net_src comp="264" pin="3"/><net_sink comp="361" pin=0"/></net>

<net id="371"><net_src comp="46" pin="0"/><net_sink comp="367" pin=0"/></net>

<net id="376"><net_src comp="48" pin="0"/><net_sink comp="372" pin=0"/></net>

<net id="381"><net_src comp="50" pin="0"/><net_sink comp="377" pin=0"/></net>

<net id="389"><net_src comp="382" pin="1"/><net_sink comp="385" pin=0"/></net>

<net id="390"><net_src comp="52" pin="0"/><net_sink comp="385" pin=1"/></net>

<net id="395"><net_src comp="382" pin="1"/><net_sink comp="391" pin=0"/></net>

<net id="396"><net_src comp="54" pin="0"/><net_sink comp="391" pin=1"/></net>

<net id="407"><net_src comp="397" pin="1"/><net_sink comp="403" pin=0"/></net>

<net id="408"><net_src comp="56" pin="0"/><net_sink comp="403" pin=1"/></net>

<net id="414"><net_src comp="403" pin="2"/><net_sink comp="409" pin=0"/></net>

<net id="415"><net_src comp="50" pin="0"/><net_sink comp="409" pin=1"/></net>

<net id="416"><net_src comp="397" pin="1"/><net_sink comp="409" pin=2"/></net>

<net id="421"><net_src comp="400" pin="1"/><net_sink comp="417" pin=0"/></net>

<net id="422"><net_src comp="58" pin="0"/><net_sink comp="417" pin=1"/></net>

<net id="428"><net_src comp="403" pin="2"/><net_sink comp="423" pin=0"/></net>

<net id="429"><net_src comp="417" pin="2"/><net_sink comp="423" pin=1"/></net>

<net id="430"><net_src comp="400" pin="1"/><net_sink comp="423" pin=2"/></net>

<net id="434"><net_src comp="423" pin="3"/><net_sink comp="431" pin=0"/></net>

<net id="438"><net_src comp="409" pin="3"/><net_sink comp="435" pin=0"/></net>

<net id="445"><net_src comp="62" pin="0"/><net_sink comp="439" pin=0"/></net>

<net id="446"><net_src comp="409" pin="3"/><net_sink comp="439" pin=1"/></net>

<net id="447"><net_src comp="64" pin="0"/><net_sink comp="439" pin=2"/></net>

<net id="448"><net_src comp="66" pin="0"/><net_sink comp="439" pin=3"/></net>

<net id="467"><net_src comp="435" pin="1"/><net_sink comp="449" pin=0"/></net>

<net id="468"><net_src comp="68" pin="0"/><net_sink comp="449" pin=1"/></net>

<net id="469"><net_src comp="70" pin="0"/><net_sink comp="449" pin=2"/></net>

<net id="470"><net_src comp="72" pin="0"/><net_sink comp="449" pin=3"/></net>

<net id="471"><net_src comp="74" pin="0"/><net_sink comp="449" pin=4"/></net>

<net id="472"><net_src comp="76" pin="0"/><net_sink comp="449" pin=5"/></net>

<net id="473"><net_src comp="78" pin="0"/><net_sink comp="449" pin=6"/></net>

<net id="474"><net_src comp="80" pin="0"/><net_sink comp="449" pin=7"/></net>

<net id="475"><net_src comp="82" pin="0"/><net_sink comp="449" pin=8"/></net>

<net id="476"><net_src comp="84" pin="0"/><net_sink comp="449" pin=9"/></net>

<net id="477"><net_src comp="86" pin="0"/><net_sink comp="449" pin=10"/></net>

<net id="478"><net_src comp="88" pin="0"/><net_sink comp="449" pin=11"/></net>

<net id="479"><net_src comp="90" pin="0"/><net_sink comp="449" pin=12"/></net>

<net id="480"><net_src comp="92" pin="0"/><net_sink comp="449" pin=13"/></net>

<net id="481"><net_src comp="94" pin="0"/><net_sink comp="449" pin=14"/></net>

<net id="482"><net_src comp="96" pin="0"/><net_sink comp="449" pin=15"/></net>

<net id="487"><net_src comp="409" pin="3"/><net_sink comp="483" pin=0"/></net>

<net id="488"><net_src comp="98" pin="0"/><net_sink comp="483" pin=1"/></net>

<net id="493"><net_src comp="391" pin="2"/><net_sink comp="489" pin=0"/></net>

<net id="498"><net_src comp="423" pin="3"/><net_sink comp="494" pin=0"/></net>

<net id="503"><net_src comp="483" pin="2"/><net_sink comp="499" pin=0"/></net>

<net id="511"><net_src comp="100" pin="0"/><net_sink comp="507" pin=1"/></net>

<net id="516"><net_src comp="102" pin="0"/><net_sink comp="512" pin=1"/></net>

<net id="522"><net_src comp="104" pin="0"/><net_sink comp="517" pin=0"/></net>

<net id="523"><net_src comp="512" pin="2"/><net_sink comp="517" pin=1"/></net>

<net id="524"><net_src comp="106" pin="0"/><net_sink comp="517" pin=2"/></net>

<net id="529"><net_src comp="108" pin="0"/><net_sink comp="525" pin=0"/></net>

<net id="536"><net_src comp="110" pin="0"/><net_sink comp="530" pin=0"/></net>

<net id="537"><net_src comp="525" pin="2"/><net_sink comp="530" pin=1"/></net>

<net id="538"><net_src comp="34" pin="0"/><net_sink comp="530" pin=2"/></net>

<net id="539"><net_src comp="106" pin="0"/><net_sink comp="530" pin=3"/></net>

<net id="543"><net_src comp="530" pin="4"/><net_sink comp="540" pin=0"/></net>

<net id="548"><net_src comp="112" pin="0"/><net_sink comp="544" pin=0"/></net>

<net id="549"><net_src comp="540" pin="1"/><net_sink comp="544" pin=1"/></net>

<net id="556"><net_src comp="110" pin="0"/><net_sink comp="550" pin=0"/></net>

<net id="557"><net_src comp="512" pin="2"/><net_sink comp="550" pin=1"/></net>

<net id="558"><net_src comp="34" pin="0"/><net_sink comp="550" pin=2"/></net>

<net id="559"><net_src comp="106" pin="0"/><net_sink comp="550" pin=3"/></net>

<net id="563"><net_src comp="550" pin="4"/><net_sink comp="560" pin=0"/></net>

<net id="569"><net_src comp="517" pin="3"/><net_sink comp="564" pin=0"/></net>

<net id="570"><net_src comp="544" pin="2"/><net_sink comp="564" pin=1"/></net>

<net id="571"><net_src comp="560" pin="1"/><net_sink comp="564" pin=2"/></net>

<net id="575"><net_src comp="564" pin="3"/><net_sink comp="572" pin=0"/></net>

<net id="576"><net_src comp="572" pin="1"/><net_sink comp="146" pin=2"/></net>

<net id="581"><net_src comp="124" pin="0"/><net_sink comp="577" pin=1"/></net>

<net id="587"><net_src comp="126" pin="0"/><net_sink comp="582" pin=0"/></net>

<net id="588"><net_src comp="68" pin="0"/><net_sink comp="582" pin=2"/></net>

<net id="594"><net_src comp="128" pin="0"/><net_sink comp="589" pin=0"/></net>

<net id="595"><net_src comp="130" pin="0"/><net_sink comp="589" pin=2"/></net>

<net id="599"><net_src comp="589" pin="3"/><net_sink comp="596" pin=0"/></net>

<net id="604"><net_src comp="582" pin="3"/><net_sink comp="600" pin=0"/></net>

<net id="605"><net_src comp="596" pin="1"/><net_sink comp="600" pin=1"/></net>

<net id="610"><net_src comp="577" pin="2"/><net_sink comp="606" pin=0"/></net>

<net id="618"><net_src comp="611" pin="1"/><net_sink comp="614" pin=0"/></net>

<net id="619"><net_src comp="600" pin="2"/><net_sink comp="614" pin=1"/></net>

<net id="623"><net_src comp="614" pin="2"/><net_sink comp="620" pin=0"/></net>

<net id="624"><net_src comp="620" pin="1"/><net_sink comp="159" pin=2"/></net>

<net id="625"><net_src comp="620" pin="1"/><net_sink comp="166" pin=2"/></net>

<net id="626"><net_src comp="620" pin="1"/><net_sink comp="173" pin=2"/></net>

<net id="627"><net_src comp="620" pin="1"/><net_sink comp="180" pin=2"/></net>

<net id="628"><net_src comp="620" pin="1"/><net_sink comp="187" pin=2"/></net>

<net id="629"><net_src comp="620" pin="1"/><net_sink comp="194" pin=2"/></net>

<net id="630"><net_src comp="620" pin="1"/><net_sink comp="201" pin=2"/></net>

<net id="631"><net_src comp="620" pin="1"/><net_sink comp="208" pin=2"/></net>

<net id="632"><net_src comp="620" pin="1"/><net_sink comp="215" pin=2"/></net>

<net id="633"><net_src comp="620" pin="1"/><net_sink comp="222" pin=2"/></net>

<net id="634"><net_src comp="620" pin="1"/><net_sink comp="229" pin=2"/></net>

<net id="635"><net_src comp="620" pin="1"/><net_sink comp="236" pin=2"/></net>

<net id="636"><net_src comp="620" pin="1"/><net_sink comp="243" pin=2"/></net>

<net id="637"><net_src comp="620" pin="1"/><net_sink comp="250" pin=2"/></net>

<net id="638"><net_src comp="620" pin="1"/><net_sink comp="257" pin=2"/></net>

<net id="639"><net_src comp="620" pin="1"/><net_sink comp="264" pin=2"/></net>

<net id="649"><net_src comp="62" pin="0"/><net_sink comp="643" pin=0"/></net>

<net id="650"><net_src comp="153" pin="3"/><net_sink comp="643" pin=1"/></net>

<net id="651"><net_src comp="64" pin="0"/><net_sink comp="643" pin=2"/></net>

<net id="652"><net_src comp="66" pin="0"/><net_sink comp="643" pin=3"/></net>

<net id="656"><net_src comp="153" pin="3"/><net_sink comp="653" pin=0"/></net>

<net id="662"><net_src comp="640" pin="1"/><net_sink comp="657" pin=0"/></net>

<net id="663"><net_src comp="643" pin="4"/><net_sink comp="657" pin=1"/></net>

<net id="664"><net_src comp="653" pin="1"/><net_sink comp="657" pin=2"/></net>

<net id="670"><net_src comp="606" pin="2"/><net_sink comp="665" pin=0"/></net>

<net id="671"><net_src comp="657" pin="3"/><net_sink comp="665" pin=1"/></net>

<net id="672"><net_src comp="68" pin="0"/><net_sink comp="665" pin=2"/></net>

<net id="673"><net_src comp="665" pin="3"/><net_sink comp="271" pin=1"/></net>

<net id="674"><net_src comp="665" pin="3"/><net_sink comp="277" pin=1"/></net>

<net id="675"><net_src comp="665" pin="3"/><net_sink comp="283" pin=1"/></net>

<net id="676"><net_src comp="665" pin="3"/><net_sink comp="289" pin=1"/></net>

<net id="677"><net_src comp="665" pin="3"/><net_sink comp="295" pin=1"/></net>

<net id="678"><net_src comp="665" pin="3"/><net_sink comp="301" pin=1"/></net>

<net id="679"><net_src comp="665" pin="3"/><net_sink comp="307" pin=1"/></net>

<net id="680"><net_src comp="665" pin="3"/><net_sink comp="313" pin=1"/></net>

<net id="681"><net_src comp="665" pin="3"/><net_sink comp="319" pin=1"/></net>

<net id="682"><net_src comp="665" pin="3"/><net_sink comp="325" pin=1"/></net>

<net id="683"><net_src comp="665" pin="3"/><net_sink comp="331" pin=1"/></net>

<net id="684"><net_src comp="665" pin="3"/><net_sink comp="337" pin=1"/></net>

<net id="685"><net_src comp="665" pin="3"/><net_sink comp="343" pin=1"/></net>

<net id="686"><net_src comp="665" pin="3"/><net_sink comp="349" pin=1"/></net>

<net id="687"><net_src comp="665" pin="3"/><net_sink comp="355" pin=1"/></net>

<net id="688"><net_src comp="665" pin="3"/><net_sink comp="361" pin=1"/></net>

<net id="694"><net_src comp="431" pin="1"/><net_sink comp="689" pin=0"/></net>

<net id="695"><net_src comp="60" pin="0"/><net_sink comp="689" pin=1"/></net>

<net id="696"><net_src comp="504" pin="1"/><net_sink comp="689" pin=2"/></net>

<net id="697"><net_src comp="689" pin="3"/><net_sink comp="512" pin=0"/></net>

<net id="698"><net_src comp="689" pin="3"/><net_sink comp="525" pin=1"/></net>

<net id="702"><net_src comp="134" pin="1"/><net_sink comp="699" pin=0"/></net>

<net id="703"><net_src comp="699" pin="1"/><net_sink comp="377" pin=1"/></net>

<net id="704"><net_src comp="699" pin="1"/><net_sink comp="397" pin=0"/></net>

<net id="705"><net_src comp="699" pin="1"/><net_sink comp="499" pin=1"/></net>

<net id="709"><net_src comp="138" pin="1"/><net_sink comp="706" pin=0"/></net>

<net id="710"><net_src comp="706" pin="1"/><net_sink comp="372" pin=1"/></net>

<net id="711"><net_src comp="706" pin="1"/><net_sink comp="400" pin=0"/></net>

<net id="712"><net_src comp="706" pin="1"/><net_sink comp="494" pin=1"/></net>

<net id="716"><net_src comp="142" pin="1"/><net_sink comp="713" pin=0"/></net>

<net id="717"><net_src comp="713" pin="1"/><net_sink comp="367" pin=1"/></net>

<net id="718"><net_src comp="713" pin="1"/><net_sink comp="382" pin=0"/></net>

<net id="719"><net_src comp="713" pin="1"/><net_sink comp="489" pin=1"/></net>

<net id="723"><net_src comp="385" pin="2"/><net_sink comp="720" pin=0"/></net>

<net id="727"><net_src comp="409" pin="3"/><net_sink comp="724" pin=0"/></net>

<net id="728"><net_src comp="724" pin="1"/><net_sink comp="504" pin=0"/></net>

<net id="729"><net_src comp="724" pin="1"/><net_sink comp="507" pin=0"/></net>

<net id="733"><net_src comp="423" pin="3"/><net_sink comp="730" pin=0"/></net>

<net id="734"><net_src comp="730" pin="1"/><net_sink comp="577" pin=0"/></net>

<net id="735"><net_src comp="730" pin="1"/><net_sink comp="582" pin=1"/></net>

<net id="736"><net_src comp="730" pin="1"/><net_sink comp="589" pin=1"/></net>

<net id="740"><net_src comp="431" pin="1"/><net_sink comp="737" pin=0"/></net>

<net id="741"><net_src comp="737" pin="1"/><net_sink comp="689" pin=0"/></net>

<net id="745"><net_src comp="435" pin="1"/><net_sink comp="742" pin=0"/></net>

<net id="749"><net_src comp="439" pin="4"/><net_sink comp="746" pin=0"/></net>

<net id="750"><net_src comp="746" pin="1"/><net_sink comp="611" pin=0"/></net>

<net id="754"><net_src comp="504" pin="1"/><net_sink comp="751" pin=0"/></net>

<net id="755"><net_src comp="751" pin="1"/><net_sink comp="689" pin=0"/></net>

<net id="759"><net_src comp="507" pin="2"/><net_sink comp="756" pin=0"/></net>

<net id="760"><net_src comp="756" pin="1"/><net_sink comp="606" pin=1"/></net>

<net id="764"><net_src comp="512" pin="2"/><net_sink comp="761" pin=0"/></net>

<net id="765"><net_src comp="761" pin="1"/><net_sink comp="640" pin=0"/></net>

<net id="769"><net_src comp="146" pin="3"/><net_sink comp="766" pin=0"/></net>

<net id="770"><net_src comp="766" pin="1"/><net_sink comp="153" pin=0"/></net>

</net_list>

</model> 
---------------- Datapath Model END ------------------

* FSMD analyzer results:
  - Output states:
	Port: compute_controller_bool_bool_unsigned_int_bool_bool_bool_bool_bool_u_99 | {5 }
	Port: compute_controller_bool_bool_unsigned_int_bool_bool_bool_bool_bool_u_98 | {5 }
	Port: compute_controller_bool_bool_unsigned_int_bool_bool_bool_bool_bool_u_97 | {5 }
	Port: compute_controller_bool_bool_unsigned_int_bool_bool_bool_bool_bool_u_96 | {5 }
	Port: compute_controller_bool_bool_unsigned_int_bool_bool_bool_bool_bool_u_95 | {5 }
	Port: compute_controller_bool_bool_unsigned_int_bool_bool_bool_bool_bool_u_94 | {5 }
	Port: compute_controller_bool_bool_unsigned_int_bool_bool_bool_bool_bool_u_93 | {5 }
	Port: compute_controller_bool_bool_unsigned_int_bool_bool_bool_bool_bool_u_92 | {5 }
	Port: compute_controller_bool_bool_unsigned_int_bool_bool_bool_bool_bool_u_91 | {5 }
	Port: compute_controller_bool_bool_unsigned_int_bool_bool_bool_bool_bool_u_90 | {5 }
	Port: p_ZZ18compute_controllerbbjRbS_bS_S_RjPKhPhR12ComputeStateS0_RhS6_S6_S6_S_S_S_S_E_29 | {5 }
	Port: p_ZZ18compute_controllerbbjRbS_bS_S_RjPKhPhR12ComputeStateS0_RhS6_S6_S6_S_S_S_S_E_28 | {5 }
	Port: p_ZZ18compute_controllerbbjRbS_bS_S_RjPKhPhR12ComputeStateS0_RhS6_S6_S6_S_S_S_S_E_27 | {5 }
	Port: p_ZZ18compute_controllerbbjRbS_bS_S_RjPKhPhR12ComputeStateS0_RhS6_S6_S6_S_S_S_S_E_26 | {5 }
	Port: p_ZZ18compute_controllerbbjRbS_bS_S_RjPKhPhR12ComputeStateS0_RhS6_S6_S6_S_S_S_S_E_25 | {5 }
	Port: p_ZZ18compute_controllerbbjRbS_bS_S_RjPKhPhR12ComputeStateS0_RhS6_S6_S6_S_S_S_S_E_24 | {5 }
 - Input state : 
	Port: compute_controller_Pipeline_VITIS_LOOP_633_37_VITIS_LOOP_634_38 : in_buf | {4 5 }
  - Chain level:
	State 1
		store_ln0 : 1
		store_ln633 : 1
		store_ln634 : 1
		indvar_flatten13_load : 1
		icmp_ln633 : 2
		add_ln633 : 2
		br_ln633 : 3
		i_load : 1
		out_idx_load : 1
		icmp_ln634 : 2
		select_ln633 : 3
		add_ln633_1 : 2
		select_ln633_1 : 3
		out_idx_2_cast239 : 4
		empty : 5
		trunc_ln634 : 4
		lshr_ln : 4
		switch_ln634 : 5
		add_ln634 : 4
		store_ln633 : 3
		store_ln633 : 4
		store_ln634 : 5
	State 2
	State 3
		add_ln638 : 1
	State 4
		nibble_idx : 1
		tmp_77 : 2
		sub_ln580 : 1
		lshr_ln580_3 : 2
		zext_ln580 : 3
		sub_ln580_1 : 4
		lshr_ln580_4 : 2
		zext_ln580_1 : 3
		select_ln580 : 5
		zext_ln581 : 6
		in_buf_addr : 7
		byte_val : 8
	State 5
		p_shl6 : 1
		p_udiv1931 : 2
		and_ln636 : 1
		add_ln642 : 3
		zext_ln642_1 : 4
		compute_controller_bool_bool_unsigned_int_bool_bool_bool_bool_bool_u_229 : 5
		compute_controller_bool_bool_unsigned_int_bool_bool_bool_bool_bool_u_230 : 5
		compute_controller_bool_bool_unsigned_int_bool_bool_bool_bool_bool_u_231 : 5
		compute_controller_bool_bool_unsigned_int_bool_bool_bool_bool_bool_u_232 : 5
		compute_controller_bool_bool_unsigned_int_bool_bool_bool_bool_bool_u_233 : 5
		compute_controller_bool_bool_unsigned_int_bool_bool_bool_bool_bool_u_234 : 5
		compute_controller_bool_bool_unsigned_int_bool_bool_bool_bool_bool_u_235 : 5
		compute_controller_bool_bool_unsigned_int_bool_bool_bool_bool_bool_u_236 : 5
		compute_controller_bool_bool_unsigned_int_bool_bool_bool_bool_bool_u_237 : 5
		compute_controller_bool_bool_unsigned_int_bool_bool_bool_bool_bool_u_238 : 5
		p_ZZ18compute_controllerbbjRbS_bS_S_RjPKhPhR12ComputeStateS0_RhS6_S6_S6_S_S_S_S_E_102 : 5
		p_ZZ18compute_controllerbbjRbS_bS_S_RjPKhPhR12ComputeStateS0_RhS6_S6_S6_S_S_S_S_E_103 : 5
		p_ZZ18compute_controllerbbjRbS_bS_S_RjPKhPhR12ComputeStateS0_RhS6_S6_S6_S_S_S_S_E_104 : 5
		p_ZZ18compute_controllerbbjRbS_bS_S_RjPKhPhR12ComputeStateS0_RhS6_S6_S6_S_S_S_S_E_105 : 5
		p_ZZ18compute_controllerbbjRbS_bS_S_RjPKhPhR12ComputeStateS0_RhS6_S6_S6_S_S_S_S_E_106 : 5
		p_ZZ18compute_controllerbbjRbS_bS_S_RjPKhPhR12ComputeStateS0_RhS6_S6_S6_S_S_S_S_E_107 : 5
		tmp_s : 1
		trunc_ln582 : 1
		nibble : 2
		storemerge1116 : 3
		store_ln636 : 6
		store_ln636 : 6
		store_ln636 : 6
		store_ln636 : 6
		store_ln636 : 6
		store_ln636 : 6
		store_ln636 : 6
		store_ln636 : 6
		store_ln636 : 6
		store_ln636 : 6
		store_ln636 : 6
		store_ln636 : 6
		store_ln636 : 6
		store_ln636 : 6
		store_ln636 : 6
		store_ln636 : 6


============================================================
+ Verbose Summary: Datapath Resource usage 
============================================================

* Functional unit list:
|----------|--------------------------|---------|---------|---------|
| Operation|      Functional Unit     |   DSP   |    FF   |   LUT   |
|----------|--------------------------|---------|---------|---------|
|          |     add_ln633_fu_391     |    0    |    0    |    21   |
|          |    add_ln633_1_fu_417    |    0    |    0    |    13   |
|    add   |     add_ln634_fu_483     |    0    |    0    |    15   |
|          |     nibble_idx_fu_512    |    0    |    0    |    16   |
|          |     add_ln642_fu_614     |    0    |    0    |    18   |
|----------|--------------------------|---------|---------|---------|
|          |     icmp_ln633_fu_385    |    0    |    0    |    21   |
|   icmp   |     icmp_ln634_fu_403    |    0    |    0    |    15   |
|          |     icmp_ln636_fu_507    |    0    |    0    |    15   |
|          |       cmp612_fu_577      |    0    |    0    |    13   |
|----------|--------------------------|---------|---------|---------|
|          |     sub_ln580_fu_525     |    0    |    0    |    16   |
|    sub   |    sub_ln580_1_fu_544    |    0    |    0    |    15   |
|          |     p_udiv1931_fu_600    |    0    |    0    |    18   |
|----------|--------------------------|---------|---------|---------|
|          |    select_ln633_fu_409   |    0    |    0    |    8    |
|          |   select_ln633_1_fu_423  |    0    |    0    |    6    |
|  select  |    select_ln580_fu_564   |    0    |    0    |    9    |
|          |       nibble_fu_657      |    0    |    0    |    4    |
|          |   storemerge1116_fu_665  |    0    |    0    |    4    |
|----------|--------------------------|---------|---------|---------|
|    and   |     and_ln636_fu_606     |    0    |    0    |    2    |
|----------|--------------------------|---------|---------|---------|
|  muladd  |        grp_fu_689        |    1    |    0    |    0    |
|----------|--------------------------|---------|---------|---------|
|          | out_idx_2_cast239_fu_431 |    0    |    0    |    0    |
|          |     zext_ln634_fu_504    |    0    |    0    |    0    |
|          |     zext_ln580_fu_540    |    0    |    0    |    0    |
|   zext   |    zext_ln580_1_fu_560   |    0    |    0    |    0    |
|          |     zext_ln581_fu_572    |    0    |    0    |    0    |
|          |       p_shl6_fu_596      |    0    |    0    |    0    |
|          |     zext_ln642_fu_611    |    0    |    0    |    0    |
|          |    zext_ln642_1_fu_620   |    0    |    0    |    0    |
|----------|--------------------------|---------|---------|---------|
|          |    trunc_ln634_fu_435    |    0    |    0    |    0    |
|   trunc  |    trunc_ln579_fu_640    |    0    |    0    |    0    |
|          |    trunc_ln582_fu_653    |    0    |    0    |    0    |
|----------|--------------------------|---------|---------|---------|
|          |      lshr_ln_fu_439      |    0    |    0    |    0    |
|partselect|    lshr_ln580_3_fu_530   |    0    |    0    |    0    |
|          |    lshr_ln580_4_fu_550   |    0    |    0    |    0    |
|          |       tmp_s_fu_643       |    0    |    0    |    0    |
|----------|--------------------------|---------|---------|---------|
|  switch  |    switch_ln634_fu_449   |    0    |    0    |    0    |
|----------|--------------------------|---------|---------|---------|
| bitselect|       tmp_77_fu_517      |    0    |    0    |    0    |
|----------|--------------------------|---------|---------|---------|
|bitconcatenate|       p_shl_fu_582       |    0    |    0    |    0    |
|          |        tmp_fu_589        |    0    |    0    |    0    |
|----------|--------------------------|---------|---------|---------|
|   Total  |                          |    1    |    0    |   229   |
|----------|--------------------------|---------|---------|---------|

Memories:
N/A

* Register list:
+-------------------------+--------+
|                         |   FF   |
+-------------------------+--------+
|        i_reg_699        |    8   |
|    icmp_ln633_reg_720   |    1   |
|    icmp_ln636_reg_756   |    1   |
|   in_buf_addr_reg_766   |   13   |
| indvar_flatten13_reg_713|   14   |
|     lshr_ln_reg_746     |    4   |
|    nibble_idx_reg_761   |    9   |
|out_idx_2_cast239_reg_737|    9   |
|     out_idx_reg_706     |    6   |
|  select_ln633_1_reg_730 |    6   |
|   select_ln633_reg_724  |    8   |
|   trunc_ln634_reg_742   |    4   |
|    zext_ln634_reg_751   |    9   |
+-------------------------+--------+
|          Total          |   92   |
+-------------------------+--------+

* Multiplexer (MUX) list: 
|-------------------|------|------|------|--------||---------||---------||---------|
|        Comp       |  Pin | Size |  BW  | S x BW ||  Delay  ||    FF   ||   LUT   |
|-------------------|------|------|------|--------||---------||---------||---------|
| grp_access_fu_153 |  p0  |   2  |  13  |   26   ||    0    ||    9    |
|     grp_fu_689    |  p0  |   3  |   6  |   18   ||    0    ||    14   |
|-------------------|------|------|------|--------||---------||---------||---------|
|       Total       |      |      |      |   44   ||  0.903  ||    0    ||    23   |
|-------------------|------|------|------|--------||---------||---------||---------|



* Summary:
+-----------+--------+--------+--------+--------+
|           |   DSP  |  Delay |   FF   |   LUT  |
+-----------+--------+--------+--------+--------+
|  Function |    1   |    -   |    0   |   229  |
|   Memory  |    -   |    -   |    -   |    -   |
|Multiplexer|    -   |    0   |    0   |   23   |
|  Register |    -   |    -   |   92   |    -   |
+-----------+--------+--------+--------+--------+
|   Total   |    1   |    0   |   92   |   252  |
+-----------+--------+--------+--------+--------+
