WARNING: [vitis-run 60-2507] Dispatch failed to load the system diagram library librdi_system_diagram. Diagrams will not be produced.
  **** HLS Build v2025.1 6135595
INFO: [HLS 200-2005] Using work_dir /home/luka/Scripting/ELEC_498-Capstone-LiteLM/vitis_simulations/Top_Module/Top_Module/transformer_top 
INFO: [HLS 200-2176] Writing Vitis IDE component file /home/luka/Scripting/ELEC_498-Capstone-LiteLM/vitis_simulations/Top_Module/Top_Module/transformer_top/vitis-comp.json
INFO: [HLS 200-10] Creating and opening component '/home/luka/Scripting/ELEC_498-Capstone-LiteLM/vitis_simulations/Top_Module/Top_Module/transformer_top'.
INFO: [HLS 200-1505] Using default flow_target 'vivado'
Resolution: For help on HLS 200-1505 see docs.xilinx.com/access/sources/dita/topic?Doc_Version=2025.1%20English&url=ug1448-hls-guidance&resourceid=200-1505.html
INFO: [HLS 200-2174] Applying component config ini file /home/luka/Scripting/ELEC_498-Capstone-LiteLM/vitis_simulations/Top_Module/Top_Module/hls_config.cfg
INFO: [HLS 200-1465] Applying config ini 'syn.file=/home/luka/Scripting/ELEC_498-Capstone-LiteLM/HLS-Verilog/top_params.hpp' from /home/luka/Scripting/ELEC_498-Capstone-LiteLM/vitis_simulations/Top_Module/Top_Module/hls_config.cfg(8)
INFO: [HLS 200-10] Adding design file '/home/luka/Scripting/ELEC_498-Capstone-LiteLM/HLS-Verilog/top_params.hpp' to the project
INFO: [HLS 200-1465] Applying config ini 'syn.file=/home/luka/Scripting/ELEC_498-Capstone-LiteLM/HLS-Verilog/top.hpp' from /home/luka/Scripting/ELEC_498-Capstone-LiteLM/vitis_simulations/Top_Module/Top_Module/hls_config.cfg(9)
INFO: [HLS 200-10] Adding design file '/home/luka/Scripting/ELEC_498-Capstone-LiteLM/HLS-Verilog/top.hpp' to the project
INFO: [HLS 200-1465] Applying config ini 'syn.file=/home/luka/Scripting/ELEC_498-Capstone-LiteLM/HLS-Verilog/top.cpp' from /home/luka/Scripting/ELEC_498-Capstone-LiteLM/vitis_simulations/Top_Module/Top_Module/hls_config.cfg(10)
INFO: [HLS 200-10] Adding design file '/home/luka/Scripting/ELEC_498-Capstone-LiteLM/HLS-Verilog/top.cpp' to the project
INFO: [HLS 200-1465] Applying config ini 'syn.file=/home/luka/Scripting/ELEC_498-Capstone-LiteLM/HLS-Verilog/Scheduler_FSM/src-hls/Scheduler_FSM.hpp' from /home/luka/Scripting/ELEC_498-Capstone-LiteLM/vitis_simulations/Top_Module/Top_Module/hls_config.cfg(11)
INFO: [HLS 200-10] Adding design file '/home/luka/Scripting/ELEC_498-Capstone-LiteLM/HLS-Verilog/Scheduler_FSM/src-hls/Scheduler_FSM.hpp' to the project
INFO: [HLS 200-1465] Applying config ini 'syn.file=/home/luka/Scripting/ELEC_498-Capstone-LiteLM/HLS-Verilog/Scheduler_FSM/src-hls/Scheduler_FSM.cpp' from /home/luka/Scripting/ELEC_498-Capstone-LiteLM/vitis_simulations/Top_Module/Top_Module/hls_config.cfg(12)
INFO: [HLS 200-10] Adding design file '/home/luka/Scripting/ELEC_498-Capstone-LiteLM/HLS-Verilog/Scheduler_FSM/src-hls/Scheduler_FSM.cpp' to the project
INFO: [HLS 200-1465] Applying config ini 'syn.file=/home/luka/Scripting/ELEC_498-Capstone-LiteLM/HLS-Verilog/Scheduler_FSM/src-hls/Head_Helpers/head_helpers.hpp' from /home/luka/Scripting/ELEC_498-Capstone-LiteLM/vitis_simulations/Top_Module/Top_Module/hls_config.cfg(13)
INFO: [HLS 200-10] Adding design file '/home/luka/Scripting/ELEC_498-Capstone-LiteLM/HLS-Verilog/Scheduler_FSM/src-hls/Head_Helpers/head_helpers.hpp' to the project
INFO: [HLS 200-1465] Applying config ini 'syn.file=/home/luka/Scripting/ELEC_498-Capstone-LiteLM/HLS-Verilog/Scheduler_FSM/src-hls/Head_Helpers/head_helpers.cpp' from /home/luka/Scripting/ELEC_498-Capstone-LiteLM/vitis_simulations/Top_Module/Top_Module/hls_config.cfg(14)
INFO: [HLS 200-10] Adding design file '/home/luka/Scripting/ELEC_498-Capstone-LiteLM/HLS-Verilog/Scheduler_FSM/src-hls/Head_Helpers/head_helpers.cpp' to the project
INFO: [HLS 200-1465] Applying config ini 'syn.file=/home/luka/Scripting/ELEC_498-Capstone-LiteLM/HLS-Verilog/IRQ_Wizard/IRQ_Wizard.hpp' from /home/luka/Scripting/ELEC_498-Capstone-LiteLM/vitis_simulations/Top_Module/Top_Module/hls_config.cfg(15)
INFO: [HLS 200-10] Adding design file '/home/luka/Scripting/ELEC_498-Capstone-LiteLM/HLS-Verilog/IRQ_Wizard/IRQ_Wizard.hpp' to the project
INFO: [HLS 200-1465] Applying config ini 'syn.file=/home/luka/Scripting/ELEC_498-Capstone-LiteLM/HLS-Verilog/IRQ_Wizard/IRQ_Wizard.cpp' from /home/luka/Scripting/ELEC_498-Capstone-LiteLM/vitis_simulations/Top_Module/Top_Module/hls_config.cfg(16)
INFO: [HLS 200-10] Adding design file '/home/luka/Scripting/ELEC_498-Capstone-LiteLM/HLS-Verilog/IRQ_Wizard/IRQ_Wizard.cpp' to the project
INFO: [HLS 200-1465] Applying config ini 'syn.file=/home/luka/Scripting/ELEC_498-Capstone-LiteLM/HLS-Verilog/ControlMemInterface/ControlMemInterface.hpp' from /home/luka/Scripting/ELEC_498-Capstone-LiteLM/vitis_simulations/Top_Module/Top_Module/hls_config.cfg(17)
INFO: [HLS 200-10] Adding design file '/home/luka/Scripting/ELEC_498-Capstone-LiteLM/HLS-Verilog/ControlMemInterface/ControlMemInterface.hpp' to the project
INFO: [HLS 200-1465] Applying config ini 'syn.file=/home/luka/Scripting/ELEC_498-Capstone-LiteLM/HLS-Verilog/ControlMemInterface/ControlMemInterface.cpp' from /home/luka/Scripting/ELEC_498-Capstone-LiteLM/vitis_simulations/Top_Module/Top_Module/hls_config.cfg(18)
INFO: [HLS 200-10] Adding design file '/home/luka/Scripting/ELEC_498-Capstone-LiteLM/HLS-Verilog/ControlMemInterface/ControlMemInterface.cpp' to the project
INFO: [HLS 200-1465] Applying config ini 'syn.file=/home/luka/Scripting/ELEC_498-Capstone-LiteLM/HLS-Verilog/Transformer_logic/src-hls/compute_controller.hpp' from /home/luka/Scripting/ELEC_498-Capstone-LiteLM/vitis_simulations/Top_Module/Top_Module/hls_config.cfg(19)
INFO: [HLS 200-10] Adding design file '/home/luka/Scripting/ELEC_498-Capstone-LiteLM/HLS-Verilog/Transformer_logic/src-hls/compute_controller.hpp' to the project
INFO: [HLS 200-1465] Applying config ini 'syn.file=/home/luka/Scripting/ELEC_498-Capstone-LiteLM/HLS-Verilog/Transformer_logic/src-hls/compute_controller.cpp' from /home/luka/Scripting/ELEC_498-Capstone-LiteLM/vitis_simulations/Top_Module/Top_Module/hls_config.cfg(20)
INFO: [HLS 200-10] Adding design file '/home/luka/Scripting/ELEC_498-Capstone-LiteLM/HLS-Verilog/Transformer_logic/src-hls/compute_controller.cpp' to the project
INFO: [HLS 200-1465] Applying config ini 'tb.file=/home/luka/Scripting/ELEC_498-Capstone-LiteLM/HLS-Verilog/top_DEBUG_tb.cpp' from /home/luka/Scripting/ELEC_498-Capstone-LiteLM/vitis_simulations/Top_Module/Top_Module/hls_config.cfg(21)
INFO: [HLS 200-10] Adding test bench file '/home/luka/Scripting/ELEC_498-Capstone-LiteLM/HLS-Verilog/top_DEBUG_tb.cpp' to the project
INFO: [HLS 200-1465] Applying config ini 'syn.top=transformer_top' from /home/luka/Scripting/ELEC_498-Capstone-LiteLM/vitis_simulations/Top_Module/Top_Module/hls_config.cfg(7)
INFO: [HLS 200-1465] Applying config ini 'flow_target=vivado' from /home/luka/Scripting/ELEC_498-Capstone-LiteLM/vitis_simulations/Top_Module/Top_Module/hls_config.cfg(4)
INFO: [HLS 200-1505] Using flow_target 'vivado'
Resolution: For help on HLS 200-1505 see docs.xilinx.com/access/sources/dita/topic?Doc_Version=2025.1%20English&url=ug1448-hls-guidance&resourceid=200-1505.html
INFO: [HLS 200-1465] Applying config ini 'part=xck26-sfvc784-2LV-c' from /home/luka/Scripting/ELEC_498-Capstone-LiteLM/vitis_simulations/Top_Module/Top_Module/hls_config.cfg(1)
INFO: [HLS 200-1611] Setting target device to 'xck26-sfvc784-2LV-c'
INFO: [HLS 200-1465] Applying config ini 'clock=10ns' from /home/luka/Scripting/ELEC_498-Capstone-LiteLM/vitis_simulations/Top_Module/Top_Module/hls_config.cfg(22)
INFO: [SYN 201-201] Setting up clock 'default' with a period of 10ns.
INFO: [HLS 200-1465] Applying config ini 'package.output.format=ip_catalog' from /home/luka/Scripting/ELEC_498-Capstone-LiteLM/vitis_simulations/Top_Module/Top_Module/hls_config.cfg(5)
INFO: [HLS 200-2176] Writing Vitis IDE component file /home/luka/Scripting/ELEC_498-Capstone-LiteLM/vitis_simulations/Top_Module/Top_Module/transformer_top/vitis-comp.json
INFO: [SIM 211-2] *************** CSIM start ***************
INFO: [SIM 211-4] CSIM will launch CLANG as the compiler.
INFO: [HLS 200-2036] Building debug C Simulation binaries
   Compiling ../../../../../../../HLS-Verilog/top_DEBUG_tb.cpp in debug mode
   Generating csim.exe
Cycle    Start  Reset  C_St   WL_St  CompInstr    WlInstr      C_Dn   WLDn   | CtrlAddr   | CtrlDin    CtrlDout   Rd       Wr       CE       RstN     | DbgState         WlReq    WlAddr     Seen   IRQ        IRQFlag    IRQData    | MemCtrl    MemIRQ     MemIRQEn   | wl{Sel L H T} dma_addr=DMADone
0        0      0      -      -      0xFFFF0000 0xFFFF0000 -      -      | 0          | 0          0          -        1        1        -        | S_IDLE           -        0x00000000 -      -          -          0x00000000 | 1          0          7          | wl{- 0 -1 -1} dma_addr=0x00000000
1        0      0      -      -      0xFFFF0000 0xFFFF0000 -      -      | 8          | 0          0          -        -        -        -        | S_IDLE           -        0x00000000 -      -          -          0x00000000 | 0          0          7          | wl{- 0 -1 -1} dma_addr=0x00000000
2        0      1      -      -      0x00212BB7 0xFFFF0000 -      -      | 0          | 1          0          -        1        1        1        | S_IDLE           -        0x00000000 -      -          -          0x00000000 | 1          0          7          | wl{- 0 -1 -1} dma_addr=0x00000000
3        0      1      -      -      0x00212BB7 0xFFFF0000 -      -      | 8          | 0          0          -        -        -        1        | S_IDLE           -        0x00000000 -      -          -          0x00000000 | 1          0          7          | wl{- 0 -1 -1} dma_addr=0x00000000
4        0      1      -      -      0x00212BB7 0xFFFF0000 -      -      | 32         | 4096       0          -        1        1        1        | S_IDLE           -        0x00000000 -      -          -          0x00000000 | 1          0          7          | wl{- 0 -1 -1} dma_addr=0x00000000
5        0      1      -      -      0x00212BB7 0xFFFF0000 -      -      | 8          | 0          0          -        -        -        1        | S_IDLE           -        0x00000000 -      -          -          0x00000000 | 1          0          7          | wl{- 0 -1 -1} dma_addr=0x00000000
6        0      1      -      -      0x00212BB7 0xFFFF0000 -      -      | 36         | 256        0          -        1        1        1        | S_IDLE           -        0x00000000 -      -          -          0x00000000 | 1          0          7          | wl{- 0 -1 -1} dma_addr=0x00000000
7        0      1      -      -      0x00212BB7 0xFFFF0000 -      -      | 8          | 0          0          -        -        -        1        | S_IDLE           -        0x00000000 -      -          -          0x00000000 | 1          0          7          | wl{- 0 -1 -1} dma_addr=0x00000000
8        0      1      -      -      0x00212BB7 0xFFFF0000 -      -      | 40         | 256        0          -        1        1        1        | S_IDLE           -        0x00000000 -      -          -          0x00000000 | 1          0          7          | wl{- 0 -1 -1} dma_addr=0x00000000
9        0      1      -      -      0x00212BB7 0xFFFF0000 -      -      | 8          | 0          0          -        -        -        1        | S_IDLE           -        0x00000000 -      -          -          0x00000000 | 1          0          7          | wl{- 0 -1 -1} dma_addr=0x00000000
10       0      1      -      -      0x00212BB7 0xFFFF0000 -      -      | 44         | 256        0          -        1        1        1        | S_IDLE           -        0x00000000 -      -          -          0x00000000 | 1          0          7          | wl{- 0 -1 -1} dma_addr=0x00000000
11       0      1      -      -      0x00212BB7 0xFFFF0000 -      -      | 8          | 0          0          -        -        -        1        | S_IDLE           -        0x00000000 -      -          -          0x00000000 | 1          0          7          | wl{- 0 -1 -1} dma_addr=0x00000000
12       0      1      -      -      0x00212BB7 0xFFFF0000 -      -      | 48         | 1024       0          -        1        1        1        | S_IDLE           -        0x00000000 -      -          -          0x00000000 | 1          0          7          | wl{- 0 -1 -1} dma_addr=0x00000000
13       0      1      -      -      0x00212BB7 0xFFFF0000 -      -      | 8          | 0          0          -        -        -        1        | S_IDLE           -        0x00000000 -      -          -          0x00000000 | 1          0          7          | wl{- 0 -1 -1} dma_addr=0x00000000
14       0      1      -      -      0x00212BB7 0xFFFF0000 -      -      | 52         | 1024       0          -        1        1        1        | S_IDLE           -        0x00000000 -      -          -          0x00000000 | 1          0          7          | wl{- 0 -1 -1} dma_addr=0x00000000
15       0      1      -      -      0x00212BB7 0xFFFF0000 -      -      | 8          | 0          0          -        -        -        1        | S_IDLE           -        0x00000000 -      -          -          0x00000000 | 1          0          7          | wl{- 0 -1 -1} dma_addr=0x00000000
16       0      1      -      -      0x00212BB7 0xFFFF0000 -      -      | 56         | 256        0          -        1        1        1        | S_IDLE           -        0x00000000 -      -          -          0x00000000 | 1          0          7          | wl{- 0 -1 -1} dma_addr=0x00000000
17       0      1      -      -      0x00212BB7 0xFFFF0000 -      -      | 8          | 0          0          -        -        -        1        | S_IDLE           -        0x00000000 -      -          -          0x00000000 | 1          0          7          | wl{- 0 -1 -1} dma_addr=0x00000000
18       0      1      -      -      0x00212BB7 0xFFFF0000 -      -      | 60         | 768        0          -        1        1        1        | S_IDLE           -        0x00000000 -      -          -          0x00000000 | 1          0          7          | wl{- 0 -1 -1} dma_addr=0x00000000
19       0      1      -      -      0x00212BB7 0xFFFF0000 -      -      | 8          | 0          0          -        -        -        1        | S_IDLE           -        0x00000000 -      -          -          0x00000000 | 1          0          7          | wl{- 0 -1 -1} dma_addr=0x00000000
20       0      1      -      -      0x00212BB7 0xFFFF0000 -      -      | 64         | 2048       0          -        1        1        1        | S_IDLE           -        0x00000000 -      -          -          0x00000000 | 1          0          7          | wl{- 0 -1 -1} dma_addr=0x00000000
21       0      1      -      -      0x00212BB7 0xFFFF0000 -      -      | 8          | 0          0          -        -        -        1        | S_IDLE           -        0x00000000 -      -          -          0x00000000 | 1          0          7          | wl{- 0 -1 -1} dma_addr=0x00000000
22       0      1      -      -      0x00212BB7 0xFFFF0000 -      -      | 68         | 268435456  0          -        1        1        1        | S_IDLE           -        0x00000000 -      -          -          0x00000000 | 1          0          7          | wl{- 0 -1 -1} dma_addr=0x00000000
23       0      1      -      -      0x00212BB7 0xFFFF0000 -      -      | 8          | 0          0          -        -        -        1        | S_IDLE           -        0x00000000 -      -          -          0x00000000 | 1          0          7          | wl{- 0 -1 -1} dma_addr=0x00000000
24       0      1      -      -      0x00212BB7 0xFFFF0000 -      -      | 72         | 536870912  0          -        1        1        1        | S_IDLE           -        0x00000000 -      -          -          0x00000000 | 1          0          7          | wl{- 0 -1 -1} dma_addr=0x00000000
25       0      1      -      -      0x00212BB7 0xFFFF0000 -      -      | 8          | 0          0          -        -        -        1        | S_IDLE           -        0x00000000 -      -          -          0x00000000 | 1          0          7          | wl{- 0 -1 -1} dma_addr=0x00000000
26       0      1      -      -      0x00212BB7 0xFFFF0000 -      -      | 76         | 805306368  0          -        1        1        1        | S_IDLE           -        0x00000000 -      -          -          0x00000000 | 1          0          7          | wl{- 0 -1 -1} dma_addr=0x00000000
27       0      1      -      -      0x00212BB7 0xFFFF0000 -      -      | 8          | 0          0          -        -        -        1        | S_IDLE           -        0x00000000 -      -          -          0x00000000 | 1          0          7          | wl{- 0 -1 -1} dma_addr=0x00000000
28       0      1      -      -      0x00212BB7 0xFFFF0000 -      -      | 92         | 1073741824 0          -        1        1        1        | S_IDLE           -        0x00000000 -      -          -          0x00000000 | 1          0          7          | wl{- 0 -1 -1} dma_addr=0x00000000
29       0      1      -      -      0x00212BB7 0xFFFF0000 -      -      | 8          | 0          0          -        -        -        1        | S_IDLE           -        0x00000000 -      -          -          0x00000000 | 1          0          7          | wl{- 0 -1 -1} dma_addr=0x00000000
30       0      1      -      -      0x00212BB7 0xFFFF0000 -      -      | 96         | 1342177280 0          -        1        1        1        | S_IDLE           -        0x00000000 -      -          -          0x00000000 | 1          0          7          | wl{- 0 -1 -1} dma_addr=0x00000000
31       0      1      -      -      0x00212BB7 0xFFFF0000 -      -      | 8          | 0          0          -        -        -        1        | S_IDLE           -        0x00000000 -      -          -          0x00000000 | 1          0          7          | wl{- 0 -1 -1} dma_addr=0x00000000
32       0      1      -      -      0x00212BB7 0xFFFF0000 -      -      | 80         | 1610612736 0          -        1        1        1        | S_IDLE           -        0x00000000 -      -          -          0x00000000 | 1          0          7          | wl{- 0 -1 -1} dma_addr=0x00000000
33       0      1      -      -      0x00212BB7 0xFFFF0000 -      -      | 8          | 0          0          -        -        -        1        | S_IDLE           -        0x00000000 -      -          -          0x00000000 | 1          0          7          | wl{- 0 -1 -1} dma_addr=0x00000000
34       0      1      -      -      0x00212BB7 0xFFFF0000 -      -      | 84         | 1879048192 0          -        1        1        1        | S_IDLE           -        0x00000000 -      -          -          0x00000000 | 1          0          7          | wl{- 0 -1 -1} dma_addr=0x00000000
35       0      1      -      -      0x00212BB7 0xFFFF0000 -      -      | 8          | 0          0          -        -        -        1        | S_IDLE           -        0x00000000 -      -          -          0x00000000 | 1          0          7          | wl{- 0 -1 -1} dma_addr=0x00000000
36       0      1      -      -      0x00212BB7 0xFFFF0000 -      -      | 88         | 2147483648 0          -        1        1        1        | S_IDLE           -        0x00000000 -      -          -          0x00000000 | 1          0          7          | wl{- 0 -1 -1} dma_addr=0x00000000
37       0      1      -      -      0x00212BB7 0xFFFF0000 -      -      | 8          | 0          0          -        -        -        1        | S_IDLE           -        0x00000000 -      -          -          0x00000000 | 1          0          7          | wl{- 0 -1 -1} dma_addr=0x00000000
38       1      1      -      -      0xFFFF0000 0xFFFF0000 -      -      | 0          | 3          0          -        1        1        1        | S_STREAM_IN      -        0x00000000 -      -          -          0x00000000 | 1          0          7          | wl{- 0 -1 -1} dma_addr=0x00000000
39       1      1      -      -      0xFFFF0000 0xFFFF0000 -      -      | 8          | 0          0          -        -        -        1        | S_STREAM_IN      -        0x00000000 -      -          -          0x00000000 | 3          0          7          | wl{- 0 -1 -1} dma_addr=0x00000000
40       0      1      -      -      0x00212BB7 0xFFFF0000 -      -      | 0          | 1          0          -        1        1        1        | S_STREAM_IN      -        0x00000000 -      -          -          0x00000000 | 3          0          7          | wl{- 0 -1 -1} dma_addr=0x00000000
41       0      1      -      -      0x00212BB7 0xFFFF0000 -      -      | 8          | 0          0          -        -        -        1        | S_STREAM_IN      -        0x00000000 -      -          -          0x00000000 | 1          0          7          | wl{- 0 -1 -1} dma_addr=0x00000000
42       0      1      -      -      0x00212BB7 0xFFFF0000 -      -      | 8          | 0          0          1        -        1        1        | S_LAYER_COUNT    -        0x00000000 -      -          -          0x00000000 | 1          0          7          | wl{- 0 -1 -1} dma_addr=0x00000000
43       0      1      -      -      0x00212BB7 0xFFFF0000 -      -      | 8          | 0          0          -        -        -        1        | S_LN_0           -        0x00000000 -      -          -          0x00000000 | 1          0          7          | wl{- 0 -1 -1} dma_addr=0x00000000
44       0      1      1      -      0xFFFF0001 0xFFFF0000 -      -      | 8          | 0          0          1        -        1        1        | S_LN_0           -        0x00000000 -      -          -          0x00000000 | 1          0          7          | wl{- 0 -1 -1} dma_addr=0x00000000
45       0      1      1      -      0xFFFF0001 0xFFFF0000 -      -      | 8          | 0          0          -        -        -        1        | S_LN_0           -        0x00000000 -      -          -          0x00000000 | 1          0          7          | wl{- 0 -1 -1} dma_addr=0x00000000
46       0      1      1      -      0xFFFF0001 0xFFFF0000 -      -      | 8          | 0          0          1        -        1        1        | S_LN_0           -        0x00000000 -      -          -          0x00000000 | 1          0          7          | wl{- 0 -1 -1} dma_addr=0x00000000
47       0      1      1      -      0xFFFF0001 0xFFFF0000 -      -      | 8          | 0          0          -        -        -        1        | S_LN_0           -        0x00000000 -      -          -          0x00000000 | 1          0          7          | wl{- 0 -1 -1} dma_addr=0x00000000
48       0      1      1      -      0xFFFF0001 0xFFFF0000 -      -      | 8          | 0          0          1        -        1        1        | S_LN_0           -        0x00000000 -      -          -          0x00000000 | 1          0          7          | wl{- 0 -1 -1} dma_addr=0x00000000
49       0      1      1      -      0xFFFF0001 0xFFFF0000 -      -      | 8          | 0          0          -        -        -        1        | S_LN_0           -        0x00000000 -      -          -          0x00000000 | 1          0          7          | wl{- 0 -1 -1} dma_addr=0x00000000
50       0      1      1      -      0xFFFF0001 0xFFFF0000 -      -      | 8          | 0          0          1        -        1        1        | S_LN_0           -        0x00000000 -      -          -          0x00000000 | 1          0          7          | wl{- 0 -1 -1} dma_addr=0x00000000
51       0      1      1      -      0xFFFF0001 0xFFFF0000 -      -      | 8          | 0          0          -        -        -        1        | S_LN_0           -        0x00000000 -      -          -          0x00000000 | 1          0          7          | wl{- 0 -1 -1} dma_addr=0x00000000
52       0      1      1      -      0xFFFF0001 0xFFFF0000 -      -      | 8          | 0          0          1        -        1        1        | S_LN_0           -        0x00000000 -      -          -          0x00000000 | 1          0          7          | wl{- 0 -1 -1} dma_addr=0x00000000
53       0      1      1      -      0xFFFF0001 0xFFFF0000 -      -      | 8          | 0          0          -        -        -        1        | S_LN_0           -        0x00000000 -      -          -          0x00000000 | 1          0          7          | wl{- 0 -1 -1} dma_addr=0x00000000
54       0      1      1      -      0xFFFF0001 0xFFFF0000 -      -      | 8          | 0          0          1        -        1        1        | S_LN_0           -        0x00000000 -      -          -          0x00000000 | 1          0          7          | wl{- 0 -1 -1} dma_addr=0x00000000
55       0      1      1      -      0xFFFF0001 0xFFFF0000 -      -      | 8          | 0          0          -        -        -        1        | S_LN_0           -        0x00000000 -      -          -          0x00000000 | 1          0          7          | wl{- 0 -1 -1} dma_addr=0x00000000
56       0      1      1      -      0xFFFF0001 0xFFFF0000 -      -      | 8          | 0          0          1        -        1        1        | S_LN_0           -        0x00000000 -      -          -          0x00000000 | 1          0          7          | wl{- 0 -1 -1} dma_addr=0x00000000
57       0      1      1      -      0xFFFF0001 0xFFFF0000 -      -      | 8          | 0          0          -        -        -        1        | S_LN_0           -        0x00000000 -      -          -          0x00000000 | 1          0          7          | wl{- 0 -1 -1} dma_addr=0x00000000
58       0      1      1      -      0xFFFF0001 0xFFFF0000 -      -      | 8          | 0          0          1        -        1        1        | S_LN_0           -        0x00000000 -      -          -          0x00000000 | 1          0          7          | wl{- 0 -1 -1} dma_addr=0x00000000
59       0      1      1      -      0xFFFF0001 0xFFFF0000 -      -      | 8          | 0          0          -        -        -        1        | S_LN_0           -        0x00000000 -      -          -          0x00000000 | 1          0          7          | wl{- 0 -1 -1} dma_addr=0x00000000
60       0      1      1      -      0xFFFF0001 0xFFFF0000 -      -      | 8          | 0          0          1        -        1        1        | S_LN_0           -        0x00000000 -      -          -          0x00000000 | 1          0          7          | wl{- 0 -1 -1} dma_addr=0x00000000
61       0      1      1      -      0xFFFF0001 0xFFFF0000 -      -      | 8          | 0          0          -        -        -        1        | S_LN_0           -        0x00000000 -      -          -          0x00000000 | 1          0          7          | wl{- 0 -1 -1} dma_addr=0x00000000
62       0      1      1      -      0xFFFF0001 0xFFFF0000 -      -      | 8          | 0          0          1        -        1        1        | S_LN_0           -        0x00000000 -      -          -          0x00000000 | 1          0          7          | wl{- 0 -1 -1} dma_addr=0x00000000
63       0      1      1      -      0xFFFF0001 0xFFFF0000 -      -      | 8          | 0          0          -        -        -        1        | S_LN_0           -        0x00000000 -      -          -          0x00000000 | 1          0          7          | wl{- 0 -1 -1} dma_addr=0x00000000
64       0      1      1      -      0xFFFF0001 0xFFFF0000 -      -      | 8          | 0          0          1        -        1        1        | S_LN_0           -        0x00000000 -      -          -          0x00000000 | 1          0          7          | wl{- 0 -1 -1} dma_addr=0x00000000
65       0      1      1      -      0xFFFF0001 0xFFFF0000 -      -      | 8          | 0          0          -        -        -        1        | S_LN_0           -        0x00000000 -      -          -          0x00000000 | 1          0          7          | wl{- 0 -1 -1} dma_addr=0x00000000
66       0      1      1      -      0xFFFF0001 0xFFFF0000 -      -      | 8          | 0          0          1        -        1        1        | S_LN_0           -        0x00000000 -      -          -          0x00000000 | 1          0          7          | wl{- 0 -1 -1} dma_addr=0x00000000
67       0      1      1      -      0xFFFF0001 0xFFFF0000 -      -      | 8          | 0          0          -        -        -        1        | S_LN_0           -        0x00000000 -      -          -          0x00000000 | 1          0          7          | wl{- 0 -1 -1} dma_addr=0x00000000
68       0      1      1      -      0xFFFF0001 0xFFFF0000 -      -      | 8          | 0          0          1        -        1        1        | S_LN_0           -        0x00000000 -      -          -          0x00000000 | 1          0          7          | wl{- 0 -1 -1} dma_addr=0x00000000
69       0      1      1      -      0xFFFF0001 0xFFFF0000 -      -      | 8          | 0          0          -        -        -        1        | S_LN_0           -        0x00000000 -      -          -          0x00000000 | 1          0          7          | wl{- 0 -1 -1} dma_addr=0x00000000
70       0      1      1      -      0xFFFF0001 0xFFFF0000 -      -      | 8          | 0          0          1        -        1        1        | S_LN_0           -        0x00000000 -      -          -          0x00000000 | 1          0          7          | wl{- 0 -1 -1} dma_addr=0x00000000
71       0      1      1      -      0xFFFF0001 0xFFFF0000 -      -      | 8          | 0          0          -        -        -        1        | S_LN_0           -        0x00000000 -      -          -          0x00000000 | 1          0          7          | wl{- 0 -1 -1} dma_addr=0x00000000
72       0      1      1      -      0xFFFF0001 0xFFFF0000 -      -      | 8          | 0          0          1        -        1        1        | S_LN_0           -        0x00000000 -      -          -          0x00000000 | 1          0          7          | wl{- 0 -1 -1} dma_addr=0x00000000
73       0      1      1      -      0xFFFF0001 0xFFFF0000 -      -      | 8          | 0          0          -        -        -        1        | S_LN_0           -        0x00000000 -      -          -          0x00000000 | 1          0          7          | wl{- 0 -1 -1} dma_addr=0x00000000
74       0      1      1      -      0xFFFF0001 0xFFFF0000 -      -      | 8          | 0          0          1        -        1        1        | S_LN_0           -        0x00000000 -      -          -          0x00000000 | 1          0          7          | wl{- 0 -1 -1} dma_addr=0x00000000
75       0      1      1      -      0xFFFF0001 0xFFFF0000 -      -      | 8          | 0          0          -        -        -        1        | S_LN_0           -        0x00000000 -      -          -          0x00000000 | 1          0          7          | wl{- 0 -1 -1} dma_addr=0x00000000
76       0      1      1      -      0xFFFF0001 0xFFFF0000 -      -      | 8          | 0          0          1        -        1        1        | S_LN_0           -        0x00000000 -      -          -          0x00000000 | 1          0          7          | wl{- 0 -1 -1} dma_addr=0x00000000
77       0      1      1      -      0xFFFF0001 0xFFFF0000 -      -      | 8          | 0          0          -        -        -        1        | S_LN_0           -        0x00000000 -      -          -          0x00000000 | 1          0          7          | wl{- 0 -1 -1} dma_addr=0x00000000
78       0      1      1      -      0xFFFF0001 0xFFFF0000 -      -      | 8          | 0          0          1        -        1        1        | S_LN_0           -        0x00000000 -      -          -          0x00000000 | 1          0          7          | wl{- 0 -1 -1} dma_addr=0x00000000
79       0      1      1      -      0xFFFF0001 0xFFFF0000 -      -      | 8          | 0          0          -        -        -        1        | S_LN_0           -        0x00000000 -      -          -          0x00000000 | 1          0          7          | wl{- 0 -1 -1} dma_addr=0x00000000
80       0      1      1      -      0xFFFF0001 0xFFFF0000 -      -      | 8          | 0          0          1        -        1        1        | S_LN_0           -        0x00000000 -      -          -          0x00000000 | 1          0          7          | wl{- 0 -1 -1} dma_addr=0x00000000
81       0      1      1      -      0xFFFF0001 0xFFFF0000 -      -      | 8          | 0          0          -        -        -        1        | S_LN_0           -        0x00000000 -      -          -          0x00000000 | 1          0          7          | wl{- 0 -1 -1} dma_addr=0x00000000
82       0      1      1      -      0xFFFF0001 0xFFFF0000 -      -      | 8          | 0          0          1        -        1        1        | S_LN_0           -        0x00000000 -      -          -          0x00000000 | 1          0          7          | wl{- 0 -1 -1} dma_addr=0x00000000
83       0      1      1      -      0xFFFF0001 0xFFFF0000 -      -      | 8          | 0          0          -        -        -        1        | S_LN_0           -        0x00000000 -      -          -          0x00000000 | 1          0          7          | wl{- 0 -1 -1} dma_addr=0x00000000
84       0      1      1      -      0xFFFF0001 0xFFFF0000 -      -      | 8          | 0          0          1        -        1        1        | S_LN_0           -        0x00000000 -      -          -          0x00000000 | 1          0          7          | wl{- 0 -1 -1} dma_addr=0x00000000
85       0      1      1      -      0xFFFF0001 0xFFFF0000 -      -      | 8          | 0          0          -        -        -        1        | S_LN_0           -        0x00000000 -      -          -          0x00000000 | 1          0          7          | wl{- 0 -1 -1} dma_addr=0x00000000
86       0      1      1      -      0xFFFF0001 0xFFFF0000 -      -      | 8          | 0          0          1        -        1        1        | S_LN_0           -        0x00000000 -      -          -          0x00000000 | 1          0          7          | wl{- 0 -1 -1} dma_addr=0x00000000
87       0      1      1      -      0xFFFF0001 0xFFFF0000 -      -      | 8          | 0          0          -        -        -        1        | S_LN_0           -        0x00000000 -      -          -          0x00000000 | 1          0          7          | wl{- 0 -1 -1} dma_addr=0x00000000
88       0      1      1      -      0xFFFF0001 0xFFFF0000 -      -      | 8          | 0          0          1        -        1        1        | S_LN_0           -        0x00000000 -      -          -          0x00000000 | 1          0          7          | wl{- 0 -1 -1} dma_addr=0x00000000
89       0      1      1      -      0xFFFF0001 0xFFFF0000 -      -      | 8          | 0          0          -        -        -        1        | S_LN_0           -        0x00000000 -      -          -          0x00000000 | 1          0          7          | wl{- 0 -1 -1} dma_addr=0x00000000
90       0      1      1      -      0xFFFF0001 0xFFFF0000 -      -      | 8          | 0          0          1        -        1        1        | S_LN_0           -        0x00000000 -      -          -          0x00000000 | 1          0          7          | wl{- 0 -1 -1} dma_addr=0x00000000
91       0      1      1      -      0xFFFF0001 0xFFFF0000 -      -      | 8          | 0          0          -        -        -        1        | S_LN_0           -        0x00000000 -      -          -          0x00000000 | 1          0          7          | wl{- 0 -1 -1} dma_addr=0x00000000
92       0      1      1      -      0xFFFF0001 0xFFFF0000 -      -      | 8          | 0          0          1        -        1        1        | S_LN_0           -        0x00000000 -      -          -          0x00000000 | 1          0          7          | wl{- 0 -1 -1} dma_addr=0x00000000
93       0      1      1      -      0xFFFF0001 0xFFFF0000 -      -      | 8          | 0          0          -        -        -        1        | S_LN_0           -        0x00000000 -      -          -          0x00000000 | 1          0          7          | wl{- 0 -1 -1} dma_addr=0x00000000
94       0      1      1      -      0xFFFF0001 0xFFFF0000 -      -      | 8          | 0          0          1        -        1        1        | S_LN_0           -        0x00000000 -      -          -          0x00000000 | 1          0          7          | wl{- 0 -1 -1} dma_addr=0x00000000
95       0      1      1      -      0xFFFF0001 0xFFFF0000 -      -      | 8          | 0          0          -        -        -        1        | S_LN_0           -        0x00000000 -      -          -          0x00000000 | 1          0          7          | wl{- 0 -1 -1} dma_addr=0x00000000
96       0      1      1      -      0xFFFF0001 0xFFFF0000 -      -      | 8          | 0          0          1        -        1        1        | S_LN_0           -        0x00000000 -      -          -          0x00000000 | 1          0          7          | wl{- 0 -1 -1} dma_addr=0x00000000
97       0      1      1      -      0xFFFF0001 0xFFFF0000 -      -      | 8          | 0          0          -        -        -        1        | S_LN_0           -        0x00000000 -      -          -          0x00000000 | 1          0          7          | wl{- 0 -1 -1} dma_addr=0x00000000
98       0      1      1      -      0xFFFF0001 0xFFFF0000 -      -      | 8          | 0          0          1        -        1        1        | S_LN_0           -        0x00000000 -      -          -          0x00000000 | 1          0          7          | wl{- 0 -1 -1} dma_addr=0x00000000
99       0      1      1      -      0xFFFF0001 0xFFFF0000 -      -      | 8          | 0          0          -        -        -        1        | S_LN_0           -        0x00000000 -      -          -          0x00000000 | 1          0          7          | wl{- 0 -1 -1} dma_addr=0x00000000
100      0      1      1      -      0xFFFF0001 0xFFFF0000 -      -      | 8          | 0          0          1        -        1        1        | S_LN_0           -        0x00000000 -      -          -          0x00000000 | 1          0          7          | wl{- 0 -1 -1} dma_addr=0x00000000
101      0      1      1      -      0xFFFF0001 0xFFFF0000 -      -      | 8          | 0          0          -        -        -        1        | S_LN_0           -        0x00000000 -      -          -          0x00000000 | 1          0          7          | wl{- 0 -1 -1} dma_addr=0x00000000
102      0      1      1      -      0xFFFF0001 0xFFFF0000 -      -      | 8          | 0          0          1        -        1        1        | S_LN_0           -        0x00000000 -      -          -          0x00000000 | 1          0          7          | wl{- 0 -1 -1} dma_addr=0x00000000
103      0      1      1      -      0xFFFF0001 0xFFFF0000 -      -      | 8          | 0          0          -        -        -        1        | S_LN_0           -        0x00000000 -      -          -          0x00000000 | 1          0          7          | wl{- 0 -1 -1} dma_addr=0x00000000
104      0      1      1      -      0xFFFF0001 0xFFFF0000 -      -      | 8          | 0          0          1        -        1        1        | S_LN_0           -        0x00000000 -      -          -          0x00000000 | 1          0          7          | wl{- 0 -1 -1} dma_addr=0x00000000
105      0      1      1      -      0xFFFF0001 0xFFFF0000 -      -      | 8          | 0          0          -        -        -        1        | S_LN_0           -        0x00000000 -      -          -          0x00000000 | 1          0          7          | wl{- 0 -1 -1} dma_addr=0x00000000
106      0      1      1      -      0xFFFF0001 0xFFFF0000 -      -      | 8          | 0          0          1        -        1        1        | S_LN_0           -        0x00000000 -      -          -          0x00000000 | 1          0          7          | wl{- 0 -1 -1} dma_addr=0x00000000
107      0      1      1      -      0xFFFF0001 0xFFFF0000 -      -      | 8          | 0          0          -        -        -        1        | S_LN_0           -        0x00000000 -      -          -          0x00000000 | 1          0          7          | wl{- 0 -1 -1} dma_addr=0x00000000
108      0      1      1      -      0xFFFF0001 0xFFFF0000 -      -      | 8          | 0          0          1        -        1        1        | S_LN_0           -        0x00000000 -      -          -          0x00000000 | 1          0          7          | wl{- 0 -1 -1} dma_addr=0x00000000
109      0      1      1      -      0xFFFF0001 0xFFFF0000 -      -      | 8          | 0          0          -        -        -        1        | S_LN_0           -        0x00000000 -      -          -          0x00000000 | 1          0          7          | wl{- 0 -1 -1} dma_addr=0x00000000
110      0      1      1      -      0xFFFF0001 0xFFFF0000 -      -      | 8          | 0          0          1        -        1        1        | S_LN_0           -        0x00000000 -      -          -          0x00000000 | 1          0          7          | wl{- 0 -1 -1} dma_addr=0x00000000
111      0      1      1      -      0xFFFF0001 0xFFFF0000 -      -      | 8          | 0          0          -        -        -        1        | S_LN_0           -        0x00000000 -      -          -          0x00000000 | 1          0          7          | wl{- 0 -1 -1} dma_addr=0x00000000
112      0      1      1      -      0xFFFF0001 0xFFFF0000 -      -      | 8          | 0          0          1        -        1        1        | S_LN_0           -        0x00000000 -      -          -          0x00000000 | 1          0          7          | wl{- 0 -1 -1} dma_addr=0x00000000
113      0      1      1      -      0xFFFF0001 0xFFFF0000 -      -      | 8          | 0          0          -        -        -        1        | S_LN_0           -        0x00000000 -      -          -          0x00000000 | 1          0          7          | wl{- 0 -1 -1} dma_addr=0x00000000
114      0      1      1      -      0xFFFF0001 0xFFFF0000 -      -      | 8          | 0          0          1        -        1        1        | S_LN_0           -        0x00000000 -      -          -          0x00000000 | 1          0          7          | wl{- 0 -1 -1} dma_addr=0x00000000
115      0      1      1      -      0xFFFF0001 0xFFFF0000 -      -      | 8          | 0          0          -        -        -        1        | S_LN_0           -        0x00000000 -      -          -          0x00000000 | 1          0          7          | wl{- 0 -1 -1} dma_addr=0x00000000
116      0      1      1      -      0xFFFF0001 0xFFFF0000 -      -      | 8          | 0          0          1        -        1        1        | S_LN_0           -        0x00000000 -      -          -          0x00000000 | 1          0          7          | wl{- 0 -1 -1} dma_addr=0x00000000
117      0      1      1      -      0xFFFF0001 0xFFFF0000 -      -      | 8          | 0          0          -        -        -        1        | S_LN_0           -        0x00000000 -      -          -          0x00000000 | 1          0          7          | wl{- 0 -1 -1} dma_addr=0x00000000
118      0      1      1      -      0xFFFF0001 0xFFFF0000 -      -      | 8          | 0          0          1        -        1        1        | S_LN_0           -        0x00000000 -      -          -          0x00000000 | 1          0          7          | wl{- 0 -1 -1} dma_addr=0x00000000
119      0      1      1      -      0xFFFF0001 0xFFFF0000 -      -      | 8          | 0          0          -        -        -        1        | S_LN_0           -        0x00000000 -      -          -          0x00000000 | 1          0          7          | wl{- 0 -1 -1} dma_addr=0x00000000
120      0      1      1      -      0xFFFF0001 0xFFFF0000 -      -      | 8          | 0          0          1        -        1        1        | S_LN_0           -        0x00000000 -      -          -          0x00000000 | 1          0          7          | wl{- 0 -1 -1} dma_addr=0x00000000
121      0      1      1      -      0xFFFF0001 0xFFFF0000 -      -      | 8          | 0          0          -        -        -        1        | S_LN_0           -        0x00000000 -      -          -          0x00000000 | 1          0          7          | wl{- 0 -1 -1} dma_addr=0x00000000
122      0      1      1      -      0xFFFF0001 0xFFFF0000 -      -      | 8          | 0          0          1        -        1        1        | S_LN_0           -        0x00000000 -      -          -          0x00000000 | 1          0          7          | wl{- 0 -1 -1} dma_addr=0x00000000
123      0      1      1      -      0xFFFF0001 0xFFFF0000 -      -      | 8          | 0          0          -        -        -        1        | S_LN_0           -        0x00000000 -      -          -          0x00000000 | 1          0          7          | wl{- 0 -1 -1} dma_addr=0x00000000
124      0      1      1      -      0xFFFF0001 0xFFFF0000 -      -      | 8          | 0          0          1        -        1        1        | S_LN_0           -        0x00000000 -      -          -          0x00000000 | 1          0          7          | wl{- 0 -1 -1} dma_addr=0x00000000
125      0      1      1      -      0xFFFF0001 0xFFFF0000 -      -      | 8          | 0          0          -        -        -        1        | S_LN_0           -        0x00000000 -      -          -          0x00000000 | 1          0          7          | wl{- 0 -1 -1} dma_addr=0x00000000
126      0      1      1      -      0xFFFF0001 0xFFFF0000 -      -      | 8          | 0          0          1        -        1        1        | S_LN_0           -        0x00000000 -      -          -          0x00000000 | 1          0          7          | wl{- 0 -1 -1} dma_addr=0x00000000
127      0      1      1      -      0xFFFF0001 0xFFFF0000 -      -      | 8          | 0          0          -        -        -        1        | S_LN_0           -        0x00000000 -      -          -          0x00000000 | 1          0          7          | wl{- 0 -1 -1} dma_addr=0x00000000
128      0      1      1      -      0xFFFF0001 0xFFFF0000 -      -      | 8          | 0          0          1        -        1        1        | S_LN_0           -        0x00000000 -      -          -          0x00000000 | 1          0          7          | wl{- 0 -1 -1} dma_addr=0x00000000
129      0      1      1      -      0xFFFF0001 0xFFFF0000 -      -      | 8          | 0          0          -        -        -        1        | S_LN_0           -        0x00000000 -      -          -          0x00000000 | 1          0          7          | wl{- 0 -1 -1} dma_addr=0x00000000
130      0      1      1      -      0xFFFF0001 0xFFFF0000 -      -      | 8          | 0          0          1        -        1        1        | S_LN_0           -        0x00000000 -      -          -          0x00000000 | 1          0          7          | wl{- 0 -1 -1} dma_addr=0x00000000
131      0      1      1      -      0xFFFF0001 0xFFFF0000 -      -      | 8          | 0          0          -        -        -        1        | S_LN_0           -        0x00000000 -      -          -          0x00000000 | 1          0          7          | wl{- 0 -1 -1} dma_addr=0x00000000
132      0      1      1      -      0xFFFF0001 0xFFFF0000 -      -      | 8          | 0          0          1        -        1        1        | S_LN_0           -        0x00000000 -      -          -          0x00000000 | 1          0          7          | wl{- 0 -1 -1} dma_addr=0x00000000
133      0      1      1      -      0xFFFF0001 0xFFFF0000 -      -      | 8          | 0          0          -        -        -        1        | S_LN_0           -        0x00000000 -      -          -          0x00000000 | 1          0          7          | wl{- 0 -1 -1} dma_addr=0x00000000
134      0      1      1      -      0xFFFF0001 0xFFFF0000 -      -      | 8          | 0          0          1        -        1        1        | S_LN_0           -        0x00000000 -      -          -          0x00000000 | 1          0          7          | wl{- 0 -1 -1} dma_addr=0x00000000
135      0      1      1      -      0xFFFF0001 0xFFFF0000 -      -      | 8          | 0          0          -        -        -        1        | S_LN_0           -        0x00000000 -      -          -          0x00000000 | 1          0          7          | wl{- 0 -1 -1} dma_addr=0x00000000
136      0      1      1      -      0xFFFF0001 0xFFFF0000 -      -      | 8          | 0          0          1        -        1        1        | S_LN_0           -        0x00000000 -      -          -          0x00000000 | 1          0          7          | wl{- 0 -1 -1} dma_addr=0x00000000
137      0      1      1      -      0xFFFF0001 0xFFFF0000 -      -      | 8          | 0          0          -        -        -        1        | S_LN_0           -        0x00000000 -      -          -          0x00000000 | 1          0          7          | wl{- 0 -1 -1} dma_addr=0x00000000
138      0      1      1      -      0xFFFF0001 0xFFFF0000 -      -      | 8          | 0          0          1        -        1        1        | S_LN_0           -        0x00000000 -      -          -          0x00000000 | 1          0          7          | wl{- 0 -1 -1} dma_addr=0x00000000
139      0      1      1      -      0xFFFF0001 0xFFFF0000 -      -      | 8          | 0          0          -        -        -        1        | S_LN_0           -        0x00000000 -      -          -          0x00000000 | 1          0          7          | wl{- 0 -1 -1} dma_addr=0x00000000
140      0      1      1      -      0xFFFF0001 0xFFFF0000 -      -      | 8          | 0          0          1        -        1        1        | S_LN_0           -        0x00000000 -      -          -          0x00000000 | 1          0          7          | wl{- 0 -1 -1} dma_addr=0x00000000
141      0      1      1      -      0xFFFF0001 0xFFFF0000 -      -      | 8          | 0          0          -        -        -        1        | S_LN_0           -        0x00000000 -      -          -          0x00000000 | 1          0          7          | wl{- 0 -1 -1} dma_addr=0x00000000
142      0      1      1      -      0xFFFF0001 0xFFFF0000 -      -      | 8          | 0          0          1        -        1        1        | S_LN_0           -        0x00000000 -      -          -          0x00000000 | 1          0          7          | wl{- 0 -1 -1} dma_addr=0x00000000
143      0      1      1      -      0xFFFF0001 0xFFFF0000 -      -      | 8          | 0          0          -        -        -        1        | S_LN_0           -        0x00000000 -      -          -          0x00000000 | 1          0          7          | wl{- 0 -1 -1} dma_addr=0x00000000
144      0      1      1      -      0xFFFF0001 0xFFFF0000 -      -      | 8          | 0          0          1        -        1        1        | S_LN_0           -        0x00000000 -      -          -          0x00000000 | 1          0          7          | wl{- 0 -1 -1} dma_addr=0x00000000
145      0      1      1      -      0xFFFF0001 0xFFFF0000 -      -      | 8          | 0          0          -        -        -        1        | S_LN_0           -        0x00000000 -      -          -          0x00000000 | 1          0          7          | wl{- 0 -1 -1} dma_addr=0x00000000
146      0      1      1      -      0xFFFF0001 0xFFFF0000 -      -      | 8          | 0          0          1        -        1        1        | S_LN_0           -        0x00000000 -      -          -          0x00000000 | 1          0          7          | wl{- 0 -1 -1} dma_addr=0x00000000
147      0      1      1      -      0xFFFF0001 0xFFFF0000 -      -      | 8          | 0          0          -        -        -        1        | S_LN_0           -        0x00000000 -      -          -          0x00000000 | 1          0          7          | wl{- 0 -1 -1} dma_addr=0x00000000
148      0      1      1      -      0xFFFF0001 0xFFFF0000 -      -      | 8          | 0          0          1        -        1        1        | S_LN_0           -        0x00000000 -      -          -          0x00000000 | 1          0          7          | wl{- 0 -1 -1} dma_addr=0x00000000
149      0      1      1      -      0xFFFF0001 0xFFFF0000 -      -      | 8          | 0          0          -        -        -        1        | S_LN_0           -        0x00000000 -      -          -          0x00000000 | 1          0          7          | wl{- 0 -1 -1} dma_addr=0x00000000
150      0      1      1      -      0xFFFF0001 0xFFFF0000 -      -      | 8          | 0          0          1        -        1        1        | S_LN_0           -        0x00000000 -      -          -          0x00000000 | 1          0          7          | wl{- 0 -1 -1} dma_addr=0x00000000
151      0      1      1      -      0xFFFF0001 0xFFFF0000 -      -      | 8          | 0          0          -        -        -        1        | S_LN_0           -        0x00000000 -      -          -          0x00000000 | 1          0          7          | wl{- 0 -1 -1} dma_addr=0x00000000
152      0      1      1      -      0xFFFF0001 0xFFFF0000 -      -      | 8          | 0          0          1        -        1        1        | S_LN_0           -        0x00000000 -      -          -          0x00000000 | 1          0          7          | wl{- 0 -1 -1} dma_addr=0x00000000
153      0      1      1      -      0xFFFF0001 0xFFFF0000 -      -      | 8          | 0          0          -        -        -        1        | S_LN_0           -        0x00000000 -      -          -          0x00000000 | 1          0          7          | wl{- 0 -1 -1} dma_addr=0x00000000
154      0      1      1      -      0xFFFF0001 0xFFFF0000 -      -      | 8          | 0          0          1        -        1        1        | S_LN_0           -        0x00000000 -      -          -          0x00000000 | 1          0          7          | wl{- 0 -1 -1} dma_addr=0x00000000
155      0      1      1      -      0xFFFF0001 0xFFFF0000 -      -      | 8          | 0          0          -        -        -        1        | S_LN_0           -        0x00000000 -      -          -          0x00000000 | 1          0          7          | wl{- 0 -1 -1} dma_addr=0x00000000
156      0      1      1      -      0xFFFF0001 0xFFFF0000 -      -      | 8          | 0          0          1        -        1        1        | S_LN_0           -        0x00000000 -      -          -          0x00000000 | 1          0          7          | wl{- 0 -1 -1} dma_addr=0x00000000
157      0      1      1      -      0xFFFF0001 0xFFFF0000 -      -      | 8          | 0          0          -        -        -        1        | S_LN_0           -        0x00000000 -      -          -          0x00000000 | 1          0          7          | wl{- 0 -1 -1} dma_addr=0x00000000
158      0      1      1      -      0xFFFF0001 0xFFFF0000 -      -      | 8          | 0          0          1        -        1        1        | S_LN_0           -        0x00000000 -      -          -          0x00000000 | 1          0          7          | wl{- 0 -1 -1} dma_addr=0x00000000
159      0      1      1      -      0xFFFF0001 0xFFFF0000 -      -      | 8          | 0          0          -        -        -        1        | S_LN_0           -        0x00000000 -      -          -          0x00000000 | 1          0          7          | wl{- 0 -1 -1} dma_addr=0x00000000
160      0      1      1      -      0xFFFF0001 0xFFFF0000 -      -      | 8          | 0          0          1        -        1        1        | S_LN_0           -        0x00000000 -      -          -          0x00000000 | 1          0          7          | wl{- 0 -1 -1} dma_addr=0x00000000
161      0      1      1      -      0xFFFF0001 0xFFFF0000 -      -      | 8          | 0          0          -        -        -        1        | S_LN_0           -        0x00000000 -      -          -          0x00000000 | 1          0          7          | wl{- 0 -1 -1} dma_addr=0x00000000
162      0      1      1      -      0xFFFF0001 0xFFFF0000 -      -      | 8          | 0          0          1        -        1        1        | S_LN_0           -        0x00000000 -      -          -          0x00000000 | 1          0          7          | wl{- 0 -1 -1} dma_addr=0x00000000
163      0      1      1      -      0xFFFF0001 0xFFFF0000 -      -      | 8          | 0          0          -        -        -        1        | S_LN_0           -        0x00000000 -      -          -          0x00000000 | 1          0          7          | wl{- 0 -1 -1} dma_addr=0x00000000
164      0      1      1      -      0xFFFF0001 0xFFFF0000 -      -      | 8          | 0          0          1        -        1        1        | S_LN_0           -        0x00000000 -      -          -          0x00000000 | 1          0          7          | wl{- 0 -1 -1} dma_addr=0x00000000
165      0      1      1      -      0xFFFF0001 0xFFFF0000 -      -      | 8          | 0          0          -        -        -        1        | S_LN_0           -        0x00000000 -      -          -          0x00000000 | 1          0          7          | wl{- 0 -1 -1} dma_addr=0x00000000
166      0      1      1      -      0xFFFF0001 0xFFFF0000 -      -      | 8          | 0          0          1        -        1        1        | S_LN_0           -        0x00000000 -      -          -          0x00000000 | 1          0          7          | wl{- 0 -1 -1} dma_addr=0x00000000
167      0      1      1      -      0xFFFF0001 0xFFFF0000 -      -      | 8          | 0          0          -        -        -        1        | S_LN_0           -        0x00000000 -      -          -          0x00000000 | 1          0          7          | wl{- 0 -1 -1} dma_addr=0x00000000
168      0      1      1      -      0xFFFF0001 0xFFFF0000 -      -      | 8          | 0          0          1        -        1        1        | S_LN_0           -        0x00000000 -      -          -          0x00000000 | 1          0          7          | wl{- 0 -1 -1} dma_addr=0x00000000
169      0      1      1      -      0xFFFF0001 0xFFFF0000 -      -      | 8          | 0          0          -        -        -        1        | S_LN_0           -        0x00000000 -      -          -          0x00000000 | 1          0          7          | wl{- 0 -1 -1} dma_addr=0x00000000
170      0      1      1      -      0xFFFF0001 0xFFFF0000 -      -      | 8          | 0          0          1        -        1        1        | S_LN_0           -        0x00000000 -      -          -          0x00000000 | 1          0          7          | wl{- 0 -1 -1} dma_addr=0x00000000
171      0      1      1      -      0xFFFF0001 0xFFFF0000 -      -      | 8          | 0          0          -        -        -        1        | S_LN_0           -        0x00000000 -      -          -          0x00000000 | 1          0          7          | wl{- 0 -1 -1} dma_addr=0x00000000
172      0      1      1      -      0xFFFF0001 0xFFFF0000 -      -      | 8          | 0          0          1        -        1        1        | S_LN_0           -        0x00000000 -      -          -          0x00000000 | 1          0          7          | wl{- 0 -1 -1} dma_addr=0x00000000
173      0      1      1      -      0xFFFF0001 0xFFFF0000 -      -      | 8          | 0          0          -        -        -        1        | S_LN_0           -        0x00000000 -      -          -          0x00000000 | 1          0          7          | wl{- 0 -1 -1} dma_addr=0x00000000
174      0      1      1      -      0xFFFF0001 0xFFFF0000 -      -      | 8          | 0          0          1        -        1        1        | S_LN_0           -        0x00000000 -      -          -          0x00000000 | 1          0          7          | wl{- 0 -1 -1} dma_addr=0x00000000
175      0      1      1      -      0xFFFF0001 0xFFFF0000 -      -      | 8          | 0          0          -        -        -        1        | S_LN_0           -        0x00000000 -      -          -          0x00000000 | 1          0          7          | wl{- 0 -1 -1} dma_addr=0x00000000
176      0      1      1      -      0xFFFF0001 0xFFFF0000 -      -      | 8          | 0          0          1        -        1        1        | S_LN_0           -        0x00000000 -      -          -          0x00000000 | 1          0          7          | wl{- 0 -1 -1} dma_addr=0x00000000
177      0      1      1      -      0xFFFF0001 0xFFFF0000 -      -      | 8          | 0          0          -        -        -        1        | S_LN_0           -        0x00000000 -      -          -          0x00000000 | 1          0          7          | wl{- 0 -1 -1} dma_addr=0x00000000
178      0      1      1      -      0xFFFF0001 0xFFFF0000 -      -      | 8          | 0          0          1        -        1        1        | S_LN_0           -        0x00000000 -      -          -          0x00000000 | 1          0          7          | wl{- 0 -1 -1} dma_addr=0x00000000
179      0      1      1      -      0xFFFF0001 0xFFFF0000 -      -      | 8          | 0          0          -        -        -        1        | S_LN_0           -        0x00000000 -      -          -          0x00000000 | 1          0          7          | wl{- 0 -1 -1} dma_addr=0x00000000
180      0      1      1      -      0xFFFF0001 0xFFFF0000 -      -      | 8          | 0          0          1        -        1        1        | S_LN_0           -        0x00000000 -      -          -          0x00000000 | 1          0          7          | wl{- 0 -1 -1} dma_addr=0x00000000
181      0      1      1      -      0xFFFF0001 0xFFFF0000 -      -      | 8          | 0          0          -        -        -        1        | S_LN_0           -        0x00000000 -      -          -          0x00000000 | 1          0          7          | wl{- 0 -1 -1} dma_addr=0x00000000
182      0      1      1      -      0xFFFF0001 0xFFFF0000 -      -      | 8          | 0          0          1        -        1        1        | S_LN_0           -        0x00000000 -      -          -          0x00000000 | 1          0          7          | wl{- 0 -1 -1} dma_addr=0x00000000
183      0      1      1      -      0xFFFF0001 0xFFFF0000 -      -      | 8          | 0          0          -        -        -        1        | S_LN_0           -        0x00000000 -      -          -          0x00000000 | 1          0          7          | wl{- 0 -1 -1} dma_addr=0x00000000
184      0      1      1      -      0xFFFF0001 0xFFFF0000 -      -      | 8          | 0          0          1        -        1        1        | S_LN_0           -        0x00000000 -      -          -          0x00000000 | 1          0          7          | wl{- 0 -1 -1} dma_addr=0x00000000
185      0      1      1      -      0xFFFF0001 0xFFFF0000 -      -      | 8          | 0          0          -        -        -        1        | S_LN_0           -        0x00000000 -      -          -          0x00000000 | 1          0          7          | wl{- 0 -1 -1} dma_addr=0x00000000
186      0      1      1      -      0xFFFF0001 0xFFFF0000 -      -      | 8          | 0          0          1        -        1        1        | S_LN_0           -        0x00000000 -      -          -          0x00000000 | 1          0          7          | wl{- 0 -1 -1} dma_addr=0x00000000
187      0      1      1      -      0xFFFF0001 0xFFFF0000 -      -      | 8          | 0          0          -        -        -        1        | S_LN_0           -        0x00000000 -      -          -          0x00000000 | 1          0          7          | wl{- 0 -1 -1} dma_addr=0x00000000
188      0      1      1      -      0xFFFF0001 0xFFFF0000 -      -      | 8          | 0          0          1        -        1        1        | S_LN_0           -        0x00000000 -      -          -          0x00000000 | 1          0          7          | wl{- 0 -1 -1} dma_addr=0x00000000
189      0      1      1      -      0xFFFF0001 0xFFFF0000 -      -      | 8          | 0          0          -        -        -        1        | S_LN_0           -        0x00000000 -      -          -          0x00000000 | 1          0          7          | wl{- 0 -1 -1} dma_addr=0x00000000
190      0      1      1      -      0xFFFF0001 0xFFFF0000 -      -      | 8          | 0          0          1        -        1        1        | S_LN_0           -        0x00000000 -      -          -          0x00000000 | 1          0          7          | wl{- 0 -1 -1} dma_addr=0x00000000
191      0      1      1      -      0xFFFF0001 0xFFFF0000 -      -      | 8          | 0          0          -        -        -        1        | S_LN_0           -        0x00000000 -      -          -          0x00000000 | 1          0          7          | wl{- 0 -1 -1} dma_addr=0x00000000
192      0      1      1      -      0xFFFF0001 0xFFFF0000 -      -      | 8          | 0          0          1        -        1        1        | S_LN_0           -        0x00000000 -      -          -          0x00000000 | 1          0          7          | wl{- 0 -1 -1} dma_addr=0x00000000
193      0      1      1      -      0xFFFF0001 0xFFFF0000 -      -      | 8          | 0          0          -        -        -        1        | S_LN_0           -        0x00000000 -      -          -          0x00000000 | 1          0          7          | wl{- 0 -1 -1} dma_addr=0x00000000
194      0      1      1      -      0xFFFF0001 0xFFFF0000 -      -      | 8          | 0          0          1        -        1        1        | S_LN_0           -        0x00000000 -      -          -          0x00000000 | 1          0          7          | wl{- 0 -1 -1} dma_addr=0x00000000
195      0      1      1      -      0xFFFF0001 0xFFFF0000 -      -      | 8          | 0          0          -        -        -        1        | S_LN_0           -        0x00000000 -      -          -          0x00000000 | 1          0          7          | wl{- 0 -1 -1} dma_addr=0x00000000
196      0      1      1      -      0xFFFF0001 0xFFFF0000 -      -      | 8          | 0          0          1        -        1        1        | S_LN_0           -        0x00000000 -      -          -          0x00000000 | 1          0          7          | wl{- 0 -1 -1} dma_addr=0x00000000
197      0      1      1      -      0xFFFF0001 0xFFFF0000 -      -      | 8          | 0          0          -        -        -        1        | S_LN_0           -        0x00000000 -      -          -          0x00000000 | 1          0          7          | wl{- 0 -1 -1} dma_addr=0x00000000
198      0      1      1      -      0xFFFF0001 0xFFFF0000 -      -      | 8          | 0          0          1        -        1        1        | S_LN_0           -        0x00000000 -      -          -          0x00000000 | 1          0          7          | wl{- 0 -1 -1} dma_addr=0x00000000
199      0      1      1      -      0xFFFF0001 0xFFFF0000 -      -      | 8          | 0          0          -        -        -        1        | S_LN_0           -        0x00000000 -      -          -          0x00000000 | 1          0          7          | wl{- 0 -1 -1} dma_addr=0x00000000
200      0      1      1      -      0xFFFF0001 0xFFFF0000 -      -      | 8          | 0          0          1        -        1        1        | S_LN_0           -        0x00000000 -      -          -          0x00000000 | 1          0          7          | wl{- 0 -1 -1} dma_addr=0x00000000
201      0      1      1      -      0xFFFF0001 0xFFFF0000 -      -      | 8          | 0          0          -        -        -        1        | S_LN_0           -        0x00000000 -      -          -          0x00000000 | 1          0          7          | wl{- 0 -1 -1} dma_addr=0x00000000
202      0      1      1      -      0xFFFF0001 0xFFFF0000 -      -      | 8          | 0          0          1        -        1        1        | S_LN_0           -        0x00000000 -      -          -          0x00000000 | 1          0          7          | wl{- 0 -1 -1} dma_addr=0x00000000
203      0      1      1      -      0xFFFF0001 0xFFFF0000 -      -      | 8          | 0          0          -        -        -        1        | S_LN_0           -        0x00000000 -      -          -          0x00000000 | 1          0          7          | wl{- 0 -1 -1} dma_addr=0x00000000
204      0      1      1      -      0xFFFF0001 0xFFFF0000 -      -      | 8          | 0          0          1        -        1        1        | S_LN_0           -        0x00000000 -      -          -          0x00000000 | 1          0          7          | wl{- 0 -1 -1} dma_addr=0x00000000
205      0      1      1      -      0xFFFF0001 0xFFFF0000 -      -      | 8          | 0          0          -        -        -        1        | S_LN_0           -        0x00000000 -      -          -          0x00000000 | 1          0          7          | wl{- 0 -1 -1} dma_addr=0x00000000
206      0      1      1      -      0xFFFF0001 0xFFFF0000 -      -      | 8          | 0          0          1        -        1        1        | S_LN_0           -        0x00000000 -      -          -          0x00000000 | 1          0          7          | wl{- 0 -1 -1} dma_addr=0x00000000
207      0      1      1      -      0xFFFF0001 0xFFFF0000 -      -      | 8          | 0          0          -        -        -        1        | S_LN_0           -        0x00000000 -      -          -          0x00000000 | 1          0          7          | wl{- 0 -1 -1} dma_addr=0x00000000
208      0      1      1      -      0xFFFF0001 0xFFFF0000 -      -      | 8          | 0          0          1        -        1        1        | S_LN_0           -        0x00000000 -      -          -          0x00000000 | 1          0          7          | wl{- 0 -1 -1} dma_addr=0x00000000
209      0      1      1      -      0xFFFF0001 0xFFFF0000 -      -      | 8          | 0          0          -        -        -        1        | S_LN_0           -        0x00000000 -      -          -          0x00000000 | 1          0          7          | wl{- 0 -1 -1} dma_addr=0x00000000
210      0      1      1      -      0xFFFF0001 0xFFFF0000 -      -      | 8          | 0          0          1        -        1        1        | S_LN_0           -        0x00000000 -      -          -          0x00000000 | 1          0          7          | wl{- 0 -1 -1} dma_addr=0x00000000
211      0      1      1      -      0xFFFF0001 0xFFFF0000 -      -      | 8          | 0          0          -        -        -        1        | S_LN_0           -        0x00000000 -      -          -          0x00000000 | 1          0          7          | wl{- 0 -1 -1} dma_addr=0x00000000
212      0      1      1      -      0xFFFF0001 0xFFFF0000 -      -      | 8          | 0          0          1        -        1        1        | S_LN_0           -        0x00000000 -      -          -          0x00000000 | 1          0          7          | wl{- 0 -1 -1} dma_addr=0x00000000
213      0      1      1      -      0xFFFF0001 0xFFFF0000 -      -      | 8          | 0          0          -        -        -        1        | S_LN_0           -        0x00000000 -      -          -          0x00000000 | 1          0          7          | wl{- 0 -1 -1} dma_addr=0x00000000
214      0      1      1      -      0xFFFF0001 0xFFFF0000 -      -      | 8          | 0          0          1        -        1        1        | S_LN_0           -        0x00000000 -      -          -          0x00000000 | 1          0          7          | wl{- 0 -1 -1} dma_addr=0x00000000
215      0      1      1      -      0xFFFF0001 0xFFFF0000 -      -      | 8          | 0          0          -        -        -        1        | S_LN_0           -        0x00000000 -      -          -          0x00000000 | 1          0          7          | wl{- 0 -1 -1} dma_addr=0x00000000
216      0      1      1      -      0xFFFF0001 0xFFFF0000 -      -      | 8          | 0          0          1        -        1        1        | S_LN_0           -        0x00000000 -      -          -          0x00000000 | 1          0          7          | wl{- 0 -1 -1} dma_addr=0x00000000
217      0      1      1      -      0xFFFF0001 0xFFFF0000 -      -      | 8          | 0          0          -        -        -        1        | S_LN_0           -        0x00000000 -      -          -          0x00000000 | 1          0          7          | wl{- 0 -1 -1} dma_addr=0x00000000
218      0      1      1      -      0xFFFF0001 0xFFFF0000 -      -      | 8          | 0          0          1        -        1        1        | S_LN_0           -        0x00000000 -      -          -          0x00000000 | 1          0          7          | wl{- 0 -1 -1} dma_addr=0x00000000
219      0      1      1      -      0xFFFF0001 0xFFFF0000 -      -      | 8          | 0          0          -        -        -        1        | S_LN_0           -        0x00000000 -      -          -          0x00000000 | 1          0          7          | wl{- 0 -1 -1} dma_addr=0x00000000
220      0      1      1      -      0xFFFF0001 0xFFFF0000 -      -      | 8          | 0          0          1        -        1        1        | S_LN_0           -        0x00000000 -      -          -          0x00000000 | 1          0          7          | wl{- 0 -1 -1} dma_addr=0x00000000
221      0      1      1      -      0xFFFF0001 0xFFFF0000 -      -      | 8          | 0          0          -        -        -        1        | S_LN_0           -        0x00000000 -      -          -          0x00000000 | 1          0          7          | wl{- 0 -1 -1} dma_addr=0x00000000
222      0      1      1      -      0xFFFF0001 0xFFFF0000 -      -      | 8          | 0          0          1        -        1        1        | S_LN_0           -        0x00000000 -      -          -          0x00000000 | 1          0          7          | wl{- 0 -1 -1} dma_addr=0x00000000
223      0      1      1      -      0xFFFF0001 0xFFFF0000 -      -      | 8          | 0          0          -        -        -        1        | S_LN_0           -        0x00000000 -      -          -          0x00000000 | 1          0          7          | wl{- 0 -1 -1} dma_addr=0x00000000
224      0      1      1      -      0xFFFF0001 0xFFFF0000 -      -      | 8          | 0          0          1        -        1        1        | S_LN_0           -        0x00000000 -      -          -          0x00000000 | 1          0          7          | wl{- 0 -1 -1} dma_addr=0x00000000
225      0      1      1      -      0xFFFF0001 0xFFFF0000 -      -      | 8          | 0          0          -        -        -        1        | S_LN_0           -        0x00000000 -      -          -          0x00000000 | 1          0          7          | wl{- 0 -1 -1} dma_addr=0x00000000
226      0      1      1      -      0xFFFF0001 0xFFFF0000 -      -      | 8          | 0          0          1        -        1        1        | S_LN_0           -        0x00000000 -      -          -          0x00000000 | 1          0          7          | wl{- 0 -1 -1} dma_addr=0x00000000
227      0      1      1      -      0xFFFF0001 0xFFFF0000 -      -      | 8          | 0          0          -        -        -        1        | S_LN_0           -        0x00000000 -      -          -          0x00000000 | 1          0          7          | wl{- 0 -1 -1} dma_addr=0x00000000
228      0      1      1      -      0xFFFF0001 0xFFFF0000 -      -      | 8          | 0          0          1        -        1        1        | S_LN_0           -        0x00000000 -      -          -          0x00000000 | 1          0          7          | wl{- 0 -1 -1} dma_addr=0x00000000
229      0      1      1      -      0xFFFF0001 0xFFFF0000 -      -      | 8          | 0          0          -        -        -        1        | S_LN_0           -        0x00000000 -      -          -          0x00000000 | 1          0          7          | wl{- 0 -1 -1} dma_addr=0x00000000
230      0      1      1      -      0xFFFF0001 0xFFFF0000 -      -      | 8          | 0          0          1        -        1        1        | S_LN_0           -        0x00000000 -      -          -          0x00000000 | 1          0          7          | wl{- 0 -1 -1} dma_addr=0x00000000
231      0      1      1      -      0xFFFF0001 0xFFFF0000 -      -      | 8          | 0          0          -        -        -        1        | S_LN_0           -        0x00000000 -      -          -          0x00000000 | 1          0          7          | wl{- 0 -1 -1} dma_addr=0x00000000
232      0      1      1      -      0xFFFF0001 0xFFFF0000 -      -      | 8          | 0          0          1        -        1        1        | S_LN_0           -        0x00000000 -      -          -          0x00000000 | 1          0          7          | wl{- 0 -1 -1} dma_addr=0x00000000
233      0      1      1      -      0xFFFF0001 0xFFFF0000 -      -      | 8          | 0          0          -        -        -        1        | S_LN_0           -        0x00000000 -      -          -          0x00000000 | 1          0          7          | wl{- 0 -1 -1} dma_addr=0x00000000
234      0      1      1      -      0xFFFF0001 0xFFFF0000 -      -      | 8          | 0          0          1        -        1        1        | S_LN_0           -        0x00000000 -      -          -          0x00000000 | 1          0          7          | wl{- 0 -1 -1} dma_addr=0x00000000
235      0      1      1      -      0xFFFF0001 0xFFFF0000 -      -      | 8          | 0          0          -        -        -        1        | S_LN_0           -        0x00000000 -      -          -          0x00000000 | 1          0          7          | wl{- 0 -1 -1} dma_addr=0x00000000
236      0      1      1      -      0xFFFF0001 0xFFFF0000 -      -      | 8          | 0          0          1        -        1        1        | S_LN_0           -        0x00000000 -      -          -          0x00000000 | 1          0          7          | wl{- 0 -1 -1} dma_addr=0x00000000
237      0      1      1      -      0xFFFF0001 0xFFFF0000 -      -      | 8          | 0          0          -        -        -        1        | S_LN_0           -        0x00000000 -      -          -          0x00000000 | 1          0          7          | wl{- 0 -1 -1} dma_addr=0x00000000
238      0      1      1      -      0xFFFF0001 0xFFFF0000 -      -      | 8          | 0          0          1        -        1        1        | S_LN_0           -        0x00000000 -      -          -          0x00000000 | 1          0          7          | wl{- 0 -1 -1} dma_addr=0x00000000
239      0      1      1      -      0xFFFF0001 0xFFFF0000 -      -      | 8          | 0          0          -        -        -        1        | S_LN_0           -        0x00000000 -      -          -          0x00000000 | 1          0          7          | wl{- 0 -1 -1} dma_addr=0x00000000
240      0      1      1      -      0xFFFF0001 0xFFFF0000 -      -      | 8          | 0          0          1        -        1        1        | S_LN_0           -        0x00000000 -      -          -          0x00000000 | 1          0          7          | wl{- 0 -1 -1} dma_addr=0x00000000
241      0      1      1      -      0xFFFF0001 0xFFFF0000 -      -      | 8          | 0          0          -        -        -        1        | S_LN_0           -        0x00000000 -      -          -          0x00000000 | 1          0          7          | wl{- 0 -1 -1} dma_addr=0x00000000
242      0      1      1      -      0xFFFF0001 0xFFFF0000 -      -      | 8          | 0          0          1        -        1        1        | S_LN_0           -        0x00000000 -      -          -          0x00000000 | 1          0          7          | wl{- 0 -1 -1} dma_addr=0x00000000
243      0      1      1      -      0xFFFF0001 0xFFFF0000 -      -      | 8          | 0          0          -        -        -        1        | S_LN_0           -        0x00000000 -      -          -          0x00000000 | 1          0          7          | wl{- 0 -1 -1} dma_addr=0x00000000
244      0      1      1      -      0xFFFF0001 0xFFFF0000 -      -      | 8          | 0          0          1        -        1        1        | S_LN_0           -        0x00000000 -      -          -          0x00000000 | 1          0          7          | wl{- 0 -1 -1} dma_addr=0x00000000
245      0      1      1      -      0xFFFF0001 0xFFFF0000 -      -      | 8          | 0          0          -        -        -        1        | S_LN_0           -        0x00000000 -      -          -          0x00000000 | 1          0          7          | wl{- 0 -1 -1} dma_addr=0x00000000
246      0      1      1      -      0xFFFF0001 0xFFFF0000 -      -      | 8          | 0          0          1        -        1        1        | S_LN_0           -        0x00000000 -      -          -          0x00000000 | 1          0          7          | wl{- 0 -1 -1} dma_addr=0x00000000
247      0      1      1      -      0xFFFF0001 0xFFFF0000 -      -      | 8          | 0          0          -        -        -        1        | S_LN_0           -        0x00000000 -      -          -          0x00000000 | 1          0          7          | wl{- 0 -1 -1} dma_addr=0x00000000
248      0      1      1      -      0xFFFF0001 0xFFFF0000 -      -      | 8          | 0          0          1        -        1        1        | S_LN_0           -        0x00000000 -      -          -          0x00000000 | 1          0          7          | wl{- 0 -1 -1} dma_addr=0x00000000
249      0      1      1      -      0xFFFF0001 0xFFFF0000 -      -      | 8          | 0          0          -        -        -        1        | S_LN_0           -        0x00000000 -      -          -          0x00000000 | 1          0          7          | wl{- 0 -1 -1} dma_addr=0x00000000
250      0      1      1      -      0xFFFF0001 0xFFFF0000 -      -      | 8          | 0          0          1        -        1        1        | S_LN_0           -        0x00000000 -      -          -          0x00000000 | 1          0          7          | wl{- 0 -1 -1} dma_addr=0x00000000
251      0      1      1      -      0xFFFF0001 0xFFFF0000 -      -      | 8          | 0          0          -        -        -        1        | S_LN_0           -        0x00000000 -      -          -          0x00000000 | 1          0          7          | wl{- 0 -1 -1} dma_addr=0x00000000
252      0      1      1      -      0xFFFF0001 0xFFFF0000 -      -      | 8          | 0          0          1        -        1        1        | S_LN_0           -        0x00000000 -      -          -          0x00000000 | 1          0          7          | wl{- 0 -1 -1} dma_addr=0x00000000
253      0      1      1      -      0xFFFF0001 0xFFFF0000 -      -      | 8          | 0          0          -        -        -        1        | S_LN_0           -        0x00000000 -      -          -          0x00000000 | 1          0          7          | wl{- 0 -1 -1} dma_addr=0x00000000
254      0      1      1      -      0xFFFF0001 0xFFFF0000 -      -      | 8          | 0          0          1        -        1        1        | S_LN_0           -        0x00000000 -      -          -          0x00000000 | 1          0          7          | wl{- 0 -1 -1} dma_addr=0x00000000
255      0      1      1      -      0xFFFF0001 0xFFFF0000 -      -      | 8          | 0          0          -        -        -        1        | S_LN_0           -        0x00000000 -      -          -          0x00000000 | 1          0          7          | wl{- 0 -1 -1} dma_addr=0x00000000
256      0      1      1      -      0xFFFF0001 0xFFFF0000 -      -      | 8          | 0          0          1        -        1        1        | S_LN_0           -        0x00000000 -      -          -          0x00000000 | 1          0          7          | wl{- 0 -1 -1} dma_addr=0x00000000
257      0      1      1      -      0xFFFF0001 0xFFFF0000 -      -      | 8          | 0          0          -        -        -        1        | S_LN_0           -        0x00000000 -      -          -          0x00000000 | 1          0          7          | wl{- 0 -1 -1} dma_addr=0x00000000
258      0      1      1      -      0xFFFF0001 0xFFFF0000 -      -      | 8          | 0          0          1        -        1        1        | S_LN_0           -        0x00000000 -      -          -          0x00000000 | 1          0          7          | wl{- 0 -1 -1} dma_addr=0x00000000
259      0      1      1      -      0xFFFF0001 0xFFFF0000 -      -      | 8          | 0          0          -        -        -        1        | S_LN_0           -        0x00000000 -      -          -          0x00000000 | 1          0          7          | wl{- 0 -1 -1} dma_addr=0x00000000
260      0      1      1      -      0xFFFF0001 0xFFFF0000 -      -      | 8          | 0          0          1        -        1        1        | S_LN_0           -        0x00000000 -      -          -          0x00000000 | 1          0          7          | wl{- 0 -1 -1} dma_addr=0x00000000
261      0      1      1      -      0xFFFF0001 0xFFFF0000 -      -      | 8          | 0          0          -        -        -        1        | S_LN_0           -        0x00000000 -      -          -          0x00000000 | 1          0          7          | wl{- 0 -1 -1} dma_addr=0x00000000
262      0      1      1      -      0xFFFF0001 0xFFFF0000 -      -      | 8          | 0          0          1        -        1        1        | S_LN_0           -        0x00000000 -      -          -          0x00000000 | 1          0          7          | wl{- 0 -1 -1} dma_addr=0x00000000
263      0      1      1      -      0xFFFF0001 0xFFFF0000 -      -      | 8          | 0          0          -        -        -        1        | S_LN_0           -        0x00000000 -      -          -          0x00000000 | 1          0          7          | wl{- 0 -1 -1} dma_addr=0x00000000
264      0      1      1      -      0xFFFF0001 0xFFFF0000 -      -      | 8          | 0          0          1        -        1        1        | S_LN_0           -        0x00000000 -      -          -          0x00000000 | 1          0          7          | wl{- 0 -1 -1} dma_addr=0x00000000
265      0      1      1      -      0xFFFF0001 0xFFFF0000 -      -      | 8          | 0          0          -        -        -        1        | S_LN_0           -        0x00000000 -      -          -          0x00000000 | 1          0          7          | wl{- 0 -1 -1} dma_addr=0x00000000
266      0      1      1      -      0xFFFF0001 0xFFFF0000 -      -      | 8          | 0          0          1        -        1        1        | S_LN_0           -        0x00000000 -      -          -          0x00000000 | 1          0          7          | wl{- 0 -1 -1} dma_addr=0x00000000
267      0      1      1      -      0xFFFF0001 0xFFFF0000 -      -      | 8          | 0          0          -        -        -        1        | S_LN_0           -        0x00000000 -      -          -          0x00000000 | 1          0          7          | wl{- 0 -1 -1} dma_addr=0x00000000
268      0      1      1      -      0xFFFF0001 0xFFFF0000 -      -      | 8          | 0          0          1        -        1        1        | S_LN_0           -        0x00000000 -      -          -          0x00000000 | 1          0          7          | wl{- 0 -1 -1} dma_addr=0x00000000
269      0      1      1      -      0xFFFF0001 0xFFFF0000 -      -      | 8          | 0          0          -        -        -        1        | S_LN_0           -        0x00000000 -      -          -          0x00000000 | 1          0          7          | wl{- 0 -1 -1} dma_addr=0x00000000
270      0      1      1      -      0xFFFF0001 0xFFFF0000 -      -      | 8          | 0          0          1        -        1        1        | S_LN_0           -        0x00000000 -      -          -          0x00000000 | 1          0          7          | wl{- 0 -1 -1} dma_addr=0x00000000
271      0      1      1      -      0xFFFF0001 0xFFFF0000 -      -      | 8          | 0          0          -        -        -        1        | S_LN_0           -        0x00000000 -      -          -          0x00000000 | 1          0          7          | wl{- 0 -1 -1} dma_addr=0x00000000
272      0      1      1      -      0xFFFF0001 0xFFFF0000 -      -      | 8          | 0          0          1        -        1        1        | S_LN_0           -        0x00000000 -      -          -          0x00000000 | 1          0          7          | wl{- 0 -1 -1} dma_addr=0x00000000
273      0      1      1      -      0xFFFF0001 0xFFFF0000 -      -      | 8          | 0          0          -        -        -        1        | S_LN_0           -        0x00000000 -      -          -          0x00000000 | 1          0          7          | wl{- 0 -1 -1} dma_addr=0x00000000
274      0      1      1      -      0xFFFF0001 0xFFFF0000 -      -      | 8          | 0          0          1        -        1        1        | S_LN_0           -        0x00000000 -      -          -          0x00000000 | 1          0          7          | wl{- 0 -1 -1} dma_addr=0x00000000
275      0      1      1      -      0xFFFF0001 0xFFFF0000 -      -      | 8          | 0          0          -        -        -        1        | S_LN_0           -        0x00000000 -      -          -          0x00000000 | 1          0          7          | wl{- 0 -1 -1} dma_addr=0x00000000
276      0      1      1      -      0xFFFF0001 0xFFFF0000 -      -      | 8          | 0          0          1        -        1        1        | S_LN_0           -        0x00000000 -      -          -          0x00000000 | 1          0          7          | wl{- 0 -1 -1} dma_addr=0x00000000
277      0      1      1      -      0xFFFF0001 0xFFFF0000 -      -      | 8          | 0          0          -        -        -        1        | S_LN_0           -        0x00000000 -      -          -          0x00000000 | 1          0          7          | wl{- 0 -1 -1} dma_addr=0x00000000
278      0      1      1      -      0xFFFF0001 0xFFFF0000 -      -      | 8          | 0          0          1        -        1        1        | S_LN_0           -        0x00000000 -      -          -          0x00000000 | 1          0          7          | wl{- 0 -1 -1} dma_addr=0x00000000
279      0      1      1      -      0xFFFF0001 0xFFFF0000 -      -      | 8          | 0          0          -        -        -        1        | S_LN_0           -        0x00000000 -      -          -          0x00000000 | 1          0          7          | wl{- 0 -1 -1} dma_addr=0x00000000
280      0      1      1      -      0xFFFF0001 0xFFFF0000 -      -      | 8          | 0          0          1        -        1        1        | S_LN_0           -        0x00000000 -      -          -          0x00000000 | 1          0          7          | wl{- 0 -1 -1} dma_addr=0x00000000
281      0      1      1      -      0xFFFF0001 0xFFFF0000 -      -      | 8          | 0          0          -        -        -        1        | S_LN_0           -        0x00000000 -      -          -          0x00000000 | 1          0          7          | wl{- 0 -1 -1} dma_addr=0x00000000
282      0      1      1      -      0xFFFF0001 0xFFFF0000 -      -      | 8          | 0          0          1        -        1        1        | S_LN_0           -        0x00000000 -      -          -          0x00000000 | 1          0          7          | wl{- 0 -1 -1} dma_addr=0x00000000
283      0      1      1      -      0xFFFF0001 0xFFFF0000 -      -      | 8          | 0          0          -        -        -        1        | S_LN_0           -        0x00000000 -      -          -          0x00000000 | 1          0          7          | wl{- 0 -1 -1} dma_addr=0x00000000
284      0      1      1      -      0xFFFF0001 0xFFFF0000 -      -      | 8          | 0          0          1        -        1        1        | S_LN_0           -        0x00000000 -      -          -          0x00000000 | 1          0          7          | wl{- 0 -1 -1} dma_addr=0x00000000
285      0      1      1      -      0xFFFF0001 0xFFFF0000 -      -      | 8          | 0          0          -        -        -        1        | S_LN_0           -        0x00000000 -      -          -          0x00000000 | 1          0          7          | wl{- 0 -1 -1} dma_addr=0x00000000
286      0      1      1      -      0xFFFF0001 0xFFFF0000 -      -      | 8          | 0          0          1        -        1        1        | S_LN_0           -        0x00000000 -      -          -          0x00000000 | 1          0          7          | wl{- 0 -1 -1} dma_addr=0x00000000
287      0      1      1      -      0xFFFF0001 0xFFFF0000 -      -      | 8          | 0          0          -        -        -        1        | S_LN_0           -        0x00000000 -      -          -          0x00000000 | 1          0          7          | wl{- 0 -1 -1} dma_addr=0x00000000
288      0      1      1      -      0xFFFF0001 0xFFFF0000 -      -      | 8          | 0          0          1        -        1        1        | S_LN_0           -        0x00000000 -      -          -          0x00000000 | 1          0          7          | wl{- 0 -1 -1} dma_addr=0x00000000
289      0      1      1      -      0xFFFF0001 0xFFFF0000 -      -      | 8          | 0          0          -        -        -        1        | S_LN_0           -        0x00000000 -      -          -          0x00000000 | 1          0          7          | wl{- 0 -1 -1} dma_addr=0x00000000
290      0      1      1      -      0xFFFF0001 0xFFFF0000 -      -      | 8          | 0          0          1        -        1        1        | S_LN_0           -        0x00000000 -      -          -          0x00000000 | 1          0          7          | wl{- 0 -1 -1} dma_addr=0x00000000
291      0      1      1      -      0xFFFF0001 0xFFFF0000 -      -      | 8          | 0          0          -        -        -        1        | S_LN_0           -        0x00000000 -      -          -          0x00000000 | 1          0          7          | wl{- 0 -1 -1} dma_addr=0x00000000
292      0      1      1      -      0xFFFF0001 0xFFFF0000 -      -      | 8          | 0          0          1        -        1        1        | S_LN_0           -        0x00000000 -      -          -          0x00000000 | 1          0          7          | wl{- 0 -1 -1} dma_addr=0x00000000
293      0      1      1      -      0xFFFF0001 0xFFFF0000 -      -      | 8          | 0          0          -        -        -        1        | S_LN_0           -        0x00000000 -      -          -          0x00000000 | 1          0          7          | wl{- 0 -1 -1} dma_addr=0x00000000
294      0      1      1      -      0xFFFF0001 0xFFFF0000 -      -      | 8          | 0          0          1        -        1        1        | S_LN_0           -        0x00000000 -      -          -          0x00000000 | 1          0          7          | wl{- 0 -1 -1} dma_addr=0x00000000
295      0      1      1      -      0xFFFF0001 0xFFFF0000 -      -      | 8          | 0          0          -        -        -        1        | S_LN_0           -        0x00000000 -      -          -          0x00000000 | 1          0          7          | wl{- 0 -1 -1} dma_addr=0x00000000
296      0      1      1      -      0xFFFF0001 0xFFFF0000 -      -      | 8          | 0          0          1        -        1        1        | S_LN_0           -        0x00000000 -      -          -          0x00000000 | 1          0          7          | wl{- 0 -1 -1} dma_addr=0x00000000
297      0      1      1      -      0xFFFF0001 0xFFFF0000 -      -      | 8          | 0          0          -        -        -        1        | S_LN_0           -        0x00000000 -      -          -          0x00000000 | 1          0          7          | wl{- 0 -1 -1} dma_addr=0x00000000
298      0      1      1      -      0xFFFF0001 0xFFFF0000 -      -      | 8          | 0          0          1        -        1        1        | S_LN_0           -        0x00000000 -      -          -          0x00000000 | 1          0          7          | wl{- 0 -1 -1} dma_addr=0x00000000
299      0      1      1      -      0xFFFF0001 0xFFFF0000 -      -      | 8          | 0          0          -        -        -        1        | S_LN_0           -        0x00000000 -      -          -          0x00000000 | 1          0          7          | wl{- 0 -1 -1} dma_addr=0x00000000
300      0      1      1      -      0xFFFF0001 0xFFFF0000 -      -      | 8          | 0          0          1        -        1        1        | S_LN_0           -        0x00000000 -      -          -          0x00000000 | 1          0          7          | wl{- 0 -1 -1} dma_addr=0x00000000
301      0      1      1      -      0xFFFF0001 0xFFFF0000 -      -      | 8          | 0          0          -        -        -        1        | S_LN_0           -        0x00000000 -      -          -          0x00000000 | 1          0          7          | wl{- 0 -1 -1} dma_addr=0x00000000
302      0      1      1      -      0xFFFF0001 0xFFFF0000 -      -      | 8          | 0          0          1        -        1        1        | S_LN_0           -        0x00000000 -      -          -          0x00000000 | 1          0          7          | wl{- 0 -1 -1} dma_addr=0x00000000
303      0      1      1      -      0xFFFF0001 0xFFFF0000 -      -      | 8          | 0          0          -        -        -        1        | S_LN_0           -        0x00000000 -      -          -          0x00000000 | 1          0          7          | wl{- 0 -1 -1} dma_addr=0x00000000
304      0      1      1      -      0xFFFF0001 0xFFFF0000 -      -      | 8          | 0          0          1        -        1        1        | S_LN_0           -        0x00000000 -      -          -          0x00000000 | 1          0          7          | wl{- 0 -1 -1} dma_addr=0x00000000
305      0      1      1      -      0xFFFF0001 0xFFFF0000 -      -      | 8          | 0          0          -        -        -        1        | S_LN_0           -        0x00000000 -      -          -          0x00000000 | 1          0          7          | wl{- 0 -1 -1} dma_addr=0x00000000
306      0      1      1      -      0xFFFF0001 0xFFFF0000 -      -      | 8          | 0          0          1        -        1        1        | S_LN_0           -        0x00000000 -      -          -          0x00000000 | 1          0          7          | wl{- 0 -1 -1} dma_addr=0x00000000
307      0      1      1      -      0xFFFF0001 0xFFFF0000 -      -      | 8          | 0          0          -        -        -        1        | S_LN_0           -        0x00000000 -      -          -          0x00000000 | 1          0          7          | wl{- 0 -1 -1} dma_addr=0x00000000
308      0      1      1      -      0xFFFF0001 0xFFFF0000 -      -      | 8          | 0          0          1        -        1        1        | S_LN_0           -        0x00000000 -      -          -          0x00000000 | 1          0          7          | wl{- 0 -1 -1} dma_addr=0x00000000
309      0      1      1      -      0xFFFF0001 0xFFFF0000 -      -      | 8          | 0          0          -        -        -        1        | S_LN_0           -        0x00000000 -      -          -          0x00000000 | 1          0          7          | wl{- 0 -1 -1} dma_addr=0x00000000
310      0      1      1      -      0xFFFF0001 0xFFFF0000 -      -      | 8          | 0          0          1        -        1        1        | S_LN_0           -        0x00000000 -      -          -          0x00000000 | 1          0          7          | wl{- 0 -1 -1} dma_addr=0x00000000
311      0      1      1      -      0xFFFF0001 0xFFFF0000 -      -      | 8          | 0          0          -        -        -        1        | S_LN_0           -        0x00000000 -      -          -          0x00000000 | 1          0          7          | wl{- 0 -1 -1} dma_addr=0x00000000
312      0      1      1      -      0xFFFF0001 0xFFFF0000 -      -      | 8          | 0          0          1        -        1        1        | S_LN_0           -        0x00000000 -      -          -          0x00000000 | 1          0          7          | wl{- 0 -1 -1} dma_addr=0x00000000
313      0      1      1      -      0xFFFF0001 0xFFFF0000 -      -      | 8          | 0          0          -        -        -        1        | S_LN_0           -        0x00000000 -      -          -          0x00000000 | 1          0          7          | wl{- 0 -1 -1} dma_addr=0x00000000
314      0      1      1      -      0xFFFF0001 0xFFFF0000 -      -      | 8          | 0          0          1        -        1        1        | S_LN_0           -        0x00000000 -      -          -          0x00000000 | 1          0          7          | wl{- 0 -1 -1} dma_addr=0x00000000
315      0      1      1      -      0xFFFF0001 0xFFFF0000 -      -      | 8          | 0          0          -        -        -        1        | S_LN_0           -        0x00000000 -      -          -          0x00000000 | 1          0          7          | wl{- 0 -1 -1} dma_addr=0x00000000
316      0      1      1      -      0xFFFF0001 0xFFFF0000 -      -      | 8          | 0          0          1        -        1        1        | S_LN_0           -        0x00000000 -      -          -          0x00000000 | 1          0          7          | wl{- 0 -1 -1} dma_addr=0x00000000
317      0      1      1      -      0xFFFF0001 0xFFFF0000 -      -      | 8          | 0          0          -        -        -        1        | S_LN_0           -        0x00000000 -      -          -          0x00000000 | 1          0          7          | wl{- 0 -1 -1} dma_addr=0x00000000
318      0      1      1      -      0xFFFF0001 0xFFFF0000 -      -      | 8          | 0          0          1        -        1        1        | S_LN_0           -        0x00000000 -      -          -          0x00000000 | 1          0          7          | wl{- 0 -1 -1} dma_addr=0x00000000
319      0      1      1      -      0xFFFF0001 0xFFFF0000 -      -      | 8          | 0          0          -        -        -        1        | S_LN_0           -        0x00000000 -      -          -          0x00000000 | 1          0          7          | wl{- 0 -1 -1} dma_addr=0x00000000
320      0      1      1      -      0xFFFF0001 0xFFFF0000 -      -      | 8          | 0          0          1        -        1        1        | S_LN_0           -        0x00000000 -      -          -          0x00000000 | 1          0          7          | wl{- 0 -1 -1} dma_addr=0x00000000
321      0      1      1      -      0xFFFF0001 0xFFFF0000 -      -      | 8          | 0          0          -        -        -        1        | S_LN_0           -        0x00000000 -      -          -          0x00000000 | 1          0          7          | wl{- 0 -1 -1} dma_addr=0x00000000
322      0      1      1      -      0xFFFF0001 0xFFFF0000 -      -      | 8          | 0          0          1        -        1        1        | S_LN_0           -        0x00000000 -      -          -          0x00000000 | 1          0          7          | wl{- 0 -1 -1} dma_addr=0x00000000
323      0      1      1      -      0xFFFF0001 0xFFFF0000 -      -      | 8          | 0          0          -        -        -        1        | S_LN_0           -        0x00000000 -      -          -          0x00000000 | 1          0          7          | wl{- 0 -1 -1} dma_addr=0x00000000
324      0      1      1      -      0xFFFF0001 0xFFFF0000 -      -      | 8          | 0          0          1        -        1        1        | S_LN_0           -        0x00000000 -      -          -          0x00000000 | 1          0          7          | wl{- 0 -1 -1} dma_addr=0x00000000
325      0      1      1      -      0xFFFF0001 0xFFFF0000 -      -      | 8          | 0          0          -        -        -        1        | S_LN_0           -        0x00000000 -      -          -          0x00000000 | 1          0          7          | wl{- 0 -1 -1} dma_addr=0x00000000
326      0      1      1      -      0xFFFF0001 0xFFFF0000 -      -      | 8          | 0          0          1        -        1        1        | S_LN_0           -        0x00000000 -      -          -          0x00000000 | 1          0          7          | wl{- 0 -1 -1} dma_addr=0x00000000
327      0      1      1      -      0xFFFF0001 0xFFFF0000 -      -      | 8          | 0          0          -        -        -        1        | S_LN_0           -        0x00000000 -      -          -          0x00000000 | 1          0          7          | wl{- 0 -1 -1} dma_addr=0x00000000
328      0      1      1      -      0xFFFF0001 0xFFFF0000 -      -      | 8          | 0          0          1        -        1        1        | S_LN_0           -        0x00000000 -      -          -          0x00000000 | 1          0          7          | wl{- 0 -1 -1} dma_addr=0x00000000
329      0      1      1      -      0xFFFF0001 0xFFFF0000 -      -      | 8          | 0          0          -        -        -        1        | S_LN_0           -        0x00000000 -      -          -          0x00000000 | 1          0          7          | wl{- 0 -1 -1} dma_addr=0x00000000
330      0      1      1      -      0xFFFF0001 0xFFFF0000 -      -      | 8          | 0          0          1        -        1        1        | S_LN_0           -        0x00000000 -      -          -          0x00000000 | 1          0          7          | wl{- 0 -1 -1} dma_addr=0x00000000
331      0      1      1      -      0xFFFF0001 0xFFFF0000 -      -      | 8          | 0          0          -        -        -        1        | S_LN_0           -        0x00000000 -      -          -          0x00000000 | 1          0          7          | wl{- 0 -1 -1} dma_addr=0x00000000
332      0      1      1      -      0xFFFF0001 0xFFFF0000 -      -      | 8          | 0          0          1        -        1        1        | S_LN_0           -        0x00000000 -      -          -          0x00000000 | 1          0          7          | wl{- 0 -1 -1} dma_addr=0x00000000
333      0      1      1      -      0xFFFF0001 0xFFFF0000 -      -      | 8          | 0          0          -        -        -        1        | S_LN_0           -        0x00000000 -      -          -          0x00000000 | 1          0          7          | wl{- 0 -1 -1} dma_addr=0x00000000
334      0      1      1      -      0xFFFF0001 0xFFFF0000 -      -      | 8          | 0          0          1        -        1        1        | S_LN_0           -        0x00000000 -      -          -          0x00000000 | 1          0          7          | wl{- 0 -1 -1} dma_addr=0x00000000
335      0      1      1      -      0xFFFF0001 0xFFFF0000 -      -      | 8          | 0          0          -        -        -        1        | S_LN_0           -        0x00000000 -      -          -          0x00000000 | 1          0          7          | wl{- 0 -1 -1} dma_addr=0x00000000
336      0      1      1      -      0xFFFF0001 0xFFFF0000 -      -      | 8          | 0          0          1        -        1        1        | S_LN_0           -        0x00000000 -      -          -          0x00000000 | 1          0          7          | wl{- 0 -1 -1} dma_addr=0x00000000
337      0      1      1      -      0xFFFF0001 0xFFFF0000 -      -      | 8          | 0          0          -        -        -        1        | S_LN_0           -        0x00000000 -      -          -          0x00000000 | 1          0          7          | wl{- 0 -1 -1} dma_addr=0x00000000
338      0      1      1      -      0xFFFF0001 0xFFFF0000 -      -      | 8          | 0          0          1        -        1        1        | S_LN_0           -        0x00000000 -      -          -          0x00000000 | 1          0          7          | wl{- 0 -1 -1} dma_addr=0x00000000
339      0      1      1      -      0xFFFF0001 0xFFFF0000 -      -      | 8          | 0          0          -        -        -        1        | S_LN_0           -        0x00000000 -      -          -          0x00000000 | 1          0          7          | wl{- 0 -1 -1} dma_addr=0x00000000
340      0      1      1      -      0xFFFF0001 0xFFFF0000 -      -      | 8          | 0          0          1        -        1        1        | S_LN_0           -        0x00000000 -      -          -          0x00000000 | 1          0          7          | wl{- 0 -1 -1} dma_addr=0x00000000
341      0      1      1      -      0xFFFF0001 0xFFFF0000 -      -      | 8          | 0          0          -        -        -        1        | S_LN_0           -        0x00000000 -      -          -          0x00000000 | 1          0          7          | wl{- 0 -1 -1} dma_addr=0x00000000
342      0      1      1      -      0xFFFF0001 0xFFFF0000 -      -      | 8          | 0          0          1        -        1        1        | S_LN_0           -        0x00000000 -      -          -          0x00000000 | 1          0          7          | wl{- 0 -1 -1} dma_addr=0x00000000
343      0      1      1      -      0xFFFF0001 0xFFFF0000 -      -      | 8          | 0          0          -        -        -        1        | S_LN_0           -        0x00000000 -      -          -          0x00000000 | 1          0          7          | wl{- 0 -1 -1} dma_addr=0x00000000
344      0      1      1      -      0xFFFF0001 0xFFFF0000 -      -      | 8          | 0          0          1        -        1        1        | S_LN_0           -        0x00000000 -      -          -          0x00000000 | 1          0          7          | wl{- 0 -1 -1} dma_addr=0x00000000
345      0      1      1      -      0xFFFF0001 0xFFFF0000 -      -      | 8          | 0          0          -        -        -        1        | S_LN_0           -        0x00000000 -      -          -          0x00000000 | 1          0          7          | wl{- 0 -1 -1} dma_addr=0x00000000
346      0      1      1      -      0xFFFF0001 0xFFFF0000 -      -      | 8          | 0          0          1        -        1        1        | S_LN_0           -        0x00000000 -      -          -          0x00000000 | 1          0          7          | wl{- 0 -1 -1} dma_addr=0x00000000
347      0      1      1      -      0xFFFF0001 0xFFFF0000 -      -      | 8          | 0          0          -        -        -        1        | S_LN_0           -        0x00000000 -      -          -          0x00000000 | 1          0          7          | wl{- 0 -1 -1} dma_addr=0x00000000
348      0      1      1      -      0xFFFF0001 0xFFFF0000 -      -      | 8          | 0          0          1        -        1        1        | S_LN_0           -        0x00000000 -      -          -          0x00000000 | 1          0          7          | wl{- 0 -1 -1} dma_addr=0x00000000
349      0      1      1      -      0xFFFF0001 0xFFFF0000 -      -      | 8          | 0          0          -        -        -        1        | S_LN_0           -        0x00000000 -      -          -          0x00000000 | 1          0          7          | wl{- 0 -1 -1} dma_addr=0x00000000
350      0      1      1      -      0xFFFF0001 0xFFFF0000 -      -      | 8          | 0          0          1        -        1        1        | S_LN_0           -        0x00000000 -      -          -          0x00000000 | 1          0          7          | wl{- 0 -1 -1} dma_addr=0x00000000
351      0      1      1      -      0xFFFF0001 0xFFFF0000 -      -      | 8          | 0          0          -        -        -        1        | S_LN_0           -        0x00000000 -      -          -          0x00000000 | 1          0          7          | wl{- 0 -1 -1} dma_addr=0x00000000
352      0      1      1      -      0xFFFF0001 0xFFFF0000 -      -      | 8          | 0          0          1        -        1        1        | S_LN_0           -        0x00000000 -      -          -          0x00000000 | 1          0          7          | wl{- 0 -1 -1} dma_addr=0x00000000
353      0      1      1      -      0xFFFF0001 0xFFFF0000 -      -      | 8          | 0          0          -        -        -        1        | S_LN_0           -        0x00000000 -      -          -          0x00000000 | 1          0          7          | wl{- 0 -1 -1} dma_addr=0x00000000
354      0      1      1      -      0xFFFF0001 0xFFFF0000 -      -      | 8          | 0          0          1        -        1        1        | S_LN_0           -        0x00000000 -      -          -          0x00000000 | 1          0          7          | wl{- 0 -1 -1} dma_addr=0x00000000
355      0      1      1      -      0xFFFF0001 0xFFFF0000 -      -      | 8          | 0          0          -        -        -        1        | S_LN_0           -        0x00000000 -      -          -          0x00000000 | 1          0          7          | wl{- 0 -1 -1} dma_addr=0x00000000
356      0      1      1      -      0xFFFF0001 0xFFFF0000 -      -      | 8          | 0          0          1        -        1        1        | S_LN_0           -        0x00000000 -      -          -          0x00000000 | 1          0          7          | wl{- 0 -1 -1} dma_addr=0x00000000
357      0      1      1      -      0xFFFF0001 0xFFFF0000 -      -      | 8          | 0          0          -        -        -        1        | S_LN_0           -        0x00000000 -      -          -          0x00000000 | 1          0          7          | wl{- 0 -1 -1} dma_addr=0x00000000
358      0      1      1      -      0xFFFF0001 0xFFFF0000 -      -      | 8          | 0          0          1        -        1        1        | S_LN_0           -        0x00000000 -      -          -          0x00000000 | 1          0          7          | wl{- 0 -1 -1} dma_addr=0x00000000
359      0      1      1      -      0xFFFF0001 0xFFFF0000 -      -      | 8          | 0          0          -        -        -        1        | S_LN_0           -        0x00000000 -      -          -          0x00000000 | 1          0          7          | wl{- 0 -1 -1} dma_addr=0x00000000
360      0      1      1      -      0xFFFF0001 0xFFFF0000 -      -      | 8          | 0          0          1        -        1        1        | S_LN_0           -        0x00000000 -      -          -          0x00000000 | 1          0          7          | wl{- 0 -1 -1} dma_addr=0x00000000
361      0      1      1      -      0xFFFF0001 0xFFFF0000 -      -      | 8          | 0          0          -        -        -        1        | S_LN_0           -        0x00000000 -      -          -          0x00000000 | 1          0          7          | wl{- 0 -1 -1} dma_addr=0x00000000
362      0      1      1      -      0xFFFF0001 0xFFFF0000 -      -      | 8          | 0          0          1        -        1        1        | S_LN_0           -        0x00000000 -      -          -          0x00000000 | 1          0          7          | wl{- 0 -1 -1} dma_addr=0x00000000
363      0      1      1      -      0xFFFF0001 0xFFFF0000 -      -      | 8          | 0          0          -        -        -        1        | S_LN_0           -        0x00000000 -      -          -          0x00000000 | 1          0          7          | wl{- 0 -1 -1} dma_addr=0x00000000
364      0      1      1      -      0xFFFF0001 0xFFFF0000 -      -      | 8          | 0          0          1        -        1        1        | S_LN_0           -        0x00000000 -      -          -          0x00000000 | 1          0          7          | wl{- 0 -1 -1} dma_addr=0x00000000
365      0      1      1      -      0xFFFF0001 0xFFFF0000 -      -      | 8          | 0          0          -        -        -        1        | S_LN_0           -        0x00000000 -      -          -          0x00000000 | 1          0          7          | wl{- 0 -1 -1} dma_addr=0x00000000
366      0      1      1      -      0xFFFF0001 0xFFFF0000 -      -      | 8          | 0          0          1        -        1        1        | S_LN_0           -        0x00000000 -      -          -          0x00000000 | 1          0          7          | wl{- 0 -1 -1} dma_addr=0x00000000
367      0      1      1      -      0xFFFF0001 0xFFFF0000 -      -      | 8          | 0          0          -        -        -        1        | S_LN_0           -        0x00000000 -      -          -          0x00000000 | 1          0          7          | wl{- 0 -1 -1} dma_addr=0x00000000
368      0      1      1      -      0xFFFF0001 0xFFFF0000 -      -      | 8          | 0          0          1        -        1        1        | S_LN_0           -        0x00000000 -      -          -          0x00000000 | 1          0          7          | wl{- 0 -1 -1} dma_addr=0x00000000
369      0      1      1      -      0xFFFF0001 0xFFFF0000 -      -      | 8          | 0          0          -        -        -        1        | S_LN_0           -        0x00000000 -      -          -          0x00000000 | 1          0          7          | wl{- 0 -1 -1} dma_addr=0x00000000
370      0      1      1      -      0xFFFF0001 0xFFFF0000 -      -      | 8          | 0          0          1        -        1        1        | S_LN_0           -        0x00000000 -      -          -          0x00000000 | 1          0          7          | wl{- 0 -1 -1} dma_addr=0x00000000
371      0      1      1      -      0xFFFF0001 0xFFFF0000 -      -      | 8          | 0          0          -        -        -        1        | S_LN_0           -        0x00000000 -      -          -          0x00000000 | 1          0          7          | wl{- 0 -1 -1} dma_addr=0x00000000
372      0      1      1      -      0xFFFF0001 0xFFFF0000 -      -      | 8          | 0          0          1        -        1        1        | S_LN_0           -        0x00000000 -      -          -          0x00000000 | 1          0          7          | wl{- 0 -1 -1} dma_addr=0x00000000
373      0      1      1      -      0xFFFF0001 0xFFFF0000 -      -      | 8          | 0          0          -        -        -        1        | S_LN_0           -        0x00000000 -      -          -          0x00000000 | 1          0          7          | wl{- 0 -1 -1} dma_addr=0x00000000
374      0      1      1      -      0xFFFF0001 0xFFFF0000 -      -      | 8          | 0          0          1        -        1        1        | S_LN_0           -        0x00000000 -      -          -          0x00000000 | 1          0          7          | wl{- 0 -1 -1} dma_addr=0x00000000
375      0      1      1      -      0xFFFF0001 0xFFFF0000 -      -      | 8          | 0          0          -        -        -        1        | S_LN_0           -        0x00000000 -      -          -          0x00000000 | 1          0          7          | wl{- 0 -1 -1} dma_addr=0x00000000
376      0      1      1      -      0xFFFF0001 0xFFFF0000 -      -      | 8          | 0          0          1        -        1        1        | S_LN_0           -        0x00000000 -      -          -          0x00000000 | 1          0          7          | wl{- 0 -1 -1} dma_addr=0x00000000
377      0      1      1      -      0xFFFF0001 0xFFFF0000 -      -      | 8          | 0          0          -        -        -        1        | S_LN_0           -        0x00000000 -      -          -          0x00000000 | 1          0          7          | wl{- 0 -1 -1} dma_addr=0x00000000
378      0      1      1      -      0xFFFF0001 0xFFFF0000 -      -      | 8          | 0          0          1        -        1        1        | S_LN_0           -        0x00000000 -      -          -          0x00000000 | 1          0          7          | wl{- 0 -1 -1} dma_addr=0x00000000
379      0      1      1      -      0xFFFF0001 0xFFFF0000 -      -      | 8          | 0          0          -        -        -        1        | S_LN_0           -        0x00000000 -      -          -          0x00000000 | 1          0          7          | wl{- 0 -1 -1} dma_addr=0x00000000
380      0      1      1      -      0xFFFF0001 0xFFFF0000 -      -      | 8          | 0          0          1        -        1        1        | S_LN_0           -        0x00000000 -      -          -          0x00000000 | 1          0          7          | wl{- 0 -1 -1} dma_addr=0x00000000
381      0      1      1      -      0xFFFF0001 0xFFFF0000 -      -      | 8          | 0          0          -        -        -        1        | S_LN_0           -        0x00000000 -      -          -          0x00000000 | 1          0          7          | wl{- 0 -1 -1} dma_addr=0x00000000
382      0      1      1      -      0xFFFF0001 0xFFFF0000 -      -      | 8          | 0          0          1        -        1        1        | S_LN_0           -        0x00000000 -      -          -          0x00000000 | 1          0          7          | wl{- 0 -1 -1} dma_addr=0x00000000
383      0      1      1      -      0xFFFF0001 0xFFFF0000 -      -      | 8          | 0          0          -        -        -        1        | S_LN_0           -        0x00000000 -      -          -          0x00000000 | 1          0          7          | wl{- 0 -1 -1} dma_addr=0x00000000
384      0      1      1      -      0xFFFF0001 0xFFFF0000 -      -      | 8          | 0          0          1        -        1        1        | S_LN_0           -        0x00000000 -      -          -          0x00000000 | 1          0          7          | wl{- 0 -1 -1} dma_addr=0x00000000
385      0      1      1      -      0xFFFF0001 0xFFFF0000 -      -      | 8          | 0          0          -        -        -        1        | S_LN_0           -        0x00000000 -      -          -          0x00000000 | 1          0          7          | wl{- 0 -1 -1} dma_addr=0x00000000
386      0      1      1      -      0xFFFF0001 0xFFFF0000 -      -      | 8          | 0          0          1        -        1        1        | S_LN_0           -        0x00000000 -      -          -          0x00000000 | 1          0          7          | wl{- 0 -1 -1} dma_addr=0x00000000
387      0      1      1      -      0xFFFF0001 0xFFFF0000 -      -      | 8          | 0          0          -        -        -        1        | S_LN_0           -        0x00000000 -      -          -          0x00000000 | 1          0          7          | wl{- 0 -1 -1} dma_addr=0x00000000
388      0      1      1      -      0xFFFF0001 0xFFFF0000 -      -      | 8          | 0          0          1        -        1        1        | S_LN_0           -        0x00000000 -      -          -          0x00000000 | 1          0          7          | wl{- 0 -1 -1} dma_addr=0x00000000
389      0      1      1      -      0xFFFF0001 0xFFFF0000 -      -      | 8          | 0          0          -        -        -        1        | S_LN_0           -        0x00000000 -      -          -          0x00000000 | 1          0          7          | wl{- 0 -1 -1} dma_addr=0x00000000
390      0      1      1      -      0xFFFF0001 0xFFFF0000 -      -      | 8          | 0          0          1        -        1        1        | S_LN_0           -        0x00000000 -      -          -          0x00000000 | 1          0          7          | wl{- 0 -1 -1} dma_addr=0x00000000
391      0      1      1      -      0xFFFF0001 0xFFFF0000 -      -      | 8          | 0          0          -        -        -        1        | S_LN_0           -        0x00000000 -      -          -          0x00000000 | 1          0          7          | wl{- 0 -1 -1} dma_addr=0x00000000
392      0      1      1      -      0xFFFF0001 0xFFFF0000 -      -      | 8          | 0          0          1        -        1        1        | S_LN_0           -        0x00000000 -      -          -          0x00000000 | 1          0          7          | wl{- 0 -1 -1} dma_addr=0x00000000
393      0      1      1      -      0xFFFF0001 0xFFFF0000 -      -      | 8          | 0          0          -        -        -        1        | S_LN_0           -        0x00000000 -      -          -          0x00000000 | 1          0          7          | wl{- 0 -1 -1} dma_addr=0x00000000
394      0      1      1      -      0xFFFF0001 0xFFFF0000 -      -      | 8          | 0          0          1        -        1        1        | S_LN_0           -        0x00000000 -      -          -          0x00000000 | 1          0          7          | wl{- 0 -1 -1} dma_addr=0x00000000
395      0      1      1      -      0xFFFF0001 0xFFFF0000 -      -      | 8          | 0          0          -        -        -        1        | S_LN_0           -        0x00000000 -      -          -          0x00000000 | 1          0          7          | wl{- 0 -1 -1} dma_addr=0x00000000
396      0      1      1      -      0xFFFF0001 0xFFFF0000 -      -      | 8          | 0          0          1        -        1        1        | S_LN_0           -        0x00000000 -      -          -          0x00000000 | 1          0          7          | wl{- 0 -1 -1} dma_addr=0x00000000
397      0      1      1      -      0xFFFF0001 0xFFFF0000 -      -      | 8          | 0          0          -        -        -        1        | S_LN_0           -        0x00000000 -      -          -          0x00000000 | 1          0          7          | wl{- 0 -1 -1} dma_addr=0x00000000
398      0      1      1      -      0xFFFF0001 0xFFFF0000 -      -      | 8          | 0          0          1        -        1        1        | S_LN_0           -        0x00000000 -      -          -          0x00000000 | 1          0          7          | wl{- 0 -1 -1} dma_addr=0x00000000
399      0      1      1      -      0xFFFF0001 0xFFFF0000 -      -      | 8          | 0          0          -        -        -        1        | S_LN_0           -        0x00000000 -      -          -          0x00000000 | 1          0          7          | wl{- 0 -1 -1} dma_addr=0x00000000
400      0      1      1      -      0xFFFF0001 0xFFFF0000 -      -      | 8          | 0          0          1        -        1        1        | S_LN_0           -        0x00000000 -      -          -          0x00000000 | 1          0          7          | wl{- 0 -1 -1} dma_addr=0x00000000
401      0      1      1      -      0xFFFF0001 0xFFFF0000 -      -      | 8          | 0          0          -        -        -        1        | S_LN_0           -        0x00000000 -      -          -          0x00000000 | 1          0          7          | wl{- 0 -1 -1} dma_addr=0x00000000
402      0      1      1      -      0xFFFF0001 0xFFFF0000 -      -      | 8          | 0          0          1        -        1        1        | S_LN_0           -        0x00000000 -      -          -          0x00000000 | 1          0          7          | wl{- 0 -1 -1} dma_addr=0x00000000
403      0      1      1      -      0xFFFF0001 0xFFFF0000 -      -      | 8          | 0          0          -        -        -        1        | S_LN_0           -        0x00000000 -      -          -          0x00000000 | 1          0          7          | wl{- 0 -1 -1} dma_addr=0x00000000
404      0      1      1      -      0xFFFF0001 0xFFFF0000 -      -      | 8          | 0          0          1        -        1        1        | S_LN_0           -        0x00000000 -      -          -          0x00000000 | 1          0          7          | wl{- 0 -1 -1} dma_addr=0x00000000
405      0      1      1      -      0xFFFF0001 0xFFFF0000 -      -      | 8          | 0          0          -        -        -        1        | S_LN_0           -        0x00000000 -      -          -          0x00000000 | 1          0          7          | wl{- 0 -1 -1} dma_addr=0x00000000
406      0      1      1      -      0xFFFF0001 0xFFFF0000 -      -      | 8          | 0          0          1        -        1        1        | S_LN_0           -        0x00000000 -      -          -          0x00000000 | 1          0          7          | wl{- 0 -1 -1} dma_addr=0x00000000
407      0      1      1      -      0xFFFF0001 0xFFFF0000 -      -      | 8          | 0          0          -        -        -        1        | S_LN_0           -        0x00000000 -      -          -          0x00000000 | 1          0          7          | wl{- 0 -1 -1} dma_addr=0x00000000
408      0      1      1      -      0xFFFF0001 0xFFFF0000 -      -      | 8          | 0          0          1        -        1        1        | S_LN_0           -        0x00000000 -      -          -          0x00000000 | 1          0          7          | wl{- 0 -1 -1} dma_addr=0x00000000
409      0      1      1      -      0xFFFF0001 0xFFFF0000 -      -      | 8          | 0          0          -        -        -        1        | S_LN_0           -        0x00000000 -      -          -          0x00000000 | 1          0          7          | wl{- 0 -1 -1} dma_addr=0x00000000
410      0      1      1      -      0xFFFF0001 0xFFFF0000 -      -      | 8          | 0          0          1        -        1        1        | S_LN_0           -        0x00000000 -      -          -          0x00000000 | 1          0          7          | wl{- 0 -1 -1} dma_addr=0x00000000
411      0      1      1      -      0xFFFF0001 0xFFFF0000 -      -      | 8          | 0          0          -        -        -        1        | S_LN_0           -        0x00000000 -      -          -          0x00000000 | 1          0          7          | wl{- 0 -1 -1} dma_addr=0x00000000
412      0      1      1      -      0xFFFF0001 0xFFFF0000 -      -      | 8          | 0          0          1        -        1        1        | S_LN_0           -        0x00000000 -      -          -          0x00000000 | 1          0          7          | wl{- 0 -1 -1} dma_addr=0x00000000
413      0      1      1      -      0xFFFF0001 0xFFFF0000 -      -      | 8          | 0          0          -        -        -        1        | S_LN_0           -        0x00000000 -      -          -          0x00000000 | 1          0          7          | wl{- 0 -1 -1} dma_addr=0x00000000
414      0      1      1      -      0xFFFF0001 0xFFFF0000 -      -      | 8          | 0          0          1        -        1        1        | S_LN_0           -        0x00000000 -      -          -          0x00000000 | 1          0          7          | wl{- 0 -1 -1} dma_addr=0x00000000
415      0      1      1      -      0xFFFF0001 0xFFFF0000 -      -      | 8          | 0          0          -        -        -        1        | S_LN_0           -        0x00000000 -      -          -          0x00000000 | 1          0          7          | wl{- 0 -1 -1} dma_addr=0x00000000
416      0      1      1      -      0xFFFF0001 0xFFFF0000 -      -      | 8          | 0          0          1        -        1        1        | S_LN_0           -        0x00000000 -      -          -          0x00000000 | 1          0          7          | wl{- 0 -1 -1} dma_addr=0x00000000
417      0      1      1      -      0xFFFF0001 0xFFFF0000 -      -      | 8          | 0          0          -        -        -        1        | S_LN_0           -        0x00000000 -      -          -          0x00000000 | 1          0          7          | wl{- 0 -1 -1} dma_addr=0x00000000
418      0      1      1      -      0xFFFF0001 0xFFFF0000 -      -      | 8          | 0          0          1        -        1        1        | S_LN_0           -        0x00000000 -      -          -          0x00000000 | 1          0          7          | wl{- 0 -1 -1} dma_addr=0x00000000
419      0      1      1      -      0xFFFF0001 0xFFFF0000 -      -      | 8          | 0          0          -        -        -        1        | S_LN_0           -        0x00000000 -      -          -          0x00000000 | 1          0          7          | wl{- 0 -1 -1} dma_addr=0x00000000
420      0      1      1      -      0xFFFF0001 0xFFFF0000 -      -      | 8          | 0          0          1        -        1        1        | S_LN_0           -        0x00000000 -      -          -          0x00000000 | 1          0          7          | wl{- 0 -1 -1} dma_addr=0x00000000
421      0      1      1      -      0xFFFF0001 0xFFFF0000 -      -      | 8          | 0          0          -        -        -        1        | S_LN_0           -        0x00000000 -      -          -          0x00000000 | 1          0          7          | wl{- 0 -1 -1} dma_addr=0x00000000
422      0      1      1      -      0xFFFF0001 0xFFFF0000 -      -      | 8          | 0          0          1        -        1        1        | S_LN_0           -        0x00000000 -      -          -          0x00000000 | 1          0          7          | wl{- 0 -1 -1} dma_addr=0x00000000
423      0      1      1      -      0xFFFF0001 0xFFFF0000 -      -      | 8          | 0          0          -        -        -        1        | S_LN_0           -        0x00000000 -      -          -          0x00000000 | 1          0          7          | wl{- 0 -1 -1} dma_addr=0x00000000
424      0      1      1      -      0xFFFF0001 0xFFFF0000 -      -      | 8          | 0          0          1        -        1        1        | S_LN_0           -        0x00000000 -      -          -          0x00000000 | 1          0          7          | wl{- 0 -1 -1} dma_addr=0x00000000
425      0      1      1      -      0xFFFF0001 0xFFFF0000 -      -      | 8          | 0          0          -        -        -        1        | S_LN_0           -        0x00000000 -      -          -          0x00000000 | 1          0          7          | wl{- 0 -1 -1} dma_addr=0x00000000
426      0      1      1      -      0xFFFF0001 0xFFFF0000 -      -      | 8          | 0          0          1        -        1        1        | S_LN_0           -        0x00000000 -      -          -          0x00000000 | 1          0          7          | wl{- 0 -1 -1} dma_addr=0x00000000
427      0      1      1      -      0xFFFF0001 0xFFFF0000 -      -      | 8          | 0          0          -        -        -        1        | S_LN_0           -        0x00000000 -      -          -          0x00000000 | 1          0          7          | wl{- 0 -1 -1} dma_addr=0x00000000
428      0      1      1      -      0xFFFF0001 0xFFFF0000 -      -      | 8          | 0          0          1        -        1        1        | S_LN_0           -        0x00000000 -      -          -          0x00000000 | 1          0          7          | wl{- 0 -1 -1} dma_addr=0x00000000
429      0      1      1      -      0xFFFF0001 0xFFFF0000 -      -      | 8          | 0          0          -        -        -        1        | S_LN_0           -        0x00000000 -      -          -          0x00000000 | 1          0          7          | wl{- 0 -1 -1} dma_addr=0x00000000
430      0      1      1      -      0xFFFF0001 0xFFFF0000 -      -      | 8          | 0          0          1        -        1        1        | S_LN_0           -        0x00000000 -      -          -          0x00000000 | 1          0          7          | wl{- 0 -1 -1} dma_addr=0x00000000
431      0      1      1      -      0xFFFF0001 0xFFFF0000 -      -      | 8          | 0          0          -        -        -        1        | S_LN_0           -        0x00000000 -      -          -          0x00000000 | 1          0          7          | wl{- 0 -1 -1} dma_addr=0x00000000
432      0      1      1      -      0xFFFF0001 0xFFFF0000 -      -      | 8          | 0          0          1        -        1        1        | S_LN_0           -        0x00000000 -      -          -          0x00000000 | 1          0          7          | wl{- 0 -1 -1} dma_addr=0x00000000
433      0      1      1      -      0xFFFF0001 0xFFFF0000 -      -      | 8          | 0          0          -        -        -        1        | S_LN_0           -        0x00000000 -      -          -          0x00000000 | 1          0          7          | wl{- 0 -1 -1} dma_addr=0x00000000
434      0      1      1      -      0xFFFF0001 0xFFFF0000 -      -      | 8          | 0          0          1        -        1        1        | S_LN_0           -        0x00000000 -      -          -          0x00000000 | 1          0          7          | wl{- 0 -1 -1} dma_addr=0x00000000
435      0      1      1      -      0xFFFF0001 0xFFFF0000 -      -      | 8          | 0          0          -        -        -        1        | S_LN_0           -        0x00000000 -      -          -          0x00000000 | 1          0          7          | wl{- 0 -1 -1} dma_addr=0x00000000
436      0      1      1      -      0xFFFF0001 0xFFFF0000 -      -      | 8          | 0          0          1        -        1        1        | S_LN_0           -        0x00000000 -      -          -          0x00000000 | 1          0          7          | wl{- 0 -1 -1} dma_addr=0x00000000
437      0      1      1      -      0xFFFF0001 0xFFFF0000 -      -      | 8          | 0          0          -        -        -        1        | S_LN_0           -        0x00000000 -      -          -          0x00000000 | 1          0          7          | wl{- 0 -1 -1} dma_addr=0x00000000
438      0      1      1      -      0xFFFF0001 0xFFFF0000 -      -      | 8          | 0          0          1        -        1        1        | S_LN_0           -        0x00000000 -      -          -          0x00000000 | 1          0          7          | wl{- 0 -1 -1} dma_addr=0x00000000
439      0      1      1      -      0xFFFF0001 0xFFFF0000 -      -      | 8          | 0          0          -        -        -        1        | S_LN_0           -        0x00000000 -      -          -          0x00000000 | 1          0          7          | wl{- 0 -1 -1} dma_addr=0x00000000
440      0      1      1      -      0xFFFF0001 0xFFFF0000 -      -      | 8          | 0          0          1        -        1        1        | S_LN_0           -        0x00000000 -      -          -          0x00000000 | 1          0          7          | wl{- 0 -1 -1} dma_addr=0x00000000
441      0      1      1      -      0xFFFF0001 0xFFFF0000 -      -      | 8          | 0          0          -        -        -        1        | S_LN_0           -        0x00000000 -      -          -          0x00000000 | 1          0          7          | wl{- 0 -1 -1} dma_addr=0x00000000
442      0      1      1      -      0xFFFF0001 0xFFFF0000 -      -      | 8          | 0          0          1        -        1        1        | S_LN_0           -        0x00000000 -      -          -          0x00000000 | 1          0          7          | wl{- 0 -1 -1} dma_addr=0x00000000
443      0      1      1      -      0xFFFF0001 0xFFFF0000 -      -      | 8          | 0          0          -        -        -        1        | S_LN_0           -        0x00000000 -      -          -          0x00000000 | 1          0          7          | wl{- 0 -1 -1} dma_addr=0x00000000
444      0      1      1      -      0xFFFF0001 0xFFFF0000 -      -      | 8          | 0          0          1        -        1        1        | S_LN_0           -        0x00000000 -      -          -          0x00000000 | 1          0          7          | wl{- 0 -1 -1} dma_addr=0x00000000
445      0      1      1      -      0xFFFF0001 0xFFFF0000 -      -      | 8          | 0          0          -        -        -        1        | S_LN_0           -        0x00000000 -      -          -          0x00000000 | 1          0          7          | wl{- 0 -1 -1} dma_addr=0x00000000
446      0      1      1      -      0xFFFF0001 0xFFFF0000 -      -      | 8          | 0          0          1        -        1        1        | S_LN_0           -        0x00000000 -      -          -          0x00000000 | 1          0          7          | wl{- 0 -1 -1} dma_addr=0x00000000
447      0      1      1      -      0xFFFF0001 0xFFFF0000 -      -      | 8          | 0          0          -        -        -        1        | S_LN_0           -        0x00000000 -      -          -          0x00000000 | 1          0          7          | wl{- 0 -1 -1} dma_addr=0x00000000
448      0      1      1      -      0xFFFF0001 0xFFFF0000 -      -      | 8          | 0          0          1        -        1        1        | S_LN_0           -        0x00000000 -      -          -          0x00000000 | 1          0          7          | wl{- 0 -1 -1} dma_addr=0x00000000
449      0      1      1      -      0xFFFF0001 0xFFFF0000 -      -      | 8          | 0          0          -        -        -        1        | S_LN_0           -        0x00000000 -      -          -          0x00000000 | 1          0          7          | wl{- 0 -1 -1} dma_addr=0x00000000
450      0      1      1      -      0xFFFF0001 0xFFFF0000 -      -      | 8          | 0          0          1        -        1        1        | S_LN_0           -        0x00000000 -      -          -          0x00000000 | 1          0          7          | wl{- 0 -1 -1} dma_addr=0x00000000
451      0      1      1      -      0xFFFF0001 0xFFFF0000 -      -      | 8          | 0          0          -        -        -        1        | S_LN_0           -        0x00000000 -      -          -          0x00000000 | 1          0          7          | wl{- 0 -1 -1} dma_addr=0x00000000
452      0      1      1      -      0xFFFF0001 0xFFFF0000 -      -      | 8          | 0          0          1        -        1        1        | S_LN_0           -        0x00000000 -      -          -          0x00000000 | 1          0          7          | wl{- 0 -1 -1} dma_addr=0x00000000
453      0      1      1      -      0xFFFF0001 0xFFFF0000 -      -      | 8          | 0          0          -        -        -        1        | S_LN_0           -        0x00000000 -      -          -          0x00000000 | 1          0          7          | wl{- 0 -1 -1} dma_addr=0x00000000
454      0      1      1      -      0xFFFF0001 0xFFFF0000 -      -      | 8          | 0          0          1        -        1        1        | S_LN_0           -        0x00000000 -      -          -          0x00000000 | 1          0          7          | wl{- 0 -1 -1} dma_addr=0x00000000
455      0      1      1      -      0xFFFF0001 0xFFFF0000 -      -      | 8          | 0          0          -        -        -        1        | S_LN_0           -        0x00000000 -      -          -          0x00000000 | 1          0          7          | wl{- 0 -1 -1} dma_addr=0x00000000
456      0      1      1      -      0xFFFF0001 0xFFFF0000 -      -      | 8          | 0          0          1        -        1        1        | S_LN_0           -        0x00000000 -      -          -          0x00000000 | 1          0          7          | wl{- 0 -1 -1} dma_addr=0x00000000
457      0      1      1      -      0xFFFF0001 0xFFFF0000 -      -      | 8          | 0          0          -        -        -        1        | S_LN_0           -        0x00000000 -      -          -          0x00000000 | 1          0          7          | wl{- 0 -1 -1} dma_addr=0x00000000
458      0      1      1      -      0xFFFF0001 0xFFFF0000 -      -      | 8          | 0          0          1        -        1        1        | S_LN_0           -        0x00000000 -      -          -          0x00000000 | 1          0          7          | wl{- 0 -1 -1} dma_addr=0x00000000
459      0      1      1      -      0xFFFF0001 0xFFFF0000 -      -      | 8          | 0          0          -        -        -        1        | S_LN_0           -        0x00000000 -      -          -          0x00000000 | 1          0          7          | wl{- 0 -1 -1} dma_addr=0x00000000
460      0      1      1      -      0xFFFF0001 0xFFFF0000 -      -      | 8          | 0          0          1        -        1        1        | S_LN_0           -        0x00000000 -      -          -          0x00000000 | 1          0          7          | wl{- 0 -1 -1} dma_addr=0x00000000
461      0      1      1      -      0xFFFF0001 0xFFFF0000 -      -      | 8          | 0          0          -        -        -        1        | S_LN_0           -        0x00000000 -      -          -          0x00000000 | 1          0          7          | wl{- 0 -1 -1} dma_addr=0x00000000
462      0      1      1      -      0xFFFF0001 0xFFFF0000 -      -      | 8          | 0          0          1        -        1        1        | S_LN_0           -        0x00000000 -      -          -          0x00000000 | 1          0          7          | wl{- 0 -1 -1} dma_addr=0x00000000
463      0      1      1      -      0xFFFF0001 0xFFFF0000 -      -      | 8          | 0          0          -        -        -        1        | S_LN_0           -        0x00000000 -      -          -          0x00000000 | 1          0          7          | wl{- 0 -1 -1} dma_addr=0x00000000
464      0      1      1      -      0xFFFF0001 0xFFFF0000 -      -      | 8          | 0          0          1        -        1        1        | S_LN_0           -        0x00000000 -      -          -          0x00000000 | 1          0          7          | wl{- 0 -1 -1} dma_addr=0x00000000
465      0      1      1      -      0xFFFF0001 0xFFFF0000 -      -      | 8          | 0          0          -        -        -        1        | S_LN_0           -        0x00000000 -      -          -          0x00000000 | 1          0          7          | wl{- 0 -1 -1} dma_addr=0x00000000
466      0      1      1      -      0xFFFF0001 0xFFFF0000 -      -      | 8          | 0          0          1        -        1        1        | S_LN_0           -        0x00000000 -      -          -          0x00000000 | 1          0          7          | wl{- 0 -1 -1} dma_addr=0x00000000
467      0      1      1      -      0xFFFF0001 0xFFFF0000 -      -      | 8          | 0          0          -        -        -        1        | S_LN_0           -        0x00000000 -      -          -          0x00000000 | 1          0          7          | wl{- 0 -1 -1} dma_addr=0x00000000
468      0      1      1      -      0xFFFF0001 0xFFFF0000 -      -      | 8          | 0          0          1        -        1        1        | S_LN_0           -        0x00000000 -      -          -          0x00000000 | 1          0          7          | wl{- 0 -1 -1} dma_addr=0x00000000
469      0      1      1      -      0xFFFF0001 0xFFFF0000 -      -      | 8          | 0          0          -        -        -        1        | S_LN_0           -        0x00000000 -      -          -          0x00000000 | 1          0          7          | wl{- 0 -1 -1} dma_addr=0x00000000
470      0      1      1      -      0xFFFF0001 0xFFFF0000 -      -      | 8          | 0          0          1        -        1        1        | S_LN_0           -        0x00000000 -      -          -          0x00000000 | 1          0          7          | wl{- 0 -1 -1} dma_addr=0x00000000
471      0      1      1      -      0xFFFF0001 0xFFFF0000 -      -      | 8          | 0          0          -        -        -        1        | S_LN_0           -        0x00000000 -      -          -          0x00000000 | 1          0          7          | wl{- 0 -1 -1} dma_addr=0x00000000
472      0      1      1      -      0xFFFF0001 0xFFFF0000 -      -      | 8          | 0          0          1        -        1        1        | S_LN_0           -        0x00000000 -      -          -          0x00000000 | 1          0          7          | wl{- 0 -1 -1} dma_addr=0x00000000
473      0      1      1      -      0xFFFF0001 0xFFFF0000 -      -      | 8          | 0          0          -        -        -        1        | S_LN_0           -        0x00000000 -      -          -          0x00000000 | 1          0          7          | wl{- 0 -1 -1} dma_addr=0x00000000
474      0      1      1      -      0xFFFF0001 0xFFFF0000 -      -      | 8          | 0          0          1        -        1        1        | S_LN_0           -        0x00000000 -      -          -          0x00000000 | 1          0          7          | wl{- 0 -1 -1} dma_addr=0x00000000
475      0      1      1      -      0xFFFF0001 0xFFFF0000 -      -      | 8          | 0          0          -        -        -        1        | S_LN_0           -        0x00000000 -      -          -          0x00000000 | 1          0          7          | wl{- 0 -1 -1} dma_addr=0x00000000
476      0      1      1      -      0xFFFF0001 0xFFFF0000 -      -      | 8          | 0          0          1        -        1        1        | S_LN_0           -        0x00000000 -      -          -          0x00000000 | 1          0          7          | wl{- 0 -1 -1} dma_addr=0x00000000
477      0      1      1      -      0xFFFF0001 0xFFFF0000 -      -      | 8          | 0          0          -        -        -        1        | S_LN_0           -        0x00000000 -      -          -          0x00000000 | 1          0          7          | wl{- 0 -1 -1} dma_addr=0x00000000
478      0      1      1      -      0xFFFF0001 0xFFFF0000 -      -      | 8          | 0          0          1        -        1        1        | S_LN_0           -        0x00000000 -      -          -          0x00000000 | 1          0          7          | wl{- 0 -1 -1} dma_addr=0x00000000
479      0      1      1      -      0xFFFF0001 0xFFFF0000 -      -      | 8          | 0          0          -        -        -        1        | S_LN_0           -        0x00000000 -      -          -          0x00000000 | 1          0          7          | wl{- 0 -1 -1} dma_addr=0x00000000
480      0      1      1      -      0xFFFF0001 0xFFFF0000 -      -      | 8          | 0          0          1        -        1        1        | S_LN_0           -        0x00000000 -      -          -          0x00000000 | 1          0          7          | wl{- 0 -1 -1} dma_addr=0x00000000
481      0      1      1      -      0xFFFF0001 0xFFFF0000 -      -      | 8          | 0          0          -        -        -        1        | S_LN_0           -        0x00000000 -      -          -          0x00000000 | 1          0          7          | wl{- 0 -1 -1} dma_addr=0x00000000
482      0      1      1      -      0xFFFF0001 0xFFFF0000 -      -      | 8          | 0          0          1        -        1        1        | S_LN_0           -        0x00000000 -      -          -          0x00000000 | 1          0          7          | wl{- 0 -1 -1} dma_addr=0x00000000
483      0      1      1      -      0xFFFF0001 0xFFFF0000 -      -      | 8          | 0          0          -        -        -        1        | S_LN_0           -        0x00000000 -      -          -          0x00000000 | 1          0          7          | wl{- 0 -1 -1} dma_addr=0x00000000
484      0      1      1      -      0xFFFF0001 0xFFFF0000 -      -      | 8          | 0          0          1        -        1        1        | S_LN_0           -        0x00000000 -      -          -          0x00000000 | 1          0          7          | wl{- 0 -1 -1} dma_addr=0x00000000
485      0      1      1      -      0xFFFF0001 0xFFFF0000 -      -      | 8          | 0          0          -        -        -        1        | S_LN_0           -        0x00000000 -      -          -          0x00000000 | 1          0          7          | wl{- 0 -1 -1} dma_addr=0x00000000
486      0      1      1      -      0xFFFF0001 0xFFFF0000 -      -      | 8          | 0          0          1        -        1        1        | S_LN_0           -        0x00000000 -      -          -          0x00000000 | 1          0          7          | wl{- 0 -1 -1} dma_addr=0x00000000
487      0      1      1      -      0xFFFF0001 0xFFFF0000 -      -      | 8          | 0          0          -        -        -        1        | S_LN_0           -        0x00000000 -      -          -          0x00000000 | 1          0          7          | wl{- 0 -1 -1} dma_addr=0x00000000
488      0      1      1      -      0xFFFF0001 0xFFFF0000 -      -      | 8          | 0          0          1        -        1        1        | S_LN_0           -        0x00000000 -      -          -          0x00000000 | 1          0          7          | wl{- 0 -1 -1} dma_addr=0x00000000
489      0      1      1      -      0xFFFF0001 0xFFFF0000 -      -      | 8          | 0          0          -        -        -        1        | S_LN_0           -        0x00000000 -      -          -          0x00000000 | 1          0          7          | wl{- 0 -1 -1} dma_addr=0x00000000
490      0      1      1      -      0xFFFF0001 0xFFFF0000 -      -      | 8          | 0          0          1        -        1        1        | S_LN_0           -        0x00000000 -      -          -          0x00000000 | 1          0          7          | wl{- 0 -1 -1} dma_addr=0x00000000
491      0      1      1      -      0xFFFF0001 0xFFFF0000 -      -      | 8          | 0          0          -        -        -        1        | S_LN_0           -        0x00000000 -      -          -          0x00000000 | 1          0          7          | wl{- 0 -1 -1} dma_addr=0x00000000
492      0      1      1      -      0xFFFF0001 0xFFFF0000 -      -      | 8          | 0          0          1        -        1        1        | S_LN_0           -        0x00000000 -      -          -          0x00000000 | 1          0          7          | wl{- 0 -1 -1} dma_addr=0x00000000
493      0      1      1      -      0xFFFF0001 0xFFFF0000 -      -      | 8          | 0          0          -        -        -        1        | S_LN_0           -        0x00000000 -      -          -          0x00000000 | 1          0          7          | wl{- 0 -1 -1} dma_addr=0x00000000
494      0      1      1      -      0xFFFF0001 0xFFFF0000 -      -      | 8          | 0          0          1        -        1        1        | S_LN_0           -        0x00000000 -      -          -          0x00000000 | 1          0          7          | wl{- 0 -1 -1} dma_addr=0x00000000
495      0      1      1      -      0xFFFF0001 0xFFFF0000 -      -      | 8          | 0          0          -        -        -        1        | S_LN_0           -        0x00000000 -      -          -          0x00000000 | 1          0          7          | wl{- 0 -1 -1} dma_addr=0x00000000
496      0      1      1      -      0xFFFF0001 0xFFFF0000 -      -      | 8          | 0          0          1        -        1        1        | S_LN_0           -        0x00000000 -      -          -          0x00000000 | 1          0          7          | wl{- 0 -1 -1} dma_addr=0x00000000
497      0      1      1      -      0xFFFF0001 0xFFFF0000 -      -      | 8          | 0          0          -        -        -        1        | S_LN_0           -        0x00000000 -      -          -          0x00000000 | 1          0          7          | wl{- 0 -1 -1} dma_addr=0x00000000
498      0      1      1      -      0xFFFF0001 0xFFFF0000 -      -      | 8          | 0          0          1        -        1        1        | S_LN_0           -        0x00000000 -      -          -          0x00000000 | 1          0          7          | wl{- 0 -1 -1} dma_addr=0x00000000
499      0      1      1      -      0xFFFF0001 0xFFFF0000 -      -      | 8          | 0          0          -        -        -        1        | S_LN_0           -        0x00000000 -      -          -          0x00000000 | 1          0          7          | wl{- 0 -1 -1} dma_addr=0x00000000
500      0      1      1      -      0xFFFF0001 0xFFFF0000 -      -      | 8          | 0          0          1        -        1        1        | S_LN_0           -        0x00000000 -      -          -          0x00000000 | 1          0          7          | wl{- 0 -1 -1} dma_addr=0x00000000
501      0      1      1      -      0xFFFF0001 0xFFFF0000 -      -      | 8          | 0          0          -        -        -        1        | S_LN_0           -        0x00000000 -      -          -          0x00000000 | 1          0          7          | wl{- 0 -1 -1} dma_addr=0x00000000
502      0      1      1      -      0xFFFF0001 0xFFFF0000 -      -      | 8          | 0          0          1        -        1        1        | S_LN_0           -        0x00000000 -      -          -          0x00000000 | 1          0          7          | wl{- 0 -1 -1} dma_addr=0x00000000
503      0      1      1      -      0xFFFF0001 0xFFFF0000 -      -      | 8          | 0          0          -        -        -        1        | S_LN_0           -        0x00000000 -      -          -          0x00000000 | 1          0          7          | wl{- 0 -1 -1} dma_addr=0x00000000
504      0      1      1      -      0xFFFF0001 0xFFFF0000 -      -      | 8          | 0          0          1        -        1        1        | S_LN_0           -        0x00000000 -      -          -          0x00000000 | 1          0          7          | wl{- 0 -1 -1} dma_addr=0x00000000
505      0      1      1      -      0xFFFF0001 0xFFFF0000 -      -      | 8          | 0          0          -        -        -        1        | S_LN_0           -        0x00000000 -      -          -          0x00000000 | 1          0          7          | wl{- 0 -1 -1} dma_addr=0x00000000
506      0      1      1      -      0xFFFF0001 0xFFFF0000 -      -      | 8          | 0          0          1        -        1        1        | S_LN_0           -        0x00000000 -      -          -          0x00000000 | 1          0          7          | wl{- 0 -1 -1} dma_addr=0x00000000
507      0      1      1      -      0xFFFF0001 0xFFFF0000 -      -      | 8          | 0          0          -        -        -        1        | S_LN_0           -        0x00000000 -      -          -          0x00000000 | 1          0          7          | wl{- 0 -1 -1} dma_addr=0x00000000
508      0      1      1      -      0xFFFF0001 0xFFFF0000 -      -      | 8          | 0          0          1        -        1        1        | S_LN_0           -        0x00000000 -      -          -          0x00000000 | 1          0          7          | wl{- 0 -1 -1} dma_addr=0x00000000
509      0      1      1      -      0xFFFF0001 0xFFFF0000 -      -      | 8          | 0          0          -        -        -        1        | S_LN_0           -        0x00000000 -      -          -          0x00000000 | 1          0          7          | wl{- 0 -1 -1} dma_addr=0x00000000
510      0      1      1      -      0xFFFF0001 0xFFFF0000 -      -      | 8          | 0          0          1        -        1        1        | S_LN_0           -        0x00000000 -      -          -          0x00000000 | 1          0          7          | wl{- 0 -1 -1} dma_addr=0x00000000
511      0      1      1      -      0xFFFF0001 0xFFFF0000 -      -      | 8          | 0          0          -        -        -        1        | S_LN_0           -        0x00000000 -      -          -          0x00000000 | 1          0          7          | wl{- 0 -1 -1} dma_addr=0x00000000
512      0      1      1      -      0xFFFF0001 0xFFFF0000 -      -      | 8          | 0          0          1        -        1        1        | S_LN_0           -        0x00000000 -      -          -          0x00000000 | 1          0          7          | wl{- 0 -1 -1} dma_addr=0x00000000
513      0      1      1      -      0xFFFF0001 0xFFFF0000 -      -      | 8          | 0          0          -        -        -        1        | S_LN_0           -        0x00000000 -      -          -          0x00000000 | 1          0          7          | wl{- 0 -1 -1} dma_addr=0x00000000
514      0      1      1      -      0xFFFF0001 0xFFFF0000 -      -      | 8          | 0          0          1        -        1        1        | S_LN_0           -        0x00000000 -      -          -          0x00000000 | 1          0          7          | wl{- 0 -1 -1} dma_addr=0x00000000
515      0      1      1      -      0xFFFF0001 0xFFFF0000 -      -      | 8          | 0          0          -        -        -        1        | S_LN_0           -        0x00000000 -      -          -          0x00000000 | 1          0          7          | wl{- 0 -1 -1} dma_addr=0x00000000
516      0      1      1      -      0xFFFF0001 0xFFFF0000 -      -      | 8          | 0          0          1        -        1        1        | S_LN_0           -        0x00000000 -      -          -          0x00000000 | 1          0          7          | wl{- 0 -1 -1} dma_addr=0x00000000
517      0      1      1      -      0xFFFF0001 0xFFFF0000 -      -      | 8          | 0          0          -        -        -        1        | S_LN_0           -        0x00000000 -      -          -          0x00000000 | 1          0          7          | wl{- 0 -1 -1} dma_addr=0x00000000
518      0      1      1      -      0xFFFF0001 0xFFFF0000 -      -      | 8          | 0          0          1        -        1        1        | S_LN_0           -        0x00000000 -      -          -          0x00000000 | 1          0          7          | wl{- 0 -1 -1} dma_addr=0x00000000
519      0      1      1      -      0xFFFF0001 0xFFFF0000 -      -      | 8          | 0          0          -        -        -        1        | S_LN_0           -        0x00000000 -      -          -          0x00000000 | 1          0          7          | wl{- 0 -1 -1} dma_addr=0x00000000
520      0      1      1      -      0xFFFF0001 0xFFFF0000 -      -      | 8          | 0          0          1        -        1        1        | S_LN_0           -        0x00000000 -      -          -          0x00000000 | 1          0          7          | wl{- 0 -1 -1} dma_addr=0x00000000
521      0      1      1      -      0xFFFF0001 0xFFFF0000 -      -      | 8          | 0          0          -        -        -        1        | S_LN_0           -        0x00000000 -      -          -          0x00000000 | 1          0          7          | wl{- 0 -1 -1} dma_addr=0x00000000
522      0      1      1      -      0xFFFF0001 0xFFFF0000 -      -      | 8          | 0          0          1        -        1        1        | S_LN_0           -        0x00000000 -      -          -          0x00000000 | 1          0          7          | wl{- 0 -1 -1} dma_addr=0x00000000
523      0      1      1      -      0xFFFF0001 0xFFFF0000 -      -      | 8          | 0          0          -        -        -        1        | S_LN_0           -        0x00000000 -      -          -          0x00000000 | 1          0          7          | wl{- 0 -1 -1} dma_addr=0x00000000
524      0      1      1      -      0xFFFF0001 0xFFFF0000 -      -      | 8          | 0          0          1        -        1        1        | S_LN_0           -        0x00000000 -      -          -          0x00000000 | 1          0          7          | wl{- 0 -1 -1} dma_addr=0x00000000
525      0      1      1      -      0xFFFF0001 0xFFFF0000 -      -      | 8          | 0          0          -        -        -        1        | S_LN_0           -        0x00000000 -      -          -          0x00000000 | 1          0          7          | wl{- 0 -1 -1} dma_addr=0x00000000
526      0      1      1      -      0xFFFF0001 0xFFFF0000 -      -      | 8          | 0          0          1        -        1        1        | S_LN_0           -        0x00000000 -      -          -          0x00000000 | 1          0          7          | wl{- 0 -1 -1} dma_addr=0x00000000
527      0      1      1      -      0xFFFF0001 0xFFFF0000 -      -      | 8          | 0          0          -        -        -        1        | S_LN_0           -        0x00000000 -      -          -          0x00000000 | 1          0          7          | wl{- 0 -1 -1} dma_addr=0x00000000
528      0      1      1      -      0xFFFF0001 0xFFFF0000 -      -      | 8          | 0          0          1        -        1        1        | S_LN_0           -        0x00000000 -      -          -          0x00000000 | 1          0          7          | wl{- 0 -1 -1} dma_addr=0x00000000
529      0      1      1      -      0xFFFF0001 0xFFFF0000 -      -      | 8          | 0          0          -        -        -        1        | S_LN_0           -        0x00000000 -      -          -          0x00000000 | 1          0          7          | wl{- 0 -1 -1} dma_addr=0x00000000
530      0      1      1      -      0xFFFF0001 0xFFFF0000 -      -      | 8          | 0          0          1        -        1        1        | S_LN_0           -        0x00000000 -      -          -          0x00000000 | 1          0          7          | wl{- 0 -1 -1} dma_addr=0x00000000
531      0      1      1      -      0xFFFF0001 0xFFFF0000 -      -      | 8          | 0          0          -        -        -        1        | S_LN_0           -        0x00000000 -      -          -          0x00000000 | 1          0          7          | wl{- 0 -1 -1} dma_addr=0x00000000
532      0      1      1      -      0xFFFF0001 0xFFFF0000 -      -      | 8          | 0          0          1        -        1        1        | S_LN_0           -        0x00000000 -      -          -          0x00000000 | 1          0          7          | wl{- 0 -1 -1} dma_addr=0x00000000
533      0      1      1      -      0xFFFF0001 0xFFFF0000 -      -      | 8          | 0          0          -        -        -        1        | S_LN_0           -        0x00000000 -      -          -          0x00000000 | 1          0          7          | wl{- 0 -1 -1} dma_addr=0x00000000
534      0      1      1      -      0xFFFF0001 0xFFFF0000 -      -      | 8          | 0          0          1        -        1        1        | S_LN_0           -        0x00000000 -      -          -          0x00000000 | 1          0          7          | wl{- 0 -1 -1} dma_addr=0x00000000
535      0      1      1      -      0xFFFF0001 0xFFFF0000 -      -      | 8          | 0          0          -        -        -        1        | S_LN_0           -        0x00000000 -      -          -          0x00000000 | 1          0          7          | wl{- 0 -1 -1} dma_addr=0x00000000
536      0      1      1      -      0xFFFF0001 0xFFFF0000 -      -      | 8          | 0          0          1        -        1        1        | S_LN_0           -        0x00000000 -      -          -          0x00000000 | 1          0          7          | wl{- 0 -1 -1} dma_addr=0x00000000
537      0      1      1      -      0xFFFF0001 0xFFFF0000 -      -      | 8          | 0          0          -        -        -        1        | S_LN_0           -        0x00000000 -      -          -          0x00000000 | 1          0          7          | wl{- 0 -1 -1} dma_addr=0x00000000
538      0      1      1      -      0xFFFF0001 0xFFFF0000 -      -      | 8          | 0          0          1        -        1        1        | S_LN_0           -        0x00000000 -      -          -          0x00000000 | 1          0          7          | wl{- 0 -1 -1} dma_addr=0x00000000
539      0      1      1      -      0xFFFF0001 0xFFFF0000 -      -      | 8          | 0          0          -        -        -        1        | S_LN_0           -        0x00000000 -      -          -          0x00000000 | 1          0          7          | wl{- 0 -1 -1} dma_addr=0x00000000
540      0      1      1      -      0xFFFF0001 0xFFFF0000 -      -      | 8          | 0          0          1        -        1        1        | S_LN_0           -        0x00000000 -      -          -          0x00000000 | 1          0          7          | wl{- 0 -1 -1} dma_addr=0x00000000
541      0      1      1      -      0xFFFF0001 0xFFFF0000 -      -      | 8          | 0          0          -        -        -        1        | S_LN_0           -        0x00000000 -      -          -          0x00000000 | 1          0          7          | wl{- 0 -1 -1} dma_addr=0x00000000
542      0      1      1      -      0xFFFF0001 0xFFFF0000 -      -      | 8          | 0          0          1        -        1        1        | S_LN_0           -        0x00000000 -      -          -          0x00000000 | 1          0          7          | wl{- 0 -1 -1} dma_addr=0x00000000
543      0      1      1      -      0xFFFF0001 0xFFFF0000 -      -      | 8          | 0          0          -        -        -        1        | S_LN_0           -        0x00000000 -      -          -          0x00000000 | 1          0          7          | wl{- 0 -1 -1} dma_addr=0x00000000
544      0      1      1      -      0xFFFF0001 0xFFFF0000 -      -      | 8          | 0          0          1        -        1        1        | S_LN_0           -        0x00000000 -      -          -          0x00000000 | 1          0          7          | wl{- 0 -1 -1} dma_addr=0x00000000
545      0      1      1      -      0xFFFF0001 0xFFFF0000 -      -      | 8          | 0          0          -        -        -        1        | S_LN_0           -        0x00000000 -      -          -          0x00000000 | 1          0          7          | wl{- 0 -1 -1} dma_addr=0x00000000
546      0      1      1      -      0xFFFF0001 0xFFFF0000 -      -      | 8          | 0          0          1        -        1        1        | S_LN_0           -        0x00000000 -      -          -          0x00000000 | 1          0          7          | wl{- 0 -1 -1} dma_addr=0x00000000
547      0      1      1      -      0xFFFF0001 0xFFFF0000 -      -      | 8          | 0          0          -        -        -        1        | S_LN_0           -        0x00000000 -      -          -          0x00000000 | 1          0          7          | wl{- 0 -1 -1} dma_addr=0x00000000
548      0      1      1      -      0xFFFF0001 0xFFFF0000 -      -      | 8          | 0          0          1        -        1        1        | S_LN_0           -        0x00000000 -      -          -          0x00000000 | 1          0          7          | wl{- 0 -1 -1} dma_addr=0x00000000
549      0      1      1      -      0xFFFF0001 0xFFFF0000 -      -      | 8          | 0          0          -        -        -        1        | S_LN_0           -        0x00000000 -      -          -          0x00000000 | 1          0          7          | wl{- 0 -1 -1} dma_addr=0x00000000
550      0      1      1      -      0xFFFF0001 0xFFFF0000 -      -      | 8          | 0          0          1        -        1        1        | S_LN_0           -        0x00000000 -      -          -          0x00000000 | 1          0          7          | wl{- 0 -1 -1} dma_addr=0x00000000
551      0      1      1      -      0xFFFF0001 0xFFFF0000 -      -      | 8          | 0          0          -        -        -        1        | S_LN_0           -        0x00000000 -      -          -          0x00000000 | 1          0          7          | wl{- 0 -1 -1} dma_addr=0x00000000
552      0      1      1      -      0xFFFF0001 0xFFFF0000 -      -      | 8          | 0          0          1        -        1        1        | S_LN_0           -        0x00000000 -      -          -          0x00000000 | 1          0          7          | wl{- 0 -1 -1} dma_addr=0x00000000
553      0      1      1      -      0xFFFF0001 0xFFFF0000 -      -      | 8          | 0          0          -        -        -        1        | S_LN_0           -        0x00000000 -      -          -          0x00000000 | 1          0          7          | wl{- 0 -1 -1} dma_addr=0x00000000
554      0      1      1      -      0xFFFF0001 0xFFFF0000 -      -      | 8          | 0          0          1        -        1        1        | S_LN_0           -        0x00000000 -      -          -          0x00000000 | 1          0          7          | wl{- 0 -1 -1} dma_addr=0x00000000
555      0      1      1      -      0xFFFF0001 0xFFFF0000 -      -      | 8          | 0          0          -        -        -        1        | S_LN_0           -        0x00000000 -      -          -          0x00000000 | 1          0          7          | wl{- 0 -1 -1} dma_addr=0x00000000
556      0      1      1      -      0xFFFF0001 0xFFFF0000 -      -      | 8          | 0          0          1        -        1        1        | S_LN_0           -        0x00000000 -      -          -          0x00000000 | 1          0          7          | wl{- 0 -1 -1} dma_addr=0x00000000
557      0      1      1      -      0xFFFF0001 0xFFFF0000 -      -      | 8          | 0          0          -        -        -        1        | S_LN_0           -        0x00000000 -      -          -          0x00000000 | 1          0          7          | wl{- 0 -1 -1} dma_addr=0x00000000
558      0      1      1      -      0xFFFF0001 0xFFFF0000 -      -      | 8          | 0          0          1        -        1        1        | S_LN_0           -        0x00000000 -      -          -          0x00000000 | 1          0          7          | wl{- 0 -1 -1} dma_addr=0x00000000
559      0      1      1      -      0xFFFF0001 0xFFFF0000 -      -      | 8          | 0          0          -        -        -        1        | S_LN_0           -        0x00000000 -      -          -          0x00000000 | 1          0          7          | wl{- 0 -1 -1} dma_addr=0x00000000
560      0      1      1      -      0xFFFF0001 0xFFFF0000 -      -      | 8          | 0          0          1        -        1        1        | S_LN_0           -        0x00000000 -      -          -          0x00000000 | 1          0          7          | wl{- 0 -1 -1} dma_addr=0x00000000
561      0      1      1      -      0xFFFF0001 0xFFFF0000 -      -      | 8          | 0          0          -        -        -        1        | S_LN_0           -        0x00000000 -      -          -          0x00000000 | 1          0          7          | wl{- 0 -1 -1} dma_addr=0x00000000
562      0      1      1      -      0xFFFF0001 0xFFFF0000 -      -      | 8          | 0          0          1        -        1        1        | S_LN_0           -        0x00000000 -      -          -          0x00000000 | 1          0          7          | wl{- 0 -1 -1} dma_addr=0x00000000
563      0      1      1      -      0xFFFF0001 0xFFFF0000 -      -      | 8          | 0          0          -        -        -        1        | S_LN_0           -        0x00000000 -      -          -          0x00000000 | 1          0          7          | wl{- 0 -1 -1} dma_addr=0x00000000
564      0      1      1      -      0xFFFF0001 0xFFFF0000 -      -      | 8          | 0          0          1        -        1        1        | S_LN_0           -        0x00000000 -      -          -          0x00000000 | 1          0          7          | wl{- 0 -1 -1} dma_addr=0x00000000
565      0      1      1      -      0xFFFF0001 0xFFFF0000 -      -      | 8          | 0          0          -        -        -        1        | S_LN_0           -        0x00000000 -      -          -          0x00000000 | 1          0          7          | wl{- 0 -1 -1} dma_addr=0x00000000
566      0      1      1      -      0xFFFF0001 0xFFFF0000 -      -      | 8          | 0          0          1        -        1        1        | S_LN_0           -        0x00000000 -      -          -          0x00000000 | 1          0          7          | wl{- 0 -1 -1} dma_addr=0x00000000
567      0      1      1      -      0xFFFF0001 0xFFFF0000 -      -      | 8          | 0          0          -        -        -        1        | S_LN_0           -        0x00000000 -      -          -          0x00000000 | 1          0          7          | wl{- 0 -1 -1} dma_addr=0x00000000
568      0      1      1      -      0xFFFF0001 0xFFFF0000 -      -      | 8          | 0          0          1        -        1        1        | S_LN_0           -        0x00000000 -      -          -          0x00000000 | 1          0          7          | wl{- 0 -1 -1} dma_addr=0x00000000
569      0      1      1      -      0xFFFF0001 0xFFFF0000 -      -      | 8          | 0          0          -        -        -        1        | S_LN_0           -        0x00000000 -      -          -          0x00000000 | 1          0          7          | wl{- 0 -1 -1} dma_addr=0x00000000
570      0      1      1      -      0xFFFF0001 0xFFFF0000 -      -      | 8          | 0          0          1        -        1        1        | S_LN_0           -        0x00000000 -      -          -          0x00000000 | 1          0          7          | wl{- 0 -1 -1} dma_addr=0x00000000
571      0      1      1      -      0xFFFF0001 0xFFFF0000 -      -      | 8          | 0          0          -        -        -        1        | S_LN_0           -        0x00000000 -      -          -          0x00000000 | 1          0          7          | wl{- 0 -1 -1} dma_addr=0x00000000
572      0      1      1      -      0xFFFF0001 0xFFFF0000 -      -      | 8          | 0          0          1        -        1        1        | S_LN_0           -        0x00000000 -      -          -          0x00000000 | 1          0          7          | wl{- 0 -1 -1} dma_addr=0x00000000
573      0      1      1      -      0xFFFF0001 0xFFFF0000 -      -      | 8          | 0          0          -        -        -        1        | S_LN_0           -        0x00000000 -      -          -          0x00000000 | 1          0          7          | wl{- 0 -1 -1} dma_addr=0x00000000
574      0      1      1      -      0xFFFF0001 0xFFFF0000 -      -      | 8          | 0          0          1        -        1        1        | S_LN_0           -        0x00000000 -      -          -          0x00000000 | 1          0          7          | wl{- 0 -1 -1} dma_addr=0x00000000
575      0      1      1      -      0xFFFF0001 0xFFFF0000 -      -      | 8          | 0          0          -        -        -        1        | S_LN_0           -        0x00000000 -      -          -          0x00000000 | 1          0          7          | wl{- 0 -1 -1} dma_addr=0x00000000
576      0      1      1      -      0xFFFF0001 0xFFFF0000 -      -      | 8          | 0          0          1        -        1        1        | S_LN_0           -        0x00000000 -      -          -          0x00000000 | 1          0          7          | wl{- 0 -1 -1} dma_addr=0x00000000
577      0      1      1      -      0xFFFF0001 0xFFFF0000 -      -      | 8          | 0          0          -        -        -        1        | S_LN_0           -        0x00000000 -      -          -          0x00000000 | 1          0          7          | wl{- 0 -1 -1} dma_addr=0x00000000
578      0      1      1      -      0xFFFF0001 0xFFFF0000 -      -      | 8          | 0          0          1        -        1        1        | S_LN_0           -        0x00000000 -      -          -          0x00000000 | 1          0          7          | wl{- 0 -1 -1} dma_addr=0x00000000
579      0      1      1      -      0xFFFF0001 0xFFFF0000 -      -      | 8          | 0          0          -        -        -        1        | S_LN_0           -        0x00000000 -      -          -          0x00000000 | 1          0          7          | wl{- 0 -1 -1} dma_addr=0x00000000
580      0      1      1      -      0xFFFF0001 0xFFFF0000 -      -      | 8          | 0          0          1        -        1        1        | S_LN_0           -        0x00000000 -      -          -          0x00000000 | 1          0          7          | wl{- 0 -1 -1} dma_addr=0x00000000
581      0      1      1      -      0xFFFF0001 0xFFFF0000 -      -      | 8          | 0          0          -        -        -        1        | S_LN_0           -        0x00000000 -      -          -          0x00000000 | 1          0          7          | wl{- 0 -1 -1} dma_addr=0x00000000
582      0      1      1      -      0xFFFF0001 0xFFFF0000 -      -      | 8          | 0          0          1        -        1        1        | S_LN_0           -        0x00000000 -      -          -          0x00000000 | 1          0          7          | wl{- 0 -1 -1} dma_addr=0x00000000
583      0      1      1      -      0xFFFF0001 0xFFFF0000 -      -      | 8          | 0          0          -        -        -        1        | S_LN_0           -        0x00000000 -      -          -          0x00000000 | 1          0          7          | wl{- 0 -1 -1} dma_addr=0x00000000
584      0      1      1      -      0xFFFF0001 0xFFFF0000 -      -      | 8          | 0          0          1        -        1        1        | S_LN_0           -        0x00000000 -      -          -          0x00000000 | 1          0          7          | wl{- 0 -1 -1} dma_addr=0x00000000
585      0      1      1      -      0xFFFF0001 0xFFFF0000 -      -      | 8          | 0          0          -        -        -        1        | S_LN_0           -        0x00000000 -      -          -          0x00000000 | 1          0          7          | wl{- 0 -1 -1} dma_addr=0x00000000
586      0      1      1      -      0xFFFF0001 0xFFFF0000 -      -      | 8          | 0          0          1        -        1        1        | S_LN_0           -        0x00000000 -      -          -          0x00000000 | 1          0          7          | wl{- 0 -1 -1} dma_addr=0x00000000
587      0      1      1      -      0xFFFF0001 0xFFFF0000 -      -      | 8          | 0          0          -        -        -        1        | S_LN_0           -        0x00000000 -      -          -          0x00000000 | 1          0          7          | wl{- 0 -1 -1} dma_addr=0x00000000
588      0      1      1      -      0xFFFF0001 0xFFFF0000 -      -      | 8          | 0          0          1        -        1        1        | S_LN_0           -        0x00000000 -      -          -          0x00000000 | 1          0          7          | wl{- 0 -1 -1} dma_addr=0x00000000
589      0      1      1      -      0xFFFF0001 0xFFFF0000 -      -      | 8          | 0          0          -        -        -        1        | S_LN_0           -        0x00000000 -      -          -          0x00000000 | 1          0          7          | wl{- 0 -1 -1} dma_addr=0x00000000
590      0      1      1      -      0xFFFF0001 0xFFFF0000 -      -      | 8          | 0          0          1        -        1        1        | S_LN_0           -        0x00000000 -      -          -          0x00000000 | 1          0          7          | wl{- 0 -1 -1} dma_addr=0x00000000
591      0      1      1      -      0xFFFF0001 0xFFFF0000 -      -      | 8          | 0          0          -        -        -        1        | S_LN_0           -        0x00000000 -      -          -          0x00000000 | 1          0          7          | wl{- 0 -1 -1} dma_addr=0x00000000
592      0      1      1      -      0xFFFF0001 0xFFFF0000 -      -      | 8          | 0          0          1        -        1        1        | S_LN_0           -        0x00000000 -      -          -          0x00000000 | 1          0          7          | wl{- 0 -1 -1} dma_addr=0x00000000
593      0      1      1      -      0xFFFF0001 0xFFFF0000 -      -      | 8          | 0          0          -        -        -        1        | S_LN_0           -        0x00000000 -      -          -          0x00000000 | 1          0          7          | wl{- 0 -1 -1} dma_addr=0x00000000
594      0      1      1      -      0xFFFF0001 0xFFFF0000 -      -      | 8          | 0          0          1        -        1        1        | S_LN_0           -        0x00000000 -      -          -          0x00000000 | 1          0          7          | wl{- 0 -1 -1} dma_addr=0x00000000
595      0      1      1      -      0xFFFF0001 0xFFFF0000 -      -      | 8          | 0          0          -        -        -        1        | S_LN_0           -        0x00000000 -      -          -          0x00000000 | 1          0          7          | wl{- 0 -1 -1} dma_addr=0x00000000
596      0      1      1      -      0xFFFF0001 0xFFFF0000 -      -      | 8          | 0          0          1        -        1        1        | S_LN_0           -        0x00000000 -      -          -          0x00000000 | 1          0          7          | wl{- 0 -1 -1} dma_addr=0x00000000
597      0      1      1      -      0xFFFF0001 0xFFFF0000 -      -      | 8          | 0          0          -        -        -        1        | S_LN_0           -        0x00000000 -      -          -          0x00000000 | 1          0          7          | wl{- 0 -1 -1} dma_addr=0x00000000
598      0      1      1      -      0xFFFF0001 0xFFFF0000 -      -      | 8          | 0          0          1        -        1        1        | S_LN_0           -        0x00000000 -      -          -          0x00000000 | 1          0          7          | wl{- 0 -1 -1} dma_addr=0x00000000
599      0      1      1      -      0xFFFF0001 0xFFFF0000 -      -      | 8          | 0          0          -        -        -        1        | S_LN_0           -        0x00000000 -      -          -          0x00000000 | 1          0          7          | wl{- 0 -1 -1} dma_addr=0x00000000
600      0      1      1      -      0xFFFF0001 0xFFFF0000 -      -      | 8          | 0          0          1        -        1        1        | S_LN_0           -        0x00000000 -      -          -          0x00000000 | 1          0          7          | wl{- 0 -1 -1} dma_addr=0x00000000
601      0      1      1      -      0xFFFF0001 0xFFFF0000 -      -      | 8          | 0          0          -        -        -        1        | S_LN_0           -        0x00000000 -      -          -          0x00000000 | 1          0          7          | wl{- 0 -1 -1} dma_addr=0x00000000
602      0      1      1      -      0xFFFF0001 0xFFFF0000 -      -      | 8          | 0          0          1        -        1        1        | S_LN_0           -        0x00000000 -      -          -          0x00000000 | 1          0          7          | wl{- 0 -1 -1} dma_addr=0x00000000
603      0      1      1      -      0xFFFF0001 0xFFFF0000 -      -      | 8          | 0          0          -        -        -        1        | S_LN_0           -        0x00000000 -      -          -          0x00000000 | 1          0          7          | wl{- 0 -1 -1} dma_addr=0x00000000
604      0      1      1      -      0xFFFF0001 0xFFFF0000 -      -      | 8          | 0          0          1        -        1        1        | S_LN_0           -        0x00000000 -      -          -          0x00000000 | 1          0          7          | wl{- 0 -1 -1} dma_addr=0x00000000
605      0      1      1      -      0xFFFF0001 0xFFFF0000 -      -      | 8          | 0          0          -        -        -        1        | S_LN_0           -        0x00000000 -      -          -          0x00000000 | 1          0          7          | wl{- 0 -1 -1} dma_addr=0x00000000
606      0      1      1      -      0xFFFF0001 0xFFFF0000 -      -      | 8          | 0          0          1        -        1        1        | S_LN_0           -        0x00000000 -      -          -          0x00000000 | 1          0          7          | wl{- 0 -1 -1} dma_addr=0x00000000
607      0      1      1      -      0xFFFF0001 0xFFFF0000 -      -      | 8          | 0          0          -        -        -        1        | S_LN_0           -        0x00000000 -      -          -          0x00000000 | 1          0          7          | wl{- 0 -1 -1} dma_addr=0x00000000
608      0      1      1      -      0xFFFF0001 0xFFFF0000 -      -      | 8          | 0          0          1        -        1        1        | S_LN_0           -        0x00000000 -      -          -          0x00000000 | 1          0          7          | wl{- 0 -1 -1} dma_addr=0x00000000
609      0      1      1      -      0xFFFF0001 0xFFFF0000 -      -      | 8          | 0          0          -        -        -        1        | S_LN_0           -        0x00000000 -      -          -          0x00000000 | 1          0          7          | wl{- 0 -1 -1} dma_addr=0x00000000
610      0      1      1      -      0xFFFF0001 0xFFFF0000 -      -      | 8          | 0          0          1        -        1        1        | S_LN_0           -        0x00000000 -      -          -          0x00000000 | 1          0          7          | wl{- 0 -1 -1} dma_addr=0x00000000
611      0      1      1      -      0xFFFF0001 0xFFFF0000 -      -      | 8          | 0          0          -        -        -        1        | S_LN_0           -        0x00000000 -      -          -          0x00000000 | 1          0          7          | wl{- 0 -1 -1} dma_addr=0x00000000
612      0      1      1      -      0xFFFF0001 0xFFFF0000 -      -      | 8          | 0          0          1        -        1        1        | S_LN_0           -        0x00000000 -      -          -          0x00000000 | 1          0          7          | wl{- 0 -1 -1} dma_addr=0x00000000
613      0      1      1      -      0xFFFF0001 0xFFFF0000 -      -      | 8          | 0          0          -        -        -        1        | S_LN_0           -        0x00000000 -      -          -          0x00000000 | 1          0          7          | wl{- 0 -1 -1} dma_addr=0x00000000
614      0      1      1      -      0xFFFF0001 0xFFFF0000 -      -      | 8          | 0          0          1        -        1        1        | S_LN_0           -        0x00000000 -      -          -          0x00000000 | 1          0          7          | wl{- 0 -1 -1} dma_addr=0x00000000
615      0      1      1      -      0xFFFF0001 0xFFFF0000 -      -      | 8          | 0          0          -        -        -        1        | S_LN_0           -        0x00000000 -      -          -          0x00000000 | 1          0          7          | wl{- 0 -1 -1} dma_addr=0x00000000
616      0      1      1      -      0xFFFF0001 0xFFFF0000 -      -      | 8          | 0          0          1        -        1        1        | S_LN_0           -        0x00000000 -      -          -          0x00000000 | 1          0          7          | wl{- 0 -1 -1} dma_addr=0x00000000
617      0      1      1      -      0xFFFF0001 0xFFFF0000 -      -      | 8          | 0          0          -        -        -        1        | S_LN_0           -        0x00000000 -      -          -          0x00000000 | 1          0          7          | wl{- 0 -1 -1} dma_addr=0x00000000
618      0      1      1      -      0xFFFF0001 0xFFFF0000 -      -      | 8          | 0          0          1        -        1        1        | S_LN_0           -        0x00000000 -      -          -          0x00000000 | 1          0          7          | wl{- 0 -1 -1} dma_addr=0x00000000
619      0      1      1      -      0xFFFF0001 0xFFFF0000 -      -      | 8          | 0          0          -        -        -        1        | S_LN_0           -        0x00000000 -      -          -          0x00000000 | 1          0          7          | wl{- 0 -1 -1} dma_addr=0x00000000
620      0      1      1      -      0xFFFF0001 0xFFFF0000 -      -      | 8          | 0          0          1        -        1        1        | S_LN_0           -        0x00000000 -      -          -          0x00000000 | 1          0          7          | wl{- 0 -1 -1} dma_addr=0x00000000
621      0      1      1      -      0xFFFF0001 0xFFFF0000 -      -      | 8          | 0          0          -        -        -        1        | S_LN_0           -        0x00000000 -      -          -          0x00000000 | 1          0          7          | wl{- 0 -1 -1} dma_addr=0x00000000
622      0      1      1      -      0xFFFF0001 0xFFFF0000 -      -      | 8          | 0          0          1        -        1        1        | S_LN_0           -        0x00000000 -      -          -          0x00000000 | 1          0          7          | wl{- 0 -1 -1} dma_addr=0x00000000
623      0      1      1      -      0xFFFF0001 0xFFFF0000 -      -      | 8          | 0          0          -        -        -        1        | S_LN_0           -        0x00000000 -      -          -          0x00000000 | 1          0          7          | wl{- 0 -1 -1} dma_addr=0x00000000
624      0      1      1      -      0xFFFF0001 0xFFFF0000 -      -      | 8          | 0          0          1        -        1        1        | S_LN_0           -        0x00000000 -      -          -          0x00000000 | 1          0          7          | wl{- 0 -1 -1} dma_addr=0x00000000
625      0      1      1      -      0xFFFF0001 0xFFFF0000 -      -      | 8          | 0          0          -        -        -        1        | S_LN_0           -        0x00000000 -      -          -          0x00000000 | 1          0          7          | wl{- 0 -1 -1} dma_addr=0x00000000
626      0      1      1      -      0xFFFF0001 0xFFFF0000 -      -      | 8          | 0          0          1        -        1        1        | S_LN_0           -        0x00000000 -      -          -          0x00000000 | 1          0          7          | wl{- 0 -1 -1} dma_addr=0x00000000
627      0      1      1      -      0xFFFF0001 0xFFFF0000 -      -      | 8          | 0          0          -        -        -        1        | S_LN_0           -        0x00000000 -      -          -          0x00000000 | 1          0          7          | wl{- 0 -1 -1} dma_addr=0x00000000
628      0      1      1      -      0xFFFF0001 0xFFFF0000 -      -      | 8          | 0          0          1        -        1        1        | S_LN_0           -        0x00000000 -      -          -          0x00000000 | 1          0          7          | wl{- 0 -1 -1} dma_addr=0x00000000
629      0      1      1      -      0xFFFF0001 0xFFFF0000 -      -      | 8          | 0          0          -        -        -        1        | S_LN_0           -        0x00000000 -      -          -          0x00000000 | 1          0          7          | wl{- 0 -1 -1} dma_addr=0x00000000
630      0      1      1      -      0xFFFF0001 0xFFFF0000 -      -      | 8          | 0          0          1        -        1        1        | S_LN_0           -        0x00000000 -      -          -          0x00000000 | 1          0          7          | wl{- 0 -1 -1} dma_addr=0x00000000
631      0      1      1      -      0xFFFF0001 0xFFFF0000 -      -      | 8          | 0          0          -        -        -        1        | S_LN_0           -        0x00000000 -      -          -          0x00000000 | 1          0          7          | wl{- 0 -1 -1} dma_addr=0x00000000
632      0      1      1      -      0xFFFF0001 0xFFFF0000 -      -      | 8          | 0          0          1        -        1        1        | S_LN_0           -        0x00000000 -      -          -          0x00000000 | 1          0          7          | wl{- 0 -1 -1} dma_addr=0x00000000
633      0      1      1      -      0xFFFF0001 0xFFFF0000 -      -      | 8          | 0          0          -        -        -        1        | S_LN_0           -        0x00000000 -      -          -          0x00000000 | 1          0          7          | wl{- 0 -1 -1} dma_addr=0x00000000
634      0      1      1      -      0xFFFF0001 0xFFFF0000 -      -      | 8          | 0          0          1        -        1        1        | S_LN_0           -        0x00000000 -      -          -          0x00000000 | 1          0          7          | wl{- 0 -1 -1} dma_addr=0x00000000
635      0      1      1      -      0xFFFF0001 0xFFFF0000 -      -      | 8          | 0          0          -        -        -        1        | S_LN_0           -        0x00000000 -      -          -          0x00000000 | 1          0          7          | wl{- 0 -1 -1} dma_addr=0x00000000
636      0      1      1      -      0xFFFF0001 0xFFFF0000 -      -      | 8          | 0          0          1        -        1        1        | S_LN_0           -        0x00000000 -      -          -          0x00000000 | 1          0          7          | wl{- 0 -1 -1} dma_addr=0x00000000
637      0      1      1      -      0xFFFF0001 0xFFFF0000 -      -      | 8          | 0          0          -        -        -        1        | S_LN_0           -        0x00000000 -      -          -          0x00000000 | 1          0          7          | wl{- 0 -1 -1} dma_addr=0x00000000
638      0      1      1      -      0xFFFF0001 0xFFFF0000 -      -      | 8          | 0          0          1        -        1        1        | S_LN_0           -        0x00000000 -      -          -          0x00000000 | 1          0          7          | wl{- 0 -1 -1} dma_addr=0x00000000
639      0      1      1      -      0xFFFF0001 0xFFFF0000 -      -      | 8          | 0          0          -        -        -        1        | S_LN_0           -        0x00000000 -      -          -          0x00000000 | 1          0          7          | wl{- 0 -1 -1} dma_addr=0x00000000
640      0      1      1      -      0xFFFF0001 0xFFFF0000 -      -      | 8          | 0          0          1        -        1        1        | S_LN_0           -        0x00000000 -      -          -          0x00000000 | 1          0          7          | wl{- 0 -1 -1} dma_addr=0x00000000
641      0      1      1      -      0xFFFF0001 0xFFFF0000 -      -      | 8          | 0          0          -        -        -        1        | S_LN_0           -        0x00000000 -      -          -          0x00000000 | 1          0          7          | wl{- 0 -1 -1} dma_addr=0x00000000
642      0      1      1      -      0xFFFF0001 0xFFFF0000 -      -      | 8          | 0          0          1        -        1        1        | S_LN_0           -        0x00000000 -      -          -          0x00000000 | 1          0          7          | wl{- 0 -1 -1} dma_addr=0x00000000
643      0      1      1      -      0xFFFF0001 0xFFFF0000 -      -      | 8          | 0          0          -        -        -        1        | S_LN_0           -        0x00000000 -      -          -          0x00000000 | 1          0          7          | wl{- 0 -1 -1} dma_addr=0x00000000
644      0      1      1      -      0xFFFF0001 0xFFFF0000 -      -      | 8          | 0          0          1        -        1        1        | S_LN_0           -        0x00000000 -      -          -          0x00000000 | 1          0          7          | wl{- 0 -1 -1} dma_addr=0x00000000
645      0      1      1      -      0xFFFF0001 0xFFFF0000 -      -      | 8          | 0          0          -        -        -        1        | S_LN_0           -        0x00000000 -      -          -          0x00000000 | 1          0          7          | wl{- 0 -1 -1} dma_addr=0x00000000
646      0      1      1      -      0xFFFF0001 0xFFFF0000 -      -      | 8          | 0          0          1        -        1        1        | S_LN_0           -        0x00000000 -      -          -          0x00000000 | 1          0          7          | wl{- 0 -1 -1} dma_addr=0x00000000
647      0      1      1      -      0xFFFF0001 0xFFFF0000 -      -      | 8          | 0          0          -        -        -        1        | S_LN_0           -        0x00000000 -      -          -          0x00000000 | 1          0          7          | wl{- 0 -1 -1} dma_addr=0x00000000
648      0      1      1      -      0xFFFF0001 0xFFFF0000 -      -      | 8          | 0          0          1        -        1        1        | S_LN_0           -        0x00000000 -      -          -          0x00000000 | 1          0          7          | wl{- 0 -1 -1} dma_addr=0x00000000
649      0      1      1      -      0xFFFF0001 0xFFFF0000 -      -      | 8          | 0          0          -        -        -        1        | S_LN_0           -        0x00000000 -      -          -          0x00000000 | 1          0          7          | wl{- 0 -1 -1} dma_addr=0x00000000
650      0      1      1      -      0xFFFF0001 0xFFFF0000 -      -      | 8          | 0          0          1        -        1        1        | S_LN_0           -        0x00000000 -      -          -          0x00000000 | 1          0          7          | wl{- 0 -1 -1} dma_addr=0x00000000
651      0      1      1      -      0xFFFF0001 0xFFFF0000 -      -      | 8          | 0          0          -        -        -        1        | S_LN_0           -        0x00000000 -      -          -          0x00000000 | 1          0          7          | wl{- 0 -1 -1} dma_addr=0x00000000
652      0      1      1      -      0xFFFF0001 0xFFFF0000 -      -      | 8          | 0          0          1        -        1        1        | S_LN_0           -        0x00000000 -      -          -          0x00000000 | 1          0          7          | wl{- 0 -1 -1} dma_addr=0x00000000
653      0      1      1      -      0xFFFF0001 0xFFFF0000 -      -      | 8          | 0          0          -        -        -        1        | S_LN_0           -        0x00000000 -      -          -          0x00000000 | 1          0          7          | wl{- 0 -1 -1} dma_addr=0x00000000
654      0      1      1      -      0xFFFF0001 0xFFFF0000 -      -      | 8          | 0          0          1        -        1        1        | S_LN_0           -        0x00000000 -      -          -          0x00000000 | 1          0          7          | wl{- 0 -1 -1} dma_addr=0x00000000
655      0      1      1      -      0xFFFF0001 0xFFFF0000 -      -      | 8          | 0          0          -        -        -        1        | S_LN_0           -        0x00000000 -      -          -          0x00000000 | 1          0          7          | wl{- 0 -1 -1} dma_addr=0x00000000
656      0      1      1      -      0xFFFF0001 0xFFFF0000 -      -      | 8          | 0          0          1        -        1        1        | S_LN_0           -        0x00000000 -      -          -          0x00000000 | 1          0          7          | wl{- 0 -1 -1} dma_addr=0x00000000
657      0      1      1      -      0xFFFF0001 0xFFFF0000 -      -      | 8          | 0          0          -        -        -        1        | S_LN_0           -        0x00000000 -      -          -          0x00000000 | 1          0          7          | wl{- 0 -1 -1} dma_addr=0x00000000
658      0      1      1      -      0xFFFF0001 0xFFFF0000 -      -      | 8          | 0          0          1        -        1        1        | S_LN_0           -        0x00000000 -      -          -          0x00000000 | 1          0          7          | wl{- 0 -1 -1} dma_addr=0x00000000
659      0      1      1      -      0xFFFF0001 0xFFFF0000 -      -      | 8          | 0          0          -        -        -        1        | S_LN_0           -        0x00000000 -      -          -          0x00000000 | 1          0          7          | wl{- 0 -1 -1} dma_addr=0x00000000
660      0      1      1      -      0xFFFF0001 0xFFFF0000 -      -      | 8          | 0          0          1        -        1        1        | S_LN_0           -        0x00000000 -      -          -          0x00000000 | 1          0          7          | wl{- 0 -1 -1} dma_addr=0x00000000
661      0      1      1      -      0xFFFF0001 0xFFFF0000 -      -      | 8          | 0          0          -        -        -        1        | S_LN_0           -        0x00000000 -      -          -          0x00000000 | 1          0          7          | wl{- 0 -1 -1} dma_addr=0x00000000
662      0      1      1      -      0xFFFF0001 0xFFFF0000 -      -      | 8          | 0          0          1        -        1        1        | S_LN_0           -        0x00000000 -      -          -          0x00000000 | 1          0          7          | wl{- 0 -1 -1} dma_addr=0x00000000
663      0      1      1      -      0xFFFF0001 0xFFFF0000 -      -      | 8          | 0          0          -        -        -        1        | S_LN_0           -        0x00000000 -      -          -          0x00000000 | 1          0          7          | wl{- 0 -1 -1} dma_addr=0x00000000
664      0      1      1      -      0xFFFF0001 0xFFFF0000 -      -      | 8          | 0          0          1        -        1        1        | S_LN_0           -        0x00000000 -      -          -          0x00000000 | 1          0          7          | wl{- 0 -1 -1} dma_addr=0x00000000
665      0      1      1      -      0xFFFF0001 0xFFFF0000 -      -      | 8          | 0          0          -        -        -        1        | S_LN_0           -        0x00000000 -      -          -          0x00000000 | 1          0          7          | wl{- 0 -1 -1} dma_addr=0x00000000
666      0      1      1      -      0xFFFF0001 0xFFFF0000 -      -      | 8          | 0          0          1        -        1        1        | S_LN_0           -        0x00000000 -      -          -          0x00000000 | 1          0          7          | wl{- 0 -1 -1} dma_addr=0x00000000
667      0      1      1      -      0xFFFF0001 0xFFFF0000 -      -      | 8          | 0          0          -        -        -        1        | S_LN_0           -        0x00000000 -      -          -          0x00000000 | 1          0          7          | wl{- 0 -1 -1} dma_addr=0x00000000
668      0      1      1      -      0xFFFF0001 0xFFFF0000 -      -      | 8          | 0          0          1        -        1        1        | S_LN_0           -        0x00000000 -      -          -          0x00000000 | 1          0          7          | wl{- 0 -1 -1} dma_addr=0x00000000
669      0      1      1      -      0xFFFF0001 0xFFFF0000 -      -      | 8          | 0          0          -        -        -        1        | S_LN_0           -        0x00000000 -      -          -          0x00000000 | 1          0          7          | wl{- 0 -1 -1} dma_addr=0x00000000
670      0      1      1      -      0xFFFF0001 0xFFFF0000 -      -      | 8          | 0          0          1        -        1        1        | S_LN_0           -        0x00000000 -      -          -          0x00000000 | 1          0          7          | wl{- 0 -1 -1} dma_addr=0x00000000
671      0      1      1      -      0xFFFF0001 0xFFFF0000 -      -      | 8          | 0          0          -        -        -        1        | S_LN_0           -        0x00000000 -      -          -          0x00000000 | 1          0          7          | wl{- 0 -1 -1} dma_addr=0x00000000
672      0      1      1      -      0xFFFF0001 0xFFFF0000 -      -      | 8          | 0          0          1        -        1        1        | S_LN_0           -        0x00000000 -      -          -          0x00000000 | 1          0          7          | wl{- 0 -1 -1} dma_addr=0x00000000
673      0      1      1      -      0xFFFF0001 0xFFFF0000 -      -      | 8          | 0          0          -        -        -        1        | S_LN_0           -        0x00000000 -      -          -          0x00000000 | 1          0          7          | wl{- 0 -1 -1} dma_addr=0x00000000
674      0      1      1      -      0xFFFF0001 0xFFFF0000 -      -      | 8          | 0          0          1        -        1        1        | S_LN_0           -        0x00000000 -      -          -          0x00000000 | 1          0          7          | wl{- 0 -1 -1} dma_addr=0x00000000
675      0      1      1      -      0xFFFF0001 0xFFFF0000 -      -      | 8          | 0          0          -        -        -        1        | S_LN_0           -        0x00000000 -      -          -          0x00000000 | 1          0          7          | wl{- 0 -1 -1} dma_addr=0x00000000
676      0      1      1      -      0xFFFF0001 0xFFFF0000 -      -      | 8          | 0          0          1        -        1        1        | S_LN_0           -        0x00000000 -      -          -          0x00000000 | 1          0          7          | wl{- 0 -1 -1} dma_addr=0x00000000
677      0      1      1      -      0xFFFF0001 0xFFFF0000 -      -      | 8          | 0          0          -        -        -        1        | S_LN_0           -        0x00000000 -      -          -          0x00000000 | 1          0          7          | wl{- 0 -1 -1} dma_addr=0x00000000
678      0      1      1      -      0xFFFF0001 0xFFFF0000 -      -      | 8          | 0          0          1        -        1        1        | S_LN_0           -        0x00000000 -      -          -          0x00000000 | 1          0          7          | wl{- 0 -1 -1} dma_addr=0x00000000
679      0      1      1      -      0xFFFF0001 0xFFFF0000 -      -      | 8          | 0          0          -        -        -        1        | S_LN_0           -        0x00000000 -      -          -          0x00000000 | 1          0          7          | wl{- 0 -1 -1} dma_addr=0x00000000
680      0      1      1      -      0xFFFF0001 0xFFFF0000 -      -      | 8          | 0          0          1        -        1        1        | S_LN_0           -        0x00000000 -      -          -          0x00000000 | 1          0          7          | wl{- 0 -1 -1} dma_addr=0x00000000
681      0      1      1      -      0xFFFF0001 0xFFFF0000 -      -      | 8          | 0          0          -        -        -        1        | S_LN_0           -        0x00000000 -      -          -          0x00000000 | 1          0          7          | wl{- 0 -1 -1} dma_addr=0x00000000
682      0      1      1      -      0xFFFF0001 0xFFFF0000 -      -      | 8          | 0          0          1        -        1        1        | S_LN_0           -        0x00000000 -      -          -          0x00000000 | 1          0          7          | wl{- 0 -1 -1} dma_addr=0x00000000
683      0      1      1      -      0xFFFF0001 0xFFFF0000 -      -      | 8          | 0          0          -        -        -        1        | S_LN_0           -        0x00000000 -      -          -          0x00000000 | 1          0          7          | wl{- 0 -1 -1} dma_addr=0x00000000
684      0      1      1      -      0xFFFF0001 0xFFFF0000 -      -      | 8          | 0          0          1        -        1        1        | S_LN_0           -        0x00000000 -      -          -          0x00000000 | 1          0          7          | wl{- 0 -1 -1} dma_addr=0x00000000
685      0      1      1      -      0xFFFF0001 0xFFFF0000 -      -      | 8          | 0          0          -        -        -        1        | S_LN_0           -        0x00000000 -      -          -          0x00000000 | 1          0          7          | wl{- 0 -1 -1} dma_addr=0x00000000
686      0      1      1      -      0xFFFF0001 0xFFFF0000 -      -      | 8          | 0          0          1        -        1        1        | S_LN_0           -        0x00000000 -      -          -          0x00000000 | 1          0          7          | wl{- 0 -1 -1} dma_addr=0x00000000
687      0      1      1      -      0xFFFF0001 0xFFFF0000 -      -      | 8          | 0          0          -        -        -        1        | S_LN_0           -        0x00000000 -      -          -          0x00000000 | 1          0          7          | wl{- 0 -1 -1} dma_addr=0x00000000
688      0      1      1      -      0xFFFF0001 0xFFFF0000 -      -      | 8          | 0          0          1        -        1        1        | S_LN_0           -        0x00000000 -      -          -          0x00000000 | 1          0          7          | wl{- 0 -1 -1} dma_addr=0x00000000
689      0      1      1      -      0xFFFF0001 0xFFFF0000 -      -      | 8          | 0          0          -        -        -        1        | S_LN_0           -        0x00000000 -      -          -          0x00000000 | 1          0          7          | wl{- 0 -1 -1} dma_addr=0x00000000
690      0      1      1      -      0xFFFF0001 0xFFFF0000 -      -      | 8          | 0          0          1        -        1        1        | S_LN_0           -        0x00000000 -      -          -          0x00000000 | 1          0          7          | wl{- 0 -1 -1} dma_addr=0x00000000
691      0      1      1      -      0xFFFF0001 0xFFFF0000 -      -      | 8          | 0          0          -        -        -        1        | S_LN_0           -        0x00000000 -      -          -          0x00000000 | 1          0          7          | wl{- 0 -1 -1} dma_addr=0x00000000
692      0      1      1      -      0xFFFF0001 0xFFFF0000 -      -      | 8          | 0          0          1        -        1        1        | S_LN_0           -        0x00000000 -      -          -          0x00000000 | 1          0          7          | wl{- 0 -1 -1} dma_addr=0x00000000
693      0      1      1      -      0xFFFF0001 0xFFFF0000 -      -      | 8          | 0          0          -        -        -        1        | S_LN_0           -        0x00000000 -      -          -          0x00000000 | 1          0          7          | wl{- 0 -1 -1} dma_addr=0x00000000
694      0      1      1      -      0xFFFF0001 0xFFFF0000 -      -      | 8          | 0          0          1        -        1        1        | S_LN_0           -        0x00000000 -      -          -          0x00000000 | 1          0          7          | wl{- 0 -1 -1} dma_addr=0x00000000
695      0      1      1      -      0xFFFF0001 0xFFFF0000 -      -      | 8          | 0          0          -        -        -        1        | S_LN_0           -        0x00000000 -      -          -          0x00000000 | 1          0          7          | wl{- 0 -1 -1} dma_addr=0x00000000
696      0      1      1      -      0xFFFF0001 0xFFFF0000 -      -      | 8          | 0          0          1        -        1        1        | S_LN_0           -        0x00000000 -      -          -          0x00000000 | 1          0          7          | wl{- 0 -1 -1} dma_addr=0x00000000
697      0      1      1      -      0xFFFF0001 0xFFFF0000 -      -      | 8          | 0          0          -        -        -        1        | S_LN_0           -        0x00000000 -      -          -          0x00000000 | 1          0          7          | wl{- 0 -1 -1} dma_addr=0x00000000
698      0      1      1      -      0xFFFF0001 0xFFFF0000 -      -      | 8          | 0          0          1        -        1        1        | S_LN_0           -        0x00000000 -      -          -          0x00000000 | 1          0          7          | wl{- 0 -1 -1} dma_addr=0x00000000
699      0      1      1      -      0xFFFF0001 0xFFFF0000 -      -      | 8          | 0          0          -        -        -        1        | S_LN_0           -        0x00000000 -      -          -          0x00000000 | 1          0          7          | wl{- 0 -1 -1} dma_addr=0x00000000
700      0      1      1      -      0xFFFF0001 0xFFFF0000 -      -      | 8          | 0          0          1        -        1        1        | S_LN_0           -        0x00000000 -      -          -          0x00000000 | 1          0          7          | wl{- 0 -1 -1} dma_addr=0x00000000
701      0      1      1      -      0xFFFF0001 0xFFFF0000 -      -      | 8          | 0          0          -        -        -        1        | S_LN_0           -        0x00000000 -      -          -          0x00000000 | 1          0          7          | wl{- 0 -1 -1} dma_addr=0x00000000
702      0      1      1      -      0xFFFF0001 0xFFFF0000 -      -      | 8          | 0          0          1        -        1        1        | S_LN_0           -        0x00000000 -      -          -          0x00000000 | 1          0          7          | wl{- 0 -1 -1} dma_addr=0x00000000
703      0      1      1      -      0xFFFF0001 0xFFFF0000 -      -      | 8          | 0          0          -        -        -        1        | S_LN_0           -        0x00000000 -      -          -          0x00000000 | 1          0          7          | wl{- 0 -1 -1} dma_addr=0x00000000
704      0      1      1      -      0xFFFF0001 0xFFFF0000 -      -      | 8          | 0          0          1        -        1        1        | S_LN_0           -        0x00000000 -      -          -          0x00000000 | 1          0          7          | wl{- 0 -1 -1} dma_addr=0x00000000
705      0      1      1      -      0xFFFF0001 0xFFFF0000 -      -      | 8          | 0          0          -        -        -        1        | S_LN_0           -        0x00000000 -      -          -          0x00000000 | 1          0          7          | wl{- 0 -1 -1} dma_addr=0x00000000
706      0      1      1      -      0xFFFF0001 0xFFFF0000 -      -      | 8          | 0          0          1        -        1        1        | S_LN_0           -        0x00000000 -      -          -          0x00000000 | 1          0          7          | wl{- 0 -1 -1} dma_addr=0x00000000
707      0      1      1      -      0xFFFF0001 0xFFFF0000 -      -      | 8          | 0          0          -        -        -        1        | S_LN_0           -        0x00000000 -      -          -          0x00000000 | 1          0          7          | wl{- 0 -1 -1} dma_addr=0x00000000
708      0      1      1      -      0xFFFF0001 0xFFFF0000 -      -      | 8          | 0          0          1        -        1        1        | S_LN_0           -        0x00000000 -      -          -          0x00000000 | 1          0          7          | wl{- 0 -1 -1} dma_addr=0x00000000
709      0      1      1      -      0xFFFF0001 0xFFFF0000 -      -      | 8          | 0          0          -        -        -        1        | S_LN_0           -        0x00000000 -      -          -          0x00000000 | 1          0          7          | wl{- 0 -1 -1} dma_addr=0x00000000
710      0      1      1      -      0xFFFF0001 0xFFFF0000 -      -      | 8          | 0          0          1        -        1        1        | S_LN_0           -        0x00000000 -      -          -          0x00000000 | 1          0          7          | wl{- 0 -1 -1} dma_addr=0x00000000
711      0      1      1      -      0xFFFF0001 0xFFFF0000 -      -      | 8          | 0          0          -        -        -        1        | S_LN_0           -        0x00000000 -      -          -          0x00000000 | 1          0          7          | wl{- 0 -1 -1} dma_addr=0x00000000
712      0      1      1      -      0xFFFF0001 0xFFFF0000 -      -      | 8          | 0          0          1        -        1        1        | S_LN_0           -        0x00000000 -      -          -          0x00000000 | 1          0          7          | wl{- 0 -1 -1} dma_addr=0x00000000
713      0      1      1      -      0xFFFF0001 0xFFFF0000 -      -      | 8          | 0          0          -        -        -        1        | S_LN_0           -        0x00000000 -      -          -          0x00000000 | 1          0          7          | wl{- 0 -1 -1} dma_addr=0x00000000
714      0      1      1      -      0xFFFF0001 0xFFFF0000 -      -      | 8          | 0          0          1        -        1        1        | S_LN_0           -        0x00000000 -      -          -          0x00000000 | 1          0          7          | wl{- 0 -1 -1} dma_addr=0x00000000
715      0      1      1      -      0xFFFF0001 0xFFFF0000 -      -      | 8          | 0          0          -        -        -        1        | S_LN_0           -        0x00000000 -      -          -          0x00000000 | 1          0          7          | wl{- 0 -1 -1} dma_addr=0x00000000
716      0      1      1      -      0xFFFF0001 0xFFFF0000 -      -      | 8          | 0          0          1        -        1        1        | S_LN_0           -        0x00000000 -      -          -          0x00000000 | 1          0          7          | wl{- 0 -1 -1} dma_addr=0x00000000
717      0      1      1      -      0xFFFF0001 0xFFFF0000 -      -      | 8          | 0          0          -        -        -        1        | S_LN_0           -        0x00000000 -      -          -          0x00000000 | 1          0          7          | wl{- 0 -1 -1} dma_addr=0x00000000
718      0      1      1      -      0xFFFF0001 0xFFFF0000 -      -      | 8          | 0          0          1        -        1        1        | S_LN_0           -        0x00000000 -      -          -          0x00000000 | 1          0          7          | wl{- 0 -1 -1} dma_addr=0x00000000
719      0      1      1      -      0xFFFF0001 0xFFFF0000 -      -      | 8          | 0          0          -        -        -        1        | S_LN_0           -        0x00000000 -      -          -          0x00000000 | 1          0          7          | wl{- 0 -1 -1} dma_addr=0x00000000
720      0      1      1      -      0xFFFF0001 0xFFFF0000 -      -      | 8          | 0          0          1        -        1        1        | S_LN_0           -        0x00000000 -      -          -          0x00000000 | 1          0          7          | wl{- 0 -1 -1} dma_addr=0x00000000
721      0      1      1      -      0xFFFF0001 0xFFFF0000 -      -      | 8          | 0          0          -        -        -        1        | S_LN_0           -        0x00000000 -      -          -          0x00000000 | 1          0          7          | wl{- 0 -1 -1} dma_addr=0x00000000
722      0      1      1      -      0xFFFF0001 0xFFFF0000 -      -      | 8          | 0          0          1        -        1        1        | S_LN_0           -        0x00000000 -      -          -          0x00000000 | 1          0          7          | wl{- 0 -1 -1} dma_addr=0x00000000
723      0      1      1      -      0xFFFF0001 0xFFFF0000 -      -      | 8          | 0          0          -        -        -        1        | S_LN_0           -        0x00000000 -      -          -          0x00000000 | 1          0          7          | wl{- 0 -1 -1} dma_addr=0x00000000
724      0      1      1      -      0xFFFF0001 0xFFFF0000 -      -      | 8          | 0          0          1        -        1        1        | S_LN_0           -        0x00000000 -      -          -          0x00000000 | 1          0          7          | wl{- 0 -1 -1} dma_addr=0x00000000
725      0      1      1      -      0xFFFF0001 0xFFFF0000 -      -      | 8          | 0          0          -        -        -        1        | S_LN_0           -        0x00000000 -      -          -          0x00000000 | 1          0          7          | wl{- 0 -1 -1} dma_addr=0x00000000
726      0      1      1      -      0xFFFF0001 0xFFFF0000 -      -      | 8          | 0          0          1        -        1        1        | S_LN_0           -        0x00000000 -      -          -          0x00000000 | 1          0          7          | wl{- 0 -1 -1} dma_addr=0x00000000
727      0      1      1      -      0xFFFF0001 0xFFFF0000 -      -      | 8          | 0          0          -        -        -        1        | S_LN_0           -        0x00000000 -      -          -          0x00000000 | 1          0          7          | wl{- 0 -1 -1} dma_addr=0x00000000
728      0      1      1      -      0xFFFF0001 0xFFFF0000 -      -      | 8          | 0          0          1        -        1        1        | S_LN_0           -        0x00000000 -      -          -          0x00000000 | 1          0          7          | wl{- 0 -1 -1} dma_addr=0x00000000
729      0      1      1      -      0xFFFF0001 0xFFFF0000 -      -      | 8          | 0          0          -        -        -        1        | S_LN_0           -        0x00000000 -      -          -          0x00000000 | 1          0          7          | wl{- 0 -1 -1} dma_addr=0x00000000
730      0      1      1      -      0xFFFF0001 0xFFFF0000 -      -      | 8          | 0          0          1        -        1        1        | S_LN_0           -        0x00000000 -      -          -          0x00000000 | 1          0          7          | wl{- 0 -1 -1} dma_addr=0x00000000
731      0      1      1      -      0xFFFF0001 0xFFFF0000 -      -      | 8          | 0          0          -        -        -        1        | S_LN_0           -        0x00000000 -      -          -          0x00000000 | 1          0          7          | wl{- 0 -1 -1} dma_addr=0x00000000
732      0      1      1      -      0xFFFF0001 0xFFFF0000 -      -      | 8          | 0          0          1        -        1        1        | S_LN_0           -        0x00000000 -      -          -          0x00000000 | 1          0          7          | wl{- 0 -1 -1} dma_addr=0x00000000
733      0      1      1      -      0xFFFF0001 0xFFFF0000 -      -      | 8          | 0          0          -        -        -        1        | S_LN_0           -        0x00000000 -      -          -          0x00000000 | 1          0          7          | wl{- 0 -1 -1} dma_addr=0x00000000
734      0      1      1      -      0xFFFF0001 0xFFFF0000 -      -      | 8          | 0          0          1        -        1        1        | S_LN_0           -        0x00000000 -      -          -          0x00000000 | 1          0          7          | wl{- 0 -1 -1} dma_addr=0x00000000
735      0      1      1      -      0xFFFF0001 0xFFFF0000 -      -      | 8          | 0          0          -        -        -        1        | S_LN_0           -        0x00000000 -      -          -          0x00000000 | 1          0          7          | wl{- 0 -1 -1} dma_addr=0x00000000
736      0      1      1      -      0xFFFF0001 0xFFFF0000 -      -      | 8          | 0          0          1        -        1        1        | S_LN_0           -        0x00000000 -      -          -          0x00000000 | 1          0          7          | wl{- 0 -1 -1} dma_addr=0x00000000
737      0      1      1      -      0xFFFF0001 0xFFFF0000 -      -      | 8          | 0          0          -        -        -        1        | S_LN_0           -        0x00000000 -      -          -          0x00000000 | 1          0          7          | wl{- 0 -1 -1} dma_addr=0x00000000
738      0      1      1      -      0xFFFF0001 0xFFFF0000 -      -      | 8          | 0          0          1        -        1        1        | S_LN_0           -        0x00000000 -      -          -          0x00000000 | 1          0          7          | wl{- 0 -1 -1} dma_addr=0x00000000
739      0      1      1      -      0xFFFF0001 0xFFFF0000 -      -      | 8          | 0          0          -        -        -        1        | S_LN_0           -        0x00000000 -      -          -          0x00000000 | 1          0          7          | wl{- 0 -1 -1} dma_addr=0x00000000
740      0      1      1      -      0xFFFF0001 0xFFFF0000 -      -      | 8          | 0          0          1        -        1        1        | S_LN_0           -        0x00000000 -      -          -          0x00000000 | 1          0          7          | wl{- 0 -1 -1} dma_addr=0x00000000
741      0      1      1      -      0xFFFF0001 0xFFFF0000 -      -      | 8          | 0          0          -        -        -        1        | S_LN_0           -        0x00000000 -      -          -          0x00000000 | 1          0          7          | wl{- 0 -1 -1} dma_addr=0x00000000
742      0      1      1      -      0xFFFF0001 0xFFFF0000 -      -      | 8          | 0          0          1        -        1        1        | S_LN_0           -        0x00000000 -      -          -          0x00000000 | 1          0          7          | wl{- 0 -1 -1} dma_addr=0x00000000
743      0      1      1      -      0xFFFF0001 0xFFFF0000 -      -      | 8          | 0          0          -        -        -        1        | S_LN_0           -        0x00000000 -      -          -          0x00000000 | 1          0          7          | wl{- 0 -1 -1} dma_addr=0x00000000
744      0      1      1      -      0xFFFF0001 0xFFFF0000 -      -      | 8          | 0          0          1        -        1        1        | S_LN_0           -        0x00000000 -      -          -          0x00000000 | 1          0          7          | wl{- 0 -1 -1} dma_addr=0x00000000
745      0      1      1      -      0xFFFF0001 0xFFFF0000 -      -      | 8          | 0          0          -        -        -        1        | S_LN_0           -        0x00000000 -      -          -          0x00000000 | 1          0          7          | wl{- 0 -1 -1} dma_addr=0x00000000
746      0      1      1      -      0xFFFF0001 0xFFFF0000 -      -    ERROR: STREAM_OUT state never reached
ERROR: Did not remain in IDLE for 4 cycles after STREAM_OUT
ERROR: ATT_SCORES compute op never issued
ERROR: CONCAT compute op never issued
  | 8          | 0          0          1        -        1        1        | S_LN_0           -        0x00000000 -      -          -          0x00000000 | 1          0          7          | wl{- 0 -1 -1} dma_addr=0x00000000
747      0      1      1      -      0xFFFF0001 0xFFFF0000 -      -      | 8          | 0          0          -        -        -        1        | S_LN_0           -        0x00000000 -      -          -          0x00000000 | 1          0          7          | wl{- 0 -1 -1} dma_addr=0x00000000
748      0      1      1      -      0xFFFF0001 0xFFFF0000 -      -      | 8          | 0          0          1        -        1        1        | S_LN_0           -        0x00000000 -      -          -          0x00000000 | 1          0          7          | wl{- 0 -1 -1} dma_addr=0x00000000
749      0      1      1      -      0xFFFF0001 0xFFFF0000 -      -      | 8          | 0          0          -        -        -        1        | S_LN_0           -        0x00000000 -      -          -          0x00000000 | 1          0          7          | wl{- 0 -1 -1} dma_addr=0x00000000
@E Simulation failed: Function 'main' returns nonzero value '1'.
ERROR: [SIM 211-100] 'csim_design' failed: nonzero return value.
INFO: [SIM 211-3] *************** CSIM finish ***************
ERROR: 4
INFO: [HLS 200-112] Total CPU user time: 3.74 seconds. Total CPU system time: 0.92 seconds. Total elapsed time: 4.6 seconds; peak allocated memory: 445.168 MB.
