
*** Running vivado
    with args -log compute_controller.vds -m64 -product Vivado -mode batch -messageDb vivado.pb -notrace -source compute_controller.tcl


****** Vivado v2025.1 (64-bit)
  **** SW Build 6140274 on Wed May 21 22:58:25 MDT 2025
  **** IP Build 6138677 on Thu May 22 03:10:11 MDT 2025
  **** SharedData Build 6139179 on Tue May 20 17:58:58 MDT 2025
  **** Start of session at: Thu Jan 22 19:37:40 2026
    ** Copyright 1986-2022 Xilinx, Inc. All Rights Reserved.
    ** Copyright 2022-2025 Advanced Micro Devices, Inc. All Rights Reserved.

source compute_controller.tcl -notrace
Command: synth_design -top compute_controller -part xck26-sfvc784-2LV-c
Starting synth_design
Attempting to get a license for feature 'Synthesis' and/or device 'xck26'
INFO: [Common 17-349] Got license for feature 'Synthesis' and/or device 'xck26'
INFO: [Synth 8-7079] Multithreading enabled for synth_design using a maximum of 7 processes.
INFO: [Synth 8-7078] Launching helper process for spawning children vivado processes
INFO: [Synth 8-7075] Helper process launched with PID 73542
---------------------------------------------------------------------------------
Starting Synthesize : Time (s): cpu = 00:00:03 ; elapsed = 00:00:03 . Memory (MB): peak = 2003.633 ; gain = 423.992 ; free physical = 8146 ; free virtual = 27607
---------------------------------------------------------------------------------
INFO: [Synth 8-6157] synthesizing module 'compute_controller' [/home/luka/Scripting/ELEC_498-Capstone-LiteLM/HLS-Verilog/Transformer_logic/src-Verilog/verilog/compute_controller.v:9]
INFO: [Synth 8-6157] synthesizing module 'compute_controller_compute_controller_bool_bool_unsigned_int_bool_bool_bool_bool_bool_u_9_RAM_AUbkb' [/home/luka/Scripting/ELEC_498-Capstone-LiteLM/HLS-Verilog/Transformer_logic/src-Verilog/verilog/compute_controller_compute_controller_bool_bool_unsigned_int_bool_bool_bool_bool_bool_u_9_RAM_AUbkb.v:7]
	Parameter DataWidth bound to: 8 - type: integer 
	Parameter AddressWidth bound to: 4 - type: integer 
	Parameter AddressRange bound to: 12 - type: integer 
INFO: [Synth 8-3876] $readmem data file './compute_controller_compute_controller_bool_bool_unsigned_int_bool_bool_bool_bool_bool_u_9_RAM_AUbkb.dat' is read successfully [/home/luka/Scripting/ELEC_498-Capstone-LiteLM/HLS-Verilog/Transformer_logic/src-Verilog/verilog/compute_controller_compute_controller_bool_bool_unsigned_int_bool_bool_bool_bool_bool_u_9_RAM_AUbkb.v:41]
INFO: [Synth 8-6155] done synthesizing module 'compute_controller_compute_controller_bool_bool_unsigned_int_bool_bool_bool_bool_bool_u_9_RAM_AUbkb' (0#1) [/home/luka/Scripting/ELEC_498-Capstone-LiteLM/HLS-Verilog/Transformer_logic/src-Verilog/verilog/compute_controller_compute_controller_bool_bool_unsigned_int_bool_bool_bool_bool_bool_u_9_RAM_AUbkb.v:7]
INFO: [Synth 8-6157] synthesizing module 'compute_controller_compute_controller_bool_bool_unsigned_int_bool_bool_bool_bool_bool_u_29_RAM_ArcU' [/home/luka/Scripting/ELEC_498-Capstone-LiteLM/HLS-Verilog/Transformer_logic/src-Verilog/verilog/compute_controller_compute_controller_bool_bool_unsigned_int_bool_bool_bool_bool_bool_u_29_RAM_ArcU.v:7]
	Parameter DataWidth bound to: 4 - type: integer 
	Parameter AddressWidth bound to: 10 - type: integer 
	Parameter AddressRange bound to: 576 - type: integer 
INFO: [Synth 8-3876] $readmem data file './compute_controller_compute_controller_bool_bool_unsigned_int_bool_bool_bool_bool_bool_u_29_RAM_ArcU.dat' is read successfully [/home/luka/Scripting/ELEC_498-Capstone-LiteLM/HLS-Verilog/Transformer_logic/src-Verilog/verilog/compute_controller_compute_controller_bool_bool_unsigned_int_bool_bool_bool_bool_bool_u_29_RAM_ArcU.v:41]
INFO: [Synth 8-6155] done synthesizing module 'compute_controller_compute_controller_bool_bool_unsigned_int_bool_bool_bool_bool_bool_u_29_RAM_ArcU' (0#1) [/home/luka/Scripting/ELEC_498-Capstone-LiteLM/HLS-Verilog/Transformer_logic/src-Verilog/verilog/compute_controller_compute_controller_bool_bool_unsigned_int_bool_bool_bool_bool_bool_u_29_RAM_ArcU.v:7]
INFO: [Synth 8-6157] synthesizing module 'compute_controller_compute_controller_bool_bool_unsigned_int_bool_bool_bool_bool_bool_u_39_RAM_AHfu' [/home/luka/Scripting/ELEC_498-Capstone-LiteLM/HLS-Verilog/Transformer_logic/src-Verilog/verilog/compute_controller_compute_controller_bool_bool_unsigned_int_bool_bool_bool_bool_bool_u_39_RAM_AHfu.v:7]
	Parameter DataWidth bound to: 4 - type: integer 
	Parameter AddressWidth bound to: 2 - type: integer 
	Parameter AddressRange bound to: 3 - type: integer 
INFO: [Synth 8-3876] $readmem data file './compute_controller_compute_controller_bool_bool_unsigned_int_bool_bool_bool_bool_bool_u_39_RAM_AHfu.dat' is read successfully [/home/luka/Scripting/ELEC_498-Capstone-LiteLM/HLS-Verilog/Transformer_logic/src-Verilog/verilog/compute_controller_compute_controller_bool_bool_unsigned_int_bool_bool_bool_bool_bool_u_39_RAM_AHfu.v:41]
INFO: [Synth 8-6155] done synthesizing module 'compute_controller_compute_controller_bool_bool_unsigned_int_bool_bool_bool_bool_bool_u_39_RAM_AHfu' (0#1) [/home/luka/Scripting/ELEC_498-Capstone-LiteLM/HLS-Verilog/Transformer_logic/src-Verilog/verilog/compute_controller_compute_controller_bool_bool_unsigned_int_bool_bool_bool_bool_bool_u_39_RAM_AHfu.v:7]
INFO: [Synth 8-6157] synthesizing module 'compute_controller_compute_controller_bool_bool_unsigned_int_bool_bool_bool_bool_bool_u_19_RAM_AXh4' [/home/luka/Scripting/ELEC_498-Capstone-LiteLM/HLS-Verilog/Transformer_logic/src-Verilog/verilog/compute_controller_compute_controller_bool_bool_unsigned_int_bool_bool_bool_bool_bool_u_19_RAM_AXh4.v:7]
	Parameter DataWidth bound to: 19 - type: integer 
	Parameter AddressWidth bound to: 2 - type: integer 
	Parameter AddressRange bound to: 3 - type: integer 
INFO: [Synth 8-3876] $readmem data file './compute_controller_compute_controller_bool_bool_unsigned_int_bool_bool_bool_bool_bool_u_19_RAM_AXh4.dat' is read successfully [/home/luka/Scripting/ELEC_498-Capstone-LiteLM/HLS-Verilog/Transformer_logic/src-Verilog/verilog/compute_controller_compute_controller_bool_bool_unsigned_int_bool_bool_bool_bool_bool_u_19_RAM_AXh4.v:31]
INFO: [Synth 8-6155] done synthesizing module 'compute_controller_compute_controller_bool_bool_unsigned_int_bool_bool_bool_bool_bool_u_19_RAM_AXh4' (0#1) [/home/luka/Scripting/ELEC_498-Capstone-LiteLM/HLS-Verilog/Transformer_logic/src-Verilog/verilog/compute_controller_compute_controller_bool_bool_unsigned_int_bool_bool_bool_bool_bool_u_19_RAM_AXh4.v:7]
INFO: [Synth 8-6157] synthesizing module 'compute_controller_compute_controller_Pipeline_VITIS_LOOP_367_4' [/home/luka/Scripting/ELEC_498-Capstone-LiteLM/HLS-Verilog/Transformer_logic/src-Verilog/verilog/compute_controller_compute_controller_Pipeline_VITIS_LOOP_367_4.v:9]
INFO: [Synth 8-6157] synthesizing module 'compute_controller_flow_control_loop_pipe_sequential_init' [/home/luka/Scripting/ELEC_498-Capstone-LiteLM/HLS-Verilog/Transformer_logic/src-Verilog/verilog/compute_controller_flow_control_loop_pipe_sequential_init.v:11]
INFO: [Synth 8-6155] done synthesizing module 'compute_controller_flow_control_loop_pipe_sequential_init' (0#1) [/home/luka/Scripting/ELEC_498-Capstone-LiteLM/HLS-Verilog/Transformer_logic/src-Verilog/verilog/compute_controller_flow_control_loop_pipe_sequential_init.v:11]
INFO: [Synth 8-6155] done synthesizing module 'compute_controller_compute_controller_Pipeline_VITIS_LOOP_367_4' (0#1) [/home/luka/Scripting/ELEC_498-Capstone-LiteLM/HLS-Verilog/Transformer_logic/src-Verilog/verilog/compute_controller_compute_controller_Pipeline_VITIS_LOOP_367_4.v:9]
INFO: [Synth 8-6157] synthesizing module 'compute_controller_compute_controller_Pipeline_VITIS_LOOP_376_6_VITIS_LOOP_377_7' [/home/luka/Scripting/ELEC_498-Capstone-LiteLM/HLS-Verilog/Transformer_logic/src-Verilog/verilog/compute_controller_compute_controller_Pipeline_VITIS_LOOP_376_6_VITIS_LOOP_377_7.v:9]
INFO: [Synth 8-6155] done synthesizing module 'compute_controller_compute_controller_Pipeline_VITIS_LOOP_376_6_VITIS_LOOP_377_7' (0#1) [/home/luka/Scripting/ELEC_498-Capstone-LiteLM/HLS-Verilog/Transformer_logic/src-Verilog/verilog/compute_controller_compute_controller_Pipeline_VITIS_LOOP_376_6_VITIS_LOOP_377_7.v:9]
INFO: [Synth 8-6157] synthesizing module 'compute_controller_compute_controller_Pipeline_VITIS_LOOP_389_8' [/home/luka/Scripting/ELEC_498-Capstone-LiteLM/HLS-Verilog/Transformer_logic/src-Verilog/verilog/compute_controller_compute_controller_Pipeline_VITIS_LOOP_389_8.v:9]
INFO: [Synth 8-6155] done synthesizing module 'compute_controller_compute_controller_Pipeline_VITIS_LOOP_389_8' (0#1) [/home/luka/Scripting/ELEC_498-Capstone-LiteLM/HLS-Verilog/Transformer_logic/src-Verilog/verilog/compute_controller_compute_controller_Pipeline_VITIS_LOOP_389_8.v:9]
INFO: [Synth 8-6157] synthesizing module 'compute_controller_compute_controller_Pipeline_VITIS_LOOP_405_10' [/home/luka/Scripting/ELEC_498-Capstone-LiteLM/HLS-Verilog/Transformer_logic/src-Verilog/verilog/compute_controller_compute_controller_Pipeline_VITIS_LOOP_405_10.v:9]
INFO: [Synth 8-6157] synthesizing module 'compute_controller_sparsemux_33_4_19_1_1' [/home/luka/Scripting/ELEC_498-Capstone-LiteLM/HLS-Verilog/Transformer_logic/src-Verilog/verilog/compute_controller_sparsemux_33_4_19_1_1.v:8]
	Parameter din0_WIDTH bound to: 19 - type: integer 
	Parameter din1_WIDTH bound to: 19 - type: integer 
	Parameter din2_WIDTH bound to: 19 - type: integer 
	Parameter din3_WIDTH bound to: 19 - type: integer 
	Parameter din4_WIDTH bound to: 19 - type: integer 
	Parameter din5_WIDTH bound to: 19 - type: integer 
	Parameter din6_WIDTH bound to: 19 - type: integer 
	Parameter din7_WIDTH bound to: 19 - type: integer 
	Parameter din8_WIDTH bound to: 19 - type: integer 
	Parameter din9_WIDTH bound to: 19 - type: integer 
	Parameter din10_WIDTH bound to: 19 - type: integer 
	Parameter din11_WIDTH bound to: 19 - type: integer 
	Parameter din12_WIDTH bound to: 19 - type: integer 
	Parameter din13_WIDTH bound to: 19 - type: integer 
	Parameter din14_WIDTH bound to: 19 - type: integer 
	Parameter din15_WIDTH bound to: 19 - type: integer 
	Parameter def_WIDTH bound to: 19 - type: integer 
	Parameter sel_WIDTH bound to: 4 - type: integer 
	Parameter dout_WIDTH bound to: 19 - type: integer 
	Parameter CASE0 bound to: 4'b0000 
	Parameter CASE1 bound to: 4'b0001 
	Parameter CASE2 bound to: 4'b0010 
	Parameter CASE3 bound to: 4'b0011 
	Parameter CASE4 bound to: 4'b0100 
	Parameter CASE5 bound to: 4'b0101 
	Parameter CASE6 bound to: 4'b0110 
	Parameter CASE7 bound to: 4'b0111 
	Parameter CASE8 bound to: 4'b1000 
	Parameter CASE9 bound to: 4'b1001 
	Parameter CASE10 bound to: 4'b1010 
	Parameter CASE11 bound to: 4'b1011 
	Parameter CASE12 bound to: 4'b1100 
	Parameter CASE13 bound to: 4'b1101 
	Parameter CASE14 bound to: 4'b1110 
	Parameter CASE15 bound to: 4'b1111 
	Parameter ID bound to: 1 - type: integer 
	Parameter NUM_STAGE bound to: 1 - type: integer 
INFO: [Synth 8-226] default block is never used [/home/luka/Scripting/ELEC_498-Capstone-LiteLM/HLS-Verilog/Transformer_logic/src-Verilog/verilog/compute_controller_sparsemux_33_4_19_1_1.v:126]
INFO: [Synth 8-6155] done synthesizing module 'compute_controller_sparsemux_33_4_19_1_1' (0#1) [/home/luka/Scripting/ELEC_498-Capstone-LiteLM/HLS-Verilog/Transformer_logic/src-Verilog/verilog/compute_controller_sparsemux_33_4_19_1_1.v:8]
INFO: [Synth 8-6155] done synthesizing module 'compute_controller_compute_controller_Pipeline_VITIS_LOOP_405_10' (0#1) [/home/luka/Scripting/ELEC_498-Capstone-LiteLM/HLS-Verilog/Transformer_logic/src-Verilog/verilog/compute_controller_compute_controller_Pipeline_VITIS_LOOP_405_10.v:9]
INFO: [Synth 8-6157] synthesizing module 'compute_controller_compute_controller_Pipeline_VITIS_LOOP_43_2' [/home/luka/Scripting/ELEC_498-Capstone-LiteLM/HLS-Verilog/Transformer_logic/src-Verilog/verilog/compute_controller_compute_controller_Pipeline_VITIS_LOOP_43_2.v:9]
INFO: [Synth 8-6157] synthesizing module 'compute_controller_mul_8s_4s_12_1_1' [/home/luka/Scripting/ELEC_498-Capstone-LiteLM/HLS-Verilog/Transformer_logic/src-Verilog/verilog/compute_controller_mul_8s_4s_12_1_1.v:5]
	Parameter ID bound to: 1 - type: integer 
	Parameter NUM_STAGE bound to: 1 - type: integer 
	Parameter din0_WIDTH bound to: 8 - type: integer 
	Parameter din1_WIDTH bound to: 4 - type: integer 
	Parameter dout_WIDTH bound to: 12 - type: integer 
INFO: [Synth 8-6155] done synthesizing module 'compute_controller_mul_8s_4s_12_1_1' (0#1) [/home/luka/Scripting/ELEC_498-Capstone-LiteLM/HLS-Verilog/Transformer_logic/src-Verilog/verilog/compute_controller_mul_8s_4s_12_1_1.v:5]
INFO: [Synth 8-6157] synthesizing module 'compute_controller_mac_muladd_8s_4s_12s_13_4_1' [/home/luka/Scripting/ELEC_498-Capstone-LiteLM/HLS-Verilog/Transformer_logic/src-Verilog/verilog/compute_controller_mac_muladd_8s_4s_12s_13_4_1.v:45]
	Parameter ID bound to: 1 - type: integer 
	Parameter NUM_STAGE bound to: 4 - type: integer 
	Parameter din0_WIDTH bound to: 8 - type: integer 
	Parameter din1_WIDTH bound to: 4 - type: integer 
	Parameter din2_WIDTH bound to: 12 - type: integer 
	Parameter dout_WIDTH bound to: 13 - type: integer 
INFO: [Synth 8-6157] synthesizing module 'compute_controller_mac_muladd_8s_4s_12s_13_4_1_DSP48_0' [/home/luka/Scripting/ELEC_498-Capstone-LiteLM/HLS-Verilog/Transformer_logic/src-Verilog/verilog/compute_controller_mac_muladd_8s_4s_12s_13_4_1.v:7]
INFO: [Synth 8-6155] done synthesizing module 'compute_controller_mac_muladd_8s_4s_12s_13_4_1_DSP48_0' (0#1) [/home/luka/Scripting/ELEC_498-Capstone-LiteLM/HLS-Verilog/Transformer_logic/src-Verilog/verilog/compute_controller_mac_muladd_8s_4s_12s_13_4_1.v:7]
INFO: [Synth 8-6155] done synthesizing module 'compute_controller_mac_muladd_8s_4s_12s_13_4_1' (0#1) [/home/luka/Scripting/ELEC_498-Capstone-LiteLM/HLS-Verilog/Transformer_logic/src-Verilog/verilog/compute_controller_mac_muladd_8s_4s_12s_13_4_1.v:45]
INFO: [Synth 8-6155] done synthesizing module 'compute_controller_compute_controller_Pipeline_VITIS_LOOP_43_2' (0#1) [/home/luka/Scripting/ELEC_498-Capstone-LiteLM/HLS-Verilog/Transformer_logic/src-Verilog/verilog/compute_controller_compute_controller_Pipeline_VITIS_LOOP_43_2.v:9]
INFO: [Synth 8-6157] synthesizing module 'compute_controller_compute_controller_Pipeline_VITIS_LOOP_43_21' [/home/luka/Scripting/ELEC_498-Capstone-LiteLM/HLS-Verilog/Transformer_logic/src-Verilog/verilog/compute_controller_compute_controller_Pipeline_VITIS_LOOP_43_21.v:9]
INFO: [Synth 8-6155] done synthesizing module 'compute_controller_compute_controller_Pipeline_VITIS_LOOP_43_21' (0#1) [/home/luka/Scripting/ELEC_498-Capstone-LiteLM/HLS-Verilog/Transformer_logic/src-Verilog/verilog/compute_controller_compute_controller_Pipeline_VITIS_LOOP_43_21.v:9]
INFO: [Synth 8-6157] synthesizing module 'compute_controller_compute_controller_Pipeline_VITIS_LOOP_43_22' [/home/luka/Scripting/ELEC_498-Capstone-LiteLM/HLS-Verilog/Transformer_logic/src-Verilog/verilog/compute_controller_compute_controller_Pipeline_VITIS_LOOP_43_22.v:9]
INFO: [Synth 8-6155] done synthesizing module 'compute_controller_compute_controller_Pipeline_VITIS_LOOP_43_22' (0#1) [/home/luka/Scripting/ELEC_498-Capstone-LiteLM/HLS-Verilog/Transformer_logic/src-Verilog/verilog/compute_controller_compute_controller_Pipeline_VITIS_LOOP_43_22.v:9]
INFO: [Synth 8-6157] synthesizing module 'compute_controller_compute_controller_Pipeline_VITIS_LOOP_43_23' [/home/luka/Scripting/ELEC_498-Capstone-LiteLM/HLS-Verilog/Transformer_logic/src-Verilog/verilog/compute_controller_compute_controller_Pipeline_VITIS_LOOP_43_23.v:9]
INFO: [Synth 8-6155] done synthesizing module 'compute_controller_compute_controller_Pipeline_VITIS_LOOP_43_23' (0#1) [/home/luka/Scripting/ELEC_498-Capstone-LiteLM/HLS-Verilog/Transformer_logic/src-Verilog/verilog/compute_controller_compute_controller_Pipeline_VITIS_LOOP_43_23.v:9]
INFO: [Synth 8-6157] synthesizing module 'compute_controller_compute_controller_Pipeline_VITIS_LOOP_43_24' [/home/luka/Scripting/ELEC_498-Capstone-LiteLM/HLS-Verilog/Transformer_logic/src-Verilog/verilog/compute_controller_compute_controller_Pipeline_VITIS_LOOP_43_24.v:9]
INFO: [Synth 8-6155] done synthesizing module 'compute_controller_compute_controller_Pipeline_VITIS_LOOP_43_24' (0#1) [/home/luka/Scripting/ELEC_498-Capstone-LiteLM/HLS-Verilog/Transformer_logic/src-Verilog/verilog/compute_controller_compute_controller_Pipeline_VITIS_LOOP_43_24.v:9]
INFO: [Synth 8-6157] synthesizing module 'compute_controller_compute_controller_Pipeline_VITIS_LOOP_43_25' [/home/luka/Scripting/ELEC_498-Capstone-LiteLM/HLS-Verilog/Transformer_logic/src-Verilog/verilog/compute_controller_compute_controller_Pipeline_VITIS_LOOP_43_25.v:9]
INFO: [Synth 8-6155] done synthesizing module 'compute_controller_compute_controller_Pipeline_VITIS_LOOP_43_25' (0#1) [/home/luka/Scripting/ELEC_498-Capstone-LiteLM/HLS-Verilog/Transformer_logic/src-Verilog/verilog/compute_controller_compute_controller_Pipeline_VITIS_LOOP_43_25.v:9]
INFO: [Synth 8-6157] synthesizing module 'compute_controller_compute_controller_Pipeline_VITIS_LOOP_43_26' [/home/luka/Scripting/ELEC_498-Capstone-LiteLM/HLS-Verilog/Transformer_logic/src-Verilog/verilog/compute_controller_compute_controller_Pipeline_VITIS_LOOP_43_26.v:9]
INFO: [Synth 8-6155] done synthesizing module 'compute_controller_compute_controller_Pipeline_VITIS_LOOP_43_26' (0#1) [/home/luka/Scripting/ELEC_498-Capstone-LiteLM/HLS-Verilog/Transformer_logic/src-Verilog/verilog/compute_controller_compute_controller_Pipeline_VITIS_LOOP_43_26.v:9]
INFO: [Synth 8-6157] synthesizing module 'compute_controller_compute_controller_Pipeline_VITIS_LOOP_43_27' [/home/luka/Scripting/ELEC_498-Capstone-LiteLM/HLS-Verilog/Transformer_logic/src-Verilog/verilog/compute_controller_compute_controller_Pipeline_VITIS_LOOP_43_27.v:9]
INFO: [Synth 8-6155] done synthesizing module 'compute_controller_compute_controller_Pipeline_VITIS_LOOP_43_27' (0#1) [/home/luka/Scripting/ELEC_498-Capstone-LiteLM/HLS-Verilog/Transformer_logic/src-Verilog/verilog/compute_controller_compute_controller_Pipeline_VITIS_LOOP_43_27.v:9]
INFO: [Synth 8-6157] synthesizing module 'compute_controller_compute_controller_Pipeline_VITIS_LOOP_43_28' [/home/luka/Scripting/ELEC_498-Capstone-LiteLM/HLS-Verilog/Transformer_logic/src-Verilog/verilog/compute_controller_compute_controller_Pipeline_VITIS_LOOP_43_28.v:9]
INFO: [Synth 8-6155] done synthesizing module 'compute_controller_compute_controller_Pipeline_VITIS_LOOP_43_28' (0#1) [/home/luka/Scripting/ELEC_498-Capstone-LiteLM/HLS-Verilog/Transformer_logic/src-Verilog/verilog/compute_controller_compute_controller_Pipeline_VITIS_LOOP_43_28.v:9]
INFO: [Synth 8-6157] synthesizing module 'compute_controller_compute_controller_Pipeline_VITIS_LOOP_43_29' [/home/luka/Scripting/ELEC_498-Capstone-LiteLM/HLS-Verilog/Transformer_logic/src-Verilog/verilog/compute_controller_compute_controller_Pipeline_VITIS_LOOP_43_29.v:9]
INFO: [Synth 8-6155] done synthesizing module 'compute_controller_compute_controller_Pipeline_VITIS_LOOP_43_29' (0#1) [/home/luka/Scripting/ELEC_498-Capstone-LiteLM/HLS-Verilog/Transformer_logic/src-Verilog/verilog/compute_controller_compute_controller_Pipeline_VITIS_LOOP_43_29.v:9]
INFO: [Synth 8-6157] synthesizing module 'compute_controller_compute_controller_Pipeline_VITIS_LOOP_43_210' [/home/luka/Scripting/ELEC_498-Capstone-LiteLM/HLS-Verilog/Transformer_logic/src-Verilog/verilog/compute_controller_compute_controller_Pipeline_VITIS_LOOP_43_210.v:9]
INFO: [Synth 8-6155] done synthesizing module 'compute_controller_compute_controller_Pipeline_VITIS_LOOP_43_210' (0#1) [/home/luka/Scripting/ELEC_498-Capstone-LiteLM/HLS-Verilog/Transformer_logic/src-Verilog/verilog/compute_controller_compute_controller_Pipeline_VITIS_LOOP_43_210.v:9]
INFO: [Synth 8-6157] synthesizing module 'compute_controller_compute_controller_Pipeline_VITIS_LOOP_43_211' [/home/luka/Scripting/ELEC_498-Capstone-LiteLM/HLS-Verilog/Transformer_logic/src-Verilog/verilog/compute_controller_compute_controller_Pipeline_VITIS_LOOP_43_211.v:9]
INFO: [Synth 8-6155] done synthesizing module 'compute_controller_compute_controller_Pipeline_VITIS_LOOP_43_211' (0#1) [/home/luka/Scripting/ELEC_498-Capstone-LiteLM/HLS-Verilog/Transformer_logic/src-Verilog/verilog/compute_controller_compute_controller_Pipeline_VITIS_LOOP_43_211.v:9]
INFO: [Synth 8-6157] synthesizing module 'compute_controller_compute_controller_Pipeline_VITIS_LOOP_43_212' [/home/luka/Scripting/ELEC_498-Capstone-LiteLM/HLS-Verilog/Transformer_logic/src-Verilog/verilog/compute_controller_compute_controller_Pipeline_VITIS_LOOP_43_212.v:9]
INFO: [Synth 8-6155] done synthesizing module 'compute_controller_compute_controller_Pipeline_VITIS_LOOP_43_212' (0#1) [/home/luka/Scripting/ELEC_498-Capstone-LiteLM/HLS-Verilog/Transformer_logic/src-Verilog/verilog/compute_controller_compute_controller_Pipeline_VITIS_LOOP_43_212.v:9]
INFO: [Synth 8-6157] synthesizing module 'compute_controller_compute_controller_Pipeline_VITIS_LOOP_43_213' [/home/luka/Scripting/ELEC_498-Capstone-LiteLM/HLS-Verilog/Transformer_logic/src-Verilog/verilog/compute_controller_compute_controller_Pipeline_VITIS_LOOP_43_213.v:9]
INFO: [Synth 8-6155] done synthesizing module 'compute_controller_compute_controller_Pipeline_VITIS_LOOP_43_213' (0#1) [/home/luka/Scripting/ELEC_498-Capstone-LiteLM/HLS-Verilog/Transformer_logic/src-Verilog/verilog/compute_controller_compute_controller_Pipeline_VITIS_LOOP_43_213.v:9]
INFO: [Synth 8-6157] synthesizing module 'compute_controller_compute_controller_Pipeline_VITIS_LOOP_43_214' [/home/luka/Scripting/ELEC_498-Capstone-LiteLM/HLS-Verilog/Transformer_logic/src-Verilog/verilog/compute_controller_compute_controller_Pipeline_VITIS_LOOP_43_214.v:9]
INFO: [Synth 8-6155] done synthesizing module 'compute_controller_compute_controller_Pipeline_VITIS_LOOP_43_214' (0#1) [/home/luka/Scripting/ELEC_498-Capstone-LiteLM/HLS-Verilog/Transformer_logic/src-Verilog/verilog/compute_controller_compute_controller_Pipeline_VITIS_LOOP_43_214.v:9]
INFO: [Synth 8-6157] synthesizing module 'compute_controller_compute_controller_Pipeline_VITIS_LOOP_43_215' [/home/luka/Scripting/ELEC_498-Capstone-LiteLM/HLS-Verilog/Transformer_logic/src-Verilog/verilog/compute_controller_compute_controller_Pipeline_VITIS_LOOP_43_215.v:9]
INFO: [Synth 8-6155] done synthesizing module 'compute_controller_compute_controller_Pipeline_VITIS_LOOP_43_215' (0#1) [/home/luka/Scripting/ELEC_498-Capstone-LiteLM/HLS-Verilog/Transformer_logic/src-Verilog/verilog/compute_controller_compute_controller_Pipeline_VITIS_LOOP_43_215.v:9]
INFO: [Synth 8-6155] done synthesizing module 'compute_controller' (0#1) [/home/luka/Scripting/ELEC_498-Capstone-LiteLM/HLS-Verilog/Transformer_logic/src-Verilog/verilog/compute_controller.v:9]
INFO: [Synth 8-4490] FSM extraction disabled for register 'ap_CS_fsm_reg' through user attribute
INFO: [Synth 8-4490] FSM extraction disabled for register 'ap_CS_fsm_reg' through user attribute
WARNING: [Synth 8-7129] Port rst in module compute_controller_mac_muladd_8s_4s_12s_13_4_1_DSP48_0 is either unconnected or has no load
WARNING: [Synth 8-7129] Port p_udiv1475[3] in module compute_controller_compute_controller_Pipeline_VITIS_LOOP_43_212 is either unconnected or has no load
WARNING: [Synth 8-7129] Port p_udiv1475[2] in module compute_controller_compute_controller_Pipeline_VITIS_LOOP_43_212 is either unconnected or has no load
WARNING: [Synth 8-7129] Port p_udiv1475[1] in module compute_controller_compute_controller_Pipeline_VITIS_LOOP_43_212 is either unconnected or has no load
WARNING: [Synth 8-7129] Port p_udiv1475[0] in module compute_controller_compute_controller_Pipeline_VITIS_LOOP_43_212 is either unconnected or has no load
WARNING: [Synth 8-7129] Port p_udiv1167[3] in module compute_controller_compute_controller_Pipeline_VITIS_LOOP_43_28 is either unconnected or has no load
WARNING: [Synth 8-7129] Port p_udiv1167[2] in module compute_controller_compute_controller_Pipeline_VITIS_LOOP_43_28 is either unconnected or has no load
WARNING: [Synth 8-7129] Port p_udiv1167[1] in module compute_controller_compute_controller_Pipeline_VITIS_LOOP_43_28 is either unconnected or has no load
WARNING: [Synth 8-7129] Port p_udiv1167[0] in module compute_controller_compute_controller_Pipeline_VITIS_LOOP_43_28 is either unconnected or has no load
WARNING: [Synth 8-7129] Port mul_ln43_4[3] in module compute_controller_compute_controller_Pipeline_VITIS_LOOP_43_24 is either unconnected or has no load
WARNING: [Synth 8-7129] Port mul_ln43_4[2] in module compute_controller_compute_controller_Pipeline_VITIS_LOOP_43_24 is either unconnected or has no load
WARNING: [Synth 8-7129] Port mul_ln43_4[1] in module compute_controller_compute_controller_Pipeline_VITIS_LOOP_43_24 is either unconnected or has no load
WARNING: [Synth 8-7129] Port mul_ln43_4[0] in module compute_controller_compute_controller_Pipeline_VITIS_LOOP_43_24 is either unconnected or has no load
WARNING: [Synth 8-7129] Port mul_ln43[3] in module compute_controller_compute_controller_Pipeline_VITIS_LOOP_43_2 is either unconnected or has no load
WARNING: [Synth 8-7129] Port mul_ln43[2] in module compute_controller_compute_controller_Pipeline_VITIS_LOOP_43_2 is either unconnected or has no load
WARNING: [Synth 8-7129] Port mul_ln43[1] in module compute_controller_compute_controller_Pipeline_VITIS_LOOP_43_2 is either unconnected or has no load
WARNING: [Synth 8-7129] Port mul_ln43[0] in module compute_controller_compute_controller_Pipeline_VITIS_LOOP_43_2 is either unconnected or has no load
WARNING: [Synth 8-7129] Port reset in module compute_controller_compute_controller_bool_bool_unsigned_int_bool_bool_bool_bool_bool_u_19_RAM_AXh4 is either unconnected or has no load
WARNING: [Synth 8-7129] Port reset in module compute_controller_compute_controller_bool_bool_unsigned_int_bool_bool_bool_bool_bool_u_39_RAM_AHfu is either unconnected or has no load
WARNING: [Synth 8-7129] Port reset in module compute_controller_compute_controller_bool_bool_unsigned_int_bool_bool_bool_bool_bool_u_29_RAM_ArcU is either unconnected or has no load
WARNING: [Synth 8-7129] Port reset in module compute_controller_compute_controller_bool_bool_unsigned_int_bool_bool_bool_bool_bool_u_9_RAM_AUbkb is either unconnected or has no load
---------------------------------------------------------------------------------
Finished Synthesize : Time (s): cpu = 00:00:07 ; elapsed = 00:00:07 . Memory (MB): peak = 2259.336 ; gain = 679.695 ; free physical = 7850 ; free virtual = 27316
---------------------------------------------------------------------------------
---------------------------------------------------------------------------------
Finished Constraint Validation : Time (s): cpu = 00:00:07 ; elapsed = 00:00:08 . Memory (MB): peak = 2259.336 ; gain = 679.695 ; free physical = 7858 ; free virtual = 27324
---------------------------------------------------------------------------------
---------------------------------------------------------------------------------
Start Loading Part and Timing Information
---------------------------------------------------------------------------------
Loading part: xck26-sfvc784-2LV-c
INFO: [Device 21-403] Loading part xck26-sfvc784-2LV-c
INFO: [Synth 8-6742] Reading net delay rules and data
---------------------------------------------------------------------------------
Finished Loading Part and Timing Information : Time (s): cpu = 00:00:07 ; elapsed = 00:00:08 . Memory (MB): peak = 2259.336 ; gain = 679.695 ; free physical = 7858 ; free virtual = 27325
---------------------------------------------------------------------------------
INFO: [Synth 8-4490] FSM extraction disabled for register 'ap_CS_fsm_reg' through user attribute
INFO: [Synth 8-4490] FSM extraction disabled for register 'ap_CS_fsm_reg' through user attribute
INFO: [Synth 8-4490] FSM extraction disabled for register 'ap_CS_fsm_reg' through user attribute
INFO: [Synth 8-4490] FSM extraction disabled for register 'ap_CS_fsm_reg' through user attribute
INFO: [Synth 8-4490] FSM extraction disabled for register 'ap_CS_fsm_reg' through user attribute
INFO: [Synth 8-3971] The signal "compute_controller_compute_controller_bool_bool_unsigned_int_bool_bool_bool_bool_bool_u_9_RAM_AUbkb:/ram_reg" was recognized as a true dual port RAM template.
INFO: [Synth 8-3971] The signal "compute_controller_compute_controller_bool_bool_unsigned_int_bool_bool_bool_bool_bool_u_29_RAM_ArcU:/ram_reg" was recognized as a true dual port RAM template.
INFO: [Synth 8-3971] The signal "compute_controller_compute_controller_bool_bool_unsigned_int_bool_bool_bool_bool_bool_u_39_RAM_AHfu:/ram_reg" was recognized as a true dual port RAM template.
INFO: [Synth 8-6904] The RAM "compute_controller_compute_controller_bool_bool_unsigned_int_bool_bool_bool_bool_bool_u_19_RAM_AXh4:/ram_reg" of size (depth=3 x width=19) is automatically implemented using LUTRAM. BRAM implementation would be inefficient 
---------------------------------------------------------------------------------
Finished RTL Optimization Phase 2 : Time (s): cpu = 00:00:22 ; elapsed = 00:00:19 . Memory (MB): peak = 2919.805 ; gain = 1340.164 ; free physical = 7255 ; free virtual = 26855
---------------------------------------------------------------------------------
No constraint files found.
---------------------------------------------------------------------------------
Start RTL Component Statistics 
---------------------------------------------------------------------------------
Detailed RTL Component Info : 
+---Adders : 
	   2 Input   16 Bit       Adders := 16    
	   2 Input   15 Bit       Adders := 32    
	   2 Input   14 Bit       Adders := 65    
	   4 Input   14 Bit       Adders := 2     
	   4 Input   10 Bit       Adders := 1     
	   2 Input   10 Bit       Adders := 6     
	   3 Input   10 Bit       Adders := 8     
	   2 Input    9 Bit       Adders := 6     
	   3 Input    9 Bit       Adders := 8     
	   2 Input    8 Bit       Adders := 19    
	   2 Input    6 Bit       Adders := 4     
+---XORs : 
	   2 Input      1 Bit         XORs := 4     
+---Registers : 
	               55 Bit    Registers := 8     
	               32 Bit    Registers := 6     
	               19 Bit    Registers := 16    
	               18 Bit    Registers := 128   
	               14 Bit    Registers := 1     
	               10 Bit    Registers := 16    
	                9 Bit    Registers := 16    
	                8 Bit    Registers := 42    
	                7 Bit    Registers := 2     
	                6 Bit    Registers := 16    
	                5 Bit    Registers := 6     
	                4 Bit    Registers := 95    
	                3 Bit    Registers := 7     
	                2 Bit    Registers := 6     
	                1 Bit    Registers := 300   
+---RAMs : 
	               2K Bit	(576 X 4 bit)          RAMs := 16    
	               96 Bit	(12 X 8 bit)          RAMs := 16    
	               57 Bit	(3 X 19 bit)          RAMs := 16    
	               12 Bit	(3 X 4 bit)          RAMs := 16    
+---Muxes : 
	   2 Input   49 Bit        Muxes := 2     
	   2 Input   44 Bit        Muxes := 1     
	   2 Input   42 Bit        Muxes := 1     
	   2 Input   40 Bit        Muxes := 1     
	   2 Input   38 Bit        Muxes := 1     
	   2 Input   36 Bit        Muxes := 1     
	   2 Input   34 Bit        Muxes := 1     
	   2 Input   32 Bit        Muxes := 5     
	   2 Input   30 Bit        Muxes := 1     
	   2 Input   28 Bit        Muxes := 1     
	   2 Input   26 Bit        Muxes := 1     
	   2 Input   24 Bit        Muxes := 1     
	   2 Input   22 Bit        Muxes := 1     
	   2 Input   20 Bit        Muxes := 1     
	   2 Input   18 Bit        Muxes := 1     
	   2 Input   16 Bit        Muxes := 1     
	   2 Input   14 Bit        Muxes := 1     
	   2 Input   13 Bit        Muxes := 2     
	   2 Input   10 Bit        Muxes := 2     
	   2 Input    9 Bit        Muxes := 1     
	   2 Input    8 Bit        Muxes := 26    
	   2 Input    7 Bit        Muxes := 1     
	   2 Input    6 Bit        Muxes := 1     
	   2 Input    5 Bit        Muxes := 1     
	   2 Input    4 Bit        Muxes := 35    
	   5 Input    4 Bit        Muxes := 1     
	   6 Input    4 Bit        Muxes := 1     
	   2 Input    3 Bit        Muxes := 2     
	   5 Input    2 Bit        Muxes := 1     
	   2 Input    2 Bit        Muxes := 36    
	   2 Input    1 Bit        Muxes := 258   
---------------------------------------------------------------------------------
Finished RTL Component Statistics 
---------------------------------------------------------------------------------
---------------------------------------------------------------------------------
Start Part Resource Summary
---------------------------------------------------------------------------------
Part Resources:
DSPs: 1248 (col length:96)
BRAMs: 288 (col length: RAMB18 96 RAMB36 48)
---------------------------------------------------------------------------------
Finished Part Resource Summary
---------------------------------------------------------------------------------
No constraint files found.
---------------------------------------------------------------------------------
Start Cross Boundary and Area Optimization
---------------------------------------------------------------------------------
WARNING: [Synth 8-7080] Parallel synthesis criteria is not met
WARNING: [Synth 8-3936] Found unconnected internal register 'mac_muladd_8s_4s_12s_13_4_1_U86/compute_controller_mac_muladd_8s_4s_12s_13_4_1_DSP48_0_U/p_reg_reg' and it is trimmed from '46' to '13' bits. [/home/luka/Scripting/ELEC_498-Capstone-LiteLM/HLS-Verilog/Transformer_logic/src-Verilog/verilog/compute_controller_mac_muladd_8s_4s_12s_13_4_1.v:37]
WARNING: [Synth 8-3936] Found unconnected internal register 'mac_muladd_8s_4s_12s_13_4_1_U79/compute_controller_mac_muladd_8s_4s_12s_13_4_1_DSP48_0_U/p_reg_reg' and it is trimmed from '46' to '13' bits. [/home/luka/Scripting/ELEC_498-Capstone-LiteLM/HLS-Verilog/Transformer_logic/src-Verilog/verilog/compute_controller_mac_muladd_8s_4s_12s_13_4_1.v:37]
WARNING: [Synth 8-3936] Found unconnected internal register 'mac_muladd_8s_4s_12s_13_4_1_U80/compute_controller_mac_muladd_8s_4s_12s_13_4_1_DSP48_0_U/p_reg_reg' and it is trimmed from '46' to '13' bits. [/home/luka/Scripting/ELEC_498-Capstone-LiteLM/HLS-Verilog/Transformer_logic/src-Verilog/verilog/compute_controller_mac_muladd_8s_4s_12s_13_4_1.v:37]
WARNING: [Synth 8-3936] Found unconnected internal register 'mac_muladd_8s_4s_12s_13_4_1_U81/compute_controller_mac_muladd_8s_4s_12s_13_4_1_DSP48_0_U/p_reg_reg' and it is trimmed from '46' to '13' bits. [/home/luka/Scripting/ELEC_498-Capstone-LiteLM/HLS-Verilog/Transformer_logic/src-Verilog/verilog/compute_controller_mac_muladd_8s_4s_12s_13_4_1.v:37]
WARNING: [Synth 8-3936] Found unconnected internal register 'mac_muladd_8s_4s_12s_13_4_1_U82/compute_controller_mac_muladd_8s_4s_12s_13_4_1_DSP48_0_U/p_reg_reg' and it is trimmed from '46' to '13' bits. [/home/luka/Scripting/ELEC_498-Capstone-LiteLM/HLS-Verilog/Transformer_logic/src-Verilog/verilog/compute_controller_mac_muladd_8s_4s_12s_13_4_1.v:37]
WARNING: [Synth 8-3936] Found unconnected internal register 'mac_muladd_8s_4s_12s_13_4_1_U83/compute_controller_mac_muladd_8s_4s_12s_13_4_1_DSP48_0_U/p_reg_reg' and it is trimmed from '46' to '13' bits. [/home/luka/Scripting/ELEC_498-Capstone-LiteLM/HLS-Verilog/Transformer_logic/src-Verilog/verilog/compute_controller_mac_muladd_8s_4s_12s_13_4_1.v:37]
WARNING: [Synth 8-3936] Found unconnected internal register 'mac_muladd_8s_4s_12s_13_4_1_U84/compute_controller_mac_muladd_8s_4s_12s_13_4_1_DSP48_0_U/p_reg_reg' and it is trimmed from '46' to '13' bits. [/home/luka/Scripting/ELEC_498-Capstone-LiteLM/HLS-Verilog/Transformer_logic/src-Verilog/verilog/compute_controller_mac_muladd_8s_4s_12s_13_4_1.v:37]
WARNING: [Synth 8-3936] Found unconnected internal register 'mac_muladd_8s_4s_12s_13_4_1_U85/compute_controller_mac_muladd_8s_4s_12s_13_4_1_DSP48_0_U/p_reg_reg' and it is trimmed from '46' to '13' bits. [/home/luka/Scripting/ELEC_498-Capstone-LiteLM/HLS-Verilog/Transformer_logic/src-Verilog/verilog/compute_controller_mac_muladd_8s_4s_12s_13_4_1.v:37]
WARNING: [Synth 8-3936] Found unconnected internal register 'mac_muladd_8s_4s_12s_13_4_1_U79/compute_controller_mac_muladd_8s_4s_12s_13_4_1_DSP48_0_U/m_reg_reg' and it is trimmed from '45' to '13' bits. [/home/luka/Scripting/ELEC_498-Capstone-LiteLM/HLS-Verilog/Transformer_logic/src-Verilog/verilog/compute_controller_mac_muladd_8s_4s_12s_13_4_1.v:31]
WARNING: [Synth 8-3936] Found unconnected internal register 'mac_muladd_8s_4s_12s_13_4_1_U79/compute_controller_mac_muladd_8s_4s_12s_13_4_1_DSP48_0_U/a_reg_reg' and it is trimmed from '27' to '13' bits. [/home/luka/Scripting/ELEC_498-Capstone-LiteLM/HLS-Verilog/Transformer_logic/src-Verilog/verilog/compute_controller_mac_muladd_8s_4s_12s_13_4_1.v:30]
WARNING: [Synth 8-3936] Found unconnected internal register 'mac_muladd_8s_4s_12s_13_4_1_U79/compute_controller_mac_muladd_8s_4s_12s_13_4_1_DSP48_0_U/b_reg_reg' and it is trimmed from '18' to '13' bits. [/home/luka/Scripting/ELEC_498-Capstone-LiteLM/HLS-Verilog/Transformer_logic/src-Verilog/verilog/compute_controller_mac_muladd_8s_4s_12s_13_4_1.v:30]
WARNING: [Synth 8-3936] Found unconnected internal register 'mac_muladd_8s_4s_12s_13_4_1_U80/compute_controller_mac_muladd_8s_4s_12s_13_4_1_DSP48_0_U/m_reg_reg' and it is trimmed from '45' to '13' bits. [/home/luka/Scripting/ELEC_498-Capstone-LiteLM/HLS-Verilog/Transformer_logic/src-Verilog/verilog/compute_controller_mac_muladd_8s_4s_12s_13_4_1.v:31]
WARNING: [Synth 8-3936] Found unconnected internal register 'mac_muladd_8s_4s_12s_13_4_1_U80/compute_controller_mac_muladd_8s_4s_12s_13_4_1_DSP48_0_U/a_reg_reg' and it is trimmed from '27' to '13' bits. [/home/luka/Scripting/ELEC_498-Capstone-LiteLM/HLS-Verilog/Transformer_logic/src-Verilog/verilog/compute_controller_mac_muladd_8s_4s_12s_13_4_1.v:30]
WARNING: [Synth 8-3936] Found unconnected internal register 'mac_muladd_8s_4s_12s_13_4_1_U80/compute_controller_mac_muladd_8s_4s_12s_13_4_1_DSP48_0_U/b_reg_reg' and it is trimmed from '18' to '13' bits. [/home/luka/Scripting/ELEC_498-Capstone-LiteLM/HLS-Verilog/Transformer_logic/src-Verilog/verilog/compute_controller_mac_muladd_8s_4s_12s_13_4_1.v:30]
WARNING: [Synth 8-3936] Found unconnected internal register 'mac_muladd_8s_4s_12s_13_4_1_U81/compute_controller_mac_muladd_8s_4s_12s_13_4_1_DSP48_0_U/m_reg_reg' and it is trimmed from '45' to '13' bits. [/home/luka/Scripting/ELEC_498-Capstone-LiteLM/HLS-Verilog/Transformer_logic/src-Verilog/verilog/compute_controller_mac_muladd_8s_4s_12s_13_4_1.v:31]
WARNING: [Synth 8-3936] Found unconnected internal register 'mac_muladd_8s_4s_12s_13_4_1_U81/compute_controller_mac_muladd_8s_4s_12s_13_4_1_DSP48_0_U/a_reg_reg' and it is trimmed from '27' to '13' bits. [/home/luka/Scripting/ELEC_498-Capstone-LiteLM/HLS-Verilog/Transformer_logic/src-Verilog/verilog/compute_controller_mac_muladd_8s_4s_12s_13_4_1.v:30]
WARNING: [Synth 8-3936] Found unconnected internal register 'mac_muladd_8s_4s_12s_13_4_1_U81/compute_controller_mac_muladd_8s_4s_12s_13_4_1_DSP48_0_U/b_reg_reg' and it is trimmed from '18' to '13' bits. [/home/luka/Scripting/ELEC_498-Capstone-LiteLM/HLS-Verilog/Transformer_logic/src-Verilog/verilog/compute_controller_mac_muladd_8s_4s_12s_13_4_1.v:30]
WARNING: [Synth 8-3936] Found unconnected internal register 'mac_muladd_8s_4s_12s_13_4_1_U82/compute_controller_mac_muladd_8s_4s_12s_13_4_1_DSP48_0_U/m_reg_reg' and it is trimmed from '45' to '13' bits. [/home/luka/Scripting/ELEC_498-Capstone-LiteLM/HLS-Verilog/Transformer_logic/src-Verilog/verilog/compute_controller_mac_muladd_8s_4s_12s_13_4_1.v:31]
WARNING: [Synth 8-3936] Found unconnected internal register 'mac_muladd_8s_4s_12s_13_4_1_U82/compute_controller_mac_muladd_8s_4s_12s_13_4_1_DSP48_0_U/a_reg_reg' and it is trimmed from '27' to '13' bits. [/home/luka/Scripting/ELEC_498-Capstone-LiteLM/HLS-Verilog/Transformer_logic/src-Verilog/verilog/compute_controller_mac_muladd_8s_4s_12s_13_4_1.v:30]
WARNING: [Synth 8-3936] Found unconnected internal register 'mac_muladd_8s_4s_12s_13_4_1_U82/compute_controller_mac_muladd_8s_4s_12s_13_4_1_DSP48_0_U/b_reg_reg' and it is trimmed from '18' to '13' bits. [/home/luka/Scripting/ELEC_498-Capstone-LiteLM/HLS-Verilog/Transformer_logic/src-Verilog/verilog/compute_controller_mac_muladd_8s_4s_12s_13_4_1.v:30]
WARNING: [Synth 8-3936] Found unconnected internal register 'mac_muladd_8s_4s_12s_13_4_1_U83/compute_controller_mac_muladd_8s_4s_12s_13_4_1_DSP48_0_U/m_reg_reg' and it is trimmed from '45' to '13' bits. [/home/luka/Scripting/ELEC_498-Capstone-LiteLM/HLS-Verilog/Transformer_logic/src-Verilog/verilog/compute_controller_mac_muladd_8s_4s_12s_13_4_1.v:31]
WARNING: [Synth 8-3936] Found unconnected internal register 'mac_muladd_8s_4s_12s_13_4_1_U83/compute_controller_mac_muladd_8s_4s_12s_13_4_1_DSP48_0_U/a_reg_reg' and it is trimmed from '27' to '13' bits. [/home/luka/Scripting/ELEC_498-Capstone-LiteLM/HLS-Verilog/Transformer_logic/src-Verilog/verilog/compute_controller_mac_muladd_8s_4s_12s_13_4_1.v:30]
WARNING: [Synth 8-3936] Found unconnected internal register 'mac_muladd_8s_4s_12s_13_4_1_U83/compute_controller_mac_muladd_8s_4s_12s_13_4_1_DSP48_0_U/b_reg_reg' and it is trimmed from '18' to '13' bits. [/home/luka/Scripting/ELEC_498-Capstone-LiteLM/HLS-Verilog/Transformer_logic/src-Verilog/verilog/compute_controller_mac_muladd_8s_4s_12s_13_4_1.v:30]
WARNING: [Synth 8-3936] Found unconnected internal register 'mac_muladd_8s_4s_12s_13_4_1_U84/compute_controller_mac_muladd_8s_4s_12s_13_4_1_DSP48_0_U/m_reg_reg' and it is trimmed from '45' to '13' bits. [/home/luka/Scripting/ELEC_498-Capstone-LiteLM/HLS-Verilog/Transformer_logic/src-Verilog/verilog/compute_controller_mac_muladd_8s_4s_12s_13_4_1.v:31]
WARNING: [Synth 8-3936] Found unconnected internal register 'mac_muladd_8s_4s_12s_13_4_1_U84/compute_controller_mac_muladd_8s_4s_12s_13_4_1_DSP48_0_U/a_reg_reg' and it is trimmed from '27' to '13' bits. [/home/luka/Scripting/ELEC_498-Capstone-LiteLM/HLS-Verilog/Transformer_logic/src-Verilog/verilog/compute_controller_mac_muladd_8s_4s_12s_13_4_1.v:30]
WARNING: [Synth 8-3936] Found unconnected internal register 'mac_muladd_8s_4s_12s_13_4_1_U84/compute_controller_mac_muladd_8s_4s_12s_13_4_1_DSP48_0_U/b_reg_reg' and it is trimmed from '18' to '13' bits. [/home/luka/Scripting/ELEC_498-Capstone-LiteLM/HLS-Verilog/Transformer_logic/src-Verilog/verilog/compute_controller_mac_muladd_8s_4s_12s_13_4_1.v:30]
WARNING: [Synth 8-3936] Found unconnected internal register 'mac_muladd_8s_4s_12s_13_4_1_U85/compute_controller_mac_muladd_8s_4s_12s_13_4_1_DSP48_0_U/m_reg_reg' and it is trimmed from '45' to '13' bits. [/home/luka/Scripting/ELEC_498-Capstone-LiteLM/HLS-Verilog/Transformer_logic/src-Verilog/verilog/compute_controller_mac_muladd_8s_4s_12s_13_4_1.v:31]
WARNING: [Synth 8-3936] Found unconnected internal register 'mac_muladd_8s_4s_12s_13_4_1_U85/compute_controller_mac_muladd_8s_4s_12s_13_4_1_DSP48_0_U/a_reg_reg' and it is trimmed from '27' to '13' bits. [/home/luka/Scripting/ELEC_498-Capstone-LiteLM/HLS-Verilog/Transformer_logic/src-Verilog/verilog/compute_controller_mac_muladd_8s_4s_12s_13_4_1.v:30]
WARNING: [Synth 8-3936] Found unconnected internal register 'mac_muladd_8s_4s_12s_13_4_1_U85/compute_controller_mac_muladd_8s_4s_12s_13_4_1_DSP48_0_U/b_reg_reg' and it is trimmed from '18' to '13' bits. [/home/luka/Scripting/ELEC_498-Capstone-LiteLM/HLS-Verilog/Transformer_logic/src-Verilog/verilog/compute_controller_mac_muladd_8s_4s_12s_13_4_1.v:30]
WARNING: [Synth 8-3936] Found unconnected internal register 'mac_muladd_8s_4s_12s_13_4_1_U86/compute_controller_mac_muladd_8s_4s_12s_13_4_1_DSP48_0_U/m_reg_reg' and it is trimmed from '45' to '13' bits. [/home/luka/Scripting/ELEC_498-Capstone-LiteLM/HLS-Verilog/Transformer_logic/src-Verilog/verilog/compute_controller_mac_muladd_8s_4s_12s_13_4_1.v:31]
WARNING: [Synth 8-3936] Found unconnected internal register 'mac_muladd_8s_4s_12s_13_4_1_U86/compute_controller_mac_muladd_8s_4s_12s_13_4_1_DSP48_0_U/a_reg_reg' and it is trimmed from '27' to '13' bits. [/home/luka/Scripting/ELEC_498-Capstone-LiteLM/HLS-Verilog/Transformer_logic/src-Verilog/verilog/compute_controller_mac_muladd_8s_4s_12s_13_4_1.v:30]
WARNING: [Synth 8-3936] Found unconnected internal register 'mac_muladd_8s_4s_12s_13_4_1_U86/compute_controller_mac_muladd_8s_4s_12s_13_4_1_DSP48_0_U/b_reg_reg' and it is trimmed from '18' to '13' bits. [/home/luka/Scripting/ELEC_498-Capstone-LiteLM/HLS-Verilog/Transformer_logic/src-Verilog/verilog/compute_controller_mac_muladd_8s_4s_12s_13_4_1.v:30]
WARNING: [Synth 8-3936] Found unconnected internal register 'mac_muladd_8s_4s_12s_13_4_1_U139/compute_controller_mac_muladd_8s_4s_12s_13_4_1_DSP48_0_U/p_reg_reg' and it is trimmed from '46' to '13' bits. [/home/luka/Scripting/ELEC_498-Capstone-LiteLM/HLS-Verilog/Transformer_logic/src-Verilog/verilog/compute_controller_mac_muladd_8s_4s_12s_13_4_1.v:37]
WARNING: [Synth 8-3936] Found unconnected internal register 'mac_muladd_8s_4s_12s_13_4_1_U132/compute_controller_mac_muladd_8s_4s_12s_13_4_1_DSP48_0_U/p_reg_reg' and it is trimmed from '46' to '13' bits. [/home/luka/Scripting/ELEC_498-Capstone-LiteLM/HLS-Verilog/Transformer_logic/src-Verilog/verilog/compute_controller_mac_muladd_8s_4s_12s_13_4_1.v:37]
WARNING: [Synth 8-3936] Found unconnected internal register 'mac_muladd_8s_4s_12s_13_4_1_U133/compute_controller_mac_muladd_8s_4s_12s_13_4_1_DSP48_0_U/p_reg_reg' and it is trimmed from '46' to '13' bits. [/home/luka/Scripting/ELEC_498-Capstone-LiteLM/HLS-Verilog/Transformer_logic/src-Verilog/verilog/compute_controller_mac_muladd_8s_4s_12s_13_4_1.v:37]
WARNING: [Synth 8-3936] Found unconnected internal register 'mac_muladd_8s_4s_12s_13_4_1_U134/compute_controller_mac_muladd_8s_4s_12s_13_4_1_DSP48_0_U/p_reg_reg' and it is trimmed from '46' to '13' bits. [/home/luka/Scripting/ELEC_498-Capstone-LiteLM/HLS-Verilog/Transformer_logic/src-Verilog/verilog/compute_controller_mac_muladd_8s_4s_12s_13_4_1.v:37]
WARNING: [Synth 8-3936] Found unconnected internal register 'mac_muladd_8s_4s_12s_13_4_1_U135/compute_controller_mac_muladd_8s_4s_12s_13_4_1_DSP48_0_U/p_reg_reg' and it is trimmed from '46' to '13' bits. [/home/luka/Scripting/ELEC_498-Capstone-LiteLM/HLS-Verilog/Transformer_logic/src-Verilog/verilog/compute_controller_mac_muladd_8s_4s_12s_13_4_1.v:37]
WARNING: [Synth 8-3936] Found unconnected internal register 'mac_muladd_8s_4s_12s_13_4_1_U136/compute_controller_mac_muladd_8s_4s_12s_13_4_1_DSP48_0_U/p_reg_reg' and it is trimmed from '46' to '13' bits. [/home/luka/Scripting/ELEC_498-Capstone-LiteLM/HLS-Verilog/Transformer_logic/src-Verilog/verilog/compute_controller_mac_muladd_8s_4s_12s_13_4_1.v:37]
WARNING: [Synth 8-3936] Found unconnected internal register 'mac_muladd_8s_4s_12s_13_4_1_U137/compute_controller_mac_muladd_8s_4s_12s_13_4_1_DSP48_0_U/p_reg_reg' and it is trimmed from '46' to '13' bits. [/home/luka/Scripting/ELEC_498-Capstone-LiteLM/HLS-Verilog/Transformer_logic/src-Verilog/verilog/compute_controller_mac_muladd_8s_4s_12s_13_4_1.v:37]
WARNING: [Synth 8-3936] Found unconnected internal register 'mac_muladd_8s_4s_12s_13_4_1_U138/compute_controller_mac_muladd_8s_4s_12s_13_4_1_DSP48_0_U/p_reg_reg' and it is trimmed from '46' to '13' bits. [/home/luka/Scripting/ELEC_498-Capstone-LiteLM/HLS-Verilog/Transformer_logic/src-Verilog/verilog/compute_controller_mac_muladd_8s_4s_12s_13_4_1.v:37]
WARNING: [Synth 8-3936] Found unconnected internal register 'mac_muladd_8s_4s_12s_13_4_1_U132/compute_controller_mac_muladd_8s_4s_12s_13_4_1_DSP48_0_U/m_reg_reg' and it is trimmed from '45' to '13' bits. [/home/luka/Scripting/ELEC_498-Capstone-LiteLM/HLS-Verilog/Transformer_logic/src-Verilog/verilog/compute_controller_mac_muladd_8s_4s_12s_13_4_1.v:31]
WARNING: [Synth 8-3936] Found unconnected internal register 'mac_muladd_8s_4s_12s_13_4_1_U132/compute_controller_mac_muladd_8s_4s_12s_13_4_1_DSP48_0_U/a_reg_reg' and it is trimmed from '27' to '13' bits. [/home/luka/Scripting/ELEC_498-Capstone-LiteLM/HLS-Verilog/Transformer_logic/src-Verilog/verilog/compute_controller_mac_muladd_8s_4s_12s_13_4_1.v:30]
WARNING: [Synth 8-3936] Found unconnected internal register 'mac_muladd_8s_4s_12s_13_4_1_U132/compute_controller_mac_muladd_8s_4s_12s_13_4_1_DSP48_0_U/b_reg_reg' and it is trimmed from '18' to '13' bits. [/home/luka/Scripting/ELEC_498-Capstone-LiteLM/HLS-Verilog/Transformer_logic/src-Verilog/verilog/compute_controller_mac_muladd_8s_4s_12s_13_4_1.v:30]
WARNING: [Synth 8-3936] Found unconnected internal register 'mac_muladd_8s_4s_12s_13_4_1_U133/compute_controller_mac_muladd_8s_4s_12s_13_4_1_DSP48_0_U/m_reg_reg' and it is trimmed from '45' to '13' bits. [/home/luka/Scripting/ELEC_498-Capstone-LiteLM/HLS-Verilog/Transformer_logic/src-Verilog/verilog/compute_controller_mac_muladd_8s_4s_12s_13_4_1.v:31]
WARNING: [Synth 8-3936] Found unconnected internal register 'mac_muladd_8s_4s_12s_13_4_1_U133/compute_controller_mac_muladd_8s_4s_12s_13_4_1_DSP48_0_U/a_reg_reg' and it is trimmed from '27' to '13' bits. [/home/luka/Scripting/ELEC_498-Capstone-LiteLM/HLS-Verilog/Transformer_logic/src-Verilog/verilog/compute_controller_mac_muladd_8s_4s_12s_13_4_1.v:30]
WARNING: [Synth 8-3936] Found unconnected internal register 'mac_muladd_8s_4s_12s_13_4_1_U133/compute_controller_mac_muladd_8s_4s_12s_13_4_1_DSP48_0_U/b_reg_reg' and it is trimmed from '18' to '13' bits. [/home/luka/Scripting/ELEC_498-Capstone-LiteLM/HLS-Verilog/Transformer_logic/src-Verilog/verilog/compute_controller_mac_muladd_8s_4s_12s_13_4_1.v:30]
WARNING: [Synth 8-3936] Found unconnected internal register 'mac_muladd_8s_4s_12s_13_4_1_U134/compute_controller_mac_muladd_8s_4s_12s_13_4_1_DSP48_0_U/m_reg_reg' and it is trimmed from '45' to '13' bits. [/home/luka/Scripting/ELEC_498-Capstone-LiteLM/HLS-Verilog/Transformer_logic/src-Verilog/verilog/compute_controller_mac_muladd_8s_4s_12s_13_4_1.v:31]
WARNING: [Synth 8-3936] Found unconnected internal register 'mac_muladd_8s_4s_12s_13_4_1_U134/compute_controller_mac_muladd_8s_4s_12s_13_4_1_DSP48_0_U/a_reg_reg' and it is trimmed from '27' to '13' bits. [/home/luka/Scripting/ELEC_498-Capstone-LiteLM/HLS-Verilog/Transformer_logic/src-Verilog/verilog/compute_controller_mac_muladd_8s_4s_12s_13_4_1.v:30]
WARNING: [Synth 8-3936] Found unconnected internal register 'mac_muladd_8s_4s_12s_13_4_1_U134/compute_controller_mac_muladd_8s_4s_12s_13_4_1_DSP48_0_U/b_reg_reg' and it is trimmed from '18' to '13' bits. [/home/luka/Scripting/ELEC_498-Capstone-LiteLM/HLS-Verilog/Transformer_logic/src-Verilog/verilog/compute_controller_mac_muladd_8s_4s_12s_13_4_1.v:30]
WARNING: [Synth 8-3936] Found unconnected internal register 'mac_muladd_8s_4s_12s_13_4_1_U135/compute_controller_mac_muladd_8s_4s_12s_13_4_1_DSP48_0_U/m_reg_reg' and it is trimmed from '45' to '13' bits. [/home/luka/Scripting/ELEC_498-Capstone-LiteLM/HLS-Verilog/Transformer_logic/src-Verilog/verilog/compute_controller_mac_muladd_8s_4s_12s_13_4_1.v:31]
WARNING: [Synth 8-3936] Found unconnected internal register 'mac_muladd_8s_4s_12s_13_4_1_U135/compute_controller_mac_muladd_8s_4s_12s_13_4_1_DSP48_0_U/a_reg_reg' and it is trimmed from '27' to '13' bits. [/home/luka/Scripting/ELEC_498-Capstone-LiteLM/HLS-Verilog/Transformer_logic/src-Verilog/verilog/compute_controller_mac_muladd_8s_4s_12s_13_4_1.v:30]
WARNING: [Synth 8-3936] Found unconnected internal register 'mac_muladd_8s_4s_12s_13_4_1_U135/compute_controller_mac_muladd_8s_4s_12s_13_4_1_DSP48_0_U/b_reg_reg' and it is trimmed from '18' to '13' bits. [/home/luka/Scripting/ELEC_498-Capstone-LiteLM/HLS-Verilog/Transformer_logic/src-Verilog/verilog/compute_controller_mac_muladd_8s_4s_12s_13_4_1.v:30]
WARNING: [Synth 8-3936] Found unconnected internal register 'mac_muladd_8s_4s_12s_13_4_1_U136/compute_controller_mac_muladd_8s_4s_12s_13_4_1_DSP48_0_U/m_reg_reg' and it is trimmed from '45' to '13' bits. [/home/luka/Scripting/ELEC_498-Capstone-LiteLM/HLS-Verilog/Transformer_logic/src-Verilog/verilog/compute_controller_mac_muladd_8s_4s_12s_13_4_1.v:31]
WARNING: [Synth 8-3936] Found unconnected internal register 'mac_muladd_8s_4s_12s_13_4_1_U136/compute_controller_mac_muladd_8s_4s_12s_13_4_1_DSP48_0_U/a_reg_reg' and it is trimmed from '27' to '13' bits. [/home/luka/Scripting/ELEC_498-Capstone-LiteLM/HLS-Verilog/Transformer_logic/src-Verilog/verilog/compute_controller_mac_muladd_8s_4s_12s_13_4_1.v:30]
WARNING: [Synth 8-3936] Found unconnected internal register 'mac_muladd_8s_4s_12s_13_4_1_U136/compute_controller_mac_muladd_8s_4s_12s_13_4_1_DSP48_0_U/b_reg_reg' and it is trimmed from '18' to '13' bits. [/home/luka/Scripting/ELEC_498-Capstone-LiteLM/HLS-Verilog/Transformer_logic/src-Verilog/verilog/compute_controller_mac_muladd_8s_4s_12s_13_4_1.v:30]
WARNING: [Synth 8-3936] Found unconnected internal register 'mac_muladd_8s_4s_12s_13_4_1_U137/compute_controller_mac_muladd_8s_4s_12s_13_4_1_DSP48_0_U/m_reg_reg' and it is trimmed from '45' to '13' bits. [/home/luka/Scripting/ELEC_498-Capstone-LiteLM/HLS-Verilog/Transformer_logic/src-Verilog/verilog/compute_controller_mac_muladd_8s_4s_12s_13_4_1.v:31]
WARNING: [Synth 8-3936] Found unconnected internal register 'mac_muladd_8s_4s_12s_13_4_1_U137/compute_controller_mac_muladd_8s_4s_12s_13_4_1_DSP48_0_U/a_reg_reg' and it is trimmed from '27' to '13' bits. [/home/luka/Scripting/ELEC_498-Capstone-LiteLM/HLS-Verilog/Transformer_logic/src-Verilog/verilog/compute_controller_mac_muladd_8s_4s_12s_13_4_1.v:30]
WARNING: [Synth 8-3936] Found unconnected internal register 'mac_muladd_8s_4s_12s_13_4_1_U137/compute_controller_mac_muladd_8s_4s_12s_13_4_1_DSP48_0_U/b_reg_reg' and it is trimmed from '18' to '13' bits. [/home/luka/Scripting/ELEC_498-Capstone-LiteLM/HLS-Verilog/Transformer_logic/src-Verilog/verilog/compute_controller_mac_muladd_8s_4s_12s_13_4_1.v:30]
WARNING: [Synth 8-3936] Found unconnected internal register 'mac_muladd_8s_4s_12s_13_4_1_U138/compute_controller_mac_muladd_8s_4s_12s_13_4_1_DSP48_0_U/m_reg_reg' and it is trimmed from '45' to '13' bits. [/home/luka/Scripting/ELEC_498-Capstone-LiteLM/HLS-Verilog/Transformer_logic/src-Verilog/verilog/compute_controller_mac_muladd_8s_4s_12s_13_4_1.v:31]
WARNING: [Synth 8-3936] Found unconnected internal register 'mac_muladd_8s_4s_12s_13_4_1_U138/compute_controller_mac_muladd_8s_4s_12s_13_4_1_DSP48_0_U/a_reg_reg' and it is trimmed from '27' to '13' bits. [/home/luka/Scripting/ELEC_498-Capstone-LiteLM/HLS-Verilog/Transformer_logic/src-Verilog/verilog/compute_controller_mac_muladd_8s_4s_12s_13_4_1.v:30]
WARNING: [Synth 8-3936] Found unconnected internal register 'mac_muladd_8s_4s_12s_13_4_1_U138/compute_controller_mac_muladd_8s_4s_12s_13_4_1_DSP48_0_U/b_reg_reg' and it is trimmed from '18' to '13' bits. [/home/luka/Scripting/ELEC_498-Capstone-LiteLM/HLS-Verilog/Transformer_logic/src-Verilog/verilog/compute_controller_mac_muladd_8s_4s_12s_13_4_1.v:30]
WARNING: [Synth 8-3936] Found unconnected internal register 'mac_muladd_8s_4s_12s_13_4_1_U139/compute_controller_mac_muladd_8s_4s_12s_13_4_1_DSP48_0_U/m_reg_reg' and it is trimmed from '45' to '13' bits. [/home/luka/Scripting/ELEC_498-Capstone-LiteLM/HLS-Verilog/Transformer_logic/src-Verilog/verilog/compute_controller_mac_muladd_8s_4s_12s_13_4_1.v:31]
WARNING: [Synth 8-3936] Found unconnected internal register 'mac_muladd_8s_4s_12s_13_4_1_U139/compute_controller_mac_muladd_8s_4s_12s_13_4_1_DSP48_0_U/a_reg_reg' and it is trimmed from '27' to '13' bits. [/home/luka/Scripting/ELEC_498-Capstone-LiteLM/HLS-Verilog/Transformer_logic/src-Verilog/verilog/compute_controller_mac_muladd_8s_4s_12s_13_4_1.v:30]
WARNING: [Synth 8-3936] Found unconnected internal register 'mac_muladd_8s_4s_12s_13_4_1_U139/compute_controller_mac_muladd_8s_4s_12s_13_4_1_DSP48_0_U/b_reg_reg' and it is trimmed from '18' to '13' bits. [/home/luka/Scripting/ELEC_498-Capstone-LiteLM/HLS-Verilog/Transformer_logic/src-Verilog/verilog/compute_controller_mac_muladd_8s_4s_12s_13_4_1.v:30]
WARNING: [Synth 8-3936] Found unconnected internal register 'mac_muladd_8s_4s_12s_13_4_1_U190/compute_controller_mac_muladd_8s_4s_12s_13_4_1_DSP48_0_U/p_reg_reg' and it is trimmed from '46' to '13' bits. [/home/luka/Scripting/ELEC_498-Capstone-LiteLM/HLS-Verilog/Transformer_logic/src-Verilog/verilog/compute_controller_mac_muladd_8s_4s_12s_13_4_1.v:37]
WARNING: [Synth 8-3936] Found unconnected internal register 'mac_muladd_8s_4s_12s_13_4_1_U183/compute_controller_mac_muladd_8s_4s_12s_13_4_1_DSP48_0_U/p_reg_reg' and it is trimmed from '46' to '13' bits. [/home/luka/Scripting/ELEC_498-Capstone-LiteLM/HLS-Verilog/Transformer_logic/src-Verilog/verilog/compute_controller_mac_muladd_8s_4s_12s_13_4_1.v:37]
WARNING: [Synth 8-3936] Found unconnected internal register 'mac_muladd_8s_4s_12s_13_4_1_U184/compute_controller_mac_muladd_8s_4s_12s_13_4_1_DSP48_0_U/p_reg_reg' and it is trimmed from '46' to '13' bits. [/home/luka/Scripting/ELEC_498-Capstone-LiteLM/HLS-Verilog/Transformer_logic/src-Verilog/verilog/compute_controller_mac_muladd_8s_4s_12s_13_4_1.v:37]
WARNING: [Synth 8-3936] Found unconnected internal register 'mac_muladd_8s_4s_12s_13_4_1_U185/compute_controller_mac_muladd_8s_4s_12s_13_4_1_DSP48_0_U/p_reg_reg' and it is trimmed from '46' to '13' bits. [/home/luka/Scripting/ELEC_498-Capstone-LiteLM/HLS-Verilog/Transformer_logic/src-Verilog/verilog/compute_controller_mac_muladd_8s_4s_12s_13_4_1.v:37]
WARNING: [Synth 8-3936] Found unconnected internal register 'mac_muladd_8s_4s_12s_13_4_1_U186/compute_controller_mac_muladd_8s_4s_12s_13_4_1_DSP48_0_U/p_reg_reg' and it is trimmed from '46' to '13' bits. [/home/luka/Scripting/ELEC_498-Capstone-LiteLM/HLS-Verilog/Transformer_logic/src-Verilog/verilog/compute_controller_mac_muladd_8s_4s_12s_13_4_1.v:37]
WARNING: [Synth 8-3936] Found unconnected internal register 'mac_muladd_8s_4s_12s_13_4_1_U187/compute_controller_mac_muladd_8s_4s_12s_13_4_1_DSP48_0_U/p_reg_reg' and it is trimmed from '46' to '13' bits. [/home/luka/Scripting/ELEC_498-Capstone-LiteLM/HLS-Verilog/Transformer_logic/src-Verilog/verilog/compute_controller_mac_muladd_8s_4s_12s_13_4_1.v:37]
WARNING: [Synth 8-3936] Found unconnected internal register 'mac_muladd_8s_4s_12s_13_4_1_U188/compute_controller_mac_muladd_8s_4s_12s_13_4_1_DSP48_0_U/p_reg_reg' and it is trimmed from '46' to '13' bits. [/home/luka/Scripting/ELEC_498-Capstone-LiteLM/HLS-Verilog/Transformer_logic/src-Verilog/verilog/compute_controller_mac_muladd_8s_4s_12s_13_4_1.v:37]
WARNING: [Synth 8-3936] Found unconnected internal register 'mac_muladd_8s_4s_12s_13_4_1_U189/compute_controller_mac_muladd_8s_4s_12s_13_4_1_DSP48_0_U/p_reg_reg' and it is trimmed from '46' to '13' bits. [/home/luka/Scripting/ELEC_498-Capstone-LiteLM/HLS-Verilog/Transformer_logic/src-Verilog/verilog/compute_controller_mac_muladd_8s_4s_12s_13_4_1.v:37]
WARNING: [Synth 8-3936] Found unconnected internal register 'mac_muladd_8s_4s_12s_13_4_1_U183/compute_controller_mac_muladd_8s_4s_12s_13_4_1_DSP48_0_U/m_reg_reg' and it is trimmed from '45' to '13' bits. [/home/luka/Scripting/ELEC_498-Capstone-LiteLM/HLS-Verilog/Transformer_logic/src-Verilog/verilog/compute_controller_mac_muladd_8s_4s_12s_13_4_1.v:31]
WARNING: [Synth 8-3936] Found unconnected internal register 'mac_muladd_8s_4s_12s_13_4_1_U183/compute_controller_mac_muladd_8s_4s_12s_13_4_1_DSP48_0_U/a_reg_reg' and it is trimmed from '27' to '13' bits. [/home/luka/Scripting/ELEC_498-Capstone-LiteLM/HLS-Verilog/Transformer_logic/src-Verilog/verilog/compute_controller_mac_muladd_8s_4s_12s_13_4_1.v:30]
WARNING: [Synth 8-3936] Found unconnected internal register 'mac_muladd_8s_4s_12s_13_4_1_U183/compute_controller_mac_muladd_8s_4s_12s_13_4_1_DSP48_0_U/b_reg_reg' and it is trimmed from '18' to '13' bits. [/home/luka/Scripting/ELEC_498-Capstone-LiteLM/HLS-Verilog/Transformer_logic/src-Verilog/verilog/compute_controller_mac_muladd_8s_4s_12s_13_4_1.v:30]
WARNING: [Synth 8-3936] Found unconnected internal register 'mac_muladd_8s_4s_12s_13_4_1_U184/compute_controller_mac_muladd_8s_4s_12s_13_4_1_DSP48_0_U/m_reg_reg' and it is trimmed from '45' to '13' bits. [/home/luka/Scripting/ELEC_498-Capstone-LiteLM/HLS-Verilog/Transformer_logic/src-Verilog/verilog/compute_controller_mac_muladd_8s_4s_12s_13_4_1.v:31]
WARNING: [Synth 8-3936] Found unconnected internal register 'mac_muladd_8s_4s_12s_13_4_1_U184/compute_controller_mac_muladd_8s_4s_12s_13_4_1_DSP48_0_U/a_reg_reg' and it is trimmed from '27' to '13' bits. [/home/luka/Scripting/ELEC_498-Capstone-LiteLM/HLS-Verilog/Transformer_logic/src-Verilog/verilog/compute_controller_mac_muladd_8s_4s_12s_13_4_1.v:30]
WARNING: [Synth 8-3936] Found unconnected internal register 'mac_muladd_8s_4s_12s_13_4_1_U184/compute_controller_mac_muladd_8s_4s_12s_13_4_1_DSP48_0_U/b_reg_reg' and it is trimmed from '18' to '13' bits. [/home/luka/Scripting/ELEC_498-Capstone-LiteLM/HLS-Verilog/Transformer_logic/src-Verilog/verilog/compute_controller_mac_muladd_8s_4s_12s_13_4_1.v:30]
WARNING: [Synth 8-3936] Found unconnected internal register 'mac_muladd_8s_4s_12s_13_4_1_U185/compute_controller_mac_muladd_8s_4s_12s_13_4_1_DSP48_0_U/m_reg_reg' and it is trimmed from '45' to '13' bits. [/home/luka/Scripting/ELEC_498-Capstone-LiteLM/HLS-Verilog/Transformer_logic/src-Verilog/verilog/compute_controller_mac_muladd_8s_4s_12s_13_4_1.v:31]
WARNING: [Synth 8-3936] Found unconnected internal register 'mac_muladd_8s_4s_12s_13_4_1_U185/compute_controller_mac_muladd_8s_4s_12s_13_4_1_DSP48_0_U/a_reg_reg' and it is trimmed from '27' to '13' bits. [/home/luka/Scripting/ELEC_498-Capstone-LiteLM/HLS-Verilog/Transformer_logic/src-Verilog/verilog/compute_controller_mac_muladd_8s_4s_12s_13_4_1.v:30]
WARNING: [Synth 8-3936] Found unconnected internal register 'mac_muladd_8s_4s_12s_13_4_1_U185/compute_controller_mac_muladd_8s_4s_12s_13_4_1_DSP48_0_U/b_reg_reg' and it is trimmed from '18' to '13' bits. [/home/luka/Scripting/ELEC_498-Capstone-LiteLM/HLS-Verilog/Transformer_logic/src-Verilog/verilog/compute_controller_mac_muladd_8s_4s_12s_13_4_1.v:30]
WARNING: [Synth 8-3936] Found unconnected internal register 'mac_muladd_8s_4s_12s_13_4_1_U186/compute_controller_mac_muladd_8s_4s_12s_13_4_1_DSP48_0_U/m_reg_reg' and it is trimmed from '45' to '13' bits. [/home/luka/Scripting/ELEC_498-Capstone-LiteLM/HLS-Verilog/Transformer_logic/src-Verilog/verilog/compute_controller_mac_muladd_8s_4s_12s_13_4_1.v:31]
WARNING: [Synth 8-3936] Found unconnected internal register 'mac_muladd_8s_4s_12s_13_4_1_U186/compute_controller_mac_muladd_8s_4s_12s_13_4_1_DSP48_0_U/a_reg_reg' and it is trimmed from '27' to '13' bits. [/home/luka/Scripting/ELEC_498-Capstone-LiteLM/HLS-Verilog/Transformer_logic/src-Verilog/verilog/compute_controller_mac_muladd_8s_4s_12s_13_4_1.v:30]
WARNING: [Synth 8-3936] Found unconnected internal register 'mac_muladd_8s_4s_12s_13_4_1_U186/compute_controller_mac_muladd_8s_4s_12s_13_4_1_DSP48_0_U/b_reg_reg' and it is trimmed from '18' to '13' bits. [/home/luka/Scripting/ELEC_498-Capstone-LiteLM/HLS-Verilog/Transformer_logic/src-Verilog/verilog/compute_controller_mac_muladd_8s_4s_12s_13_4_1.v:30]
WARNING: [Synth 8-3936] Found unconnected internal register 'mac_muladd_8s_4s_12s_13_4_1_U187/compute_controller_mac_muladd_8s_4s_12s_13_4_1_DSP48_0_U/m_reg_reg' and it is trimmed from '45' to '13' bits. [/home/luka/Scripting/ELEC_498-Capstone-LiteLM/HLS-Verilog/Transformer_logic/src-Verilog/verilog/compute_controller_mac_muladd_8s_4s_12s_13_4_1.v:31]
WARNING: [Synth 8-3936] Found unconnected internal register 'mac_muladd_8s_4s_12s_13_4_1_U187/compute_controller_mac_muladd_8s_4s_12s_13_4_1_DSP48_0_U/a_reg_reg' and it is trimmed from '27' to '13' bits. [/home/luka/Scripting/ELEC_498-Capstone-LiteLM/HLS-Verilog/Transformer_logic/src-Verilog/verilog/compute_controller_mac_muladd_8s_4s_12s_13_4_1.v:30]
WARNING: [Synth 8-3936] Found unconnected internal register 'mac_muladd_8s_4s_12s_13_4_1_U187/compute_controller_mac_muladd_8s_4s_12s_13_4_1_DSP48_0_U/b_reg_reg' and it is trimmed from '18' to '13' bits. [/home/luka/Scripting/ELEC_498-Capstone-LiteLM/HLS-Verilog/Transformer_logic/src-Verilog/verilog/compute_controller_mac_muladd_8s_4s_12s_13_4_1.v:30]
WARNING: [Synth 8-3936] Found unconnected internal register 'mac_muladd_8s_4s_12s_13_4_1_U188/compute_controller_mac_muladd_8s_4s_12s_13_4_1_DSP48_0_U/m_reg_reg' and it is trimmed from '45' to '13' bits. [/home/luka/Scripting/ELEC_498-Capstone-LiteLM/HLS-Verilog/Transformer_logic/src-Verilog/verilog/compute_controller_mac_muladd_8s_4s_12s_13_4_1.v:31]
WARNING: [Synth 8-3936] Found unconnected internal register 'mac_muladd_8s_4s_12s_13_4_1_U188/compute_controller_mac_muladd_8s_4s_12s_13_4_1_DSP48_0_U/a_reg_reg' and it is trimmed from '27' to '13' bits. [/home/luka/Scripting/ELEC_498-Capstone-LiteLM/HLS-Verilog/Transformer_logic/src-Verilog/verilog/compute_controller_mac_muladd_8s_4s_12s_13_4_1.v:30]
WARNING: [Synth 8-3936] Found unconnected internal register 'mac_muladd_8s_4s_12s_13_4_1_U188/compute_controller_mac_muladd_8s_4s_12s_13_4_1_DSP48_0_U/b_reg_reg' and it is trimmed from '18' to '13' bits. [/home/luka/Scripting/ELEC_498-Capstone-LiteLM/HLS-Verilog/Transformer_logic/src-Verilog/verilog/compute_controller_mac_muladd_8s_4s_12s_13_4_1.v:30]
WARNING: [Synth 8-3936] Found unconnected internal register 'mac_muladd_8s_4s_12s_13_4_1_U189/compute_controller_mac_muladd_8s_4s_12s_13_4_1_DSP48_0_U/m_reg_reg' and it is trimmed from '45' to '13' bits. [/home/luka/Scripting/ELEC_498-Capstone-LiteLM/HLS-Verilog/Transformer_logic/src-Verilog/verilog/compute_controller_mac_muladd_8s_4s_12s_13_4_1.v:31]
WARNING: [Synth 8-3936] Found unconnected internal register 'mac_muladd_8s_4s_12s_13_4_1_U189/compute_controller_mac_muladd_8s_4s_12s_13_4_1_DSP48_0_U/a_reg_reg' and it is trimmed from '27' to '13' bits. [/home/luka/Scripting/ELEC_498-Capstone-LiteLM/HLS-Verilog/Transformer_logic/src-Verilog/verilog/compute_controller_mac_muladd_8s_4s_12s_13_4_1.v:30]
WARNING: [Synth 8-3936] Found unconnected internal register 'mac_muladd_8s_4s_12s_13_4_1_U189/compute_controller_mac_muladd_8s_4s_12s_13_4_1_DSP48_0_U/b_reg_reg' and it is trimmed from '18' to '13' bits. [/home/luka/Scripting/ELEC_498-Capstone-LiteLM/HLS-Verilog/Transformer_logic/src-Verilog/verilog/compute_controller_mac_muladd_8s_4s_12s_13_4_1.v:30]
WARNING: [Synth 8-3936] Found unconnected internal register 'mac_muladd_8s_4s_12s_13_4_1_U190/compute_controller_mac_muladd_8s_4s_12s_13_4_1_DSP48_0_U/m_reg_reg' and it is trimmed from '45' to '13' bits. [/home/luka/Scripting/ELEC_498-Capstone-LiteLM/HLS-Verilog/Transformer_logic/src-Verilog/verilog/compute_controller_mac_muladd_8s_4s_12s_13_4_1.v:31]
WARNING: [Synth 8-3936] Found unconnected internal register 'mac_muladd_8s_4s_12s_13_4_1_U190/compute_controller_mac_muladd_8s_4s_12s_13_4_1_DSP48_0_U/a_reg_reg' and it is trimmed from '27' to '13' bits. [/home/luka/Scripting/ELEC_498-Capstone-LiteLM/HLS-Verilog/Transformer_logic/src-Verilog/verilog/compute_controller_mac_muladd_8s_4s_12s_13_4_1.v:30]
WARNING: [Synth 8-3936] Found unconnected internal register 'mac_muladd_8s_4s_12s_13_4_1_U190/compute_controller_mac_muladd_8s_4s_12s_13_4_1_DSP48_0_U/b_reg_reg' and it is trimmed from '18' to '13' bits. [/home/luka/Scripting/ELEC_498-Capstone-LiteLM/HLS-Verilog/Transformer_logic/src-Verilog/verilog/compute_controller_mac_muladd_8s_4s_12s_13_4_1.v:30]
WARNING: [Synth 8-3936] Found unconnected internal register 'mac_muladd_8s_4s_12s_13_4_1_U241/compute_controller_mac_muladd_8s_4s_12s_13_4_1_DSP48_0_U/p_reg_reg' and it is trimmed from '46' to '13' bits. [/home/luka/Scripting/ELEC_498-Capstone-LiteLM/HLS-Verilog/Transformer_logic/src-Verilog/verilog/compute_controller_mac_muladd_8s_4s_12s_13_4_1.v:37]
WARNING: [Synth 8-3936] Found unconnected internal register 'mac_muladd_8s_4s_12s_13_4_1_U234/compute_controller_mac_muladd_8s_4s_12s_13_4_1_DSP48_0_U/p_reg_reg' and it is trimmed from '46' to '13' bits. [/home/luka/Scripting/ELEC_498-Capstone-LiteLM/HLS-Verilog/Transformer_logic/src-Verilog/verilog/compute_controller_mac_muladd_8s_4s_12s_13_4_1.v:37]
WARNING: [Synth 8-3936] Found unconnected internal register 'mac_muladd_8s_4s_12s_13_4_1_U235/compute_controller_mac_muladd_8s_4s_12s_13_4_1_DSP48_0_U/p_reg_reg' and it is trimmed from '46' to '13' bits. [/home/luka/Scripting/ELEC_498-Capstone-LiteLM/HLS-Verilog/Transformer_logic/src-Verilog/verilog/compute_controller_mac_muladd_8s_4s_12s_13_4_1.v:37]
WARNING: [Synth 8-3936] Found unconnected internal register 'mac_muladd_8s_4s_12s_13_4_1_U236/compute_controller_mac_muladd_8s_4s_12s_13_4_1_DSP48_0_U/p_reg_reg' and it is trimmed from '46' to '13' bits. [/home/luka/Scripting/ELEC_498-Capstone-LiteLM/HLS-Verilog/Transformer_logic/src-Verilog/verilog/compute_controller_mac_muladd_8s_4s_12s_13_4_1.v:37]
INFO: [Common 17-14] Message 'Synth 8-3936' appears 100 times and further instances of the messages will be disabled. Use the Tcl command set_msg_config to change the current settings.
INFO: [Synth 8-6904] The RAM "compute_controller/compute_controller_bool_bool_unsigned_int_bool_bool_bool_bool_bool_u_19_U/ram_reg" of size (depth=3 x width=19) is automatically implemented using LUTRAM. BRAM implementation would be inefficient 
INFO: [Synth 8-6904] The RAM "compute_controller/compute_controller_bool_bool_unsigned_int_bool_bool_bool_bool_bool_u_18_U/ram_reg" of size (depth=3 x width=19) is automatically implemented using LUTRAM. BRAM implementation would be inefficient 
INFO: [Synth 8-6904] The RAM "compute_controller/compute_controller_bool_bool_unsigned_int_bool_bool_bool_bool_bool_u_17_U/ram_reg" of size (depth=3 x width=19) is automatically implemented using LUTRAM. BRAM implementation would be inefficient 
INFO: [Synth 8-6904] The RAM "compute_controller/compute_controller_bool_bool_unsigned_int_bool_bool_bool_bool_bool_u_16_U/ram_reg" of size (depth=3 x width=19) is automatically implemented using LUTRAM. BRAM implementation would be inefficient 
INFO: [Synth 8-6904] The RAM "compute_controller/compute_controller_bool_bool_unsigned_int_bool_bool_bool_bool_bool_u_15_U/ram_reg" of size (depth=3 x width=19) is automatically implemented using LUTRAM. BRAM implementation would be inefficient 
INFO: [Synth 8-6904] The RAM "compute_controller/compute_controller_bool_bool_unsigned_int_bool_bool_bool_bool_bool_u_14_U/ram_reg" of size (depth=3 x width=19) is automatically implemented using LUTRAM. BRAM implementation would be inefficient 
INFO: [Synth 8-6904] The RAM "compute_controller/compute_controller_bool_bool_unsigned_int_bool_bool_bool_bool_bool_u_13_U/ram_reg" of size (depth=3 x width=19) is automatically implemented using LUTRAM. BRAM implementation would be inefficient 
INFO: [Synth 8-6904] The RAM "compute_controller/compute_controller_bool_bool_unsigned_int_bool_bool_bool_bool_bool_u_12_U/ram_reg" of size (depth=3 x width=19) is automatically implemented using LUTRAM. BRAM implementation would be inefficient 
INFO: [Synth 8-6904] The RAM "compute_controller/compute_controller_bool_bool_unsigned_int_bool_bool_bool_bool_bool_u_11_U/ram_reg" of size (depth=3 x width=19) is automatically implemented using LUTRAM. BRAM implementation would be inefficient 
INFO: [Synth 8-6904] The RAM "compute_controller/compute_controller_bool_bool_unsigned_int_bool_bool_bool_bool_bool_u_10_U/ram_reg" of size (depth=3 x width=19) is automatically implemented using LUTRAM. BRAM implementation would be inefficient 
INFO: [Synth 8-6904] The RAM "compute_controller/p_ZZ18compute_controllerbbjRbS_bS_S_RjPKhPhR12ComputeStateS0_RhS6_S6_S6_S_S_S_S_E_23_U/ram_reg" of size (depth=3 x width=19) is automatically implemented using LUTRAM. BRAM implementation would be inefficient 
INFO: [Synth 8-6904] The RAM "compute_controller/p_ZZ18compute_controllerbbjRbS_bS_S_RjPKhPhR12ComputeStateS0_RhS6_S6_S6_S_S_S_S_E_22_U/ram_reg" of size (depth=3 x width=19) is automatically implemented using LUTRAM. BRAM implementation would be inefficient 
INFO: [Synth 8-6904] The RAM "compute_controller/p_ZZ18compute_controllerbbjRbS_bS_S_RjPKhPhR12ComputeStateS0_RhS6_S6_S6_S_S_S_S_E_21_U/ram_reg" of size (depth=3 x width=19) is automatically implemented using LUTRAM. BRAM implementation would be inefficient 
INFO: [Synth 8-6904] The RAM "compute_controller/p_ZZ18compute_controllerbbjRbS_bS_S_RjPKhPhR12ComputeStateS0_RhS6_S6_S6_S_S_S_S_E_20_U/ram_reg" of size (depth=3 x width=19) is automatically implemented using LUTRAM. BRAM implementation would be inefficient 
INFO: [Synth 8-6904] The RAM "compute_controller/p_ZZ18compute_controllerbbjRbS_bS_S_RjPKhPhR12ComputeStateS0_RhS6_S6_S6_S_S_S_S_E_19_U/ram_reg" of size (depth=3 x width=19) is automatically implemented using LUTRAM. BRAM implementation would be inefficient 
INFO: [Synth 8-6904] The RAM "compute_controller/p_ZZ18compute_controllerbbjRbS_bS_S_RjPKhPhR12ComputeStateS0_RhS6_S6_S6_S_S_S_S_E_18_U/ram_reg" of size (depth=3 x width=19) is automatically implemented using LUTRAM. BRAM implementation would be inefficient 
WARNING: [Synth 8-7129] Port p_udiv1475[3] in module compute_controller_compute_controller_Pipeline_VITIS_LOOP_43_212 is either unconnected or has no load
WARNING: [Synth 8-7129] Port p_udiv1475[2] in module compute_controller_compute_controller_Pipeline_VITIS_LOOP_43_212 is either unconnected or has no load
WARNING: [Synth 8-7129] Port p_udiv1475[1] in module compute_controller_compute_controller_Pipeline_VITIS_LOOP_43_212 is either unconnected or has no load
WARNING: [Synth 8-7129] Port p_udiv1475[0] in module compute_controller_compute_controller_Pipeline_VITIS_LOOP_43_212 is either unconnected or has no load
WARNING: [Synth 8-7129] Port p_udiv1167[3] in module compute_controller_compute_controller_Pipeline_VITIS_LOOP_43_28 is either unconnected or has no load
WARNING: [Synth 8-7129] Port p_udiv1167[2] in module compute_controller_compute_controller_Pipeline_VITIS_LOOP_43_28 is either unconnected or has no load
WARNING: [Synth 8-7129] Port p_udiv1167[1] in module compute_controller_compute_controller_Pipeline_VITIS_LOOP_43_28 is either unconnected or has no load
WARNING: [Synth 8-7129] Port p_udiv1167[0] in module compute_controller_compute_controller_Pipeline_VITIS_LOOP_43_28 is either unconnected or has no load
WARNING: [Synth 8-7129] Port mul_ln43_4[3] in module compute_controller_compute_controller_Pipeline_VITIS_LOOP_43_24 is either unconnected or has no load
WARNING: [Synth 8-7129] Port mul_ln43_4[2] in module compute_controller_compute_controller_Pipeline_VITIS_LOOP_43_24 is either unconnected or has no load
WARNING: [Synth 8-7129] Port mul_ln43_4[1] in module compute_controller_compute_controller_Pipeline_VITIS_LOOP_43_24 is either unconnected or has no load
WARNING: [Synth 8-7129] Port mul_ln43_4[0] in module compute_controller_compute_controller_Pipeline_VITIS_LOOP_43_24 is either unconnected or has no load
WARNING: [Synth 8-7129] Port mul_ln43[3] in module compute_controller_compute_controller_Pipeline_VITIS_LOOP_43_2 is either unconnected or has no load
WARNING: [Synth 8-7129] Port mul_ln43[2] in module compute_controller_compute_controller_Pipeline_VITIS_LOOP_43_2 is either unconnected or has no load
WARNING: [Synth 8-7129] Port mul_ln43[1] in module compute_controller_compute_controller_Pipeline_VITIS_LOOP_43_2 is either unconnected or has no load
WARNING: [Synth 8-7129] Port mul_ln43[0] in module compute_controller_compute_controller_Pipeline_VITIS_LOOP_43_2 is either unconnected or has no load
RAM ("compute_controller/compute_controller_bool_bool_unsigned_int_bool_bool_bool_bool_bool_u_9_U/ram_reg") is too shallow (depth = 12) to use URAM. Choosing BRAM instead of URAM 
INFO: [Synth 8-3971] The signal "compute_controller/compute_controller_bool_bool_unsigned_int_bool_bool_bool_bool_bool_u_9_U/ram_reg" was recognized as a true dual port RAM template.
RAM ("compute_controller/compute_controller_bool_bool_unsigned_int_bool_bool_bool_bool_bool_u_8_U/ram_reg") is too shallow (depth = 12) to use URAM. Choosing BRAM instead of URAM 
INFO: [Synth 8-3971] The signal "compute_controller/compute_controller_bool_bool_unsigned_int_bool_bool_bool_bool_bool_u_8_U/ram_reg" was recognized as a true dual port RAM template.
RAM ("compute_controller/compute_controller_bool_bool_unsigned_int_bool_bool_bool_bool_bool_u_7_U/ram_reg") is too shallow (depth = 12) to use URAM. Choosing BRAM instead of URAM 
INFO: [Synth 8-3971] The signal "compute_controller/compute_controller_bool_bool_unsigned_int_bool_bool_bool_bool_bool_u_7_U/ram_reg" was recognized as a true dual port RAM template.
RAM ("compute_controller/compute_controller_bool_bool_unsigned_int_bool_bool_bool_bool_bool_u_6_U/ram_reg") is too shallow (depth = 12) to use URAM. Choosing BRAM instead of URAM 
INFO: [Synth 8-3971] The signal "compute_controller/compute_controller_bool_bool_unsigned_int_bool_bool_bool_bool_bool_u_6_U/ram_reg" was recognized as a true dual port RAM template.
RAM ("compute_controller/compute_controller_bool_bool_unsigned_int_bool_bool_bool_bool_bool_u_5_U/ram_reg") is too shallow (depth = 12) to use URAM. Choosing BRAM instead of URAM 
INFO: [Synth 8-3971] The signal "compute_controller/compute_controller_bool_bool_unsigned_int_bool_bool_bool_bool_bool_u_5_U/ram_reg" was recognized as a true dual port RAM template.
RAM ("compute_controller/compute_controller_bool_bool_unsigned_int_bool_bool_bool_bool_bool_u_4_U/ram_reg") is too shallow (depth = 12) to use URAM. Choosing BRAM instead of URAM 
INFO: [Synth 8-3971] The signal "compute_controller/compute_controller_bool_bool_unsigned_int_bool_bool_bool_bool_bool_u_4_U/ram_reg" was recognized as a true dual port RAM template.
RAM ("compute_controller/compute_controller_bool_bool_unsigned_int_bool_bool_bool_bool_bool_u_3_U/ram_reg") is too shallow (depth = 12) to use URAM. Choosing BRAM instead of URAM 
INFO: [Synth 8-3971] The signal "compute_controller/compute_controller_bool_bool_unsigned_int_bool_bool_bool_bool_bool_u_3_U/ram_reg" was recognized as a true dual port RAM template.
RAM ("compute_controller/compute_controller_bool_bool_unsigned_int_bool_bool_bool_bool_bool_u_2_U/ram_reg") is too shallow (depth = 12) to use URAM. Choosing BRAM instead of URAM 
INFO: [Synth 8-3971] The signal "compute_controller/compute_controller_bool_bool_unsigned_int_bool_bool_bool_bool_bool_u_2_U/ram_reg" was recognized as a true dual port RAM template.
RAM ("compute_controller/compute_controller_bool_bool_unsigned_int_bool_bool_bool_bool_bool_u_1_U/ram_reg") is too shallow (depth = 12) to use URAM. Choosing BRAM instead of URAM 
INFO: [Synth 8-3971] The signal "compute_controller/compute_controller_bool_bool_unsigned_int_bool_bool_bool_bool_bool_u_1_U/ram_reg" was recognized as a true dual port RAM template.
RAM ("compute_controller/compute_controller_bool_bool_unsigned_int_bool_bool_bool_bool_bool_u_U/ram_reg") is too shallow (depth = 12) to use URAM. Choosing BRAM instead of URAM 
INFO: [Synth 8-3971] The signal "compute_controller/compute_controller_bool_bool_unsigned_int_bool_bool_bool_bool_bool_u_U/ram_reg" was recognized as a true dual port RAM template.
RAM ("compute_controller/p_ZZ18compute_controllerbbjRbS_bS_S_RjPKhPhR12ComputeStateS0_RhS6_S6_S6_S_S_S_S_E_5_U/ram_reg") is too shallow (depth = 12) to use URAM. Choosing BRAM instead of URAM 
INFO: [Synth 8-3971] The signal "compute_controller/p_ZZ18compute_controllerbbjRbS_bS_S_RjPKhPhR12ComputeStateS0_RhS6_S6_S6_S_S_S_S_E_5_U/ram_reg" was recognized as a true dual port RAM template.
RAM ("compute_controller/p_ZZ18compute_controllerbbjRbS_bS_S_RjPKhPhR12ComputeStateS0_RhS6_S6_S6_S_S_S_S_E_4_U/ram_reg") is too shallow (depth = 12) to use URAM. Choosing BRAM instead of URAM 
INFO: [Synth 8-3971] The signal "compute_controller/p_ZZ18compute_controllerbbjRbS_bS_S_RjPKhPhR12ComputeStateS0_RhS6_S6_S6_S_S_S_S_E_4_U/ram_reg" was recognized as a true dual port RAM template.
RAM ("compute_controller/p_ZZ18compute_controllerbbjRbS_bS_S_RjPKhPhR12ComputeStateS0_RhS6_S6_S6_S_S_S_S_E_3_U/ram_reg") is too shallow (depth = 12) to use URAM. Choosing BRAM instead of URAM 
INFO: [Synth 8-3971] The signal "compute_controller/p_ZZ18compute_controllerbbjRbS_bS_S_RjPKhPhR12ComputeStateS0_RhS6_S6_S6_S_S_S_S_E_3_U/ram_reg" was recognized as a true dual port RAM template.
RAM ("compute_controller/p_ZZ18compute_controllerbbjRbS_bS_S_RjPKhPhR12ComputeStateS0_RhS6_S6_S6_S_S_S_S_E_2_U/ram_reg") is too shallow (depth = 12) to use URAM. Choosing BRAM instead of URAM 
INFO: [Synth 8-3971] The signal "compute_controller/p_ZZ18compute_controllerbbjRbS_bS_S_RjPKhPhR12ComputeStateS0_RhS6_S6_S6_S_S_S_S_E_2_U/ram_reg" was recognized as a true dual port RAM template.
RAM ("compute_controller/p_ZZ18compute_controllerbbjRbS_bS_S_RjPKhPhR12ComputeStateS0_RhS6_S6_S6_S_S_S_S_E_1_U/ram_reg") is too shallow (depth = 12) to use URAM. Choosing BRAM instead of URAM 
INFO: [Synth 8-3971] The signal "compute_controller/p_ZZ18compute_controllerbbjRbS_bS_S_RjPKhPhR12ComputeStateS0_RhS6_S6_S6_S_S_S_S_E_1_U/ram_reg" was recognized as a true dual port RAM template.
RAM ("compute_controller/p_ZZ18compute_controllerbbjRbS_bS_S_RjPKhPhR12ComputeStateS0_RhS6_S6_S6_S_S_S_S_E_U/ram_reg") is too shallow (depth = 12) to use URAM. Choosing BRAM instead of URAM 
INFO: [Synth 8-3971] The signal "compute_controller/p_ZZ18compute_controllerbbjRbS_bS_S_RjPKhPhR12ComputeStateS0_RhS6_S6_S6_S_S_S_S_E_U/ram_reg" was recognized as a true dual port RAM template.
RAM ("compute_controller/compute_controller_bool_bool_unsigned_int_bool_bool_bool_bool_bool_u_29_U/ram_reg") is too shallow (depth = 576) to use URAM. Choosing BRAM instead of URAM 
INFO: [Synth 8-3971] The signal "compute_controller/compute_controller_bool_bool_unsigned_int_bool_bool_bool_bool_bool_u_29_U/ram_reg" was recognized as a true dual port RAM template.
RAM ("compute_controller/compute_controller_bool_bool_unsigned_int_bool_bool_bool_bool_bool_u_28_U/ram_reg") is too shallow (depth = 576) to use URAM. Choosing BRAM instead of URAM 
INFO: [Synth 8-3971] The signal "compute_controller/compute_controller_bool_bool_unsigned_int_bool_bool_bool_bool_bool_u_28_U/ram_reg" was recognized as a true dual port RAM template.
RAM ("compute_controller/compute_controller_bool_bool_unsigned_int_bool_bool_bool_bool_bool_u_27_U/ram_reg") is too shallow (depth = 576) to use URAM. Choosing BRAM instead of URAM 
INFO: [Synth 8-3971] The signal "compute_controller/compute_controller_bool_bool_unsigned_int_bool_bool_bool_bool_bool_u_27_U/ram_reg" was recognized as a true dual port RAM template.
RAM ("compute_controller/compute_controller_bool_bool_unsigned_int_bool_bool_bool_bool_bool_u_26_U/ram_reg") is too shallow (depth = 576) to use URAM. Choosing BRAM instead of URAM 
INFO: [Synth 8-3971] The signal "compute_controller/compute_controller_bool_bool_unsigned_int_bool_bool_bool_bool_bool_u_26_U/ram_reg" was recognized as a true dual port RAM template.
RAM ("compute_controller/compute_controller_bool_bool_unsigned_int_bool_bool_bool_bool_bool_u_25_U/ram_reg") is too shallow (depth = 576) to use URAM. Choosing BRAM instead of URAM 
INFO: [Synth 8-3971] The signal "compute_controller/compute_controller_bool_bool_unsigned_int_bool_bool_bool_bool_bool_u_25_U/ram_reg" was recognized as a true dual port RAM template.
RAM ("compute_controller/compute_controller_bool_bool_unsigned_int_bool_bool_bool_bool_bool_u_24_U/ram_reg") is too shallow (depth = 576) to use URAM. Choosing BRAM instead of URAM 
INFO: [Synth 8-3971] The signal "compute_controller/compute_controller_bool_bool_unsigned_int_bool_bool_bool_bool_bool_u_24_U/ram_reg" was recognized as a true dual port RAM template.
RAM ("compute_controller/compute_controller_bool_bool_unsigned_int_bool_bool_bool_bool_bool_u_23_U/ram_reg") is too shallow (depth = 576) to use URAM. Choosing BRAM instead of URAM 
INFO: [Synth 8-3971] The signal "compute_controller/compute_controller_bool_bool_unsigned_int_bool_bool_bool_bool_bool_u_23_U/ram_reg" was recognized as a true dual port RAM template.
RAM ("compute_controller/compute_controller_bool_bool_unsigned_int_bool_bool_bool_bool_bool_u_22_U/ram_reg") is too shallow (depth = 576) to use URAM. Choosing BRAM instead of URAM 
INFO: [Synth 8-3971] The signal "compute_controller/compute_controller_bool_bool_unsigned_int_bool_bool_bool_bool_bool_u_22_U/ram_reg" was recognized as a true dual port RAM template.
RAM ("compute_controller/compute_controller_bool_bool_unsigned_int_bool_bool_bool_bool_bool_u_21_U/ram_reg") is too shallow (depth = 576) to use URAM. Choosing BRAM instead of URAM 
INFO: [Synth 8-3971] The signal "compute_controller/compute_controller_bool_bool_unsigned_int_bool_bool_bool_bool_bool_u_21_U/ram_reg" was recognized as a true dual port RAM template.
RAM ("compute_controller/compute_controller_bool_bool_unsigned_int_bool_bool_bool_bool_bool_u_20_U/ram_reg") is too shallow (depth = 576) to use URAM. Choosing BRAM instead of URAM 
INFO: [Synth 8-3971] The signal "compute_controller/compute_controller_bool_bool_unsigned_int_bool_bool_bool_bool_bool_u_20_U/ram_reg" was recognized as a true dual port RAM template.
RAM ("compute_controller/p_ZZ18compute_controllerbbjRbS_bS_S_RjPKhPhR12ComputeStateS0_RhS6_S6_S6_S_S_S_S_E_11_U/ram_reg") is too shallow (depth = 576) to use URAM. Choosing BRAM instead of URAM 
INFO: [Synth 8-3971] The signal "compute_controller/p_ZZ18compute_controllerbbjRbS_bS_S_RjPKhPhR12ComputeStateS0_RhS6_S6_S6_S_S_S_S_E_11_U/ram_reg" was recognized as a true dual port RAM template.
RAM ("compute_controller/p_ZZ18compute_controllerbbjRbS_bS_S_RjPKhPhR12ComputeStateS0_RhS6_S6_S6_S_S_S_S_E_10_U/ram_reg") is too shallow (depth = 576) to use URAM. Choosing BRAM instead of URAM 
INFO: [Synth 8-3971] The signal "compute_controller/p_ZZ18compute_controllerbbjRbS_bS_S_RjPKhPhR12ComputeStateS0_RhS6_S6_S6_S_S_S_S_E_10_U/ram_reg" was recognized as a true dual port RAM template.
RAM ("compute_controller/p_ZZ18compute_controllerbbjRbS_bS_S_RjPKhPhR12ComputeStateS0_RhS6_S6_S6_S_S_S_S_E_9_U/ram_reg") is too shallow (depth = 576) to use URAM. Choosing BRAM instead of URAM 
INFO: [Synth 8-3971] The signal "compute_controller/p_ZZ18compute_controllerbbjRbS_bS_S_RjPKhPhR12ComputeStateS0_RhS6_S6_S6_S_S_S_S_E_9_U/ram_reg" was recognized as a true dual port RAM template.
RAM ("compute_controller/p_ZZ18compute_controllerbbjRbS_bS_S_RjPKhPhR12ComputeStateS0_RhS6_S6_S6_S_S_S_S_E_8_U/ram_reg") is too shallow (depth = 576) to use URAM. Choosing BRAM instead of URAM 
INFO: [Synth 8-3971] The signal "compute_controller/p_ZZ18compute_controllerbbjRbS_bS_S_RjPKhPhR12ComputeStateS0_RhS6_S6_S6_S_S_S_S_E_8_U/ram_reg" was recognized as a true dual port RAM template.
RAM ("compute_controller/p_ZZ18compute_controllerbbjRbS_bS_S_RjPKhPhR12ComputeStateS0_RhS6_S6_S6_S_S_S_S_E_7_U/ram_reg") is too shallow (depth = 576) to use URAM. Choosing BRAM instead of URAM 
INFO: [Synth 8-3971] The signal "compute_controller/p_ZZ18compute_controllerbbjRbS_bS_S_RjPKhPhR12ComputeStateS0_RhS6_S6_S6_S_S_S_S_E_7_U/ram_reg" was recognized as a true dual port RAM template.
RAM ("compute_controller/p_ZZ18compute_controllerbbjRbS_bS_S_RjPKhPhR12ComputeStateS0_RhS6_S6_S6_S_S_S_S_E_6_U/ram_reg") is too shallow (depth = 576) to use URAM. Choosing BRAM instead of URAM 
INFO: [Synth 8-3971] The signal "compute_controller/p_ZZ18compute_controllerbbjRbS_bS_S_RjPKhPhR12ComputeStateS0_RhS6_S6_S6_S_S_S_S_E_6_U/ram_reg" was recognized as a true dual port RAM template.
RAM ("compute_controller/compute_controller_bool_bool_unsigned_int_bool_bool_bool_bool_bool_u_39_U/ram_reg") is too shallow (depth = 3) to use URAM. Choosing BRAM instead of URAM 
INFO: [Synth 8-3971] The signal "compute_controller/compute_controller_bool_bool_unsigned_int_bool_bool_bool_bool_bool_u_39_U/ram_reg" was recognized as a true dual port RAM template.
RAM ("compute_controller/compute_controller_bool_bool_unsigned_int_bool_bool_bool_bool_bool_u_38_U/ram_reg") is too shallow (depth = 3) to use URAM. Choosing BRAM instead of URAM 
INFO: [Synth 8-3971] The signal "compute_controller/compute_controller_bool_bool_unsigned_int_bool_bool_bool_bool_bool_u_38_U/ram_reg" was recognized as a true dual port RAM template.
RAM ("compute_controller/compute_controller_bool_bool_unsigned_int_bool_bool_bool_bool_bool_u_37_U/ram_reg") is too shallow (depth = 3) to use URAM. Choosing BRAM instead of URAM 
INFO: [Synth 8-3971] The signal "compute_controller/compute_controller_bool_bool_unsigned_int_bool_bool_bool_bool_bool_u_37_U/ram_reg" was recognized as a true dual port RAM template.
RAM ("compute_controller/compute_controller_bool_bool_unsigned_int_bool_bool_bool_bool_bool_u_36_U/ram_reg") is too shallow (depth = 3) to use URAM. Choosing BRAM instead of URAM 
INFO: [Synth 8-3971] The signal "compute_controller/compute_controller_bool_bool_unsigned_int_bool_bool_bool_bool_bool_u_36_U/ram_reg" was recognized as a true dual port RAM template.
RAM ("compute_controller/compute_controller_bool_bool_unsigned_int_bool_bool_bool_bool_bool_u_35_U/ram_reg") is too shallow (depth = 3) to use URAM. Choosing BRAM instead of URAM 
INFO: [Synth 8-3971] The signal "compute_controller/compute_controller_bool_bool_unsigned_int_bool_bool_bool_bool_bool_u_35_U/ram_reg" was recognized as a true dual port RAM template.
RAM ("compute_controller/compute_controller_bool_bool_unsigned_int_bool_bool_bool_bool_bool_u_34_U/ram_reg") is too shallow (depth = 3) to use URAM. Choosing BRAM instead of URAM 
INFO: [Synth 8-3971] The signal "compute_controller/compute_controller_bool_bool_unsigned_int_bool_bool_bool_bool_bool_u_34_U/ram_reg" was recognized as a true dual port RAM template.
RAM ("compute_controller/compute_controller_bool_bool_unsigned_int_bool_bool_bool_bool_bool_u_33_U/ram_reg") is too shallow (depth = 3) to use URAM. Choosing BRAM instead of URAM 
INFO: [Synth 8-3971] The signal "compute_controller/compute_controller_bool_bool_unsigned_int_bool_bool_bool_bool_bool_u_33_U/ram_reg" was recognized as a true dual port RAM template.
RAM ("compute_controller/compute_controller_bool_bool_unsigned_int_bool_bool_bool_bool_bool_u_32_U/ram_reg") is too shallow (depth = 3) to use URAM. Choosing BRAM instead of URAM 
INFO: [Synth 8-3971] The signal "compute_controller/compute_controller_bool_bool_unsigned_int_bool_bool_bool_bool_bool_u_32_U/ram_reg" was recognized as a true dual port RAM template.
RAM ("compute_controller/compute_controller_bool_bool_unsigned_int_bool_bool_bool_bool_bool_u_31_U/ram_reg") is too shallow (depth = 3) to use URAM. Choosing BRAM instead of URAM 
INFO: [Synth 8-3971] The signal "compute_controller/compute_controller_bool_bool_unsigned_int_bool_bool_bool_bool_bool_u_31_U/ram_reg" was recognized as a true dual port RAM template.
RAM ("compute_controller/compute_controller_bool_bool_unsigned_int_bool_bool_bool_bool_bool_u_30_U/ram_reg") is too shallow (depth = 3) to use URAM. Choosing BRAM instead of URAM 
INFO: [Synth 8-3971] The signal "compute_controller/compute_controller_bool_bool_unsigned_int_bool_bool_bool_bool_bool_u_30_U/ram_reg" was recognized as a true dual port RAM template.
RAM ("compute_controller/p_ZZ18compute_controllerbbjRbS_bS_S_RjPKhPhR12ComputeStateS0_RhS6_S6_S6_S_S_S_S_E_17_U/ram_reg") is too shallow (depth = 3) to use URAM. Choosing BRAM instead of URAM 
INFO: [Synth 8-3971] The signal "compute_controller/p_ZZ18compute_controllerbbjRbS_bS_S_RjPKhPhR12ComputeStateS0_RhS6_S6_S6_S_S_S_S_E_17_U/ram_reg" was recognized as a true dual port RAM template.
RAM ("compute_controller/p_ZZ18compute_controllerbbjRbS_bS_S_RjPKhPhR12ComputeStateS0_RhS6_S6_S6_S_S_S_S_E_16_U/ram_reg") is too shallow (depth = 3) to use URAM. Choosing BRAM instead of URAM 
INFO: [Synth 8-3971] The signal "compute_controller/p_ZZ18compute_controllerbbjRbS_bS_S_RjPKhPhR12ComputeStateS0_RhS6_S6_S6_S_S_S_S_E_16_U/ram_reg" was recognized as a true dual port RAM template.
RAM ("compute_controller/p_ZZ18compute_controllerbbjRbS_bS_S_RjPKhPhR12ComputeStateS0_RhS6_S6_S6_S_S_S_S_E_15_U/ram_reg") is too shallow (depth = 3) to use URAM. Choosing BRAM instead of URAM 
INFO: [Synth 8-3971] The signal "compute_controller/p_ZZ18compute_controllerbbjRbS_bS_S_RjPKhPhR12ComputeStateS0_RhS6_S6_S6_S_S_S_S_E_15_U/ram_reg" was recognized as a true dual port RAM template.
RAM ("compute_controller/p_ZZ18compute_controllerbbjRbS_bS_S_RjPKhPhR12ComputeStateS0_RhS6_S6_S6_S_S_S_S_E_14_U/ram_reg") is too shallow (depth = 3) to use URAM. Choosing BRAM instead of URAM 
INFO: [Synth 8-3971] The signal "compute_controller/p_ZZ18compute_controllerbbjRbS_bS_S_RjPKhPhR12ComputeStateS0_RhS6_S6_S6_S_S_S_S_E_14_U/ram_reg" was recognized as a true dual port RAM template.
RAM ("compute_controller/p_ZZ18compute_controllerbbjRbS_bS_S_RjPKhPhR12ComputeStateS0_RhS6_S6_S6_S_S_S_S_E_13_U/ram_reg") is too shallow (depth = 3) to use URAM. Choosing BRAM instead of URAM 
INFO: [Synth 8-3971] The signal "compute_controller/p_ZZ18compute_controllerbbjRbS_bS_S_RjPKhPhR12ComputeStateS0_RhS6_S6_S6_S_S_S_S_E_13_U/ram_reg" was recognized as a true dual port RAM template.
RAM ("compute_controller/p_ZZ18compute_controllerbbjRbS_bS_S_RjPKhPhR12ComputeStateS0_RhS6_S6_S6_S_S_S_S_E_12_U/ram_reg") is too shallow (depth = 3) to use URAM. Choosing BRAM instead of URAM 
INFO: [Synth 8-3971] The signal "compute_controller/p_ZZ18compute_controllerbbjRbS_bS_S_RjPKhPhR12ComputeStateS0_RhS6_S6_S6_S_S_S_S_E_12_U/ram_reg" was recognized as a true dual port RAM template.
INFO: [Synth 8-6904] The RAM "compute_controller/compute_controller_bool_bool_unsigned_int_bool_bool_bool_bool_bool_u_19_U/ram_reg" of size (depth=3 x width=19) is automatically implemented using LUTRAM. BRAM implementation would be inefficient 
INFO: [Synth 8-6904] The RAM "compute_controller/compute_controller_bool_bool_unsigned_int_bool_bool_bool_bool_bool_u_18_U/ram_reg" of size (depth=3 x width=19) is automatically implemented using LUTRAM. BRAM implementation would be inefficient 
INFO: [Synth 8-6904] The RAM "compute_controller/compute_controller_bool_bool_unsigned_int_bool_bool_bool_bool_bool_u_17_U/ram_reg" of size (depth=3 x width=19) is automatically implemented using LUTRAM. BRAM implementation would be inefficient 
INFO: [Synth 8-6904] The RAM "compute_controller/compute_controller_bool_bool_unsigned_int_bool_bool_bool_bool_bool_u_16_U/ram_reg" of size (depth=3 x width=19) is automatically implemented using LUTRAM. BRAM implementation would be inefficient 
INFO: [Synth 8-6904] The RAM "compute_controller/compute_controller_bool_bool_unsigned_int_bool_bool_bool_bool_bool_u_15_U/ram_reg" of size (depth=3 x width=19) is automatically implemented using LUTRAM. BRAM implementation would be inefficient 
INFO: [Synth 8-6904] The RAM "compute_controller/compute_controller_bool_bool_unsigned_int_bool_bool_bool_bool_bool_u_14_U/ram_reg" of size (depth=3 x width=19) is automatically implemented using LUTRAM. BRAM implementation would be inefficient 
INFO: [Synth 8-6904] The RAM "compute_controller/compute_controller_bool_bool_unsigned_int_bool_bool_bool_bool_bool_u_13_U/ram_reg" of size (depth=3 x width=19) is automatically implemented using LUTRAM. BRAM implementation would be inefficient 
INFO: [Synth 8-6904] The RAM "compute_controller/compute_controller_bool_bool_unsigned_int_bool_bool_bool_bool_bool_u_12_U/ram_reg" of size (depth=3 x width=19) is automatically implemented using LUTRAM. BRAM implementation would be inefficient 
INFO: [Synth 8-6904] The RAM "compute_controller/compute_controller_bool_bool_unsigned_int_bool_bool_bool_bool_bool_u_11_U/ram_reg" of size (depth=3 x width=19) is automatically implemented using LUTRAM. BRAM implementation would be inefficient 
INFO: [Synth 8-6904] The RAM "compute_controller/compute_controller_bool_bool_unsigned_int_bool_bool_bool_bool_bool_u_10_U/ram_reg" of size (depth=3 x width=19) is automatically implemented using LUTRAM. BRAM implementation would be inefficient 
INFO: [Synth 8-6904] The RAM "compute_controller/p_ZZ18compute_controllerbbjRbS_bS_S_RjPKhPhR12ComputeStateS0_RhS6_S6_S6_S_S_S_S_E_23_U/ram_reg" of size (depth=3 x width=19) is automatically implemented using LUTRAM. BRAM implementation would be inefficient 
INFO: [Synth 8-6904] The RAM "compute_controller/p_ZZ18compute_controllerbbjRbS_bS_S_RjPKhPhR12ComputeStateS0_RhS6_S6_S6_S_S_S_S_E_22_U/ram_reg" of size (depth=3 x width=19) is automatically implemented using LUTRAM. BRAM implementation would be inefficient 
INFO: [Synth 8-6904] The RAM "compute_controller/p_ZZ18compute_controllerbbjRbS_bS_S_RjPKhPhR12ComputeStateS0_RhS6_S6_S6_S_S_S_S_E_21_U/ram_reg" of size (depth=3 x width=19) is automatically implemented using LUTRAM. BRAM implementation would be inefficient 
INFO: [Synth 8-6904] The RAM "compute_controller/p_ZZ18compute_controllerbbjRbS_bS_S_RjPKhPhR12ComputeStateS0_RhS6_S6_S6_S_S_S_S_E_20_U/ram_reg" of size (depth=3 x width=19) is automatically implemented using LUTRAM. BRAM implementation would be inefficient 
INFO: [Synth 8-6904] The RAM "compute_controller/p_ZZ18compute_controllerbbjRbS_bS_S_RjPKhPhR12ComputeStateS0_RhS6_S6_S6_S_S_S_S_E_19_U/ram_reg" of size (depth=3 x width=19) is automatically implemented using LUTRAM. BRAM implementation would be inefficient 
INFO: [Synth 8-6904] The RAM "compute_controller/p_ZZ18compute_controllerbbjRbS_bS_S_RjPKhPhR12ComputeStateS0_RhS6_S6_S6_S_S_S_S_E_18_U/ram_reg" of size (depth=3 x width=19) is automatically implemented using LUTRAM. BRAM implementation would be inefficient 
---------------------------------------------------------------------------------
Finished Cross Boundary and Area Optimization : Time (s): cpu = 00:00:47 ; elapsed = 00:00:46 . Memory (MB): peak = 3094.828 ; gain = 1515.188 ; free physical = 7085 ; free virtual = 26698
---------------------------------------------------------------------------------
---------------------------------------------------------------------------------
Start ROM, RAM, DSP, Shift Register and Retiming Reporting
---------------------------------------------------------------------------------

Block RAM: Preliminary Mapping Report (see note below)
+-------------------+------------------------------------------------------------------------------------------------+------------------------+---+---+------------------------+---+---+------------------+--------+--------+-----------------+
|Module Name        | RTL Object                                                                                     | PORT A (Depth x Width) | W | R | PORT B (Depth x Width) | W | R | Ports driving FF | RAMB18 | RAMB36 | Cascade Heights | 
+-------------------+------------------------------------------------------------------------------------------------+------------------------+---+---+------------------------+---+---+------------------+--------+--------+-----------------+
|compute_controller | compute_controller_bool_bool_unsigned_int_bool_bool_bool_bool_bool_u_9_U/ram_reg               | 12 x 8(NO_CHANGE)      | W |   | 12 x 8(READ_FIRST)     | W | R | Port A and B     | 1      | 0      | 1               | 
|compute_controller | compute_controller_bool_bool_unsigned_int_bool_bool_bool_bool_bool_u_8_U/ram_reg               | 12 x 8(NO_CHANGE)      | W |   | 12 x 8(READ_FIRST)     | W | R | Port A and B     | 1      | 0      | 1               | 
|compute_controller | compute_controller_bool_bool_unsigned_int_bool_bool_bool_bool_bool_u_7_U/ram_reg               | 12 x 8(NO_CHANGE)      | W |   | 12 x 8(READ_FIRST)     | W | R | Port A and B     | 1      | 0      | 1               | 
|compute_controller | compute_controller_bool_bool_unsigned_int_bool_bool_bool_bool_bool_u_6_U/ram_reg               | 12 x 8(NO_CHANGE)      | W |   | 12 x 8(READ_FIRST)     | W | R | Port A and B     | 1      | 0      | 1               | 
|compute_controller | compute_controller_bool_bool_unsigned_int_bool_bool_bool_bool_bool_u_5_U/ram_reg               | 12 x 8(NO_CHANGE)      | W |   | 12 x 8(READ_FIRST)     | W | R | Port A and B     | 1      | 0      | 1               | 
|compute_controller | compute_controller_bool_bool_unsigned_int_bool_bool_bool_bool_bool_u_4_U/ram_reg               | 12 x 8(NO_CHANGE)      | W |   | 12 x 8(READ_FIRST)     | W | R | Port A and B     | 1      | 0      | 1               | 
|compute_controller | compute_controller_bool_bool_unsigned_int_bool_bool_bool_bool_bool_u_3_U/ram_reg               | 12 x 8(NO_CHANGE)      | W |   | 12 x 8(READ_FIRST)     | W | R | Port A and B     | 1      | 0      | 1               | 
|compute_controller | compute_controller_bool_bool_unsigned_int_bool_bool_bool_bool_bool_u_2_U/ram_reg               | 12 x 8(NO_CHANGE)      | W |   | 12 x 8(READ_FIRST)     | W | R | Port A and B     | 1      | 0      | 1               | 
|compute_controller | compute_controller_bool_bool_unsigned_int_bool_bool_bool_bool_bool_u_1_U/ram_reg               | 12 x 8(NO_CHANGE)      | W |   | 12 x 8(READ_FIRST)     | W | R | Port A and B     | 1      | 0      | 1               | 
|compute_controller | compute_controller_bool_bool_unsigned_int_bool_bool_bool_bool_bool_u_U/ram_reg                 | 12 x 8(NO_CHANGE)      | W |   | 12 x 8(READ_FIRST)     | W | R | Port A and B     | 1      | 0      | 1               | 
|compute_controller | p_ZZ18compute_controllerbbjRbS_bS_S_RjPKhPhR12ComputeStateS0_RhS6_S6_S6_S_S_S_S_E_5_U/ram_reg  | 12 x 8(NO_CHANGE)      | W |   | 12 x 8(READ_FIRST)     | W | R | Port A and B     | 1      | 0      | 1               | 
|compute_controller | p_ZZ18compute_controllerbbjRbS_bS_S_RjPKhPhR12ComputeStateS0_RhS6_S6_S6_S_S_S_S_E_4_U/ram_reg  | 12 x 8(NO_CHANGE)      | W |   | 12 x 8(READ_FIRST)     | W | R | Port A and B     | 1      | 0      | 1               | 
|compute_controller | p_ZZ18compute_controllerbbjRbS_bS_S_RjPKhPhR12ComputeStateS0_RhS6_S6_S6_S_S_S_S_E_3_U/ram_reg  | 12 x 8(NO_CHANGE)      | W |   | 12 x 8(READ_FIRST)     | W | R | Port A and B     | 1      | 0      | 1               | 
|compute_controller | p_ZZ18compute_controllerbbjRbS_bS_S_RjPKhPhR12ComputeStateS0_RhS6_S6_S6_S_S_S_S_E_2_U/ram_reg  | 12 x 8(NO_CHANGE)      | W |   | 12 x 8(READ_FIRST)     | W | R | Port A and B     | 1      | 0      | 1               | 
|compute_controller | p_ZZ18compute_controllerbbjRbS_bS_S_RjPKhPhR12ComputeStateS0_RhS6_S6_S6_S_S_S_S_E_1_U/ram_reg  | 12 x 8(NO_CHANGE)      | W |   | 12 x 8(READ_FIRST)     | W | R | Port A and B     | 1      | 0      | 1               | 
|compute_controller | p_ZZ18compute_controllerbbjRbS_bS_S_RjPKhPhR12ComputeStateS0_RhS6_S6_S6_S_S_S_S_E_U/ram_reg    | 12 x 8(NO_CHANGE)      | W |   | 12 x 8(READ_FIRST)     | W | R | Port A and B     | 1      | 0      | 1               | 
|compute_controller | compute_controller_bool_bool_unsigned_int_bool_bool_bool_bool_bool_u_29_U/ram_reg              | 576 x 4(NO_CHANGE)     | W |   | 576 x 4(READ_FIRST)    | W | R | Port A and B     | 1      | 0      | 1               | 
|compute_controller | compute_controller_bool_bool_unsigned_int_bool_bool_bool_bool_bool_u_28_U/ram_reg              | 576 x 4(NO_CHANGE)     | W |   | 576 x 4(READ_FIRST)    | W | R | Port A and B     | 1      | 0      | 1               | 
|compute_controller | compute_controller_bool_bool_unsigned_int_bool_bool_bool_bool_bool_u_27_U/ram_reg              | 576 x 4(NO_CHANGE)     | W |   | 576 x 4(READ_FIRST)    | W | R | Port A and B     | 1      | 0      | 1               | 
|compute_controller | compute_controller_bool_bool_unsigned_int_bool_bool_bool_bool_bool_u_26_U/ram_reg              | 576 x 4(NO_CHANGE)     | W |   | 576 x 4(READ_FIRST)    | W | R | Port A and B     | 1      | 0      | 1               | 
|compute_controller | compute_controller_bool_bool_unsigned_int_bool_bool_bool_bool_bool_u_25_U/ram_reg              | 576 x 4(NO_CHANGE)     | W |   | 576 x 4(READ_FIRST)    | W | R | Port A and B     | 1      | 0      | 1               | 
|compute_controller | compute_controller_bool_bool_unsigned_int_bool_bool_bool_bool_bool_u_24_U/ram_reg              | 576 x 4(NO_CHANGE)     | W |   | 576 x 4(READ_FIRST)    | W | R | Port A and B     | 1      | 0      | 1               | 
|compute_controller | compute_controller_bool_bool_unsigned_int_bool_bool_bool_bool_bool_u_23_U/ram_reg              | 576 x 4(NO_CHANGE)     | W |   | 576 x 4(READ_FIRST)    | W | R | Port A and B     | 1      | 0      | 1               | 
|compute_controller | compute_controller_bool_bool_unsigned_int_bool_bool_bool_bool_bool_u_22_U/ram_reg              | 576 x 4(NO_CHANGE)     | W |   | 576 x 4(READ_FIRST)    | W | R | Port A and B     | 1      | 0      | 1               | 
|compute_controller | compute_controller_bool_bool_unsigned_int_bool_bool_bool_bool_bool_u_21_U/ram_reg              | 576 x 4(NO_CHANGE)     | W |   | 576 x 4(READ_FIRST)    | W | R | Port A and B     | 1      | 0      | 1               | 
|compute_controller | compute_controller_bool_bool_unsigned_int_bool_bool_bool_bool_bool_u_20_U/ram_reg              | 576 x 4(NO_CHANGE)     | W |   | 576 x 4(READ_FIRST)    | W | R | Port A and B     | 1      | 0      | 1               | 
|compute_controller | p_ZZ18compute_controllerbbjRbS_bS_S_RjPKhPhR12ComputeStateS0_RhS6_S6_S6_S_S_S_S_E_11_U/ram_reg | 576 x 4(NO_CHANGE)     | W |   | 576 x 4(READ_FIRST)    | W | R | Port A and B     | 1      | 0      | 1               | 
|compute_controller | p_ZZ18compute_controllerbbjRbS_bS_S_RjPKhPhR12ComputeStateS0_RhS6_S6_S6_S_S_S_S_E_10_U/ram_reg | 576 x 4(NO_CHANGE)     | W |   | 576 x 4(READ_FIRST)    | W | R | Port A and B     | 1      | 0      | 1               | 
|compute_controller | p_ZZ18compute_controllerbbjRbS_bS_S_RjPKhPhR12ComputeStateS0_RhS6_S6_S6_S_S_S_S_E_9_U/ram_reg  | 576 x 4(NO_CHANGE)     | W |   | 576 x 4(READ_FIRST)    | W | R | Port A and B     | 1      | 0      | 1               | 
|compute_controller | p_ZZ18compute_controllerbbjRbS_bS_S_RjPKhPhR12ComputeStateS0_RhS6_S6_S6_S_S_S_S_E_8_U/ram_reg  | 576 x 4(NO_CHANGE)     | W |   | 576 x 4(READ_FIRST)    | W | R | Port A and B     | 1      | 0      | 1               | 
|compute_controller | p_ZZ18compute_controllerbbjRbS_bS_S_RjPKhPhR12ComputeStateS0_RhS6_S6_S6_S_S_S_S_E_7_U/ram_reg  | 576 x 4(NO_CHANGE)     | W |   | 576 x 4(READ_FIRST)    | W | R | Port A and B     | 1      | 0      | 1               | 
|compute_controller | p_ZZ18compute_controllerbbjRbS_bS_S_RjPKhPhR12ComputeStateS0_RhS6_S6_S6_S_S_S_S_E_6_U/ram_reg  | 576 x 4(NO_CHANGE)     | W |   | 576 x 4(READ_FIRST)    | W | R | Port A and B     | 1      | 0      | 1               | 
|compute_controller | compute_controller_bool_bool_unsigned_int_bool_bool_bool_bool_bool_u_39_U/ram_reg              | 3 x 4(NO_CHANGE)       | W |   | 3 x 4(READ_FIRST)      | W | R | Port A and B     | 1      | 0      | 1               | 
|compute_controller | compute_controller_bool_bool_unsigned_int_bool_bool_bool_bool_bool_u_38_U/ram_reg              | 3 x 4(NO_CHANGE)       | W |   | 3 x 4(READ_FIRST)      | W | R | Port A and B     | 1      | 0      | 1               | 
|compute_controller | compute_controller_bool_bool_unsigned_int_bool_bool_bool_bool_bool_u_37_U/ram_reg              | 3 x 4(NO_CHANGE)       | W |   | 3 x 4(READ_FIRST)      | W | R | Port A and B     | 1      | 0      | 1               | 
|compute_controller | compute_controller_bool_bool_unsigned_int_bool_bool_bool_bool_bool_u_36_U/ram_reg              | 3 x 4(NO_CHANGE)       | W |   | 3 x 4(READ_FIRST)      | W | R | Port A and B     | 1      | 0      | 1               | 
|compute_controller | compute_controller_bool_bool_unsigned_int_bool_bool_bool_bool_bool_u_35_U/ram_reg              | 3 x 4(NO_CHANGE)       | W |   | 3 x 4(READ_FIRST)      | W | R | Port A and B     | 1      | 0      | 1               | 
|compute_controller | compute_controller_bool_bool_unsigned_int_bool_bool_bool_bool_bool_u_34_U/ram_reg              | 3 x 4(NO_CHANGE)       | W |   | 3 x 4(READ_FIRST)      | W | R | Port A and B     | 1      | 0      | 1               | 
|compute_controller | compute_controller_bool_bool_unsigned_int_bool_bool_bool_bool_bool_u_33_U/ram_reg              | 3 x 4(NO_CHANGE)       | W |   | 3 x 4(READ_FIRST)      | W | R | Port A and B     | 1      | 0      | 1               | 
|compute_controller | compute_controller_bool_bool_unsigned_int_bool_bool_bool_bool_bool_u_32_U/ram_reg              | 3 x 4(NO_CHANGE)       | W |   | 3 x 4(READ_FIRST)      | W | R | Port A and B     | 1      | 0      | 1               | 
|compute_controller | compute_controller_bool_bool_unsigned_int_bool_bool_bool_bool_bool_u_31_U/ram_reg              | 3 x 4(NO_CHANGE)       | W |   | 3 x 4(READ_FIRST)      | W | R | Port A and B     | 1      | 0      | 1               | 
|compute_controller | compute_controller_bool_bool_unsigned_int_bool_bool_bool_bool_bool_u_30_U/ram_reg              | 3 x 4(NO_CHANGE)       | W |   | 3 x 4(READ_FIRST)      | W | R | Port A and B     | 1      | 0      | 1               | 
|compute_controller | p_ZZ18compute_controllerbbjRbS_bS_S_RjPKhPhR12ComputeStateS0_RhS6_S6_S6_S_S_S_S_E_17_U/ram_reg | 3 x 4(NO_CHANGE)       | W |   | 3 x 4(READ_FIRST)      | W | R | Port A and B     | 1      | 0      | 1               | 
|compute_controller | p_ZZ18compute_controllerbbjRbS_bS_S_RjPKhPhR12ComputeStateS0_RhS6_S6_S6_S_S_S_S_E_16_U/ram_reg | 3 x 4(NO_CHANGE)       | W |   | 3 x 4(READ_FIRST)      | W | R | Port A and B     | 1      | 0      | 1               | 
|compute_controller | p_ZZ18compute_controllerbbjRbS_bS_S_RjPKhPhR12ComputeStateS0_RhS6_S6_S6_S_S_S_S_E_15_U/ram_reg | 3 x 4(NO_CHANGE)       | W |   | 3 x 4(READ_FIRST)      | W | R | Port A and B     | 1      | 0      | 1               | 
|compute_controller | p_ZZ18compute_controllerbbjRbS_bS_S_RjPKhPhR12ComputeStateS0_RhS6_S6_S6_S_S_S_S_E_14_U/ram_reg | 3 x 4(NO_CHANGE)       | W |   | 3 x 4(READ_FIRST)      | W | R | Port A and B     | 1      | 0      | 1               | 
|compute_controller | p_ZZ18compute_controllerbbjRbS_bS_S_RjPKhPhR12ComputeStateS0_RhS6_S6_S6_S_S_S_S_E_13_U/ram_reg | 3 x 4(NO_CHANGE)       | W |   | 3 x 4(READ_FIRST)      | W | R | Port A and B     | 1      | 0      | 1               | 
|compute_controller | p_ZZ18compute_controllerbbjRbS_bS_S_RjPKhPhR12ComputeStateS0_RhS6_S6_S6_S_S_S_S_E_12_U/ram_reg | 3 x 4(NO_CHANGE)       | W |   | 3 x 4(READ_FIRST)      | W | R | Port A and B     | 1      | 0      | 1               | 
+-------------------+------------------------------------------------------------------------------------------------+------------------------+---+---+------------------------+---+---+------------------+--------+--------+-----------------+

Note: The table above is a preliminary report that shows the Block RAMs at the current stage of the synthesis flow. Some Block RAMs may be reimplemented as non Block RAM primitives later in the synthesis flow. Multiple instantiated Block RAMs are reported only once. 

Distributed RAM: Preliminary Mapping Report (see note below)
+-------------------+------------------------------------------------------------------------------------------------+-----------+----------------------+----------------+
|Module Name        | RTL Object                                                                                     | Inference | Size (Depth x Width) | Primitives     | 
+-------------------+------------------------------------------------------------------------------------------------+-----------+----------------------+----------------+
|compute_controller | compute_controller_bool_bool_unsigned_int_bool_bool_bool_bool_bool_u_19_U/ram_reg              | Implied   | 4 x 19               | RAM16X1S x 19  | 
|compute_controller | compute_controller_bool_bool_unsigned_int_bool_bool_bool_bool_bool_u_18_U/ram_reg              | Implied   | 4 x 19               | RAM16X1S x 19  | 
|compute_controller | compute_controller_bool_bool_unsigned_int_bool_bool_bool_bool_bool_u_17_U/ram_reg              | Implied   | 4 x 19               | RAM16X1S x 19  | 
|compute_controller | compute_controller_bool_bool_unsigned_int_bool_bool_bool_bool_bool_u_16_U/ram_reg              | Implied   | 4 x 19               | RAM16X1S x 19  | 
|compute_controller | compute_controller_bool_bool_unsigned_int_bool_bool_bool_bool_bool_u_15_U/ram_reg              | Implied   | 4 x 19               | RAM16X1S x 19  | 
|compute_controller | compute_controller_bool_bool_unsigned_int_bool_bool_bool_bool_bool_u_14_U/ram_reg              | Implied   | 4 x 19               | RAM16X1S x 19  | 
|compute_controller | compute_controller_bool_bool_unsigned_int_bool_bool_bool_bool_bool_u_13_U/ram_reg              | Implied   | 4 x 19               | RAM16X1S x 19  | 
|compute_controller | compute_controller_bool_bool_unsigned_int_bool_bool_bool_bool_bool_u_12_U/ram_reg              | Implied   | 4 x 19               | RAM16X1S x 19  | 
|compute_controller | compute_controller_bool_bool_unsigned_int_bool_bool_bool_bool_bool_u_11_U/ram_reg              | Implied   | 4 x 19               | RAM16X1S x 19  | 
|compute_controller | compute_controller_bool_bool_unsigned_int_bool_bool_bool_bool_bool_u_10_U/ram_reg              | Implied   | 4 x 19               | RAM16X1S x 19  | 
|compute_controller | p_ZZ18compute_controllerbbjRbS_bS_S_RjPKhPhR12ComputeStateS0_RhS6_S6_S6_S_S_S_S_E_23_U/ram_reg | Implied   | 4 x 19               | RAM16X1S x 19  | 
|compute_controller | p_ZZ18compute_controllerbbjRbS_bS_S_RjPKhPhR12ComputeStateS0_RhS6_S6_S6_S_S_S_S_E_22_U/ram_reg | Implied   | 4 x 19               | RAM16X1S x 19  | 
|compute_controller | p_ZZ18compute_controllerbbjRbS_bS_S_RjPKhPhR12ComputeStateS0_RhS6_S6_S6_S_S_S_S_E_21_U/ram_reg | Implied   | 4 x 19               | RAM16X1S x 19  | 
|compute_controller | p_ZZ18compute_controllerbbjRbS_bS_S_RjPKhPhR12ComputeStateS0_RhS6_S6_S6_S_S_S_S_E_20_U/ram_reg | Implied   | 4 x 19               | RAM16X1S x 19  | 
|compute_controller | p_ZZ18compute_controllerbbjRbS_bS_S_RjPKhPhR12ComputeStateS0_RhS6_S6_S6_S_S_S_S_E_19_U/ram_reg | Implied   | 4 x 19               | RAM16X1S x 19  | 
|compute_controller | p_ZZ18compute_controllerbbjRbS_bS_S_RjPKhPhR12ComputeStateS0_RhS6_S6_S6_S_S_S_S_E_18_U/ram_reg | Implied   | 4 x 19               | RAM16X1S x 19  | 
+-------------------+------------------------------------------------------------------------------------------------+-----------+----------------------+----------------+

Note: The table above is a preliminary report that shows the Distributed RAMs at the current stage of the synthesis flow. Some Distributed RAMs may be reimplemented as non Distributed RAM primitives later in the synthesis flow. Multiple instantiated RAMs are reported only once.
---------------------------------------------------------------------------------
Finished ROM, RAM, DSP, Shift Register and Retiming Reporting
---------------------------------------------------------------------------------
No constraint files found.
---------------------------------------------------------------------------------
Start Timing Optimization
---------------------------------------------------------------------------------
---------------------------------------------------------------------------------
Finished Timing Optimization : Time (s): cpu = 00:00:48 ; elapsed = 00:00:48 . Memory (MB): peak = 3094.828 ; gain = 1515.188 ; free physical = 7084 ; free virtual = 26697
---------------------------------------------------------------------------------
---------------------------------------------------------------------------------
Start ROM, RAM, DSP, Shift Register and Retiming Reporting
---------------------------------------------------------------------------------

Block RAM: Final Mapping Report
+-------------------+------------------------------------------------------------------------------------------------+------------------------+---+---+------------------------+---+---+------------------+--------+--------+-----------------+
|Module Name        | RTL Object                                                                                     | PORT A (Depth x Width) | W | R | PORT B (Depth x Width) | W | R | Ports driving FF | RAMB18 | RAMB36 | Cascade Heights | 
+-------------------+------------------------------------------------------------------------------------------------+------------------------+---+---+------------------------+---+---+------------------+--------+--------+-----------------+
|compute_controller | compute_controller_bool_bool_unsigned_int_bool_bool_bool_bool_bool_u_9_U/ram_reg               | 12 x 8(NO_CHANGE)      | W |   | 12 x 8(READ_FIRST)     | W | R | Port A and B     | 1      | 0      | 1               | 
|compute_controller | compute_controller_bool_bool_unsigned_int_bool_bool_bool_bool_bool_u_8_U/ram_reg               | 12 x 8(NO_CHANGE)      | W |   | 12 x 8(READ_FIRST)     | W | R | Port A and B     | 1      | 0      | 1               | 
|compute_controller | compute_controller_bool_bool_unsigned_int_bool_bool_bool_bool_bool_u_7_U/ram_reg               | 12 x 8(NO_CHANGE)      | W |   | 12 x 8(READ_FIRST)     | W | R | Port A and B     | 1      | 0      | 1               | 
|compute_controller | compute_controller_bool_bool_unsigned_int_bool_bool_bool_bool_bool_u_6_U/ram_reg               | 12 x 8(NO_CHANGE)      | W |   | 12 x 8(READ_FIRST)     | W | R | Port A and B     | 1      | 0      | 1               | 
|compute_controller | compute_controller_bool_bool_unsigned_int_bool_bool_bool_bool_bool_u_5_U/ram_reg               | 12 x 8(NO_CHANGE)      | W |   | 12 x 8(READ_FIRST)     | W | R | Port A and B     | 1      | 0      | 1               | 
|compute_controller | compute_controller_bool_bool_unsigned_int_bool_bool_bool_bool_bool_u_4_U/ram_reg               | 12 x 8(NO_CHANGE)      | W |   | 12 x 8(READ_FIRST)     | W | R | Port A and B     | 1      | 0      | 1               | 
|compute_controller | compute_controller_bool_bool_unsigned_int_bool_bool_bool_bool_bool_u_3_U/ram_reg               | 12 x 8(NO_CHANGE)      | W |   | 12 x 8(READ_FIRST)     | W | R | Port A and B     | 1      | 0      | 1               | 
|compute_controller | compute_controller_bool_bool_unsigned_int_bool_bool_bool_bool_bool_u_2_U/ram_reg               | 12 x 8(NO_CHANGE)      | W |   | 12 x 8(READ_FIRST)     | W | R | Port A and B     | 1      | 0      | 1               | 
|compute_controller | compute_controller_bool_bool_unsigned_int_bool_bool_bool_bool_bool_u_1_U/ram_reg               | 12 x 8(NO_CHANGE)      | W |   | 12 x 8(READ_FIRST)     | W | R | Port A and B     | 1      | 0      | 1               | 
|compute_controller | compute_controller_bool_bool_unsigned_int_bool_bool_bool_bool_bool_u_U/ram_reg                 | 12 x 8(NO_CHANGE)      | W |   | 12 x 8(READ_FIRST)     | W | R | Port A and B     | 1      | 0      | 1               | 
|compute_controller | p_ZZ18compute_controllerbbjRbS_bS_S_RjPKhPhR12ComputeStateS0_RhS6_S6_S6_S_S_S_S_E_5_U/ram_reg  | 12 x 8(NO_CHANGE)      | W |   | 12 x 8(READ_FIRST)     | W | R | Port A and B     | 1      | 0      | 1               | 
|compute_controller | p_ZZ18compute_controllerbbjRbS_bS_S_RjPKhPhR12ComputeStateS0_RhS6_S6_S6_S_S_S_S_E_4_U/ram_reg  | 12 x 8(NO_CHANGE)      | W |   | 12 x 8(READ_FIRST)     | W | R | Port A and B     | 1      | 0      | 1               | 
|compute_controller | p_ZZ18compute_controllerbbjRbS_bS_S_RjPKhPhR12ComputeStateS0_RhS6_S6_S6_S_S_S_S_E_3_U/ram_reg  | 12 x 8(NO_CHANGE)      | W |   | 12 x 8(READ_FIRST)     | W | R | Port A and B     | 1      | 0      | 1               | 
|compute_controller | p_ZZ18compute_controllerbbjRbS_bS_S_RjPKhPhR12ComputeStateS0_RhS6_S6_S6_S_S_S_S_E_2_U/ram_reg  | 12 x 8(NO_CHANGE)      | W |   | 12 x 8(READ_FIRST)     | W | R | Port A and B     | 1      | 0      | 1               | 
|compute_controller | p_ZZ18compute_controllerbbjRbS_bS_S_RjPKhPhR12ComputeStateS0_RhS6_S6_S6_S_S_S_S_E_1_U/ram_reg  | 12 x 8(NO_CHANGE)      | W |   | 12 x 8(READ_FIRST)     | W | R | Port A and B     | 1      | 0      | 1               | 
|compute_controller | p_ZZ18compute_controllerbbjRbS_bS_S_RjPKhPhR12ComputeStateS0_RhS6_S6_S6_S_S_S_S_E_U/ram_reg    | 12 x 8(NO_CHANGE)      | W |   | 12 x 8(READ_FIRST)     | W | R | Port A and B     | 1      | 0      | 1               | 
|compute_controller | compute_controller_bool_bool_unsigned_int_bool_bool_bool_bool_bool_u_29_U/ram_reg              | 576 x 4(NO_CHANGE)     | W |   | 576 x 4(READ_FIRST)    | W | R | Port A and B     | 1      | 0      | 1               | 
|compute_controller | compute_controller_bool_bool_unsigned_int_bool_bool_bool_bool_bool_u_28_U/ram_reg              | 576 x 4(NO_CHANGE)     | W |   | 576 x 4(READ_FIRST)    | W | R | Port A and B     | 1      | 0      | 1               | 
|compute_controller | compute_controller_bool_bool_unsigned_int_bool_bool_bool_bool_bool_u_27_U/ram_reg              | 576 x 4(NO_CHANGE)     | W |   | 576 x 4(READ_FIRST)    | W | R | Port A and B     | 1      | 0      | 1               | 
|compute_controller | compute_controller_bool_bool_unsigned_int_bool_bool_bool_bool_bool_u_26_U/ram_reg              | 576 x 4(NO_CHANGE)     | W |   | 576 x 4(READ_FIRST)    | W | R | Port A and B     | 1      | 0      | 1               | 
|compute_controller | compute_controller_bool_bool_unsigned_int_bool_bool_bool_bool_bool_u_25_U/ram_reg              | 576 x 4(NO_CHANGE)     | W |   | 576 x 4(READ_FIRST)    | W | R | Port A and B     | 1      | 0      | 1               | 
|compute_controller | compute_controller_bool_bool_unsigned_int_bool_bool_bool_bool_bool_u_24_U/ram_reg              | 576 x 4(NO_CHANGE)     | W |   | 576 x 4(READ_FIRST)    | W | R | Port A and B     | 1      | 0      | 1               | 
|compute_controller | compute_controller_bool_bool_unsigned_int_bool_bool_bool_bool_bool_u_23_U/ram_reg              | 576 x 4(NO_CHANGE)     | W |   | 576 x 4(READ_FIRST)    | W | R | Port A and B     | 1      | 0      | 1               | 
|compute_controller | compute_controller_bool_bool_unsigned_int_bool_bool_bool_bool_bool_u_22_U/ram_reg              | 576 x 4(NO_CHANGE)     | W |   | 576 x 4(READ_FIRST)    | W | R | Port A and B     | 1      | 0      | 1               | 
|compute_controller | compute_controller_bool_bool_unsigned_int_bool_bool_bool_bool_bool_u_21_U/ram_reg              | 576 x 4(NO_CHANGE)     | W |   | 576 x 4(READ_FIRST)    | W | R | Port A and B     | 1      | 0      | 1               | 
|compute_controller | compute_controller_bool_bool_unsigned_int_bool_bool_bool_bool_bool_u_20_U/ram_reg              | 576 x 4(NO_CHANGE)     | W |   | 576 x 4(READ_FIRST)    | W | R | Port A and B     | 1      | 0      | 1               | 
|compute_controller | p_ZZ18compute_controllerbbjRbS_bS_S_RjPKhPhR12ComputeStateS0_RhS6_S6_S6_S_S_S_S_E_11_U/ram_reg | 576 x 4(NO_CHANGE)     | W |   | 576 x 4(READ_FIRST)    | W | R | Port A and B     | 1      | 0      | 1               | 
|compute_controller | p_ZZ18compute_controllerbbjRbS_bS_S_RjPKhPhR12ComputeStateS0_RhS6_S6_S6_S_S_S_S_E_10_U/ram_reg | 576 x 4(NO_CHANGE)     | W |   | 576 x 4(READ_FIRST)    | W | R | Port A and B     | 1      | 0      | 1               | 
|compute_controller | p_ZZ18compute_controllerbbjRbS_bS_S_RjPKhPhR12ComputeStateS0_RhS6_S6_S6_S_S_S_S_E_9_U/ram_reg  | 576 x 4(NO_CHANGE)     | W |   | 576 x 4(READ_FIRST)    | W | R | Port A and B     | 1      | 0      | 1               | 
|compute_controller | p_ZZ18compute_controllerbbjRbS_bS_S_RjPKhPhR12ComputeStateS0_RhS6_S6_S6_S_S_S_S_E_8_U/ram_reg  | 576 x 4(NO_CHANGE)     | W |   | 576 x 4(READ_FIRST)    | W | R | Port A and B     | 1      | 0      | 1               | 
|compute_controller | p_ZZ18compute_controllerbbjRbS_bS_S_RjPKhPhR12ComputeStateS0_RhS6_S6_S6_S_S_S_S_E_7_U/ram_reg  | 576 x 4(NO_CHANGE)     | W |   | 576 x 4(READ_FIRST)    | W | R | Port A and B     | 1      | 0      | 1               | 
|compute_controller | p_ZZ18compute_controllerbbjRbS_bS_S_RjPKhPhR12ComputeStateS0_RhS6_S6_S6_S_S_S_S_E_6_U/ram_reg  | 576 x 4(NO_CHANGE)     | W |   | 576 x 4(READ_FIRST)    | W | R | Port A and B     | 1      | 0      | 1               | 
|compute_controller | compute_controller_bool_bool_unsigned_int_bool_bool_bool_bool_bool_u_39_U/ram_reg              | 3 x 4(NO_CHANGE)       | W |   | 3 x 4(READ_FIRST)      | W | R | Port A and B     | 1      | 0      | 1               | 
|compute_controller | compute_controller_bool_bool_unsigned_int_bool_bool_bool_bool_bool_u_38_U/ram_reg              | 3 x 4(NO_CHANGE)       | W |   | 3 x 4(READ_FIRST)      | W | R | Port A and B     | 1      | 0      | 1               | 
|compute_controller | compute_controller_bool_bool_unsigned_int_bool_bool_bool_bool_bool_u_37_U/ram_reg              | 3 x 4(NO_CHANGE)       | W |   | 3 x 4(READ_FIRST)      | W | R | Port A and B     | 1      | 0      | 1               | 
|compute_controller | compute_controller_bool_bool_unsigned_int_bool_bool_bool_bool_bool_u_36_U/ram_reg              | 3 x 4(NO_CHANGE)       | W |   | 3 x 4(READ_FIRST)      | W | R | Port A and B     | 1      | 0      | 1               | 
|compute_controller | compute_controller_bool_bool_unsigned_int_bool_bool_bool_bool_bool_u_35_U/ram_reg              | 3 x 4(NO_CHANGE)       | W |   | 3 x 4(READ_FIRST)      | W | R | Port A and B     | 1      | 0      | 1               | 
|compute_controller | compute_controller_bool_bool_unsigned_int_bool_bool_bool_bool_bool_u_34_U/ram_reg              | 3 x 4(NO_CHANGE)       | W |   | 3 x 4(READ_FIRST)      | W | R | Port A and B     | 1      | 0      | 1               | 
|compute_controller | compute_controller_bool_bool_unsigned_int_bool_bool_bool_bool_bool_u_33_U/ram_reg              | 3 x 4(NO_CHANGE)       | W |   | 3 x 4(READ_FIRST)      | W | R | Port A and B     | 1      | 0      | 1               | 
|compute_controller | compute_controller_bool_bool_unsigned_int_bool_bool_bool_bool_bool_u_32_U/ram_reg              | 3 x 4(NO_CHANGE)       | W |   | 3 x 4(READ_FIRST)      | W | R | Port A and B     | 1      | 0      | 1               | 
|compute_controller | compute_controller_bool_bool_unsigned_int_bool_bool_bool_bool_bool_u_31_U/ram_reg              | 3 x 4(NO_CHANGE)       | W |   | 3 x 4(READ_FIRST)      | W | R | Port A and B     | 1      | 0      | 1               | 
|compute_controller | compute_controller_bool_bool_unsigned_int_bool_bool_bool_bool_bool_u_30_U/ram_reg              | 3 x 4(NO_CHANGE)       | W |   | 3 x 4(READ_FIRST)      | W | R | Port A and B     | 1      | 0      | 1               | 
|compute_controller | p_ZZ18compute_controllerbbjRbS_bS_S_RjPKhPhR12ComputeStateS0_RhS6_S6_S6_S_S_S_S_E_17_U/ram_reg | 3 x 4(NO_CHANGE)       | W |   | 3 x 4(READ_FIRST)      | W | R | Port A and B     | 1      | 0      | 1               | 
|compute_controller | p_ZZ18compute_controllerbbjRbS_bS_S_RjPKhPhR12ComputeStateS0_RhS6_S6_S6_S_S_S_S_E_16_U/ram_reg | 3 x 4(NO_CHANGE)       | W |   | 3 x 4(READ_FIRST)      | W | R | Port A and B     | 1      | 0      | 1               | 
|compute_controller | p_ZZ18compute_controllerbbjRbS_bS_S_RjPKhPhR12ComputeStateS0_RhS6_S6_S6_S_S_S_S_E_15_U/ram_reg | 3 x 4(NO_CHANGE)       | W |   | 3 x 4(READ_FIRST)      | W | R | Port A and B     | 1      | 0      | 1               | 
|compute_controller | p_ZZ18compute_controllerbbjRbS_bS_S_RjPKhPhR12ComputeStateS0_RhS6_S6_S6_S_S_S_S_E_14_U/ram_reg | 3 x 4(NO_CHANGE)       | W |   | 3 x 4(READ_FIRST)      | W | R | Port A and B     | 1      | 0      | 1               | 
|compute_controller | p_ZZ18compute_controllerbbjRbS_bS_S_RjPKhPhR12ComputeStateS0_RhS6_S6_S6_S_S_S_S_E_13_U/ram_reg | 3 x 4(NO_CHANGE)       | W |   | 3 x 4(READ_FIRST)      | W | R | Port A and B     | 1      | 0      | 1               | 
|compute_controller | p_ZZ18compute_controllerbbjRbS_bS_S_RjPKhPhR12ComputeStateS0_RhS6_S6_S6_S_S_S_S_E_12_U/ram_reg | 3 x 4(NO_CHANGE)       | W |   | 3 x 4(READ_FIRST)      | W | R | Port A and B     | 1      | 0      | 1               | 
+-------------------+------------------------------------------------------------------------------------------------+------------------------+---+---+------------------------+---+---+------------------+--------+--------+-----------------+


Distributed RAM: Final Mapping Report
+-------------------+------------------------------------------------------------------------------------------------+-----------+----------------------+----------------+
|Module Name        | RTL Object                                                                                     | Inference | Size (Depth x Width) | Primitives     | 
+-------------------+------------------------------------------------------------------------------------------------+-----------+----------------------+----------------+
|compute_controller | compute_controller_bool_bool_unsigned_int_bool_bool_bool_bool_bool_u_19_U/ram_reg              | Implied   | 4 x 19               | RAM16X1S x 19  | 
|compute_controller | compute_controller_bool_bool_unsigned_int_bool_bool_bool_bool_bool_u_18_U/ram_reg              | Implied   | 4 x 19               | RAM16X1S x 19  | 
|compute_controller | compute_controller_bool_bool_unsigned_int_bool_bool_bool_bool_bool_u_17_U/ram_reg              | Implied   | 4 x 19               | RAM16X1S x 19  | 
|compute_controller | compute_controller_bool_bool_unsigned_int_bool_bool_bool_bool_bool_u_16_U/ram_reg              | Implied   | 4 x 19               | RAM16X1S x 19  | 
|compute_controller | compute_controller_bool_bool_unsigned_int_bool_bool_bool_bool_bool_u_15_U/ram_reg              | Implied   | 4 x 19               | RAM16X1S x 19  | 
|compute_controller | compute_controller_bool_bool_unsigned_int_bool_bool_bool_bool_bool_u_14_U/ram_reg              | Implied   | 4 x 19               | RAM16X1S x 19  | 
|compute_controller | compute_controller_bool_bool_unsigned_int_bool_bool_bool_bool_bool_u_13_U/ram_reg              | Implied   | 4 x 19               | RAM16X1S x 19  | 
|compute_controller | compute_controller_bool_bool_unsigned_int_bool_bool_bool_bool_bool_u_12_U/ram_reg              | Implied   | 4 x 19               | RAM16X1S x 19  | 
|compute_controller | compute_controller_bool_bool_unsigned_int_bool_bool_bool_bool_bool_u_11_U/ram_reg              | Implied   | 4 x 19               | RAM16X1S x 19  | 
|compute_controller | compute_controller_bool_bool_unsigned_int_bool_bool_bool_bool_bool_u_10_U/ram_reg              | Implied   | 4 x 19               | RAM16X1S x 19  | 
|compute_controller | p_ZZ18compute_controllerbbjRbS_bS_S_RjPKhPhR12ComputeStateS0_RhS6_S6_S6_S_S_S_S_E_23_U/ram_reg | Implied   | 4 x 19               | RAM16X1S x 19  | 
|compute_controller | p_ZZ18compute_controllerbbjRbS_bS_S_RjPKhPhR12ComputeStateS0_RhS6_S6_S6_S_S_S_S_E_22_U/ram_reg | Implied   | 4 x 19               | RAM16X1S x 19  | 
|compute_controller | p_ZZ18compute_controllerbbjRbS_bS_S_RjPKhPhR12ComputeStateS0_RhS6_S6_S6_S_S_S_S_E_21_U/ram_reg | Implied   | 4 x 19               | RAM16X1S x 19  | 
|compute_controller | p_ZZ18compute_controllerbbjRbS_bS_S_RjPKhPhR12ComputeStateS0_RhS6_S6_S6_S_S_S_S_E_20_U/ram_reg | Implied   | 4 x 19               | RAM16X1S x 19  | 
|compute_controller | p_ZZ18compute_controllerbbjRbS_bS_S_RjPKhPhR12ComputeStateS0_RhS6_S6_S6_S_S_S_S_E_19_U/ram_reg | Implied   | 4 x 19               | RAM16X1S x 19  | 
|compute_controller | p_ZZ18compute_controllerbbjRbS_bS_S_RjPKhPhR12ComputeStateS0_RhS6_S6_S6_S_S_S_S_E_18_U/ram_reg | Implied   | 4 x 19               | RAM16X1S x 19  | 
+-------------------+------------------------------------------------------------------------------------------------+-----------+----------------------+----------------+

---------------------------------------------------------------------------------
Finished ROM, RAM, DSP, Shift Register and Retiming Reporting
---------------------------------------------------------------------------------
---------------------------------------------------------------------------------
Start Technology Mapping
---------------------------------------------------------------------------------
INFO: [Synth 8-7052] The timing for the instance compute_controller_bool_bool_unsigned_int_bool_bool_bool_bool_bool_u_9_U/ram_reg_bram_0 (implemented as a Block RAM) might be sub-optimal as no optional output register could be merged into the ram block. Providing additional output register may help in improving timing.
INFO: [Synth 8-7052] The timing for the instance compute_controller_bool_bool_unsigned_int_bool_bool_bool_bool_bool_u_7_U/ram_reg_bram_0 (implemented as a Block RAM) might be sub-optimal as no optional output register could be merged into the ram block. Providing additional output register may help in improving timing.
INFO: [Synth 8-7052] The timing for the instance compute_controller_bool_bool_unsigned_int_bool_bool_bool_bool_bool_u_5_U/ram_reg_bram_0 (implemented as a Block RAM) might be sub-optimal as no optional output register could be merged into the ram block. Providing additional output register may help in improving timing.
INFO: [Synth 8-7052] The timing for the instance compute_controller_bool_bool_unsigned_int_bool_bool_bool_bool_bool_u_3_U/ram_reg_bram_0 (implemented as a Block RAM) might be sub-optimal as no optional output register could be merged into the ram block. Providing additional output register may help in improving timing.
INFO: [Synth 8-7052] The timing for the instance compute_controller_bool_bool_unsigned_int_bool_bool_bool_bool_bool_u_1_U/ram_reg_bram_0 (implemented as a Block RAM) might be sub-optimal as no optional output register could be merged into the ram block. Providing additional output register may help in improving timing.
INFO: [Synth 8-7052] The timing for the instance p_ZZ18compute_controllerbbjRbS_bS_S_RjPKhPhR12ComputeStateS0_RhS6_S6_S6_S_S_S_S_E_5_U/ram_reg_bram_0 (implemented as a Block RAM) might be sub-optimal as no optional output register could be merged into the ram block. Providing additional output register may help in improving timing.
INFO: [Synth 8-7052] The timing for the instance p_ZZ18compute_controllerbbjRbS_bS_S_RjPKhPhR12ComputeStateS0_RhS6_S6_S6_S_S_S_S_E_3_U/ram_reg_bram_0 (implemented as a Block RAM) might be sub-optimal as no optional output register could be merged into the ram block. Providing additional output register may help in improving timing.
INFO: [Synth 8-7052] The timing for the instance p_ZZ18compute_controllerbbjRbS_bS_S_RjPKhPhR12ComputeStateS0_RhS6_S6_S6_S_S_S_S_E_1_U/ram_reg_bram_0 (implemented as a Block RAM) might be sub-optimal as no optional output register could be merged into the ram block. Providing additional output register may help in improving timing.
INFO: [Synth 8-7052] The timing for the instance compute_controller_bool_bool_unsigned_int_bool_bool_bool_bool_bool_u_29_U/ram_reg_bram_0 (implemented as a Block RAM) might be sub-optimal as no optional output register could be merged into the ram block. Providing additional output register may help in improving timing.
INFO: [Synth 8-7052] The timing for the instance compute_controller_bool_bool_unsigned_int_bool_bool_bool_bool_bool_u_27_U/ram_reg_bram_0 (implemented as a Block RAM) might be sub-optimal as no optional output register could be merged into the ram block. Providing additional output register may help in improving timing.
INFO: [Synth 8-7052] The timing for the instance compute_controller_bool_bool_unsigned_int_bool_bool_bool_bool_bool_u_25_U/ram_reg_bram_0 (implemented as a Block RAM) might be sub-optimal as no optional output register could be merged into the ram block. Providing additional output register may help in improving timing.
INFO: [Synth 8-7052] The timing for the instance compute_controller_bool_bool_unsigned_int_bool_bool_bool_bool_bool_u_23_U/ram_reg_bram_0 (implemented as a Block RAM) might be sub-optimal as no optional output register could be merged into the ram block. Providing additional output register may help in improving timing.
INFO: [Synth 8-7052] The timing for the instance compute_controller_bool_bool_unsigned_int_bool_bool_bool_bool_bool_u_21_U/ram_reg_bram_0 (implemented as a Block RAM) might be sub-optimal as no optional output register could be merged into the ram block. Providing additional output register may help in improving timing.
INFO: [Synth 8-7052] The timing for the instance p_ZZ18compute_controllerbbjRbS_bS_S_RjPKhPhR12ComputeStateS0_RhS6_S6_S6_S_S_S_S_E_11_U/ram_reg_bram_0 (implemented as a Block RAM) might be sub-optimal as no optional output register could be merged into the ram block. Providing additional output register may help in improving timing.
INFO: [Synth 8-7052] The timing for the instance p_ZZ18compute_controllerbbjRbS_bS_S_RjPKhPhR12ComputeStateS0_RhS6_S6_S6_S_S_S_S_E_9_U/ram_reg_bram_0 (implemented as a Block RAM) might be sub-optimal as no optional output register could be merged into the ram block. Providing additional output register may help in improving timing.
INFO: [Synth 8-7052] The timing for the instance p_ZZ18compute_controllerbbjRbS_bS_S_RjPKhPhR12ComputeStateS0_RhS6_S6_S6_S_S_S_S_E_7_U/ram_reg_bram_0 (implemented as a Block RAM) might be sub-optimal as no optional output register could be merged into the ram block. Providing additional output register may help in improving timing.
---------------------------------------------------------------------------------
Finished Technology Mapping : Time (s): cpu = 00:00:50 ; elapsed = 00:00:50 . Memory (MB): peak = 3094.828 ; gain = 1515.188 ; free physical = 7087 ; free virtual = 26700
---------------------------------------------------------------------------------
---------------------------------------------------------------------------------
Start IO Insertion
---------------------------------------------------------------------------------
---------------------------------------------------------------------------------
Start Flattening Before IO Insertion
---------------------------------------------------------------------------------
---------------------------------------------------------------------------------
Finished Flattening Before IO Insertion
---------------------------------------------------------------------------------
---------------------------------------------------------------------------------
Start Final Netlist Cleanup
---------------------------------------------------------------------------------
---------------------------------------------------------------------------------
Finished Final Netlist Cleanup
---------------------------------------------------------------------------------
---------------------------------------------------------------------------------
Finished IO Insertion : Time (s): cpu = 00:00:53 ; elapsed = 00:00:53 . Memory (MB): peak = 3094.828 ; gain = 1515.188 ; free physical = 7091 ; free virtual = 26704
---------------------------------------------------------------------------------
---------------------------------------------------------------------------------
Start Renaming Generated Instances
---------------------------------------------------------------------------------
---------------------------------------------------------------------------------
Finished Renaming Generated Instances : Time (s): cpu = 00:00:53 ; elapsed = 00:00:53 . Memory (MB): peak = 3094.828 ; gain = 1515.188 ; free physical = 7091 ; free virtual = 26704
---------------------------------------------------------------------------------
---------------------------------------------------------------------------------
Start Rebuilding User Hierarchy
---------------------------------------------------------------------------------
---------------------------------------------------------------------------------
Finished Rebuilding User Hierarchy : Time (s): cpu = 00:00:54 ; elapsed = 00:00:53 . Memory (MB): peak = 3094.828 ; gain = 1515.188 ; free physical = 7091 ; free virtual = 26704
---------------------------------------------------------------------------------
---------------------------------------------------------------------------------
Start Renaming Generated Ports
---------------------------------------------------------------------------------
---------------------------------------------------------------------------------
Finished Renaming Generated Ports : Time (s): cpu = 00:00:54 ; elapsed = 00:00:53 . Memory (MB): peak = 3094.828 ; gain = 1515.188 ; free physical = 7090 ; free virtual = 26703
---------------------------------------------------------------------------------
---------------------------------------------------------------------------------
Start Handling Custom Attributes
---------------------------------------------------------------------------------
---------------------------------------------------------------------------------
Finished Handling Custom Attributes : Time (s): cpu = 00:00:54 ; elapsed = 00:00:53 . Memory (MB): peak = 3094.828 ; gain = 1515.188 ; free physical = 7090 ; free virtual = 26703
---------------------------------------------------------------------------------
---------------------------------------------------------------------------------
Start Renaming Generated Nets
---------------------------------------------------------------------------------
---------------------------------------------------------------------------------
Finished Renaming Generated Nets : Time (s): cpu = 00:00:54 ; elapsed = 00:00:54 . Memory (MB): peak = 3094.828 ; gain = 1515.188 ; free physical = 7089 ; free virtual = 26703
---------------------------------------------------------------------------------
---------------------------------------------------------------------------------
Start ROM, RAM, DSP, Shift Register and Retiming Reporting
---------------------------------------------------------------------------------

Static Shift Register Report:
+-------------------+-------------------------------------------------------------------------------------------------+--------+-------+--------------+--------------------+-------------------+--------+---------+
|Module Name        | RTL Name                                                                                        | Length | Width | Reset Signal | Pull out first Reg | Pull out last Reg | SRL16E | SRLC32E | 
+-------------------+-------------------------------------------------------------------------------------------------+--------+-------+--------------+--------------------+-------------------+--------+---------+
|compute_controller | grp_compute_controller_Pipeline_VITIS_LOOP_43_2_fu_30618/ap_loop_exit_ready_pp0_iter3_reg_reg   | 3      | 1     | NO           | NO                 | YES               | 1      | 0       | 
|compute_controller | grp_compute_controller_Pipeline_VITIS_LOOP_43_21_fu_30690/ap_loop_exit_ready_pp0_iter3_reg_reg  | 3      | 1     | NO           | NO                 | YES               | 1      | 0       | 
|compute_controller | grp_compute_controller_Pipeline_VITIS_LOOP_43_22_fu_30762/ap_loop_exit_ready_pp0_iter3_reg_reg  | 3      | 1     | NO           | NO                 | YES               | 1      | 0       | 
|compute_controller | grp_compute_controller_Pipeline_VITIS_LOOP_43_23_fu_30834/ap_loop_exit_ready_pp0_iter3_reg_reg  | 3      | 1     | NO           | NO                 | YES               | 1      | 0       | 
|compute_controller | grp_compute_controller_Pipeline_VITIS_LOOP_43_24_fu_30906/ap_loop_exit_ready_pp0_iter3_reg_reg  | 3      | 1     | NO           | NO                 | YES               | 1      | 0       | 
|compute_controller | grp_compute_controller_Pipeline_VITIS_LOOP_43_25_fu_30978/ap_loop_exit_ready_pp0_iter3_reg_reg  | 3      | 1     | NO           | NO                 | YES               | 1      | 0       | 
|compute_controller | grp_compute_controller_Pipeline_VITIS_LOOP_43_26_fu_31050/ap_loop_exit_ready_pp0_iter3_reg_reg  | 3      | 1     | NO           | NO                 | YES               | 1      | 0       | 
|compute_controller | grp_compute_controller_Pipeline_VITIS_LOOP_43_27_fu_31122/ap_loop_exit_ready_pp0_iter3_reg_reg  | 3      | 1     | NO           | NO                 | YES               | 1      | 0       | 
|compute_controller | grp_compute_controller_Pipeline_VITIS_LOOP_43_28_fu_31194/ap_loop_exit_ready_pp0_iter3_reg_reg  | 3      | 1     | NO           | NO                 | YES               | 1      | 0       | 
|compute_controller | grp_compute_controller_Pipeline_VITIS_LOOP_43_29_fu_31266/ap_loop_exit_ready_pp0_iter3_reg_reg  | 3      | 1     | NO           | NO                 | YES               | 1      | 0       | 
|compute_controller | grp_compute_controller_Pipeline_VITIS_LOOP_43_210_fu_31338/ap_loop_exit_ready_pp0_iter3_reg_reg | 3      | 1     | NO           | NO                 | YES               | 1      | 0       | 
|compute_controller | grp_compute_controller_Pipeline_VITIS_LOOP_43_211_fu_31410/ap_loop_exit_ready_pp0_iter3_reg_reg | 3      | 1     | NO           | NO                 | YES               | 1      | 0       | 
|compute_controller | grp_compute_controller_Pipeline_VITIS_LOOP_43_212_fu_31482/ap_loop_exit_ready_pp0_iter3_reg_reg | 3      | 1     | NO           | NO                 | YES               | 1      | 0       | 
|compute_controller | grp_compute_controller_Pipeline_VITIS_LOOP_43_213_fu_31554/ap_loop_exit_ready_pp0_iter3_reg_reg | 3      | 1     | NO           | NO                 | YES               | 1      | 0       | 
|compute_controller | grp_compute_controller_Pipeline_VITIS_LOOP_43_214_fu_31626/ap_loop_exit_ready_pp0_iter3_reg_reg | 3      | 1     | NO           | NO                 | YES               | 1      | 0       | 
|compute_controller | grp_compute_controller_Pipeline_VITIS_LOOP_43_215_fu_31698/ap_loop_exit_ready_pp0_iter3_reg_reg | 3      | 1     | NO           | NO                 | YES               | 1      | 0       | 
+-------------------+-------------------------------------------------------------------------------------------------+--------+-------+--------------+--------------------+-------------------+--------+---------+

---------------------------------------------------------------------------------
Finished ROM, RAM, DSP, Shift Register and Retiming Reporting
---------------------------------------------------------------------------------
---------------------------------------------------------------------------------
Start Writing Synthesis Report
---------------------------------------------------------------------------------

Report BlackBoxes: 
+-+--------------+----------+
| |BlackBox name |Instances |
+-+--------------+----------+
+-+--------------+----------+

Report Cell Usage: 
+------+---------+------+
|      |Cell     |Count |
+------+---------+------+
|1     |BUFG     |     1|
|2     |CARRY8   |  1558|
|3     |LUT1     |    68|
|4     |LUT2     |  4210|
|5     |LUT3     |  2323|
|6     |LUT4     |  1506|
|7     |LUT5     |  1866|
|8     |LUT6     |  3573|
|9     |MUXF7    |    38|
|10    |MUXF8    |    19|
|11    |RAM16X1S |   304|
|12    |RAMB18E2 |    48|
|13    |SRL16E   |    16|
|14    |FDRE     |  5456|
|15    |FDSE     |     4|
|16    |IBUF     |    46|
|17    |OBUF     |   184|
+------+---------+------+

Report Instance Areas: 
+------+-----------------------------------------------------------------------------------------+-------------------------------------------------------------------------------------------------------+------+
|      |Instance                                                                                 |Module                                                                                                 |Cells |
+------+-----------------------------------------------------------------------------------------+-------------------------------------------------------------------------------------------------------+------+
|1     |top                                                                                      |                                                                                                       | 21220|
|2     |  compute_controller_bool_bool_unsigned_int_bool_bool_bool_bool_bool_u_18_U              |compute_controller_compute_controller_bool_bool_unsigned_int_bool_bool_bool_bool_bool_u_19_RAM_AXh4_7  |    38|
|3     |  compute_controller_bool_bool_unsigned_int_bool_bool_bool_bool_bool_u_17_U              |compute_controller_compute_controller_bool_bool_unsigned_int_bool_bool_bool_bool_bool_u_19_RAM_AXh4_6  |    38|
|4     |  compute_controller_bool_bool_unsigned_int_bool_bool_bool_bool_bool_u_16_U              |compute_controller_compute_controller_bool_bool_unsigned_int_bool_bool_bool_bool_bool_u_19_RAM_AXh4_5  |    38|
|5     |  compute_controller_bool_bool_unsigned_int_bool_bool_bool_bool_bool_u_15_U              |compute_controller_compute_controller_bool_bool_unsigned_int_bool_bool_bool_bool_bool_u_19_RAM_AXh4_4  |    38|
|6     |  compute_controller_bool_bool_unsigned_int_bool_bool_bool_bool_bool_u_14_U              |compute_controller_compute_controller_bool_bool_unsigned_int_bool_bool_bool_bool_bool_u_19_RAM_AXh4_3  |    38|
|7     |  compute_controller_bool_bool_unsigned_int_bool_bool_bool_bool_bool_u_13_U              |compute_controller_compute_controller_bool_bool_unsigned_int_bool_bool_bool_bool_bool_u_19_RAM_AXh4_2  |    38|
|8     |  compute_controller_bool_bool_unsigned_int_bool_bool_bool_bool_bool_u_11_U              |compute_controller_compute_controller_bool_bool_unsigned_int_bool_bool_bool_bool_bool_u_19_RAM_AXh4_0  |    38|
|9     |  compute_controller_bool_bool_unsigned_int_bool_bool_bool_bool_bool_u_10_U              |compute_controller_compute_controller_bool_bool_unsigned_int_bool_bool_bool_bool_bool_u_19_RAM_AXh4    |    38|
|10    |  compute_controller_bool_bool_unsigned_int_bool_bool_bool_bool_bool_u_12_U              |compute_controller_compute_controller_bool_bool_unsigned_int_bool_bool_bool_bool_bool_u_19_RAM_AXh4_1  |    38|
|11    |  compute_controller_bool_bool_unsigned_int_bool_bool_bool_bool_bool_u_19_U              |compute_controller_compute_controller_bool_bool_unsigned_int_bool_bool_bool_bool_bool_u_19_RAM_AXh4_8  |    38|
|12    |  compute_controller_bool_bool_unsigned_int_bool_bool_bool_bool_bool_u_1_U               |compute_controller_compute_controller_bool_bool_unsigned_int_bool_bool_bool_bool_bool_u_9_RAM_AUbkb    |   117|
|13    |  compute_controller_bool_bool_unsigned_int_bool_bool_bool_bool_bool_u_20_U              |compute_controller_compute_controller_bool_bool_unsigned_int_bool_bool_bool_bool_bool_u_29_RAM_ArcU    |   200|
|14    |  compute_controller_bool_bool_unsigned_int_bool_bool_bool_bool_bool_u_21_U              |compute_controller_compute_controller_bool_bool_unsigned_int_bool_bool_bool_bool_bool_u_29_RAM_ArcU_9  |   265|
|15    |  compute_controller_bool_bool_unsigned_int_bool_bool_bool_bool_bool_u_22_U              |compute_controller_compute_controller_bool_bool_unsigned_int_bool_bool_bool_bool_bool_u_29_RAM_ArcU_10 |   200|
|16    |  compute_controller_bool_bool_unsigned_int_bool_bool_bool_bool_bool_u_23_U              |compute_controller_compute_controller_bool_bool_unsigned_int_bool_bool_bool_bool_bool_u_29_RAM_ArcU_11 |   265|
|17    |  compute_controller_bool_bool_unsigned_int_bool_bool_bool_bool_bool_u_24_U              |compute_controller_compute_controller_bool_bool_unsigned_int_bool_bool_bool_bool_bool_u_29_RAM_ArcU_12 |   200|
|18    |  compute_controller_bool_bool_unsigned_int_bool_bool_bool_bool_bool_u_25_U              |compute_controller_compute_controller_bool_bool_unsigned_int_bool_bool_bool_bool_bool_u_29_RAM_ArcU_13 |   265|
|19    |  compute_controller_bool_bool_unsigned_int_bool_bool_bool_bool_bool_u_26_U              |compute_controller_compute_controller_bool_bool_unsigned_int_bool_bool_bool_bool_bool_u_29_RAM_ArcU_14 |   200|
|20    |  compute_controller_bool_bool_unsigned_int_bool_bool_bool_bool_bool_u_27_U              |compute_controller_compute_controller_bool_bool_unsigned_int_bool_bool_bool_bool_bool_u_29_RAM_ArcU_15 |   265|
|21    |  compute_controller_bool_bool_unsigned_int_bool_bool_bool_bool_bool_u_28_U              |compute_controller_compute_controller_bool_bool_unsigned_int_bool_bool_bool_bool_bool_u_29_RAM_ArcU_16 |   200|
|22    |  compute_controller_bool_bool_unsigned_int_bool_bool_bool_bool_bool_u_29_U              |compute_controller_compute_controller_bool_bool_unsigned_int_bool_bool_bool_bool_bool_u_29_RAM_ArcU_17 |   265|
|23    |  compute_controller_bool_bool_unsigned_int_bool_bool_bool_bool_bool_u_2_U               |compute_controller_compute_controller_bool_bool_unsigned_int_bool_bool_bool_bool_bool_u_9_RAM_AUbkb_18 |   153|
|24    |  compute_controller_bool_bool_unsigned_int_bool_bool_bool_bool_bool_u_30_U              |compute_controller_compute_controller_bool_bool_unsigned_int_bool_bool_bool_bool_bool_u_39_RAM_AHfu    |     1|
|25    |  compute_controller_bool_bool_unsigned_int_bool_bool_bool_bool_bool_u_31_U              |compute_controller_compute_controller_bool_bool_unsigned_int_bool_bool_bool_bool_bool_u_39_RAM_AHfu_19 |     1|
|26    |  compute_controller_bool_bool_unsigned_int_bool_bool_bool_bool_bool_u_32_U              |compute_controller_compute_controller_bool_bool_unsigned_int_bool_bool_bool_bool_bool_u_39_RAM_AHfu_20 |     1|
|27    |  compute_controller_bool_bool_unsigned_int_bool_bool_bool_bool_bool_u_33_U              |compute_controller_compute_controller_bool_bool_unsigned_int_bool_bool_bool_bool_bool_u_39_RAM_AHfu_21 |     1|
|28    |  compute_controller_bool_bool_unsigned_int_bool_bool_bool_bool_bool_u_34_U              |compute_controller_compute_controller_bool_bool_unsigned_int_bool_bool_bool_bool_bool_u_39_RAM_AHfu_22 |     1|
|29    |  compute_controller_bool_bool_unsigned_int_bool_bool_bool_bool_bool_u_35_U              |compute_controller_compute_controller_bool_bool_unsigned_int_bool_bool_bool_bool_bool_u_39_RAM_AHfu_23 |     1|
|30    |  compute_controller_bool_bool_unsigned_int_bool_bool_bool_bool_bool_u_36_U              |compute_controller_compute_controller_bool_bool_unsigned_int_bool_bool_bool_bool_bool_u_39_RAM_AHfu_24 |     1|
|31    |  compute_controller_bool_bool_unsigned_int_bool_bool_bool_bool_bool_u_37_U              |compute_controller_compute_controller_bool_bool_unsigned_int_bool_bool_bool_bool_bool_u_39_RAM_AHfu_25 |     1|
|32    |  compute_controller_bool_bool_unsigned_int_bool_bool_bool_bool_bool_u_38_U              |compute_controller_compute_controller_bool_bool_unsigned_int_bool_bool_bool_bool_bool_u_39_RAM_AHfu_26 |     1|
|33    |  compute_controller_bool_bool_unsigned_int_bool_bool_bool_bool_bool_u_39_U              |compute_controller_compute_controller_bool_bool_unsigned_int_bool_bool_bool_bool_bool_u_39_RAM_AHfu_27 |     2|
|34    |  compute_controller_bool_bool_unsigned_int_bool_bool_bool_bool_bool_u_3_U               |compute_controller_compute_controller_bool_bool_unsigned_int_bool_bool_bool_bool_bool_u_9_RAM_AUbkb_28 |   117|
|35    |  compute_controller_bool_bool_unsigned_int_bool_bool_bool_bool_bool_u_4_U               |compute_controller_compute_controller_bool_bool_unsigned_int_bool_bool_bool_bool_bool_u_9_RAM_AUbkb_29 |   153|
|36    |  compute_controller_bool_bool_unsigned_int_bool_bool_bool_bool_bool_u_5_U               |compute_controller_compute_controller_bool_bool_unsigned_int_bool_bool_bool_bool_bool_u_9_RAM_AUbkb_30 |   117|
|37    |  compute_controller_bool_bool_unsigned_int_bool_bool_bool_bool_bool_u_6_U               |compute_controller_compute_controller_bool_bool_unsigned_int_bool_bool_bool_bool_bool_u_9_RAM_AUbkb_31 |   153|
|38    |  compute_controller_bool_bool_unsigned_int_bool_bool_bool_bool_bool_u_7_U               |compute_controller_compute_controller_bool_bool_unsigned_int_bool_bool_bool_bool_bool_u_9_RAM_AUbkb_32 |   117|
|39    |  compute_controller_bool_bool_unsigned_int_bool_bool_bool_bool_bool_u_8_U               |compute_controller_compute_controller_bool_bool_unsigned_int_bool_bool_bool_bool_bool_u_9_RAM_AUbkb_33 |   153|
|40    |  compute_controller_bool_bool_unsigned_int_bool_bool_bool_bool_bool_u_9_U               |compute_controller_compute_controller_bool_bool_unsigned_int_bool_bool_bool_bool_bool_u_9_RAM_AUbkb_34 |   117|
|41    |  compute_controller_bool_bool_unsigned_int_bool_bool_bool_bool_bool_u_U                 |compute_controller_compute_controller_bool_bool_unsigned_int_bool_bool_bool_bool_bool_u_9_RAM_AUbkb_35 |   153|
|42    |  grp_compute_controller_Pipeline_VITIS_LOOP_367_4_fu_30466                              |compute_controller_compute_controller_Pipeline_VITIS_LOOP_367_4                                        |    79|
|43    |    flow_control_loop_pipe_sequential_init_U                                             |compute_controller_flow_control_loop_pipe_sequential_init_459                                          |    31|
|44    |  grp_compute_controller_Pipeline_VITIS_LOOP_376_6_VITIS_LOOP_377_7_fu_30504             |compute_controller_compute_controller_Pipeline_VITIS_LOOP_376_6_VITIS_LOOP_377_7                       |   189|
|45    |    flow_control_loop_pipe_sequential_init_U                                             |compute_controller_flow_control_loop_pipe_sequential_init_458                                          |    67|
|46    |  grp_compute_controller_Pipeline_VITIS_LOOP_389_8_fu_30542                              |compute_controller_compute_controller_Pipeline_VITIS_LOOP_389_8                                        |    87|
|47    |    flow_control_loop_pipe_sequential_init_U                                             |compute_controller_flow_control_loop_pipe_sequential_init_457                                          |    25|
|48    |  grp_compute_controller_Pipeline_VITIS_LOOP_405_10_fu_30580                             |compute_controller_compute_controller_Pipeline_VITIS_LOOP_405_10                                       |   246|
|49    |    flow_control_loop_pipe_sequential_init_U                                             |compute_controller_flow_control_loop_pipe_sequential_init_456                                          |    43|
|50    |  grp_compute_controller_Pipeline_VITIS_LOOP_43_210_fu_31338                             |compute_controller_compute_controller_Pipeline_VITIS_LOOP_43_210                                       |   764|
|51    |    flow_control_loop_pipe_sequential_init_U                                             |compute_controller_flow_control_loop_pipe_sequential_init_431                                          |    54|
|52    |    mac_muladd_8s_4s_12s_13_4_1_U591                                                     |compute_controller_mac_muladd_8s_4s_12s_13_4_1_432                                                     |   122|
|53    |      compute_controller_mac_muladd_8s_4s_12s_13_4_1_DSP48_0_U                           |compute_controller_mac_muladd_8s_4s_12s_13_4_1_DSP48_0_455                                             |   122|
|54    |    mac_muladd_8s_4s_12s_13_4_1_U592                                                     |compute_controller_mac_muladd_8s_4s_12s_13_4_1_433                                                     |    54|
|55    |      compute_controller_mac_muladd_8s_4s_12s_13_4_1_DSP48_0_U                           |compute_controller_mac_muladd_8s_4s_12s_13_4_1_DSP48_0_454                                             |    54|
|56    |    mac_muladd_8s_4s_12s_13_4_1_U593                                                     |compute_controller_mac_muladd_8s_4s_12s_13_4_1_434                                                     |    70|
|57    |      compute_controller_mac_muladd_8s_4s_12s_13_4_1_DSP48_0_U                           |compute_controller_mac_muladd_8s_4s_12s_13_4_1_DSP48_0_453                                             |    70|
|58    |    mac_muladd_8s_4s_12s_13_4_1_U594                                                     |compute_controller_mac_muladd_8s_4s_12s_13_4_1_435                                                     |    54|
|59    |      compute_controller_mac_muladd_8s_4s_12s_13_4_1_DSP48_0_U                           |compute_controller_mac_muladd_8s_4s_12s_13_4_1_DSP48_0_452                                             |    54|
|60    |    mac_muladd_8s_4s_12s_13_4_1_U595                                                     |compute_controller_mac_muladd_8s_4s_12s_13_4_1_436                                                     |    86|
|61    |      compute_controller_mac_muladd_8s_4s_12s_13_4_1_DSP48_0_U                           |compute_controller_mac_muladd_8s_4s_12s_13_4_1_DSP48_0_451                                             |    86|
|62    |    mac_muladd_8s_4s_12s_13_4_1_U596                                                     |compute_controller_mac_muladd_8s_4s_12s_13_4_1_437                                                     |    54|
|63    |      compute_controller_mac_muladd_8s_4s_12s_13_4_1_DSP48_0_U                           |compute_controller_mac_muladd_8s_4s_12s_13_4_1_DSP48_0_450                                             |    54|
|64    |    mac_muladd_8s_4s_12s_13_4_1_U597                                                     |compute_controller_mac_muladd_8s_4s_12s_13_4_1_438                                                     |    70|
|65    |      compute_controller_mac_muladd_8s_4s_12s_13_4_1_DSP48_0_U                           |compute_controller_mac_muladd_8s_4s_12s_13_4_1_DSP48_0_449                                             |    70|
|66    |    mac_muladd_8s_4s_12s_13_4_1_U598                                                     |compute_controller_mac_muladd_8s_4s_12s_13_4_1_439                                                     |    54|
|67    |      compute_controller_mac_muladd_8s_4s_12s_13_4_1_DSP48_0_U                           |compute_controller_mac_muladd_8s_4s_12s_13_4_1_DSP48_0_448                                             |    54|
|68    |    mul_8s_4s_12_1_1_U583                                                                |compute_controller_mul_8s_4s_12_1_1_440                                                                |    11|
|69    |    mul_8s_4s_12_1_1_U584                                                                |compute_controller_mul_8s_4s_12_1_1_441                                                                |    11|
|70    |    mul_8s_4s_12_1_1_U585                                                                |compute_controller_mul_8s_4s_12_1_1_442                                                                |    11|
|71    |    mul_8s_4s_12_1_1_U586                                                                |compute_controller_mul_8s_4s_12_1_1_443                                                                |    11|
|72    |    mul_8s_4s_12_1_1_U587                                                                |compute_controller_mul_8s_4s_12_1_1_444                                                                |    11|
|73    |    mul_8s_4s_12_1_1_U588                                                                |compute_controller_mul_8s_4s_12_1_1_445                                                                |    11|
|74    |    mul_8s_4s_12_1_1_U589                                                                |compute_controller_mul_8s_4s_12_1_1_446                                                                |    11|
|75    |    mul_8s_4s_12_1_1_U590                                                                |compute_controller_mul_8s_4s_12_1_1_447                                                                |    11|
|76    |  grp_compute_controller_Pipeline_VITIS_LOOP_43_211_fu_31410                             |compute_controller_compute_controller_Pipeline_VITIS_LOOP_43_211                                       |   754|
|77    |    flow_control_loop_pipe_sequential_init_U                                             |compute_controller_flow_control_loop_pipe_sequential_init_406                                          |    25|
|78    |    mac_muladd_8s_4s_12s_13_4_1_U642                                                     |compute_controller_mac_muladd_8s_4s_12s_13_4_1_407                                                     |   143|
|79    |      compute_controller_mac_muladd_8s_4s_12s_13_4_1_DSP48_0_U                           |compute_controller_mac_muladd_8s_4s_12s_13_4_1_DSP48_0_430                                             |   143|
|80    |    mac_muladd_8s_4s_12s_13_4_1_U643                                                     |compute_controller_mac_muladd_8s_4s_12s_13_4_1_408                                                     |    54|
|81    |      compute_controller_mac_muladd_8s_4s_12s_13_4_1_DSP48_0_U                           |compute_controller_mac_muladd_8s_4s_12s_13_4_1_DSP48_0_429                                             |    54|
|82    |    mac_muladd_8s_4s_12s_13_4_1_U644                                                     |compute_controller_mac_muladd_8s_4s_12s_13_4_1_409                                                     |    70|
|83    |      compute_controller_mac_muladd_8s_4s_12s_13_4_1_DSP48_0_U                           |compute_controller_mac_muladd_8s_4s_12s_13_4_1_DSP48_0_428                                             |    70|
|84    |    mac_muladd_8s_4s_12s_13_4_1_U645                                                     |compute_controller_mac_muladd_8s_4s_12s_13_4_1_410                                                     |    54|
|85    |      compute_controller_mac_muladd_8s_4s_12s_13_4_1_DSP48_0_U                           |compute_controller_mac_muladd_8s_4s_12s_13_4_1_DSP48_0_427                                             |    54|
|86    |    mac_muladd_8s_4s_12s_13_4_1_U646                                                     |compute_controller_mac_muladd_8s_4s_12s_13_4_1_411                                                     |    86|
|87    |      compute_controller_mac_muladd_8s_4s_12s_13_4_1_DSP48_0_U                           |compute_controller_mac_muladd_8s_4s_12s_13_4_1_DSP48_0_426                                             |    86|
|88    |    mac_muladd_8s_4s_12s_13_4_1_U647                                                     |compute_controller_mac_muladd_8s_4s_12s_13_4_1_412                                                     |    54|
|89    |      compute_controller_mac_muladd_8s_4s_12s_13_4_1_DSP48_0_U                           |compute_controller_mac_muladd_8s_4s_12s_13_4_1_DSP48_0_425                                             |    54|
|90    |    mac_muladd_8s_4s_12s_13_4_1_U648                                                     |compute_controller_mac_muladd_8s_4s_12s_13_4_1_413                                                     |    70|
|91    |      compute_controller_mac_muladd_8s_4s_12s_13_4_1_DSP48_0_U                           |compute_controller_mac_muladd_8s_4s_12s_13_4_1_DSP48_0_424                                             |    70|
|92    |    mac_muladd_8s_4s_12s_13_4_1_U649                                                     |compute_controller_mac_muladd_8s_4s_12s_13_4_1_414                                                     |    54|
|93    |      compute_controller_mac_muladd_8s_4s_12s_13_4_1_DSP48_0_U                           |compute_controller_mac_muladd_8s_4s_12s_13_4_1_DSP48_0_423                                             |    54|
|94    |    mul_8s_4s_12_1_1_U634                                                                |compute_controller_mul_8s_4s_12_1_1_415                                                                |    11|
|95    |    mul_8s_4s_12_1_1_U635                                                                |compute_controller_mul_8s_4s_12_1_1_416                                                                |    11|
|96    |    mul_8s_4s_12_1_1_U636                                                                |compute_controller_mul_8s_4s_12_1_1_417                                                                |    11|
|97    |    mul_8s_4s_12_1_1_U637                                                                |compute_controller_mul_8s_4s_12_1_1_418                                                                |    11|
|98    |    mul_8s_4s_12_1_1_U638                                                                |compute_controller_mul_8s_4s_12_1_1_419                                                                |    11|
|99    |    mul_8s_4s_12_1_1_U639                                                                |compute_controller_mul_8s_4s_12_1_1_420                                                                |    11|
|100   |    mul_8s_4s_12_1_1_U640                                                                |compute_controller_mul_8s_4s_12_1_1_421                                                                |    11|
|101   |    mul_8s_4s_12_1_1_U641                                                                |compute_controller_mul_8s_4s_12_1_1_422                                                                |    11|
|102   |  grp_compute_controller_Pipeline_VITIS_LOOP_43_212_fu_31482                             |compute_controller_compute_controller_Pipeline_VITIS_LOOP_43_212                                       |   744|
|103   |    flow_control_loop_pipe_sequential_init_U                                             |compute_controller_flow_control_loop_pipe_sequential_init_381                                          |    23|
|104   |    mac_muladd_8s_4s_12s_13_4_1_U693                                                     |compute_controller_mac_muladd_8s_4s_12s_13_4_1_382                                                     |   143|
|105   |      compute_controller_mac_muladd_8s_4s_12s_13_4_1_DSP48_0_U                           |compute_controller_mac_muladd_8s_4s_12s_13_4_1_DSP48_0_405                                             |   143|
|106   |    mac_muladd_8s_4s_12s_13_4_1_U694                                                     |compute_controller_mac_muladd_8s_4s_12s_13_4_1_383                                                     |    54|
|107   |      compute_controller_mac_muladd_8s_4s_12s_13_4_1_DSP48_0_U                           |compute_controller_mac_muladd_8s_4s_12s_13_4_1_DSP48_0_404                                             |    54|
|108   |    mac_muladd_8s_4s_12s_13_4_1_U695                                                     |compute_controller_mac_muladd_8s_4s_12s_13_4_1_384                                                     |    70|
|109   |      compute_controller_mac_muladd_8s_4s_12s_13_4_1_DSP48_0_U                           |compute_controller_mac_muladd_8s_4s_12s_13_4_1_DSP48_0_403                                             |    70|
|110   |    mac_muladd_8s_4s_12s_13_4_1_U696                                                     |compute_controller_mac_muladd_8s_4s_12s_13_4_1_385                                                     |    54|
|111   |      compute_controller_mac_muladd_8s_4s_12s_13_4_1_DSP48_0_U                           |compute_controller_mac_muladd_8s_4s_12s_13_4_1_DSP48_0_402                                             |    54|
|112   |    mac_muladd_8s_4s_12s_13_4_1_U697                                                     |compute_controller_mac_muladd_8s_4s_12s_13_4_1_386                                                     |    86|
|113   |      compute_controller_mac_muladd_8s_4s_12s_13_4_1_DSP48_0_U                           |compute_controller_mac_muladd_8s_4s_12s_13_4_1_DSP48_0_401                                             |    86|
|114   |    mac_muladd_8s_4s_12s_13_4_1_U698                                                     |compute_controller_mac_muladd_8s_4s_12s_13_4_1_387                                                     |    54|
|115   |      compute_controller_mac_muladd_8s_4s_12s_13_4_1_DSP48_0_U                           |compute_controller_mac_muladd_8s_4s_12s_13_4_1_DSP48_0_400                                             |    54|
|116   |    mac_muladd_8s_4s_12s_13_4_1_U699                                                     |compute_controller_mac_muladd_8s_4s_12s_13_4_1_388                                                     |    70|
|117   |      compute_controller_mac_muladd_8s_4s_12s_13_4_1_DSP48_0_U                           |compute_controller_mac_muladd_8s_4s_12s_13_4_1_DSP48_0_399                                             |    70|
|118   |    mac_muladd_8s_4s_12s_13_4_1_U700                                                     |compute_controller_mac_muladd_8s_4s_12s_13_4_1_389                                                     |    54|
|119   |      compute_controller_mac_muladd_8s_4s_12s_13_4_1_DSP48_0_U                           |compute_controller_mac_muladd_8s_4s_12s_13_4_1_DSP48_0_398                                             |    54|
|120   |    mul_8s_4s_12_1_1_U685                                                                |compute_controller_mul_8s_4s_12_1_1_390                                                                |    11|
|121   |    mul_8s_4s_12_1_1_U686                                                                |compute_controller_mul_8s_4s_12_1_1_391                                                                |    11|
|122   |    mul_8s_4s_12_1_1_U687                                                                |compute_controller_mul_8s_4s_12_1_1_392                                                                |    11|
|123   |    mul_8s_4s_12_1_1_U688                                                                |compute_controller_mul_8s_4s_12_1_1_393                                                                |    11|
|124   |    mul_8s_4s_12_1_1_U689                                                                |compute_controller_mul_8s_4s_12_1_1_394                                                                |    11|
|125   |    mul_8s_4s_12_1_1_U690                                                                |compute_controller_mul_8s_4s_12_1_1_395                                                                |    11|
|126   |    mul_8s_4s_12_1_1_U691                                                                |compute_controller_mul_8s_4s_12_1_1_396                                                                |    11|
|127   |    mul_8s_4s_12_1_1_U692                                                                |compute_controller_mul_8s_4s_12_1_1_397                                                                |    11|
|128   |  grp_compute_controller_Pipeline_VITIS_LOOP_43_213_fu_31554                             |compute_controller_compute_controller_Pipeline_VITIS_LOOP_43_213                                       |   757|
|129   |    flow_control_loop_pipe_sequential_init_U                                             |compute_controller_flow_control_loop_pipe_sequential_init_356                                          |    27|
|130   |    mac_muladd_8s_4s_12s_13_4_1_U744                                                     |compute_controller_mac_muladd_8s_4s_12s_13_4_1_357                                                     |   143|
|131   |      compute_controller_mac_muladd_8s_4s_12s_13_4_1_DSP48_0_U                           |compute_controller_mac_muladd_8s_4s_12s_13_4_1_DSP48_0_380                                             |   143|
|132   |    mac_muladd_8s_4s_12s_13_4_1_U745                                                     |compute_controller_mac_muladd_8s_4s_12s_13_4_1_358                                                     |    54|
|133   |      compute_controller_mac_muladd_8s_4s_12s_13_4_1_DSP48_0_U                           |compute_controller_mac_muladd_8s_4s_12s_13_4_1_DSP48_0_379                                             |    54|
|134   |    mac_muladd_8s_4s_12s_13_4_1_U746                                                     |compute_controller_mac_muladd_8s_4s_12s_13_4_1_359                                                     |    70|
|135   |      compute_controller_mac_muladd_8s_4s_12s_13_4_1_DSP48_0_U                           |compute_controller_mac_muladd_8s_4s_12s_13_4_1_DSP48_0_378                                             |    70|
|136   |    mac_muladd_8s_4s_12s_13_4_1_U747                                                     |compute_controller_mac_muladd_8s_4s_12s_13_4_1_360                                                     |    54|
|137   |      compute_controller_mac_muladd_8s_4s_12s_13_4_1_DSP48_0_U                           |compute_controller_mac_muladd_8s_4s_12s_13_4_1_DSP48_0_377                                             |    54|
|138   |    mac_muladd_8s_4s_12s_13_4_1_U748                                                     |compute_controller_mac_muladd_8s_4s_12s_13_4_1_361                                                     |    86|
|139   |      compute_controller_mac_muladd_8s_4s_12s_13_4_1_DSP48_0_U                           |compute_controller_mac_muladd_8s_4s_12s_13_4_1_DSP48_0_376                                             |    86|
|140   |    mac_muladd_8s_4s_12s_13_4_1_U749                                                     |compute_controller_mac_muladd_8s_4s_12s_13_4_1_362                                                     |    54|
|141   |      compute_controller_mac_muladd_8s_4s_12s_13_4_1_DSP48_0_U                           |compute_controller_mac_muladd_8s_4s_12s_13_4_1_DSP48_0_375                                             |    54|
|142   |    mac_muladd_8s_4s_12s_13_4_1_U750                                                     |compute_controller_mac_muladd_8s_4s_12s_13_4_1_363                                                     |    70|
|143   |      compute_controller_mac_muladd_8s_4s_12s_13_4_1_DSP48_0_U                           |compute_controller_mac_muladd_8s_4s_12s_13_4_1_DSP48_0_374                                             |    70|
|144   |    mac_muladd_8s_4s_12s_13_4_1_U751                                                     |compute_controller_mac_muladd_8s_4s_12s_13_4_1_364                                                     |    54|
|145   |      compute_controller_mac_muladd_8s_4s_12s_13_4_1_DSP48_0_U                           |compute_controller_mac_muladd_8s_4s_12s_13_4_1_DSP48_0_373                                             |    54|
|146   |    mul_8s_4s_12_1_1_U736                                                                |compute_controller_mul_8s_4s_12_1_1_365                                                                |    11|
|147   |    mul_8s_4s_12_1_1_U737                                                                |compute_controller_mul_8s_4s_12_1_1_366                                                                |    11|
|148   |    mul_8s_4s_12_1_1_U738                                                                |compute_controller_mul_8s_4s_12_1_1_367                                                                |    11|
|149   |    mul_8s_4s_12_1_1_U739                                                                |compute_controller_mul_8s_4s_12_1_1_368                                                                |    11|
|150   |    mul_8s_4s_12_1_1_U740                                                                |compute_controller_mul_8s_4s_12_1_1_369                                                                |    11|
|151   |    mul_8s_4s_12_1_1_U741                                                                |compute_controller_mul_8s_4s_12_1_1_370                                                                |    11|
|152   |    mul_8s_4s_12_1_1_U742                                                                |compute_controller_mul_8s_4s_12_1_1_371                                                                |    11|
|153   |    mul_8s_4s_12_1_1_U743                                                                |compute_controller_mul_8s_4s_12_1_1_372                                                                |    11|
|154   |  grp_compute_controller_Pipeline_VITIS_LOOP_43_214_fu_31626                             |compute_controller_compute_controller_Pipeline_VITIS_LOOP_43_214                                       |   746|
|155   |    flow_control_loop_pipe_sequential_init_U                                             |compute_controller_flow_control_loop_pipe_sequential_init_331                                          |    23|
|156   |    mac_muladd_8s_4s_12s_13_4_1_U795                                                     |compute_controller_mac_muladd_8s_4s_12s_13_4_1_332                                                     |   143|
|157   |      compute_controller_mac_muladd_8s_4s_12s_13_4_1_DSP48_0_U                           |compute_controller_mac_muladd_8s_4s_12s_13_4_1_DSP48_0_355                                             |   143|
|158   |    mac_muladd_8s_4s_12s_13_4_1_U796                                                     |compute_controller_mac_muladd_8s_4s_12s_13_4_1_333                                                     |    54|
|159   |      compute_controller_mac_muladd_8s_4s_12s_13_4_1_DSP48_0_U                           |compute_controller_mac_muladd_8s_4s_12s_13_4_1_DSP48_0_354                                             |    54|
|160   |    mac_muladd_8s_4s_12s_13_4_1_U797                                                     |compute_controller_mac_muladd_8s_4s_12s_13_4_1_334                                                     |    70|
|161   |      compute_controller_mac_muladd_8s_4s_12s_13_4_1_DSP48_0_U                           |compute_controller_mac_muladd_8s_4s_12s_13_4_1_DSP48_0_353                                             |    70|
|162   |    mac_muladd_8s_4s_12s_13_4_1_U798                                                     |compute_controller_mac_muladd_8s_4s_12s_13_4_1_335                                                     |    54|
|163   |      compute_controller_mac_muladd_8s_4s_12s_13_4_1_DSP48_0_U                           |compute_controller_mac_muladd_8s_4s_12s_13_4_1_DSP48_0_352                                             |    54|
|164   |    mac_muladd_8s_4s_12s_13_4_1_U799                                                     |compute_controller_mac_muladd_8s_4s_12s_13_4_1_336                                                     |    86|
|165   |      compute_controller_mac_muladd_8s_4s_12s_13_4_1_DSP48_0_U                           |compute_controller_mac_muladd_8s_4s_12s_13_4_1_DSP48_0_351                                             |    86|
|166   |    mac_muladd_8s_4s_12s_13_4_1_U800                                                     |compute_controller_mac_muladd_8s_4s_12s_13_4_1_337                                                     |    54|
|167   |      compute_controller_mac_muladd_8s_4s_12s_13_4_1_DSP48_0_U                           |compute_controller_mac_muladd_8s_4s_12s_13_4_1_DSP48_0_350                                             |    54|
|168   |    mac_muladd_8s_4s_12s_13_4_1_U801                                                     |compute_controller_mac_muladd_8s_4s_12s_13_4_1_338                                                     |    70|
|169   |      compute_controller_mac_muladd_8s_4s_12s_13_4_1_DSP48_0_U                           |compute_controller_mac_muladd_8s_4s_12s_13_4_1_DSP48_0_349                                             |    70|
|170   |    mac_muladd_8s_4s_12s_13_4_1_U802                                                     |compute_controller_mac_muladd_8s_4s_12s_13_4_1_339                                                     |    54|
|171   |      compute_controller_mac_muladd_8s_4s_12s_13_4_1_DSP48_0_U                           |compute_controller_mac_muladd_8s_4s_12s_13_4_1_DSP48_0_348                                             |    54|
|172   |    mul_8s_4s_12_1_1_U787                                                                |compute_controller_mul_8s_4s_12_1_1_340                                                                |    11|
|173   |    mul_8s_4s_12_1_1_U788                                                                |compute_controller_mul_8s_4s_12_1_1_341                                                                |    11|
|174   |    mul_8s_4s_12_1_1_U789                                                                |compute_controller_mul_8s_4s_12_1_1_342                                                                |    11|
|175   |    mul_8s_4s_12_1_1_U790                                                                |compute_controller_mul_8s_4s_12_1_1_343                                                                |    11|
|176   |    mul_8s_4s_12_1_1_U791                                                                |compute_controller_mul_8s_4s_12_1_1_344                                                                |    11|
|177   |    mul_8s_4s_12_1_1_U792                                                                |compute_controller_mul_8s_4s_12_1_1_345                                                                |    11|
|178   |    mul_8s_4s_12_1_1_U793                                                                |compute_controller_mul_8s_4s_12_1_1_346                                                                |    11|
|179   |    mul_8s_4s_12_1_1_U794                                                                |compute_controller_mul_8s_4s_12_1_1_347                                                                |    11|
|180   |  grp_compute_controller_Pipeline_VITIS_LOOP_43_215_fu_31698                             |compute_controller_compute_controller_Pipeline_VITIS_LOOP_43_215                                       |   771|
|181   |    flow_control_loop_pipe_sequential_init_U                                             |compute_controller_flow_control_loop_pipe_sequential_init_306                                          |    57|
|182   |    mac_muladd_8s_4s_12s_13_4_1_U846                                                     |compute_controller_mac_muladd_8s_4s_12s_13_4_1_307                                                     |   122|
|183   |      compute_controller_mac_muladd_8s_4s_12s_13_4_1_DSP48_0_U                           |compute_controller_mac_muladd_8s_4s_12s_13_4_1_DSP48_0_330                                             |   122|
|184   |    mac_muladd_8s_4s_12s_13_4_1_U847                                                     |compute_controller_mac_muladd_8s_4s_12s_13_4_1_308                                                     |    54|
|185   |      compute_controller_mac_muladd_8s_4s_12s_13_4_1_DSP48_0_U                           |compute_controller_mac_muladd_8s_4s_12s_13_4_1_DSP48_0_329                                             |    54|
|186   |    mac_muladd_8s_4s_12s_13_4_1_U848                                                     |compute_controller_mac_muladd_8s_4s_12s_13_4_1_309                                                     |    70|
|187   |      compute_controller_mac_muladd_8s_4s_12s_13_4_1_DSP48_0_U                           |compute_controller_mac_muladd_8s_4s_12s_13_4_1_DSP48_0_328                                             |    70|
|188   |    mac_muladd_8s_4s_12s_13_4_1_U849                                                     |compute_controller_mac_muladd_8s_4s_12s_13_4_1_310                                                     |    54|
|189   |      compute_controller_mac_muladd_8s_4s_12s_13_4_1_DSP48_0_U                           |compute_controller_mac_muladd_8s_4s_12s_13_4_1_DSP48_0_327                                             |    54|
|190   |    mac_muladd_8s_4s_12s_13_4_1_U850                                                     |compute_controller_mac_muladd_8s_4s_12s_13_4_1_311                                                     |    86|
|191   |      compute_controller_mac_muladd_8s_4s_12s_13_4_1_DSP48_0_U                           |compute_controller_mac_muladd_8s_4s_12s_13_4_1_DSP48_0_326                                             |    86|
|192   |    mac_muladd_8s_4s_12s_13_4_1_U851                                                     |compute_controller_mac_muladd_8s_4s_12s_13_4_1_312                                                     |    54|
|193   |      compute_controller_mac_muladd_8s_4s_12s_13_4_1_DSP48_0_U                           |compute_controller_mac_muladd_8s_4s_12s_13_4_1_DSP48_0_325                                             |    54|
|194   |    mac_muladd_8s_4s_12s_13_4_1_U852                                                     |compute_controller_mac_muladd_8s_4s_12s_13_4_1_313                                                     |    70|
|195   |      compute_controller_mac_muladd_8s_4s_12s_13_4_1_DSP48_0_U                           |compute_controller_mac_muladd_8s_4s_12s_13_4_1_DSP48_0_324                                             |    70|
|196   |    mac_muladd_8s_4s_12s_13_4_1_U853                                                     |compute_controller_mac_muladd_8s_4s_12s_13_4_1_314                                                     |    54|
|197   |      compute_controller_mac_muladd_8s_4s_12s_13_4_1_DSP48_0_U                           |compute_controller_mac_muladd_8s_4s_12s_13_4_1_DSP48_0_323                                             |    54|
|198   |    mul_8s_4s_12_1_1_U838                                                                |compute_controller_mul_8s_4s_12_1_1_315                                                                |    11|
|199   |    mul_8s_4s_12_1_1_U839                                                                |compute_controller_mul_8s_4s_12_1_1_316                                                                |    11|
|200   |    mul_8s_4s_12_1_1_U840                                                                |compute_controller_mul_8s_4s_12_1_1_317                                                                |    11|
|201   |    mul_8s_4s_12_1_1_U841                                                                |compute_controller_mul_8s_4s_12_1_1_318                                                                |    11|
|202   |    mul_8s_4s_12_1_1_U842                                                                |compute_controller_mul_8s_4s_12_1_1_319                                                                |    11|
|203   |    mul_8s_4s_12_1_1_U843                                                                |compute_controller_mul_8s_4s_12_1_1_320                                                                |    11|
|204   |    mul_8s_4s_12_1_1_U844                                                                |compute_controller_mul_8s_4s_12_1_1_321                                                                |    11|
|205   |    mul_8s_4s_12_1_1_U845                                                                |compute_controller_mul_8s_4s_12_1_1_322                                                                |    11|
|206   |  grp_compute_controller_Pipeline_VITIS_LOOP_43_21_fu_30690                              |compute_controller_compute_controller_Pipeline_VITIS_LOOP_43_21                                        |   765|
|207   |    flow_control_loop_pipe_sequential_init_U                                             |compute_controller_flow_control_loop_pipe_sequential_init_281                                          |    27|
|208   |    mac_muladd_8s_4s_12s_13_4_1_U132                                                     |compute_controller_mac_muladd_8s_4s_12s_13_4_1_282                                                     |   143|
|209   |      compute_controller_mac_muladd_8s_4s_12s_13_4_1_DSP48_0_U                           |compute_controller_mac_muladd_8s_4s_12s_13_4_1_DSP48_0_305                                             |   143|
|210   |    mac_muladd_8s_4s_12s_13_4_1_U133                                                     |compute_controller_mac_muladd_8s_4s_12s_13_4_1_283                                                     |    54|
|211   |      compute_controller_mac_muladd_8s_4s_12s_13_4_1_DSP48_0_U                           |compute_controller_mac_muladd_8s_4s_12s_13_4_1_DSP48_0_304                                             |    54|
|212   |    mac_muladd_8s_4s_12s_13_4_1_U134                                                     |compute_controller_mac_muladd_8s_4s_12s_13_4_1_284                                                     |    70|
|213   |      compute_controller_mac_muladd_8s_4s_12s_13_4_1_DSP48_0_U                           |compute_controller_mac_muladd_8s_4s_12s_13_4_1_DSP48_0_303                                             |    70|
|214   |    mac_muladd_8s_4s_12s_13_4_1_U135                                                     |compute_controller_mac_muladd_8s_4s_12s_13_4_1_285                                                     |    54|
|215   |      compute_controller_mac_muladd_8s_4s_12s_13_4_1_DSP48_0_U                           |compute_controller_mac_muladd_8s_4s_12s_13_4_1_DSP48_0_302                                             |    54|
|216   |    mac_muladd_8s_4s_12s_13_4_1_U136                                                     |compute_controller_mac_muladd_8s_4s_12s_13_4_1_286                                                     |    86|
|217   |      compute_controller_mac_muladd_8s_4s_12s_13_4_1_DSP48_0_U                           |compute_controller_mac_muladd_8s_4s_12s_13_4_1_DSP48_0_301                                             |    86|
|218   |    mac_muladd_8s_4s_12s_13_4_1_U137                                                     |compute_controller_mac_muladd_8s_4s_12s_13_4_1_287                                                     |    54|
|219   |      compute_controller_mac_muladd_8s_4s_12s_13_4_1_DSP48_0_U                           |compute_controller_mac_muladd_8s_4s_12s_13_4_1_DSP48_0_300                                             |    54|
|220   |    mac_muladd_8s_4s_12s_13_4_1_U138                                                     |compute_controller_mac_muladd_8s_4s_12s_13_4_1_288                                                     |    70|
|221   |      compute_controller_mac_muladd_8s_4s_12s_13_4_1_DSP48_0_U                           |compute_controller_mac_muladd_8s_4s_12s_13_4_1_DSP48_0_299                                             |    70|
|222   |    mac_muladd_8s_4s_12s_13_4_1_U139                                                     |compute_controller_mac_muladd_8s_4s_12s_13_4_1_289                                                     |    54|
|223   |      compute_controller_mac_muladd_8s_4s_12s_13_4_1_DSP48_0_U                           |compute_controller_mac_muladd_8s_4s_12s_13_4_1_DSP48_0_298                                             |    54|
|224   |    mul_8s_4s_12_1_1_U124                                                                |compute_controller_mul_8s_4s_12_1_1_290                                                                |    11|
|225   |    mul_8s_4s_12_1_1_U125                                                                |compute_controller_mul_8s_4s_12_1_1_291                                                                |    11|
|226   |    mul_8s_4s_12_1_1_U126                                                                |compute_controller_mul_8s_4s_12_1_1_292                                                                |    11|
|227   |    mul_8s_4s_12_1_1_U127                                                                |compute_controller_mul_8s_4s_12_1_1_293                                                                |    11|
|228   |    mul_8s_4s_12_1_1_U128                                                                |compute_controller_mul_8s_4s_12_1_1_294                                                                |    11|
|229   |    mul_8s_4s_12_1_1_U129                                                                |compute_controller_mul_8s_4s_12_1_1_295                                                                |    11|
|230   |    mul_8s_4s_12_1_1_U130                                                                |compute_controller_mul_8s_4s_12_1_1_296                                                                |    11|
|231   |    mul_8s_4s_12_1_1_U131                                                                |compute_controller_mul_8s_4s_12_1_1_297                                                                |    11|
|232   |  grp_compute_controller_Pipeline_VITIS_LOOP_43_22_fu_30762                              |compute_controller_compute_controller_Pipeline_VITIS_LOOP_43_22                                        |   747|
|233   |    flow_control_loop_pipe_sequential_init_U                                             |compute_controller_flow_control_loop_pipe_sequential_init_256                                          |    26|
|234   |    mac_muladd_8s_4s_12s_13_4_1_U183                                                     |compute_controller_mac_muladd_8s_4s_12s_13_4_1_257                                                     |   143|
|235   |      compute_controller_mac_muladd_8s_4s_12s_13_4_1_DSP48_0_U                           |compute_controller_mac_muladd_8s_4s_12s_13_4_1_DSP48_0_280                                             |   143|
|236   |    mac_muladd_8s_4s_12s_13_4_1_U184                                                     |compute_controller_mac_muladd_8s_4s_12s_13_4_1_258                                                     |    54|
|237   |      compute_controller_mac_muladd_8s_4s_12s_13_4_1_DSP48_0_U                           |compute_controller_mac_muladd_8s_4s_12s_13_4_1_DSP48_0_279                                             |    54|
|238   |    mac_muladd_8s_4s_12s_13_4_1_U185                                                     |compute_controller_mac_muladd_8s_4s_12s_13_4_1_259                                                     |    70|
|239   |      compute_controller_mac_muladd_8s_4s_12s_13_4_1_DSP48_0_U                           |compute_controller_mac_muladd_8s_4s_12s_13_4_1_DSP48_0_278                                             |    70|
|240   |    mac_muladd_8s_4s_12s_13_4_1_U186                                                     |compute_controller_mac_muladd_8s_4s_12s_13_4_1_260                                                     |    54|
|241   |      compute_controller_mac_muladd_8s_4s_12s_13_4_1_DSP48_0_U                           |compute_controller_mac_muladd_8s_4s_12s_13_4_1_DSP48_0_277                                             |    54|
|242   |    mac_muladd_8s_4s_12s_13_4_1_U187                                                     |compute_controller_mac_muladd_8s_4s_12s_13_4_1_261                                                     |    86|
|243   |      compute_controller_mac_muladd_8s_4s_12s_13_4_1_DSP48_0_U                           |compute_controller_mac_muladd_8s_4s_12s_13_4_1_DSP48_0_276                                             |    86|
|244   |    mac_muladd_8s_4s_12s_13_4_1_U188                                                     |compute_controller_mac_muladd_8s_4s_12s_13_4_1_262                                                     |    54|
|245   |      compute_controller_mac_muladd_8s_4s_12s_13_4_1_DSP48_0_U                           |compute_controller_mac_muladd_8s_4s_12s_13_4_1_DSP48_0_275                                             |    54|
|246   |    mac_muladd_8s_4s_12s_13_4_1_U189                                                     |compute_controller_mac_muladd_8s_4s_12s_13_4_1_263                                                     |    70|
|247   |      compute_controller_mac_muladd_8s_4s_12s_13_4_1_DSP48_0_U                           |compute_controller_mac_muladd_8s_4s_12s_13_4_1_DSP48_0_274                                             |    70|
|248   |    mac_muladd_8s_4s_12s_13_4_1_U190                                                     |compute_controller_mac_muladd_8s_4s_12s_13_4_1_264                                                     |    54|
|249   |      compute_controller_mac_muladd_8s_4s_12s_13_4_1_DSP48_0_U                           |compute_controller_mac_muladd_8s_4s_12s_13_4_1_DSP48_0_273                                             |    54|
|250   |    mul_8s_4s_12_1_1_U175                                                                |compute_controller_mul_8s_4s_12_1_1_265                                                                |    11|
|251   |    mul_8s_4s_12_1_1_U176                                                                |compute_controller_mul_8s_4s_12_1_1_266                                                                |    11|
|252   |    mul_8s_4s_12_1_1_U177                                                                |compute_controller_mul_8s_4s_12_1_1_267                                                                |    11|
|253   |    mul_8s_4s_12_1_1_U178                                                                |compute_controller_mul_8s_4s_12_1_1_268                                                                |    11|
|254   |    mul_8s_4s_12_1_1_U179                                                                |compute_controller_mul_8s_4s_12_1_1_269                                                                |    11|
|255   |    mul_8s_4s_12_1_1_U180                                                                |compute_controller_mul_8s_4s_12_1_1_270                                                                |    11|
|256   |    mul_8s_4s_12_1_1_U181                                                                |compute_controller_mul_8s_4s_12_1_1_271                                                                |    11|
|257   |    mul_8s_4s_12_1_1_U182                                                                |compute_controller_mul_8s_4s_12_1_1_272                                                                |    11|
|258   |  grp_compute_controller_Pipeline_VITIS_LOOP_43_23_fu_30834                              |compute_controller_compute_controller_Pipeline_VITIS_LOOP_43_23                                        |   751|
|259   |    flow_control_loop_pipe_sequential_init_U                                             |compute_controller_flow_control_loop_pipe_sequential_init_231                                          |    26|
|260   |    mac_muladd_8s_4s_12s_13_4_1_U234                                                     |compute_controller_mac_muladd_8s_4s_12s_13_4_1_232                                                     |   143|
|261   |      compute_controller_mac_muladd_8s_4s_12s_13_4_1_DSP48_0_U                           |compute_controller_mac_muladd_8s_4s_12s_13_4_1_DSP48_0_255                                             |   143|
|262   |    mac_muladd_8s_4s_12s_13_4_1_U235                                                     |compute_controller_mac_muladd_8s_4s_12s_13_4_1_233                                                     |    54|
|263   |      compute_controller_mac_muladd_8s_4s_12s_13_4_1_DSP48_0_U                           |compute_controller_mac_muladd_8s_4s_12s_13_4_1_DSP48_0_254                                             |    54|
|264   |    mac_muladd_8s_4s_12s_13_4_1_U236                                                     |compute_controller_mac_muladd_8s_4s_12s_13_4_1_234                                                     |    70|
|265   |      compute_controller_mac_muladd_8s_4s_12s_13_4_1_DSP48_0_U                           |compute_controller_mac_muladd_8s_4s_12s_13_4_1_DSP48_0_253                                             |    70|
|266   |    mac_muladd_8s_4s_12s_13_4_1_U237                                                     |compute_controller_mac_muladd_8s_4s_12s_13_4_1_235                                                     |    54|
|267   |      compute_controller_mac_muladd_8s_4s_12s_13_4_1_DSP48_0_U                           |compute_controller_mac_muladd_8s_4s_12s_13_4_1_DSP48_0_252                                             |    54|
|268   |    mac_muladd_8s_4s_12s_13_4_1_U238                                                     |compute_controller_mac_muladd_8s_4s_12s_13_4_1_236                                                     |    86|
|269   |      compute_controller_mac_muladd_8s_4s_12s_13_4_1_DSP48_0_U                           |compute_controller_mac_muladd_8s_4s_12s_13_4_1_DSP48_0_251                                             |    86|
|270   |    mac_muladd_8s_4s_12s_13_4_1_U239                                                     |compute_controller_mac_muladd_8s_4s_12s_13_4_1_237                                                     |    54|
|271   |      compute_controller_mac_muladd_8s_4s_12s_13_4_1_DSP48_0_U                           |compute_controller_mac_muladd_8s_4s_12s_13_4_1_DSP48_0_250                                             |    54|
|272   |    mac_muladd_8s_4s_12s_13_4_1_U240                                                     |compute_controller_mac_muladd_8s_4s_12s_13_4_1_238                                                     |    70|
|273   |      compute_controller_mac_muladd_8s_4s_12s_13_4_1_DSP48_0_U                           |compute_controller_mac_muladd_8s_4s_12s_13_4_1_DSP48_0_249                                             |    70|
|274   |    mac_muladd_8s_4s_12s_13_4_1_U241                                                     |compute_controller_mac_muladd_8s_4s_12s_13_4_1_239                                                     |    54|
|275   |      compute_controller_mac_muladd_8s_4s_12s_13_4_1_DSP48_0_U                           |compute_controller_mac_muladd_8s_4s_12s_13_4_1_DSP48_0_248                                             |    54|
|276   |    mul_8s_4s_12_1_1_U226                                                                |compute_controller_mul_8s_4s_12_1_1_240                                                                |    11|
|277   |    mul_8s_4s_12_1_1_U227                                                                |compute_controller_mul_8s_4s_12_1_1_241                                                                |    11|
|278   |    mul_8s_4s_12_1_1_U228                                                                |compute_controller_mul_8s_4s_12_1_1_242                                                                |    11|
|279   |    mul_8s_4s_12_1_1_U229                                                                |compute_controller_mul_8s_4s_12_1_1_243                                                                |    11|
|280   |    mul_8s_4s_12_1_1_U230                                                                |compute_controller_mul_8s_4s_12_1_1_244                                                                |    11|
|281   |    mul_8s_4s_12_1_1_U231                                                                |compute_controller_mul_8s_4s_12_1_1_245                                                                |    11|
|282   |    mul_8s_4s_12_1_1_U232                                                                |compute_controller_mul_8s_4s_12_1_1_246                                                                |    11|
|283   |    mul_8s_4s_12_1_1_U233                                                                |compute_controller_mul_8s_4s_12_1_1_247                                                                |    11|
|284   |  grp_compute_controller_Pipeline_VITIS_LOOP_43_24_fu_30906                              |compute_controller_compute_controller_Pipeline_VITIS_LOOP_43_24                                        |   755|
|285   |    flow_control_loop_pipe_sequential_init_U                                             |compute_controller_flow_control_loop_pipe_sequential_init_206                                          |    21|
|286   |    mac_muladd_8s_4s_12s_13_4_1_U285                                                     |compute_controller_mac_muladd_8s_4s_12s_13_4_1_207                                                     |   143|
|287   |      compute_controller_mac_muladd_8s_4s_12s_13_4_1_DSP48_0_U                           |compute_controller_mac_muladd_8s_4s_12s_13_4_1_DSP48_0_230                                             |   143|
|288   |    mac_muladd_8s_4s_12s_13_4_1_U286                                                     |compute_controller_mac_muladd_8s_4s_12s_13_4_1_208                                                     |    54|
|289   |      compute_controller_mac_muladd_8s_4s_12s_13_4_1_DSP48_0_U                           |compute_controller_mac_muladd_8s_4s_12s_13_4_1_DSP48_0_229                                             |    54|
|290   |    mac_muladd_8s_4s_12s_13_4_1_U287                                                     |compute_controller_mac_muladd_8s_4s_12s_13_4_1_209                                                     |    70|
|291   |      compute_controller_mac_muladd_8s_4s_12s_13_4_1_DSP48_0_U                           |compute_controller_mac_muladd_8s_4s_12s_13_4_1_DSP48_0_228                                             |    70|
|292   |    mac_muladd_8s_4s_12s_13_4_1_U288                                                     |compute_controller_mac_muladd_8s_4s_12s_13_4_1_210                                                     |    54|
|293   |      compute_controller_mac_muladd_8s_4s_12s_13_4_1_DSP48_0_U                           |compute_controller_mac_muladd_8s_4s_12s_13_4_1_DSP48_0_227                                             |    54|
|294   |    mac_muladd_8s_4s_12s_13_4_1_U289                                                     |compute_controller_mac_muladd_8s_4s_12s_13_4_1_211                                                     |    86|
|295   |      compute_controller_mac_muladd_8s_4s_12s_13_4_1_DSP48_0_U                           |compute_controller_mac_muladd_8s_4s_12s_13_4_1_DSP48_0_226                                             |    86|
|296   |    mac_muladd_8s_4s_12s_13_4_1_U290                                                     |compute_controller_mac_muladd_8s_4s_12s_13_4_1_212                                                     |    54|
|297   |      compute_controller_mac_muladd_8s_4s_12s_13_4_1_DSP48_0_U                           |compute_controller_mac_muladd_8s_4s_12s_13_4_1_DSP48_0_225                                             |    54|
|298   |    mac_muladd_8s_4s_12s_13_4_1_U291                                                     |compute_controller_mac_muladd_8s_4s_12s_13_4_1_213                                                     |    70|
|299   |      compute_controller_mac_muladd_8s_4s_12s_13_4_1_DSP48_0_U                           |compute_controller_mac_muladd_8s_4s_12s_13_4_1_DSP48_0_224                                             |    70|
|300   |    mac_muladd_8s_4s_12s_13_4_1_U292                                                     |compute_controller_mac_muladd_8s_4s_12s_13_4_1_214                                                     |    54|
|301   |      compute_controller_mac_muladd_8s_4s_12s_13_4_1_DSP48_0_U                           |compute_controller_mac_muladd_8s_4s_12s_13_4_1_DSP48_0_223                                             |    54|
|302   |    mul_8s_4s_12_1_1_U277                                                                |compute_controller_mul_8s_4s_12_1_1_215                                                                |    11|
|303   |    mul_8s_4s_12_1_1_U278                                                                |compute_controller_mul_8s_4s_12_1_1_216                                                                |    11|
|304   |    mul_8s_4s_12_1_1_U279                                                                |compute_controller_mul_8s_4s_12_1_1_217                                                                |    11|
|305   |    mul_8s_4s_12_1_1_U280                                                                |compute_controller_mul_8s_4s_12_1_1_218                                                                |    11|
|306   |    mul_8s_4s_12_1_1_U281                                                                |compute_controller_mul_8s_4s_12_1_1_219                                                                |    11|
|307   |    mul_8s_4s_12_1_1_U282                                                                |compute_controller_mul_8s_4s_12_1_1_220                                                                |    11|
|308   |    mul_8s_4s_12_1_1_U283                                                                |compute_controller_mul_8s_4s_12_1_1_221                                                                |    11|
|309   |    mul_8s_4s_12_1_1_U284                                                                |compute_controller_mul_8s_4s_12_1_1_222                                                                |    11|
|310   |  grp_compute_controller_Pipeline_VITIS_LOOP_43_25_fu_30978                              |compute_controller_compute_controller_Pipeline_VITIS_LOOP_43_25                                        |   762|
|311   |    flow_control_loop_pipe_sequential_init_U                                             |compute_controller_flow_control_loop_pipe_sequential_init_181                                          |    56|
|312   |    mac_muladd_8s_4s_12s_13_4_1_U336                                                     |compute_controller_mac_muladd_8s_4s_12s_13_4_1_182                                                     |   122|
|313   |      compute_controller_mac_muladd_8s_4s_12s_13_4_1_DSP48_0_U                           |compute_controller_mac_muladd_8s_4s_12s_13_4_1_DSP48_0_205                                             |   122|
|314   |    mac_muladd_8s_4s_12s_13_4_1_U337                                                     |compute_controller_mac_muladd_8s_4s_12s_13_4_1_183                                                     |    54|
|315   |      compute_controller_mac_muladd_8s_4s_12s_13_4_1_DSP48_0_U                           |compute_controller_mac_muladd_8s_4s_12s_13_4_1_DSP48_0_204                                             |    54|
|316   |    mac_muladd_8s_4s_12s_13_4_1_U338                                                     |compute_controller_mac_muladd_8s_4s_12s_13_4_1_184                                                     |    70|
|317   |      compute_controller_mac_muladd_8s_4s_12s_13_4_1_DSP48_0_U                           |compute_controller_mac_muladd_8s_4s_12s_13_4_1_DSP48_0_203                                             |    70|
|318   |    mac_muladd_8s_4s_12s_13_4_1_U339                                                     |compute_controller_mac_muladd_8s_4s_12s_13_4_1_185                                                     |    54|
|319   |      compute_controller_mac_muladd_8s_4s_12s_13_4_1_DSP48_0_U                           |compute_controller_mac_muladd_8s_4s_12s_13_4_1_DSP48_0_202                                             |    54|
|320   |    mac_muladd_8s_4s_12s_13_4_1_U340                                                     |compute_controller_mac_muladd_8s_4s_12s_13_4_1_186                                                     |    86|
|321   |      compute_controller_mac_muladd_8s_4s_12s_13_4_1_DSP48_0_U                           |compute_controller_mac_muladd_8s_4s_12s_13_4_1_DSP48_0_201                                             |    86|
|322   |    mac_muladd_8s_4s_12s_13_4_1_U341                                                     |compute_controller_mac_muladd_8s_4s_12s_13_4_1_187                                                     |    54|
|323   |      compute_controller_mac_muladd_8s_4s_12s_13_4_1_DSP48_0_U                           |compute_controller_mac_muladd_8s_4s_12s_13_4_1_DSP48_0_200                                             |    54|
|324   |    mac_muladd_8s_4s_12s_13_4_1_U342                                                     |compute_controller_mac_muladd_8s_4s_12s_13_4_1_188                                                     |    70|
|325   |      compute_controller_mac_muladd_8s_4s_12s_13_4_1_DSP48_0_U                           |compute_controller_mac_muladd_8s_4s_12s_13_4_1_DSP48_0_199                                             |    70|
|326   |    mac_muladd_8s_4s_12s_13_4_1_U343                                                     |compute_controller_mac_muladd_8s_4s_12s_13_4_1_189                                                     |    54|
|327   |      compute_controller_mac_muladd_8s_4s_12s_13_4_1_DSP48_0_U                           |compute_controller_mac_muladd_8s_4s_12s_13_4_1_DSP48_0_198                                             |    54|
|328   |    mul_8s_4s_12_1_1_U328                                                                |compute_controller_mul_8s_4s_12_1_1_190                                                                |    11|
|329   |    mul_8s_4s_12_1_1_U329                                                                |compute_controller_mul_8s_4s_12_1_1_191                                                                |    11|
|330   |    mul_8s_4s_12_1_1_U330                                                                |compute_controller_mul_8s_4s_12_1_1_192                                                                |    11|
|331   |    mul_8s_4s_12_1_1_U331                                                                |compute_controller_mul_8s_4s_12_1_1_193                                                                |    11|
|332   |    mul_8s_4s_12_1_1_U332                                                                |compute_controller_mul_8s_4s_12_1_1_194                                                                |    11|
|333   |    mul_8s_4s_12_1_1_U333                                                                |compute_controller_mul_8s_4s_12_1_1_195                                                                |    11|
|334   |    mul_8s_4s_12_1_1_U334                                                                |compute_controller_mul_8s_4s_12_1_1_196                                                                |    11|
|335   |    mul_8s_4s_12_1_1_U335                                                                |compute_controller_mul_8s_4s_12_1_1_197                                                                |    11|
|336   |  grp_compute_controller_Pipeline_VITIS_LOOP_43_26_fu_31050                              |compute_controller_compute_controller_Pipeline_VITIS_LOOP_43_26                                        |   744|
|337   |    flow_control_loop_pipe_sequential_init_U                                             |compute_controller_flow_control_loop_pipe_sequential_init_156                                          |    25|
|338   |    mac_muladd_8s_4s_12s_13_4_1_U387                                                     |compute_controller_mac_muladd_8s_4s_12s_13_4_1_157                                                     |   143|
|339   |      compute_controller_mac_muladd_8s_4s_12s_13_4_1_DSP48_0_U                           |compute_controller_mac_muladd_8s_4s_12s_13_4_1_DSP48_0_180                                             |   143|
|340   |    mac_muladd_8s_4s_12s_13_4_1_U388                                                     |compute_controller_mac_muladd_8s_4s_12s_13_4_1_158                                                     |    54|
|341   |      compute_controller_mac_muladd_8s_4s_12s_13_4_1_DSP48_0_U                           |compute_controller_mac_muladd_8s_4s_12s_13_4_1_DSP48_0_179                                             |    54|
|342   |    mac_muladd_8s_4s_12s_13_4_1_U389                                                     |compute_controller_mac_muladd_8s_4s_12s_13_4_1_159                                                     |    70|
|343   |      compute_controller_mac_muladd_8s_4s_12s_13_4_1_DSP48_0_U                           |compute_controller_mac_muladd_8s_4s_12s_13_4_1_DSP48_0_178                                             |    70|
|344   |    mac_muladd_8s_4s_12s_13_4_1_U390                                                     |compute_controller_mac_muladd_8s_4s_12s_13_4_1_160                                                     |    54|
|345   |      compute_controller_mac_muladd_8s_4s_12s_13_4_1_DSP48_0_U                           |compute_controller_mac_muladd_8s_4s_12s_13_4_1_DSP48_0_177                                             |    54|
|346   |    mac_muladd_8s_4s_12s_13_4_1_U391                                                     |compute_controller_mac_muladd_8s_4s_12s_13_4_1_161                                                     |    86|
|347   |      compute_controller_mac_muladd_8s_4s_12s_13_4_1_DSP48_0_U                           |compute_controller_mac_muladd_8s_4s_12s_13_4_1_DSP48_0_176                                             |    86|
|348   |    mac_muladd_8s_4s_12s_13_4_1_U392                                                     |compute_controller_mac_muladd_8s_4s_12s_13_4_1_162                                                     |    54|
|349   |      compute_controller_mac_muladd_8s_4s_12s_13_4_1_DSP48_0_U                           |compute_controller_mac_muladd_8s_4s_12s_13_4_1_DSP48_0_175                                             |    54|
|350   |    mac_muladd_8s_4s_12s_13_4_1_U393                                                     |compute_controller_mac_muladd_8s_4s_12s_13_4_1_163                                                     |    70|
|351   |      compute_controller_mac_muladd_8s_4s_12s_13_4_1_DSP48_0_U                           |compute_controller_mac_muladd_8s_4s_12s_13_4_1_DSP48_0_174                                             |    70|
|352   |    mac_muladd_8s_4s_12s_13_4_1_U394                                                     |compute_controller_mac_muladd_8s_4s_12s_13_4_1_164                                                     |    54|
|353   |      compute_controller_mac_muladd_8s_4s_12s_13_4_1_DSP48_0_U                           |compute_controller_mac_muladd_8s_4s_12s_13_4_1_DSP48_0_173                                             |    54|
|354   |    mul_8s_4s_12_1_1_U379                                                                |compute_controller_mul_8s_4s_12_1_1_165                                                                |    11|
|355   |    mul_8s_4s_12_1_1_U380                                                                |compute_controller_mul_8s_4s_12_1_1_166                                                                |    11|
|356   |    mul_8s_4s_12_1_1_U381                                                                |compute_controller_mul_8s_4s_12_1_1_167                                                                |    11|
|357   |    mul_8s_4s_12_1_1_U382                                                                |compute_controller_mul_8s_4s_12_1_1_168                                                                |    11|
|358   |    mul_8s_4s_12_1_1_U383                                                                |compute_controller_mul_8s_4s_12_1_1_169                                                                |    11|
|359   |    mul_8s_4s_12_1_1_U384                                                                |compute_controller_mul_8s_4s_12_1_1_170                                                                |    11|
|360   |    mul_8s_4s_12_1_1_U385                                                                |compute_controller_mul_8s_4s_12_1_1_171                                                                |    11|
|361   |    mul_8s_4s_12_1_1_U386                                                                |compute_controller_mul_8s_4s_12_1_1_172                                                                |    11|
|362   |  grp_compute_controller_Pipeline_VITIS_LOOP_43_27_fu_31122                              |compute_controller_compute_controller_Pipeline_VITIS_LOOP_43_27                                        |   767|
|363   |    flow_control_loop_pipe_sequential_init_U                                             |compute_controller_flow_control_loop_pipe_sequential_init_131                                          |    30|
|364   |    mac_muladd_8s_4s_12s_13_4_1_U438                                                     |compute_controller_mac_muladd_8s_4s_12s_13_4_1_132                                                     |   143|
|365   |      compute_controller_mac_muladd_8s_4s_12s_13_4_1_DSP48_0_U                           |compute_controller_mac_muladd_8s_4s_12s_13_4_1_DSP48_0_155                                             |   143|
|366   |    mac_muladd_8s_4s_12s_13_4_1_U439                                                     |compute_controller_mac_muladd_8s_4s_12s_13_4_1_133                                                     |    54|
|367   |      compute_controller_mac_muladd_8s_4s_12s_13_4_1_DSP48_0_U                           |compute_controller_mac_muladd_8s_4s_12s_13_4_1_DSP48_0_154                                             |    54|
|368   |    mac_muladd_8s_4s_12s_13_4_1_U440                                                     |compute_controller_mac_muladd_8s_4s_12s_13_4_1_134                                                     |    70|
|369   |      compute_controller_mac_muladd_8s_4s_12s_13_4_1_DSP48_0_U                           |compute_controller_mac_muladd_8s_4s_12s_13_4_1_DSP48_0_153                                             |    70|
|370   |    mac_muladd_8s_4s_12s_13_4_1_U441                                                     |compute_controller_mac_muladd_8s_4s_12s_13_4_1_135                                                     |    54|
|371   |      compute_controller_mac_muladd_8s_4s_12s_13_4_1_DSP48_0_U                           |compute_controller_mac_muladd_8s_4s_12s_13_4_1_DSP48_0_152                                             |    54|
|372   |    mac_muladd_8s_4s_12s_13_4_1_U442                                                     |compute_controller_mac_muladd_8s_4s_12s_13_4_1_136                                                     |    86|
|373   |      compute_controller_mac_muladd_8s_4s_12s_13_4_1_DSP48_0_U                           |compute_controller_mac_muladd_8s_4s_12s_13_4_1_DSP48_0_151                                             |    86|
|374   |    mac_muladd_8s_4s_12s_13_4_1_U443                                                     |compute_controller_mac_muladd_8s_4s_12s_13_4_1_137                                                     |    54|
|375   |      compute_controller_mac_muladd_8s_4s_12s_13_4_1_DSP48_0_U                           |compute_controller_mac_muladd_8s_4s_12s_13_4_1_DSP48_0_150                                             |    54|
|376   |    mac_muladd_8s_4s_12s_13_4_1_U444                                                     |compute_controller_mac_muladd_8s_4s_12s_13_4_1_138                                                     |    70|
|377   |      compute_controller_mac_muladd_8s_4s_12s_13_4_1_DSP48_0_U                           |compute_controller_mac_muladd_8s_4s_12s_13_4_1_DSP48_0_149                                             |    70|
|378   |    mac_muladd_8s_4s_12s_13_4_1_U445                                                     |compute_controller_mac_muladd_8s_4s_12s_13_4_1_139                                                     |    54|
|379   |      compute_controller_mac_muladd_8s_4s_12s_13_4_1_DSP48_0_U                           |compute_controller_mac_muladd_8s_4s_12s_13_4_1_DSP48_0_148                                             |    54|
|380   |    mul_8s_4s_12_1_1_U430                                                                |compute_controller_mul_8s_4s_12_1_1_140                                                                |    11|
|381   |    mul_8s_4s_12_1_1_U431                                                                |compute_controller_mul_8s_4s_12_1_1_141                                                                |    11|
|382   |    mul_8s_4s_12_1_1_U432                                                                |compute_controller_mul_8s_4s_12_1_1_142                                                                |    11|
|383   |    mul_8s_4s_12_1_1_U433                                                                |compute_controller_mul_8s_4s_12_1_1_143                                                                |    11|
|384   |    mul_8s_4s_12_1_1_U434                                                                |compute_controller_mul_8s_4s_12_1_1_144                                                                |    11|
|385   |    mul_8s_4s_12_1_1_U435                                                                |compute_controller_mul_8s_4s_12_1_1_145                                                                |    11|
|386   |    mul_8s_4s_12_1_1_U436                                                                |compute_controller_mul_8s_4s_12_1_1_146                                                                |    11|
|387   |    mul_8s_4s_12_1_1_U437                                                                |compute_controller_mul_8s_4s_12_1_1_147                                                                |    11|
|388   |  grp_compute_controller_Pipeline_VITIS_LOOP_43_28_fu_31194                              |compute_controller_compute_controller_Pipeline_VITIS_LOOP_43_28                                        |   744|
|389   |    flow_control_loop_pipe_sequential_init_U                                             |compute_controller_flow_control_loop_pipe_sequential_init_106                                          |    19|
|390   |    mac_muladd_8s_4s_12s_13_4_1_U489                                                     |compute_controller_mac_muladd_8s_4s_12s_13_4_1_107                                                     |   143|
|391   |      compute_controller_mac_muladd_8s_4s_12s_13_4_1_DSP48_0_U                           |compute_controller_mac_muladd_8s_4s_12s_13_4_1_DSP48_0_130                                             |   143|
|392   |    mac_muladd_8s_4s_12s_13_4_1_U490                                                     |compute_controller_mac_muladd_8s_4s_12s_13_4_1_108                                                     |    54|
|393   |      compute_controller_mac_muladd_8s_4s_12s_13_4_1_DSP48_0_U                           |compute_controller_mac_muladd_8s_4s_12s_13_4_1_DSP48_0_129                                             |    54|
|394   |    mac_muladd_8s_4s_12s_13_4_1_U491                                                     |compute_controller_mac_muladd_8s_4s_12s_13_4_1_109                                                     |    70|
|395   |      compute_controller_mac_muladd_8s_4s_12s_13_4_1_DSP48_0_U                           |compute_controller_mac_muladd_8s_4s_12s_13_4_1_DSP48_0_128                                             |    70|
|396   |    mac_muladd_8s_4s_12s_13_4_1_U492                                                     |compute_controller_mac_muladd_8s_4s_12s_13_4_1_110                                                     |    54|
|397   |      compute_controller_mac_muladd_8s_4s_12s_13_4_1_DSP48_0_U                           |compute_controller_mac_muladd_8s_4s_12s_13_4_1_DSP48_0_127                                             |    54|
|398   |    mac_muladd_8s_4s_12s_13_4_1_U493                                                     |compute_controller_mac_muladd_8s_4s_12s_13_4_1_111                                                     |    86|
|399   |      compute_controller_mac_muladd_8s_4s_12s_13_4_1_DSP48_0_U                           |compute_controller_mac_muladd_8s_4s_12s_13_4_1_DSP48_0_126                                             |    86|
|400   |    mac_muladd_8s_4s_12s_13_4_1_U494                                                     |compute_controller_mac_muladd_8s_4s_12s_13_4_1_112                                                     |    54|
|401   |      compute_controller_mac_muladd_8s_4s_12s_13_4_1_DSP48_0_U                           |compute_controller_mac_muladd_8s_4s_12s_13_4_1_DSP48_0_125                                             |    54|
|402   |    mac_muladd_8s_4s_12s_13_4_1_U495                                                     |compute_controller_mac_muladd_8s_4s_12s_13_4_1_113                                                     |    70|
|403   |      compute_controller_mac_muladd_8s_4s_12s_13_4_1_DSP48_0_U                           |compute_controller_mac_muladd_8s_4s_12s_13_4_1_DSP48_0_124                                             |    70|
|404   |    mac_muladd_8s_4s_12s_13_4_1_U496                                                     |compute_controller_mac_muladd_8s_4s_12s_13_4_1_114                                                     |    54|
|405   |      compute_controller_mac_muladd_8s_4s_12s_13_4_1_DSP48_0_U                           |compute_controller_mac_muladd_8s_4s_12s_13_4_1_DSP48_0_123                                             |    54|
|406   |    mul_8s_4s_12_1_1_U481                                                                |compute_controller_mul_8s_4s_12_1_1_115                                                                |    11|
|407   |    mul_8s_4s_12_1_1_U482                                                                |compute_controller_mul_8s_4s_12_1_1_116                                                                |    11|
|408   |    mul_8s_4s_12_1_1_U483                                                                |compute_controller_mul_8s_4s_12_1_1_117                                                                |    11|
|409   |    mul_8s_4s_12_1_1_U484                                                                |compute_controller_mul_8s_4s_12_1_1_118                                                                |    11|
|410   |    mul_8s_4s_12_1_1_U485                                                                |compute_controller_mul_8s_4s_12_1_1_119                                                                |    11|
|411   |    mul_8s_4s_12_1_1_U486                                                                |compute_controller_mul_8s_4s_12_1_1_120                                                                |    11|
|412   |    mul_8s_4s_12_1_1_U487                                                                |compute_controller_mul_8s_4s_12_1_1_121                                                                |    11|
|413   |    mul_8s_4s_12_1_1_U488                                                                |compute_controller_mul_8s_4s_12_1_1_122                                                                |    11|
|414   |  grp_compute_controller_Pipeline_VITIS_LOOP_43_29_fu_31266                              |compute_controller_compute_controller_Pipeline_VITIS_LOOP_43_29                                        |   753|
|415   |    flow_control_loop_pipe_sequential_init_U                                             |compute_controller_flow_control_loop_pipe_sequential_init_81                                           |    28|
|416   |    mac_muladd_8s_4s_12s_13_4_1_U540                                                     |compute_controller_mac_muladd_8s_4s_12s_13_4_1_82                                                      |   143|
|417   |      compute_controller_mac_muladd_8s_4s_12s_13_4_1_DSP48_0_U                           |compute_controller_mac_muladd_8s_4s_12s_13_4_1_DSP48_0_105                                             |   143|
|418   |    mac_muladd_8s_4s_12s_13_4_1_U541                                                     |compute_controller_mac_muladd_8s_4s_12s_13_4_1_83                                                      |    54|
|419   |      compute_controller_mac_muladd_8s_4s_12s_13_4_1_DSP48_0_U                           |compute_controller_mac_muladd_8s_4s_12s_13_4_1_DSP48_0_104                                             |    54|
|420   |    mac_muladd_8s_4s_12s_13_4_1_U542                                                     |compute_controller_mac_muladd_8s_4s_12s_13_4_1_84                                                      |    70|
|421   |      compute_controller_mac_muladd_8s_4s_12s_13_4_1_DSP48_0_U                           |compute_controller_mac_muladd_8s_4s_12s_13_4_1_DSP48_0_103                                             |    70|
|422   |    mac_muladd_8s_4s_12s_13_4_1_U543                                                     |compute_controller_mac_muladd_8s_4s_12s_13_4_1_85                                                      |    54|
|423   |      compute_controller_mac_muladd_8s_4s_12s_13_4_1_DSP48_0_U                           |compute_controller_mac_muladd_8s_4s_12s_13_4_1_DSP48_0_102                                             |    54|
|424   |    mac_muladd_8s_4s_12s_13_4_1_U544                                                     |compute_controller_mac_muladd_8s_4s_12s_13_4_1_86                                                      |    86|
|425   |      compute_controller_mac_muladd_8s_4s_12s_13_4_1_DSP48_0_U                           |compute_controller_mac_muladd_8s_4s_12s_13_4_1_DSP48_0_101                                             |    86|
|426   |    mac_muladd_8s_4s_12s_13_4_1_U545                                                     |compute_controller_mac_muladd_8s_4s_12s_13_4_1_87                                                      |    54|
|427   |      compute_controller_mac_muladd_8s_4s_12s_13_4_1_DSP48_0_U                           |compute_controller_mac_muladd_8s_4s_12s_13_4_1_DSP48_0_100                                             |    54|
|428   |    mac_muladd_8s_4s_12s_13_4_1_U546                                                     |compute_controller_mac_muladd_8s_4s_12s_13_4_1_88                                                      |    70|
|429   |      compute_controller_mac_muladd_8s_4s_12s_13_4_1_DSP48_0_U                           |compute_controller_mac_muladd_8s_4s_12s_13_4_1_DSP48_0_99                                              |    70|
|430   |    mac_muladd_8s_4s_12s_13_4_1_U547                                                     |compute_controller_mac_muladd_8s_4s_12s_13_4_1_89                                                      |    54|
|431   |      compute_controller_mac_muladd_8s_4s_12s_13_4_1_DSP48_0_U                           |compute_controller_mac_muladd_8s_4s_12s_13_4_1_DSP48_0_98                                              |    54|
|432   |    mul_8s_4s_12_1_1_U532                                                                |compute_controller_mul_8s_4s_12_1_1_90                                                                 |    11|
|433   |    mul_8s_4s_12_1_1_U533                                                                |compute_controller_mul_8s_4s_12_1_1_91                                                                 |    11|
|434   |    mul_8s_4s_12_1_1_U534                                                                |compute_controller_mul_8s_4s_12_1_1_92                                                                 |    11|
|435   |    mul_8s_4s_12_1_1_U535                                                                |compute_controller_mul_8s_4s_12_1_1_93                                                                 |    11|
|436   |    mul_8s_4s_12_1_1_U536                                                                |compute_controller_mul_8s_4s_12_1_1_94                                                                 |    11|
|437   |    mul_8s_4s_12_1_1_U537                                                                |compute_controller_mul_8s_4s_12_1_1_95                                                                 |    11|
|438   |    mul_8s_4s_12_1_1_U538                                                                |compute_controller_mul_8s_4s_12_1_1_96                                                                 |    11|
|439   |    mul_8s_4s_12_1_1_U539                                                                |compute_controller_mul_8s_4s_12_1_1_97                                                                 |    11|
|440   |  grp_compute_controller_Pipeline_VITIS_LOOP_43_2_fu_30618                               |compute_controller_compute_controller_Pipeline_VITIS_LOOP_43_2                                         |   745|
|441   |    flow_control_loop_pipe_sequential_init_U                                             |compute_controller_flow_control_loop_pipe_sequential_init                                              |    22|
|442   |    mac_muladd_8s_4s_12s_13_4_1_U79                                                      |compute_controller_mac_muladd_8s_4s_12s_13_4_1                                                         |   143|
|443   |      compute_controller_mac_muladd_8s_4s_12s_13_4_1_DSP48_0_U                           |compute_controller_mac_muladd_8s_4s_12s_13_4_1_DSP48_0_80                                              |   143|
|444   |    mac_muladd_8s_4s_12s_13_4_1_U80                                                      |compute_controller_mac_muladd_8s_4s_12s_13_4_1_60                                                      |    54|
|445   |      compute_controller_mac_muladd_8s_4s_12s_13_4_1_DSP48_0_U                           |compute_controller_mac_muladd_8s_4s_12s_13_4_1_DSP48_0_79                                              |    54|
|446   |    mac_muladd_8s_4s_12s_13_4_1_U81                                                      |compute_controller_mac_muladd_8s_4s_12s_13_4_1_61                                                      |    70|
|447   |      compute_controller_mac_muladd_8s_4s_12s_13_4_1_DSP48_0_U                           |compute_controller_mac_muladd_8s_4s_12s_13_4_1_DSP48_0_78                                              |    70|
|448   |    mac_muladd_8s_4s_12s_13_4_1_U82                                                      |compute_controller_mac_muladd_8s_4s_12s_13_4_1_62                                                      |    54|
|449   |      compute_controller_mac_muladd_8s_4s_12s_13_4_1_DSP48_0_U                           |compute_controller_mac_muladd_8s_4s_12s_13_4_1_DSP48_0_77                                              |    54|
|450   |    mac_muladd_8s_4s_12s_13_4_1_U83                                                      |compute_controller_mac_muladd_8s_4s_12s_13_4_1_63                                                      |    86|
|451   |      compute_controller_mac_muladd_8s_4s_12s_13_4_1_DSP48_0_U                           |compute_controller_mac_muladd_8s_4s_12s_13_4_1_DSP48_0_76                                              |    86|
|452   |    mac_muladd_8s_4s_12s_13_4_1_U84                                                      |compute_controller_mac_muladd_8s_4s_12s_13_4_1_64                                                      |    54|
|453   |      compute_controller_mac_muladd_8s_4s_12s_13_4_1_DSP48_0_U                           |compute_controller_mac_muladd_8s_4s_12s_13_4_1_DSP48_0_75                                              |    54|
|454   |    mac_muladd_8s_4s_12s_13_4_1_U85                                                      |compute_controller_mac_muladd_8s_4s_12s_13_4_1_65                                                      |    70|
|455   |      compute_controller_mac_muladd_8s_4s_12s_13_4_1_DSP48_0_U                           |compute_controller_mac_muladd_8s_4s_12s_13_4_1_DSP48_0_74                                              |    70|
|456   |    mac_muladd_8s_4s_12s_13_4_1_U86                                                      |compute_controller_mac_muladd_8s_4s_12s_13_4_1_66                                                      |    54|
|457   |      compute_controller_mac_muladd_8s_4s_12s_13_4_1_DSP48_0_U                           |compute_controller_mac_muladd_8s_4s_12s_13_4_1_DSP48_0                                                 |    54|
|458   |    mul_8s_4s_12_1_1_U71                                                                 |compute_controller_mul_8s_4s_12_1_1                                                                    |    11|
|459   |    mul_8s_4s_12_1_1_U72                                                                 |compute_controller_mul_8s_4s_12_1_1_67                                                                 |    11|
|460   |    mul_8s_4s_12_1_1_U73                                                                 |compute_controller_mul_8s_4s_12_1_1_68                                                                 |    11|
|461   |    mul_8s_4s_12_1_1_U74                                                                 |compute_controller_mul_8s_4s_12_1_1_69                                                                 |    11|
|462   |    mul_8s_4s_12_1_1_U75                                                                 |compute_controller_mul_8s_4s_12_1_1_70                                                                 |    11|
|463   |    mul_8s_4s_12_1_1_U76                                                                 |compute_controller_mul_8s_4s_12_1_1_71                                                                 |    11|
|464   |    mul_8s_4s_12_1_1_U77                                                                 |compute_controller_mul_8s_4s_12_1_1_72                                                                 |    11|
|465   |    mul_8s_4s_12_1_1_U78                                                                 |compute_controller_mul_8s_4s_12_1_1_73                                                                 |    11|
|466   |  p_ZZ18compute_controllerbbjRbS_bS_S_RjPKhPhR12ComputeStateS0_RhS6_S6_S6_S_S_S_S_E_10_U |compute_controller_compute_controller_bool_bool_unsigned_int_bool_bool_bool_bool_bool_u_29_RAM_ArcU_36 |   200|
|467   |  p_ZZ18compute_controllerbbjRbS_bS_S_RjPKhPhR12ComputeStateS0_RhS6_S6_S6_S_S_S_S_E_11_U |compute_controller_compute_controller_bool_bool_unsigned_int_bool_bool_bool_bool_bool_u_29_RAM_ArcU_37 |   265|
|468   |  p_ZZ18compute_controllerbbjRbS_bS_S_RjPKhPhR12ComputeStateS0_RhS6_S6_S6_S_S_S_S_E_12_U |compute_controller_compute_controller_bool_bool_unsigned_int_bool_bool_bool_bool_bool_u_39_RAM_AHfu_38 |     1|
|469   |  p_ZZ18compute_controllerbbjRbS_bS_S_RjPKhPhR12ComputeStateS0_RhS6_S6_S6_S_S_S_S_E_13_U |compute_controller_compute_controller_bool_bool_unsigned_int_bool_bool_bool_bool_bool_u_39_RAM_AHfu_39 |     1|
|470   |  p_ZZ18compute_controllerbbjRbS_bS_S_RjPKhPhR12ComputeStateS0_RhS6_S6_S6_S_S_S_S_E_14_U |compute_controller_compute_controller_bool_bool_unsigned_int_bool_bool_bool_bool_bool_u_39_RAM_AHfu_40 |     1|
|471   |  p_ZZ18compute_controllerbbjRbS_bS_S_RjPKhPhR12ComputeStateS0_RhS6_S6_S6_S_S_S_S_E_15_U |compute_controller_compute_controller_bool_bool_unsigned_int_bool_bool_bool_bool_bool_u_39_RAM_AHfu_41 |     1|
|472   |  p_ZZ18compute_controllerbbjRbS_bS_S_RjPKhPhR12ComputeStateS0_RhS6_S6_S6_S_S_S_S_E_16_U |compute_controller_compute_controller_bool_bool_unsigned_int_bool_bool_bool_bool_bool_u_39_RAM_AHfu_42 |     1|
|473   |  p_ZZ18compute_controllerbbjRbS_bS_S_RjPKhPhR12ComputeStateS0_RhS6_S6_S6_S_S_S_S_E_17_U |compute_controller_compute_controller_bool_bool_unsigned_int_bool_bool_bool_bool_bool_u_39_RAM_AHfu_43 |     1|
|474   |  p_ZZ18compute_controllerbbjRbS_bS_S_RjPKhPhR12ComputeStateS0_RhS6_S6_S6_S_S_S_S_E_18_U |compute_controller_compute_controller_bool_bool_unsigned_int_bool_bool_bool_bool_bool_u_19_RAM_AXh4_44 |    38|
|475   |  p_ZZ18compute_controllerbbjRbS_bS_S_RjPKhPhR12ComputeStateS0_RhS6_S6_S6_S_S_S_S_E_19_U |compute_controller_compute_controller_bool_bool_unsigned_int_bool_bool_bool_bool_bool_u_19_RAM_AXh4_45 |    38|
|476   |  p_ZZ18compute_controllerbbjRbS_bS_S_RjPKhPhR12ComputeStateS0_RhS6_S6_S6_S_S_S_S_E_1_U  |compute_controller_compute_controller_bool_bool_unsigned_int_bool_bool_bool_bool_bool_u_9_RAM_AUbkb_46 |   121|
|477   |  p_ZZ18compute_controllerbbjRbS_bS_S_RjPKhPhR12ComputeStateS0_RhS6_S6_S6_S_S_S_S_E_20_U |compute_controller_compute_controller_bool_bool_unsigned_int_bool_bool_bool_bool_bool_u_19_RAM_AXh4_47 |    38|
|478   |  p_ZZ18compute_controllerbbjRbS_bS_S_RjPKhPhR12ComputeStateS0_RhS6_S6_S6_S_S_S_S_E_21_U |compute_controller_compute_controller_bool_bool_unsigned_int_bool_bool_bool_bool_bool_u_19_RAM_AXh4_48 |    38|
|479   |  p_ZZ18compute_controllerbbjRbS_bS_S_RjPKhPhR12ComputeStateS0_RhS6_S6_S6_S_S_S_S_E_22_U |compute_controller_compute_controller_bool_bool_unsigned_int_bool_bool_bool_bool_bool_u_19_RAM_AXh4_49 |    38|
|480   |  p_ZZ18compute_controllerbbjRbS_bS_S_RjPKhPhR12ComputeStateS0_RhS6_S6_S6_S_S_S_S_E_23_U |compute_controller_compute_controller_bool_bool_unsigned_int_bool_bool_bool_bool_bool_u_19_RAM_AXh4_50 |    38|
|481   |  p_ZZ18compute_controllerbbjRbS_bS_S_RjPKhPhR12ComputeStateS0_RhS6_S6_S6_S_S_S_S_E_2_U  |compute_controller_compute_controller_bool_bool_unsigned_int_bool_bool_bool_bool_bool_u_9_RAM_AUbkb_51 |   153|
|482   |  p_ZZ18compute_controllerbbjRbS_bS_S_RjPKhPhR12ComputeStateS0_RhS6_S6_S6_S_S_S_S_E_3_U  |compute_controller_compute_controller_bool_bool_unsigned_int_bool_bool_bool_bool_bool_u_9_RAM_AUbkb_52 |   117|
|483   |  p_ZZ18compute_controllerbbjRbS_bS_S_RjPKhPhR12ComputeStateS0_RhS6_S6_S6_S_S_S_S_E_4_U  |compute_controller_compute_controller_bool_bool_unsigned_int_bool_bool_bool_bool_bool_u_9_RAM_AUbkb_53 |   153|
|484   |  p_ZZ18compute_controllerbbjRbS_bS_S_RjPKhPhR12ComputeStateS0_RhS6_S6_S6_S_S_S_S_E_5_U  |compute_controller_compute_controller_bool_bool_unsigned_int_bool_bool_bool_bool_bool_u_9_RAM_AUbkb_54 |   117|
|485   |  p_ZZ18compute_controllerbbjRbS_bS_S_RjPKhPhR12ComputeStateS0_RhS6_S6_S6_S_S_S_S_E_6_U  |compute_controller_compute_controller_bool_bool_unsigned_int_bool_bool_bool_bool_bool_u_29_RAM_ArcU_55 |   558|
|486   |  p_ZZ18compute_controllerbbjRbS_bS_S_RjPKhPhR12ComputeStateS0_RhS6_S6_S6_S_S_S_S_E_7_U  |compute_controller_compute_controller_bool_bool_unsigned_int_bool_bool_bool_bool_bool_u_29_RAM_ArcU_56 |   445|
|487   |  p_ZZ18compute_controllerbbjRbS_bS_S_RjPKhPhR12ComputeStateS0_RhS6_S6_S6_S_S_S_S_E_8_U  |compute_controller_compute_controller_bool_bool_unsigned_int_bool_bool_bool_bool_bool_u_29_RAM_ArcU_57 |   200|
|488   |  p_ZZ18compute_controllerbbjRbS_bS_S_RjPKhPhR12ComputeStateS0_RhS6_S6_S6_S_S_S_S_E_9_U  |compute_controller_compute_controller_bool_bool_unsigned_int_bool_bool_bool_bool_bool_u_29_RAM_ArcU_58 |   265|
|489   |  p_ZZ18compute_controllerbbjRbS_bS_S_RjPKhPhR12ComputeStateS0_RhS6_S6_S6_S_S_S_S_E_U    |compute_controller_compute_controller_bool_bool_unsigned_int_bool_bool_bool_bool_bool_u_9_RAM_AUbkb_59 |   179|
+------+-----------------------------------------------------------------------------------------+-------------------------------------------------------------------------------------------------------+------+
---------------------------------------------------------------------------------
Finished Writing Synthesis Report : Time (s): cpu = 00:00:54 ; elapsed = 00:00:54 . Memory (MB): peak = 3094.828 ; gain = 1515.188 ; free physical = 7063 ; free virtual = 26676
---------------------------------------------------------------------------------
Synthesis finished with 0 errors, 0 critical warnings and 550 warnings.
Synthesis Optimization Runtime : Time (s): cpu = 00:00:54 ; elapsed = 00:00:54 . Memory (MB): peak = 3094.828 ; gain = 1515.188 ; free physical = 7048 ; free virtual = 26661
Synthesis Optimization Complete : Time (s): cpu = 00:00:54 ; elapsed = 00:00:54 . Memory (MB): peak = 3094.836 ; gain = 1515.188 ; free physical = 7048 ; free virtual = 26661
INFO: [Project 1-571] Translating synthesized netlist
Netlist sorting complete. Time (s): cpu = 00:00:00.23 ; elapsed = 00:00:00.23 . Memory (MB): peak = 3094.836 ; gain = 0.000 ; free physical = 7174 ; free virtual = 26790
INFO: [Netlist 29-17] Analyzing 1966 Unisim elements for replacement
INFO: [Netlist 29-28] Unisim Transformation completed in 0 CPU seconds
INFO: [Project 1-570] Preparing netlist for logic optimization
INFO: [Opt 31-138] Pushed 0 inverter(s) to 0 load pin(s).
Netlist sorting complete. Time (s): cpu = 00:00:00.01 ; elapsed = 00:00:00 . Memory (MB): peak = 3190.848 ; gain = 0.000 ; free physical = 7128 ; free virtual = 26755
INFO: [Project 1-111] Unisim Transformation Summary:
  A total of 351 instances were transformed.
  BUFG => BUFGCE: 1 instance 
  IBUF => IBUF (IBUFCTRL, INBUF): 46 instances
  RAM16X1S => RAM32X1S (RAMS32): 304 instances

Synth Design complete | Checksum: 4f246c05
INFO: [Common 17-83] Releasing license: Synthesis
186 Infos, 138 Warnings, 0 Critical Warnings and 0 Errors encountered.
synth_design completed successfully
synth_design: Time (s): cpu = 00:01:02 ; elapsed = 00:00:59 . Memory (MB): peak = 3190.883 ; gain = 1611.242 ; free physical = 7127 ; free virtual = 26754
INFO: [Common 17-2834] synth_design peak Physical Memory [PSS] (MB): overall = 2558.327; main = 2385.804; forked = 274.137
INFO: [Common 17-2834] synth_design peak Virtual Memory [VSS] (MB): overall = 4058.742; main = 3190.852; forked = 963.910
Write ShapeDB Complete: Time (s): cpu = 00:00:00.08 ; elapsed = 00:00:00.03 . Memory (MB): peak = 3214.859 ; gain = 0.000 ; free physical = 7116 ; free virtual = 26750
INFO: [Common 17-1381] The checkpoint '/home/luka/Scripting/ELEC_498-Capstone-LiteLM/vivado_simulations/Compute_Block/Compute_Block.runs/synth_1/compute_controller.dcp' has been generated.
INFO: [Vivado 12-24828] Executing command : report_utilization -file compute_controller_utilization_synth.rpt -pb compute_controller_utilization_synth.pb
INFO: [Common 17-206] Exiting Vivado at Thu Jan 22 19:38:44 2026...
