

================================================================
== Vitis HLS Report for 'compute_controller_Pipeline_VITIS_LOOP_42_24'
================================================================
* Date:           Tue Feb  3 19:41:30 2026

* Version:        2025.1 (Build 6135595 on May 21 2025)
* Project:        transformer_top
* Solution:       hls (Vivado IP Flow Target)
* Product family: zynquplus
* Target device:  xck26-sfvc784-2LV-c


================================================================
== Performance Estimates
================================================================
+ Timing: 
    * Summary: 
    +--------+----------+----------+------------+
    |  Clock |  Target  | Estimated| Uncertainty|
    +--------+----------+----------+------------+
    |ap_clk  |  10.00 ns|  3.702 ns|     2.70 ns|
    +--------+----------+----------+------------+

+ Latency: 
    * Summary: 
    +---------+---------+-----------+-----------+-----+-----+------------------------------------------------+
    |  Latency (cycles) |   Latency (absolute)  |  Interval |                    Pipeline                    |
    |   min   |   max   |    min    |    max    | min | max |                      Type                      |
    +---------+---------+-----------+-----------+-----+-----+------------------------------------------------+
    |        9|        9|  90.000 ns|  90.000 ns|    2|    2|  loop auto-rewind stp (delay=0 clock cycles(s))|
    +---------+---------+-----------+-----------+-----+-----+------------------------------------------------+

    + Detail: 
        * Instance: 
        N/A

        * Loop: 
        +-------------------+---------+---------+----------+-----------+-----------+------+----------+
        |                   |  Latency (cycles) | Iteration|  Initiation Interval  | Trip |          |
        |     Loop Name     |   min   |   max   |  Latency |  achieved |   target  | Count| Pipelined|
        +-------------------+---------+---------+----------+-----------+-----------+------+----------+
        |- VITIS_LOOP_42_2  |        7|        7|         7|          1|          1|     1|       yes|
        +-------------------+---------+---------+----------+-----------+-----------+------+----------+

============================================================
+ Verbose Summary: Synthesis Manager
============================================================
InlineROM: 1
ExposeGlobal: 0
============================================================
+ Verbose Summary: CDFG Model
============================================================
IsTopModel: 0
ResetActiveHigh: 1
IsCombinational: 0
IsDatapathOnly: 0
HasWiredReturn: 1
HasMFsm: 2
HasVarLatency: 1
IsPipeline: 0
IsRtlPipelined: 0
IsInstanceOverlapped: 0
IsDontTouch: 0
HasImplIP: 0
IsGatedGlobalClock: 0

+ Individual pipeline summary: 
  * Pipeline-0: initiation interval (II) = 1, depth = 7


============================================================
+ Verbose Summary: Schedule
============================================================
* Number of FSM states : 7
* Pipeline : 1
  Pipeline-0 : II = 1, D = 7, States = { 1 2 3 4 5 6 7 }
* Dataflow Pipeline: 0

* FSM state transitions: 
1 --> 2 
2 --> 3 
3 --> 4 
4 --> 5 
5 --> 6 
6 --> 7 
7 --> 

* FSM state operations: 

State 1 <SV = 0> <Delay = 1.64>
ST_1 : Operation 10 [1/1] (0.00ns)   --->   "%acc = alloca i32 1" [/home/luka/Scripting/ELEC_498-Capstone-LiteLM/HLS-Verilog/Transformer_logic/src-hls/compute_controller.cpp:41->/home/luka/Scripting/ELEC_498-Capstone-LiteLM/HLS-Verilog/Transformer_logic/src-hls/compute_controller.cpp:720]   --->   Operation 10 'alloca' 'acc' <Predicate = true> <Delay = 0.00>
ST_1 : Operation 11 [1/1] (0.00ns)   --->   "%i = alloca i32 1" [/home/luka/Scripting/ELEC_498-Capstone-LiteLM/HLS-Verilog/Transformer_logic/src-hls/compute_controller.cpp:42->/home/luka/Scripting/ELEC_498-Capstone-LiteLM/HLS-Verilog/Transformer_logic/src-hls/compute_controller.cpp:720]   --->   Operation 11 'alloca' 'i' <Predicate = true> <Delay = 0.00>
ST_1 : Operation 12 [1/1] (0.00ns)   --->   "%acc_14_read = read i32 @_ssdm_op_Read.ap_auto.i32, i32 %acc_14"   --->   Operation 12 'read' 'acc_14_read' <Predicate = true> <Delay = 0.00>
ST_1 : Operation 13 [1/1] (0.42ns)   --->   "%store_ln42 = store i5 0, i5 %i" [/home/luka/Scripting/ELEC_498-Capstone-LiteLM/HLS-Verilog/Transformer_logic/src-hls/compute_controller.cpp:42->/home/luka/Scripting/ELEC_498-Capstone-LiteLM/HLS-Verilog/Transformer_logic/src-hls/compute_controller.cpp:720]   --->   Operation 13 'store' 'store_ln42' <Predicate = true> <Delay = 0.42>
ST_1 : Operation 14 [1/1] (0.42ns)   --->   "%store_ln41 = store i32 %acc_14_read, i32 %acc" [/home/luka/Scripting/ELEC_498-Capstone-LiteLM/HLS-Verilog/Transformer_logic/src-hls/compute_controller.cpp:41->/home/luka/Scripting/ELEC_498-Capstone-LiteLM/HLS-Verilog/Transformer_logic/src-hls/compute_controller.cpp:720]   --->   Operation 14 'store' 'store_ln41' <Predicate = true> <Delay = 0.42>
ST_1 : Operation 15 [1/1] (0.00ns)   --->   "%br_ln0 = br void %for.body15.i.4.0.split"   --->   Operation 15 'br' 'br_ln0' <Predicate = true> <Delay = 0.00>
ST_1 : Operation 16 [1/1] (0.00ns)   --->   "%i_13 = load i5 %i" [/home/luka/Scripting/ELEC_498-Capstone-LiteLM/HLS-Verilog/Transformer_logic/src-hls/compute_controller.cpp:42->/home/luka/Scripting/ELEC_498-Capstone-LiteLM/HLS-Verilog/Transformer_logic/src-hls/compute_controller.cpp:720]   --->   Operation 16 'load' 'i_13' <Predicate = true> <Delay = 0.00>
ST_1 : Operation 17 [1/1] (0.00ns)   --->   "%tmp = bitselect i1 @_ssdm_op_BitSelect.i1.i5.i32, i5 %i_13, i32 4" [/home/luka/Scripting/ELEC_498-Capstone-LiteLM/HLS-Verilog/Transformer_logic/src-hls/compute_controller.cpp:41->/home/luka/Scripting/ELEC_498-Capstone-LiteLM/HLS-Verilog/Transformer_logic/src-hls/compute_controller.cpp:720]   --->   Operation 17 'bitselect' 'tmp' <Predicate = true> <Delay = 0.00>
ST_1 : Operation 18 [1/1] (0.00ns)   --->   "%zext_ln41 = zext i1 %tmp" [/home/luka/Scripting/ELEC_498-Capstone-LiteLM/HLS-Verilog/Transformer_logic/src-hls/compute_controller.cpp:41->/home/luka/Scripting/ELEC_498-Capstone-LiteLM/HLS-Verilog/Transformer_logic/src-hls/compute_controller.cpp:720]   --->   Operation 18 'zext' 'zext_ln41' <Predicate = true> <Delay = 0.00>
ST_1 : Operation 19 [1/1] (0.00ns)   --->   "%tmp_s = partselect i2 @_ssdm_op_PartSelect.i2.i5.i32.i32, i5 %i_13, i32 3, i32 4" [/home/luka/Scripting/ELEC_498-Capstone-LiteLM/HLS-Verilog/Transformer_logic/src-hls/compute_controller.cpp:42->/home/luka/Scripting/ELEC_498-Capstone-LiteLM/HLS-Verilog/Transformer_logic/src-hls/compute_controller.cpp:720]   --->   Operation 19 'partselect' 'tmp_s' <Predicate = true> <Delay = 0.00>
ST_1 : Operation 20 [1/1] (0.00ns)   --->   "%trunc_ln42 = trunc i5 %i_13" [/home/luka/Scripting/ELEC_498-Capstone-LiteLM/HLS-Verilog/Transformer_logic/src-hls/compute_controller.cpp:42->/home/luka/Scripting/ELEC_498-Capstone-LiteLM/HLS-Verilog/Transformer_logic/src-hls/compute_controller.cpp:720]   --->   Operation 20 'trunc' 'trunc_ln42' <Predicate = true> <Delay = 0.00>
ST_1 : Operation 21 [1/1] (0.00ns)   --->   "%or_ln42_8 = bitconcatenate i5 @_ssdm_op_BitConcatenate.i5.i2.i2.i1, i2 %tmp_s, i2 3, i1 %trunc_ln42" [/home/luka/Scripting/ELEC_498-Capstone-LiteLM/HLS-Verilog/Transformer_logic/src-hls/compute_controller.cpp:42->/home/luka/Scripting/ELEC_498-Capstone-LiteLM/HLS-Verilog/Transformer_logic/src-hls/compute_controller.cpp:720]   --->   Operation 21 'bitconcatenate' 'or_ln42_8' <Predicate = true> <Delay = 0.00>
ST_1 : Operation 22 [1/1] (0.78ns)   --->   "%icmp_ln42 = icmp_eq  i5 %or_ln42_8, i5 22" [/home/luka/Scripting/ELEC_498-Capstone-LiteLM/HLS-Verilog/Transformer_logic/src-hls/compute_controller.cpp:42->/home/luka/Scripting/ELEC_498-Capstone-LiteLM/HLS-Verilog/Transformer_logic/src-hls/compute_controller.cpp:720]   --->   Operation 22 'icmp' 'icmp_ln42' <Predicate = true> <Delay = 0.78> <CoreInst = "Cmp">   --->   Core 9 'Cmp' <Latency = 0> <II = 1> <Delay = 0.78> <FuncUnit> <Opcode : 'seteq' 'setne' 'setle' 'setge' 'setlt' 'setgt'> <InPorts = 2> <OutPorts = 1>
ST_1 : Operation 23 [1/1] (0.00ns)   --->   "%br_ln42 = br i1 %icmp_ln42, void %for.body15.i.4.6, void %for.cond.cleanup14.i.4.exitStub" [/home/luka/Scripting/ELEC_498-Capstone-LiteLM/HLS-Verilog/Transformer_logic/src-hls/compute_controller.cpp:42->/home/luka/Scripting/ELEC_498-Capstone-LiteLM/HLS-Verilog/Transformer_logic/src-hls/compute_controller.cpp:720]   --->   Operation 23 'br' 'br_ln42' <Predicate = true> <Delay = 0.00>
ST_1 : Operation 24 [1/1] (0.00ns)   --->   "%or_ln44_3 = bitconcatenate i2 @_ssdm_op_BitConcatenate.i2.i1.i1, i1 1, i1 %tmp" [/home/luka/Scripting/ELEC_498-Capstone-LiteLM/HLS-Verilog/Transformer_logic/src-hls/compute_controller.cpp:44->/home/luka/Scripting/ELEC_498-Capstone-LiteLM/HLS-Verilog/Transformer_logic/src-hls/compute_controller.cpp:720]   --->   Operation 24 'bitconcatenate' 'or_ln44_3' <Predicate = (!icmp_ln42)> <Delay = 0.00>
ST_1 : Operation 25 [1/1] (0.00ns)   --->   "%sext_ln44_7 = sext i2 %or_ln44_3" [/home/luka/Scripting/ELEC_498-Capstone-LiteLM/HLS-Verilog/Transformer_logic/src-hls/compute_controller.cpp:44->/home/luka/Scripting/ELEC_498-Capstone-LiteLM/HLS-Verilog/Transformer_logic/src-hls/compute_controller.cpp:720]   --->   Operation 25 'sext' 'sext_ln44_7' <Predicate = (!icmp_ln42)> <Delay = 0.00>
ST_1 : Operation 26 [1/1] (0.00ns)   --->   "%zext_ln44 = zext i3 %sext_ln44_7" [/home/luka/Scripting/ELEC_498-Capstone-LiteLM/HLS-Verilog/Transformer_logic/src-hls/compute_controller.cpp:44->/home/luka/Scripting/ELEC_498-Capstone-LiteLM/HLS-Verilog/Transformer_logic/src-hls/compute_controller.cpp:720]   --->   Operation 26 'zext' 'zext_ln44' <Predicate = (!icmp_ln42)> <Delay = 0.00>
ST_1 : Operation 27 [1/1] (0.00ns)   --->   "%compute_controller_ControlMemSpace_bool_unsigned_int_bool_bool_bool_bool_308 = getelementptr i4 %compute_controller_ControlMemSpace_bool_unsigned_int_bool_bool_bool_bool_88, i64 0, i64 %zext_ln44" [/home/luka/Scripting/ELEC_498-Capstone-LiteLM/HLS-Verilog/Transformer_logic/src-hls/compute_controller.cpp:44->/home/luka/Scripting/ELEC_498-Capstone-LiteLM/HLS-Verilog/Transformer_logic/src-hls/compute_controller.cpp:720]   --->   Operation 27 'getelementptr' 'compute_controller_ControlMemSpace_bool_unsigned_int_bool_bool_bool_bool_308' <Predicate = (!icmp_ln42)> <Delay = 0.00>
ST_1 : Operation 28 [2/2] (0.67ns)   --->   "%w_9 = load i3 %compute_controller_ControlMemSpace_bool_unsigned_int_bool_bool_bool_bool_308" [/home/luka/Scripting/ELEC_498-Capstone-LiteLM/HLS-Verilog/Transformer_logic/src-hls/compute_controller.cpp:44->/home/luka/Scripting/ELEC_498-Capstone-LiteLM/HLS-Verilog/Transformer_logic/src-hls/compute_controller.cpp:720]   --->   Operation 28 'load' 'w_9' <Predicate = (!icmp_ln42)> <Delay = 0.67> <CoreInst = "RAM">   --->   Core 82 'RAM' <Latency = 1> <II = 1> <Delay = 0.67> <Storage> <Opcode : 'load' 'store'> <Ports = 2> <Width = 4> <Depth = 7> <RAM>
ST_1 : Operation 29 [1/1] (0.00ns)   --->   "%compute_controller_ControlMemSpace_bool_unsigned_int_bool_bool_bool_bool_309 = getelementptr i16 %compute_controller_ControlMemSpace_bool_unsigned_int_bool_bool_bool_bool_58, i64 0, i64 %zext_ln41" [/home/luka/Scripting/ELEC_498-Capstone-LiteLM/HLS-Verilog/Transformer_logic/src-hls/compute_controller.cpp:45->/home/luka/Scripting/ELEC_498-Capstone-LiteLM/HLS-Verilog/Transformer_logic/src-hls/compute_controller.cpp:720]   --->   Operation 29 'getelementptr' 'compute_controller_ControlMemSpace_bool_unsigned_int_bool_bool_bool_bool_309' <Predicate = (!icmp_ln42)> <Delay = 0.00>
ST_1 : Operation 30 [2/2] (0.67ns)   --->   "%compute_controller_ControlMemSpace_bool_unsigned_int_bool_bool_bool_bool_310 = load i1 %compute_controller_ControlMemSpace_bool_unsigned_int_bool_bool_bool_bool_309" [/home/luka/Scripting/ELEC_498-Capstone-LiteLM/HLS-Verilog/Transformer_logic/src-hls/compute_controller.cpp:45->/home/luka/Scripting/ELEC_498-Capstone-LiteLM/HLS-Verilog/Transformer_logic/src-hls/compute_controller.cpp:720]   --->   Operation 30 'load' 'compute_controller_ControlMemSpace_bool_unsigned_int_bool_bool_bool_bool_310' <Predicate = (!icmp_ln42)> <Delay = 0.67> <CoreInst = "RAM">   --->   Core 82 'RAM' <Latency = 1> <II = 1> <Delay = 0.67> <Storage> <Opcode : 'load' 'store'> <Ports = 2> <Width = 16> <Depth = 2> <RAM>
ST_1 : Operation 31 [1/1] (0.00ns)   --->   "%bit_sel = bitselect i1 @_ssdm_op_BitSelect.i1.i5.i5, i5 %i_13, i5 4" [/home/luka/Scripting/ELEC_498-Capstone-LiteLM/HLS-Verilog/Transformer_logic/src-hls/compute_controller.cpp:42->/home/luka/Scripting/ELEC_498-Capstone-LiteLM/HLS-Verilog/Transformer_logic/src-hls/compute_controller.cpp:720]   --->   Operation 31 'bitselect' 'bit_sel' <Predicate = (!icmp_ln42)> <Delay = 0.00>
ST_1 : Operation 32 [1/1] (0.28ns)   --->   "%xor_ln42 = xor i1 %bit_sel, i1 1" [/home/luka/Scripting/ELEC_498-Capstone-LiteLM/HLS-Verilog/Transformer_logic/src-hls/compute_controller.cpp:42->/home/luka/Scripting/ELEC_498-Capstone-LiteLM/HLS-Verilog/Transformer_logic/src-hls/compute_controller.cpp:720]   --->   Operation 32 'xor' 'xor_ln42' <Predicate = (!icmp_ln42)> <Delay = 0.28> <CoreInst = "LogicGate">   --->   Core 74 'LogicGate' <Latency = 0> <II = 1> <Delay = 0.28> <FuncUnit> <Opcode : 'and' 'or' 'xor'> <InPorts = 2> <OutPorts = 1>
ST_1 : Operation 33 [1/1] (0.00ns)   --->   "%trunc_ln42_4 = trunc i5 %i_13" [/home/luka/Scripting/ELEC_498-Capstone-LiteLM/HLS-Verilog/Transformer_logic/src-hls/compute_controller.cpp:42->/home/luka/Scripting/ELEC_498-Capstone-LiteLM/HLS-Verilog/Transformer_logic/src-hls/compute_controller.cpp:720]   --->   Operation 33 'trunc' 'trunc_ln42_4' <Predicate = (!icmp_ln42)> <Delay = 0.00>
ST_1 : Operation 34 [1/1] (0.00ns)   --->   "%xor_ln42_4 = bitconcatenate i5 @_ssdm_op_BitConcatenate.i5.i1.i4, i1 %xor_ln42, i4 %trunc_ln42_4" [/home/luka/Scripting/ELEC_498-Capstone-LiteLM/HLS-Verilog/Transformer_logic/src-hls/compute_controller.cpp:42->/home/luka/Scripting/ELEC_498-Capstone-LiteLM/HLS-Verilog/Transformer_logic/src-hls/compute_controller.cpp:720]   --->   Operation 34 'bitconcatenate' 'xor_ln42_4' <Predicate = (!icmp_ln42)> <Delay = 0.00>
ST_1 : Operation 35 [1/1] (0.42ns)   --->   "%store_ln42 = store i5 %xor_ln42_4, i5 %i" [/home/luka/Scripting/ELEC_498-Capstone-LiteLM/HLS-Verilog/Transformer_logic/src-hls/compute_controller.cpp:42->/home/luka/Scripting/ELEC_498-Capstone-LiteLM/HLS-Verilog/Transformer_logic/src-hls/compute_controller.cpp:720]   --->   Operation 35 'store' 'store_ln42' <Predicate = (!icmp_ln42)> <Delay = 0.42>

State 2 <SV = 1> <Delay = 1.67>
ST_2 : Operation 36 [1/1] (0.39ns)   --->   "%select_ln44 = select i1 %tmp, i64 6, i64 5" [/home/luka/Scripting/ELEC_498-Capstone-LiteLM/HLS-Verilog/Transformer_logic/src-hls/compute_controller.cpp:44->/home/luka/Scripting/ELEC_498-Capstone-LiteLM/HLS-Verilog/Transformer_logic/src-hls/compute_controller.cpp:720]   --->   Operation 36 'select' 'select_ln44' <Predicate = true> <Delay = 0.39> <CoreInst = "Sel">   --->   Core 73 'Sel' <Latency = 0> <II = 1> <Delay = 0.39> <FuncUnit> <Opcode : 'select'> <InPorts = 3> <OutPorts = 1>
ST_2 : Operation 37 [1/1] (0.00ns)   --->   "%compute_controller_ControlMemSpace_bool_unsigned_int_bool_bool_bool_bool_290 = getelementptr i4 %compute_controller_ControlMemSpace_bool_unsigned_int_bool_bool_bool_bool_80, i64 0, i64 %select_ln44" [/home/luka/Scripting/ELEC_498-Capstone-LiteLM/HLS-Verilog/Transformer_logic/src-hls/compute_controller.cpp:44->/home/luka/Scripting/ELEC_498-Capstone-LiteLM/HLS-Verilog/Transformer_logic/src-hls/compute_controller.cpp:720]   --->   Operation 37 'getelementptr' 'compute_controller_ControlMemSpace_bool_unsigned_int_bool_bool_bool_bool_290' <Predicate = true> <Delay = 0.00>
ST_2 : Operation 38 [2/2] (0.67ns)   --->   "%w_1 = load i3 %compute_controller_ControlMemSpace_bool_unsigned_int_bool_bool_bool_bool_290" [/home/luka/Scripting/ELEC_498-Capstone-LiteLM/HLS-Verilog/Transformer_logic/src-hls/compute_controller.cpp:44->/home/luka/Scripting/ELEC_498-Capstone-LiteLM/HLS-Verilog/Transformer_logic/src-hls/compute_controller.cpp:720]   --->   Operation 38 'load' 'w_1' <Predicate = true> <Delay = 0.67> <CoreInst = "RAM">   --->   Core 82 'RAM' <Latency = 1> <II = 1> <Delay = 0.67> <Storage> <Opcode : 'load' 'store'> <Ports = 2> <Width = 4> <Depth = 7> <RAM>
ST_2 : Operation 39 [1/1] (0.00ns)   --->   "%compute_controller_ControlMemSpace_bool_unsigned_int_bool_bool_bool_bool_291 = getelementptr i16 %compute_controller_ControlMemSpace_bool_unsigned_int_bool_bool_bool_bool_57, i64 0, i64 %zext_ln41" [/home/luka/Scripting/ELEC_498-Capstone-LiteLM/HLS-Verilog/Transformer_logic/src-hls/compute_controller.cpp:45->/home/luka/Scripting/ELEC_498-Capstone-LiteLM/HLS-Verilog/Transformer_logic/src-hls/compute_controller.cpp:720]   --->   Operation 39 'getelementptr' 'compute_controller_ControlMemSpace_bool_unsigned_int_bool_bool_bool_bool_291' <Predicate = true> <Delay = 0.00>
ST_2 : Operation 40 [2/2] (0.67ns)   --->   "%compute_controller_ControlMemSpace_bool_unsigned_int_bool_bool_bool_bool_292 = load i1 %compute_controller_ControlMemSpace_bool_unsigned_int_bool_bool_bool_bool_291" [/home/luka/Scripting/ELEC_498-Capstone-LiteLM/HLS-Verilog/Transformer_logic/src-hls/compute_controller.cpp:45->/home/luka/Scripting/ELEC_498-Capstone-LiteLM/HLS-Verilog/Transformer_logic/src-hls/compute_controller.cpp:720]   --->   Operation 40 'load' 'compute_controller_ControlMemSpace_bool_unsigned_int_bool_bool_bool_bool_292' <Predicate = true> <Delay = 0.67> <CoreInst = "RAM">   --->   Core 82 'RAM' <Latency = 1> <II = 1> <Delay = 0.67> <Storage> <Opcode : 'load' 'store'> <Ports = 2> <Width = 16> <Depth = 2> <RAM>
ST_2 : Operation 41 [1/1] (0.00ns)   --->   "%p_ZZ18compute_controller15ControlMemSpacebjRbS0_bS0_S0_RjPKhPhR12ComputeStateS1_R_126 = getelementptr i4 %p_ZZ18compute_controller15ControlMemSpacebjRbS0_bS0_S0_RjPKhPhR12ComputeStateS1_R_29, i64 0, i64 %select_ln44" [/home/luka/Scripting/ELEC_498-Capstone-LiteLM/HLS-Verilog/Transformer_logic/src-hls/compute_controller.cpp:44->/home/luka/Scripting/ELEC_498-Capstone-LiteLM/HLS-Verilog/Transformer_logic/src-hls/compute_controller.cpp:720]   --->   Operation 41 'getelementptr' 'p_ZZ18compute_controller15ControlMemSpacebjRbS0_bS0_S0_RjPKhPhR12ComputeStateS1_R_126' <Predicate = true> <Delay = 0.00>
ST_2 : Operation 42 [2/2] (0.67ns)   --->   "%w_2 = load i3 %p_ZZ18compute_controller15ControlMemSpacebjRbS0_bS0_S0_RjPKhPhR12ComputeStateS1_R_126" [/home/luka/Scripting/ELEC_498-Capstone-LiteLM/HLS-Verilog/Transformer_logic/src-hls/compute_controller.cpp:44->/home/luka/Scripting/ELEC_498-Capstone-LiteLM/HLS-Verilog/Transformer_logic/src-hls/compute_controller.cpp:720]   --->   Operation 42 'load' 'w_2' <Predicate = true> <Delay = 0.67> <CoreInst = "RAM">   --->   Core 82 'RAM' <Latency = 1> <II = 1> <Delay = 0.67> <Storage> <Opcode : 'load' 'store'> <Ports = 2> <Width = 4> <Depth = 7> <RAM>
ST_2 : Operation 43 [1/1] (0.00ns)   --->   "%compute_controller_ControlMemSpace_bool_unsigned_int_bool_bool_bool_bool_293 = getelementptr i16 %compute_controller_ControlMemSpace_bool_unsigned_int_bool_bool_bool_bool_56, i64 0, i64 %zext_ln41" [/home/luka/Scripting/ELEC_498-Capstone-LiteLM/HLS-Verilog/Transformer_logic/src-hls/compute_controller.cpp:45->/home/luka/Scripting/ELEC_498-Capstone-LiteLM/HLS-Verilog/Transformer_logic/src-hls/compute_controller.cpp:720]   --->   Operation 43 'getelementptr' 'compute_controller_ControlMemSpace_bool_unsigned_int_bool_bool_bool_bool_293' <Predicate = true> <Delay = 0.00>
ST_2 : Operation 44 [2/2] (0.67ns)   --->   "%compute_controller_ControlMemSpace_bool_unsigned_int_bool_bool_bool_bool_294 = load i1 %compute_controller_ControlMemSpace_bool_unsigned_int_bool_bool_bool_bool_293" [/home/luka/Scripting/ELEC_498-Capstone-LiteLM/HLS-Verilog/Transformer_logic/src-hls/compute_controller.cpp:45->/home/luka/Scripting/ELEC_498-Capstone-LiteLM/HLS-Verilog/Transformer_logic/src-hls/compute_controller.cpp:720]   --->   Operation 44 'load' 'compute_controller_ControlMemSpace_bool_unsigned_int_bool_bool_bool_bool_294' <Predicate = true> <Delay = 0.67> <CoreInst = "RAM">   --->   Core 82 'RAM' <Latency = 1> <II = 1> <Delay = 0.67> <Storage> <Opcode : 'load' 'store'> <Ports = 2> <Width = 16> <Depth = 2> <RAM>
ST_2 : Operation 45 [1/1] (0.00ns)   --->   "%p_ZZ18compute_controller15ControlMemSpacebjRbS0_bS0_S0_RjPKhPhR12ComputeStateS1_R_131 = getelementptr i4 %p_ZZ18compute_controller15ControlMemSpacebjRbS0_bS0_S0_RjPKhPhR12ComputeStateS1_R_24, i64 0, i64 %select_ln44" [/home/luka/Scripting/ELEC_498-Capstone-LiteLM/HLS-Verilog/Transformer_logic/src-hls/compute_controller.cpp:44->/home/luka/Scripting/ELEC_498-Capstone-LiteLM/HLS-Verilog/Transformer_logic/src-hls/compute_controller.cpp:720]   --->   Operation 45 'getelementptr' 'p_ZZ18compute_controller15ControlMemSpacebjRbS0_bS0_S0_RjPKhPhR12ComputeStateS1_R_131' <Predicate = (!icmp_ln42)> <Delay = 0.00>
ST_2 : Operation 46 [2/2] (0.67ns)   --->   "%w_7 = load i3 %p_ZZ18compute_controller15ControlMemSpacebjRbS0_bS0_S0_RjPKhPhR12ComputeStateS1_R_131" [/home/luka/Scripting/ELEC_498-Capstone-LiteLM/HLS-Verilog/Transformer_logic/src-hls/compute_controller.cpp:44->/home/luka/Scripting/ELEC_498-Capstone-LiteLM/HLS-Verilog/Transformer_logic/src-hls/compute_controller.cpp:720]   --->   Operation 46 'load' 'w_7' <Predicate = (!icmp_ln42)> <Delay = 0.67> <CoreInst = "RAM">   --->   Core 82 'RAM' <Latency = 1> <II = 1> <Delay = 0.67> <Storage> <Opcode : 'load' 'store'> <Ports = 2> <Width = 4> <Depth = 7> <RAM>
ST_2 : Operation 47 [1/1] (0.00ns)   --->   "%compute_controller_ControlMemSpace_bool_unsigned_int_bool_bool_bool_bool_303 = getelementptr i16 %compute_controller_ControlMemSpace_bool_unsigned_int_bool_bool_bool_bool_51, i64 0, i64 %zext_ln41" [/home/luka/Scripting/ELEC_498-Capstone-LiteLM/HLS-Verilog/Transformer_logic/src-hls/compute_controller.cpp:45->/home/luka/Scripting/ELEC_498-Capstone-LiteLM/HLS-Verilog/Transformer_logic/src-hls/compute_controller.cpp:720]   --->   Operation 47 'getelementptr' 'compute_controller_ControlMemSpace_bool_unsigned_int_bool_bool_bool_bool_303' <Predicate = (!icmp_ln42)> <Delay = 0.00>
ST_2 : Operation 48 [2/2] (0.67ns)   --->   "%compute_controller_ControlMemSpace_bool_unsigned_int_bool_bool_bool_bool_304 = load i1 %compute_controller_ControlMemSpace_bool_unsigned_int_bool_bool_bool_bool_303" [/home/luka/Scripting/ELEC_498-Capstone-LiteLM/HLS-Verilog/Transformer_logic/src-hls/compute_controller.cpp:45->/home/luka/Scripting/ELEC_498-Capstone-LiteLM/HLS-Verilog/Transformer_logic/src-hls/compute_controller.cpp:720]   --->   Operation 48 'load' 'compute_controller_ControlMemSpace_bool_unsigned_int_bool_bool_bool_bool_304' <Predicate = (!icmp_ln42)> <Delay = 0.67> <CoreInst = "RAM">   --->   Core 82 'RAM' <Latency = 1> <II = 1> <Delay = 0.67> <Storage> <Opcode : 'load' 'store'> <Ports = 2> <Width = 16> <Depth = 2> <RAM>
ST_2 : Operation 49 [1/2] ( I:0.67ns O:0.67ns )   --->   "%w_9 = load i3 %compute_controller_ControlMemSpace_bool_unsigned_int_bool_bool_bool_bool_308" [/home/luka/Scripting/ELEC_498-Capstone-LiteLM/HLS-Verilog/Transformer_logic/src-hls/compute_controller.cpp:44->/home/luka/Scripting/ELEC_498-Capstone-LiteLM/HLS-Verilog/Transformer_logic/src-hls/compute_controller.cpp:720]   --->   Operation 49 'load' 'w_9' <Predicate = (!icmp_ln42)> <Delay = 0.67> <CoreInst = "RAM">   --->   Core 82 'RAM' <Latency = 1> <II = 1> <Delay = 0.67> <Storage> <Opcode : 'load' 'store'> <Ports = 2> <Width = 4> <Depth = 7> <RAM>
ST_2 : Operation 50 [1/2] ( I:0.67ns O:0.67ns )   --->   "%compute_controller_ControlMemSpace_bool_unsigned_int_bool_bool_bool_bool_310 = load i1 %compute_controller_ControlMemSpace_bool_unsigned_int_bool_bool_bool_bool_309" [/home/luka/Scripting/ELEC_498-Capstone-LiteLM/HLS-Verilog/Transformer_logic/src-hls/compute_controller.cpp:45->/home/luka/Scripting/ELEC_498-Capstone-LiteLM/HLS-Verilog/Transformer_logic/src-hls/compute_controller.cpp:720]   --->   Operation 50 'load' 'compute_controller_ControlMemSpace_bool_unsigned_int_bool_bool_bool_bool_310' <Predicate = (!icmp_ln42)> <Delay = 0.67> <CoreInst = "RAM">   --->   Core 82 'RAM' <Latency = 1> <II = 1> <Delay = 0.67> <Storage> <Opcode : 'load' 'store'> <Ports = 2> <Width = 16> <Depth = 2> <RAM>
ST_2 : Operation 51 [1/1] (0.00ns)   --->   "%sext_ln45_18 = sext i16 %compute_controller_ControlMemSpace_bool_unsigned_int_bool_bool_bool_bool_310" [/home/luka/Scripting/ELEC_498-Capstone-LiteLM/HLS-Verilog/Transformer_logic/src-hls/compute_controller.cpp:45->/home/luka/Scripting/ELEC_498-Capstone-LiteLM/HLS-Verilog/Transformer_logic/src-hls/compute_controller.cpp:720]   --->   Operation 51 'sext' 'sext_ln45_18' <Predicate = (!icmp_ln42)> <Delay = 0.00>
ST_2 : Operation 52 [1/1] (0.00ns)   --->   "%sext_ln44_9 = sext i4 %w_9" [/home/luka/Scripting/ELEC_498-Capstone-LiteLM/HLS-Verilog/Transformer_logic/src-hls/compute_controller.cpp:44->/home/luka/Scripting/ELEC_498-Capstone-LiteLM/HLS-Verilog/Transformer_logic/src-hls/compute_controller.cpp:720]   --->   Operation 52 'sext' 'sext_ln44_9' <Predicate = (!icmp_ln42)> <Delay = 0.00>
ST_2 : Operation 53 [1/1] (0.00ns)   --->   "%compute_controller_ControlMemSpace_bool_unsigned_int_bool_bool_bool_bool_313 = getelementptr i4 %compute_controller_ControlMemSpace_bool_unsigned_int_bool_bool_bool_bool_85, i64 0, i64 %zext_ln44" [/home/luka/Scripting/ELEC_498-Capstone-LiteLM/HLS-Verilog/Transformer_logic/src-hls/compute_controller.cpp:44->/home/luka/Scripting/ELEC_498-Capstone-LiteLM/HLS-Verilog/Transformer_logic/src-hls/compute_controller.cpp:720]   --->   Operation 53 'getelementptr' 'compute_controller_ControlMemSpace_bool_unsigned_int_bool_bool_bool_bool_313' <Predicate = (!icmp_ln42)> <Delay = 0.00>
ST_2 : Operation 54 [2/2] (0.67ns)   --->   "%w_12 = load i3 %compute_controller_ControlMemSpace_bool_unsigned_int_bool_bool_bool_bool_313" [/home/luka/Scripting/ELEC_498-Capstone-LiteLM/HLS-Verilog/Transformer_logic/src-hls/compute_controller.cpp:44->/home/luka/Scripting/ELEC_498-Capstone-LiteLM/HLS-Verilog/Transformer_logic/src-hls/compute_controller.cpp:720]   --->   Operation 54 'load' 'w_12' <Predicate = (!icmp_ln42)> <Delay = 0.67> <CoreInst = "RAM">   --->   Core 82 'RAM' <Latency = 1> <II = 1> <Delay = 0.67> <Storage> <Opcode : 'load' 'store'> <Ports = 2> <Width = 4> <Depth = 7> <RAM>
ST_2 : Operation 55 [1/1] (0.00ns)   --->   "%p_ZZ18compute_controller15ControlMemSpacebjRbS0_bS0_S0_RjPKhPhR12ComputeStateS1_R_136 = getelementptr i16 %p_ZZ18compute_controller15ControlMemSpacebjRbS0_bS0_S0_RjPKhPhR12ComputeStateS1_R_21, i64 0, i64 %zext_ln41" [/home/luka/Scripting/ELEC_498-Capstone-LiteLM/HLS-Verilog/Transformer_logic/src-hls/compute_controller.cpp:45->/home/luka/Scripting/ELEC_498-Capstone-LiteLM/HLS-Verilog/Transformer_logic/src-hls/compute_controller.cpp:720]   --->   Operation 55 'getelementptr' 'p_ZZ18compute_controller15ControlMemSpacebjRbS0_bS0_S0_RjPKhPhR12ComputeStateS1_R_136' <Predicate = (!icmp_ln42)> <Delay = 0.00>
ST_2 : Operation 56 [2/2] (0.67ns)   --->   "%p_ZZ18compute_controller15ControlMemSpacebjRbS0_bS0_S0_RjPKhPhR12ComputeStateS1_R_137 = load i1 %p_ZZ18compute_controller15ControlMemSpacebjRbS0_bS0_S0_RjPKhPhR12ComputeStateS1_R_136" [/home/luka/Scripting/ELEC_498-Capstone-LiteLM/HLS-Verilog/Transformer_logic/src-hls/compute_controller.cpp:45->/home/luka/Scripting/ELEC_498-Capstone-LiteLM/HLS-Verilog/Transformer_logic/src-hls/compute_controller.cpp:720]   --->   Operation 56 'load' 'p_ZZ18compute_controller15ControlMemSpacebjRbS0_bS0_S0_RjPKhPhR12ComputeStateS1_R_137' <Predicate = (!icmp_ln42)> <Delay = 0.67> <CoreInst = "RAM">   --->   Core 82 'RAM' <Latency = 1> <II = 1> <Delay = 0.67> <Storage> <Opcode : 'load' 'store'> <Ports = 2> <Width = 16> <Depth = 2> <RAM>
ST_2 : Operation 57 [1/1] (0.00ns)   --->   "%compute_controller_ControlMemSpace_bool_unsigned_int_bool_bool_bool_bool_316 = getelementptr i4 %compute_controller_ControlMemSpace_bool_unsigned_int_bool_bool_bool_bool_82, i64 0, i64 %zext_ln44" [/home/luka/Scripting/ELEC_498-Capstone-LiteLM/HLS-Verilog/Transformer_logic/src-hls/compute_controller.cpp:44->/home/luka/Scripting/ELEC_498-Capstone-LiteLM/HLS-Verilog/Transformer_logic/src-hls/compute_controller.cpp:720]   --->   Operation 57 'getelementptr' 'compute_controller_ControlMemSpace_bool_unsigned_int_bool_bool_bool_bool_316' <Predicate = (!icmp_ln42)> <Delay = 0.00>
ST_2 : Operation 58 [2/2] (0.67ns)   --->   "%w_15 = load i3 %compute_controller_ControlMemSpace_bool_unsigned_int_bool_bool_bool_bool_316" [/home/luka/Scripting/ELEC_498-Capstone-LiteLM/HLS-Verilog/Transformer_logic/src-hls/compute_controller.cpp:44->/home/luka/Scripting/ELEC_498-Capstone-LiteLM/HLS-Verilog/Transformer_logic/src-hls/compute_controller.cpp:720]   --->   Operation 58 'load' 'w_15' <Predicate = (!icmp_ln42)> <Delay = 0.67> <CoreInst = "RAM">   --->   Core 82 'RAM' <Latency = 1> <II = 1> <Delay = 0.67> <Storage> <Opcode : 'load' 'store'> <Ports = 2> <Width = 4> <Depth = 7> <RAM>
ST_2 : Operation 59 [1/1] (0.00ns)   --->   "%p_ZZ18compute_controller15ControlMemSpacebjRbS0_bS0_S0_RjPKhPhR12ComputeStateS1_R_142 = getelementptr i16 %p_ZZ18compute_controller15ControlMemSpacebjRbS0_bS0_S0_RjPKhPhR12ComputeStateS1_R_18, i64 0, i64 %zext_ln41" [/home/luka/Scripting/ELEC_498-Capstone-LiteLM/HLS-Verilog/Transformer_logic/src-hls/compute_controller.cpp:45->/home/luka/Scripting/ELEC_498-Capstone-LiteLM/HLS-Verilog/Transformer_logic/src-hls/compute_controller.cpp:720]   --->   Operation 59 'getelementptr' 'p_ZZ18compute_controller15ControlMemSpacebjRbS0_bS0_S0_RjPKhPhR12ComputeStateS1_R_142' <Predicate = (!icmp_ln42)> <Delay = 0.00>
ST_2 : Operation 60 [2/2] (0.67ns)   --->   "%p_ZZ18compute_controller15ControlMemSpacebjRbS0_bS0_S0_RjPKhPhR12ComputeStateS1_R_143 = load i1 %p_ZZ18compute_controller15ControlMemSpacebjRbS0_bS0_S0_RjPKhPhR12ComputeStateS1_R_142" [/home/luka/Scripting/ELEC_498-Capstone-LiteLM/HLS-Verilog/Transformer_logic/src-hls/compute_controller.cpp:45->/home/luka/Scripting/ELEC_498-Capstone-LiteLM/HLS-Verilog/Transformer_logic/src-hls/compute_controller.cpp:720]   --->   Operation 60 'load' 'p_ZZ18compute_controller15ControlMemSpacebjRbS0_bS0_S0_RjPKhPhR12ComputeStateS1_R_143' <Predicate = (!icmp_ln42)> <Delay = 0.67> <CoreInst = "RAM">   --->   Core 82 'RAM' <Latency = 1> <II = 1> <Delay = 0.67> <Storage> <Opcode : 'load' 'store'> <Ports = 2> <Width = 16> <Depth = 2> <RAM>
ST_2 : Operation 61 [3/3] (0.99ns) (grouped into DSP with root node add_ln45_6)   --->   "%mul_ln45_7 = mul i20 %sext_ln45_18, i20 %sext_ln44_9" [/home/luka/Scripting/ELEC_498-Capstone-LiteLM/HLS-Verilog/Transformer_logic/src-hls/compute_controller.cpp:45->/home/luka/Scripting/ELEC_498-Capstone-LiteLM/HLS-Verilog/Transformer_logic/src-hls/compute_controller.cpp:720]   --->   Operation 61 'mul' 'mul_ln45_7' <Predicate = (!icmp_ln42)> <Delay = 0.99> <CoreInst = "DSP48">   --->   Core 124 'DSP48' <Latency = 3> <II = 1> <Delay = 0.53> <IPBlock> <Opcode : 'add' 'sub' 'mul' 'select'> <InPorts = 0> <OutPorts = 1> <Sync> <CReg>

State 3 <SV = 2> <Delay = 1.67>
ST_3 : Operation 62 [1/2] ( I:0.67ns O:0.67ns )   --->   "%w_1 = load i3 %compute_controller_ControlMemSpace_bool_unsigned_int_bool_bool_bool_bool_290" [/home/luka/Scripting/ELEC_498-Capstone-LiteLM/HLS-Verilog/Transformer_logic/src-hls/compute_controller.cpp:44->/home/luka/Scripting/ELEC_498-Capstone-LiteLM/HLS-Verilog/Transformer_logic/src-hls/compute_controller.cpp:720]   --->   Operation 62 'load' 'w_1' <Predicate = true> <Delay = 0.67> <CoreInst = "RAM">   --->   Core 82 'RAM' <Latency = 1> <II = 1> <Delay = 0.67> <Storage> <Opcode : 'load' 'store'> <Ports = 2> <Width = 4> <Depth = 7> <RAM>
ST_3 : Operation 63 [1/2] ( I:0.67ns O:0.67ns )   --->   "%compute_controller_ControlMemSpace_bool_unsigned_int_bool_bool_bool_bool_292 = load i1 %compute_controller_ControlMemSpace_bool_unsigned_int_bool_bool_bool_bool_291" [/home/luka/Scripting/ELEC_498-Capstone-LiteLM/HLS-Verilog/Transformer_logic/src-hls/compute_controller.cpp:45->/home/luka/Scripting/ELEC_498-Capstone-LiteLM/HLS-Verilog/Transformer_logic/src-hls/compute_controller.cpp:720]   --->   Operation 63 'load' 'compute_controller_ControlMemSpace_bool_unsigned_int_bool_bool_bool_bool_292' <Predicate = true> <Delay = 0.67> <CoreInst = "RAM">   --->   Core 82 'RAM' <Latency = 1> <II = 1> <Delay = 0.67> <Storage> <Opcode : 'load' 'store'> <Ports = 2> <Width = 16> <Depth = 2> <RAM>
ST_3 : Operation 64 [1/1] (0.00ns)   --->   "%sext_ln45_1 = sext i16 %compute_controller_ControlMemSpace_bool_unsigned_int_bool_bool_bool_bool_292" [/home/luka/Scripting/ELEC_498-Capstone-LiteLM/HLS-Verilog/Transformer_logic/src-hls/compute_controller.cpp:45->/home/luka/Scripting/ELEC_498-Capstone-LiteLM/HLS-Verilog/Transformer_logic/src-hls/compute_controller.cpp:720]   --->   Operation 64 'sext' 'sext_ln45_1' <Predicate = true> <Delay = 0.00>
ST_3 : Operation 65 [1/1] (0.00ns)   --->   "%sext_ln44_1 = sext i4 %w_1" [/home/luka/Scripting/ELEC_498-Capstone-LiteLM/HLS-Verilog/Transformer_logic/src-hls/compute_controller.cpp:44->/home/luka/Scripting/ELEC_498-Capstone-LiteLM/HLS-Verilog/Transformer_logic/src-hls/compute_controller.cpp:720]   --->   Operation 65 'sext' 'sext_ln44_1' <Predicate = true> <Delay = 0.00>
ST_3 : Operation 66 [1/2] ( I:0.67ns O:0.67ns )   --->   "%w_2 = load i3 %p_ZZ18compute_controller15ControlMemSpacebjRbS0_bS0_S0_RjPKhPhR12ComputeStateS1_R_126" [/home/luka/Scripting/ELEC_498-Capstone-LiteLM/HLS-Verilog/Transformer_logic/src-hls/compute_controller.cpp:44->/home/luka/Scripting/ELEC_498-Capstone-LiteLM/HLS-Verilog/Transformer_logic/src-hls/compute_controller.cpp:720]   --->   Operation 66 'load' 'w_2' <Predicate = true> <Delay = 0.67> <CoreInst = "RAM">   --->   Core 82 'RAM' <Latency = 1> <II = 1> <Delay = 0.67> <Storage> <Opcode : 'load' 'store'> <Ports = 2> <Width = 4> <Depth = 7> <RAM>
ST_3 : Operation 67 [1/2] ( I:0.67ns O:0.67ns )   --->   "%compute_controller_ControlMemSpace_bool_unsigned_int_bool_bool_bool_bool_294 = load i1 %compute_controller_ControlMemSpace_bool_unsigned_int_bool_bool_bool_bool_293" [/home/luka/Scripting/ELEC_498-Capstone-LiteLM/HLS-Verilog/Transformer_logic/src-hls/compute_controller.cpp:45->/home/luka/Scripting/ELEC_498-Capstone-LiteLM/HLS-Verilog/Transformer_logic/src-hls/compute_controller.cpp:720]   --->   Operation 67 'load' 'compute_controller_ControlMemSpace_bool_unsigned_int_bool_bool_bool_bool_294' <Predicate = true> <Delay = 0.67> <CoreInst = "RAM">   --->   Core 82 'RAM' <Latency = 1> <II = 1> <Delay = 0.67> <Storage> <Opcode : 'load' 'store'> <Ports = 2> <Width = 16> <Depth = 2> <RAM>
ST_3 : Operation 68 [1/1] (0.00ns)   --->   "%sext_ln45_2 = sext i16 %compute_controller_ControlMemSpace_bool_unsigned_int_bool_bool_bool_bool_294" [/home/luka/Scripting/ELEC_498-Capstone-LiteLM/HLS-Verilog/Transformer_logic/src-hls/compute_controller.cpp:45->/home/luka/Scripting/ELEC_498-Capstone-LiteLM/HLS-Verilog/Transformer_logic/src-hls/compute_controller.cpp:720]   --->   Operation 68 'sext' 'sext_ln45_2' <Predicate = true> <Delay = 0.00>
ST_3 : Operation 69 [1/1] (0.00ns)   --->   "%sext_ln44_2 = sext i4 %w_2" [/home/luka/Scripting/ELEC_498-Capstone-LiteLM/HLS-Verilog/Transformer_logic/src-hls/compute_controller.cpp:44->/home/luka/Scripting/ELEC_498-Capstone-LiteLM/HLS-Verilog/Transformer_logic/src-hls/compute_controller.cpp:720]   --->   Operation 69 'sext' 'sext_ln44_2' <Predicate = true> <Delay = 0.00>
ST_3 : Operation 70 [1/1] (0.00ns)   --->   "%p_ZZ18compute_controller15ControlMemSpacebjRbS0_bS0_S0_RjPKhPhR12ComputeStateS1_R_127 = getelementptr i4 %p_ZZ18compute_controller15ControlMemSpacebjRbS0_bS0_S0_RjPKhPhR12ComputeStateS1_R_28, i64 0, i64 %select_ln44" [/home/luka/Scripting/ELEC_498-Capstone-LiteLM/HLS-Verilog/Transformer_logic/src-hls/compute_controller.cpp:44->/home/luka/Scripting/ELEC_498-Capstone-LiteLM/HLS-Verilog/Transformer_logic/src-hls/compute_controller.cpp:720]   --->   Operation 70 'getelementptr' 'p_ZZ18compute_controller15ControlMemSpacebjRbS0_bS0_S0_RjPKhPhR12ComputeStateS1_R_127' <Predicate = true> <Delay = 0.00>
ST_3 : Operation 71 [2/2] (0.67ns)   --->   "%w_3 = load i3 %p_ZZ18compute_controller15ControlMemSpacebjRbS0_bS0_S0_RjPKhPhR12ComputeStateS1_R_127" [/home/luka/Scripting/ELEC_498-Capstone-LiteLM/HLS-Verilog/Transformer_logic/src-hls/compute_controller.cpp:44->/home/luka/Scripting/ELEC_498-Capstone-LiteLM/HLS-Verilog/Transformer_logic/src-hls/compute_controller.cpp:720]   --->   Operation 71 'load' 'w_3' <Predicate = true> <Delay = 0.67> <CoreInst = "RAM">   --->   Core 82 'RAM' <Latency = 1> <II = 1> <Delay = 0.67> <Storage> <Opcode : 'load' 'store'> <Ports = 2> <Width = 4> <Depth = 7> <RAM>
ST_3 : Operation 72 [1/1] (0.00ns)   --->   "%compute_controller_ControlMemSpace_bool_unsigned_int_bool_bool_bool_bool_295 = getelementptr i16 %compute_controller_ControlMemSpace_bool_unsigned_int_bool_bool_bool_bool_55, i64 0, i64 %zext_ln41" [/home/luka/Scripting/ELEC_498-Capstone-LiteLM/HLS-Verilog/Transformer_logic/src-hls/compute_controller.cpp:45->/home/luka/Scripting/ELEC_498-Capstone-LiteLM/HLS-Verilog/Transformer_logic/src-hls/compute_controller.cpp:720]   --->   Operation 72 'getelementptr' 'compute_controller_ControlMemSpace_bool_unsigned_int_bool_bool_bool_bool_295' <Predicate = true> <Delay = 0.00>
ST_3 : Operation 73 [2/2] (0.67ns)   --->   "%compute_controller_ControlMemSpace_bool_unsigned_int_bool_bool_bool_bool_296 = load i1 %compute_controller_ControlMemSpace_bool_unsigned_int_bool_bool_bool_bool_295" [/home/luka/Scripting/ELEC_498-Capstone-LiteLM/HLS-Verilog/Transformer_logic/src-hls/compute_controller.cpp:45->/home/luka/Scripting/ELEC_498-Capstone-LiteLM/HLS-Verilog/Transformer_logic/src-hls/compute_controller.cpp:720]   --->   Operation 73 'load' 'compute_controller_ControlMemSpace_bool_unsigned_int_bool_bool_bool_bool_296' <Predicate = true> <Delay = 0.67> <CoreInst = "RAM">   --->   Core 82 'RAM' <Latency = 1> <II = 1> <Delay = 0.67> <Storage> <Opcode : 'load' 'store'> <Ports = 2> <Width = 16> <Depth = 2> <RAM>
ST_3 : Operation 74 [1/1] (0.00ns)   --->   "%p_ZZ18compute_controller15ControlMemSpacebjRbS0_bS0_S0_RjPKhPhR12ComputeStateS1_R_129 = getelementptr i4 %p_ZZ18compute_controller15ControlMemSpacebjRbS0_bS0_S0_RjPKhPhR12ComputeStateS1_R_26, i64 0, i64 %select_ln44" [/home/luka/Scripting/ELEC_498-Capstone-LiteLM/HLS-Verilog/Transformer_logic/src-hls/compute_controller.cpp:44->/home/luka/Scripting/ELEC_498-Capstone-LiteLM/HLS-Verilog/Transformer_logic/src-hls/compute_controller.cpp:720]   --->   Operation 74 'getelementptr' 'p_ZZ18compute_controller15ControlMemSpacebjRbS0_bS0_S0_RjPKhPhR12ComputeStateS1_R_129' <Predicate = true> <Delay = 0.00>
ST_3 : Operation 75 [2/2] (0.67ns)   --->   "%w_5 = load i3 %p_ZZ18compute_controller15ControlMemSpacebjRbS0_bS0_S0_RjPKhPhR12ComputeStateS1_R_129" [/home/luka/Scripting/ELEC_498-Capstone-LiteLM/HLS-Verilog/Transformer_logic/src-hls/compute_controller.cpp:44->/home/luka/Scripting/ELEC_498-Capstone-LiteLM/HLS-Verilog/Transformer_logic/src-hls/compute_controller.cpp:720]   --->   Operation 75 'load' 'w_5' <Predicate = true> <Delay = 0.67> <CoreInst = "RAM">   --->   Core 82 'RAM' <Latency = 1> <II = 1> <Delay = 0.67> <Storage> <Opcode : 'load' 'store'> <Ports = 2> <Width = 4> <Depth = 7> <RAM>
ST_3 : Operation 76 [1/1] (0.00ns)   --->   "%compute_controller_ControlMemSpace_bool_unsigned_int_bool_bool_bool_bool_299 = getelementptr i16 %compute_controller_ControlMemSpace_bool_unsigned_int_bool_bool_bool_bool_53, i64 0, i64 %zext_ln41" [/home/luka/Scripting/ELEC_498-Capstone-LiteLM/HLS-Verilog/Transformer_logic/src-hls/compute_controller.cpp:45->/home/luka/Scripting/ELEC_498-Capstone-LiteLM/HLS-Verilog/Transformer_logic/src-hls/compute_controller.cpp:720]   --->   Operation 76 'getelementptr' 'compute_controller_ControlMemSpace_bool_unsigned_int_bool_bool_bool_bool_299' <Predicate = true> <Delay = 0.00>
ST_3 : Operation 77 [2/2] (0.67ns)   --->   "%compute_controller_ControlMemSpace_bool_unsigned_int_bool_bool_bool_bool_300 = load i1 %compute_controller_ControlMemSpace_bool_unsigned_int_bool_bool_bool_bool_299" [/home/luka/Scripting/ELEC_498-Capstone-LiteLM/HLS-Verilog/Transformer_logic/src-hls/compute_controller.cpp:45->/home/luka/Scripting/ELEC_498-Capstone-LiteLM/HLS-Verilog/Transformer_logic/src-hls/compute_controller.cpp:720]   --->   Operation 77 'load' 'compute_controller_ControlMemSpace_bool_unsigned_int_bool_bool_bool_bool_300' <Predicate = true> <Delay = 0.67> <CoreInst = "RAM">   --->   Core 82 'RAM' <Latency = 1> <II = 1> <Delay = 0.67> <Storage> <Opcode : 'load' 'store'> <Ports = 2> <Width = 16> <Depth = 2> <RAM>
ST_3 : Operation 78 [3/3] (0.99ns) (grouped into DSP with root node add_ln45)   --->   "%mul_ln45_2 = mul i20 %sext_ln45_2, i20 %sext_ln44_2" [/home/luka/Scripting/ELEC_498-Capstone-LiteLM/HLS-Verilog/Transformer_logic/src-hls/compute_controller.cpp:45->/home/luka/Scripting/ELEC_498-Capstone-LiteLM/HLS-Verilog/Transformer_logic/src-hls/compute_controller.cpp:720]   --->   Operation 78 'mul' 'mul_ln45_2' <Predicate = true> <Delay = 0.99> <CoreInst = "DSP48">   --->   Core 124 'DSP48' <Latency = 3> <II = 1> <Delay = 0.53> <IPBlock> <Opcode : 'add' 'sub' 'mul' 'select'> <InPorts = 0> <OutPorts = 1> <Sync> <CReg>
ST_3 : Operation 79 [3/3] (0.99ns) (grouped into DSP with root node add_ln45_2)   --->   "%mul_ln45_3 = mul i20 %sext_ln45_1, i20 %sext_ln44_1" [/home/luka/Scripting/ELEC_498-Capstone-LiteLM/HLS-Verilog/Transformer_logic/src-hls/compute_controller.cpp:45->/home/luka/Scripting/ELEC_498-Capstone-LiteLM/HLS-Verilog/Transformer_logic/src-hls/compute_controller.cpp:720]   --->   Operation 79 'mul' 'mul_ln45_3' <Predicate = true> <Delay = 0.99> <CoreInst = "DSP48">   --->   Core 124 'DSP48' <Latency = 3> <II = 1> <Delay = 0.53> <IPBlock> <Opcode : 'add' 'sub' 'mul' 'select'> <InPorts = 0> <OutPorts = 1> <Sync> <CReg>
ST_3 : Operation 80 [1/1] (0.00ns)   --->   "%p_ZZ18compute_controller15ControlMemSpacebjRbS0_bS0_S0_RjPKhPhR12ComputeStateS1_R_130 = getelementptr i4 %p_ZZ18compute_controller15ControlMemSpacebjRbS0_bS0_S0_RjPKhPhR12ComputeStateS1_R_25, i64 0, i64 %select_ln44" [/home/luka/Scripting/ELEC_498-Capstone-LiteLM/HLS-Verilog/Transformer_logic/src-hls/compute_controller.cpp:44->/home/luka/Scripting/ELEC_498-Capstone-LiteLM/HLS-Verilog/Transformer_logic/src-hls/compute_controller.cpp:720]   --->   Operation 80 'getelementptr' 'p_ZZ18compute_controller15ControlMemSpacebjRbS0_bS0_S0_RjPKhPhR12ComputeStateS1_R_130' <Predicate = (!icmp_ln42)> <Delay = 0.00>
ST_3 : Operation 81 [2/2] (0.67ns)   --->   "%w_6 = load i3 %p_ZZ18compute_controller15ControlMemSpacebjRbS0_bS0_S0_RjPKhPhR12ComputeStateS1_R_130" [/home/luka/Scripting/ELEC_498-Capstone-LiteLM/HLS-Verilog/Transformer_logic/src-hls/compute_controller.cpp:44->/home/luka/Scripting/ELEC_498-Capstone-LiteLM/HLS-Verilog/Transformer_logic/src-hls/compute_controller.cpp:720]   --->   Operation 81 'load' 'w_6' <Predicate = (!icmp_ln42)> <Delay = 0.67> <CoreInst = "RAM">   --->   Core 82 'RAM' <Latency = 1> <II = 1> <Delay = 0.67> <Storage> <Opcode : 'load' 'store'> <Ports = 2> <Width = 4> <Depth = 7> <RAM>
ST_3 : Operation 82 [1/1] (0.00ns)   --->   "%compute_controller_ControlMemSpace_bool_unsigned_int_bool_bool_bool_bool_301 = getelementptr i16 %compute_controller_ControlMemSpace_bool_unsigned_int_bool_bool_bool_bool_52, i64 0, i64 %zext_ln41" [/home/luka/Scripting/ELEC_498-Capstone-LiteLM/HLS-Verilog/Transformer_logic/src-hls/compute_controller.cpp:45->/home/luka/Scripting/ELEC_498-Capstone-LiteLM/HLS-Verilog/Transformer_logic/src-hls/compute_controller.cpp:720]   --->   Operation 82 'getelementptr' 'compute_controller_ControlMemSpace_bool_unsigned_int_bool_bool_bool_bool_301' <Predicate = (!icmp_ln42)> <Delay = 0.00>
ST_3 : Operation 83 [2/2] (0.67ns)   --->   "%compute_controller_ControlMemSpace_bool_unsigned_int_bool_bool_bool_bool_302 = load i1 %compute_controller_ControlMemSpace_bool_unsigned_int_bool_bool_bool_bool_301" [/home/luka/Scripting/ELEC_498-Capstone-LiteLM/HLS-Verilog/Transformer_logic/src-hls/compute_controller.cpp:45->/home/luka/Scripting/ELEC_498-Capstone-LiteLM/HLS-Verilog/Transformer_logic/src-hls/compute_controller.cpp:720]   --->   Operation 83 'load' 'compute_controller_ControlMemSpace_bool_unsigned_int_bool_bool_bool_bool_302' <Predicate = (!icmp_ln42)> <Delay = 0.67> <CoreInst = "RAM">   --->   Core 82 'RAM' <Latency = 1> <II = 1> <Delay = 0.67> <Storage> <Opcode : 'load' 'store'> <Ports = 2> <Width = 16> <Depth = 2> <RAM>
ST_3 : Operation 84 [1/2] ( I:0.67ns O:0.67ns )   --->   "%w_7 = load i3 %p_ZZ18compute_controller15ControlMemSpacebjRbS0_bS0_S0_RjPKhPhR12ComputeStateS1_R_131" [/home/luka/Scripting/ELEC_498-Capstone-LiteLM/HLS-Verilog/Transformer_logic/src-hls/compute_controller.cpp:44->/home/luka/Scripting/ELEC_498-Capstone-LiteLM/HLS-Verilog/Transformer_logic/src-hls/compute_controller.cpp:720]   --->   Operation 84 'load' 'w_7' <Predicate = (!icmp_ln42)> <Delay = 0.67> <CoreInst = "RAM">   --->   Core 82 'RAM' <Latency = 1> <II = 1> <Delay = 0.67> <Storage> <Opcode : 'load' 'store'> <Ports = 2> <Width = 4> <Depth = 7> <RAM>
ST_3 : Operation 85 [1/2] ( I:0.67ns O:0.67ns )   --->   "%compute_controller_ControlMemSpace_bool_unsigned_int_bool_bool_bool_bool_304 = load i1 %compute_controller_ControlMemSpace_bool_unsigned_int_bool_bool_bool_bool_303" [/home/luka/Scripting/ELEC_498-Capstone-LiteLM/HLS-Verilog/Transformer_logic/src-hls/compute_controller.cpp:45->/home/luka/Scripting/ELEC_498-Capstone-LiteLM/HLS-Verilog/Transformer_logic/src-hls/compute_controller.cpp:720]   --->   Operation 85 'load' 'compute_controller_ControlMemSpace_bool_unsigned_int_bool_bool_bool_bool_304' <Predicate = (!icmp_ln42)> <Delay = 0.67> <CoreInst = "RAM">   --->   Core 82 'RAM' <Latency = 1> <II = 1> <Delay = 0.67> <Storage> <Opcode : 'load' 'store'> <Ports = 2> <Width = 16> <Depth = 2> <RAM>
ST_3 : Operation 86 [1/1] (0.00ns)   --->   "%sext_ln45_16 = sext i16 %compute_controller_ControlMemSpace_bool_unsigned_int_bool_bool_bool_bool_304" [/home/luka/Scripting/ELEC_498-Capstone-LiteLM/HLS-Verilog/Transformer_logic/src-hls/compute_controller.cpp:45->/home/luka/Scripting/ELEC_498-Capstone-LiteLM/HLS-Verilog/Transformer_logic/src-hls/compute_controller.cpp:720]   --->   Operation 86 'sext' 'sext_ln45_16' <Predicate = (!icmp_ln42)> <Delay = 0.00>
ST_3 : Operation 87 [1/1] (0.00ns)   --->   "%sext_ln44_6 = sext i4 %w_7" [/home/luka/Scripting/ELEC_498-Capstone-LiteLM/HLS-Verilog/Transformer_logic/src-hls/compute_controller.cpp:44->/home/luka/Scripting/ELEC_498-Capstone-LiteLM/HLS-Verilog/Transformer_logic/src-hls/compute_controller.cpp:720]   --->   Operation 87 'sext' 'sext_ln44_6' <Predicate = (!icmp_ln42)> <Delay = 0.00>
ST_3 : Operation 88 [1/1] (0.00ns)   --->   "%compute_controller_ControlMemSpace_bool_unsigned_int_bool_bool_bool_bool_305 = getelementptr i4 %compute_controller_ControlMemSpace_bool_unsigned_int_bool_bool_bool_bool_89, i64 0, i64 %zext_ln44" [/home/luka/Scripting/ELEC_498-Capstone-LiteLM/HLS-Verilog/Transformer_logic/src-hls/compute_controller.cpp:44->/home/luka/Scripting/ELEC_498-Capstone-LiteLM/HLS-Verilog/Transformer_logic/src-hls/compute_controller.cpp:720]   --->   Operation 88 'getelementptr' 'compute_controller_ControlMemSpace_bool_unsigned_int_bool_bool_bool_bool_305' <Predicate = (!icmp_ln42)> <Delay = 0.00>
ST_3 : Operation 89 [2/2] (0.67ns)   --->   "%w_8 = load i3 %compute_controller_ControlMemSpace_bool_unsigned_int_bool_bool_bool_bool_305" [/home/luka/Scripting/ELEC_498-Capstone-LiteLM/HLS-Verilog/Transformer_logic/src-hls/compute_controller.cpp:44->/home/luka/Scripting/ELEC_498-Capstone-LiteLM/HLS-Verilog/Transformer_logic/src-hls/compute_controller.cpp:720]   --->   Operation 89 'load' 'w_8' <Predicate = (!icmp_ln42)> <Delay = 0.67> <CoreInst = "RAM">   --->   Core 82 'RAM' <Latency = 1> <II = 1> <Delay = 0.67> <Storage> <Opcode : 'load' 'store'> <Ports = 2> <Width = 4> <Depth = 7> <RAM>
ST_3 : Operation 90 [1/1] (0.00ns)   --->   "%compute_controller_ControlMemSpace_bool_unsigned_int_bool_bool_bool_bool_306 = getelementptr i16 %compute_controller_ControlMemSpace_bool_unsigned_int_bool_bool_bool_bool_50, i64 0, i64 %zext_ln41" [/home/luka/Scripting/ELEC_498-Capstone-LiteLM/HLS-Verilog/Transformer_logic/src-hls/compute_controller.cpp:45->/home/luka/Scripting/ELEC_498-Capstone-LiteLM/HLS-Verilog/Transformer_logic/src-hls/compute_controller.cpp:720]   --->   Operation 90 'getelementptr' 'compute_controller_ControlMemSpace_bool_unsigned_int_bool_bool_bool_bool_306' <Predicate = (!icmp_ln42)> <Delay = 0.00>
ST_3 : Operation 91 [2/2] (0.67ns)   --->   "%compute_controller_ControlMemSpace_bool_unsigned_int_bool_bool_bool_bool_307 = load i1 %compute_controller_ControlMemSpace_bool_unsigned_int_bool_bool_bool_bool_306" [/home/luka/Scripting/ELEC_498-Capstone-LiteLM/HLS-Verilog/Transformer_logic/src-hls/compute_controller.cpp:45->/home/luka/Scripting/ELEC_498-Capstone-LiteLM/HLS-Verilog/Transformer_logic/src-hls/compute_controller.cpp:720]   --->   Operation 91 'load' 'compute_controller_ControlMemSpace_bool_unsigned_int_bool_bool_bool_bool_307' <Predicate = (!icmp_ln42)> <Delay = 0.67> <CoreInst = "RAM">   --->   Core 82 'RAM' <Latency = 1> <II = 1> <Delay = 0.67> <Storage> <Opcode : 'load' 'store'> <Ports = 2> <Width = 16> <Depth = 2> <RAM>
ST_3 : Operation 92 [1/1] (0.00ns)   --->   "%compute_controller_ControlMemSpace_bool_unsigned_int_bool_bool_bool_bool_311 = getelementptr i4 %compute_controller_ControlMemSpace_bool_unsigned_int_bool_bool_bool_bool_87, i64 0, i64 %zext_ln44" [/home/luka/Scripting/ELEC_498-Capstone-LiteLM/HLS-Verilog/Transformer_logic/src-hls/compute_controller.cpp:44->/home/luka/Scripting/ELEC_498-Capstone-LiteLM/HLS-Verilog/Transformer_logic/src-hls/compute_controller.cpp:720]   --->   Operation 92 'getelementptr' 'compute_controller_ControlMemSpace_bool_unsigned_int_bool_bool_bool_bool_311' <Predicate = (!icmp_ln42)> <Delay = 0.00>
ST_3 : Operation 93 [2/2] (0.67ns)   --->   "%w_10 = load i3 %compute_controller_ControlMemSpace_bool_unsigned_int_bool_bool_bool_bool_311" [/home/luka/Scripting/ELEC_498-Capstone-LiteLM/HLS-Verilog/Transformer_logic/src-hls/compute_controller.cpp:44->/home/luka/Scripting/ELEC_498-Capstone-LiteLM/HLS-Verilog/Transformer_logic/src-hls/compute_controller.cpp:720]   --->   Operation 93 'load' 'w_10' <Predicate = (!icmp_ln42)> <Delay = 0.67> <CoreInst = "RAM">   --->   Core 82 'RAM' <Latency = 1> <II = 1> <Delay = 0.67> <Storage> <Opcode : 'load' 'store'> <Ports = 2> <Width = 4> <Depth = 7> <RAM>
ST_3 : Operation 94 [1/1] (0.00ns)   --->   "%p_ZZ18compute_controller15ControlMemSpacebjRbS0_bS0_S0_RjPKhPhR12ComputeStateS1_R_132 = getelementptr i16 %p_ZZ18compute_controller15ControlMemSpacebjRbS0_bS0_S0_RjPKhPhR12ComputeStateS1_R_23, i64 0, i64 %zext_ln41" [/home/luka/Scripting/ELEC_498-Capstone-LiteLM/HLS-Verilog/Transformer_logic/src-hls/compute_controller.cpp:45->/home/luka/Scripting/ELEC_498-Capstone-LiteLM/HLS-Verilog/Transformer_logic/src-hls/compute_controller.cpp:720]   --->   Operation 94 'getelementptr' 'p_ZZ18compute_controller15ControlMemSpacebjRbS0_bS0_S0_RjPKhPhR12ComputeStateS1_R_132' <Predicate = (!icmp_ln42)> <Delay = 0.00>
ST_3 : Operation 95 [2/2] (0.67ns)   --->   "%p_ZZ18compute_controller15ControlMemSpacebjRbS0_bS0_S0_RjPKhPhR12ComputeStateS1_R_133 = load i1 %p_ZZ18compute_controller15ControlMemSpacebjRbS0_bS0_S0_RjPKhPhR12ComputeStateS1_R_132" [/home/luka/Scripting/ELEC_498-Capstone-LiteLM/HLS-Verilog/Transformer_logic/src-hls/compute_controller.cpp:45->/home/luka/Scripting/ELEC_498-Capstone-LiteLM/HLS-Verilog/Transformer_logic/src-hls/compute_controller.cpp:720]   --->   Operation 95 'load' 'p_ZZ18compute_controller15ControlMemSpacebjRbS0_bS0_S0_RjPKhPhR12ComputeStateS1_R_133' <Predicate = (!icmp_ln42)> <Delay = 0.67> <CoreInst = "RAM">   --->   Core 82 'RAM' <Latency = 1> <II = 1> <Delay = 0.67> <Storage> <Opcode : 'load' 'store'> <Ports = 2> <Width = 16> <Depth = 2> <RAM>
ST_3 : Operation 96 [1/2] ( I:0.67ns O:0.67ns )   --->   "%w_12 = load i3 %compute_controller_ControlMemSpace_bool_unsigned_int_bool_bool_bool_bool_313" [/home/luka/Scripting/ELEC_498-Capstone-LiteLM/HLS-Verilog/Transformer_logic/src-hls/compute_controller.cpp:44->/home/luka/Scripting/ELEC_498-Capstone-LiteLM/HLS-Verilog/Transformer_logic/src-hls/compute_controller.cpp:720]   --->   Operation 96 'load' 'w_12' <Predicate = (!icmp_ln42)> <Delay = 0.67> <CoreInst = "RAM">   --->   Core 82 'RAM' <Latency = 1> <II = 1> <Delay = 0.67> <Storage> <Opcode : 'load' 'store'> <Ports = 2> <Width = 4> <Depth = 7> <RAM>
ST_3 : Operation 97 [1/2] ( I:0.67ns O:0.67ns )   --->   "%p_ZZ18compute_controller15ControlMemSpacebjRbS0_bS0_S0_RjPKhPhR12ComputeStateS1_R_137 = load i1 %p_ZZ18compute_controller15ControlMemSpacebjRbS0_bS0_S0_RjPKhPhR12ComputeStateS1_R_136" [/home/luka/Scripting/ELEC_498-Capstone-LiteLM/HLS-Verilog/Transformer_logic/src-hls/compute_controller.cpp:45->/home/luka/Scripting/ELEC_498-Capstone-LiteLM/HLS-Verilog/Transformer_logic/src-hls/compute_controller.cpp:720]   --->   Operation 97 'load' 'p_ZZ18compute_controller15ControlMemSpacebjRbS0_bS0_S0_RjPKhPhR12ComputeStateS1_R_137' <Predicate = (!icmp_ln42)> <Delay = 0.67> <CoreInst = "RAM">   --->   Core 82 'RAM' <Latency = 1> <II = 1> <Delay = 0.67> <Storage> <Opcode : 'load' 'store'> <Ports = 2> <Width = 16> <Depth = 2> <RAM>
ST_3 : Operation 98 [1/1] (0.00ns)   --->   "%sext_ln45_21 = sext i16 %p_ZZ18compute_controller15ControlMemSpacebjRbS0_bS0_S0_RjPKhPhR12ComputeStateS1_R_137" [/home/luka/Scripting/ELEC_498-Capstone-LiteLM/HLS-Verilog/Transformer_logic/src-hls/compute_controller.cpp:45->/home/luka/Scripting/ELEC_498-Capstone-LiteLM/HLS-Verilog/Transformer_logic/src-hls/compute_controller.cpp:720]   --->   Operation 98 'sext' 'sext_ln45_21' <Predicate = (!icmp_ln42)> <Delay = 0.00>
ST_3 : Operation 99 [1/1] (0.00ns)   --->   "%sext_ln44_12 = sext i4 %w_12" [/home/luka/Scripting/ELEC_498-Capstone-LiteLM/HLS-Verilog/Transformer_logic/src-hls/compute_controller.cpp:44->/home/luka/Scripting/ELEC_498-Capstone-LiteLM/HLS-Verilog/Transformer_logic/src-hls/compute_controller.cpp:720]   --->   Operation 99 'sext' 'sext_ln44_12' <Predicate = (!icmp_ln42)> <Delay = 0.00>
ST_3 : Operation 100 [1/1] (0.00ns)   --->   "%compute_controller_ControlMemSpace_bool_unsigned_int_bool_bool_bool_bool_314 = getelementptr i4 %compute_controller_ControlMemSpace_bool_unsigned_int_bool_bool_bool_bool_84, i64 0, i64 %zext_ln44" [/home/luka/Scripting/ELEC_498-Capstone-LiteLM/HLS-Verilog/Transformer_logic/src-hls/compute_controller.cpp:44->/home/luka/Scripting/ELEC_498-Capstone-LiteLM/HLS-Verilog/Transformer_logic/src-hls/compute_controller.cpp:720]   --->   Operation 100 'getelementptr' 'compute_controller_ControlMemSpace_bool_unsigned_int_bool_bool_bool_bool_314' <Predicate = (!icmp_ln42)> <Delay = 0.00>
ST_3 : Operation 101 [2/2] (0.67ns)   --->   "%w_13 = load i3 %compute_controller_ControlMemSpace_bool_unsigned_int_bool_bool_bool_bool_314" [/home/luka/Scripting/ELEC_498-Capstone-LiteLM/HLS-Verilog/Transformer_logic/src-hls/compute_controller.cpp:44->/home/luka/Scripting/ELEC_498-Capstone-LiteLM/HLS-Verilog/Transformer_logic/src-hls/compute_controller.cpp:720]   --->   Operation 101 'load' 'w_13' <Predicate = (!icmp_ln42)> <Delay = 0.67> <CoreInst = "RAM">   --->   Core 82 'RAM' <Latency = 1> <II = 1> <Delay = 0.67> <Storage> <Opcode : 'load' 'store'> <Ports = 2> <Width = 4> <Depth = 7> <RAM>
ST_3 : Operation 102 [1/1] (0.00ns)   --->   "%p_ZZ18compute_controller15ControlMemSpacebjRbS0_bS0_S0_RjPKhPhR12ComputeStateS1_R_138 = getelementptr i16 %p_ZZ18compute_controller15ControlMemSpacebjRbS0_bS0_S0_RjPKhPhR12ComputeStateS1_R_20, i64 0, i64 %zext_ln41" [/home/luka/Scripting/ELEC_498-Capstone-LiteLM/HLS-Verilog/Transformer_logic/src-hls/compute_controller.cpp:45->/home/luka/Scripting/ELEC_498-Capstone-LiteLM/HLS-Verilog/Transformer_logic/src-hls/compute_controller.cpp:720]   --->   Operation 102 'getelementptr' 'p_ZZ18compute_controller15ControlMemSpacebjRbS0_bS0_S0_RjPKhPhR12ComputeStateS1_R_138' <Predicate = (!icmp_ln42)> <Delay = 0.00>
ST_3 : Operation 103 [2/2] (0.67ns)   --->   "%p_ZZ18compute_controller15ControlMemSpacebjRbS0_bS0_S0_RjPKhPhR12ComputeStateS1_R_139 = load i1 %p_ZZ18compute_controller15ControlMemSpacebjRbS0_bS0_S0_RjPKhPhR12ComputeStateS1_R_138" [/home/luka/Scripting/ELEC_498-Capstone-LiteLM/HLS-Verilog/Transformer_logic/src-hls/compute_controller.cpp:45->/home/luka/Scripting/ELEC_498-Capstone-LiteLM/HLS-Verilog/Transformer_logic/src-hls/compute_controller.cpp:720]   --->   Operation 103 'load' 'p_ZZ18compute_controller15ControlMemSpacebjRbS0_bS0_S0_RjPKhPhR12ComputeStateS1_R_139' <Predicate = (!icmp_ln42)> <Delay = 0.67> <CoreInst = "RAM">   --->   Core 82 'RAM' <Latency = 1> <II = 1> <Delay = 0.67> <Storage> <Opcode : 'load' 'store'> <Ports = 2> <Width = 16> <Depth = 2> <RAM>
ST_3 : Operation 104 [1/2] ( I:0.67ns O:0.67ns )   --->   "%w_15 = load i3 %compute_controller_ControlMemSpace_bool_unsigned_int_bool_bool_bool_bool_316" [/home/luka/Scripting/ELEC_498-Capstone-LiteLM/HLS-Verilog/Transformer_logic/src-hls/compute_controller.cpp:44->/home/luka/Scripting/ELEC_498-Capstone-LiteLM/HLS-Verilog/Transformer_logic/src-hls/compute_controller.cpp:720]   --->   Operation 104 'load' 'w_15' <Predicate = (!icmp_ln42)> <Delay = 0.67> <CoreInst = "RAM">   --->   Core 82 'RAM' <Latency = 1> <II = 1> <Delay = 0.67> <Storage> <Opcode : 'load' 'store'> <Ports = 2> <Width = 4> <Depth = 7> <RAM>
ST_3 : Operation 105 [1/2] ( I:0.67ns O:0.67ns )   --->   "%p_ZZ18compute_controller15ControlMemSpacebjRbS0_bS0_S0_RjPKhPhR12ComputeStateS1_R_143 = load i1 %p_ZZ18compute_controller15ControlMemSpacebjRbS0_bS0_S0_RjPKhPhR12ComputeStateS1_R_142" [/home/luka/Scripting/ELEC_498-Capstone-LiteLM/HLS-Verilog/Transformer_logic/src-hls/compute_controller.cpp:45->/home/luka/Scripting/ELEC_498-Capstone-LiteLM/HLS-Verilog/Transformer_logic/src-hls/compute_controller.cpp:720]   --->   Operation 105 'load' 'p_ZZ18compute_controller15ControlMemSpacebjRbS0_bS0_S0_RjPKhPhR12ComputeStateS1_R_143' <Predicate = (!icmp_ln42)> <Delay = 0.67> <CoreInst = "RAM">   --->   Core 82 'RAM' <Latency = 1> <II = 1> <Delay = 0.67> <Storage> <Opcode : 'load' 'store'> <Ports = 2> <Width = 16> <Depth = 2> <RAM>
ST_3 : Operation 106 [1/1] (0.00ns)   --->   "%sext_ln45_24 = sext i16 %p_ZZ18compute_controller15ControlMemSpacebjRbS0_bS0_S0_RjPKhPhR12ComputeStateS1_R_143" [/home/luka/Scripting/ELEC_498-Capstone-LiteLM/HLS-Verilog/Transformer_logic/src-hls/compute_controller.cpp:45->/home/luka/Scripting/ELEC_498-Capstone-LiteLM/HLS-Verilog/Transformer_logic/src-hls/compute_controller.cpp:720]   --->   Operation 106 'sext' 'sext_ln45_24' <Predicate = (!icmp_ln42)> <Delay = 0.00>
ST_3 : Operation 107 [1/1] (0.00ns)   --->   "%sext_ln45_25 = sext i4 %w_15" [/home/luka/Scripting/ELEC_498-Capstone-LiteLM/HLS-Verilog/Transformer_logic/src-hls/compute_controller.cpp:45->/home/luka/Scripting/ELEC_498-Capstone-LiteLM/HLS-Verilog/Transformer_logic/src-hls/compute_controller.cpp:720]   --->   Operation 107 'sext' 'sext_ln45_25' <Predicate = (!icmp_ln42)> <Delay = 0.00>
ST_3 : Operation 108 [2/3] (0.99ns) (grouped into DSP with root node add_ln45_6)   --->   "%mul_ln45_7 = mul i20 %sext_ln45_18, i20 %sext_ln44_9" [/home/luka/Scripting/ELEC_498-Capstone-LiteLM/HLS-Verilog/Transformer_logic/src-hls/compute_controller.cpp:45->/home/luka/Scripting/ELEC_498-Capstone-LiteLM/HLS-Verilog/Transformer_logic/src-hls/compute_controller.cpp:720]   --->   Operation 108 'mul' 'mul_ln45_7' <Predicate = (!icmp_ln42)> <Delay = 0.99> <CoreInst = "DSP48">   --->   Core 124 'DSP48' <Latency = 3> <II = 1> <Delay = 0.53> <IPBlock> <Opcode : 'add' 'sub' 'mul' 'select'> <InPorts = 0> <OutPorts = 1> <Sync> <CReg>
ST_3 : Operation 109 [3/3] (0.99ns) (grouped into DSP with root node add_ln45_7)   --->   "%mul_ln45_9 = mul i20 %sext_ln45_16, i20 %sext_ln44_6" [/home/luka/Scripting/ELEC_498-Capstone-LiteLM/HLS-Verilog/Transformer_logic/src-hls/compute_controller.cpp:45->/home/luka/Scripting/ELEC_498-Capstone-LiteLM/HLS-Verilog/Transformer_logic/src-hls/compute_controller.cpp:720]   --->   Operation 109 'mul' 'mul_ln45_9' <Predicate = (!icmp_ln42)> <Delay = 0.99> <CoreInst = "DSP48">   --->   Core 124 'DSP48' <Latency = 3> <II = 1> <Delay = 0.53> <IPBlock> <Opcode : 'add' 'sub' 'mul' 'select'> <InPorts = 0> <OutPorts = 1> <Sync> <CReg>
ST_3 : Operation 110 [3/3] (0.99ns) (grouped into DSP with root node add_ln45_11)   --->   "%mul_ln45_11 = mul i20 %sext_ln45_24, i20 %sext_ln45_25" [/home/luka/Scripting/ELEC_498-Capstone-LiteLM/HLS-Verilog/Transformer_logic/src-hls/compute_controller.cpp:45->/home/luka/Scripting/ELEC_498-Capstone-LiteLM/HLS-Verilog/Transformer_logic/src-hls/compute_controller.cpp:720]   --->   Operation 110 'mul' 'mul_ln45_11' <Predicate = (!icmp_ln42)> <Delay = 0.99> <CoreInst = "DSP48">   --->   Core 124 'DSP48' <Latency = 3> <II = 1> <Delay = 0.53> <IPBlock> <Opcode : 'add' 'sub' 'mul' 'select'> <InPorts = 0> <OutPorts = 1> <Sync> <CReg>
ST_3 : Operation 111 [3/3] (0.99ns) (grouped into DSP with root node add_ln45_9)   --->   "%mul_ln45_14 = mul i20 %sext_ln45_21, i20 %sext_ln44_12" [/home/luka/Scripting/ELEC_498-Capstone-LiteLM/HLS-Verilog/Transformer_logic/src-hls/compute_controller.cpp:45->/home/luka/Scripting/ELEC_498-Capstone-LiteLM/HLS-Verilog/Transformer_logic/src-hls/compute_controller.cpp:720]   --->   Operation 111 'mul' 'mul_ln45_14' <Predicate = (!icmp_ln42)> <Delay = 0.99> <CoreInst = "DSP48">   --->   Core 124 'DSP48' <Latency = 3> <II = 1> <Delay = 0.53> <IPBlock> <Opcode : 'add' 'sub' 'mul' 'select'> <InPorts = 0> <OutPorts = 1> <Sync> <CReg>

State 4 <SV = 3> <Delay = 3.70>
ST_4 : Operation 112 [1/1] (0.00ns)   --->   "%compute_controller_ControlMemSpace_bool_unsigned_int_bool_bool_bool_bool_287 = getelementptr i4 %compute_controller_ControlMemSpace_bool_unsigned_int_bool_bool_bool_bool_81, i64 0, i64 %select_ln44" [/home/luka/Scripting/ELEC_498-Capstone-LiteLM/HLS-Verilog/Transformer_logic/src-hls/compute_controller.cpp:44->/home/luka/Scripting/ELEC_498-Capstone-LiteLM/HLS-Verilog/Transformer_logic/src-hls/compute_controller.cpp:720]   --->   Operation 112 'getelementptr' 'compute_controller_ControlMemSpace_bool_unsigned_int_bool_bool_bool_bool_287' <Predicate = true> <Delay = 0.00>
ST_4 : Operation 113 [2/2] (0.67ns)   --->   "%w = load i3 %compute_controller_ControlMemSpace_bool_unsigned_int_bool_bool_bool_bool_287" [/home/luka/Scripting/ELEC_498-Capstone-LiteLM/HLS-Verilog/Transformer_logic/src-hls/compute_controller.cpp:44->/home/luka/Scripting/ELEC_498-Capstone-LiteLM/HLS-Verilog/Transformer_logic/src-hls/compute_controller.cpp:720]   --->   Operation 113 'load' 'w' <Predicate = true> <Delay = 0.67> <CoreInst = "RAM">   --->   Core 82 'RAM' <Latency = 1> <II = 1> <Delay = 0.67> <Storage> <Opcode : 'load' 'store'> <Ports = 2> <Width = 4> <Depth = 7> <RAM>
ST_4 : Operation 114 [1/1] (0.00ns)   --->   "%compute_controller_ControlMemSpace_bool_unsigned_int_bool_bool_bool_bool_288 = getelementptr i16 %compute_controller_ControlMemSpace_bool_unsigned_int_bool_bool_bool_bool_59, i64 0, i64 %zext_ln41" [/home/luka/Scripting/ELEC_498-Capstone-LiteLM/HLS-Verilog/Transformer_logic/src-hls/compute_controller.cpp:45->/home/luka/Scripting/ELEC_498-Capstone-LiteLM/HLS-Verilog/Transformer_logic/src-hls/compute_controller.cpp:720]   --->   Operation 114 'getelementptr' 'compute_controller_ControlMemSpace_bool_unsigned_int_bool_bool_bool_bool_288' <Predicate = true> <Delay = 0.00>
ST_4 : Operation 115 [2/2] (0.67ns)   --->   "%compute_controller_ControlMemSpace_bool_unsigned_int_bool_bool_bool_bool_289 = load i1 %compute_controller_ControlMemSpace_bool_unsigned_int_bool_bool_bool_bool_288" [/home/luka/Scripting/ELEC_498-Capstone-LiteLM/HLS-Verilog/Transformer_logic/src-hls/compute_controller.cpp:45->/home/luka/Scripting/ELEC_498-Capstone-LiteLM/HLS-Verilog/Transformer_logic/src-hls/compute_controller.cpp:720]   --->   Operation 115 'load' 'compute_controller_ControlMemSpace_bool_unsigned_int_bool_bool_bool_bool_289' <Predicate = true> <Delay = 0.67> <CoreInst = "RAM">   --->   Core 82 'RAM' <Latency = 1> <II = 1> <Delay = 0.67> <Storage> <Opcode : 'load' 'store'> <Ports = 2> <Width = 16> <Depth = 2> <RAM>
ST_4 : Operation 116 [1/2] ( I:0.67ns O:0.67ns )   --->   "%w_3 = load i3 %p_ZZ18compute_controller15ControlMemSpacebjRbS0_bS0_S0_RjPKhPhR12ComputeStateS1_R_127" [/home/luka/Scripting/ELEC_498-Capstone-LiteLM/HLS-Verilog/Transformer_logic/src-hls/compute_controller.cpp:44->/home/luka/Scripting/ELEC_498-Capstone-LiteLM/HLS-Verilog/Transformer_logic/src-hls/compute_controller.cpp:720]   --->   Operation 116 'load' 'w_3' <Predicate = true> <Delay = 0.67> <CoreInst = "RAM">   --->   Core 82 'RAM' <Latency = 1> <II = 1> <Delay = 0.67> <Storage> <Opcode : 'load' 'store'> <Ports = 2> <Width = 4> <Depth = 7> <RAM>
ST_4 : Operation 117 [1/2] ( I:0.67ns O:0.67ns )   --->   "%compute_controller_ControlMemSpace_bool_unsigned_int_bool_bool_bool_bool_296 = load i1 %compute_controller_ControlMemSpace_bool_unsigned_int_bool_bool_bool_bool_295" [/home/luka/Scripting/ELEC_498-Capstone-LiteLM/HLS-Verilog/Transformer_logic/src-hls/compute_controller.cpp:45->/home/luka/Scripting/ELEC_498-Capstone-LiteLM/HLS-Verilog/Transformer_logic/src-hls/compute_controller.cpp:720]   --->   Operation 117 'load' 'compute_controller_ControlMemSpace_bool_unsigned_int_bool_bool_bool_bool_296' <Predicate = true> <Delay = 0.67> <CoreInst = "RAM">   --->   Core 82 'RAM' <Latency = 1> <II = 1> <Delay = 0.67> <Storage> <Opcode : 'load' 'store'> <Ports = 2> <Width = 16> <Depth = 2> <RAM>
ST_4 : Operation 118 [1/1] (0.00ns)   --->   "%sext_ln45_3 = sext i16 %compute_controller_ControlMemSpace_bool_unsigned_int_bool_bool_bool_bool_296" [/home/luka/Scripting/ELEC_498-Capstone-LiteLM/HLS-Verilog/Transformer_logic/src-hls/compute_controller.cpp:45->/home/luka/Scripting/ELEC_498-Capstone-LiteLM/HLS-Verilog/Transformer_logic/src-hls/compute_controller.cpp:720]   --->   Operation 118 'sext' 'sext_ln45_3' <Predicate = true> <Delay = 0.00>
ST_4 : Operation 119 [1/1] (0.00ns)   --->   "%sext_ln44_3 = sext i4 %w_3" [/home/luka/Scripting/ELEC_498-Capstone-LiteLM/HLS-Verilog/Transformer_logic/src-hls/compute_controller.cpp:44->/home/luka/Scripting/ELEC_498-Capstone-LiteLM/HLS-Verilog/Transformer_logic/src-hls/compute_controller.cpp:720]   --->   Operation 119 'sext' 'sext_ln44_3' <Predicate = true> <Delay = 0.00>
ST_4 : Operation 120 [1/1] (0.00ns)   --->   "%p_ZZ18compute_controller15ControlMemSpacebjRbS0_bS0_S0_RjPKhPhR12ComputeStateS1_R_128 = getelementptr i4 %p_ZZ18compute_controller15ControlMemSpacebjRbS0_bS0_S0_RjPKhPhR12ComputeStateS1_R_27, i64 0, i64 %select_ln44" [/home/luka/Scripting/ELEC_498-Capstone-LiteLM/HLS-Verilog/Transformer_logic/src-hls/compute_controller.cpp:44->/home/luka/Scripting/ELEC_498-Capstone-LiteLM/HLS-Verilog/Transformer_logic/src-hls/compute_controller.cpp:720]   --->   Operation 120 'getelementptr' 'p_ZZ18compute_controller15ControlMemSpacebjRbS0_bS0_S0_RjPKhPhR12ComputeStateS1_R_128' <Predicate = true> <Delay = 0.00>
ST_4 : Operation 121 [2/2] (0.67ns)   --->   "%w_4 = load i3 %p_ZZ18compute_controller15ControlMemSpacebjRbS0_bS0_S0_RjPKhPhR12ComputeStateS1_R_128" [/home/luka/Scripting/ELEC_498-Capstone-LiteLM/HLS-Verilog/Transformer_logic/src-hls/compute_controller.cpp:44->/home/luka/Scripting/ELEC_498-Capstone-LiteLM/HLS-Verilog/Transformer_logic/src-hls/compute_controller.cpp:720]   --->   Operation 121 'load' 'w_4' <Predicate = true> <Delay = 0.67> <CoreInst = "RAM">   --->   Core 82 'RAM' <Latency = 1> <II = 1> <Delay = 0.67> <Storage> <Opcode : 'load' 'store'> <Ports = 2> <Width = 4> <Depth = 7> <RAM>
ST_4 : Operation 122 [1/1] (0.00ns)   --->   "%compute_controller_ControlMemSpace_bool_unsigned_int_bool_bool_bool_bool_297 = getelementptr i16 %compute_controller_ControlMemSpace_bool_unsigned_int_bool_bool_bool_bool_54, i64 0, i64 %zext_ln41" [/home/luka/Scripting/ELEC_498-Capstone-LiteLM/HLS-Verilog/Transformer_logic/src-hls/compute_controller.cpp:45->/home/luka/Scripting/ELEC_498-Capstone-LiteLM/HLS-Verilog/Transformer_logic/src-hls/compute_controller.cpp:720]   --->   Operation 122 'getelementptr' 'compute_controller_ControlMemSpace_bool_unsigned_int_bool_bool_bool_bool_297' <Predicate = true> <Delay = 0.00>
ST_4 : Operation 123 [2/2] (0.67ns)   --->   "%compute_controller_ControlMemSpace_bool_unsigned_int_bool_bool_bool_bool_298 = load i1 %compute_controller_ControlMemSpace_bool_unsigned_int_bool_bool_bool_bool_297" [/home/luka/Scripting/ELEC_498-Capstone-LiteLM/HLS-Verilog/Transformer_logic/src-hls/compute_controller.cpp:45->/home/luka/Scripting/ELEC_498-Capstone-LiteLM/HLS-Verilog/Transformer_logic/src-hls/compute_controller.cpp:720]   --->   Operation 123 'load' 'compute_controller_ControlMemSpace_bool_unsigned_int_bool_bool_bool_bool_298' <Predicate = true> <Delay = 0.67> <CoreInst = "RAM">   --->   Core 82 'RAM' <Latency = 1> <II = 1> <Delay = 0.67> <Storage> <Opcode : 'load' 'store'> <Ports = 2> <Width = 16> <Depth = 2> <RAM>
ST_4 : Operation 124 [1/2] ( I:0.67ns O:0.67ns )   --->   "%w_5 = load i3 %p_ZZ18compute_controller15ControlMemSpacebjRbS0_bS0_S0_RjPKhPhR12ComputeStateS1_R_129" [/home/luka/Scripting/ELEC_498-Capstone-LiteLM/HLS-Verilog/Transformer_logic/src-hls/compute_controller.cpp:44->/home/luka/Scripting/ELEC_498-Capstone-LiteLM/HLS-Verilog/Transformer_logic/src-hls/compute_controller.cpp:720]   --->   Operation 124 'load' 'w_5' <Predicate = true> <Delay = 0.67> <CoreInst = "RAM">   --->   Core 82 'RAM' <Latency = 1> <II = 1> <Delay = 0.67> <Storage> <Opcode : 'load' 'store'> <Ports = 2> <Width = 4> <Depth = 7> <RAM>
ST_4 : Operation 125 [1/2] ( I:0.67ns O:0.67ns )   --->   "%compute_controller_ControlMemSpace_bool_unsigned_int_bool_bool_bool_bool_300 = load i1 %compute_controller_ControlMemSpace_bool_unsigned_int_bool_bool_bool_bool_299" [/home/luka/Scripting/ELEC_498-Capstone-LiteLM/HLS-Verilog/Transformer_logic/src-hls/compute_controller.cpp:45->/home/luka/Scripting/ELEC_498-Capstone-LiteLM/HLS-Verilog/Transformer_logic/src-hls/compute_controller.cpp:720]   --->   Operation 125 'load' 'compute_controller_ControlMemSpace_bool_unsigned_int_bool_bool_bool_bool_300' <Predicate = true> <Delay = 0.67> <CoreInst = "RAM">   --->   Core 82 'RAM' <Latency = 1> <II = 1> <Delay = 0.67> <Storage> <Opcode : 'load' 'store'> <Ports = 2> <Width = 16> <Depth = 2> <RAM>
ST_4 : Operation 126 [1/1] (0.00ns)   --->   "%sext_ln45_5 = sext i16 %compute_controller_ControlMemSpace_bool_unsigned_int_bool_bool_bool_bool_300" [/home/luka/Scripting/ELEC_498-Capstone-LiteLM/HLS-Verilog/Transformer_logic/src-hls/compute_controller.cpp:45->/home/luka/Scripting/ELEC_498-Capstone-LiteLM/HLS-Verilog/Transformer_logic/src-hls/compute_controller.cpp:720]   --->   Operation 126 'sext' 'sext_ln45_5' <Predicate = true> <Delay = 0.00>
ST_4 : Operation 127 [1/1] (0.00ns)   --->   "%sext_ln45_6 = sext i4 %w_5" [/home/luka/Scripting/ELEC_498-Capstone-LiteLM/HLS-Verilog/Transformer_logic/src-hls/compute_controller.cpp:45->/home/luka/Scripting/ELEC_498-Capstone-LiteLM/HLS-Verilog/Transformer_logic/src-hls/compute_controller.cpp:720]   --->   Operation 127 'sext' 'sext_ln45_6' <Predicate = true> <Delay = 0.00>
ST_4 : Operation 128 [3/3] (0.99ns) (grouped into DSP with root node add_ln45_1)   --->   "%mul_ln45_1 = mul i20 %sext_ln45_3, i20 %sext_ln44_3" [/home/luka/Scripting/ELEC_498-Capstone-LiteLM/HLS-Verilog/Transformer_logic/src-hls/compute_controller.cpp:45->/home/luka/Scripting/ELEC_498-Capstone-LiteLM/HLS-Verilog/Transformer_logic/src-hls/compute_controller.cpp:720]   --->   Operation 128 'mul' 'mul_ln45_1' <Predicate = true> <Delay = 0.99> <CoreInst = "DSP48">   --->   Core 124 'DSP48' <Latency = 3> <II = 1> <Delay = 0.53> <IPBlock> <Opcode : 'add' 'sub' 'mul' 'select'> <InPorts = 0> <OutPorts = 1> <Sync> <CReg>
ST_4 : Operation 129 [2/3] (0.99ns) (grouped into DSP with root node add_ln45)   --->   "%mul_ln45_2 = mul i20 %sext_ln45_2, i20 %sext_ln44_2" [/home/luka/Scripting/ELEC_498-Capstone-LiteLM/HLS-Verilog/Transformer_logic/src-hls/compute_controller.cpp:45->/home/luka/Scripting/ELEC_498-Capstone-LiteLM/HLS-Verilog/Transformer_logic/src-hls/compute_controller.cpp:720]   --->   Operation 129 'mul' 'mul_ln45_2' <Predicate = true> <Delay = 0.99> <CoreInst = "DSP48">   --->   Core 124 'DSP48' <Latency = 3> <II = 1> <Delay = 0.53> <IPBlock> <Opcode : 'add' 'sub' 'mul' 'select'> <InPorts = 0> <OutPorts = 1> <Sync> <CReg>
ST_4 : Operation 130 [2/3] (0.99ns) (grouped into DSP with root node add_ln45_2)   --->   "%mul_ln45_3 = mul i20 %sext_ln45_1, i20 %sext_ln44_1" [/home/luka/Scripting/ELEC_498-Capstone-LiteLM/HLS-Verilog/Transformer_logic/src-hls/compute_controller.cpp:45->/home/luka/Scripting/ELEC_498-Capstone-LiteLM/HLS-Verilog/Transformer_logic/src-hls/compute_controller.cpp:720]   --->   Operation 130 'mul' 'mul_ln45_3' <Predicate = true> <Delay = 0.99> <CoreInst = "DSP48">   --->   Core 124 'DSP48' <Latency = 3> <II = 1> <Delay = 0.53> <IPBlock> <Opcode : 'add' 'sub' 'mul' 'select'> <InPorts = 0> <OutPorts = 1> <Sync> <CReg>
ST_4 : Operation 131 [3/3] (0.99ns) (grouped into DSP with root node add_ln45_3)   --->   "%mul_ln45_5 = mul i20 %sext_ln45_5, i20 %sext_ln45_6" [/home/luka/Scripting/ELEC_498-Capstone-LiteLM/HLS-Verilog/Transformer_logic/src-hls/compute_controller.cpp:45->/home/luka/Scripting/ELEC_498-Capstone-LiteLM/HLS-Verilog/Transformer_logic/src-hls/compute_controller.cpp:720]   --->   Operation 131 'mul' 'mul_ln45_5' <Predicate = true> <Delay = 0.99> <CoreInst = "DSP48">   --->   Core 124 'DSP48' <Latency = 3> <II = 1> <Delay = 0.53> <IPBlock> <Opcode : 'add' 'sub' 'mul' 'select'> <InPorts = 0> <OutPorts = 1> <Sync> <CReg>
ST_4 : Operation 132 [1/2] ( I:0.67ns O:0.67ns )   --->   "%w_6 = load i3 %p_ZZ18compute_controller15ControlMemSpacebjRbS0_bS0_S0_RjPKhPhR12ComputeStateS1_R_130" [/home/luka/Scripting/ELEC_498-Capstone-LiteLM/HLS-Verilog/Transformer_logic/src-hls/compute_controller.cpp:44->/home/luka/Scripting/ELEC_498-Capstone-LiteLM/HLS-Verilog/Transformer_logic/src-hls/compute_controller.cpp:720]   --->   Operation 132 'load' 'w_6' <Predicate = (!icmp_ln42)> <Delay = 0.67> <CoreInst = "RAM">   --->   Core 82 'RAM' <Latency = 1> <II = 1> <Delay = 0.67> <Storage> <Opcode : 'load' 'store'> <Ports = 2> <Width = 4> <Depth = 7> <RAM>
ST_4 : Operation 133 [1/2] ( I:0.67ns O:0.67ns )   --->   "%compute_controller_ControlMemSpace_bool_unsigned_int_bool_bool_bool_bool_302 = load i1 %compute_controller_ControlMemSpace_bool_unsigned_int_bool_bool_bool_bool_301" [/home/luka/Scripting/ELEC_498-Capstone-LiteLM/HLS-Verilog/Transformer_logic/src-hls/compute_controller.cpp:45->/home/luka/Scripting/ELEC_498-Capstone-LiteLM/HLS-Verilog/Transformer_logic/src-hls/compute_controller.cpp:720]   --->   Operation 133 'load' 'compute_controller_ControlMemSpace_bool_unsigned_int_bool_bool_bool_bool_302' <Predicate = (!icmp_ln42)> <Delay = 0.67> <CoreInst = "RAM">   --->   Core 82 'RAM' <Latency = 1> <II = 1> <Delay = 0.67> <Storage> <Opcode : 'load' 'store'> <Ports = 2> <Width = 16> <Depth = 2> <RAM>
ST_4 : Operation 134 [1/1] (0.00ns)   --->   "%sext_ln45_15 = sext i16 %compute_controller_ControlMemSpace_bool_unsigned_int_bool_bool_bool_bool_302" [/home/luka/Scripting/ELEC_498-Capstone-LiteLM/HLS-Verilog/Transformer_logic/src-hls/compute_controller.cpp:45->/home/luka/Scripting/ELEC_498-Capstone-LiteLM/HLS-Verilog/Transformer_logic/src-hls/compute_controller.cpp:720]   --->   Operation 134 'sext' 'sext_ln45_15' <Predicate = (!icmp_ln42)> <Delay = 0.00>
ST_4 : Operation 135 [1/1] (0.00ns)   --->   "%sext_ln44_5 = sext i4 %w_6" [/home/luka/Scripting/ELEC_498-Capstone-LiteLM/HLS-Verilog/Transformer_logic/src-hls/compute_controller.cpp:44->/home/luka/Scripting/ELEC_498-Capstone-LiteLM/HLS-Verilog/Transformer_logic/src-hls/compute_controller.cpp:720]   --->   Operation 135 'sext' 'sext_ln44_5' <Predicate = (!icmp_ln42)> <Delay = 0.00>
ST_4 : Operation 136 [1/2] ( I:0.67ns O:0.67ns )   --->   "%w_8 = load i3 %compute_controller_ControlMemSpace_bool_unsigned_int_bool_bool_bool_bool_305" [/home/luka/Scripting/ELEC_498-Capstone-LiteLM/HLS-Verilog/Transformer_logic/src-hls/compute_controller.cpp:44->/home/luka/Scripting/ELEC_498-Capstone-LiteLM/HLS-Verilog/Transformer_logic/src-hls/compute_controller.cpp:720]   --->   Operation 136 'load' 'w_8' <Predicate = (!icmp_ln42)> <Delay = 0.67> <CoreInst = "RAM">   --->   Core 82 'RAM' <Latency = 1> <II = 1> <Delay = 0.67> <Storage> <Opcode : 'load' 'store'> <Ports = 2> <Width = 4> <Depth = 7> <RAM>
ST_4 : Operation 137 [1/2] ( I:0.67ns O:0.67ns )   --->   "%compute_controller_ControlMemSpace_bool_unsigned_int_bool_bool_bool_bool_307 = load i1 %compute_controller_ControlMemSpace_bool_unsigned_int_bool_bool_bool_bool_306" [/home/luka/Scripting/ELEC_498-Capstone-LiteLM/HLS-Verilog/Transformer_logic/src-hls/compute_controller.cpp:45->/home/luka/Scripting/ELEC_498-Capstone-LiteLM/HLS-Verilog/Transformer_logic/src-hls/compute_controller.cpp:720]   --->   Operation 137 'load' 'compute_controller_ControlMemSpace_bool_unsigned_int_bool_bool_bool_bool_307' <Predicate = (!icmp_ln42)> <Delay = 0.67> <CoreInst = "RAM">   --->   Core 82 'RAM' <Latency = 1> <II = 1> <Delay = 0.67> <Storage> <Opcode : 'load' 'store'> <Ports = 2> <Width = 16> <Depth = 2> <RAM>
ST_4 : Operation 138 [1/1] (0.00ns)   --->   "%sext_ln45_17 = sext i16 %compute_controller_ControlMemSpace_bool_unsigned_int_bool_bool_bool_bool_307" [/home/luka/Scripting/ELEC_498-Capstone-LiteLM/HLS-Verilog/Transformer_logic/src-hls/compute_controller.cpp:45->/home/luka/Scripting/ELEC_498-Capstone-LiteLM/HLS-Verilog/Transformer_logic/src-hls/compute_controller.cpp:720]   --->   Operation 138 'sext' 'sext_ln45_17' <Predicate = (!icmp_ln42)> <Delay = 0.00>
ST_4 : Operation 139 [1/1] (0.00ns)   --->   "%sext_ln44_8 = sext i4 %w_8" [/home/luka/Scripting/ELEC_498-Capstone-LiteLM/HLS-Verilog/Transformer_logic/src-hls/compute_controller.cpp:44->/home/luka/Scripting/ELEC_498-Capstone-LiteLM/HLS-Verilog/Transformer_logic/src-hls/compute_controller.cpp:720]   --->   Operation 139 'sext' 'sext_ln44_8' <Predicate = (!icmp_ln42)> <Delay = 0.00>
ST_4 : Operation 140 [1/2] ( I:0.67ns O:0.67ns )   --->   "%w_10 = load i3 %compute_controller_ControlMemSpace_bool_unsigned_int_bool_bool_bool_bool_311" [/home/luka/Scripting/ELEC_498-Capstone-LiteLM/HLS-Verilog/Transformer_logic/src-hls/compute_controller.cpp:44->/home/luka/Scripting/ELEC_498-Capstone-LiteLM/HLS-Verilog/Transformer_logic/src-hls/compute_controller.cpp:720]   --->   Operation 140 'load' 'w_10' <Predicate = (!icmp_ln42)> <Delay = 0.67> <CoreInst = "RAM">   --->   Core 82 'RAM' <Latency = 1> <II = 1> <Delay = 0.67> <Storage> <Opcode : 'load' 'store'> <Ports = 2> <Width = 4> <Depth = 7> <RAM>
ST_4 : Operation 141 [1/2] ( I:0.67ns O:0.67ns )   --->   "%p_ZZ18compute_controller15ControlMemSpacebjRbS0_bS0_S0_RjPKhPhR12ComputeStateS1_R_133 = load i1 %p_ZZ18compute_controller15ControlMemSpacebjRbS0_bS0_S0_RjPKhPhR12ComputeStateS1_R_132" [/home/luka/Scripting/ELEC_498-Capstone-LiteLM/HLS-Verilog/Transformer_logic/src-hls/compute_controller.cpp:45->/home/luka/Scripting/ELEC_498-Capstone-LiteLM/HLS-Verilog/Transformer_logic/src-hls/compute_controller.cpp:720]   --->   Operation 141 'load' 'p_ZZ18compute_controller15ControlMemSpacebjRbS0_bS0_S0_RjPKhPhR12ComputeStateS1_R_133' <Predicate = (!icmp_ln42)> <Delay = 0.67> <CoreInst = "RAM">   --->   Core 82 'RAM' <Latency = 1> <II = 1> <Delay = 0.67> <Storage> <Opcode : 'load' 'store'> <Ports = 2> <Width = 16> <Depth = 2> <RAM>
ST_4 : Operation 142 [1/1] (0.00ns)   --->   "%sext_ln45_19 = sext i16 %p_ZZ18compute_controller15ControlMemSpacebjRbS0_bS0_S0_RjPKhPhR12ComputeStateS1_R_133" [/home/luka/Scripting/ELEC_498-Capstone-LiteLM/HLS-Verilog/Transformer_logic/src-hls/compute_controller.cpp:45->/home/luka/Scripting/ELEC_498-Capstone-LiteLM/HLS-Verilog/Transformer_logic/src-hls/compute_controller.cpp:720]   --->   Operation 142 'sext' 'sext_ln45_19' <Predicate = (!icmp_ln42)> <Delay = 0.00>
ST_4 : Operation 143 [1/1] (0.00ns)   --->   "%sext_ln44_10 = sext i4 %w_10" [/home/luka/Scripting/ELEC_498-Capstone-LiteLM/HLS-Verilog/Transformer_logic/src-hls/compute_controller.cpp:44->/home/luka/Scripting/ELEC_498-Capstone-LiteLM/HLS-Verilog/Transformer_logic/src-hls/compute_controller.cpp:720]   --->   Operation 143 'sext' 'sext_ln44_10' <Predicate = (!icmp_ln42)> <Delay = 0.00>
ST_4 : Operation 144 [1/1] (0.00ns)   --->   "%compute_controller_ControlMemSpace_bool_unsigned_int_bool_bool_bool_bool_312 = getelementptr i4 %compute_controller_ControlMemSpace_bool_unsigned_int_bool_bool_bool_bool_86, i64 0, i64 %zext_ln44" [/home/luka/Scripting/ELEC_498-Capstone-LiteLM/HLS-Verilog/Transformer_logic/src-hls/compute_controller.cpp:44->/home/luka/Scripting/ELEC_498-Capstone-LiteLM/HLS-Verilog/Transformer_logic/src-hls/compute_controller.cpp:720]   --->   Operation 144 'getelementptr' 'compute_controller_ControlMemSpace_bool_unsigned_int_bool_bool_bool_bool_312' <Predicate = (!icmp_ln42)> <Delay = 0.00>
ST_4 : Operation 145 [2/2] (0.67ns)   --->   "%w_11 = load i3 %compute_controller_ControlMemSpace_bool_unsigned_int_bool_bool_bool_bool_312" [/home/luka/Scripting/ELEC_498-Capstone-LiteLM/HLS-Verilog/Transformer_logic/src-hls/compute_controller.cpp:44->/home/luka/Scripting/ELEC_498-Capstone-LiteLM/HLS-Verilog/Transformer_logic/src-hls/compute_controller.cpp:720]   --->   Operation 145 'load' 'w_11' <Predicate = (!icmp_ln42)> <Delay = 0.67> <CoreInst = "RAM">   --->   Core 82 'RAM' <Latency = 1> <II = 1> <Delay = 0.67> <Storage> <Opcode : 'load' 'store'> <Ports = 2> <Width = 4> <Depth = 7> <RAM>
ST_4 : Operation 146 [1/1] (0.00ns)   --->   "%p_ZZ18compute_controller15ControlMemSpacebjRbS0_bS0_S0_RjPKhPhR12ComputeStateS1_R_134 = getelementptr i16 %p_ZZ18compute_controller15ControlMemSpacebjRbS0_bS0_S0_RjPKhPhR12ComputeStateS1_R_22, i64 0, i64 %zext_ln41" [/home/luka/Scripting/ELEC_498-Capstone-LiteLM/HLS-Verilog/Transformer_logic/src-hls/compute_controller.cpp:45->/home/luka/Scripting/ELEC_498-Capstone-LiteLM/HLS-Verilog/Transformer_logic/src-hls/compute_controller.cpp:720]   --->   Operation 146 'getelementptr' 'p_ZZ18compute_controller15ControlMemSpacebjRbS0_bS0_S0_RjPKhPhR12ComputeStateS1_R_134' <Predicate = (!icmp_ln42)> <Delay = 0.00>
ST_4 : Operation 147 [2/2] (0.67ns)   --->   "%p_ZZ18compute_controller15ControlMemSpacebjRbS0_bS0_S0_RjPKhPhR12ComputeStateS1_R_135 = load i1 %p_ZZ18compute_controller15ControlMemSpacebjRbS0_bS0_S0_RjPKhPhR12ComputeStateS1_R_134" [/home/luka/Scripting/ELEC_498-Capstone-LiteLM/HLS-Verilog/Transformer_logic/src-hls/compute_controller.cpp:45->/home/luka/Scripting/ELEC_498-Capstone-LiteLM/HLS-Verilog/Transformer_logic/src-hls/compute_controller.cpp:720]   --->   Operation 147 'load' 'p_ZZ18compute_controller15ControlMemSpacebjRbS0_bS0_S0_RjPKhPhR12ComputeStateS1_R_135' <Predicate = (!icmp_ln42)> <Delay = 0.67> <CoreInst = "RAM">   --->   Core 82 'RAM' <Latency = 1> <II = 1> <Delay = 0.67> <Storage> <Opcode : 'load' 'store'> <Ports = 2> <Width = 16> <Depth = 2> <RAM>
ST_4 : Operation 148 [1/2] ( I:0.67ns O:0.67ns )   --->   "%w_13 = load i3 %compute_controller_ControlMemSpace_bool_unsigned_int_bool_bool_bool_bool_314" [/home/luka/Scripting/ELEC_498-Capstone-LiteLM/HLS-Verilog/Transformer_logic/src-hls/compute_controller.cpp:44->/home/luka/Scripting/ELEC_498-Capstone-LiteLM/HLS-Verilog/Transformer_logic/src-hls/compute_controller.cpp:720]   --->   Operation 148 'load' 'w_13' <Predicate = (!icmp_ln42)> <Delay = 0.67> <CoreInst = "RAM">   --->   Core 82 'RAM' <Latency = 1> <II = 1> <Delay = 0.67> <Storage> <Opcode : 'load' 'store'> <Ports = 2> <Width = 4> <Depth = 7> <RAM>
ST_4 : Operation 149 [1/2] ( I:0.67ns O:0.67ns )   --->   "%p_ZZ18compute_controller15ControlMemSpacebjRbS0_bS0_S0_RjPKhPhR12ComputeStateS1_R_139 = load i1 %p_ZZ18compute_controller15ControlMemSpacebjRbS0_bS0_S0_RjPKhPhR12ComputeStateS1_R_138" [/home/luka/Scripting/ELEC_498-Capstone-LiteLM/HLS-Verilog/Transformer_logic/src-hls/compute_controller.cpp:45->/home/luka/Scripting/ELEC_498-Capstone-LiteLM/HLS-Verilog/Transformer_logic/src-hls/compute_controller.cpp:720]   --->   Operation 149 'load' 'p_ZZ18compute_controller15ControlMemSpacebjRbS0_bS0_S0_RjPKhPhR12ComputeStateS1_R_139' <Predicate = (!icmp_ln42)> <Delay = 0.67> <CoreInst = "RAM">   --->   Core 82 'RAM' <Latency = 1> <II = 1> <Delay = 0.67> <Storage> <Opcode : 'load' 'store'> <Ports = 2> <Width = 16> <Depth = 2> <RAM>
ST_4 : Operation 150 [1/1] (0.00ns)   --->   "%sext_ln45_22 = sext i16 %p_ZZ18compute_controller15ControlMemSpacebjRbS0_bS0_S0_RjPKhPhR12ComputeStateS1_R_139" [/home/luka/Scripting/ELEC_498-Capstone-LiteLM/HLS-Verilog/Transformer_logic/src-hls/compute_controller.cpp:45->/home/luka/Scripting/ELEC_498-Capstone-LiteLM/HLS-Verilog/Transformer_logic/src-hls/compute_controller.cpp:720]   --->   Operation 150 'sext' 'sext_ln45_22' <Predicate = (!icmp_ln42)> <Delay = 0.00>
ST_4 : Operation 151 [1/1] (0.00ns)   --->   "%sext_ln44_13 = sext i4 %w_13" [/home/luka/Scripting/ELEC_498-Capstone-LiteLM/HLS-Verilog/Transformer_logic/src-hls/compute_controller.cpp:44->/home/luka/Scripting/ELEC_498-Capstone-LiteLM/HLS-Verilog/Transformer_logic/src-hls/compute_controller.cpp:720]   --->   Operation 151 'sext' 'sext_ln44_13' <Predicate = (!icmp_ln42)> <Delay = 0.00>
ST_4 : Operation 152 [1/1] (0.00ns)   --->   "%compute_controller_ControlMemSpace_bool_unsigned_int_bool_bool_bool_bool_315 = getelementptr i4 %compute_controller_ControlMemSpace_bool_unsigned_int_bool_bool_bool_bool_83, i64 0, i64 %zext_ln44" [/home/luka/Scripting/ELEC_498-Capstone-LiteLM/HLS-Verilog/Transformer_logic/src-hls/compute_controller.cpp:44->/home/luka/Scripting/ELEC_498-Capstone-LiteLM/HLS-Verilog/Transformer_logic/src-hls/compute_controller.cpp:720]   --->   Operation 152 'getelementptr' 'compute_controller_ControlMemSpace_bool_unsigned_int_bool_bool_bool_bool_315' <Predicate = (!icmp_ln42)> <Delay = 0.00>
ST_4 : Operation 153 [2/2] (0.67ns)   --->   "%w_14 = load i3 %compute_controller_ControlMemSpace_bool_unsigned_int_bool_bool_bool_bool_315" [/home/luka/Scripting/ELEC_498-Capstone-LiteLM/HLS-Verilog/Transformer_logic/src-hls/compute_controller.cpp:44->/home/luka/Scripting/ELEC_498-Capstone-LiteLM/HLS-Verilog/Transformer_logic/src-hls/compute_controller.cpp:720]   --->   Operation 153 'load' 'w_14' <Predicate = (!icmp_ln42)> <Delay = 0.67> <CoreInst = "RAM">   --->   Core 82 'RAM' <Latency = 1> <II = 1> <Delay = 0.67> <Storage> <Opcode : 'load' 'store'> <Ports = 2> <Width = 4> <Depth = 7> <RAM>
ST_4 : Operation 154 [1/1] (0.00ns)   --->   "%p_ZZ18compute_controller15ControlMemSpacebjRbS0_bS0_S0_RjPKhPhR12ComputeStateS1_R_140 = getelementptr i16 %p_ZZ18compute_controller15ControlMemSpacebjRbS0_bS0_S0_RjPKhPhR12ComputeStateS1_R_19, i64 0, i64 %zext_ln41" [/home/luka/Scripting/ELEC_498-Capstone-LiteLM/HLS-Verilog/Transformer_logic/src-hls/compute_controller.cpp:45->/home/luka/Scripting/ELEC_498-Capstone-LiteLM/HLS-Verilog/Transformer_logic/src-hls/compute_controller.cpp:720]   --->   Operation 154 'getelementptr' 'p_ZZ18compute_controller15ControlMemSpacebjRbS0_bS0_S0_RjPKhPhR12ComputeStateS1_R_140' <Predicate = (!icmp_ln42)> <Delay = 0.00>
ST_4 : Operation 155 [2/2] (0.67ns)   --->   "%p_ZZ18compute_controller15ControlMemSpacebjRbS0_bS0_S0_RjPKhPhR12ComputeStateS1_R_141 = load i1 %p_ZZ18compute_controller15ControlMemSpacebjRbS0_bS0_S0_RjPKhPhR12ComputeStateS1_R_140" [/home/luka/Scripting/ELEC_498-Capstone-LiteLM/HLS-Verilog/Transformer_logic/src-hls/compute_controller.cpp:45->/home/luka/Scripting/ELEC_498-Capstone-LiteLM/HLS-Verilog/Transformer_logic/src-hls/compute_controller.cpp:720]   --->   Operation 155 'load' 'p_ZZ18compute_controller15ControlMemSpacebjRbS0_bS0_S0_RjPKhPhR12ComputeStateS1_R_141' <Predicate = (!icmp_ln42)> <Delay = 0.67> <CoreInst = "RAM">   --->   Core 82 'RAM' <Latency = 1> <II = 1> <Delay = 0.67> <Storage> <Opcode : 'load' 'store'> <Ports = 2> <Width = 16> <Depth = 2> <RAM>
ST_4 : Operation 156 [3/3] (0.99ns) (grouped into DSP with root node add_ln45_10)   --->   "%mul_ln45_6 = mul i20 %sext_ln45_19, i20 %sext_ln44_10" [/home/luka/Scripting/ELEC_498-Capstone-LiteLM/HLS-Verilog/Transformer_logic/src-hls/compute_controller.cpp:45->/home/luka/Scripting/ELEC_498-Capstone-LiteLM/HLS-Verilog/Transformer_logic/src-hls/compute_controller.cpp:720]   --->   Operation 156 'mul' 'mul_ln45_6' <Predicate = (!icmp_ln42)> <Delay = 0.99> <CoreInst = "DSP48">   --->   Core 124 'DSP48' <Latency = 3> <II = 1> <Delay = 0.53> <IPBlock> <Opcode : 'add' 'sub' 'mul' 'select'> <InPorts = 0> <OutPorts = 1> <Sync> <CReg>
ST_4 : Operation 157 [1/3] (0.00ns) (grouped into DSP with root node add_ln45_6)   --->   "%mul_ln45_7 = mul i20 %sext_ln45_18, i20 %sext_ln44_9" [/home/luka/Scripting/ELEC_498-Capstone-LiteLM/HLS-Verilog/Transformer_logic/src-hls/compute_controller.cpp:45->/home/luka/Scripting/ELEC_498-Capstone-LiteLM/HLS-Verilog/Transformer_logic/src-hls/compute_controller.cpp:720]   --->   Operation 157 'mul' 'mul_ln45_7' <Predicate = (!icmp_ln42)> <Delay = 0.00> <CoreInst = "DSP48">   --->   Core 124 'DSP48' <Latency = 3> <II = 1> <Delay = 0.53> <IPBlock> <Opcode : 'add' 'sub' 'mul' 'select'> <InPorts = 0> <OutPorts = 1> <Sync> <CReg>
ST_4 : Operation 158 [1/1] (0.00ns) (grouped into DSP with root node add_ln45_6)   --->   "%sext_ln45_27 = sext i20 %mul_ln45_7" [/home/luka/Scripting/ELEC_498-Capstone-LiteLM/HLS-Verilog/Transformer_logic/src-hls/compute_controller.cpp:45->/home/luka/Scripting/ELEC_498-Capstone-LiteLM/HLS-Verilog/Transformer_logic/src-hls/compute_controller.cpp:720]   --->   Operation 158 'sext' 'sext_ln45_27' <Predicate = (!icmp_ln42)> <Delay = 0.00>
ST_4 : Operation 159 [1/1] (2.38ns)   --->   "%mul_ln45_8 = mul i20 %sext_ln45_17, i20 %sext_ln44_8" [/home/luka/Scripting/ELEC_498-Capstone-LiteLM/HLS-Verilog/Transformer_logic/src-hls/compute_controller.cpp:45->/home/luka/Scripting/ELEC_498-Capstone-LiteLM/HLS-Verilog/Transformer_logic/src-hls/compute_controller.cpp:720]   --->   Operation 159 'mul' 'mul_ln45_8' <Predicate = (!icmp_ln42)> <Delay = 2.38> <CoreInst = "Multiplier">   --->   Core 3 'Multiplier' <Latency = 0> <II = 1> <Delay = 2.38> <FuncUnit> <Opcode : 'mul'> <InPorts = 2> <OutPorts = 1>
ST_4 : Operation 160 [1/1] (0.00ns)   --->   "%sext_ln45_28 = sext i20 %mul_ln45_8" [/home/luka/Scripting/ELEC_498-Capstone-LiteLM/HLS-Verilog/Transformer_logic/src-hls/compute_controller.cpp:45->/home/luka/Scripting/ELEC_498-Capstone-LiteLM/HLS-Verilog/Transformer_logic/src-hls/compute_controller.cpp:720]   --->   Operation 160 'sext' 'sext_ln45_28' <Predicate = (!icmp_ln42)> <Delay = 0.00>
ST_4 : Operation 161 [2/3] (0.99ns) (grouped into DSP with root node add_ln45_7)   --->   "%mul_ln45_9 = mul i20 %sext_ln45_16, i20 %sext_ln44_6" [/home/luka/Scripting/ELEC_498-Capstone-LiteLM/HLS-Verilog/Transformer_logic/src-hls/compute_controller.cpp:45->/home/luka/Scripting/ELEC_498-Capstone-LiteLM/HLS-Verilog/Transformer_logic/src-hls/compute_controller.cpp:720]   --->   Operation 161 'mul' 'mul_ln45_9' <Predicate = (!icmp_ln42)> <Delay = 0.99> <CoreInst = "DSP48">   --->   Core 124 'DSP48' <Latency = 3> <II = 1> <Delay = 0.53> <IPBlock> <Opcode : 'add' 'sub' 'mul' 'select'> <InPorts = 0> <OutPorts = 1> <Sync> <CReg>
ST_4 : Operation 162 [3/3] (0.99ns) (grouped into DSP with root node add_ln45_8)   --->   "%mul_ln45_10 = mul i20 %sext_ln45_15, i20 %sext_ln44_5" [/home/luka/Scripting/ELEC_498-Capstone-LiteLM/HLS-Verilog/Transformer_logic/src-hls/compute_controller.cpp:45->/home/luka/Scripting/ELEC_498-Capstone-LiteLM/HLS-Verilog/Transformer_logic/src-hls/compute_controller.cpp:720]   --->   Operation 162 'mul' 'mul_ln45_10' <Predicate = (!icmp_ln42)> <Delay = 0.99> <CoreInst = "DSP48">   --->   Core 124 'DSP48' <Latency = 3> <II = 1> <Delay = 0.53> <IPBlock> <Opcode : 'add' 'sub' 'mul' 'select'> <InPorts = 0> <OutPorts = 1> <Sync> <CReg>
ST_4 : Operation 163 [2/3] (0.99ns) (grouped into DSP with root node add_ln45_11)   --->   "%mul_ln45_11 = mul i20 %sext_ln45_24, i20 %sext_ln45_25" [/home/luka/Scripting/ELEC_498-Capstone-LiteLM/HLS-Verilog/Transformer_logic/src-hls/compute_controller.cpp:45->/home/luka/Scripting/ELEC_498-Capstone-LiteLM/HLS-Verilog/Transformer_logic/src-hls/compute_controller.cpp:720]   --->   Operation 163 'mul' 'mul_ln45_11' <Predicate = (!icmp_ln42)> <Delay = 0.99> <CoreInst = "DSP48">   --->   Core 124 'DSP48' <Latency = 3> <II = 1> <Delay = 0.53> <IPBlock> <Opcode : 'add' 'sub' 'mul' 'select'> <InPorts = 0> <OutPorts = 1> <Sync> <CReg>
ST_4 : Operation 164 [3/3] (0.99ns) (grouped into DSP with root node add_ln45_12)   --->   "%mul_ln45_13 = mul i20 %sext_ln45_22, i20 %sext_ln44_13" [/home/luka/Scripting/ELEC_498-Capstone-LiteLM/HLS-Verilog/Transformer_logic/src-hls/compute_controller.cpp:45->/home/luka/Scripting/ELEC_498-Capstone-LiteLM/HLS-Verilog/Transformer_logic/src-hls/compute_controller.cpp:720]   --->   Operation 164 'mul' 'mul_ln45_13' <Predicate = (!icmp_ln42)> <Delay = 0.99> <CoreInst = "DSP48">   --->   Core 124 'DSP48' <Latency = 3> <II = 1> <Delay = 0.53> <IPBlock> <Opcode : 'add' 'sub' 'mul' 'select'> <InPorts = 0> <OutPorts = 1> <Sync> <CReg>
ST_4 : Operation 165 [2/3] (0.99ns) (grouped into DSP with root node add_ln45_9)   --->   "%mul_ln45_14 = mul i20 %sext_ln45_21, i20 %sext_ln44_12" [/home/luka/Scripting/ELEC_498-Capstone-LiteLM/HLS-Verilog/Transformer_logic/src-hls/compute_controller.cpp:45->/home/luka/Scripting/ELEC_498-Capstone-LiteLM/HLS-Verilog/Transformer_logic/src-hls/compute_controller.cpp:720]   --->   Operation 165 'mul' 'mul_ln45_14' <Predicate = (!icmp_ln42)> <Delay = 0.99> <CoreInst = "DSP48">   --->   Core 124 'DSP48' <Latency = 3> <II = 1> <Delay = 0.53> <IPBlock> <Opcode : 'add' 'sub' 'mul' 'select'> <InPorts = 0> <OutPorts = 1> <Sync> <CReg>
ST_4 : Operation 166 [2/2] (0.64ns) (root node of the DSP)   --->   "%add_ln45_6 = add i21 %sext_ln45_28, i21 %sext_ln45_27" [/home/luka/Scripting/ELEC_498-Capstone-LiteLM/HLS-Verilog/Transformer_logic/src-hls/compute_controller.cpp:45->/home/luka/Scripting/ELEC_498-Capstone-LiteLM/HLS-Verilog/Transformer_logic/src-hls/compute_controller.cpp:720]   --->   Operation 166 'add' 'add_ln45_6' <Predicate = (!icmp_ln42)> <Delay = 0.64> <CoreInst = "DSP48">   --->   Core 124 'DSP48' <Latency = 3> <II = 1> <Delay = 0.53> <IPBlock> <Opcode : 'add' 'sub' 'mul' 'select'> <InPorts = 0> <OutPorts = 1> <Sync> <CReg>

State 5 <SV = 4> <Delay = 3.70>
ST_5 : Operation 167 [1/2] ( I:0.67ns O:0.67ns )   --->   "%w = load i3 %compute_controller_ControlMemSpace_bool_unsigned_int_bool_bool_bool_bool_287" [/home/luka/Scripting/ELEC_498-Capstone-LiteLM/HLS-Verilog/Transformer_logic/src-hls/compute_controller.cpp:44->/home/luka/Scripting/ELEC_498-Capstone-LiteLM/HLS-Verilog/Transformer_logic/src-hls/compute_controller.cpp:720]   --->   Operation 167 'load' 'w' <Predicate = true> <Delay = 0.67> <CoreInst = "RAM">   --->   Core 82 'RAM' <Latency = 1> <II = 1> <Delay = 0.67> <Storage> <Opcode : 'load' 'store'> <Ports = 2> <Width = 4> <Depth = 7> <RAM>
ST_5 : Operation 168 [1/2] ( I:0.67ns O:0.67ns )   --->   "%compute_controller_ControlMemSpace_bool_unsigned_int_bool_bool_bool_bool_289 = load i1 %compute_controller_ControlMemSpace_bool_unsigned_int_bool_bool_bool_bool_288" [/home/luka/Scripting/ELEC_498-Capstone-LiteLM/HLS-Verilog/Transformer_logic/src-hls/compute_controller.cpp:45->/home/luka/Scripting/ELEC_498-Capstone-LiteLM/HLS-Verilog/Transformer_logic/src-hls/compute_controller.cpp:720]   --->   Operation 168 'load' 'compute_controller_ControlMemSpace_bool_unsigned_int_bool_bool_bool_bool_289' <Predicate = true> <Delay = 0.67> <CoreInst = "RAM">   --->   Core 82 'RAM' <Latency = 1> <II = 1> <Delay = 0.67> <Storage> <Opcode : 'load' 'store'> <Ports = 2> <Width = 16> <Depth = 2> <RAM>
ST_5 : Operation 169 [1/1] (0.00ns)   --->   "%sext_ln45 = sext i16 %compute_controller_ControlMemSpace_bool_unsigned_int_bool_bool_bool_bool_289" [/home/luka/Scripting/ELEC_498-Capstone-LiteLM/HLS-Verilog/Transformer_logic/src-hls/compute_controller.cpp:45->/home/luka/Scripting/ELEC_498-Capstone-LiteLM/HLS-Verilog/Transformer_logic/src-hls/compute_controller.cpp:720]   --->   Operation 169 'sext' 'sext_ln45' <Predicate = true> <Delay = 0.00>
ST_5 : Operation 170 [1/1] (0.00ns)   --->   "%sext_ln44 = sext i4 %w" [/home/luka/Scripting/ELEC_498-Capstone-LiteLM/HLS-Verilog/Transformer_logic/src-hls/compute_controller.cpp:44->/home/luka/Scripting/ELEC_498-Capstone-LiteLM/HLS-Verilog/Transformer_logic/src-hls/compute_controller.cpp:720]   --->   Operation 170 'sext' 'sext_ln44' <Predicate = true> <Delay = 0.00>
ST_5 : Operation 171 [1/2] ( I:0.67ns O:0.67ns )   --->   "%w_4 = load i3 %p_ZZ18compute_controller15ControlMemSpacebjRbS0_bS0_S0_RjPKhPhR12ComputeStateS1_R_128" [/home/luka/Scripting/ELEC_498-Capstone-LiteLM/HLS-Verilog/Transformer_logic/src-hls/compute_controller.cpp:44->/home/luka/Scripting/ELEC_498-Capstone-LiteLM/HLS-Verilog/Transformer_logic/src-hls/compute_controller.cpp:720]   --->   Operation 171 'load' 'w_4' <Predicate = true> <Delay = 0.67> <CoreInst = "RAM">   --->   Core 82 'RAM' <Latency = 1> <II = 1> <Delay = 0.67> <Storage> <Opcode : 'load' 'store'> <Ports = 2> <Width = 4> <Depth = 7> <RAM>
ST_5 : Operation 172 [1/2] ( I:0.67ns O:0.67ns )   --->   "%compute_controller_ControlMemSpace_bool_unsigned_int_bool_bool_bool_bool_298 = load i1 %compute_controller_ControlMemSpace_bool_unsigned_int_bool_bool_bool_bool_297" [/home/luka/Scripting/ELEC_498-Capstone-LiteLM/HLS-Verilog/Transformer_logic/src-hls/compute_controller.cpp:45->/home/luka/Scripting/ELEC_498-Capstone-LiteLM/HLS-Verilog/Transformer_logic/src-hls/compute_controller.cpp:720]   --->   Operation 172 'load' 'compute_controller_ControlMemSpace_bool_unsigned_int_bool_bool_bool_bool_298' <Predicate = true> <Delay = 0.67> <CoreInst = "RAM">   --->   Core 82 'RAM' <Latency = 1> <II = 1> <Delay = 0.67> <Storage> <Opcode : 'load' 'store'> <Ports = 2> <Width = 16> <Depth = 2> <RAM>
ST_5 : Operation 173 [1/1] (0.00ns)   --->   "%sext_ln45_4 = sext i16 %compute_controller_ControlMemSpace_bool_unsigned_int_bool_bool_bool_bool_298" [/home/luka/Scripting/ELEC_498-Capstone-LiteLM/HLS-Verilog/Transformer_logic/src-hls/compute_controller.cpp:45->/home/luka/Scripting/ELEC_498-Capstone-LiteLM/HLS-Verilog/Transformer_logic/src-hls/compute_controller.cpp:720]   --->   Operation 173 'sext' 'sext_ln45_4' <Predicate = true> <Delay = 0.00>
ST_5 : Operation 174 [1/1] (0.00ns)   --->   "%sext_ln44_4 = sext i4 %w_4" [/home/luka/Scripting/ELEC_498-Capstone-LiteLM/HLS-Verilog/Transformer_logic/src-hls/compute_controller.cpp:44->/home/luka/Scripting/ELEC_498-Capstone-LiteLM/HLS-Verilog/Transformer_logic/src-hls/compute_controller.cpp:720]   --->   Operation 174 'sext' 'sext_ln44_4' <Predicate = true> <Delay = 0.00>
ST_5 : Operation 175 [1/1] (2.38ns)   --->   "%mul_ln45 = mul i20 %sext_ln45_4, i20 %sext_ln44_4" [/home/luka/Scripting/ELEC_498-Capstone-LiteLM/HLS-Verilog/Transformer_logic/src-hls/compute_controller.cpp:45->/home/luka/Scripting/ELEC_498-Capstone-LiteLM/HLS-Verilog/Transformer_logic/src-hls/compute_controller.cpp:720]   --->   Operation 175 'mul' 'mul_ln45' <Predicate = true> <Delay = 2.38> <CoreInst = "Multiplier">   --->   Core 3 'Multiplier' <Latency = 0> <II = 1> <Delay = 2.38> <FuncUnit> <Opcode : 'mul'> <InPorts = 2> <OutPorts = 1>
ST_5 : Operation 176 [1/1] (0.00ns)   --->   "%sext_ln45_7 = sext i20 %mul_ln45" [/home/luka/Scripting/ELEC_498-Capstone-LiteLM/HLS-Verilog/Transformer_logic/src-hls/compute_controller.cpp:45->/home/luka/Scripting/ELEC_498-Capstone-LiteLM/HLS-Verilog/Transformer_logic/src-hls/compute_controller.cpp:720]   --->   Operation 176 'sext' 'sext_ln45_7' <Predicate = true> <Delay = 0.00>
ST_5 : Operation 177 [2/3] (0.99ns) (grouped into DSP with root node add_ln45_1)   --->   "%mul_ln45_1 = mul i20 %sext_ln45_3, i20 %sext_ln44_3" [/home/luka/Scripting/ELEC_498-Capstone-LiteLM/HLS-Verilog/Transformer_logic/src-hls/compute_controller.cpp:45->/home/luka/Scripting/ELEC_498-Capstone-LiteLM/HLS-Verilog/Transformer_logic/src-hls/compute_controller.cpp:720]   --->   Operation 177 'mul' 'mul_ln45_1' <Predicate = true> <Delay = 0.99> <CoreInst = "DSP48">   --->   Core 124 'DSP48' <Latency = 3> <II = 1> <Delay = 0.53> <IPBlock> <Opcode : 'add' 'sub' 'mul' 'select'> <InPorts = 0> <OutPorts = 1> <Sync> <CReg>
ST_5 : Operation 178 [1/3] (0.00ns) (grouped into DSP with root node add_ln45)   --->   "%mul_ln45_2 = mul i20 %sext_ln45_2, i20 %sext_ln44_2" [/home/luka/Scripting/ELEC_498-Capstone-LiteLM/HLS-Verilog/Transformer_logic/src-hls/compute_controller.cpp:45->/home/luka/Scripting/ELEC_498-Capstone-LiteLM/HLS-Verilog/Transformer_logic/src-hls/compute_controller.cpp:720]   --->   Operation 178 'mul' 'mul_ln45_2' <Predicate = true> <Delay = 0.00> <CoreInst = "DSP48">   --->   Core 124 'DSP48' <Latency = 3> <II = 1> <Delay = 0.53> <IPBlock> <Opcode : 'add' 'sub' 'mul' 'select'> <InPorts = 0> <OutPorts = 1> <Sync> <CReg>
ST_5 : Operation 179 [1/1] (0.00ns) (grouped into DSP with root node add_ln45)   --->   "%sext_ln45_9 = sext i20 %mul_ln45_2" [/home/luka/Scripting/ELEC_498-Capstone-LiteLM/HLS-Verilog/Transformer_logic/src-hls/compute_controller.cpp:45->/home/luka/Scripting/ELEC_498-Capstone-LiteLM/HLS-Verilog/Transformer_logic/src-hls/compute_controller.cpp:720]   --->   Operation 179 'sext' 'sext_ln45_9' <Predicate = true> <Delay = 0.00>
ST_5 : Operation 180 [1/3] (0.00ns) (grouped into DSP with root node add_ln45_2)   --->   "%mul_ln45_3 = mul i20 %sext_ln45_1, i20 %sext_ln44_1" [/home/luka/Scripting/ELEC_498-Capstone-LiteLM/HLS-Verilog/Transformer_logic/src-hls/compute_controller.cpp:45->/home/luka/Scripting/ELEC_498-Capstone-LiteLM/HLS-Verilog/Transformer_logic/src-hls/compute_controller.cpp:720]   --->   Operation 180 'mul' 'mul_ln45_3' <Predicate = true> <Delay = 0.00> <CoreInst = "DSP48">   --->   Core 124 'DSP48' <Latency = 3> <II = 1> <Delay = 0.53> <IPBlock> <Opcode : 'add' 'sub' 'mul' 'select'> <InPorts = 0> <OutPorts = 1> <Sync> <CReg>
ST_5 : Operation 181 [1/1] (0.00ns) (grouped into DSP with root node add_ln45_2)   --->   "%sext_ln45_10 = sext i20 %mul_ln45_3" [/home/luka/Scripting/ELEC_498-Capstone-LiteLM/HLS-Verilog/Transformer_logic/src-hls/compute_controller.cpp:45->/home/luka/Scripting/ELEC_498-Capstone-LiteLM/HLS-Verilog/Transformer_logic/src-hls/compute_controller.cpp:720]   --->   Operation 181 'sext' 'sext_ln45_10' <Predicate = true> <Delay = 0.00>
ST_5 : Operation 182 [1/1] (2.38ns)   --->   "%mul_ln45_4 = mul i20 %sext_ln45, i20 %sext_ln44" [/home/luka/Scripting/ELEC_498-Capstone-LiteLM/HLS-Verilog/Transformer_logic/src-hls/compute_controller.cpp:45->/home/luka/Scripting/ELEC_498-Capstone-LiteLM/HLS-Verilog/Transformer_logic/src-hls/compute_controller.cpp:720]   --->   Operation 182 'mul' 'mul_ln45_4' <Predicate = true> <Delay = 2.38> <CoreInst = "Multiplier">   --->   Core 3 'Multiplier' <Latency = 0> <II = 1> <Delay = 2.38> <FuncUnit> <Opcode : 'mul'> <InPorts = 2> <OutPorts = 1>
ST_5 : Operation 183 [1/1] (0.00ns)   --->   "%sext_ln45_11 = sext i20 %mul_ln45_4" [/home/luka/Scripting/ELEC_498-Capstone-LiteLM/HLS-Verilog/Transformer_logic/src-hls/compute_controller.cpp:45->/home/luka/Scripting/ELEC_498-Capstone-LiteLM/HLS-Verilog/Transformer_logic/src-hls/compute_controller.cpp:720]   --->   Operation 183 'sext' 'sext_ln45_11' <Predicate = true> <Delay = 0.00>
ST_5 : Operation 184 [2/3] (0.99ns) (grouped into DSP with root node add_ln45_3)   --->   "%mul_ln45_5 = mul i20 %sext_ln45_5, i20 %sext_ln45_6" [/home/luka/Scripting/ELEC_498-Capstone-LiteLM/HLS-Verilog/Transformer_logic/src-hls/compute_controller.cpp:45->/home/luka/Scripting/ELEC_498-Capstone-LiteLM/HLS-Verilog/Transformer_logic/src-hls/compute_controller.cpp:720]   --->   Operation 184 'mul' 'mul_ln45_5' <Predicate = true> <Delay = 0.99> <CoreInst = "DSP48">   --->   Core 124 'DSP48' <Latency = 3> <II = 1> <Delay = 0.53> <IPBlock> <Opcode : 'add' 'sub' 'mul' 'select'> <InPorts = 0> <OutPorts = 1> <Sync> <CReg>
ST_5 : Operation 185 [2/2] (0.64ns) (root node of the DSP)   --->   "%add_ln45 = add i21 %sext_ln45_7, i21 %sext_ln45_9" [/home/luka/Scripting/ELEC_498-Capstone-LiteLM/HLS-Verilog/Transformer_logic/src-hls/compute_controller.cpp:45->/home/luka/Scripting/ELEC_498-Capstone-LiteLM/HLS-Verilog/Transformer_logic/src-hls/compute_controller.cpp:720]   --->   Operation 185 'add' 'add_ln45' <Predicate = true> <Delay = 0.64> <CoreInst = "DSP48">   --->   Core 124 'DSP48' <Latency = 3> <II = 1> <Delay = 0.53> <IPBlock> <Opcode : 'add' 'sub' 'mul' 'select'> <InPorts = 0> <OutPorts = 1> <Sync> <CReg>
ST_5 : Operation 186 [2/2] (0.64ns) (root node of the DSP)   --->   "%add_ln45_2 = add i21 %sext_ln45_11, i21 %sext_ln45_10" [/home/luka/Scripting/ELEC_498-Capstone-LiteLM/HLS-Verilog/Transformer_logic/src-hls/compute_controller.cpp:45->/home/luka/Scripting/ELEC_498-Capstone-LiteLM/HLS-Verilog/Transformer_logic/src-hls/compute_controller.cpp:720]   --->   Operation 186 'add' 'add_ln45_2' <Predicate = true> <Delay = 0.64> <CoreInst = "DSP48">   --->   Core 124 'DSP48' <Latency = 3> <II = 1> <Delay = 0.53> <IPBlock> <Opcode : 'add' 'sub' 'mul' 'select'> <InPorts = 0> <OutPorts = 1> <Sync> <CReg>
ST_5 : Operation 187 [1/2] ( I:0.67ns O:0.67ns )   --->   "%w_11 = load i3 %compute_controller_ControlMemSpace_bool_unsigned_int_bool_bool_bool_bool_312" [/home/luka/Scripting/ELEC_498-Capstone-LiteLM/HLS-Verilog/Transformer_logic/src-hls/compute_controller.cpp:44->/home/luka/Scripting/ELEC_498-Capstone-LiteLM/HLS-Verilog/Transformer_logic/src-hls/compute_controller.cpp:720]   --->   Operation 187 'load' 'w_11' <Predicate = (!icmp_ln42)> <Delay = 0.67> <CoreInst = "RAM">   --->   Core 82 'RAM' <Latency = 1> <II = 1> <Delay = 0.67> <Storage> <Opcode : 'load' 'store'> <Ports = 2> <Width = 4> <Depth = 7> <RAM>
ST_5 : Operation 188 [1/2] ( I:0.67ns O:0.67ns )   --->   "%p_ZZ18compute_controller15ControlMemSpacebjRbS0_bS0_S0_RjPKhPhR12ComputeStateS1_R_135 = load i1 %p_ZZ18compute_controller15ControlMemSpacebjRbS0_bS0_S0_RjPKhPhR12ComputeStateS1_R_134" [/home/luka/Scripting/ELEC_498-Capstone-LiteLM/HLS-Verilog/Transformer_logic/src-hls/compute_controller.cpp:45->/home/luka/Scripting/ELEC_498-Capstone-LiteLM/HLS-Verilog/Transformer_logic/src-hls/compute_controller.cpp:720]   --->   Operation 188 'load' 'p_ZZ18compute_controller15ControlMemSpacebjRbS0_bS0_S0_RjPKhPhR12ComputeStateS1_R_135' <Predicate = (!icmp_ln42)> <Delay = 0.67> <CoreInst = "RAM">   --->   Core 82 'RAM' <Latency = 1> <II = 1> <Delay = 0.67> <Storage> <Opcode : 'load' 'store'> <Ports = 2> <Width = 16> <Depth = 2> <RAM>
ST_5 : Operation 189 [1/1] (0.00ns)   --->   "%sext_ln45_20 = sext i16 %p_ZZ18compute_controller15ControlMemSpacebjRbS0_bS0_S0_RjPKhPhR12ComputeStateS1_R_135" [/home/luka/Scripting/ELEC_498-Capstone-LiteLM/HLS-Verilog/Transformer_logic/src-hls/compute_controller.cpp:45->/home/luka/Scripting/ELEC_498-Capstone-LiteLM/HLS-Verilog/Transformer_logic/src-hls/compute_controller.cpp:720]   --->   Operation 189 'sext' 'sext_ln45_20' <Predicate = (!icmp_ln42)> <Delay = 0.00>
ST_5 : Operation 190 [1/1] (0.00ns)   --->   "%sext_ln44_11 = sext i4 %w_11" [/home/luka/Scripting/ELEC_498-Capstone-LiteLM/HLS-Verilog/Transformer_logic/src-hls/compute_controller.cpp:44->/home/luka/Scripting/ELEC_498-Capstone-LiteLM/HLS-Verilog/Transformer_logic/src-hls/compute_controller.cpp:720]   --->   Operation 190 'sext' 'sext_ln44_11' <Predicate = (!icmp_ln42)> <Delay = 0.00>
ST_5 : Operation 191 [1/2] ( I:0.67ns O:0.67ns )   --->   "%w_14 = load i3 %compute_controller_ControlMemSpace_bool_unsigned_int_bool_bool_bool_bool_315" [/home/luka/Scripting/ELEC_498-Capstone-LiteLM/HLS-Verilog/Transformer_logic/src-hls/compute_controller.cpp:44->/home/luka/Scripting/ELEC_498-Capstone-LiteLM/HLS-Verilog/Transformer_logic/src-hls/compute_controller.cpp:720]   --->   Operation 191 'load' 'w_14' <Predicate = (!icmp_ln42)> <Delay = 0.67> <CoreInst = "RAM">   --->   Core 82 'RAM' <Latency = 1> <II = 1> <Delay = 0.67> <Storage> <Opcode : 'load' 'store'> <Ports = 2> <Width = 4> <Depth = 7> <RAM>
ST_5 : Operation 192 [1/2] ( I:0.67ns O:0.67ns )   --->   "%p_ZZ18compute_controller15ControlMemSpacebjRbS0_bS0_S0_RjPKhPhR12ComputeStateS1_R_141 = load i1 %p_ZZ18compute_controller15ControlMemSpacebjRbS0_bS0_S0_RjPKhPhR12ComputeStateS1_R_140" [/home/luka/Scripting/ELEC_498-Capstone-LiteLM/HLS-Verilog/Transformer_logic/src-hls/compute_controller.cpp:45->/home/luka/Scripting/ELEC_498-Capstone-LiteLM/HLS-Verilog/Transformer_logic/src-hls/compute_controller.cpp:720]   --->   Operation 192 'load' 'p_ZZ18compute_controller15ControlMemSpacebjRbS0_bS0_S0_RjPKhPhR12ComputeStateS1_R_141' <Predicate = (!icmp_ln42)> <Delay = 0.67> <CoreInst = "RAM">   --->   Core 82 'RAM' <Latency = 1> <II = 1> <Delay = 0.67> <Storage> <Opcode : 'load' 'store'> <Ports = 2> <Width = 16> <Depth = 2> <RAM>
ST_5 : Operation 193 [1/1] (0.00ns)   --->   "%sext_ln45_23 = sext i16 %p_ZZ18compute_controller15ControlMemSpacebjRbS0_bS0_S0_RjPKhPhR12ComputeStateS1_R_141" [/home/luka/Scripting/ELEC_498-Capstone-LiteLM/HLS-Verilog/Transformer_logic/src-hls/compute_controller.cpp:45->/home/luka/Scripting/ELEC_498-Capstone-LiteLM/HLS-Verilog/Transformer_logic/src-hls/compute_controller.cpp:720]   --->   Operation 193 'sext' 'sext_ln45_23' <Predicate = (!icmp_ln42)> <Delay = 0.00>
ST_5 : Operation 194 [1/1] (0.00ns)   --->   "%sext_ln44_14 = sext i4 %w_14" [/home/luka/Scripting/ELEC_498-Capstone-LiteLM/HLS-Verilog/Transformer_logic/src-hls/compute_controller.cpp:44->/home/luka/Scripting/ELEC_498-Capstone-LiteLM/HLS-Verilog/Transformer_logic/src-hls/compute_controller.cpp:720]   --->   Operation 194 'sext' 'sext_ln44_14' <Predicate = (!icmp_ln42)> <Delay = 0.00>
ST_5 : Operation 195 [2/3] (0.99ns) (grouped into DSP with root node add_ln45_10)   --->   "%mul_ln45_6 = mul i20 %sext_ln45_19, i20 %sext_ln44_10" [/home/luka/Scripting/ELEC_498-Capstone-LiteLM/HLS-Verilog/Transformer_logic/src-hls/compute_controller.cpp:45->/home/luka/Scripting/ELEC_498-Capstone-LiteLM/HLS-Verilog/Transformer_logic/src-hls/compute_controller.cpp:720]   --->   Operation 195 'mul' 'mul_ln45_6' <Predicate = (!icmp_ln42)> <Delay = 0.99> <CoreInst = "DSP48">   --->   Core 124 'DSP48' <Latency = 3> <II = 1> <Delay = 0.53> <IPBlock> <Opcode : 'add' 'sub' 'mul' 'select'> <InPorts = 0> <OutPorts = 1> <Sync> <CReg>
ST_5 : Operation 196 [1/3] (0.00ns) (grouped into DSP with root node add_ln45_7)   --->   "%mul_ln45_9 = mul i20 %sext_ln45_16, i20 %sext_ln44_6" [/home/luka/Scripting/ELEC_498-Capstone-LiteLM/HLS-Verilog/Transformer_logic/src-hls/compute_controller.cpp:45->/home/luka/Scripting/ELEC_498-Capstone-LiteLM/HLS-Verilog/Transformer_logic/src-hls/compute_controller.cpp:720]   --->   Operation 196 'mul' 'mul_ln45_9' <Predicate = (!icmp_ln42)> <Delay = 0.00> <CoreInst = "DSP48">   --->   Core 124 'DSP48' <Latency = 3> <II = 1> <Delay = 0.53> <IPBlock> <Opcode : 'add' 'sub' 'mul' 'select'> <InPorts = 0> <OutPorts = 1> <Sync> <CReg>
ST_5 : Operation 197 [1/1] (0.00ns) (grouped into DSP with root node add_ln45_7)   --->   "%sext_ln45_29 = sext i20 %mul_ln45_9" [/home/luka/Scripting/ELEC_498-Capstone-LiteLM/HLS-Verilog/Transformer_logic/src-hls/compute_controller.cpp:45->/home/luka/Scripting/ELEC_498-Capstone-LiteLM/HLS-Verilog/Transformer_logic/src-hls/compute_controller.cpp:720]   --->   Operation 197 'sext' 'sext_ln45_29' <Predicate = (!icmp_ln42)> <Delay = 0.00>
ST_5 : Operation 198 [2/3] (0.99ns) (grouped into DSP with root node add_ln45_8)   --->   "%mul_ln45_10 = mul i20 %sext_ln45_15, i20 %sext_ln44_5" [/home/luka/Scripting/ELEC_498-Capstone-LiteLM/HLS-Verilog/Transformer_logic/src-hls/compute_controller.cpp:45->/home/luka/Scripting/ELEC_498-Capstone-LiteLM/HLS-Verilog/Transformer_logic/src-hls/compute_controller.cpp:720]   --->   Operation 198 'mul' 'mul_ln45_10' <Predicate = (!icmp_ln42)> <Delay = 0.99> <CoreInst = "DSP48">   --->   Core 124 'DSP48' <Latency = 3> <II = 1> <Delay = 0.53> <IPBlock> <Opcode : 'add' 'sub' 'mul' 'select'> <InPorts = 0> <OutPorts = 1> <Sync> <CReg>
ST_5 : Operation 199 [1/3] (0.00ns) (grouped into DSP with root node add_ln45_11)   --->   "%mul_ln45_11 = mul i20 %sext_ln45_24, i20 %sext_ln45_25" [/home/luka/Scripting/ELEC_498-Capstone-LiteLM/HLS-Verilog/Transformer_logic/src-hls/compute_controller.cpp:45->/home/luka/Scripting/ELEC_498-Capstone-LiteLM/HLS-Verilog/Transformer_logic/src-hls/compute_controller.cpp:720]   --->   Operation 199 'mul' 'mul_ln45_11' <Predicate = (!icmp_ln42)> <Delay = 0.00> <CoreInst = "DSP48">   --->   Core 124 'DSP48' <Latency = 3> <II = 1> <Delay = 0.53> <IPBlock> <Opcode : 'add' 'sub' 'mul' 'select'> <InPorts = 0> <OutPorts = 1> <Sync> <CReg>
ST_5 : Operation 200 [1/1] (0.00ns) (grouped into DSP with root node add_ln45_11)   --->   "%sext_ln45_31 = sext i20 %mul_ln45_11" [/home/luka/Scripting/ELEC_498-Capstone-LiteLM/HLS-Verilog/Transformer_logic/src-hls/compute_controller.cpp:45->/home/luka/Scripting/ELEC_498-Capstone-LiteLM/HLS-Verilog/Transformer_logic/src-hls/compute_controller.cpp:720]   --->   Operation 200 'sext' 'sext_ln45_31' <Predicate = (!icmp_ln42)> <Delay = 0.00>
ST_5 : Operation 201 [1/1] (2.38ns)   --->   "%mul_ln45_12 = mul i20 %sext_ln45_23, i20 %sext_ln44_14" [/home/luka/Scripting/ELEC_498-Capstone-LiteLM/HLS-Verilog/Transformer_logic/src-hls/compute_controller.cpp:45->/home/luka/Scripting/ELEC_498-Capstone-LiteLM/HLS-Verilog/Transformer_logic/src-hls/compute_controller.cpp:720]   --->   Operation 201 'mul' 'mul_ln45_12' <Predicate = (!icmp_ln42)> <Delay = 2.38> <CoreInst = "Multiplier">   --->   Core 3 'Multiplier' <Latency = 0> <II = 1> <Delay = 2.38> <FuncUnit> <Opcode : 'mul'> <InPorts = 2> <OutPorts = 1>
ST_5 : Operation 202 [1/1] (0.00ns)   --->   "%sext_ln45_32 = sext i20 %mul_ln45_12" [/home/luka/Scripting/ELEC_498-Capstone-LiteLM/HLS-Verilog/Transformer_logic/src-hls/compute_controller.cpp:45->/home/luka/Scripting/ELEC_498-Capstone-LiteLM/HLS-Verilog/Transformer_logic/src-hls/compute_controller.cpp:720]   --->   Operation 202 'sext' 'sext_ln45_32' <Predicate = (!icmp_ln42)> <Delay = 0.00>
ST_5 : Operation 203 [2/3] (0.99ns) (grouped into DSP with root node add_ln45_12)   --->   "%mul_ln45_13 = mul i20 %sext_ln45_22, i20 %sext_ln44_13" [/home/luka/Scripting/ELEC_498-Capstone-LiteLM/HLS-Verilog/Transformer_logic/src-hls/compute_controller.cpp:45->/home/luka/Scripting/ELEC_498-Capstone-LiteLM/HLS-Verilog/Transformer_logic/src-hls/compute_controller.cpp:720]   --->   Operation 203 'mul' 'mul_ln45_13' <Predicate = (!icmp_ln42)> <Delay = 0.99> <CoreInst = "DSP48">   --->   Core 124 'DSP48' <Latency = 3> <II = 1> <Delay = 0.53> <IPBlock> <Opcode : 'add' 'sub' 'mul' 'select'> <InPorts = 0> <OutPorts = 1> <Sync> <CReg>
ST_5 : Operation 204 [1/3] (0.00ns) (grouped into DSP with root node add_ln45_9)   --->   "%mul_ln45_14 = mul i20 %sext_ln45_21, i20 %sext_ln44_12" [/home/luka/Scripting/ELEC_498-Capstone-LiteLM/HLS-Verilog/Transformer_logic/src-hls/compute_controller.cpp:45->/home/luka/Scripting/ELEC_498-Capstone-LiteLM/HLS-Verilog/Transformer_logic/src-hls/compute_controller.cpp:720]   --->   Operation 204 'mul' 'mul_ln45_14' <Predicate = (!icmp_ln42)> <Delay = 0.00> <CoreInst = "DSP48">   --->   Core 124 'DSP48' <Latency = 3> <II = 1> <Delay = 0.53> <IPBlock> <Opcode : 'add' 'sub' 'mul' 'select'> <InPorts = 0> <OutPorts = 1> <Sync> <CReg>
ST_5 : Operation 205 [1/1] (0.00ns) (grouped into DSP with root node add_ln45_9)   --->   "%sext_ln45_34 = sext i20 %mul_ln45_14" [/home/luka/Scripting/ELEC_498-Capstone-LiteLM/HLS-Verilog/Transformer_logic/src-hls/compute_controller.cpp:45->/home/luka/Scripting/ELEC_498-Capstone-LiteLM/HLS-Verilog/Transformer_logic/src-hls/compute_controller.cpp:720]   --->   Operation 205 'sext' 'sext_ln45_34' <Predicate = (!icmp_ln42)> <Delay = 0.00>
ST_5 : Operation 206 [1/1] (2.38ns)   --->   "%mul_ln45_15 = mul i20 %sext_ln45_20, i20 %sext_ln44_11" [/home/luka/Scripting/ELEC_498-Capstone-LiteLM/HLS-Verilog/Transformer_logic/src-hls/compute_controller.cpp:45->/home/luka/Scripting/ELEC_498-Capstone-LiteLM/HLS-Verilog/Transformer_logic/src-hls/compute_controller.cpp:720]   --->   Operation 206 'mul' 'mul_ln45_15' <Predicate = (!icmp_ln42)> <Delay = 2.38> <CoreInst = "Multiplier">   --->   Core 3 'Multiplier' <Latency = 0> <II = 1> <Delay = 2.38> <FuncUnit> <Opcode : 'mul'> <InPorts = 2> <OutPorts = 1>
ST_5 : Operation 207 [1/1] (0.00ns)   --->   "%sext_ln45_35 = sext i20 %mul_ln45_15" [/home/luka/Scripting/ELEC_498-Capstone-LiteLM/HLS-Verilog/Transformer_logic/src-hls/compute_controller.cpp:45->/home/luka/Scripting/ELEC_498-Capstone-LiteLM/HLS-Verilog/Transformer_logic/src-hls/compute_controller.cpp:720]   --->   Operation 207 'sext' 'sext_ln45_35' <Predicate = (!icmp_ln42)> <Delay = 0.00>
ST_5 : Operation 208 [1/2] (0.64ns) (root node of the DSP)   --->   "%add_ln45_6 = add i21 %sext_ln45_28, i21 %sext_ln45_27" [/home/luka/Scripting/ELEC_498-Capstone-LiteLM/HLS-Verilog/Transformer_logic/src-hls/compute_controller.cpp:45->/home/luka/Scripting/ELEC_498-Capstone-LiteLM/HLS-Verilog/Transformer_logic/src-hls/compute_controller.cpp:720]   --->   Operation 208 'add' 'add_ln45_6' <Predicate = (!icmp_ln42)> <Delay = 0.64> <CoreInst = "DSP48">   --->   Core 124 'DSP48' <Latency = 3> <II = 1> <Delay = 0.53> <IPBlock> <Opcode : 'add' 'sub' 'mul' 'select'> <InPorts = 0> <OutPorts = 1> <Sync> <CReg>
ST_5 : Operation 209 [2/2] (0.64ns) (root node of the DSP)   --->   "%add_ln45_7 = add i21 %add_ln45_6, i21 %sext_ln45_29" [/home/luka/Scripting/ELEC_498-Capstone-LiteLM/HLS-Verilog/Transformer_logic/src-hls/compute_controller.cpp:45->/home/luka/Scripting/ELEC_498-Capstone-LiteLM/HLS-Verilog/Transformer_logic/src-hls/compute_controller.cpp:720]   --->   Operation 209 'add' 'add_ln45_7' <Predicate = (!icmp_ln42)> <Delay = 0.64> <CoreInst = "DSP48">   --->   Core 124 'DSP48' <Latency = 3> <II = 1> <Delay = 0.53> <IPBlock> <Opcode : 'add' 'sub' 'mul' 'select'> <InPorts = 0> <OutPorts = 1> <Sync> <CReg>
ST_5 : Operation 210 [2/2] (0.64ns) (root node of the DSP)   --->   "%add_ln45_9 = add i21 %sext_ln45_35, i21 %sext_ln45_34" [/home/luka/Scripting/ELEC_498-Capstone-LiteLM/HLS-Verilog/Transformer_logic/src-hls/compute_controller.cpp:45->/home/luka/Scripting/ELEC_498-Capstone-LiteLM/HLS-Verilog/Transformer_logic/src-hls/compute_controller.cpp:720]   --->   Operation 210 'add' 'add_ln45_9' <Predicate = (!icmp_ln42)> <Delay = 0.64> <CoreInst = "DSP48">   --->   Core 124 'DSP48' <Latency = 3> <II = 1> <Delay = 0.53> <IPBlock> <Opcode : 'add' 'sub' 'mul' 'select'> <InPorts = 0> <OutPorts = 1> <Sync> <CReg>
ST_5 : Operation 211 [2/2] (0.64ns) (root node of the DSP)   --->   "%add_ln45_11 = add i21 %sext_ln45_32, i21 %sext_ln45_31" [/home/luka/Scripting/ELEC_498-Capstone-LiteLM/HLS-Verilog/Transformer_logic/src-hls/compute_controller.cpp:45->/home/luka/Scripting/ELEC_498-Capstone-LiteLM/HLS-Verilog/Transformer_logic/src-hls/compute_controller.cpp:720]   --->   Operation 211 'add' 'add_ln45_11' <Predicate = (!icmp_ln42)> <Delay = 0.64> <CoreInst = "DSP48">   --->   Core 124 'DSP48' <Latency = 3> <II = 1> <Delay = 0.53> <IPBlock> <Opcode : 'add' 'sub' 'mul' 'select'> <InPorts = 0> <OutPorts = 1> <Sync> <CReg>

State 6 <SV = 5> <Delay = 1.29>
ST_6 : Operation 212 [1/3] (0.00ns) (grouped into DSP with root node add_ln45_1)   --->   "%mul_ln45_1 = mul i20 %sext_ln45_3, i20 %sext_ln44_3" [/home/luka/Scripting/ELEC_498-Capstone-LiteLM/HLS-Verilog/Transformer_logic/src-hls/compute_controller.cpp:45->/home/luka/Scripting/ELEC_498-Capstone-LiteLM/HLS-Verilog/Transformer_logic/src-hls/compute_controller.cpp:720]   --->   Operation 212 'mul' 'mul_ln45_1' <Predicate = true> <Delay = 0.00> <CoreInst = "DSP48">   --->   Core 124 'DSP48' <Latency = 3> <II = 1> <Delay = 0.53> <IPBlock> <Opcode : 'add' 'sub' 'mul' 'select'> <InPorts = 0> <OutPorts = 1> <Sync> <CReg>
ST_6 : Operation 213 [1/1] (0.00ns) (grouped into DSP with root node add_ln45_1)   --->   "%sext_ln45_8 = sext i20 %mul_ln45_1" [/home/luka/Scripting/ELEC_498-Capstone-LiteLM/HLS-Verilog/Transformer_logic/src-hls/compute_controller.cpp:45->/home/luka/Scripting/ELEC_498-Capstone-LiteLM/HLS-Verilog/Transformer_logic/src-hls/compute_controller.cpp:720]   --->   Operation 213 'sext' 'sext_ln45_8' <Predicate = true> <Delay = 0.00>
ST_6 : Operation 214 [1/3] (0.00ns) (grouped into DSP with root node add_ln45_3)   --->   "%mul_ln45_5 = mul i20 %sext_ln45_5, i20 %sext_ln45_6" [/home/luka/Scripting/ELEC_498-Capstone-LiteLM/HLS-Verilog/Transformer_logic/src-hls/compute_controller.cpp:45->/home/luka/Scripting/ELEC_498-Capstone-LiteLM/HLS-Verilog/Transformer_logic/src-hls/compute_controller.cpp:720]   --->   Operation 214 'mul' 'mul_ln45_5' <Predicate = true> <Delay = 0.00> <CoreInst = "DSP48">   --->   Core 124 'DSP48' <Latency = 3> <II = 1> <Delay = 0.53> <IPBlock> <Opcode : 'add' 'sub' 'mul' 'select'> <InPorts = 0> <OutPorts = 1> <Sync> <CReg>
ST_6 : Operation 215 [1/1] (0.00ns) (grouped into DSP with root node add_ln45_3)   --->   "%sext_ln45_12 = sext i20 %mul_ln45_5" [/home/luka/Scripting/ELEC_498-Capstone-LiteLM/HLS-Verilog/Transformer_logic/src-hls/compute_controller.cpp:45->/home/luka/Scripting/ELEC_498-Capstone-LiteLM/HLS-Verilog/Transformer_logic/src-hls/compute_controller.cpp:720]   --->   Operation 215 'sext' 'sext_ln45_12' <Predicate = true> <Delay = 0.00>
ST_6 : Operation 216 [1/2] (0.64ns) (root node of the DSP)   --->   "%add_ln45 = add i21 %sext_ln45_7, i21 %sext_ln45_9" [/home/luka/Scripting/ELEC_498-Capstone-LiteLM/HLS-Verilog/Transformer_logic/src-hls/compute_controller.cpp:45->/home/luka/Scripting/ELEC_498-Capstone-LiteLM/HLS-Verilog/Transformer_logic/src-hls/compute_controller.cpp:720]   --->   Operation 216 'add' 'add_ln45' <Predicate = true> <Delay = 0.64> <CoreInst = "DSP48">   --->   Core 124 'DSP48' <Latency = 3> <II = 1> <Delay = 0.53> <IPBlock> <Opcode : 'add' 'sub' 'mul' 'select'> <InPorts = 0> <OutPorts = 1> <Sync> <CReg>
ST_6 : Operation 217 [2/2] (0.64ns) (root node of the DSP)   --->   "%add_ln45_1 = add i21 %add_ln45, i21 %sext_ln45_8" [/home/luka/Scripting/ELEC_498-Capstone-LiteLM/HLS-Verilog/Transformer_logic/src-hls/compute_controller.cpp:45->/home/luka/Scripting/ELEC_498-Capstone-LiteLM/HLS-Verilog/Transformer_logic/src-hls/compute_controller.cpp:720]   --->   Operation 217 'add' 'add_ln45_1' <Predicate = true> <Delay = 0.64> <CoreInst = "DSP48">   --->   Core 124 'DSP48' <Latency = 3> <II = 1> <Delay = 0.53> <IPBlock> <Opcode : 'add' 'sub' 'mul' 'select'> <InPorts = 0> <OutPorts = 1> <Sync> <CReg>
ST_6 : Operation 218 [1/2] (0.64ns) (root node of the DSP)   --->   "%add_ln45_2 = add i21 %sext_ln45_11, i21 %sext_ln45_10" [/home/luka/Scripting/ELEC_498-Capstone-LiteLM/HLS-Verilog/Transformer_logic/src-hls/compute_controller.cpp:45->/home/luka/Scripting/ELEC_498-Capstone-LiteLM/HLS-Verilog/Transformer_logic/src-hls/compute_controller.cpp:720]   --->   Operation 218 'add' 'add_ln45_2' <Predicate = true> <Delay = 0.64> <CoreInst = "DSP48">   --->   Core 124 'DSP48' <Latency = 3> <II = 1> <Delay = 0.53> <IPBlock> <Opcode : 'add' 'sub' 'mul' 'select'> <InPorts = 0> <OutPorts = 1> <Sync> <CReg>
ST_6 : Operation 219 [1/1] (0.00ns)   --->   "%sext_ln45_14 = sext i21 %add_ln45_2" [/home/luka/Scripting/ELEC_498-Capstone-LiteLM/HLS-Verilog/Transformer_logic/src-hls/compute_controller.cpp:45->/home/luka/Scripting/ELEC_498-Capstone-LiteLM/HLS-Verilog/Transformer_logic/src-hls/compute_controller.cpp:720]   --->   Operation 219 'sext' 'sext_ln45_14' <Predicate = true> <Delay = 0.00>
ST_6 : Operation 220 [2/2] (0.64ns) (root node of the DSP)   --->   "%add_ln45_3 = add i32 %sext_ln45_14, i32 %sext_ln45_12" [/home/luka/Scripting/ELEC_498-Capstone-LiteLM/HLS-Verilog/Transformer_logic/src-hls/compute_controller.cpp:45->/home/luka/Scripting/ELEC_498-Capstone-LiteLM/HLS-Verilog/Transformer_logic/src-hls/compute_controller.cpp:720]   --->   Operation 220 'add' 'add_ln45_3' <Predicate = true> <Delay = 0.64> <CoreInst = "DSP48">   --->   Core 124 'DSP48' <Latency = 3> <II = 1> <Delay = 0.53> <IPBlock> <Opcode : 'add' 'sub' 'mul' 'select'> <InPorts = 0> <OutPorts = 1> <Sync> <CReg>
ST_6 : Operation 221 [1/3] (0.00ns) (grouped into DSP with root node add_ln45_10)   --->   "%mul_ln45_6 = mul i20 %sext_ln45_19, i20 %sext_ln44_10" [/home/luka/Scripting/ELEC_498-Capstone-LiteLM/HLS-Verilog/Transformer_logic/src-hls/compute_controller.cpp:45->/home/luka/Scripting/ELEC_498-Capstone-LiteLM/HLS-Verilog/Transformer_logic/src-hls/compute_controller.cpp:720]   --->   Operation 221 'mul' 'mul_ln45_6' <Predicate = (!icmp_ln42)> <Delay = 0.00> <CoreInst = "DSP48">   --->   Core 124 'DSP48' <Latency = 3> <II = 1> <Delay = 0.53> <IPBlock> <Opcode : 'add' 'sub' 'mul' 'select'> <InPorts = 0> <OutPorts = 1> <Sync> <CReg>
ST_6 : Operation 222 [1/1] (0.00ns) (grouped into DSP with root node add_ln45_10)   --->   "%sext_ln45_26 = sext i20 %mul_ln45_6" [/home/luka/Scripting/ELEC_498-Capstone-LiteLM/HLS-Verilog/Transformer_logic/src-hls/compute_controller.cpp:45->/home/luka/Scripting/ELEC_498-Capstone-LiteLM/HLS-Verilog/Transformer_logic/src-hls/compute_controller.cpp:720]   --->   Operation 222 'sext' 'sext_ln45_26' <Predicate = (!icmp_ln42)> <Delay = 0.00>
ST_6 : Operation 223 [1/3] (0.00ns) (grouped into DSP with root node add_ln45_8)   --->   "%mul_ln45_10 = mul i20 %sext_ln45_15, i20 %sext_ln44_5" [/home/luka/Scripting/ELEC_498-Capstone-LiteLM/HLS-Verilog/Transformer_logic/src-hls/compute_controller.cpp:45->/home/luka/Scripting/ELEC_498-Capstone-LiteLM/HLS-Verilog/Transformer_logic/src-hls/compute_controller.cpp:720]   --->   Operation 223 'mul' 'mul_ln45_10' <Predicate = (!icmp_ln42)> <Delay = 0.00> <CoreInst = "DSP48">   --->   Core 124 'DSP48' <Latency = 3> <II = 1> <Delay = 0.53> <IPBlock> <Opcode : 'add' 'sub' 'mul' 'select'> <InPorts = 0> <OutPorts = 1> <Sync> <CReg>
ST_6 : Operation 224 [1/1] (0.00ns) (grouped into DSP with root node add_ln45_8)   --->   "%sext_ln45_30 = sext i20 %mul_ln45_10" [/home/luka/Scripting/ELEC_498-Capstone-LiteLM/HLS-Verilog/Transformer_logic/src-hls/compute_controller.cpp:45->/home/luka/Scripting/ELEC_498-Capstone-LiteLM/HLS-Verilog/Transformer_logic/src-hls/compute_controller.cpp:720]   --->   Operation 224 'sext' 'sext_ln45_30' <Predicate = (!icmp_ln42)> <Delay = 0.00>
ST_6 : Operation 225 [1/3] (0.00ns) (grouped into DSP with root node add_ln45_12)   --->   "%mul_ln45_13 = mul i20 %sext_ln45_22, i20 %sext_ln44_13" [/home/luka/Scripting/ELEC_498-Capstone-LiteLM/HLS-Verilog/Transformer_logic/src-hls/compute_controller.cpp:45->/home/luka/Scripting/ELEC_498-Capstone-LiteLM/HLS-Verilog/Transformer_logic/src-hls/compute_controller.cpp:720]   --->   Operation 225 'mul' 'mul_ln45_13' <Predicate = (!icmp_ln42)> <Delay = 0.00> <CoreInst = "DSP48">   --->   Core 124 'DSP48' <Latency = 3> <II = 1> <Delay = 0.53> <IPBlock> <Opcode : 'add' 'sub' 'mul' 'select'> <InPorts = 0> <OutPorts = 1> <Sync> <CReg>
ST_6 : Operation 226 [1/1] (0.00ns) (grouped into DSP with root node add_ln45_12)   --->   "%sext_ln45_33 = sext i20 %mul_ln45_13" [/home/luka/Scripting/ELEC_498-Capstone-LiteLM/HLS-Verilog/Transformer_logic/src-hls/compute_controller.cpp:45->/home/luka/Scripting/ELEC_498-Capstone-LiteLM/HLS-Verilog/Transformer_logic/src-hls/compute_controller.cpp:720]   --->   Operation 226 'sext' 'sext_ln45_33' <Predicate = (!icmp_ln42)> <Delay = 0.00>
ST_6 : Operation 227 [1/2] (0.64ns) (root node of the DSP)   --->   "%add_ln45_7 = add i21 %add_ln45_6, i21 %sext_ln45_29" [/home/luka/Scripting/ELEC_498-Capstone-LiteLM/HLS-Verilog/Transformer_logic/src-hls/compute_controller.cpp:45->/home/luka/Scripting/ELEC_498-Capstone-LiteLM/HLS-Verilog/Transformer_logic/src-hls/compute_controller.cpp:720]   --->   Operation 227 'add' 'add_ln45_7' <Predicate = (!icmp_ln42)> <Delay = 0.64> <CoreInst = "DSP48">   --->   Core 124 'DSP48' <Latency = 3> <II = 1> <Delay = 0.53> <IPBlock> <Opcode : 'add' 'sub' 'mul' 'select'> <InPorts = 0> <OutPorts = 1> <Sync> <CReg>
ST_6 : Operation 228 [1/1] (0.00ns)   --->   "%sext_ln45_36 = sext i21 %add_ln45_7" [/home/luka/Scripting/ELEC_498-Capstone-LiteLM/HLS-Verilog/Transformer_logic/src-hls/compute_controller.cpp:45->/home/luka/Scripting/ELEC_498-Capstone-LiteLM/HLS-Verilog/Transformer_logic/src-hls/compute_controller.cpp:720]   --->   Operation 228 'sext' 'sext_ln45_36' <Predicate = (!icmp_ln42)> <Delay = 0.00>
ST_6 : Operation 229 [2/2] (0.64ns) (root node of the DSP)   --->   "%add_ln45_8 = add i32 %sext_ln45_36, i32 %sext_ln45_30" [/home/luka/Scripting/ELEC_498-Capstone-LiteLM/HLS-Verilog/Transformer_logic/src-hls/compute_controller.cpp:45->/home/luka/Scripting/ELEC_498-Capstone-LiteLM/HLS-Verilog/Transformer_logic/src-hls/compute_controller.cpp:720]   --->   Operation 229 'add' 'add_ln45_8' <Predicate = (!icmp_ln42)> <Delay = 0.64> <CoreInst = "DSP48">   --->   Core 124 'DSP48' <Latency = 3> <II = 1> <Delay = 0.53> <IPBlock> <Opcode : 'add' 'sub' 'mul' 'select'> <InPorts = 0> <OutPorts = 1> <Sync> <CReg>
ST_6 : Operation 230 [1/2] (0.64ns) (root node of the DSP)   --->   "%add_ln45_9 = add i21 %sext_ln45_35, i21 %sext_ln45_34" [/home/luka/Scripting/ELEC_498-Capstone-LiteLM/HLS-Verilog/Transformer_logic/src-hls/compute_controller.cpp:45->/home/luka/Scripting/ELEC_498-Capstone-LiteLM/HLS-Verilog/Transformer_logic/src-hls/compute_controller.cpp:720]   --->   Operation 230 'add' 'add_ln45_9' <Predicate = (!icmp_ln42)> <Delay = 0.64> <CoreInst = "DSP48">   --->   Core 124 'DSP48' <Latency = 3> <II = 1> <Delay = 0.53> <IPBlock> <Opcode : 'add' 'sub' 'mul' 'select'> <InPorts = 0> <OutPorts = 1> <Sync> <CReg>
ST_6 : Operation 231 [2/2] (0.64ns) (root node of the DSP)   --->   "%add_ln45_10 = add i21 %add_ln45_9, i21 %sext_ln45_26" [/home/luka/Scripting/ELEC_498-Capstone-LiteLM/HLS-Verilog/Transformer_logic/src-hls/compute_controller.cpp:45->/home/luka/Scripting/ELEC_498-Capstone-LiteLM/HLS-Verilog/Transformer_logic/src-hls/compute_controller.cpp:720]   --->   Operation 231 'add' 'add_ln45_10' <Predicate = (!icmp_ln42)> <Delay = 0.64> <CoreInst = "DSP48">   --->   Core 124 'DSP48' <Latency = 3> <II = 1> <Delay = 0.53> <IPBlock> <Opcode : 'add' 'sub' 'mul' 'select'> <InPorts = 0> <OutPorts = 1> <Sync> <CReg>
ST_6 : Operation 232 [1/2] (0.64ns) (root node of the DSP)   --->   "%add_ln45_11 = add i21 %sext_ln45_32, i21 %sext_ln45_31" [/home/luka/Scripting/ELEC_498-Capstone-LiteLM/HLS-Verilog/Transformer_logic/src-hls/compute_controller.cpp:45->/home/luka/Scripting/ELEC_498-Capstone-LiteLM/HLS-Verilog/Transformer_logic/src-hls/compute_controller.cpp:720]   --->   Operation 232 'add' 'add_ln45_11' <Predicate = (!icmp_ln42)> <Delay = 0.64> <CoreInst = "DSP48">   --->   Core 124 'DSP48' <Latency = 3> <II = 1> <Delay = 0.53> <IPBlock> <Opcode : 'add' 'sub' 'mul' 'select'> <InPorts = 0> <OutPorts = 1> <Sync> <CReg>
ST_6 : Operation 233 [2/2] (0.64ns) (root node of the DSP)   --->   "%add_ln45_12 = add i21 %add_ln45_11, i21 %sext_ln45_33" [/home/luka/Scripting/ELEC_498-Capstone-LiteLM/HLS-Verilog/Transformer_logic/src-hls/compute_controller.cpp:45->/home/luka/Scripting/ELEC_498-Capstone-LiteLM/HLS-Verilog/Transformer_logic/src-hls/compute_controller.cpp:720]   --->   Operation 233 'add' 'add_ln45_12' <Predicate = (!icmp_ln42)> <Delay = 0.64> <CoreInst = "DSP48">   --->   Core 124 'DSP48' <Latency = 3> <II = 1> <Delay = 0.53> <IPBlock> <Opcode : 'add' 'sub' 'mul' 'select'> <InPorts = 0> <OutPorts = 1> <Sync> <CReg>

State 7 <SV = 6> <Delay = 2.70>
ST_7 : Operation 234 [1/1] (0.00ns)   --->   "%acc_1 = load i32 %acc" [/home/luka/Scripting/ELEC_498-Capstone-LiteLM/HLS-Verilog/Transformer_logic/src-hls/compute_controller.cpp:45->/home/luka/Scripting/ELEC_498-Capstone-LiteLM/HLS-Verilog/Transformer_logic/src-hls/compute_controller.cpp:720]   --->   Operation 234 'load' 'acc_1' <Predicate = true> <Delay = 0.00>
ST_7 : Operation 235 [1/1] (0.00ns)   --->   "%specpipeline_ln41 = specpipeline void @_ssdm_op_SpecPipeline, i32 4294967295, i32 0, i32 0, i32 0, void @empty_21" [/home/luka/Scripting/ELEC_498-Capstone-LiteLM/HLS-Verilog/Transformer_logic/src-hls/compute_controller.cpp:41->/home/luka/Scripting/ELEC_498-Capstone-LiteLM/HLS-Verilog/Transformer_logic/src-hls/compute_controller.cpp:720]   --->   Operation 235 'specpipeline' 'specpipeline_ln41' <Predicate = true> <Delay = 0.00>
ST_7 : Operation 236 [1/1] (0.00ns)   --->   "%specloopname_ln42 = specloopname void @_ssdm_op_SpecLoopName, void @empty_8" [/home/luka/Scripting/ELEC_498-Capstone-LiteLM/HLS-Verilog/Transformer_logic/src-hls/compute_controller.cpp:42->/home/luka/Scripting/ELEC_498-Capstone-LiteLM/HLS-Verilog/Transformer_logic/src-hls/compute_controller.cpp:720]   --->   Operation 236 'specloopname' 'specloopname_ln42' <Predicate = true> <Delay = 0.00>
ST_7 : Operation 237 [1/2] (0.64ns) (root node of the DSP)   --->   "%add_ln45_1 = add i21 %add_ln45, i21 %sext_ln45_8" [/home/luka/Scripting/ELEC_498-Capstone-LiteLM/HLS-Verilog/Transformer_logic/src-hls/compute_controller.cpp:45->/home/luka/Scripting/ELEC_498-Capstone-LiteLM/HLS-Verilog/Transformer_logic/src-hls/compute_controller.cpp:720]   --->   Operation 237 'add' 'add_ln45_1' <Predicate = true> <Delay = 0.64> <CoreInst = "DSP48">   --->   Core 124 'DSP48' <Latency = 3> <II = 1> <Delay = 0.53> <IPBlock> <Opcode : 'add' 'sub' 'mul' 'select'> <InPorts = 0> <OutPorts = 1> <Sync> <CReg>
ST_7 : Operation 238 [1/1] (0.00ns)   --->   "%sext_ln45_13 = sext i21 %add_ln45_1" [/home/luka/Scripting/ELEC_498-Capstone-LiteLM/HLS-Verilog/Transformer_logic/src-hls/compute_controller.cpp:45->/home/luka/Scripting/ELEC_498-Capstone-LiteLM/HLS-Verilog/Transformer_logic/src-hls/compute_controller.cpp:720]   --->   Operation 238 'sext' 'sext_ln45_13' <Predicate = true> <Delay = 0.00>
ST_7 : Operation 239 [1/2] (0.64ns) (root node of the DSP)   --->   "%add_ln45_3 = add i32 %sext_ln45_14, i32 %sext_ln45_12" [/home/luka/Scripting/ELEC_498-Capstone-LiteLM/HLS-Verilog/Transformer_logic/src-hls/compute_controller.cpp:45->/home/luka/Scripting/ELEC_498-Capstone-LiteLM/HLS-Verilog/Transformer_logic/src-hls/compute_controller.cpp:720]   --->   Operation 239 'add' 'add_ln45_3' <Predicate = true> <Delay = 0.64> <CoreInst = "DSP48">   --->   Core 124 'DSP48' <Latency = 3> <II = 1> <Delay = 0.53> <IPBlock> <Opcode : 'add' 'sub' 'mul' 'select'> <InPorts = 0> <OutPorts = 1> <Sync> <CReg>
ST_7 : Operation 240 [1/1] (0.00ns) (grouped into TernaryAdder)   --->   "%add_ln45_4 = add i32 %sext_ln45_13, i32 %add_ln45_3" [/home/luka/Scripting/ELEC_498-Capstone-LiteLM/HLS-Verilog/Transformer_logic/src-hls/compute_controller.cpp:45->/home/luka/Scripting/ELEC_498-Capstone-LiteLM/HLS-Verilog/Transformer_logic/src-hls/compute_controller.cpp:720]   --->   Operation 240 'add' 'add_ln45_4' <Predicate = true> <Delay = 0.00> <CoreInst = "TAddSub">   --->   Core 10 'TAddSub' <Latency = 0> <II = 1> <Delay = 0.36> <IPBlock> <Opcode : 'add' 'sub'> <InPorts = 3> <OutPorts = 1> <Sync> <CReg>
ST_7 : Operation 241 [1/1] (0.73ns) (root node of TernaryAdder)   --->   "%acc_2 = add i32 %add_ln45_4, i32 %acc_1" [/home/luka/Scripting/ELEC_498-Capstone-LiteLM/HLS-Verilog/Transformer_logic/src-hls/compute_controller.cpp:45->/home/luka/Scripting/ELEC_498-Capstone-LiteLM/HLS-Verilog/Transformer_logic/src-hls/compute_controller.cpp:720]   --->   Operation 241 'add' 'acc_2' <Predicate = true> <Delay = 0.73> <CoreInst = "TAddSub">   --->   Core 10 'TAddSub' <Latency = 0> <II = 1> <Delay = 0.36> <IPBlock> <Opcode : 'add' 'sub'> <InPorts = 3> <OutPorts = 1> <Sync> <CReg>
ST_7 : Operation 242 [1/1] (0.00ns)   --->   "%speclooptripcount_ln0 = speclooptripcount void @_ssdm_op_SpecLoopTripCount, i64 1, i64 1, i64 1"   --->   Operation 242 'speclooptripcount' 'speclooptripcount_ln0' <Predicate = true> <Delay = 0.00>
ST_7 : Operation 243 [1/2] (0.64ns) (root node of the DSP)   --->   "%add_ln45_8 = add i32 %sext_ln45_36, i32 %sext_ln45_30" [/home/luka/Scripting/ELEC_498-Capstone-LiteLM/HLS-Verilog/Transformer_logic/src-hls/compute_controller.cpp:45->/home/luka/Scripting/ELEC_498-Capstone-LiteLM/HLS-Verilog/Transformer_logic/src-hls/compute_controller.cpp:720]   --->   Operation 243 'add' 'add_ln45_8' <Predicate = (!icmp_ln42)> <Delay = 0.64> <CoreInst = "DSP48">   --->   Core 124 'DSP48' <Latency = 3> <II = 1> <Delay = 0.53> <IPBlock> <Opcode : 'add' 'sub' 'mul' 'select'> <InPorts = 0> <OutPorts = 1> <Sync> <CReg>
ST_7 : Operation 244 [1/2] (0.64ns) (root node of the DSP)   --->   "%add_ln45_10 = add i21 %add_ln45_9, i21 %sext_ln45_26" [/home/luka/Scripting/ELEC_498-Capstone-LiteLM/HLS-Verilog/Transformer_logic/src-hls/compute_controller.cpp:45->/home/luka/Scripting/ELEC_498-Capstone-LiteLM/HLS-Verilog/Transformer_logic/src-hls/compute_controller.cpp:720]   --->   Operation 244 'add' 'add_ln45_10' <Predicate = (!icmp_ln42)> <Delay = 0.64> <CoreInst = "DSP48">   --->   Core 124 'DSP48' <Latency = 3> <II = 1> <Delay = 0.53> <IPBlock> <Opcode : 'add' 'sub' 'mul' 'select'> <InPorts = 0> <OutPorts = 1> <Sync> <CReg>
ST_7 : Operation 245 [1/1] (0.00ns)   --->   "%sext_ln45_37 = sext i21 %add_ln45_10" [/home/luka/Scripting/ELEC_498-Capstone-LiteLM/HLS-Verilog/Transformer_logic/src-hls/compute_controller.cpp:45->/home/luka/Scripting/ELEC_498-Capstone-LiteLM/HLS-Verilog/Transformer_logic/src-hls/compute_controller.cpp:720]   --->   Operation 245 'sext' 'sext_ln45_37' <Predicate = (!icmp_ln42)> <Delay = 0.00>
ST_7 : Operation 246 [1/2] (0.64ns) (root node of the DSP)   --->   "%add_ln45_12 = add i21 %add_ln45_11, i21 %sext_ln45_33" [/home/luka/Scripting/ELEC_498-Capstone-LiteLM/HLS-Verilog/Transformer_logic/src-hls/compute_controller.cpp:45->/home/luka/Scripting/ELEC_498-Capstone-LiteLM/HLS-Verilog/Transformer_logic/src-hls/compute_controller.cpp:720]   --->   Operation 246 'add' 'add_ln45_12' <Predicate = (!icmp_ln42)> <Delay = 0.64> <CoreInst = "DSP48">   --->   Core 124 'DSP48' <Latency = 3> <II = 1> <Delay = 0.53> <IPBlock> <Opcode : 'add' 'sub' 'mul' 'select'> <InPorts = 0> <OutPorts = 1> <Sync> <CReg>
ST_7 : Operation 247 [1/1] (0.00ns)   --->   "%sext_ln45_38 = sext i21 %add_ln45_12" [/home/luka/Scripting/ELEC_498-Capstone-LiteLM/HLS-Verilog/Transformer_logic/src-hls/compute_controller.cpp:45->/home/luka/Scripting/ELEC_498-Capstone-LiteLM/HLS-Verilog/Transformer_logic/src-hls/compute_controller.cpp:720]   --->   Operation 247 'sext' 'sext_ln45_38' <Predicate = (!icmp_ln42)> <Delay = 0.00>
ST_7 : Operation 248 [1/1] (0.90ns)   --->   "%add_ln45_13 = add i22 %sext_ln45_38, i22 %sext_ln45_37" [/home/luka/Scripting/ELEC_498-Capstone-LiteLM/HLS-Verilog/Transformer_logic/src-hls/compute_controller.cpp:45->/home/luka/Scripting/ELEC_498-Capstone-LiteLM/HLS-Verilog/Transformer_logic/src-hls/compute_controller.cpp:720]   --->   Operation 248 'add' 'add_ln45_13' <Predicate = (!icmp_ln42)> <Delay = 0.90> <CoreInst = "Adder">   --->   Core 1 'Adder' <Latency = 0> <II = 1> <Delay = 0.90> <FuncUnit> <Opcode : 'add' 'sub'> <InPorts = 2> <OutPorts = 1>
ST_7 : Operation 249 [1/1] (0.00ns)   --->   "%sext_ln45_39 = sext i22 %add_ln45_13" [/home/luka/Scripting/ELEC_498-Capstone-LiteLM/HLS-Verilog/Transformer_logic/src-hls/compute_controller.cpp:45->/home/luka/Scripting/ELEC_498-Capstone-LiteLM/HLS-Verilog/Transformer_logic/src-hls/compute_controller.cpp:720]   --->   Operation 249 'sext' 'sext_ln45_39' <Predicate = (!icmp_ln42)> <Delay = 0.00>
ST_7 : Operation 250 [1/1] (0.00ns) (grouped into TernaryAdder)   --->   "%add_ln45_14 = add i32 %sext_ln45_39, i32 %add_ln45_8" [/home/luka/Scripting/ELEC_498-Capstone-LiteLM/HLS-Verilog/Transformer_logic/src-hls/compute_controller.cpp:45->/home/luka/Scripting/ELEC_498-Capstone-LiteLM/HLS-Verilog/Transformer_logic/src-hls/compute_controller.cpp:720]   --->   Operation 250 'add' 'add_ln45_14' <Predicate = (!icmp_ln42)> <Delay = 0.00> <CoreInst = "TAddSub">   --->   Core 10 'TAddSub' <Latency = 0> <II = 1> <Delay = 0.36> <IPBlock> <Opcode : 'add' 'sub'> <InPorts = 3> <OutPorts = 1> <Sync> <CReg>
ST_7 : Operation 251 [1/1] (0.73ns) (root node of TernaryAdder)   --->   "%acc_3 = add i32 %add_ln45_14, i32 %acc_2" [/home/luka/Scripting/ELEC_498-Capstone-LiteLM/HLS-Verilog/Transformer_logic/src-hls/compute_controller.cpp:45->/home/luka/Scripting/ELEC_498-Capstone-LiteLM/HLS-Verilog/Transformer_logic/src-hls/compute_controller.cpp:720]   --->   Operation 251 'add' 'acc_3' <Predicate = (!icmp_ln42)> <Delay = 0.73> <CoreInst = "TAddSub">   --->   Core 10 'TAddSub' <Latency = 0> <II = 1> <Delay = 0.36> <IPBlock> <Opcode : 'add' 'sub'> <InPorts = 3> <OutPorts = 1> <Sync> <CReg>
ST_7 : Operation 252 [1/1] (0.42ns)   --->   "%store_ln41 = store i32 %acc_3, i32 %acc" [/home/luka/Scripting/ELEC_498-Capstone-LiteLM/HLS-Verilog/Transformer_logic/src-hls/compute_controller.cpp:41->/home/luka/Scripting/ELEC_498-Capstone-LiteLM/HLS-Verilog/Transformer_logic/src-hls/compute_controller.cpp:720]   --->   Operation 252 'store' 'store_ln41' <Predicate = (!icmp_ln42)> <Delay = 0.42>
ST_7 : Operation 253 [1/1] (0.00ns)   --->   "%br_ln42 = br void %for.body15.i.4.0.split" [/home/luka/Scripting/ELEC_498-Capstone-LiteLM/HLS-Verilog/Transformer_logic/src-hls/compute_controller.cpp:42->/home/luka/Scripting/ELEC_498-Capstone-LiteLM/HLS-Verilog/Transformer_logic/src-hls/compute_controller.cpp:720]   --->   Operation 253 'br' 'br_ln42' <Predicate = (!icmp_ln42)> <Delay = 0.00>
ST_7 : Operation 254 [1/1] (0.00ns)   --->   "%write_ln45 = write void @_ssdm_op_Write.ap_auto.i32P0A, i32 %acc_18_out, i32 %acc_2" [/home/luka/Scripting/ELEC_498-Capstone-LiteLM/HLS-Verilog/Transformer_logic/src-hls/compute_controller.cpp:45->/home/luka/Scripting/ELEC_498-Capstone-LiteLM/HLS-Verilog/Transformer_logic/src-hls/compute_controller.cpp:720]   --->   Operation 254 'write' 'write_ln45' <Predicate = (icmp_ln42)> <Delay = 0.00>
ST_7 : Operation 255 [1/1] (0.42ns)   --->   "%ret_ln0 = ret"   --->   Operation 255 'ret' 'ret_ln0' <Predicate = (icmp_ln42)> <Delay = 0.42>


============================================================
+ Verbose Summary: Binding
============================================================
STG Binding: 
---------------- STG Properties BEGIN ----------------
- Is combinational: 0
- Is one-state seq: 0
- Is datapath-only: 0
- Is pipelined: 0
- Is top level: 0
Port [ Return ] is wired: 1; IO mode=ap_ctrl_hs:ce=0
Port [ acc_14]:  wired=1; compound=0; hidden=0; nouse=0; global=0; static=0; extern=0; dir=0; type=0; pingpong=0; private_global=0; IO mode=ap_none:ce=0
Port [ acc_18_out]:  wired=1; compound=0; hidden=0; nouse=0; global=0; static=0; extern=0; dir=1; type=0; pingpong=0; private_global=0; IO mode=ap_vld:ce=0
Port [ compute_controller_ControlMemSpace_bool_unsigned_int_bool_bool_bool_bool_81]:  wired=1; compound=1; hidden=0; nouse=0; global=1; static=1; extern=0; dir=0; type=1; pingpong=0; private_global=0; MemPort=[13]; IO mode=ap_memory:ce=0
Port [ compute_controller_ControlMemSpace_bool_unsigned_int_bool_bool_bool_bool_59]:  wired=1; compound=1; hidden=0; nouse=0; global=1; static=1; extern=0; dir=0; type=1; pingpong=0; private_global=0; MemPort=[13]; IO mode=ap_memory:ce=0
Port [ compute_controller_ControlMemSpace_bool_unsigned_int_bool_bool_bool_bool_80]:  wired=1; compound=1; hidden=0; nouse=0; global=1; static=1; extern=0; dir=0; type=1; pingpong=0; private_global=0; MemPort=[13]; IO mode=ap_memory:ce=0
Port [ compute_controller_ControlMemSpace_bool_unsigned_int_bool_bool_bool_bool_57]:  wired=1; compound=1; hidden=0; nouse=0; global=1; static=1; extern=0; dir=0; type=1; pingpong=0; private_global=0; MemPort=[13]; IO mode=ap_memory:ce=0
Port [ p_ZZ18compute_controller15ControlMemSpacebjRbS0_bS0_S0_RjPKhPhR12ComputeStateS1_R_29]:  wired=1; compound=1; hidden=0; nouse=0; global=1; static=1; extern=0; dir=0; type=1; pingpong=0; private_global=0; MemPort=[13]; IO mode=ap_memory:ce=0
Port [ compute_controller_ControlMemSpace_bool_unsigned_int_bool_bool_bool_bool_56]:  wired=1; compound=1; hidden=0; nouse=0; global=1; static=1; extern=0; dir=0; type=1; pingpong=0; private_global=0; MemPort=[13]; IO mode=ap_memory:ce=0
Port [ p_ZZ18compute_controller15ControlMemSpacebjRbS0_bS0_S0_RjPKhPhR12ComputeStateS1_R_28]:  wired=1; compound=1; hidden=0; nouse=0; global=1; static=1; extern=0; dir=0; type=1; pingpong=0; private_global=0; MemPort=[13]; IO mode=ap_memory:ce=0
Port [ compute_controller_ControlMemSpace_bool_unsigned_int_bool_bool_bool_bool_55]:  wired=1; compound=1; hidden=0; nouse=0; global=1; static=1; extern=0; dir=0; type=1; pingpong=0; private_global=0; MemPort=[13]; IO mode=ap_memory:ce=0
Port [ p_ZZ18compute_controller15ControlMemSpacebjRbS0_bS0_S0_RjPKhPhR12ComputeStateS1_R_27]:  wired=1; compound=1; hidden=0; nouse=0; global=1; static=1; extern=0; dir=0; type=1; pingpong=0; private_global=0; MemPort=[13]; IO mode=ap_memory:ce=0
Port [ compute_controller_ControlMemSpace_bool_unsigned_int_bool_bool_bool_bool_54]:  wired=1; compound=1; hidden=0; nouse=0; global=1; static=1; extern=0; dir=0; type=1; pingpong=0; private_global=0; MemPort=[13]; IO mode=ap_memory:ce=0
Port [ p_ZZ18compute_controller15ControlMemSpacebjRbS0_bS0_S0_RjPKhPhR12ComputeStateS1_R_26]:  wired=1; compound=1; hidden=0; nouse=0; global=1; static=1; extern=0; dir=0; type=1; pingpong=0; private_global=0; MemPort=[13]; IO mode=ap_memory:ce=0
Port [ compute_controller_ControlMemSpace_bool_unsigned_int_bool_bool_bool_bool_53]:  wired=1; compound=1; hidden=0; nouse=0; global=1; static=1; extern=0; dir=0; type=1; pingpong=0; private_global=0; MemPort=[13]; IO mode=ap_memory:ce=0
Port [ p_ZZ18compute_controller15ControlMemSpacebjRbS0_bS0_S0_RjPKhPhR12ComputeStateS1_R_25]:  wired=1; compound=1; hidden=0; nouse=0; global=1; static=1; extern=0; dir=0; type=1; pingpong=0; private_global=0; MemPort=[13]; IO mode=ap_memory:ce=0
Port [ compute_controller_ControlMemSpace_bool_unsigned_int_bool_bool_bool_bool_52]:  wired=1; compound=1; hidden=0; nouse=0; global=1; static=1; extern=0; dir=0; type=1; pingpong=0; private_global=0; MemPort=[13]; IO mode=ap_memory:ce=0
Port [ p_ZZ18compute_controller15ControlMemSpacebjRbS0_bS0_S0_RjPKhPhR12ComputeStateS1_R_24]:  wired=1; compound=1; hidden=0; nouse=0; global=1; static=1; extern=0; dir=0; type=1; pingpong=0; private_global=0; MemPort=[13]; IO mode=ap_memory:ce=0
Port [ compute_controller_ControlMemSpace_bool_unsigned_int_bool_bool_bool_bool_51]:  wired=1; compound=1; hidden=0; nouse=0; global=1; static=1; extern=0; dir=0; type=1; pingpong=0; private_global=0; MemPort=[13]; IO mode=ap_memory:ce=0
Port [ compute_controller_ControlMemSpace_bool_unsigned_int_bool_bool_bool_bool_89]:  wired=1; compound=1; hidden=0; nouse=0; global=1; static=1; extern=0; dir=0; type=1; pingpong=0; private_global=0; MemPort=[13]; IO mode=ap_memory:ce=0
Port [ compute_controller_ControlMemSpace_bool_unsigned_int_bool_bool_bool_bool_50]:  wired=1; compound=1; hidden=0; nouse=0; global=1; static=1; extern=0; dir=0; type=1; pingpong=0; private_global=0; MemPort=[13]; IO mode=ap_memory:ce=0
Port [ compute_controller_ControlMemSpace_bool_unsigned_int_bool_bool_bool_bool_88]:  wired=1; compound=1; hidden=0; nouse=0; global=1; static=1; extern=0; dir=0; type=1; pingpong=0; private_global=0; MemPort=[13]; IO mode=ap_memory:ce=0
Port [ compute_controller_ControlMemSpace_bool_unsigned_int_bool_bool_bool_bool_58]:  wired=1; compound=1; hidden=0; nouse=0; global=1; static=1; extern=0; dir=0; type=1; pingpong=0; private_global=0; MemPort=[13]; IO mode=ap_memory:ce=0
Port [ compute_controller_ControlMemSpace_bool_unsigned_int_bool_bool_bool_bool_87]:  wired=1; compound=1; hidden=0; nouse=0; global=1; static=1; extern=0; dir=0; type=1; pingpong=0; private_global=0; MemPort=[13]; IO mode=ap_memory:ce=0
Port [ p_ZZ18compute_controller15ControlMemSpacebjRbS0_bS0_S0_RjPKhPhR12ComputeStateS1_R_23]:  wired=1; compound=1; hidden=0; nouse=0; global=1; static=1; extern=0; dir=0; type=1; pingpong=0; private_global=0; MemPort=[13]; IO mode=ap_memory:ce=0
Port [ compute_controller_ControlMemSpace_bool_unsigned_int_bool_bool_bool_bool_86]:  wired=1; compound=1; hidden=0; nouse=0; global=1; static=1; extern=0; dir=0; type=1; pingpong=0; private_global=0; MemPort=[13]; IO mode=ap_memory:ce=0
Port [ p_ZZ18compute_controller15ControlMemSpacebjRbS0_bS0_S0_RjPKhPhR12ComputeStateS1_R_22]:  wired=1; compound=1; hidden=0; nouse=0; global=1; static=1; extern=0; dir=0; type=1; pingpong=0; private_global=0; MemPort=[13]; IO mode=ap_memory:ce=0
Port [ compute_controller_ControlMemSpace_bool_unsigned_int_bool_bool_bool_bool_85]:  wired=1; compound=1; hidden=0; nouse=0; global=1; static=1; extern=0; dir=0; type=1; pingpong=0; private_global=0; MemPort=[13]; IO mode=ap_memory:ce=0
Port [ p_ZZ18compute_controller15ControlMemSpacebjRbS0_bS0_S0_RjPKhPhR12ComputeStateS1_R_21]:  wired=1; compound=1; hidden=0; nouse=0; global=1; static=1; extern=0; dir=0; type=1; pingpong=0; private_global=0; MemPort=[13]; IO mode=ap_memory:ce=0
Port [ compute_controller_ControlMemSpace_bool_unsigned_int_bool_bool_bool_bool_84]:  wired=1; compound=1; hidden=0; nouse=0; global=1; static=1; extern=0; dir=0; type=1; pingpong=0; private_global=0; MemPort=[13]; IO mode=ap_memory:ce=0
Port [ p_ZZ18compute_controller15ControlMemSpacebjRbS0_bS0_S0_RjPKhPhR12ComputeStateS1_R_20]:  wired=1; compound=1; hidden=0; nouse=0; global=1; static=1; extern=0; dir=0; type=1; pingpong=0; private_global=0; MemPort=[13]; IO mode=ap_memory:ce=0
Port [ compute_controller_ControlMemSpace_bool_unsigned_int_bool_bool_bool_bool_83]:  wired=1; compound=1; hidden=0; nouse=0; global=1; static=1; extern=0; dir=0; type=1; pingpong=0; private_global=0; MemPort=[13]; IO mode=ap_memory:ce=0
Port [ p_ZZ18compute_controller15ControlMemSpacebjRbS0_bS0_S0_RjPKhPhR12ComputeStateS1_R_19]:  wired=1; compound=1; hidden=0; nouse=0; global=1; static=1; extern=0; dir=0; type=1; pingpong=0; private_global=0; MemPort=[13]; IO mode=ap_memory:ce=0
Port [ compute_controller_ControlMemSpace_bool_unsigned_int_bool_bool_bool_bool_82]:  wired=1; compound=1; hidden=0; nouse=0; global=1; static=1; extern=0; dir=0; type=1; pingpong=0; private_global=0; MemPort=[13]; IO mode=ap_memory:ce=0
Port [ p_ZZ18compute_controller15ControlMemSpacebjRbS0_bS0_S0_RjPKhPhR12ComputeStateS1_R_18]:  wired=1; compound=1; hidden=0; nouse=0; global=1; static=1; extern=0; dir=0; type=1; pingpong=0; private_global=0; MemPort=[13]; IO mode=ap_memory:ce=0
---------------- STG Properties END ------------------

---------------- Datapath Model BEGIN ----------------

<LifeTime>
<method=bitvector/>
acc                                                                                   (alloca           ) [ 01111111]
i                                                                                     (alloca           ) [ 01000000]
acc_14_read                                                                           (read             ) [ 00000000]
store_ln42                                                                            (store            ) [ 00000000]
store_ln41                                                                            (store            ) [ 00000000]
br_ln0                                                                                (br               ) [ 00000000]
i_13                                                                                  (load             ) [ 00000000]
tmp                                                                                   (bitselect        ) [ 01100000]
zext_ln41                                                                             (zext             ) [ 01111000]
tmp_s                                                                                 (partselect       ) [ 00000000]
trunc_ln42                                                                            (trunc            ) [ 00000000]
or_ln42_8                                                                             (bitconcatenate   ) [ 00000000]
icmp_ln42                                                                             (icmp             ) [ 01111111]
br_ln42                                                                               (br               ) [ 00000000]
or_ln44_3                                                                             (bitconcatenate   ) [ 00000000]
sext_ln44_7                                                                           (sext             ) [ 00000000]
zext_ln44                                                                             (zext             ) [ 01111000]
compute_controller_ControlMemSpace_bool_unsigned_int_bool_bool_bool_bool_308          (getelementptr    ) [ 01100000]
compute_controller_ControlMemSpace_bool_unsigned_int_bool_bool_bool_bool_309          (getelementptr    ) [ 01100000]
bit_sel                                                                               (bitselect        ) [ 00000000]
xor_ln42                                                                              (xor              ) [ 00000000]
trunc_ln42_4                                                                          (trunc            ) [ 00000000]
xor_ln42_4                                                                            (bitconcatenate   ) [ 00000000]
store_ln42                                                                            (store            ) [ 00000000]
select_ln44                                                                           (select           ) [ 01011000]
compute_controller_ControlMemSpace_bool_unsigned_int_bool_bool_bool_bool_290          (getelementptr    ) [ 01010000]
compute_controller_ControlMemSpace_bool_unsigned_int_bool_bool_bool_bool_291          (getelementptr    ) [ 01010000]
p_ZZ18compute_controller15ControlMemSpacebjRbS0_bS0_S0_RjPKhPhR12ComputeStateS1_R_126 (getelementptr    ) [ 01010000]
compute_controller_ControlMemSpace_bool_unsigned_int_bool_bool_bool_bool_293          (getelementptr    ) [ 01010000]
p_ZZ18compute_controller15ControlMemSpacebjRbS0_bS0_S0_RjPKhPhR12ComputeStateS1_R_131 (getelementptr    ) [ 01010000]
compute_controller_ControlMemSpace_bool_unsigned_int_bool_bool_bool_bool_303          (getelementptr    ) [ 01010000]
w_9                                                                                   (load             ) [ 00000000]
compute_controller_ControlMemSpace_bool_unsigned_int_bool_bool_bool_bool_310          (load             ) [ 00000000]
sext_ln45_18                                                                          (sext             ) [ 01011000]
sext_ln44_9                                                                           (sext             ) [ 01011000]
compute_controller_ControlMemSpace_bool_unsigned_int_bool_bool_bool_bool_313          (getelementptr    ) [ 01010000]
p_ZZ18compute_controller15ControlMemSpacebjRbS0_bS0_S0_RjPKhPhR12ComputeStateS1_R_136 (getelementptr    ) [ 01010000]
compute_controller_ControlMemSpace_bool_unsigned_int_bool_bool_bool_bool_316          (getelementptr    ) [ 01010000]
p_ZZ18compute_controller15ControlMemSpacebjRbS0_bS0_S0_RjPKhPhR12ComputeStateS1_R_142 (getelementptr    ) [ 01010000]
w_1                                                                                   (load             ) [ 00000000]
compute_controller_ControlMemSpace_bool_unsigned_int_bool_bool_bool_bool_292          (load             ) [ 00000000]
sext_ln45_1                                                                           (sext             ) [ 01001100]
sext_ln44_1                                                                           (sext             ) [ 01001100]
w_2                                                                                   (load             ) [ 00000000]
compute_controller_ControlMemSpace_bool_unsigned_int_bool_bool_bool_bool_294          (load             ) [ 00000000]
sext_ln45_2                                                                           (sext             ) [ 01001100]
sext_ln44_2                                                                           (sext             ) [ 01001100]
p_ZZ18compute_controller15ControlMemSpacebjRbS0_bS0_S0_RjPKhPhR12ComputeStateS1_R_127 (getelementptr    ) [ 01001000]
compute_controller_ControlMemSpace_bool_unsigned_int_bool_bool_bool_bool_295          (getelementptr    ) [ 01001000]
p_ZZ18compute_controller15ControlMemSpacebjRbS0_bS0_S0_RjPKhPhR12ComputeStateS1_R_129 (getelementptr    ) [ 01001000]
compute_controller_ControlMemSpace_bool_unsigned_int_bool_bool_bool_bool_299          (getelementptr    ) [ 01001000]
p_ZZ18compute_controller15ControlMemSpacebjRbS0_bS0_S0_RjPKhPhR12ComputeStateS1_R_130 (getelementptr    ) [ 01001000]
compute_controller_ControlMemSpace_bool_unsigned_int_bool_bool_bool_bool_301          (getelementptr    ) [ 01001000]
w_7                                                                                   (load             ) [ 00000000]
compute_controller_ControlMemSpace_bool_unsigned_int_bool_bool_bool_bool_304          (load             ) [ 00000000]
sext_ln45_16                                                                          (sext             ) [ 01001100]
sext_ln44_6                                                                           (sext             ) [ 01001100]
compute_controller_ControlMemSpace_bool_unsigned_int_bool_bool_bool_bool_305          (getelementptr    ) [ 01001000]
compute_controller_ControlMemSpace_bool_unsigned_int_bool_bool_bool_bool_306          (getelementptr    ) [ 01001000]
compute_controller_ControlMemSpace_bool_unsigned_int_bool_bool_bool_bool_311          (getelementptr    ) [ 01001000]
p_ZZ18compute_controller15ControlMemSpacebjRbS0_bS0_S0_RjPKhPhR12ComputeStateS1_R_132 (getelementptr    ) [ 01001000]
w_12                                                                                  (load             ) [ 00000000]
p_ZZ18compute_controller15ControlMemSpacebjRbS0_bS0_S0_RjPKhPhR12ComputeStateS1_R_137 (load             ) [ 00000000]
sext_ln45_21                                                                          (sext             ) [ 01001100]
sext_ln44_12                                                                          (sext             ) [ 01001100]
compute_controller_ControlMemSpace_bool_unsigned_int_bool_bool_bool_bool_314          (getelementptr    ) [ 01001000]
p_ZZ18compute_controller15ControlMemSpacebjRbS0_bS0_S0_RjPKhPhR12ComputeStateS1_R_138 (getelementptr    ) [ 01001000]
w_15                                                                                  (load             ) [ 00000000]
p_ZZ18compute_controller15ControlMemSpacebjRbS0_bS0_S0_RjPKhPhR12ComputeStateS1_R_143 (load             ) [ 00000000]
sext_ln45_24                                                                          (sext             ) [ 01001100]
sext_ln45_25                                                                          (sext             ) [ 01001100]
compute_controller_ControlMemSpace_bool_unsigned_int_bool_bool_bool_bool_287          (getelementptr    ) [ 01000100]
compute_controller_ControlMemSpace_bool_unsigned_int_bool_bool_bool_bool_288          (getelementptr    ) [ 01000100]
w_3                                                                                   (load             ) [ 00000000]
compute_controller_ControlMemSpace_bool_unsigned_int_bool_bool_bool_bool_296          (load             ) [ 00000000]
sext_ln45_3                                                                           (sext             ) [ 01000110]
sext_ln44_3                                                                           (sext             ) [ 01000110]
p_ZZ18compute_controller15ControlMemSpacebjRbS0_bS0_S0_RjPKhPhR12ComputeStateS1_R_128 (getelementptr    ) [ 01000100]
compute_controller_ControlMemSpace_bool_unsigned_int_bool_bool_bool_bool_297          (getelementptr    ) [ 01000100]
w_5                                                                                   (load             ) [ 00000000]
compute_controller_ControlMemSpace_bool_unsigned_int_bool_bool_bool_bool_300          (load             ) [ 00000000]
sext_ln45_5                                                                           (sext             ) [ 01000110]
sext_ln45_6                                                                           (sext             ) [ 01000110]
w_6                                                                                   (load             ) [ 00000000]
compute_controller_ControlMemSpace_bool_unsigned_int_bool_bool_bool_bool_302          (load             ) [ 00000000]
sext_ln45_15                                                                          (sext             ) [ 01000110]
sext_ln44_5                                                                           (sext             ) [ 01000110]
w_8                                                                                   (load             ) [ 00000000]
compute_controller_ControlMemSpace_bool_unsigned_int_bool_bool_bool_bool_307          (load             ) [ 00000000]
sext_ln45_17                                                                          (sext             ) [ 00000000]
sext_ln44_8                                                                           (sext             ) [ 00000000]
w_10                                                                                  (load             ) [ 00000000]
p_ZZ18compute_controller15ControlMemSpacebjRbS0_bS0_S0_RjPKhPhR12ComputeStateS1_R_133 (load             ) [ 00000000]
sext_ln45_19                                                                          (sext             ) [ 01000110]
sext_ln44_10                                                                          (sext             ) [ 01000110]
compute_controller_ControlMemSpace_bool_unsigned_int_bool_bool_bool_bool_312          (getelementptr    ) [ 01000100]
p_ZZ18compute_controller15ControlMemSpacebjRbS0_bS0_S0_RjPKhPhR12ComputeStateS1_R_134 (getelementptr    ) [ 01000100]
w_13                                                                                  (load             ) [ 00000000]
p_ZZ18compute_controller15ControlMemSpacebjRbS0_bS0_S0_RjPKhPhR12ComputeStateS1_R_139 (load             ) [ 00000000]
sext_ln45_22                                                                          (sext             ) [ 01000110]
sext_ln44_13                                                                          (sext             ) [ 01000110]
compute_controller_ControlMemSpace_bool_unsigned_int_bool_bool_bool_bool_315          (getelementptr    ) [ 01000100]
p_ZZ18compute_controller15ControlMemSpacebjRbS0_bS0_S0_RjPKhPhR12ComputeStateS1_R_140 (getelementptr    ) [ 01000100]
mul_ln45_7                                                                            (mul              ) [ 00000000]
sext_ln45_27                                                                          (sext             ) [ 01000100]
mul_ln45_8                                                                            (mul              ) [ 00000000]
sext_ln45_28                                                                          (sext             ) [ 01000100]
w                                                                                     (load             ) [ 00000000]
compute_controller_ControlMemSpace_bool_unsigned_int_bool_bool_bool_bool_289          (load             ) [ 00000000]
sext_ln45                                                                             (sext             ) [ 00000000]
sext_ln44                                                                             (sext             ) [ 00000000]
w_4                                                                                   (load             ) [ 00000000]
compute_controller_ControlMemSpace_bool_unsigned_int_bool_bool_bool_bool_298          (load             ) [ 00000000]
sext_ln45_4                                                                           (sext             ) [ 00000000]
sext_ln44_4                                                                           (sext             ) [ 00000000]
mul_ln45                                                                              (mul              ) [ 00000000]
sext_ln45_7                                                                           (sext             ) [ 01000010]
mul_ln45_2                                                                            (mul              ) [ 00000000]
sext_ln45_9                                                                           (sext             ) [ 01000010]
mul_ln45_3                                                                            (mul              ) [ 00000000]
sext_ln45_10                                                                          (sext             ) [ 01000010]
mul_ln45_4                                                                            (mul              ) [ 00000000]
sext_ln45_11                                                                          (sext             ) [ 01000010]
w_11                                                                                  (load             ) [ 00000000]
p_ZZ18compute_controller15ControlMemSpacebjRbS0_bS0_S0_RjPKhPhR12ComputeStateS1_R_135 (load             ) [ 00000000]
sext_ln45_20                                                                          (sext             ) [ 00000000]
sext_ln44_11                                                                          (sext             ) [ 00000000]
w_14                                                                                  (load             ) [ 00000000]
p_ZZ18compute_controller15ControlMemSpacebjRbS0_bS0_S0_RjPKhPhR12ComputeStateS1_R_141 (load             ) [ 00000000]
sext_ln45_23                                                                          (sext             ) [ 00000000]
sext_ln44_14                                                                          (sext             ) [ 00000000]
mul_ln45_9                                                                            (mul              ) [ 00000000]
sext_ln45_29                                                                          (sext             ) [ 01000010]
mul_ln45_11                                                                           (mul              ) [ 00000000]
sext_ln45_31                                                                          (sext             ) [ 01000010]
mul_ln45_12                                                                           (mul              ) [ 00000000]
sext_ln45_32                                                                          (sext             ) [ 01000010]
mul_ln45_14                                                                           (mul              ) [ 00000000]
sext_ln45_34                                                                          (sext             ) [ 01000010]
mul_ln45_15                                                                           (mul              ) [ 00000000]
sext_ln45_35                                                                          (sext             ) [ 01000010]
add_ln45_6                                                                            (add              ) [ 01000010]
mul_ln45_1                                                                            (mul              ) [ 00000000]
sext_ln45_8                                                                           (sext             ) [ 01000001]
mul_ln45_5                                                                            (mul              ) [ 00000000]
sext_ln45_12                                                                          (sext             ) [ 01000001]
add_ln45                                                                              (add              ) [ 01000001]
add_ln45_2                                                                            (add              ) [ 00000000]
sext_ln45_14                                                                          (sext             ) [ 01000001]
mul_ln45_6                                                                            (mul              ) [ 00000000]
sext_ln45_26                                                                          (sext             ) [ 01000001]
mul_ln45_10                                                                           (mul              ) [ 00000000]
sext_ln45_30                                                                          (sext             ) [ 01000001]
mul_ln45_13                                                                           (mul              ) [ 00000000]
sext_ln45_33                                                                          (sext             ) [ 01000001]
add_ln45_7                                                                            (add              ) [ 00000000]
sext_ln45_36                                                                          (sext             ) [ 01000001]
add_ln45_9                                                                            (add              ) [ 01000001]
add_ln45_11                                                                           (add              ) [ 01000001]
acc_1                                                                                 (load             ) [ 00000000]
specpipeline_ln41                                                                     (specpipeline     ) [ 00000000]
specloopname_ln42                                                                     (specloopname     ) [ 00000000]
add_ln45_1                                                                            (add              ) [ 00000000]
sext_ln45_13                                                                          (sext             ) [ 00000000]
add_ln45_3                                                                            (add              ) [ 00000000]
add_ln45_4                                                                            (add              ) [ 00000000]
acc_2                                                                                 (add              ) [ 00000000]
speclooptripcount_ln0                                                                 (speclooptripcount) [ 00000000]
add_ln45_8                                                                            (add              ) [ 00000000]
add_ln45_10                                                                           (add              ) [ 00000000]
sext_ln45_37                                                                          (sext             ) [ 00000000]
add_ln45_12                                                                           (add              ) [ 00000000]
sext_ln45_38                                                                          (sext             ) [ 00000000]
add_ln45_13                                                                           (add              ) [ 00000000]
sext_ln45_39                                                                          (sext             ) [ 00000000]
add_ln45_14                                                                           (add              ) [ 00000000]
acc_3                                                                                 (add              ) [ 00000000]
store_ln41                                                                            (store            ) [ 00000000]
br_ln42                                                                               (br               ) [ 00000000]
write_ln45                                                                            (write            ) [ 00000000]
ret_ln0                                                                               (ret              ) [ 00000000]
</LifeTime>

<model>

<comp_list>
<comp id="0" class="1000" name="acc_14">
<pin_list>
<pin id="1" dir="1" index="0" bw="1" slack="0"/>
</pin_list>
<bind>
<StgValue><ssdm name="acc_14"/></StgValue>
</bind>
</comp>

<comp id="2" class="1000" name="acc_18_out">
<pin_list>
<pin id="3" dir="1" index="0" bw="1" slack="0"/>
</pin_list>
<bind>
<StgValue><ssdm name="acc_18_out"/></StgValue>
</bind>
</comp>

<comp id="4" class="1000" name="compute_controller_ControlMemSpace_bool_unsigned_int_bool_bool_bool_bool_81">
<pin_list>
<pin id="5" dir="1" index="0" bw="1" slack="0"/>
</pin_list>
<bind>
<StgValue><ssdm name="compute_controller_ControlMemSpace_bool_unsigned_int_bool_bool_bool_bool_81"/><MemPortTyVec>1 3 </MemPortTyVec>
</StgValue>
</bind>
</comp>

<comp id="6" class="1000" name="compute_controller_ControlMemSpace_bool_unsigned_int_bool_bool_bool_bool_59">
<pin_list>
<pin id="7" dir="1" index="0" bw="1" slack="0"/>
</pin_list>
<bind>
<StgValue><ssdm name="compute_controller_ControlMemSpace_bool_unsigned_int_bool_bool_bool_bool_59"/><MemPortTyVec>1 3 </MemPortTyVec>
</StgValue>
</bind>
</comp>

<comp id="8" class="1000" name="compute_controller_ControlMemSpace_bool_unsigned_int_bool_bool_bool_bool_80">
<pin_list>
<pin id="9" dir="1" index="0" bw="1" slack="0"/>
</pin_list>
<bind>
<StgValue><ssdm name="compute_controller_ControlMemSpace_bool_unsigned_int_bool_bool_bool_bool_80"/><MemPortTyVec>1 3 </MemPortTyVec>
</StgValue>
</bind>
</comp>

<comp id="10" class="1000" name="compute_controller_ControlMemSpace_bool_unsigned_int_bool_bool_bool_bool_57">
<pin_list>
<pin id="11" dir="1" index="0" bw="1" slack="0"/>
</pin_list>
<bind>
<StgValue><ssdm name="compute_controller_ControlMemSpace_bool_unsigned_int_bool_bool_bool_bool_57"/><MemPortTyVec>1 3 </MemPortTyVec>
</StgValue>
</bind>
</comp>

<comp id="12" class="1000" name="p_ZZ18compute_controller15ControlMemSpacebjRbS0_bS0_S0_RjPKhPhR12ComputeStateS1_R_29">
<pin_list>
<pin id="13" dir="1" index="0" bw="1" slack="0"/>
</pin_list>
<bind>
<StgValue><ssdm name="p_ZZ18compute_controller15ControlMemSpacebjRbS0_bS0_S0_RjPKhPhR12ComputeStateS1_R_29"/><MemPortTyVec>1 3 </MemPortTyVec>
</StgValue>
</bind>
</comp>

<comp id="14" class="1000" name="compute_controller_ControlMemSpace_bool_unsigned_int_bool_bool_bool_bool_56">
<pin_list>
<pin id="15" dir="1" index="0" bw="1" slack="0"/>
</pin_list>
<bind>
<StgValue><ssdm name="compute_controller_ControlMemSpace_bool_unsigned_int_bool_bool_bool_bool_56"/><MemPortTyVec>1 3 </MemPortTyVec>
</StgValue>
</bind>
</comp>

<comp id="16" class="1000" name="p_ZZ18compute_controller15ControlMemSpacebjRbS0_bS0_S0_RjPKhPhR12ComputeStateS1_R_28">
<pin_list>
<pin id="17" dir="1" index="0" bw="1" slack="0"/>
</pin_list>
<bind>
<StgValue><ssdm name="p_ZZ18compute_controller15ControlMemSpacebjRbS0_bS0_S0_RjPKhPhR12ComputeStateS1_R_28"/><MemPortTyVec>1 3 </MemPortTyVec>
</StgValue>
</bind>
</comp>

<comp id="18" class="1000" name="compute_controller_ControlMemSpace_bool_unsigned_int_bool_bool_bool_bool_55">
<pin_list>
<pin id="19" dir="1" index="0" bw="1" slack="0"/>
</pin_list>
<bind>
<StgValue><ssdm name="compute_controller_ControlMemSpace_bool_unsigned_int_bool_bool_bool_bool_55"/><MemPortTyVec>1 3 </MemPortTyVec>
</StgValue>
</bind>
</comp>

<comp id="20" class="1000" name="p_ZZ18compute_controller15ControlMemSpacebjRbS0_bS0_S0_RjPKhPhR12ComputeStateS1_R_27">
<pin_list>
<pin id="21" dir="1" index="0" bw="1" slack="0"/>
</pin_list>
<bind>
<StgValue><ssdm name="p_ZZ18compute_controller15ControlMemSpacebjRbS0_bS0_S0_RjPKhPhR12ComputeStateS1_R_27"/><MemPortTyVec>1 3 </MemPortTyVec>
</StgValue>
</bind>
</comp>

<comp id="22" class="1000" name="compute_controller_ControlMemSpace_bool_unsigned_int_bool_bool_bool_bool_54">
<pin_list>
<pin id="23" dir="1" index="0" bw="1" slack="0"/>
</pin_list>
<bind>
<StgValue><ssdm name="compute_controller_ControlMemSpace_bool_unsigned_int_bool_bool_bool_bool_54"/><MemPortTyVec>1 3 </MemPortTyVec>
</StgValue>
</bind>
</comp>

<comp id="24" class="1000" name="p_ZZ18compute_controller15ControlMemSpacebjRbS0_bS0_S0_RjPKhPhR12ComputeStateS1_R_26">
<pin_list>
<pin id="25" dir="1" index="0" bw="1" slack="0"/>
</pin_list>
<bind>
<StgValue><ssdm name="p_ZZ18compute_controller15ControlMemSpacebjRbS0_bS0_S0_RjPKhPhR12ComputeStateS1_R_26"/><MemPortTyVec>1 3 </MemPortTyVec>
</StgValue>
</bind>
</comp>

<comp id="26" class="1000" name="compute_controller_ControlMemSpace_bool_unsigned_int_bool_bool_bool_bool_53">
<pin_list>
<pin id="27" dir="1" index="0" bw="1" slack="0"/>
</pin_list>
<bind>
<StgValue><ssdm name="compute_controller_ControlMemSpace_bool_unsigned_int_bool_bool_bool_bool_53"/><MemPortTyVec>1 3 </MemPortTyVec>
</StgValue>
</bind>
</comp>

<comp id="28" class="1000" name="p_ZZ18compute_controller15ControlMemSpacebjRbS0_bS0_S0_RjPKhPhR12ComputeStateS1_R_25">
<pin_list>
<pin id="29" dir="1" index="0" bw="1" slack="0"/>
</pin_list>
<bind>
<StgValue><ssdm name="p_ZZ18compute_controller15ControlMemSpacebjRbS0_bS0_S0_RjPKhPhR12ComputeStateS1_R_25"/><MemPortTyVec>1 3 </MemPortTyVec>
</StgValue>
</bind>
</comp>

<comp id="30" class="1000" name="compute_controller_ControlMemSpace_bool_unsigned_int_bool_bool_bool_bool_52">
<pin_list>
<pin id="31" dir="1" index="0" bw="1" slack="0"/>
</pin_list>
<bind>
<StgValue><ssdm name="compute_controller_ControlMemSpace_bool_unsigned_int_bool_bool_bool_bool_52"/><MemPortTyVec>1 3 </MemPortTyVec>
</StgValue>
</bind>
</comp>

<comp id="32" class="1000" name="p_ZZ18compute_controller15ControlMemSpacebjRbS0_bS0_S0_RjPKhPhR12ComputeStateS1_R_24">
<pin_list>
<pin id="33" dir="1" index="0" bw="1" slack="0"/>
</pin_list>
<bind>
<StgValue><ssdm name="p_ZZ18compute_controller15ControlMemSpacebjRbS0_bS0_S0_RjPKhPhR12ComputeStateS1_R_24"/><MemPortTyVec>1 3 </MemPortTyVec>
</StgValue>
</bind>
</comp>

<comp id="34" class="1000" name="compute_controller_ControlMemSpace_bool_unsigned_int_bool_bool_bool_bool_51">
<pin_list>
<pin id="35" dir="1" index="0" bw="1" slack="0"/>
</pin_list>
<bind>
<StgValue><ssdm name="compute_controller_ControlMemSpace_bool_unsigned_int_bool_bool_bool_bool_51"/><MemPortTyVec>1 3 </MemPortTyVec>
</StgValue>
</bind>
</comp>

<comp id="36" class="1000" name="compute_controller_ControlMemSpace_bool_unsigned_int_bool_bool_bool_bool_89">
<pin_list>
<pin id="37" dir="1" index="0" bw="1" slack="0"/>
</pin_list>
<bind>
<StgValue><ssdm name="compute_controller_ControlMemSpace_bool_unsigned_int_bool_bool_bool_bool_89"/><MemPortTyVec>1 3 </MemPortTyVec>
</StgValue>
</bind>
</comp>

<comp id="38" class="1000" name="compute_controller_ControlMemSpace_bool_unsigned_int_bool_bool_bool_bool_50">
<pin_list>
<pin id="39" dir="1" index="0" bw="1" slack="0"/>
</pin_list>
<bind>
<StgValue><ssdm name="compute_controller_ControlMemSpace_bool_unsigned_int_bool_bool_bool_bool_50"/><MemPortTyVec>1 3 </MemPortTyVec>
</StgValue>
</bind>
</comp>

<comp id="40" class="1000" name="compute_controller_ControlMemSpace_bool_unsigned_int_bool_bool_bool_bool_88">
<pin_list>
<pin id="41" dir="1" index="0" bw="1" slack="0"/>
</pin_list>
<bind>
<StgValue><ssdm name="compute_controller_ControlMemSpace_bool_unsigned_int_bool_bool_bool_bool_88"/><MemPortTyVec>1 3 </MemPortTyVec>
</StgValue>
</bind>
</comp>

<comp id="42" class="1000" name="compute_controller_ControlMemSpace_bool_unsigned_int_bool_bool_bool_bool_58">
<pin_list>
<pin id="43" dir="1" index="0" bw="1" slack="0"/>
</pin_list>
<bind>
<StgValue><ssdm name="compute_controller_ControlMemSpace_bool_unsigned_int_bool_bool_bool_bool_58"/><MemPortTyVec>1 3 </MemPortTyVec>
</StgValue>
</bind>
</comp>

<comp id="44" class="1000" name="compute_controller_ControlMemSpace_bool_unsigned_int_bool_bool_bool_bool_87">
<pin_list>
<pin id="45" dir="1" index="0" bw="1" slack="0"/>
</pin_list>
<bind>
<StgValue><ssdm name="compute_controller_ControlMemSpace_bool_unsigned_int_bool_bool_bool_bool_87"/><MemPortTyVec>1 3 </MemPortTyVec>
</StgValue>
</bind>
</comp>

<comp id="46" class="1000" name="p_ZZ18compute_controller15ControlMemSpacebjRbS0_bS0_S0_RjPKhPhR12ComputeStateS1_R_23">
<pin_list>
<pin id="47" dir="1" index="0" bw="1" slack="0"/>
</pin_list>
<bind>
<StgValue><ssdm name="p_ZZ18compute_controller15ControlMemSpacebjRbS0_bS0_S0_RjPKhPhR12ComputeStateS1_R_23"/><MemPortTyVec>1 3 </MemPortTyVec>
</StgValue>
</bind>
</comp>

<comp id="48" class="1000" name="compute_controller_ControlMemSpace_bool_unsigned_int_bool_bool_bool_bool_86">
<pin_list>
<pin id="49" dir="1" index="0" bw="1" slack="0"/>
</pin_list>
<bind>
<StgValue><ssdm name="compute_controller_ControlMemSpace_bool_unsigned_int_bool_bool_bool_bool_86"/><MemPortTyVec>1 3 </MemPortTyVec>
</StgValue>
</bind>
</comp>

<comp id="50" class="1000" name="p_ZZ18compute_controller15ControlMemSpacebjRbS0_bS0_S0_RjPKhPhR12ComputeStateS1_R_22">
<pin_list>
<pin id="51" dir="1" index="0" bw="1" slack="0"/>
</pin_list>
<bind>
<StgValue><ssdm name="p_ZZ18compute_controller15ControlMemSpacebjRbS0_bS0_S0_RjPKhPhR12ComputeStateS1_R_22"/><MemPortTyVec>1 3 </MemPortTyVec>
</StgValue>
</bind>
</comp>

<comp id="52" class="1000" name="compute_controller_ControlMemSpace_bool_unsigned_int_bool_bool_bool_bool_85">
<pin_list>
<pin id="53" dir="1" index="0" bw="1" slack="0"/>
</pin_list>
<bind>
<StgValue><ssdm name="compute_controller_ControlMemSpace_bool_unsigned_int_bool_bool_bool_bool_85"/><MemPortTyVec>1 3 </MemPortTyVec>
</StgValue>
</bind>
</comp>

<comp id="54" class="1000" name="p_ZZ18compute_controller15ControlMemSpacebjRbS0_bS0_S0_RjPKhPhR12ComputeStateS1_R_21">
<pin_list>
<pin id="55" dir="1" index="0" bw="1" slack="0"/>
</pin_list>
<bind>
<StgValue><ssdm name="p_ZZ18compute_controller15ControlMemSpacebjRbS0_bS0_S0_RjPKhPhR12ComputeStateS1_R_21"/><MemPortTyVec>1 3 </MemPortTyVec>
</StgValue>
</bind>
</comp>

<comp id="56" class="1000" name="compute_controller_ControlMemSpace_bool_unsigned_int_bool_bool_bool_bool_84">
<pin_list>
<pin id="57" dir="1" index="0" bw="1" slack="0"/>
</pin_list>
<bind>
<StgValue><ssdm name="compute_controller_ControlMemSpace_bool_unsigned_int_bool_bool_bool_bool_84"/><MemPortTyVec>1 3 </MemPortTyVec>
</StgValue>
</bind>
</comp>

<comp id="58" class="1000" name="p_ZZ18compute_controller15ControlMemSpacebjRbS0_bS0_S0_RjPKhPhR12ComputeStateS1_R_20">
<pin_list>
<pin id="59" dir="1" index="0" bw="1" slack="0"/>
</pin_list>
<bind>
<StgValue><ssdm name="p_ZZ18compute_controller15ControlMemSpacebjRbS0_bS0_S0_RjPKhPhR12ComputeStateS1_R_20"/><MemPortTyVec>1 3 </MemPortTyVec>
</StgValue>
</bind>
</comp>

<comp id="60" class="1000" name="compute_controller_ControlMemSpace_bool_unsigned_int_bool_bool_bool_bool_83">
<pin_list>
<pin id="61" dir="1" index="0" bw="1" slack="0"/>
</pin_list>
<bind>
<StgValue><ssdm name="compute_controller_ControlMemSpace_bool_unsigned_int_bool_bool_bool_bool_83"/><MemPortTyVec>1 3 </MemPortTyVec>
</StgValue>
</bind>
</comp>

<comp id="62" class="1000" name="p_ZZ18compute_controller15ControlMemSpacebjRbS0_bS0_S0_RjPKhPhR12ComputeStateS1_R_19">
<pin_list>
<pin id="63" dir="1" index="0" bw="1" slack="0"/>
</pin_list>
<bind>
<StgValue><ssdm name="p_ZZ18compute_controller15ControlMemSpacebjRbS0_bS0_S0_RjPKhPhR12ComputeStateS1_R_19"/><MemPortTyVec>1 3 </MemPortTyVec>
</StgValue>
</bind>
</comp>

<comp id="64" class="1000" name="compute_controller_ControlMemSpace_bool_unsigned_int_bool_bool_bool_bool_82">
<pin_list>
<pin id="65" dir="1" index="0" bw="1" slack="0"/>
</pin_list>
<bind>
<StgValue><ssdm name="compute_controller_ControlMemSpace_bool_unsigned_int_bool_bool_bool_bool_82"/><MemPortTyVec>1 3 </MemPortTyVec>
</StgValue>
</bind>
</comp>

<comp id="66" class="1000" name="p_ZZ18compute_controller15ControlMemSpacebjRbS0_bS0_S0_RjPKhPhR12ComputeStateS1_R_18">
<pin_list>
<pin id="67" dir="1" index="0" bw="1" slack="0"/>
</pin_list>
<bind>
<StgValue><ssdm name="p_ZZ18compute_controller15ControlMemSpacebjRbS0_bS0_S0_RjPKhPhR12ComputeStateS1_R_18"/><MemPortTyVec>1 3 </MemPortTyVec>
</StgValue>
</bind>
</comp>

<comp id="68" class="1001" name="const_68">
<pin_list>
<pin id="69" dir="1" index="0" bw="1" slack="0"/>
</pin_list>
<bind>
<StgValue><ssdm name=""/></StgValue>
</bind>
</comp>

<comp id="70" class="1001" name="const_70">
<pin_list>
<pin id="71" dir="1" index="0" bw="1" slack="0"/>
</pin_list>
<bind>
<StgValue><ssdm name="_ssdm_op_Read.ap_auto.i32"/></StgValue>
</bind>
</comp>

<comp id="72" class="1001" name="const_72">
<pin_list>
<pin id="73" dir="1" index="0" bw="1" slack="0"/>
</pin_list>
<bind>
<StgValue><ssdm name=""/></StgValue>
</bind>
</comp>

<comp id="74" class="1001" name="const_74">
<pin_list>
<pin id="75" dir="1" index="0" bw="1" slack="0"/>
</pin_list>
<bind>
<StgValue><ssdm name="_ssdm_op_BitSelect.i1.i5.i32"/></StgValue>
</bind>
</comp>

<comp id="76" class="1001" name="const_76">
<pin_list>
<pin id="77" dir="1" index="0" bw="1" slack="0"/>
</pin_list>
<bind>
<StgValue><ssdm name=""/></StgValue>
</bind>
</comp>

<comp id="78" class="1001" name="const_78">
<pin_list>
<pin id="79" dir="1" index="0" bw="1" slack="0"/>
</pin_list>
<bind>
<StgValue><ssdm name="_ssdm_op_PartSelect.i2.i5.i32.i32"/></StgValue>
</bind>
</comp>

<comp id="80" class="1001" name="const_80">
<pin_list>
<pin id="81" dir="1" index="0" bw="1" slack="0"/>
</pin_list>
<bind>
<StgValue><ssdm name=""/></StgValue>
</bind>
</comp>

<comp id="82" class="1001" name="const_82">
<pin_list>
<pin id="83" dir="1" index="0" bw="1" slack="0"/>
</pin_list>
<bind>
<StgValue><ssdm name="_ssdm_op_BitConcatenate.i5.i2.i2.i1"/></StgValue>
</bind>
</comp>

<comp id="84" class="1001" name="const_84">
<pin_list>
<pin id="85" dir="1" index="0" bw="1" slack="0"/>
</pin_list>
<bind>
<StgValue><ssdm name=""/></StgValue>
</bind>
</comp>

<comp id="86" class="1001" name="const_86">
<pin_list>
<pin id="87" dir="1" index="0" bw="1" slack="0"/>
</pin_list>
<bind>
<StgValue><ssdm name=""/></StgValue>
</bind>
</comp>

<comp id="88" class="1001" name="const_88">
<pin_list>
<pin id="89" dir="1" index="0" bw="1" slack="0"/>
</pin_list>
<bind>
<StgValue><ssdm name="_ssdm_op_BitConcatenate.i2.i1.i1"/></StgValue>
</bind>
</comp>

<comp id="90" class="1001" name="const_90">
<pin_list>
<pin id="91" dir="1" index="0" bw="1" slack="0"/>
</pin_list>
<bind>
<StgValue><ssdm name=""/></StgValue>
</bind>
</comp>

<comp id="92" class="1001" name="const_92">
<pin_list>
<pin id="93" dir="1" index="0" bw="1" slack="0"/>
</pin_list>
<bind>
<StgValue><ssdm name=""/></StgValue>
</bind>
</comp>

<comp id="94" class="1001" name="const_94">
<pin_list>
<pin id="95" dir="1" index="0" bw="1" slack="0"/>
</pin_list>
<bind>
<StgValue><ssdm name="_ssdm_op_BitSelect.i1.i5.i5"/></StgValue>
</bind>
</comp>

<comp id="96" class="1001" name="const_96">
<pin_list>
<pin id="97" dir="1" index="0" bw="1" slack="0"/>
</pin_list>
<bind>
<StgValue><ssdm name=""/></StgValue>
</bind>
</comp>

<comp id="98" class="1001" name="const_98">
<pin_list>
<pin id="99" dir="1" index="0" bw="1" slack="0"/>
</pin_list>
<bind>
<StgValue><ssdm name="_ssdm_op_BitConcatenate.i5.i1.i4"/></StgValue>
</bind>
</comp>

<comp id="100" class="1001" name="const_100">
<pin_list>
<pin id="101" dir="1" index="0" bw="1" slack="0"/>
</pin_list>
<bind>
<StgValue><ssdm name=""/></StgValue>
</bind>
</comp>

<comp id="102" class="1001" name="const_102">
<pin_list>
<pin id="103" dir="1" index="0" bw="1" slack="0"/>
</pin_list>
<bind>
<StgValue><ssdm name=""/></StgValue>
</bind>
</comp>

<comp id="104" class="1001" name="const_104">
<pin_list>
<pin id="105" dir="1" index="0" bw="1" slack="2147483647"/>
</pin_list>
<bind>
<StgValue><ssdm name="_ssdm_op_SpecPipeline"/></StgValue>
</bind>
</comp>

<comp id="106" class="1001" name="const_106">
<pin_list>
<pin id="107" dir="1" index="0" bw="1" slack="2147483647"/>
</pin_list>
<bind>
<StgValue><ssdm name=""/></StgValue>
</bind>
</comp>

<comp id="108" class="1001" name="const_108">
<pin_list>
<pin id="109" dir="1" index="0" bw="1" slack="2147483647"/>
</pin_list>
<bind>
<StgValue><ssdm name=""/></StgValue>
</bind>
</comp>

<comp id="110" class="1001" name="const_110">
<pin_list>
<pin id="111" dir="1" index="0" bw="1" slack="2147483647"/>
</pin_list>
<bind>
<StgValue><ssdm name="empty_21"/></StgValue>
</bind>
</comp>

<comp id="112" class="1001" name="const_112">
<pin_list>
<pin id="113" dir="1" index="0" bw="1" slack="2147483647"/>
</pin_list>
<bind>
<StgValue><ssdm name="_ssdm_op_SpecLoopName"/></StgValue>
</bind>
</comp>

<comp id="114" class="1001" name="const_114">
<pin_list>
<pin id="115" dir="1" index="0" bw="1" slack="2147483647"/>
</pin_list>
<bind>
<StgValue><ssdm name="empty_8"/></StgValue>
</bind>
</comp>

<comp id="116" class="1001" name="const_116">
<pin_list>
<pin id="117" dir="1" index="0" bw="1" slack="2147483647"/>
</pin_list>
<bind>
<StgValue><ssdm name="_ssdm_op_SpecLoopTripCount"/></StgValue>
</bind>
</comp>

<comp id="118" class="1001" name="const_118">
<pin_list>
<pin id="119" dir="1" index="0" bw="1" slack="2147483647"/>
</pin_list>
<bind>
<StgValue><ssdm name=""/></StgValue>
</bind>
</comp>

<comp id="120" class="1001" name="const_120">
<pin_list>
<pin id="121" dir="1" index="0" bw="1" slack="0"/>
</pin_list>
<bind>
<StgValue><ssdm name="_ssdm_op_Write.ap_auto.i32P0A"/></StgValue>
</bind>
</comp>

<comp id="122" class="1004" name="acc_fu_122">
<pin_list>
<pin id="123" dir="0" index="0" bw="1" slack="0"/>
<pin id="124" dir="1" index="1" bw="32" slack="0"/>
</pin_list>
<bind>
<opcode="alloca(26) " fcode="alloca"/>
<opset="acc/1 "/>
</bind>
</comp>

<comp id="126" class="1004" name="i_fu_126">
<pin_list>
<pin id="127" dir="0" index="0" bw="1" slack="0"/>
<pin id="128" dir="1" index="1" bw="5" slack="0"/>
</pin_list>
<bind>
<opcode="alloca(26) " fcode="alloca"/>
<opset="i/1 "/>
</bind>
</comp>

<comp id="130" class="1004" name="acc_14_read_read_fu_130">
<pin_list>
<pin id="131" dir="0" index="0" bw="32" slack="0"/>
<pin id="132" dir="0" index="1" bw="32" slack="0"/>
<pin id="133" dir="1" index="2" bw="32" slack="0"/>
</pin_list>
<bind>
<opcode="read(1150) " fcode="read"/>
<opset="acc_14_read/1 "/>
</bind>
</comp>

<comp id="136" class="1004" name="write_ln45_write_fu_136">
<pin_list>
<pin id="137" dir="0" index="0" bw="0" slack="0"/>
<pin id="138" dir="0" index="1" bw="32" slack="0"/>
<pin id="139" dir="0" index="2" bw="32" slack="0"/>
<pin id="140" dir="1" index="3" bw="0" slack="2147483647"/>
</pin_list>
<bind>
<opcode="write(1151) " fcode="write"/>
<opset="write_ln45/7 "/>
</bind>
</comp>

<comp id="143" class="1004" name="compute_controller_ControlMemSpace_bool_unsigned_int_bool_bool_bool_bool_308_gep_fu_143">
<pin_list>
<pin id="144" dir="0" index="0" bw="4" slack="0"/>
<pin id="145" dir="0" index="1" bw="1" slack="0"/>
<pin id="146" dir="0" index="2" bw="3" slack="0"/>
<pin id="147" dir="1" index="3" bw="3" slack="0"/>
</pin_list>
<bind>
<opcode="getelementptr(29) " fcode="getelementptr"/>
<opset="compute_controller_ControlMemSpace_bool_unsigned_int_bool_bool_bool_bool_308/1 "/>
</bind>
</comp>

<comp id="150" class="1004" name="grp_access_fu_150">
<pin_list>
<pin id="151" dir="0" index="0" bw="3" slack="0"/>
<pin id="152" dir="0" index="1" bw="4" slack="2147483647"/>
<pin id="153" dir="0" index="2" bw="0" slack="2147483647"/>
<pin id="154" dir="1" index="3" bw="4" slack="0"/>
</pin_list>
<bind>
<opcode="load(27) " fcode="load"/>
<opset="w_9/1 "/>
</bind>
</comp>

<comp id="156" class="1004" name="compute_controller_ControlMemSpace_bool_unsigned_int_bool_bool_bool_bool_309_gep_fu_156">
<pin_list>
<pin id="157" dir="0" index="0" bw="16" slack="0"/>
<pin id="158" dir="0" index="1" bw="1" slack="0"/>
<pin id="159" dir="0" index="2" bw="1" slack="0"/>
<pin id="160" dir="1" index="3" bw="1" slack="0"/>
</pin_list>
<bind>
<opcode="getelementptr(29) " fcode="getelementptr"/>
<opset="compute_controller_ControlMemSpace_bool_unsigned_int_bool_bool_bool_bool_309/1 "/>
</bind>
</comp>

<comp id="163" class="1004" name="grp_access_fu_163">
<pin_list>
<pin id="164" dir="0" index="0" bw="1" slack="0"/>
<pin id="165" dir="0" index="1" bw="16" slack="2147483647"/>
<pin id="166" dir="0" index="2" bw="0" slack="2147483647"/>
<pin id="167" dir="1" index="3" bw="16" slack="0"/>
</pin_list>
<bind>
<opcode="load(27) " fcode="load"/>
<opset="compute_controller_ControlMemSpace_bool_unsigned_int_bool_bool_bool_bool_310/1 "/>
</bind>
</comp>

<comp id="169" class="1004" name="compute_controller_ControlMemSpace_bool_unsigned_int_bool_bool_bool_bool_290_gep_fu_169">
<pin_list>
<pin id="170" dir="0" index="0" bw="4" slack="0"/>
<pin id="171" dir="0" index="1" bw="1" slack="0"/>
<pin id="172" dir="0" index="2" bw="4" slack="0"/>
<pin id="173" dir="1" index="3" bw="3" slack="0"/>
</pin_list>
<bind>
<opcode="getelementptr(29) " fcode="getelementptr"/>
<opset="compute_controller_ControlMemSpace_bool_unsigned_int_bool_bool_bool_bool_290/2 "/>
</bind>
</comp>

<comp id="176" class="1004" name="grp_access_fu_176">
<pin_list>
<pin id="177" dir="0" index="0" bw="3" slack="0"/>
<pin id="178" dir="0" index="1" bw="4" slack="2147483647"/>
<pin id="179" dir="0" index="2" bw="0" slack="2147483647"/>
<pin id="180" dir="1" index="3" bw="4" slack="0"/>
</pin_list>
<bind>
<opcode="load(27) " fcode="load"/>
<opset="w_1/2 "/>
</bind>
</comp>

<comp id="182" class="1004" name="compute_controller_ControlMemSpace_bool_unsigned_int_bool_bool_bool_bool_291_gep_fu_182">
<pin_list>
<pin id="183" dir="0" index="0" bw="16" slack="0"/>
<pin id="184" dir="0" index="1" bw="1" slack="0"/>
<pin id="185" dir="0" index="2" bw="1" slack="1"/>
<pin id="186" dir="1" index="3" bw="1" slack="0"/>
</pin_list>
<bind>
<opcode="getelementptr(29) " fcode="getelementptr"/>
<opset="compute_controller_ControlMemSpace_bool_unsigned_int_bool_bool_bool_bool_291/2 "/>
</bind>
</comp>

<comp id="189" class="1004" name="grp_access_fu_189">
<pin_list>
<pin id="190" dir="0" index="0" bw="1" slack="0"/>
<pin id="191" dir="0" index="1" bw="16" slack="2147483647"/>
<pin id="192" dir="0" index="2" bw="0" slack="2147483647"/>
<pin id="193" dir="1" index="3" bw="16" slack="0"/>
</pin_list>
<bind>
<opcode="load(27) " fcode="load"/>
<opset="compute_controller_ControlMemSpace_bool_unsigned_int_bool_bool_bool_bool_292/2 "/>
</bind>
</comp>

<comp id="195" class="1004" name="p_ZZ18compute_controller15ControlMemSpacebjRbS0_bS0_S0_RjPKhPhR12ComputeStateS1_R_126_gep_fu_195">
<pin_list>
<pin id="196" dir="0" index="0" bw="4" slack="0"/>
<pin id="197" dir="0" index="1" bw="1" slack="0"/>
<pin id="198" dir="0" index="2" bw="4" slack="0"/>
<pin id="199" dir="1" index="3" bw="3" slack="0"/>
</pin_list>
<bind>
<opcode="getelementptr(29) " fcode="getelementptr"/>
<opset="p_ZZ18compute_controller15ControlMemSpacebjRbS0_bS0_S0_RjPKhPhR12ComputeStateS1_R_126/2 "/>
</bind>
</comp>

<comp id="202" class="1004" name="grp_access_fu_202">
<pin_list>
<pin id="203" dir="0" index="0" bw="3" slack="0"/>
<pin id="204" dir="0" index="1" bw="4" slack="2147483647"/>
<pin id="205" dir="0" index="2" bw="0" slack="2147483647"/>
<pin id="206" dir="1" index="3" bw="4" slack="0"/>
</pin_list>
<bind>
<opcode="load(27) " fcode="load"/>
<opset="w_2/2 "/>
</bind>
</comp>

<comp id="208" class="1004" name="compute_controller_ControlMemSpace_bool_unsigned_int_bool_bool_bool_bool_293_gep_fu_208">
<pin_list>
<pin id="209" dir="0" index="0" bw="16" slack="0"/>
<pin id="210" dir="0" index="1" bw="1" slack="0"/>
<pin id="211" dir="0" index="2" bw="1" slack="1"/>
<pin id="212" dir="1" index="3" bw="1" slack="0"/>
</pin_list>
<bind>
<opcode="getelementptr(29) " fcode="getelementptr"/>
<opset="compute_controller_ControlMemSpace_bool_unsigned_int_bool_bool_bool_bool_293/2 "/>
</bind>
</comp>

<comp id="215" class="1004" name="grp_access_fu_215">
<pin_list>
<pin id="216" dir="0" index="0" bw="1" slack="0"/>
<pin id="217" dir="0" index="1" bw="16" slack="2147483647"/>
<pin id="218" dir="0" index="2" bw="0" slack="2147483647"/>
<pin id="219" dir="1" index="3" bw="16" slack="0"/>
</pin_list>
<bind>
<opcode="load(27) " fcode="load"/>
<opset="compute_controller_ControlMemSpace_bool_unsigned_int_bool_bool_bool_bool_294/2 "/>
</bind>
</comp>

<comp id="221" class="1004" name="p_ZZ18compute_controller15ControlMemSpacebjRbS0_bS0_S0_RjPKhPhR12ComputeStateS1_R_131_gep_fu_221">
<pin_list>
<pin id="222" dir="0" index="0" bw="4" slack="0"/>
<pin id="223" dir="0" index="1" bw="1" slack="0"/>
<pin id="224" dir="0" index="2" bw="4" slack="0"/>
<pin id="225" dir="1" index="3" bw="3" slack="0"/>
</pin_list>
<bind>
<opcode="getelementptr(29) " fcode="getelementptr"/>
<opset="p_ZZ18compute_controller15ControlMemSpacebjRbS0_bS0_S0_RjPKhPhR12ComputeStateS1_R_131/2 "/>
</bind>
</comp>

<comp id="228" class="1004" name="grp_access_fu_228">
<pin_list>
<pin id="229" dir="0" index="0" bw="3" slack="0"/>
<pin id="230" dir="0" index="1" bw="4" slack="2147483647"/>
<pin id="231" dir="0" index="2" bw="0" slack="2147483647"/>
<pin id="232" dir="1" index="3" bw="4" slack="0"/>
</pin_list>
<bind>
<opcode="load(27) " fcode="load"/>
<opset="w_7/2 "/>
</bind>
</comp>

<comp id="234" class="1004" name="compute_controller_ControlMemSpace_bool_unsigned_int_bool_bool_bool_bool_303_gep_fu_234">
<pin_list>
<pin id="235" dir="0" index="0" bw="16" slack="0"/>
<pin id="236" dir="0" index="1" bw="1" slack="0"/>
<pin id="237" dir="0" index="2" bw="1" slack="1"/>
<pin id="238" dir="1" index="3" bw="1" slack="0"/>
</pin_list>
<bind>
<opcode="getelementptr(29) " fcode="getelementptr"/>
<opset="compute_controller_ControlMemSpace_bool_unsigned_int_bool_bool_bool_bool_303/2 "/>
</bind>
</comp>

<comp id="241" class="1004" name="grp_access_fu_241">
<pin_list>
<pin id="242" dir="0" index="0" bw="1" slack="0"/>
<pin id="243" dir="0" index="1" bw="16" slack="2147483647"/>
<pin id="244" dir="0" index="2" bw="0" slack="2147483647"/>
<pin id="245" dir="1" index="3" bw="16" slack="0"/>
</pin_list>
<bind>
<opcode="load(27) " fcode="load"/>
<opset="compute_controller_ControlMemSpace_bool_unsigned_int_bool_bool_bool_bool_304/2 "/>
</bind>
</comp>

<comp id="247" class="1004" name="compute_controller_ControlMemSpace_bool_unsigned_int_bool_bool_bool_bool_313_gep_fu_247">
<pin_list>
<pin id="248" dir="0" index="0" bw="4" slack="0"/>
<pin id="249" dir="0" index="1" bw="1" slack="0"/>
<pin id="250" dir="0" index="2" bw="3" slack="1"/>
<pin id="251" dir="1" index="3" bw="3" slack="0"/>
</pin_list>
<bind>
<opcode="getelementptr(29) " fcode="getelementptr"/>
<opset="compute_controller_ControlMemSpace_bool_unsigned_int_bool_bool_bool_bool_313/2 "/>
</bind>
</comp>

<comp id="254" class="1004" name="grp_access_fu_254">
<pin_list>
<pin id="255" dir="0" index="0" bw="3" slack="0"/>
<pin id="256" dir="0" index="1" bw="4" slack="2147483647"/>
<pin id="257" dir="0" index="2" bw="0" slack="2147483647"/>
<pin id="258" dir="1" index="3" bw="4" slack="0"/>
</pin_list>
<bind>
<opcode="load(27) " fcode="load"/>
<opset="w_12/2 "/>
</bind>
</comp>

<comp id="260" class="1004" name="p_ZZ18compute_controller15ControlMemSpacebjRbS0_bS0_S0_RjPKhPhR12ComputeStateS1_R_136_gep_fu_260">
<pin_list>
<pin id="261" dir="0" index="0" bw="16" slack="0"/>
<pin id="262" dir="0" index="1" bw="1" slack="0"/>
<pin id="263" dir="0" index="2" bw="1" slack="1"/>
<pin id="264" dir="1" index="3" bw="1" slack="0"/>
</pin_list>
<bind>
<opcode="getelementptr(29) " fcode="getelementptr"/>
<opset="p_ZZ18compute_controller15ControlMemSpacebjRbS0_bS0_S0_RjPKhPhR12ComputeStateS1_R_136/2 "/>
</bind>
</comp>

<comp id="267" class="1004" name="grp_access_fu_267">
<pin_list>
<pin id="268" dir="0" index="0" bw="1" slack="0"/>
<pin id="269" dir="0" index="1" bw="16" slack="2147483647"/>
<pin id="270" dir="0" index="2" bw="0" slack="2147483647"/>
<pin id="271" dir="1" index="3" bw="16" slack="0"/>
</pin_list>
<bind>
<opcode="load(27) " fcode="load"/>
<opset="p_ZZ18compute_controller15ControlMemSpacebjRbS0_bS0_S0_RjPKhPhR12ComputeStateS1_R_137/2 "/>
</bind>
</comp>

<comp id="273" class="1004" name="compute_controller_ControlMemSpace_bool_unsigned_int_bool_bool_bool_bool_316_gep_fu_273">
<pin_list>
<pin id="274" dir="0" index="0" bw="4" slack="0"/>
<pin id="275" dir="0" index="1" bw="1" slack="0"/>
<pin id="276" dir="0" index="2" bw="3" slack="1"/>
<pin id="277" dir="1" index="3" bw="3" slack="0"/>
</pin_list>
<bind>
<opcode="getelementptr(29) " fcode="getelementptr"/>
<opset="compute_controller_ControlMemSpace_bool_unsigned_int_bool_bool_bool_bool_316/2 "/>
</bind>
</comp>

<comp id="280" class="1004" name="grp_access_fu_280">
<pin_list>
<pin id="281" dir="0" index="0" bw="3" slack="0"/>
<pin id="282" dir="0" index="1" bw="4" slack="2147483647"/>
<pin id="283" dir="0" index="2" bw="0" slack="2147483647"/>
<pin id="284" dir="1" index="3" bw="4" slack="0"/>
</pin_list>
<bind>
<opcode="load(27) " fcode="load"/>
<opset="w_15/2 "/>
</bind>
</comp>

<comp id="286" class="1004" name="p_ZZ18compute_controller15ControlMemSpacebjRbS0_bS0_S0_RjPKhPhR12ComputeStateS1_R_142_gep_fu_286">
<pin_list>
<pin id="287" dir="0" index="0" bw="16" slack="0"/>
<pin id="288" dir="0" index="1" bw="1" slack="0"/>
<pin id="289" dir="0" index="2" bw="1" slack="1"/>
<pin id="290" dir="1" index="3" bw="1" slack="0"/>
</pin_list>
<bind>
<opcode="getelementptr(29) " fcode="getelementptr"/>
<opset="p_ZZ18compute_controller15ControlMemSpacebjRbS0_bS0_S0_RjPKhPhR12ComputeStateS1_R_142/2 "/>
</bind>
</comp>

<comp id="293" class="1004" name="grp_access_fu_293">
<pin_list>
<pin id="294" dir="0" index="0" bw="1" slack="0"/>
<pin id="295" dir="0" index="1" bw="16" slack="2147483647"/>
<pin id="296" dir="0" index="2" bw="0" slack="2147483647"/>
<pin id="297" dir="1" index="3" bw="16" slack="0"/>
</pin_list>
<bind>
<opcode="load(27) " fcode="load"/>
<opset="p_ZZ18compute_controller15ControlMemSpacebjRbS0_bS0_S0_RjPKhPhR12ComputeStateS1_R_143/2 "/>
</bind>
</comp>

<comp id="299" class="1004" name="p_ZZ18compute_controller15ControlMemSpacebjRbS0_bS0_S0_RjPKhPhR12ComputeStateS1_R_127_gep_fu_299">
<pin_list>
<pin id="300" dir="0" index="0" bw="4" slack="0"/>
<pin id="301" dir="0" index="1" bw="1" slack="0"/>
<pin id="302" dir="0" index="2" bw="4" slack="1"/>
<pin id="303" dir="1" index="3" bw="3" slack="0"/>
</pin_list>
<bind>
<opcode="getelementptr(29) " fcode="getelementptr"/>
<opset="p_ZZ18compute_controller15ControlMemSpacebjRbS0_bS0_S0_RjPKhPhR12ComputeStateS1_R_127/3 "/>
</bind>
</comp>

<comp id="306" class="1004" name="grp_access_fu_306">
<pin_list>
<pin id="307" dir="0" index="0" bw="3" slack="0"/>
<pin id="308" dir="0" index="1" bw="4" slack="2147483647"/>
<pin id="309" dir="0" index="2" bw="0" slack="2147483647"/>
<pin id="310" dir="1" index="3" bw="4" slack="0"/>
</pin_list>
<bind>
<opcode="load(27) " fcode="load"/>
<opset="w_3/3 "/>
</bind>
</comp>

<comp id="312" class="1004" name="compute_controller_ControlMemSpace_bool_unsigned_int_bool_bool_bool_bool_295_gep_fu_312">
<pin_list>
<pin id="313" dir="0" index="0" bw="16" slack="0"/>
<pin id="314" dir="0" index="1" bw="1" slack="0"/>
<pin id="315" dir="0" index="2" bw="1" slack="2"/>
<pin id="316" dir="1" index="3" bw="1" slack="0"/>
</pin_list>
<bind>
<opcode="getelementptr(29) " fcode="getelementptr"/>
<opset="compute_controller_ControlMemSpace_bool_unsigned_int_bool_bool_bool_bool_295/3 "/>
</bind>
</comp>

<comp id="319" class="1004" name="grp_access_fu_319">
<pin_list>
<pin id="320" dir="0" index="0" bw="1" slack="0"/>
<pin id="321" dir="0" index="1" bw="16" slack="2147483647"/>
<pin id="322" dir="0" index="2" bw="0" slack="2147483647"/>
<pin id="323" dir="1" index="3" bw="16" slack="0"/>
</pin_list>
<bind>
<opcode="load(27) " fcode="load"/>
<opset="compute_controller_ControlMemSpace_bool_unsigned_int_bool_bool_bool_bool_296/3 "/>
</bind>
</comp>

<comp id="325" class="1004" name="p_ZZ18compute_controller15ControlMemSpacebjRbS0_bS0_S0_RjPKhPhR12ComputeStateS1_R_129_gep_fu_325">
<pin_list>
<pin id="326" dir="0" index="0" bw="4" slack="0"/>
<pin id="327" dir="0" index="1" bw="1" slack="0"/>
<pin id="328" dir="0" index="2" bw="4" slack="1"/>
<pin id="329" dir="1" index="3" bw="3" slack="0"/>
</pin_list>
<bind>
<opcode="getelementptr(29) " fcode="getelementptr"/>
<opset="p_ZZ18compute_controller15ControlMemSpacebjRbS0_bS0_S0_RjPKhPhR12ComputeStateS1_R_129/3 "/>
</bind>
</comp>

<comp id="332" class="1004" name="grp_access_fu_332">
<pin_list>
<pin id="333" dir="0" index="0" bw="3" slack="0"/>
<pin id="334" dir="0" index="1" bw="4" slack="2147483647"/>
<pin id="335" dir="0" index="2" bw="0" slack="2147483647"/>
<pin id="336" dir="1" index="3" bw="4" slack="0"/>
</pin_list>
<bind>
<opcode="load(27) " fcode="load"/>
<opset="w_5/3 "/>
</bind>
</comp>

<comp id="338" class="1004" name="compute_controller_ControlMemSpace_bool_unsigned_int_bool_bool_bool_bool_299_gep_fu_338">
<pin_list>
<pin id="339" dir="0" index="0" bw="16" slack="0"/>
<pin id="340" dir="0" index="1" bw="1" slack="0"/>
<pin id="341" dir="0" index="2" bw="1" slack="2"/>
<pin id="342" dir="1" index="3" bw="1" slack="0"/>
</pin_list>
<bind>
<opcode="getelementptr(29) " fcode="getelementptr"/>
<opset="compute_controller_ControlMemSpace_bool_unsigned_int_bool_bool_bool_bool_299/3 "/>
</bind>
</comp>

<comp id="345" class="1004" name="grp_access_fu_345">
<pin_list>
<pin id="346" dir="0" index="0" bw="1" slack="0"/>
<pin id="347" dir="0" index="1" bw="16" slack="2147483647"/>
<pin id="348" dir="0" index="2" bw="0" slack="2147483647"/>
<pin id="349" dir="1" index="3" bw="16" slack="0"/>
</pin_list>
<bind>
<opcode="load(27) " fcode="load"/>
<opset="compute_controller_ControlMemSpace_bool_unsigned_int_bool_bool_bool_bool_300/3 "/>
</bind>
</comp>

<comp id="351" class="1004" name="p_ZZ18compute_controller15ControlMemSpacebjRbS0_bS0_S0_RjPKhPhR12ComputeStateS1_R_130_gep_fu_351">
<pin_list>
<pin id="352" dir="0" index="0" bw="4" slack="0"/>
<pin id="353" dir="0" index="1" bw="1" slack="0"/>
<pin id="354" dir="0" index="2" bw="4" slack="1"/>
<pin id="355" dir="1" index="3" bw="3" slack="0"/>
</pin_list>
<bind>
<opcode="getelementptr(29) " fcode="getelementptr"/>
<opset="p_ZZ18compute_controller15ControlMemSpacebjRbS0_bS0_S0_RjPKhPhR12ComputeStateS1_R_130/3 "/>
</bind>
</comp>

<comp id="358" class="1004" name="grp_access_fu_358">
<pin_list>
<pin id="359" dir="0" index="0" bw="3" slack="0"/>
<pin id="360" dir="0" index="1" bw="4" slack="2147483647"/>
<pin id="361" dir="0" index="2" bw="0" slack="2147483647"/>
<pin id="362" dir="1" index="3" bw="4" slack="0"/>
</pin_list>
<bind>
<opcode="load(27) " fcode="load"/>
<opset="w_6/3 "/>
</bind>
</comp>

<comp id="364" class="1004" name="compute_controller_ControlMemSpace_bool_unsigned_int_bool_bool_bool_bool_301_gep_fu_364">
<pin_list>
<pin id="365" dir="0" index="0" bw="16" slack="0"/>
<pin id="366" dir="0" index="1" bw="1" slack="0"/>
<pin id="367" dir="0" index="2" bw="1" slack="2"/>
<pin id="368" dir="1" index="3" bw="1" slack="0"/>
</pin_list>
<bind>
<opcode="getelementptr(29) " fcode="getelementptr"/>
<opset="compute_controller_ControlMemSpace_bool_unsigned_int_bool_bool_bool_bool_301/3 "/>
</bind>
</comp>

<comp id="371" class="1004" name="grp_access_fu_371">
<pin_list>
<pin id="372" dir="0" index="0" bw="1" slack="0"/>
<pin id="373" dir="0" index="1" bw="16" slack="2147483647"/>
<pin id="374" dir="0" index="2" bw="0" slack="2147483647"/>
<pin id="375" dir="1" index="3" bw="16" slack="0"/>
</pin_list>
<bind>
<opcode="load(27) " fcode="load"/>
<opset="compute_controller_ControlMemSpace_bool_unsigned_int_bool_bool_bool_bool_302/3 "/>
</bind>
</comp>

<comp id="377" class="1004" name="compute_controller_ControlMemSpace_bool_unsigned_int_bool_bool_bool_bool_305_gep_fu_377">
<pin_list>
<pin id="378" dir="0" index="0" bw="4" slack="0"/>
<pin id="379" dir="0" index="1" bw="1" slack="0"/>
<pin id="380" dir="0" index="2" bw="3" slack="2"/>
<pin id="381" dir="1" index="3" bw="3" slack="0"/>
</pin_list>
<bind>
<opcode="getelementptr(29) " fcode="getelementptr"/>
<opset="compute_controller_ControlMemSpace_bool_unsigned_int_bool_bool_bool_bool_305/3 "/>
</bind>
</comp>

<comp id="384" class="1004" name="grp_access_fu_384">
<pin_list>
<pin id="385" dir="0" index="0" bw="3" slack="0"/>
<pin id="386" dir="0" index="1" bw="4" slack="2147483647"/>
<pin id="387" dir="0" index="2" bw="0" slack="2147483647"/>
<pin id="388" dir="1" index="3" bw="4" slack="0"/>
</pin_list>
<bind>
<opcode="load(27) " fcode="load"/>
<opset="w_8/3 "/>
</bind>
</comp>

<comp id="390" class="1004" name="compute_controller_ControlMemSpace_bool_unsigned_int_bool_bool_bool_bool_306_gep_fu_390">
<pin_list>
<pin id="391" dir="0" index="0" bw="16" slack="0"/>
<pin id="392" dir="0" index="1" bw="1" slack="0"/>
<pin id="393" dir="0" index="2" bw="1" slack="2"/>
<pin id="394" dir="1" index="3" bw="1" slack="0"/>
</pin_list>
<bind>
<opcode="getelementptr(29) " fcode="getelementptr"/>
<opset="compute_controller_ControlMemSpace_bool_unsigned_int_bool_bool_bool_bool_306/3 "/>
</bind>
</comp>

<comp id="397" class="1004" name="grp_access_fu_397">
<pin_list>
<pin id="398" dir="0" index="0" bw="1" slack="0"/>
<pin id="399" dir="0" index="1" bw="16" slack="2147483647"/>
<pin id="400" dir="0" index="2" bw="0" slack="2147483647"/>
<pin id="401" dir="1" index="3" bw="16" slack="0"/>
</pin_list>
<bind>
<opcode="load(27) " fcode="load"/>
<opset="compute_controller_ControlMemSpace_bool_unsigned_int_bool_bool_bool_bool_307/3 "/>
</bind>
</comp>

<comp id="403" class="1004" name="compute_controller_ControlMemSpace_bool_unsigned_int_bool_bool_bool_bool_311_gep_fu_403">
<pin_list>
<pin id="404" dir="0" index="0" bw="4" slack="0"/>
<pin id="405" dir="0" index="1" bw="1" slack="0"/>
<pin id="406" dir="0" index="2" bw="3" slack="2"/>
<pin id="407" dir="1" index="3" bw="3" slack="0"/>
</pin_list>
<bind>
<opcode="getelementptr(29) " fcode="getelementptr"/>
<opset="compute_controller_ControlMemSpace_bool_unsigned_int_bool_bool_bool_bool_311/3 "/>
</bind>
</comp>

<comp id="410" class="1004" name="grp_access_fu_410">
<pin_list>
<pin id="411" dir="0" index="0" bw="3" slack="0"/>
<pin id="412" dir="0" index="1" bw="4" slack="2147483647"/>
<pin id="413" dir="0" index="2" bw="0" slack="2147483647"/>
<pin id="414" dir="1" index="3" bw="4" slack="0"/>
</pin_list>
<bind>
<opcode="load(27) " fcode="load"/>
<opset="w_10/3 "/>
</bind>
</comp>

<comp id="416" class="1004" name="p_ZZ18compute_controller15ControlMemSpacebjRbS0_bS0_S0_RjPKhPhR12ComputeStateS1_R_132_gep_fu_416">
<pin_list>
<pin id="417" dir="0" index="0" bw="16" slack="0"/>
<pin id="418" dir="0" index="1" bw="1" slack="0"/>
<pin id="419" dir="0" index="2" bw="1" slack="2"/>
<pin id="420" dir="1" index="3" bw="1" slack="0"/>
</pin_list>
<bind>
<opcode="getelementptr(29) " fcode="getelementptr"/>
<opset="p_ZZ18compute_controller15ControlMemSpacebjRbS0_bS0_S0_RjPKhPhR12ComputeStateS1_R_132/3 "/>
</bind>
</comp>

<comp id="423" class="1004" name="grp_access_fu_423">
<pin_list>
<pin id="424" dir="0" index="0" bw="1" slack="0"/>
<pin id="425" dir="0" index="1" bw="16" slack="2147483647"/>
<pin id="426" dir="0" index="2" bw="0" slack="2147483647"/>
<pin id="427" dir="1" index="3" bw="16" slack="0"/>
</pin_list>
<bind>
<opcode="load(27) " fcode="load"/>
<opset="p_ZZ18compute_controller15ControlMemSpacebjRbS0_bS0_S0_RjPKhPhR12ComputeStateS1_R_133/3 "/>
</bind>
</comp>

<comp id="429" class="1004" name="compute_controller_ControlMemSpace_bool_unsigned_int_bool_bool_bool_bool_314_gep_fu_429">
<pin_list>
<pin id="430" dir="0" index="0" bw="4" slack="0"/>
<pin id="431" dir="0" index="1" bw="1" slack="0"/>
<pin id="432" dir="0" index="2" bw="3" slack="2"/>
<pin id="433" dir="1" index="3" bw="3" slack="0"/>
</pin_list>
<bind>
<opcode="getelementptr(29) " fcode="getelementptr"/>
<opset="compute_controller_ControlMemSpace_bool_unsigned_int_bool_bool_bool_bool_314/3 "/>
</bind>
</comp>

<comp id="436" class="1004" name="grp_access_fu_436">
<pin_list>
<pin id="437" dir="0" index="0" bw="3" slack="0"/>
<pin id="438" dir="0" index="1" bw="4" slack="2147483647"/>
<pin id="439" dir="0" index="2" bw="0" slack="2147483647"/>
<pin id="440" dir="1" index="3" bw="4" slack="0"/>
</pin_list>
<bind>
<opcode="load(27) " fcode="load"/>
<opset="w_13/3 "/>
</bind>
</comp>

<comp id="442" class="1004" name="p_ZZ18compute_controller15ControlMemSpacebjRbS0_bS0_S0_RjPKhPhR12ComputeStateS1_R_138_gep_fu_442">
<pin_list>
<pin id="443" dir="0" index="0" bw="16" slack="0"/>
<pin id="444" dir="0" index="1" bw="1" slack="0"/>
<pin id="445" dir="0" index="2" bw="1" slack="2"/>
<pin id="446" dir="1" index="3" bw="1" slack="0"/>
</pin_list>
<bind>
<opcode="getelementptr(29) " fcode="getelementptr"/>
<opset="p_ZZ18compute_controller15ControlMemSpacebjRbS0_bS0_S0_RjPKhPhR12ComputeStateS1_R_138/3 "/>
</bind>
</comp>

<comp id="449" class="1004" name="grp_access_fu_449">
<pin_list>
<pin id="450" dir="0" index="0" bw="1" slack="0"/>
<pin id="451" dir="0" index="1" bw="16" slack="2147483647"/>
<pin id="452" dir="0" index="2" bw="0" slack="2147483647"/>
<pin id="453" dir="1" index="3" bw="16" slack="0"/>
</pin_list>
<bind>
<opcode="load(27) " fcode="load"/>
<opset="p_ZZ18compute_controller15ControlMemSpacebjRbS0_bS0_S0_RjPKhPhR12ComputeStateS1_R_139/3 "/>
</bind>
</comp>

<comp id="455" class="1004" name="compute_controller_ControlMemSpace_bool_unsigned_int_bool_bool_bool_bool_287_gep_fu_455">
<pin_list>
<pin id="456" dir="0" index="0" bw="4" slack="0"/>
<pin id="457" dir="0" index="1" bw="1" slack="0"/>
<pin id="458" dir="0" index="2" bw="4" slack="2"/>
<pin id="459" dir="1" index="3" bw="3" slack="0"/>
</pin_list>
<bind>
<opcode="getelementptr(29) " fcode="getelementptr"/>
<opset="compute_controller_ControlMemSpace_bool_unsigned_int_bool_bool_bool_bool_287/4 "/>
</bind>
</comp>

<comp id="462" class="1004" name="grp_access_fu_462">
<pin_list>
<pin id="463" dir="0" index="0" bw="3" slack="0"/>
<pin id="464" dir="0" index="1" bw="4" slack="2147483647"/>
<pin id="465" dir="0" index="2" bw="0" slack="2147483647"/>
<pin id="466" dir="1" index="3" bw="4" slack="0"/>
</pin_list>
<bind>
<opcode="load(27) " fcode="load"/>
<opset="w/4 "/>
</bind>
</comp>

<comp id="468" class="1004" name="compute_controller_ControlMemSpace_bool_unsigned_int_bool_bool_bool_bool_288_gep_fu_468">
<pin_list>
<pin id="469" dir="0" index="0" bw="16" slack="0"/>
<pin id="470" dir="0" index="1" bw="1" slack="0"/>
<pin id="471" dir="0" index="2" bw="1" slack="3"/>
<pin id="472" dir="1" index="3" bw="1" slack="0"/>
</pin_list>
<bind>
<opcode="getelementptr(29) " fcode="getelementptr"/>
<opset="compute_controller_ControlMemSpace_bool_unsigned_int_bool_bool_bool_bool_288/4 "/>
</bind>
</comp>

<comp id="475" class="1004" name="grp_access_fu_475">
<pin_list>
<pin id="476" dir="0" index="0" bw="1" slack="0"/>
<pin id="477" dir="0" index="1" bw="16" slack="2147483647"/>
<pin id="478" dir="0" index="2" bw="0" slack="2147483647"/>
<pin id="479" dir="1" index="3" bw="16" slack="0"/>
</pin_list>
<bind>
<opcode="load(27) " fcode="load"/>
<opset="compute_controller_ControlMemSpace_bool_unsigned_int_bool_bool_bool_bool_289/4 "/>
</bind>
</comp>

<comp id="481" class="1004" name="p_ZZ18compute_controller15ControlMemSpacebjRbS0_bS0_S0_RjPKhPhR12ComputeStateS1_R_128_gep_fu_481">
<pin_list>
<pin id="482" dir="0" index="0" bw="4" slack="0"/>
<pin id="483" dir="0" index="1" bw="1" slack="0"/>
<pin id="484" dir="0" index="2" bw="4" slack="2"/>
<pin id="485" dir="1" index="3" bw="3" slack="0"/>
</pin_list>
<bind>
<opcode="getelementptr(29) " fcode="getelementptr"/>
<opset="p_ZZ18compute_controller15ControlMemSpacebjRbS0_bS0_S0_RjPKhPhR12ComputeStateS1_R_128/4 "/>
</bind>
</comp>

<comp id="488" class="1004" name="grp_access_fu_488">
<pin_list>
<pin id="489" dir="0" index="0" bw="3" slack="0"/>
<pin id="490" dir="0" index="1" bw="4" slack="2147483647"/>
<pin id="491" dir="0" index="2" bw="0" slack="2147483647"/>
<pin id="492" dir="1" index="3" bw="4" slack="0"/>
</pin_list>
<bind>
<opcode="load(27) " fcode="load"/>
<opset="w_4/4 "/>
</bind>
</comp>

<comp id="494" class="1004" name="compute_controller_ControlMemSpace_bool_unsigned_int_bool_bool_bool_bool_297_gep_fu_494">
<pin_list>
<pin id="495" dir="0" index="0" bw="16" slack="0"/>
<pin id="496" dir="0" index="1" bw="1" slack="0"/>
<pin id="497" dir="0" index="2" bw="1" slack="3"/>
<pin id="498" dir="1" index="3" bw="1" slack="0"/>
</pin_list>
<bind>
<opcode="getelementptr(29) " fcode="getelementptr"/>
<opset="compute_controller_ControlMemSpace_bool_unsigned_int_bool_bool_bool_bool_297/4 "/>
</bind>
</comp>

<comp id="501" class="1004" name="grp_access_fu_501">
<pin_list>
<pin id="502" dir="0" index="0" bw="1" slack="0"/>
<pin id="503" dir="0" index="1" bw="16" slack="2147483647"/>
<pin id="504" dir="0" index="2" bw="0" slack="2147483647"/>
<pin id="505" dir="1" index="3" bw="16" slack="0"/>
</pin_list>
<bind>
<opcode="load(27) " fcode="load"/>
<opset="compute_controller_ControlMemSpace_bool_unsigned_int_bool_bool_bool_bool_298/4 "/>
</bind>
</comp>

<comp id="507" class="1004" name="compute_controller_ControlMemSpace_bool_unsigned_int_bool_bool_bool_bool_312_gep_fu_507">
<pin_list>
<pin id="508" dir="0" index="0" bw="4" slack="0"/>
<pin id="509" dir="0" index="1" bw="1" slack="0"/>
<pin id="510" dir="0" index="2" bw="3" slack="3"/>
<pin id="511" dir="1" index="3" bw="3" slack="0"/>
</pin_list>
<bind>
<opcode="getelementptr(29) " fcode="getelementptr"/>
<opset="compute_controller_ControlMemSpace_bool_unsigned_int_bool_bool_bool_bool_312/4 "/>
</bind>
</comp>

<comp id="514" class="1004" name="grp_access_fu_514">
<pin_list>
<pin id="515" dir="0" index="0" bw="3" slack="0"/>
<pin id="516" dir="0" index="1" bw="4" slack="2147483647"/>
<pin id="517" dir="0" index="2" bw="0" slack="2147483647"/>
<pin id="518" dir="1" index="3" bw="4" slack="0"/>
</pin_list>
<bind>
<opcode="load(27) " fcode="load"/>
<opset="w_11/4 "/>
</bind>
</comp>

<comp id="520" class="1004" name="p_ZZ18compute_controller15ControlMemSpacebjRbS0_bS0_S0_RjPKhPhR12ComputeStateS1_R_134_gep_fu_520">
<pin_list>
<pin id="521" dir="0" index="0" bw="16" slack="0"/>
<pin id="522" dir="0" index="1" bw="1" slack="0"/>
<pin id="523" dir="0" index="2" bw="1" slack="3"/>
<pin id="524" dir="1" index="3" bw="1" slack="0"/>
</pin_list>
<bind>
<opcode="getelementptr(29) " fcode="getelementptr"/>
<opset="p_ZZ18compute_controller15ControlMemSpacebjRbS0_bS0_S0_RjPKhPhR12ComputeStateS1_R_134/4 "/>
</bind>
</comp>

<comp id="527" class="1004" name="grp_access_fu_527">
<pin_list>
<pin id="528" dir="0" index="0" bw="1" slack="0"/>
<pin id="529" dir="0" index="1" bw="16" slack="2147483647"/>
<pin id="530" dir="0" index="2" bw="0" slack="2147483647"/>
<pin id="531" dir="1" index="3" bw="16" slack="0"/>
</pin_list>
<bind>
<opcode="load(27) " fcode="load"/>
<opset="p_ZZ18compute_controller15ControlMemSpacebjRbS0_bS0_S0_RjPKhPhR12ComputeStateS1_R_135/4 "/>
</bind>
</comp>

<comp id="533" class="1004" name="compute_controller_ControlMemSpace_bool_unsigned_int_bool_bool_bool_bool_315_gep_fu_533">
<pin_list>
<pin id="534" dir="0" index="0" bw="4" slack="0"/>
<pin id="535" dir="0" index="1" bw="1" slack="0"/>
<pin id="536" dir="0" index="2" bw="3" slack="3"/>
<pin id="537" dir="1" index="3" bw="3" slack="0"/>
</pin_list>
<bind>
<opcode="getelementptr(29) " fcode="getelementptr"/>
<opset="compute_controller_ControlMemSpace_bool_unsigned_int_bool_bool_bool_bool_315/4 "/>
</bind>
</comp>

<comp id="540" class="1004" name="grp_access_fu_540">
<pin_list>
<pin id="541" dir="0" index="0" bw="3" slack="0"/>
<pin id="542" dir="0" index="1" bw="4" slack="2147483647"/>
<pin id="543" dir="0" index="2" bw="0" slack="2147483647"/>
<pin id="544" dir="1" index="3" bw="4" slack="0"/>
</pin_list>
<bind>
<opcode="load(27) " fcode="load"/>
<opset="w_14/4 "/>
</bind>
</comp>

<comp id="546" class="1004" name="p_ZZ18compute_controller15ControlMemSpacebjRbS0_bS0_S0_RjPKhPhR12ComputeStateS1_R_140_gep_fu_546">
<pin_list>
<pin id="547" dir="0" index="0" bw="16" slack="0"/>
<pin id="548" dir="0" index="1" bw="1" slack="0"/>
<pin id="549" dir="0" index="2" bw="1" slack="3"/>
<pin id="550" dir="1" index="3" bw="1" slack="0"/>
</pin_list>
<bind>
<opcode="getelementptr(29) " fcode="getelementptr"/>
<opset="p_ZZ18compute_controller15ControlMemSpacebjRbS0_bS0_S0_RjPKhPhR12ComputeStateS1_R_140/4 "/>
</bind>
</comp>

<comp id="553" class="1004" name="grp_access_fu_553">
<pin_list>
<pin id="554" dir="0" index="0" bw="1" slack="0"/>
<pin id="555" dir="0" index="1" bw="16" slack="2147483647"/>
<pin id="556" dir="0" index="2" bw="0" slack="2147483647"/>
<pin id="557" dir="1" index="3" bw="16" slack="0"/>
</pin_list>
<bind>
<opcode="load(27) " fcode="load"/>
<opset="p_ZZ18compute_controller15ControlMemSpacebjRbS0_bS0_S0_RjPKhPhR12ComputeStateS1_R_141/4 "/>
</bind>
</comp>

<comp id="559" class="1004" name="store_ln42_store_fu_559">
<pin_list>
<pin id="560" dir="0" index="0" bw="1" slack="0"/>
<pin id="561" dir="0" index="1" bw="5" slack="0"/>
<pin id="562" dir="1" index="2" bw="0" slack="2147483647"/>
</pin_list>
<bind>
<opcode="store(28) " fcode="store"/>
<opset="store_ln42/1 "/>
</bind>
</comp>

<comp id="564" class="1004" name="store_ln41_store_fu_564">
<pin_list>
<pin id="565" dir="0" index="0" bw="32" slack="0"/>
<pin id="566" dir="0" index="1" bw="32" slack="0"/>
<pin id="567" dir="1" index="2" bw="0" slack="2147483647"/>
</pin_list>
<bind>
<opcode="store(28) " fcode="store"/>
<opset="store_ln41/1 "/>
</bind>
</comp>

<comp id="569" class="1004" name="i_13_load_fu_569">
<pin_list>
<pin id="570" dir="0" index="0" bw="5" slack="0"/>
<pin id="571" dir="1" index="1" bw="5" slack="0"/>
</pin_list>
<bind>
<opcode="load(27) " fcode="load"/>
<opset="i_13/1 "/>
</bind>
</comp>

<comp id="572" class="1004" name="tmp_fu_572">
<pin_list>
<pin id="573" dir="0" index="0" bw="1" slack="0"/>
<pin id="574" dir="0" index="1" bw="5" slack="0"/>
<pin id="575" dir="0" index="2" bw="4" slack="0"/>
<pin id="576" dir="1" index="3" bw="1" slack="0"/>
</pin_list>
<bind>
<opcode="bitselect(1000) " fcode="bitselect"/>
<opset="tmp/1 "/>
</bind>
</comp>

<comp id="580" class="1004" name="zext_ln41_fu_580">
<pin_list>
<pin id="581" dir="0" index="0" bw="1" slack="0"/>
<pin id="582" dir="1" index="1" bw="64" slack="0"/>
</pin_list>
<bind>
<opcode="zext(34) " fcode="zext"/>
<opset="zext_ln41/1 "/>
</bind>
</comp>

<comp id="585" class="1004" name="tmp_s_fu_585">
<pin_list>
<pin id="586" dir="0" index="0" bw="2" slack="0"/>
<pin id="587" dir="0" index="1" bw="5" slack="0"/>
<pin id="588" dir="0" index="2" bw="3" slack="0"/>
<pin id="589" dir="0" index="3" bw="4" slack="0"/>
<pin id="590" dir="1" index="4" bw="2" slack="0"/>
</pin_list>
<bind>
<opcode="partselect(1002) " fcode="partselect"/>
<opset="tmp_s/1 "/>
</bind>
</comp>

<comp id="595" class="1004" name="trunc_ln42_fu_595">
<pin_list>
<pin id="596" dir="0" index="0" bw="5" slack="0"/>
<pin id="597" dir="1" index="1" bw="1" slack="0"/>
</pin_list>
<bind>
<opcode="trunc(33) " fcode="trunc"/>
<opset="trunc_ln42/1 "/>
</bind>
</comp>

<comp id="599" class="1004" name="or_ln42_8_fu_599">
<pin_list>
<pin id="600" dir="0" index="0" bw="5" slack="0"/>
<pin id="601" dir="0" index="1" bw="2" slack="0"/>
<pin id="602" dir="0" index="2" bw="1" slack="0"/>
<pin id="603" dir="0" index="3" bw="1" slack="0"/>
<pin id="604" dir="1" index="4" bw="5" slack="0"/>
</pin_list>
<bind>
<opcode="bitconcatenate(1004) " fcode="bitconcatenate"/>
<opset="or_ln42_8/1 "/>
</bind>
</comp>

<comp id="609" class="1004" name="icmp_ln42_fu_609">
<pin_list>
<pin id="610" dir="0" index="0" bw="5" slack="0"/>
<pin id="611" dir="0" index="1" bw="5" slack="0"/>
<pin id="612" dir="1" index="2" bw="1" slack="1"/>
</pin_list>
<bind>
<opcode="icmp(45) " fcode="icmp"/>
<opset="icmp_ln42/1 "/>
</bind>
</comp>

<comp id="615" class="1004" name="or_ln44_3_fu_615">
<pin_list>
<pin id="616" dir="0" index="0" bw="2" slack="0"/>
<pin id="617" dir="0" index="1" bw="1" slack="0"/>
<pin id="618" dir="0" index="2" bw="1" slack="0"/>
<pin id="619" dir="1" index="3" bw="2" slack="0"/>
</pin_list>
<bind>
<opcode="bitconcatenate(1004) " fcode="bitconcatenate"/>
<opset="or_ln44_3/1 "/>
</bind>
</comp>

<comp id="623" class="1004" name="sext_ln44_7_fu_623">
<pin_list>
<pin id="624" dir="0" index="0" bw="2" slack="0"/>
<pin id="625" dir="1" index="1" bw="3" slack="0"/>
</pin_list>
<bind>
<opcode="sext(35) " fcode="sext"/>
<opset="sext_ln44_7/1 "/>
</bind>
</comp>

<comp id="627" class="1004" name="zext_ln44_fu_627">
<pin_list>
<pin id="628" dir="0" index="0" bw="2" slack="0"/>
<pin id="629" dir="1" index="1" bw="64" slack="0"/>
</pin_list>
<bind>
<opcode="zext(34) " fcode="zext"/>
<opset="zext_ln44/1 "/>
</bind>
</comp>

<comp id="632" class="1004" name="bit_sel_fu_632">
<pin_list>
<pin id="633" dir="0" index="0" bw="1" slack="0"/>
<pin id="634" dir="0" index="1" bw="5" slack="0"/>
<pin id="635" dir="0" index="2" bw="4" slack="0"/>
<pin id="636" dir="1" index="3" bw="1" slack="0"/>
</pin_list>
<bind>
<opcode="bitselect(1000) " fcode="bitselect"/>
<opset="bit_sel/1 "/>
</bind>
</comp>

<comp id="640" class="1004" name="xor_ln42_fu_640">
<pin_list>
<pin id="641" dir="0" index="0" bw="1" slack="0"/>
<pin id="642" dir="0" index="1" bw="1" slack="0"/>
<pin id="643" dir="1" index="2" bw="1" slack="0"/>
</pin_list>
<bind>
<opcode="xor(25) " fcode="xor"/>
<opset="xor_ln42/1 "/>
</bind>
</comp>

<comp id="646" class="1004" name="trunc_ln42_4_fu_646">
<pin_list>
<pin id="647" dir="0" index="0" bw="5" slack="0"/>
<pin id="648" dir="1" index="1" bw="4" slack="0"/>
</pin_list>
<bind>
<opcode="trunc(33) " fcode="trunc"/>
<opset="trunc_ln42_4/1 "/>
</bind>
</comp>

<comp id="650" class="1004" name="xor_ln42_4_fu_650">
<pin_list>
<pin id="651" dir="0" index="0" bw="5" slack="0"/>
<pin id="652" dir="0" index="1" bw="1" slack="0"/>
<pin id="653" dir="0" index="2" bw="4" slack="0"/>
<pin id="654" dir="1" index="3" bw="5" slack="0"/>
</pin_list>
<bind>
<opcode="bitconcatenate(1004) " fcode="bitconcatenate"/>
<opset="xor_ln42_4/1 "/>
</bind>
</comp>

<comp id="658" class="1004" name="store_ln42_store_fu_658">
<pin_list>
<pin id="659" dir="0" index="0" bw="5" slack="0"/>
<pin id="660" dir="0" index="1" bw="5" slack="0"/>
<pin id="661" dir="1" index="2" bw="0" slack="2147483647"/>
</pin_list>
<bind>
<opcode="store(28) " fcode="store"/>
<opset="store_ln42/1 "/>
</bind>
</comp>

<comp id="663" class="1004" name="select_ln44_fu_663">
<pin_list>
<pin id="664" dir="0" index="0" bw="1" slack="1"/>
<pin id="665" dir="0" index="1" bw="4" slack="0"/>
<pin id="666" dir="0" index="2" bw="4" slack="0"/>
<pin id="667" dir="1" index="3" bw="64" slack="0"/>
</pin_list>
<bind>
<opcode="select(49) " fcode="select"/>
<opset="select_ln44/2 "/>
</bind>
</comp>

<comp id="673" class="1004" name="sext_ln45_18_fu_673">
<pin_list>
<pin id="674" dir="0" index="0" bw="16" slack="0"/>
<pin id="675" dir="1" index="1" bw="20" slack="0"/>
</pin_list>
<bind>
<opcode="sext(35) " fcode="sext"/>
<opset="sext_ln45_18/2 "/>
</bind>
</comp>

<comp id="677" class="1004" name="sext_ln44_9_fu_677">
<pin_list>
<pin id="678" dir="0" index="0" bw="4" slack="0"/>
<pin id="679" dir="1" index="1" bw="20" slack="0"/>
</pin_list>
<bind>
<opcode="sext(35) " fcode="sext"/>
<opset="sext_ln44_9/2 "/>
</bind>
</comp>

<comp id="681" class="1004" name="sext_ln45_1_fu_681">
<pin_list>
<pin id="682" dir="0" index="0" bw="16" slack="0"/>
<pin id="683" dir="1" index="1" bw="20" slack="0"/>
</pin_list>
<bind>
<opcode="sext(35) " fcode="sext"/>
<opset="sext_ln45_1/3 "/>
</bind>
</comp>

<comp id="685" class="1004" name="sext_ln44_1_fu_685">
<pin_list>
<pin id="686" dir="0" index="0" bw="4" slack="0"/>
<pin id="687" dir="1" index="1" bw="20" slack="0"/>
</pin_list>
<bind>
<opcode="sext(35) " fcode="sext"/>
<opset="sext_ln44_1/3 "/>
</bind>
</comp>

<comp id="689" class="1004" name="sext_ln45_2_fu_689">
<pin_list>
<pin id="690" dir="0" index="0" bw="16" slack="0"/>
<pin id="691" dir="1" index="1" bw="20" slack="0"/>
</pin_list>
<bind>
<opcode="sext(35) " fcode="sext"/>
<opset="sext_ln45_2/3 "/>
</bind>
</comp>

<comp id="693" class="1004" name="sext_ln44_2_fu_693">
<pin_list>
<pin id="694" dir="0" index="0" bw="4" slack="0"/>
<pin id="695" dir="1" index="1" bw="20" slack="0"/>
</pin_list>
<bind>
<opcode="sext(35) " fcode="sext"/>
<opset="sext_ln44_2/3 "/>
</bind>
</comp>

<comp id="697" class="1004" name="sext_ln45_16_fu_697">
<pin_list>
<pin id="698" dir="0" index="0" bw="16" slack="0"/>
<pin id="699" dir="1" index="1" bw="20" slack="0"/>
</pin_list>
<bind>
<opcode="sext(35) " fcode="sext"/>
<opset="sext_ln45_16/3 "/>
</bind>
</comp>

<comp id="701" class="1004" name="sext_ln44_6_fu_701">
<pin_list>
<pin id="702" dir="0" index="0" bw="4" slack="0"/>
<pin id="703" dir="1" index="1" bw="20" slack="0"/>
</pin_list>
<bind>
<opcode="sext(35) " fcode="sext"/>
<opset="sext_ln44_6/3 "/>
</bind>
</comp>

<comp id="705" class="1004" name="sext_ln45_21_fu_705">
<pin_list>
<pin id="706" dir="0" index="0" bw="16" slack="0"/>
<pin id="707" dir="1" index="1" bw="20" slack="0"/>
</pin_list>
<bind>
<opcode="sext(35) " fcode="sext"/>
<opset="sext_ln45_21/3 "/>
</bind>
</comp>

<comp id="709" class="1004" name="sext_ln44_12_fu_709">
<pin_list>
<pin id="710" dir="0" index="0" bw="4" slack="0"/>
<pin id="711" dir="1" index="1" bw="20" slack="0"/>
</pin_list>
<bind>
<opcode="sext(35) " fcode="sext"/>
<opset="sext_ln44_12/3 "/>
</bind>
</comp>

<comp id="713" class="1004" name="sext_ln45_24_fu_713">
<pin_list>
<pin id="714" dir="0" index="0" bw="16" slack="0"/>
<pin id="715" dir="1" index="1" bw="20" slack="0"/>
</pin_list>
<bind>
<opcode="sext(35) " fcode="sext"/>
<opset="sext_ln45_24/3 "/>
</bind>
</comp>

<comp id="717" class="1004" name="sext_ln45_25_fu_717">
<pin_list>
<pin id="718" dir="0" index="0" bw="4" slack="0"/>
<pin id="719" dir="1" index="1" bw="20" slack="0"/>
</pin_list>
<bind>
<opcode="sext(35) " fcode="sext"/>
<opset="sext_ln45_25/3 "/>
</bind>
</comp>

<comp id="721" class="1004" name="sext_ln45_3_fu_721">
<pin_list>
<pin id="722" dir="0" index="0" bw="16" slack="0"/>
<pin id="723" dir="1" index="1" bw="20" slack="0"/>
</pin_list>
<bind>
<opcode="sext(35) " fcode="sext"/>
<opset="sext_ln45_3/4 "/>
</bind>
</comp>

<comp id="725" class="1004" name="sext_ln44_3_fu_725">
<pin_list>
<pin id="726" dir="0" index="0" bw="4" slack="0"/>
<pin id="727" dir="1" index="1" bw="20" slack="0"/>
</pin_list>
<bind>
<opcode="sext(35) " fcode="sext"/>
<opset="sext_ln44_3/4 "/>
</bind>
</comp>

<comp id="729" class="1004" name="sext_ln45_5_fu_729">
<pin_list>
<pin id="730" dir="0" index="0" bw="16" slack="0"/>
<pin id="731" dir="1" index="1" bw="20" slack="0"/>
</pin_list>
<bind>
<opcode="sext(35) " fcode="sext"/>
<opset="sext_ln45_5/4 "/>
</bind>
</comp>

<comp id="733" class="1004" name="sext_ln45_6_fu_733">
<pin_list>
<pin id="734" dir="0" index="0" bw="4" slack="0"/>
<pin id="735" dir="1" index="1" bw="20" slack="0"/>
</pin_list>
<bind>
<opcode="sext(35) " fcode="sext"/>
<opset="sext_ln45_6/4 "/>
</bind>
</comp>

<comp id="737" class="1004" name="sext_ln45_15_fu_737">
<pin_list>
<pin id="738" dir="0" index="0" bw="16" slack="0"/>
<pin id="739" dir="1" index="1" bw="20" slack="0"/>
</pin_list>
<bind>
<opcode="sext(35) " fcode="sext"/>
<opset="sext_ln45_15/4 "/>
</bind>
</comp>

<comp id="741" class="1004" name="sext_ln44_5_fu_741">
<pin_list>
<pin id="742" dir="0" index="0" bw="4" slack="0"/>
<pin id="743" dir="1" index="1" bw="20" slack="0"/>
</pin_list>
<bind>
<opcode="sext(35) " fcode="sext"/>
<opset="sext_ln44_5/4 "/>
</bind>
</comp>

<comp id="745" class="1004" name="sext_ln45_17_fu_745">
<pin_list>
<pin id="746" dir="0" index="0" bw="16" slack="0"/>
<pin id="747" dir="1" index="1" bw="20" slack="0"/>
</pin_list>
<bind>
<opcode="sext(35) " fcode="sext"/>
<opset="sext_ln45_17/4 "/>
</bind>
</comp>

<comp id="749" class="1004" name="sext_ln44_8_fu_749">
<pin_list>
<pin id="750" dir="0" index="0" bw="4" slack="0"/>
<pin id="751" dir="1" index="1" bw="20" slack="0"/>
</pin_list>
<bind>
<opcode="sext(35) " fcode="sext"/>
<opset="sext_ln44_8/4 "/>
</bind>
</comp>

<comp id="753" class="1004" name="sext_ln45_19_fu_753">
<pin_list>
<pin id="754" dir="0" index="0" bw="16" slack="0"/>
<pin id="755" dir="1" index="1" bw="20" slack="0"/>
</pin_list>
<bind>
<opcode="sext(35) " fcode="sext"/>
<opset="sext_ln45_19/4 "/>
</bind>
</comp>

<comp id="757" class="1004" name="sext_ln44_10_fu_757">
<pin_list>
<pin id="758" dir="0" index="0" bw="4" slack="0"/>
<pin id="759" dir="1" index="1" bw="20" slack="0"/>
</pin_list>
<bind>
<opcode="sext(35) " fcode="sext"/>
<opset="sext_ln44_10/4 "/>
</bind>
</comp>

<comp id="761" class="1004" name="sext_ln45_22_fu_761">
<pin_list>
<pin id="762" dir="0" index="0" bw="16" slack="0"/>
<pin id="763" dir="1" index="1" bw="20" slack="0"/>
</pin_list>
<bind>
<opcode="sext(35) " fcode="sext"/>
<opset="sext_ln45_22/4 "/>
</bind>
</comp>

<comp id="765" class="1004" name="sext_ln44_13_fu_765">
<pin_list>
<pin id="766" dir="0" index="0" bw="4" slack="0"/>
<pin id="767" dir="1" index="1" bw="20" slack="0"/>
</pin_list>
<bind>
<opcode="sext(35) " fcode="sext"/>
<opset="sext_ln44_13/4 "/>
</bind>
</comp>

<comp id="769" class="1004" name="mul_ln45_8_fu_769">
<pin_list>
<pin id="770" dir="0" index="0" bw="16" slack="0"/>
<pin id="771" dir="0" index="1" bw="4" slack="0"/>
<pin id="772" dir="1" index="2" bw="20" slack="0"/>
</pin_list>
<bind>
<opcode="mul(12) " fcode="mul"/>
<opset="mul_ln45_8/4 "/>
</bind>
</comp>

<comp id="775" class="1004" name="sext_ln45_28_fu_775">
<pin_list>
<pin id="776" dir="0" index="0" bw="20" slack="0"/>
<pin id="777" dir="1" index="1" bw="21" slack="0"/>
</pin_list>
<bind>
<opcode="sext(35) " fcode="sext"/>
<opset="sext_ln45_28/4 "/>
</bind>
</comp>

<comp id="779" class="1004" name="sext_ln45_fu_779">
<pin_list>
<pin id="780" dir="0" index="0" bw="16" slack="0"/>
<pin id="781" dir="1" index="1" bw="20" slack="0"/>
</pin_list>
<bind>
<opcode="sext(35) " fcode="sext"/>
<opset="sext_ln45/5 "/>
</bind>
</comp>

<comp id="783" class="1004" name="sext_ln44_fu_783">
<pin_list>
<pin id="784" dir="0" index="0" bw="4" slack="0"/>
<pin id="785" dir="1" index="1" bw="20" slack="0"/>
</pin_list>
<bind>
<opcode="sext(35) " fcode="sext"/>
<opset="sext_ln44/5 "/>
</bind>
</comp>

<comp id="787" class="1004" name="sext_ln45_4_fu_787">
<pin_list>
<pin id="788" dir="0" index="0" bw="16" slack="0"/>
<pin id="789" dir="1" index="1" bw="20" slack="0"/>
</pin_list>
<bind>
<opcode="sext(35) " fcode="sext"/>
<opset="sext_ln45_4/5 "/>
</bind>
</comp>

<comp id="791" class="1004" name="sext_ln44_4_fu_791">
<pin_list>
<pin id="792" dir="0" index="0" bw="4" slack="0"/>
<pin id="793" dir="1" index="1" bw="20" slack="0"/>
</pin_list>
<bind>
<opcode="sext(35) " fcode="sext"/>
<opset="sext_ln44_4/5 "/>
</bind>
</comp>

<comp id="795" class="1004" name="mul_ln45_fu_795">
<pin_list>
<pin id="796" dir="0" index="0" bw="16" slack="0"/>
<pin id="797" dir="0" index="1" bw="4" slack="0"/>
<pin id="798" dir="1" index="2" bw="20" slack="0"/>
</pin_list>
<bind>
<opcode="mul(12) " fcode="mul"/>
<opset="mul_ln45/5 "/>
</bind>
</comp>

<comp id="801" class="1004" name="sext_ln45_7_fu_801">
<pin_list>
<pin id="802" dir="0" index="0" bw="20" slack="0"/>
<pin id="803" dir="1" index="1" bw="21" slack="0"/>
</pin_list>
<bind>
<opcode="sext(35) " fcode="sext"/>
<opset="sext_ln45_7/5 "/>
</bind>
</comp>

<comp id="805" class="1004" name="mul_ln45_4_fu_805">
<pin_list>
<pin id="806" dir="0" index="0" bw="16" slack="0"/>
<pin id="807" dir="0" index="1" bw="4" slack="0"/>
<pin id="808" dir="1" index="2" bw="20" slack="0"/>
</pin_list>
<bind>
<opcode="mul(12) " fcode="mul"/>
<opset="mul_ln45_4/5 "/>
</bind>
</comp>

<comp id="811" class="1004" name="sext_ln45_11_fu_811">
<pin_list>
<pin id="812" dir="0" index="0" bw="20" slack="0"/>
<pin id="813" dir="1" index="1" bw="21" slack="0"/>
</pin_list>
<bind>
<opcode="sext(35) " fcode="sext"/>
<opset="sext_ln45_11/5 "/>
</bind>
</comp>

<comp id="815" class="1004" name="sext_ln45_20_fu_815">
<pin_list>
<pin id="816" dir="0" index="0" bw="16" slack="0"/>
<pin id="817" dir="1" index="1" bw="20" slack="0"/>
</pin_list>
<bind>
<opcode="sext(35) " fcode="sext"/>
<opset="sext_ln45_20/5 "/>
</bind>
</comp>

<comp id="819" class="1004" name="sext_ln44_11_fu_819">
<pin_list>
<pin id="820" dir="0" index="0" bw="4" slack="0"/>
<pin id="821" dir="1" index="1" bw="20" slack="0"/>
</pin_list>
<bind>
<opcode="sext(35) " fcode="sext"/>
<opset="sext_ln44_11/5 "/>
</bind>
</comp>

<comp id="823" class="1004" name="sext_ln45_23_fu_823">
<pin_list>
<pin id="824" dir="0" index="0" bw="16" slack="0"/>
<pin id="825" dir="1" index="1" bw="20" slack="0"/>
</pin_list>
<bind>
<opcode="sext(35) " fcode="sext"/>
<opset="sext_ln45_23/5 "/>
</bind>
</comp>

<comp id="827" class="1004" name="sext_ln44_14_fu_827">
<pin_list>
<pin id="828" dir="0" index="0" bw="4" slack="0"/>
<pin id="829" dir="1" index="1" bw="20" slack="0"/>
</pin_list>
<bind>
<opcode="sext(35) " fcode="sext"/>
<opset="sext_ln44_14/5 "/>
</bind>
</comp>

<comp id="831" class="1004" name="mul_ln45_12_fu_831">
<pin_list>
<pin id="832" dir="0" index="0" bw="16" slack="0"/>
<pin id="833" dir="0" index="1" bw="4" slack="0"/>
<pin id="834" dir="1" index="2" bw="20" slack="0"/>
</pin_list>
<bind>
<opcode="mul(12) " fcode="mul"/>
<opset="mul_ln45_12/5 "/>
</bind>
</comp>

<comp id="837" class="1004" name="sext_ln45_32_fu_837">
<pin_list>
<pin id="838" dir="0" index="0" bw="20" slack="0"/>
<pin id="839" dir="1" index="1" bw="21" slack="0"/>
</pin_list>
<bind>
<opcode="sext(35) " fcode="sext"/>
<opset="sext_ln45_32/5 "/>
</bind>
</comp>

<comp id="841" class="1004" name="mul_ln45_15_fu_841">
<pin_list>
<pin id="842" dir="0" index="0" bw="16" slack="0"/>
<pin id="843" dir="0" index="1" bw="4" slack="0"/>
<pin id="844" dir="1" index="2" bw="20" slack="0"/>
</pin_list>
<bind>
<opcode="mul(12) " fcode="mul"/>
<opset="mul_ln45_15/5 "/>
</bind>
</comp>

<comp id="847" class="1004" name="sext_ln45_35_fu_847">
<pin_list>
<pin id="848" dir="0" index="0" bw="20" slack="0"/>
<pin id="849" dir="1" index="1" bw="21" slack="0"/>
</pin_list>
<bind>
<opcode="sext(35) " fcode="sext"/>
<opset="sext_ln45_35/5 "/>
</bind>
</comp>

<comp id="851" class="1004" name="sext_ln45_14_fu_851">
<pin_list>
<pin id="852" dir="0" index="0" bw="21" slack="0"/>
<pin id="853" dir="1" index="1" bw="32" slack="0"/>
</pin_list>
<bind>
<opcode="sext(35) " fcode="sext"/>
<opset="sext_ln45_14/6 "/>
</bind>
</comp>

<comp id="854" class="1004" name="sext_ln45_36_fu_854">
<pin_list>
<pin id="855" dir="0" index="0" bw="21" slack="0"/>
<pin id="856" dir="1" index="1" bw="32" slack="0"/>
</pin_list>
<bind>
<opcode="sext(35) " fcode="sext"/>
<opset="sext_ln45_36/6 "/>
</bind>
</comp>

<comp id="857" class="1004" name="acc_1_load_fu_857">
<pin_list>
<pin id="858" dir="0" index="0" bw="32" slack="6"/>
<pin id="859" dir="1" index="1" bw="32" slack="0"/>
</pin_list>
<bind>
<opcode="load(27) " fcode="load"/>
<opset="acc_1/7 "/>
</bind>
</comp>

<comp id="860" class="1004" name="sext_ln45_13_fu_860">
<pin_list>
<pin id="861" dir="0" index="0" bw="21" slack="0"/>
<pin id="862" dir="1" index="1" bw="32" slack="0"/>
</pin_list>
<bind>
<opcode="sext(35) " fcode="sext"/>
<opset="sext_ln45_13/7 "/>
</bind>
</comp>

<comp id="863" class="1004" name="add_ln45_4_fu_863">
<pin_list>
<pin id="864" dir="0" index="0" bw="21" slack="0"/>
<pin id="865" dir="0" index="1" bw="22" slack="0"/>
<pin id="866" dir="1" index="2" bw="32" slack="0"/>
</pin_list>
<bind>
<opcode="add(8) " fcode="add"/>
<opset="add_ln45_4/7 "/>
</bind>
</comp>

<comp id="868" class="1004" name="acc_2_fu_868">
<pin_list>
<pin id="869" dir="0" index="0" bw="23" slack="0"/>
<pin id="870" dir="0" index="1" bw="32" slack="0"/>
<pin id="871" dir="1" index="2" bw="32" slack="0"/>
</pin_list>
<bind>
<opcode="add(8) " fcode="add"/>
<opset="acc_2/7 "/>
</bind>
</comp>

<comp id="875" class="1004" name="sext_ln45_37_fu_875">
<pin_list>
<pin id="876" dir="0" index="0" bw="21" slack="0"/>
<pin id="877" dir="1" index="1" bw="22" slack="0"/>
</pin_list>
<bind>
<opcode="sext(35) " fcode="sext"/>
<opset="sext_ln45_37/7 "/>
</bind>
</comp>

<comp id="878" class="1004" name="sext_ln45_38_fu_878">
<pin_list>
<pin id="879" dir="0" index="0" bw="21" slack="0"/>
<pin id="880" dir="1" index="1" bw="22" slack="0"/>
</pin_list>
<bind>
<opcode="sext(35) " fcode="sext"/>
<opset="sext_ln45_38/7 "/>
</bind>
</comp>

<comp id="881" class="1004" name="add_ln45_13_fu_881">
<pin_list>
<pin id="882" dir="0" index="0" bw="21" slack="0"/>
<pin id="883" dir="0" index="1" bw="21" slack="0"/>
<pin id="884" dir="1" index="2" bw="22" slack="0"/>
</pin_list>
<bind>
<opcode="add(8) " fcode="add"/>
<opset="add_ln45_13/7 "/>
</bind>
</comp>

<comp id="887" class="1004" name="sext_ln45_39_fu_887">
<pin_list>
<pin id="888" dir="0" index="0" bw="22" slack="0"/>
<pin id="889" dir="1" index="1" bw="32" slack="0"/>
</pin_list>
<bind>
<opcode="sext(35) " fcode="sext"/>
<opset="sext_ln45_39/7 "/>
</bind>
</comp>

<comp id="891" class="1004" name="add_ln45_14_fu_891">
<pin_list>
<pin id="892" dir="0" index="0" bw="22" slack="0"/>
<pin id="893" dir="0" index="1" bw="22" slack="0"/>
<pin id="894" dir="1" index="2" bw="32" slack="0"/>
</pin_list>
<bind>
<opcode="add(8) " fcode="add"/>
<opset="add_ln45_14/7 "/>
</bind>
</comp>

<comp id="896" class="1004" name="acc_3_fu_896">
<pin_list>
<pin id="897" dir="0" index="0" bw="23" slack="0"/>
<pin id="898" dir="0" index="1" bw="32" slack="0"/>
<pin id="899" dir="1" index="2" bw="32" slack="0"/>
</pin_list>
<bind>
<opcode="add(8) " fcode="add"/>
<opset="acc_3/7 "/>
</bind>
</comp>

<comp id="902" class="1004" name="store_ln41_store_fu_902">
<pin_list>
<pin id="903" dir="0" index="0" bw="32" slack="0"/>
<pin id="904" dir="0" index="1" bw="32" slack="6"/>
<pin id="905" dir="1" index="2" bw="0" slack="2147483647"/>
</pin_list>
<bind>
<opcode="store(28) " fcode="store"/>
<opset="store_ln41/7 "/>
</bind>
</comp>

<comp id="907" class="1007" name="grp_fu_907">
<pin_list>
<pin id="908" dir="0" index="0" bw="16" slack="0"/>
<pin id="909" dir="0" index="1" bw="4" slack="0"/>
<pin id="910" dir="0" index="2" bw="20" slack="0"/>
<pin id="911" dir="1" index="3" bw="21" slack="0"/>
</pin_list>
<bind>
<opcode="muladd(1172) " fcode="muladd"/>
<opset="mul_ln45_7/2 sext_ln45_27/4 add_ln45_6/4 "/>
</bind>
</comp>

<comp id="915" class="1007" name="grp_fu_915">
<pin_list>
<pin id="916" dir="0" index="0" bw="16" slack="0"/>
<pin id="917" dir="0" index="1" bw="4" slack="0"/>
<pin id="918" dir="0" index="2" bw="20" slack="0"/>
<pin id="919" dir="1" index="3" bw="21" slack="0"/>
</pin_list>
<bind>
<opcode="muladd(1172) " fcode="muladd"/>
<opset="mul_ln45_2/3 sext_ln45_9/5 add_ln45/5 "/>
</bind>
</comp>

<comp id="923" class="1007" name="grp_fu_923">
<pin_list>
<pin id="924" dir="0" index="0" bw="16" slack="0"/>
<pin id="925" dir="0" index="1" bw="4" slack="0"/>
<pin id="926" dir="0" index="2" bw="20" slack="0"/>
<pin id="927" dir="1" index="3" bw="21" slack="0"/>
</pin_list>
<bind>
<opcode="muladd(1172) " fcode="muladd"/>
<opset="mul_ln45_3/3 sext_ln45_10/5 add_ln45_2/5 "/>
</bind>
</comp>

<comp id="932" class="1007" name="grp_fu_932">
<pin_list>
<pin id="933" dir="0" index="0" bw="16" slack="0"/>
<pin id="934" dir="0" index="1" bw="4" slack="0"/>
<pin id="935" dir="0" index="2" bw="21" slack="0"/>
<pin id="936" dir="1" index="3" bw="21" slack="0"/>
</pin_list>
<bind>
<opcode="muladd(1172) " fcode="muladd"/>
<opset="mul_ln45_9/3 sext_ln45_29/5 add_ln45_7/5 "/>
</bind>
</comp>

<comp id="941" class="1007" name="grp_fu_941">
<pin_list>
<pin id="942" dir="0" index="0" bw="16" slack="0"/>
<pin id="943" dir="0" index="1" bw="4" slack="0"/>
<pin id="944" dir="0" index="2" bw="20" slack="0"/>
<pin id="945" dir="1" index="3" bw="21" slack="0"/>
</pin_list>
<bind>
<opcode="muladd(1172) " fcode="muladd"/>
<opset="mul_ln45_11/3 sext_ln45_31/5 add_ln45_11/5 "/>
</bind>
</comp>

<comp id="949" class="1007" name="grp_fu_949">
<pin_list>
<pin id="950" dir="0" index="0" bw="16" slack="0"/>
<pin id="951" dir="0" index="1" bw="4" slack="0"/>
<pin id="952" dir="0" index="2" bw="20" slack="0"/>
<pin id="953" dir="1" index="3" bw="21" slack="0"/>
</pin_list>
<bind>
<opcode="muladd(1172) " fcode="muladd"/>
<opset="mul_ln45_14/3 sext_ln45_34/5 add_ln45_9/5 "/>
</bind>
</comp>

<comp id="957" class="1007" name="grp_fu_957">
<pin_list>
<pin id="958" dir="0" index="0" bw="16" slack="0"/>
<pin id="959" dir="0" index="1" bw="4" slack="0"/>
<pin id="960" dir="0" index="2" bw="21" slack="0"/>
<pin id="961" dir="1" index="3" bw="21" slack="0"/>
</pin_list>
<bind>
<opcode="muladd(1172) " fcode="muladd"/>
<opset="mul_ln45_1/4 sext_ln45_8/6 add_ln45_1/6 "/>
</bind>
</comp>

<comp id="966" class="1007" name="grp_fu_966">
<pin_list>
<pin id="967" dir="0" index="0" bw="16" slack="0"/>
<pin id="968" dir="0" index="1" bw="4" slack="0"/>
<pin id="969" dir="0" index="2" bw="21" slack="0"/>
<pin id="970" dir="1" index="3" bw="32" slack="0"/>
</pin_list>
<bind>
<opcode="muladd(1172) " fcode="muladd"/>
<opset="mul_ln45_5/4 sext_ln45_12/6 add_ln45_3/6 "/>
</bind>
</comp>

<comp id="975" class="1007" name="grp_fu_975">
<pin_list>
<pin id="976" dir="0" index="0" bw="16" slack="0"/>
<pin id="977" dir="0" index="1" bw="4" slack="0"/>
<pin id="978" dir="0" index="2" bw="21" slack="0"/>
<pin id="979" dir="1" index="3" bw="21" slack="0"/>
</pin_list>
<bind>
<opcode="muladd(1172) " fcode="muladd"/>
<opset="mul_ln45_6/4 sext_ln45_26/6 add_ln45_10/6 "/>
</bind>
</comp>

<comp id="984" class="1007" name="grp_fu_984">
<pin_list>
<pin id="985" dir="0" index="0" bw="16" slack="0"/>
<pin id="986" dir="0" index="1" bw="4" slack="0"/>
<pin id="987" dir="0" index="2" bw="21" slack="0"/>
<pin id="988" dir="1" index="3" bw="32" slack="0"/>
</pin_list>
<bind>
<opcode="muladd(1172) " fcode="muladd"/>
<opset="mul_ln45_10/4 sext_ln45_30/6 add_ln45_8/6 "/>
</bind>
</comp>

<comp id="993" class="1007" name="grp_fu_993">
<pin_list>
<pin id="994" dir="0" index="0" bw="16" slack="0"/>
<pin id="995" dir="0" index="1" bw="4" slack="0"/>
<pin id="996" dir="0" index="2" bw="21" slack="0"/>
<pin id="997" dir="1" index="3" bw="21" slack="0"/>
</pin_list>
<bind>
<opcode="muladd(1172) " fcode="muladd"/>
<opset="mul_ln45_13/4 sext_ln45_33/6 add_ln45_12/6 "/>
</bind>
</comp>

<comp id="1002" class="1005" name="acc_reg_1002">
<pin_list>
<pin id="1003" dir="0" index="0" bw="32" slack="0"/>
<pin id="1004" dir="1" index="1" bw="32" slack="0"/>
</pin_list>
<bind>
<opset="acc "/>
</bind>
</comp>

<comp id="1009" class="1005" name="i_reg_1009">
<pin_list>
<pin id="1010" dir="0" index="0" bw="5" slack="0"/>
<pin id="1011" dir="1" index="1" bw="5" slack="0"/>
</pin_list>
<bind>
<opset="i "/>
</bind>
</comp>

<comp id="1016" class="1005" name="tmp_reg_1016">
<pin_list>
<pin id="1017" dir="0" index="0" bw="1" slack="1"/>
<pin id="1018" dir="1" index="1" bw="1" slack="1"/>
</pin_list>
<bind>
<opset="tmp "/>
</bind>
</comp>

<comp id="1021" class="1005" name="zext_ln41_reg_1021">
<pin_list>
<pin id="1022" dir="0" index="0" bw="64" slack="1"/>
<pin id="1023" dir="1" index="1" bw="64" slack="1"/>
</pin_list>
<bind>
<opset="zext_ln41 "/>
</bind>
</comp>

<comp id="1040" class="1005" name="icmp_ln42_reg_1040">
<pin_list>
<pin id="1041" dir="0" index="0" bw="1" slack="1"/>
<pin id="1042" dir="1" index="1" bw="1" slack="2147483647"/>
</pin_list>
<bind>
<opset="icmp_ln42 "/>
</bind>
</comp>

<comp id="1044" class="1005" name="zext_ln44_reg_1044">
<pin_list>
<pin id="1045" dir="0" index="0" bw="64" slack="1"/>
<pin id="1046" dir="1" index="1" bw="64" slack="1"/>
</pin_list>
<bind>
<opset="zext_ln44 "/>
</bind>
</comp>

<comp id="1055" class="1005" name="compute_controller_ControlMemSpace_bool_unsigned_int_bool_bool_bool_bool_308_reg_1055">
<pin_list>
<pin id="1056" dir="0" index="0" bw="3" slack="1"/>
<pin id="1057" dir="1" index="1" bw="3" slack="1"/>
</pin_list>
<bind>
<opset="compute_controller_ControlMemSpace_bool_unsigned_int_bool_bool_bool_bool_308 "/>
</bind>
</comp>

<comp id="1060" class="1005" name="compute_controller_ControlMemSpace_bool_unsigned_int_bool_bool_bool_bool_309_reg_1060">
<pin_list>
<pin id="1061" dir="0" index="0" bw="1" slack="1"/>
<pin id="1062" dir="1" index="1" bw="1" slack="1"/>
</pin_list>
<bind>
<opset="compute_controller_ControlMemSpace_bool_unsigned_int_bool_bool_bool_bool_309 "/>
</bind>
</comp>

<comp id="1065" class="1005" name="select_ln44_reg_1065">
<pin_list>
<pin id="1066" dir="0" index="0" bw="64" slack="1"/>
<pin id="1067" dir="1" index="1" bw="64" slack="1"/>
</pin_list>
<bind>
<opset="select_ln44 "/>
</bind>
</comp>

<comp id="1074" class="1005" name="compute_controller_ControlMemSpace_bool_unsigned_int_bool_bool_bool_bool_290_reg_1074">
<pin_list>
<pin id="1075" dir="0" index="0" bw="3" slack="1"/>
<pin id="1076" dir="1" index="1" bw="3" slack="1"/>
</pin_list>
<bind>
<opset="compute_controller_ControlMemSpace_bool_unsigned_int_bool_bool_bool_bool_290 "/>
</bind>
</comp>

<comp id="1079" class="1005" name="compute_controller_ControlMemSpace_bool_unsigned_int_bool_bool_bool_bool_291_reg_1079">
<pin_list>
<pin id="1080" dir="0" index="0" bw="1" slack="1"/>
<pin id="1081" dir="1" index="1" bw="1" slack="1"/>
</pin_list>
<bind>
<opset="compute_controller_ControlMemSpace_bool_unsigned_int_bool_bool_bool_bool_291 "/>
</bind>
</comp>

<comp id="1084" class="1005" name="p_ZZ18compute_controller15ControlMemSpacebjRbS0_bS0_S0_RjPKhPhR12ComputeStateS1_R_126_reg_1084">
<pin_list>
<pin id="1085" dir="0" index="0" bw="3" slack="1"/>
<pin id="1086" dir="1" index="1" bw="3" slack="1"/>
</pin_list>
<bind>
<opset="p_ZZ18compute_controller15ControlMemSpacebjRbS0_bS0_S0_RjPKhPhR12ComputeStateS1_R_126 "/>
</bind>
</comp>

<comp id="1089" class="1005" name="compute_controller_ControlMemSpace_bool_unsigned_int_bool_bool_bool_bool_293_reg_1089">
<pin_list>
<pin id="1090" dir="0" index="0" bw="1" slack="1"/>
<pin id="1091" dir="1" index="1" bw="1" slack="1"/>
</pin_list>
<bind>
<opset="compute_controller_ControlMemSpace_bool_unsigned_int_bool_bool_bool_bool_293 "/>
</bind>
</comp>

<comp id="1094" class="1005" name="p_ZZ18compute_controller15ControlMemSpacebjRbS0_bS0_S0_RjPKhPhR12ComputeStateS1_R_131_reg_1094">
<pin_list>
<pin id="1095" dir="0" index="0" bw="3" slack="1"/>
<pin id="1096" dir="1" index="1" bw="3" slack="1"/>
</pin_list>
<bind>
<opset="p_ZZ18compute_controller15ControlMemSpacebjRbS0_bS0_S0_RjPKhPhR12ComputeStateS1_R_131 "/>
</bind>
</comp>

<comp id="1099" class="1005" name="compute_controller_ControlMemSpace_bool_unsigned_int_bool_bool_bool_bool_303_reg_1099">
<pin_list>
<pin id="1100" dir="0" index="0" bw="1" slack="1"/>
<pin id="1101" dir="1" index="1" bw="1" slack="1"/>
</pin_list>
<bind>
<opset="compute_controller_ControlMemSpace_bool_unsigned_int_bool_bool_bool_bool_303 "/>
</bind>
</comp>

<comp id="1104" class="1005" name="sext_ln45_18_reg_1104">
<pin_list>
<pin id="1105" dir="0" index="0" bw="20" slack="1"/>
<pin id="1106" dir="1" index="1" bw="20" slack="1"/>
</pin_list>
<bind>
<opset="sext_ln45_18 "/>
</bind>
</comp>

<comp id="1109" class="1005" name="sext_ln44_9_reg_1109">
<pin_list>
<pin id="1110" dir="0" index="0" bw="20" slack="1"/>
<pin id="1111" dir="1" index="1" bw="20" slack="1"/>
</pin_list>
<bind>
<opset="sext_ln44_9 "/>
</bind>
</comp>

<comp id="1114" class="1005" name="compute_controller_ControlMemSpace_bool_unsigned_int_bool_bool_bool_bool_313_reg_1114">
<pin_list>
<pin id="1115" dir="0" index="0" bw="3" slack="1"/>
<pin id="1116" dir="1" index="1" bw="3" slack="1"/>
</pin_list>
<bind>
<opset="compute_controller_ControlMemSpace_bool_unsigned_int_bool_bool_bool_bool_313 "/>
</bind>
</comp>

<comp id="1119" class="1005" name="p_ZZ18compute_controller15ControlMemSpacebjRbS0_bS0_S0_RjPKhPhR12ComputeStateS1_R_136_reg_1119">
<pin_list>
<pin id="1120" dir="0" index="0" bw="1" slack="1"/>
<pin id="1121" dir="1" index="1" bw="1" slack="1"/>
</pin_list>
<bind>
<opset="p_ZZ18compute_controller15ControlMemSpacebjRbS0_bS0_S0_RjPKhPhR12ComputeStateS1_R_136 "/>
</bind>
</comp>

<comp id="1124" class="1005" name="compute_controller_ControlMemSpace_bool_unsigned_int_bool_bool_bool_bool_316_reg_1124">
<pin_list>
<pin id="1125" dir="0" index="0" bw="3" slack="1"/>
<pin id="1126" dir="1" index="1" bw="3" slack="1"/>
</pin_list>
<bind>
<opset="compute_controller_ControlMemSpace_bool_unsigned_int_bool_bool_bool_bool_316 "/>
</bind>
</comp>

<comp id="1129" class="1005" name="p_ZZ18compute_controller15ControlMemSpacebjRbS0_bS0_S0_RjPKhPhR12ComputeStateS1_R_142_reg_1129">
<pin_list>
<pin id="1130" dir="0" index="0" bw="1" slack="1"/>
<pin id="1131" dir="1" index="1" bw="1" slack="1"/>
</pin_list>
<bind>
<opset="p_ZZ18compute_controller15ControlMemSpacebjRbS0_bS0_S0_RjPKhPhR12ComputeStateS1_R_142 "/>
</bind>
</comp>

<comp id="1134" class="1005" name="sext_ln45_1_reg_1134">
<pin_list>
<pin id="1135" dir="0" index="0" bw="20" slack="1"/>
<pin id="1136" dir="1" index="1" bw="20" slack="1"/>
</pin_list>
<bind>
<opset="sext_ln45_1 "/>
</bind>
</comp>

<comp id="1139" class="1005" name="sext_ln44_1_reg_1139">
<pin_list>
<pin id="1140" dir="0" index="0" bw="20" slack="1"/>
<pin id="1141" dir="1" index="1" bw="20" slack="1"/>
</pin_list>
<bind>
<opset="sext_ln44_1 "/>
</bind>
</comp>

<comp id="1144" class="1005" name="sext_ln45_2_reg_1144">
<pin_list>
<pin id="1145" dir="0" index="0" bw="20" slack="1"/>
<pin id="1146" dir="1" index="1" bw="20" slack="1"/>
</pin_list>
<bind>
<opset="sext_ln45_2 "/>
</bind>
</comp>

<comp id="1149" class="1005" name="sext_ln44_2_reg_1149">
<pin_list>
<pin id="1150" dir="0" index="0" bw="20" slack="1"/>
<pin id="1151" dir="1" index="1" bw="20" slack="1"/>
</pin_list>
<bind>
<opset="sext_ln44_2 "/>
</bind>
</comp>

<comp id="1154" class="1005" name="p_ZZ18compute_controller15ControlMemSpacebjRbS0_bS0_S0_RjPKhPhR12ComputeStateS1_R_127_reg_1154">
<pin_list>
<pin id="1155" dir="0" index="0" bw="3" slack="1"/>
<pin id="1156" dir="1" index="1" bw="3" slack="1"/>
</pin_list>
<bind>
<opset="p_ZZ18compute_controller15ControlMemSpacebjRbS0_bS0_S0_RjPKhPhR12ComputeStateS1_R_127 "/>
</bind>
</comp>

<comp id="1159" class="1005" name="compute_controller_ControlMemSpace_bool_unsigned_int_bool_bool_bool_bool_295_reg_1159">
<pin_list>
<pin id="1160" dir="0" index="0" bw="1" slack="1"/>
<pin id="1161" dir="1" index="1" bw="1" slack="1"/>
</pin_list>
<bind>
<opset="compute_controller_ControlMemSpace_bool_unsigned_int_bool_bool_bool_bool_295 "/>
</bind>
</comp>

<comp id="1164" class="1005" name="p_ZZ18compute_controller15ControlMemSpacebjRbS0_bS0_S0_RjPKhPhR12ComputeStateS1_R_129_reg_1164">
<pin_list>
<pin id="1165" dir="0" index="0" bw="3" slack="1"/>
<pin id="1166" dir="1" index="1" bw="3" slack="1"/>
</pin_list>
<bind>
<opset="p_ZZ18compute_controller15ControlMemSpacebjRbS0_bS0_S0_RjPKhPhR12ComputeStateS1_R_129 "/>
</bind>
</comp>

<comp id="1169" class="1005" name="compute_controller_ControlMemSpace_bool_unsigned_int_bool_bool_bool_bool_299_reg_1169">
<pin_list>
<pin id="1170" dir="0" index="0" bw="1" slack="1"/>
<pin id="1171" dir="1" index="1" bw="1" slack="1"/>
</pin_list>
<bind>
<opset="compute_controller_ControlMemSpace_bool_unsigned_int_bool_bool_bool_bool_299 "/>
</bind>
</comp>

<comp id="1174" class="1005" name="p_ZZ18compute_controller15ControlMemSpacebjRbS0_bS0_S0_RjPKhPhR12ComputeStateS1_R_130_reg_1174">
<pin_list>
<pin id="1175" dir="0" index="0" bw="3" slack="1"/>
<pin id="1176" dir="1" index="1" bw="3" slack="1"/>
</pin_list>
<bind>
<opset="p_ZZ18compute_controller15ControlMemSpacebjRbS0_bS0_S0_RjPKhPhR12ComputeStateS1_R_130 "/>
</bind>
</comp>

<comp id="1179" class="1005" name="compute_controller_ControlMemSpace_bool_unsigned_int_bool_bool_bool_bool_301_reg_1179">
<pin_list>
<pin id="1180" dir="0" index="0" bw="1" slack="1"/>
<pin id="1181" dir="1" index="1" bw="1" slack="1"/>
</pin_list>
<bind>
<opset="compute_controller_ControlMemSpace_bool_unsigned_int_bool_bool_bool_bool_301 "/>
</bind>
</comp>

<comp id="1184" class="1005" name="sext_ln45_16_reg_1184">
<pin_list>
<pin id="1185" dir="0" index="0" bw="20" slack="1"/>
<pin id="1186" dir="1" index="1" bw="20" slack="1"/>
</pin_list>
<bind>
<opset="sext_ln45_16 "/>
</bind>
</comp>

<comp id="1189" class="1005" name="sext_ln44_6_reg_1189">
<pin_list>
<pin id="1190" dir="0" index="0" bw="20" slack="1"/>
<pin id="1191" dir="1" index="1" bw="20" slack="1"/>
</pin_list>
<bind>
<opset="sext_ln44_6 "/>
</bind>
</comp>

<comp id="1194" class="1005" name="compute_controller_ControlMemSpace_bool_unsigned_int_bool_bool_bool_bool_305_reg_1194">
<pin_list>
<pin id="1195" dir="0" index="0" bw="3" slack="1"/>
<pin id="1196" dir="1" index="1" bw="3" slack="1"/>
</pin_list>
<bind>
<opset="compute_controller_ControlMemSpace_bool_unsigned_int_bool_bool_bool_bool_305 "/>
</bind>
</comp>

<comp id="1199" class="1005" name="compute_controller_ControlMemSpace_bool_unsigned_int_bool_bool_bool_bool_306_reg_1199">
<pin_list>
<pin id="1200" dir="0" index="0" bw="1" slack="1"/>
<pin id="1201" dir="1" index="1" bw="1" slack="1"/>
</pin_list>
<bind>
<opset="compute_controller_ControlMemSpace_bool_unsigned_int_bool_bool_bool_bool_306 "/>
</bind>
</comp>

<comp id="1204" class="1005" name="compute_controller_ControlMemSpace_bool_unsigned_int_bool_bool_bool_bool_311_reg_1204">
<pin_list>
<pin id="1205" dir="0" index="0" bw="3" slack="1"/>
<pin id="1206" dir="1" index="1" bw="3" slack="1"/>
</pin_list>
<bind>
<opset="compute_controller_ControlMemSpace_bool_unsigned_int_bool_bool_bool_bool_311 "/>
</bind>
</comp>

<comp id="1209" class="1005" name="p_ZZ18compute_controller15ControlMemSpacebjRbS0_bS0_S0_RjPKhPhR12ComputeStateS1_R_132_reg_1209">
<pin_list>
<pin id="1210" dir="0" index="0" bw="1" slack="1"/>
<pin id="1211" dir="1" index="1" bw="1" slack="1"/>
</pin_list>
<bind>
<opset="p_ZZ18compute_controller15ControlMemSpacebjRbS0_bS0_S0_RjPKhPhR12ComputeStateS1_R_132 "/>
</bind>
</comp>

<comp id="1214" class="1005" name="sext_ln45_21_reg_1214">
<pin_list>
<pin id="1215" dir="0" index="0" bw="20" slack="1"/>
<pin id="1216" dir="1" index="1" bw="20" slack="1"/>
</pin_list>
<bind>
<opset="sext_ln45_21 "/>
</bind>
</comp>

<comp id="1219" class="1005" name="sext_ln44_12_reg_1219">
<pin_list>
<pin id="1220" dir="0" index="0" bw="20" slack="1"/>
<pin id="1221" dir="1" index="1" bw="20" slack="1"/>
</pin_list>
<bind>
<opset="sext_ln44_12 "/>
</bind>
</comp>

<comp id="1224" class="1005" name="compute_controller_ControlMemSpace_bool_unsigned_int_bool_bool_bool_bool_314_reg_1224">
<pin_list>
<pin id="1225" dir="0" index="0" bw="3" slack="1"/>
<pin id="1226" dir="1" index="1" bw="3" slack="1"/>
</pin_list>
<bind>
<opset="compute_controller_ControlMemSpace_bool_unsigned_int_bool_bool_bool_bool_314 "/>
</bind>
</comp>

<comp id="1229" class="1005" name="p_ZZ18compute_controller15ControlMemSpacebjRbS0_bS0_S0_RjPKhPhR12ComputeStateS1_R_138_reg_1229">
<pin_list>
<pin id="1230" dir="0" index="0" bw="1" slack="1"/>
<pin id="1231" dir="1" index="1" bw="1" slack="1"/>
</pin_list>
<bind>
<opset="p_ZZ18compute_controller15ControlMemSpacebjRbS0_bS0_S0_RjPKhPhR12ComputeStateS1_R_138 "/>
</bind>
</comp>

<comp id="1234" class="1005" name="sext_ln45_24_reg_1234">
<pin_list>
<pin id="1235" dir="0" index="0" bw="20" slack="1"/>
<pin id="1236" dir="1" index="1" bw="20" slack="1"/>
</pin_list>
<bind>
<opset="sext_ln45_24 "/>
</bind>
</comp>

<comp id="1239" class="1005" name="sext_ln45_25_reg_1239">
<pin_list>
<pin id="1240" dir="0" index="0" bw="20" slack="1"/>
<pin id="1241" dir="1" index="1" bw="20" slack="1"/>
</pin_list>
<bind>
<opset="sext_ln45_25 "/>
</bind>
</comp>

<comp id="1244" class="1005" name="compute_controller_ControlMemSpace_bool_unsigned_int_bool_bool_bool_bool_287_reg_1244">
<pin_list>
<pin id="1245" dir="0" index="0" bw="3" slack="1"/>
<pin id="1246" dir="1" index="1" bw="3" slack="1"/>
</pin_list>
<bind>
<opset="compute_controller_ControlMemSpace_bool_unsigned_int_bool_bool_bool_bool_287 "/>
</bind>
</comp>

<comp id="1249" class="1005" name="compute_controller_ControlMemSpace_bool_unsigned_int_bool_bool_bool_bool_288_reg_1249">
<pin_list>
<pin id="1250" dir="0" index="0" bw="1" slack="1"/>
<pin id="1251" dir="1" index="1" bw="1" slack="1"/>
</pin_list>
<bind>
<opset="compute_controller_ControlMemSpace_bool_unsigned_int_bool_bool_bool_bool_288 "/>
</bind>
</comp>

<comp id="1254" class="1005" name="sext_ln45_3_reg_1254">
<pin_list>
<pin id="1255" dir="0" index="0" bw="20" slack="1"/>
<pin id="1256" dir="1" index="1" bw="20" slack="1"/>
</pin_list>
<bind>
<opset="sext_ln45_3 "/>
</bind>
</comp>

<comp id="1259" class="1005" name="sext_ln44_3_reg_1259">
<pin_list>
<pin id="1260" dir="0" index="0" bw="20" slack="1"/>
<pin id="1261" dir="1" index="1" bw="20" slack="1"/>
</pin_list>
<bind>
<opset="sext_ln44_3 "/>
</bind>
</comp>

<comp id="1264" class="1005" name="p_ZZ18compute_controller15ControlMemSpacebjRbS0_bS0_S0_RjPKhPhR12ComputeStateS1_R_128_reg_1264">
<pin_list>
<pin id="1265" dir="0" index="0" bw="3" slack="1"/>
<pin id="1266" dir="1" index="1" bw="3" slack="1"/>
</pin_list>
<bind>
<opset="p_ZZ18compute_controller15ControlMemSpacebjRbS0_bS0_S0_RjPKhPhR12ComputeStateS1_R_128 "/>
</bind>
</comp>

<comp id="1269" class="1005" name="compute_controller_ControlMemSpace_bool_unsigned_int_bool_bool_bool_bool_297_reg_1269">
<pin_list>
<pin id="1270" dir="0" index="0" bw="1" slack="1"/>
<pin id="1271" dir="1" index="1" bw="1" slack="1"/>
</pin_list>
<bind>
<opset="compute_controller_ControlMemSpace_bool_unsigned_int_bool_bool_bool_bool_297 "/>
</bind>
</comp>

<comp id="1274" class="1005" name="sext_ln45_5_reg_1274">
<pin_list>
<pin id="1275" dir="0" index="0" bw="20" slack="1"/>
<pin id="1276" dir="1" index="1" bw="20" slack="1"/>
</pin_list>
<bind>
<opset="sext_ln45_5 "/>
</bind>
</comp>

<comp id="1279" class="1005" name="sext_ln45_6_reg_1279">
<pin_list>
<pin id="1280" dir="0" index="0" bw="20" slack="1"/>
<pin id="1281" dir="1" index="1" bw="20" slack="1"/>
</pin_list>
<bind>
<opset="sext_ln45_6 "/>
</bind>
</comp>

<comp id="1284" class="1005" name="sext_ln45_15_reg_1284">
<pin_list>
<pin id="1285" dir="0" index="0" bw="20" slack="1"/>
<pin id="1286" dir="1" index="1" bw="20" slack="1"/>
</pin_list>
<bind>
<opset="sext_ln45_15 "/>
</bind>
</comp>

<comp id="1289" class="1005" name="sext_ln44_5_reg_1289">
<pin_list>
<pin id="1290" dir="0" index="0" bw="20" slack="1"/>
<pin id="1291" dir="1" index="1" bw="20" slack="1"/>
</pin_list>
<bind>
<opset="sext_ln44_5 "/>
</bind>
</comp>

<comp id="1294" class="1005" name="sext_ln45_19_reg_1294">
<pin_list>
<pin id="1295" dir="0" index="0" bw="20" slack="1"/>
<pin id="1296" dir="1" index="1" bw="20" slack="1"/>
</pin_list>
<bind>
<opset="sext_ln45_19 "/>
</bind>
</comp>

<comp id="1299" class="1005" name="sext_ln44_10_reg_1299">
<pin_list>
<pin id="1300" dir="0" index="0" bw="20" slack="1"/>
<pin id="1301" dir="1" index="1" bw="20" slack="1"/>
</pin_list>
<bind>
<opset="sext_ln44_10 "/>
</bind>
</comp>

<comp id="1304" class="1005" name="compute_controller_ControlMemSpace_bool_unsigned_int_bool_bool_bool_bool_312_reg_1304">
<pin_list>
<pin id="1305" dir="0" index="0" bw="3" slack="1"/>
<pin id="1306" dir="1" index="1" bw="3" slack="1"/>
</pin_list>
<bind>
<opset="compute_controller_ControlMemSpace_bool_unsigned_int_bool_bool_bool_bool_312 "/>
</bind>
</comp>

<comp id="1309" class="1005" name="p_ZZ18compute_controller15ControlMemSpacebjRbS0_bS0_S0_RjPKhPhR12ComputeStateS1_R_134_reg_1309">
<pin_list>
<pin id="1310" dir="0" index="0" bw="1" slack="1"/>
<pin id="1311" dir="1" index="1" bw="1" slack="1"/>
</pin_list>
<bind>
<opset="p_ZZ18compute_controller15ControlMemSpacebjRbS0_bS0_S0_RjPKhPhR12ComputeStateS1_R_134 "/>
</bind>
</comp>

<comp id="1314" class="1005" name="sext_ln45_22_reg_1314">
<pin_list>
<pin id="1315" dir="0" index="0" bw="20" slack="1"/>
<pin id="1316" dir="1" index="1" bw="20" slack="1"/>
</pin_list>
<bind>
<opset="sext_ln45_22 "/>
</bind>
</comp>

<comp id="1319" class="1005" name="sext_ln44_13_reg_1319">
<pin_list>
<pin id="1320" dir="0" index="0" bw="20" slack="1"/>
<pin id="1321" dir="1" index="1" bw="20" slack="1"/>
</pin_list>
<bind>
<opset="sext_ln44_13 "/>
</bind>
</comp>

<comp id="1324" class="1005" name="compute_controller_ControlMemSpace_bool_unsigned_int_bool_bool_bool_bool_315_reg_1324">
<pin_list>
<pin id="1325" dir="0" index="0" bw="3" slack="1"/>
<pin id="1326" dir="1" index="1" bw="3" slack="1"/>
</pin_list>
<bind>
<opset="compute_controller_ControlMemSpace_bool_unsigned_int_bool_bool_bool_bool_315 "/>
</bind>
</comp>

<comp id="1329" class="1005" name="p_ZZ18compute_controller15ControlMemSpacebjRbS0_bS0_S0_RjPKhPhR12ComputeStateS1_R_140_reg_1329">
<pin_list>
<pin id="1330" dir="0" index="0" bw="1" slack="1"/>
<pin id="1331" dir="1" index="1" bw="1" slack="1"/>
</pin_list>
<bind>
<opset="p_ZZ18compute_controller15ControlMemSpacebjRbS0_bS0_S0_RjPKhPhR12ComputeStateS1_R_140 "/>
</bind>
</comp>

<comp id="1334" class="1005" name="sext_ln45_28_reg_1334">
<pin_list>
<pin id="1335" dir="0" index="0" bw="21" slack="1"/>
<pin id="1336" dir="1" index="1" bw="21" slack="1"/>
</pin_list>
<bind>
<opset="sext_ln45_28 "/>
</bind>
</comp>

<comp id="1339" class="1005" name="sext_ln45_7_reg_1339">
<pin_list>
<pin id="1340" dir="0" index="0" bw="21" slack="1"/>
<pin id="1341" dir="1" index="1" bw="21" slack="1"/>
</pin_list>
<bind>
<opset="sext_ln45_7 "/>
</bind>
</comp>

<comp id="1344" class="1005" name="sext_ln45_11_reg_1344">
<pin_list>
<pin id="1345" dir="0" index="0" bw="21" slack="1"/>
<pin id="1346" dir="1" index="1" bw="21" slack="1"/>
</pin_list>
<bind>
<opset="sext_ln45_11 "/>
</bind>
</comp>

<comp id="1349" class="1005" name="sext_ln45_32_reg_1349">
<pin_list>
<pin id="1350" dir="0" index="0" bw="21" slack="1"/>
<pin id="1351" dir="1" index="1" bw="21" slack="1"/>
</pin_list>
<bind>
<opset="sext_ln45_32 "/>
</bind>
</comp>

<comp id="1354" class="1005" name="sext_ln45_35_reg_1354">
<pin_list>
<pin id="1355" dir="0" index="0" bw="21" slack="1"/>
<pin id="1356" dir="1" index="1" bw="21" slack="1"/>
</pin_list>
<bind>
<opset="sext_ln45_35 "/>
</bind>
</comp>

<comp id="1359" class="1005" name="add_ln45_6_reg_1359">
<pin_list>
<pin id="1360" dir="0" index="0" bw="21" slack="1"/>
<pin id="1361" dir="1" index="1" bw="21" slack="1"/>
</pin_list>
<bind>
<opset="add_ln45_6 "/>
</bind>
</comp>

<comp id="1364" class="1005" name="add_ln45_reg_1364">
<pin_list>
<pin id="1365" dir="0" index="0" bw="21" slack="1"/>
<pin id="1366" dir="1" index="1" bw="21" slack="1"/>
</pin_list>
<bind>
<opset="add_ln45 "/>
</bind>
</comp>

<comp id="1369" class="1005" name="sext_ln45_14_reg_1369">
<pin_list>
<pin id="1370" dir="0" index="0" bw="32" slack="1"/>
<pin id="1371" dir="1" index="1" bw="32" slack="1"/>
</pin_list>
<bind>
<opset="sext_ln45_14 "/>
</bind>
</comp>

<comp id="1374" class="1005" name="sext_ln45_36_reg_1374">
<pin_list>
<pin id="1375" dir="0" index="0" bw="32" slack="1"/>
<pin id="1376" dir="1" index="1" bw="32" slack="1"/>
</pin_list>
<bind>
<opset="sext_ln45_36 "/>
</bind>
</comp>

<comp id="1379" class="1005" name="add_ln45_9_reg_1379">
<pin_list>
<pin id="1380" dir="0" index="0" bw="21" slack="1"/>
<pin id="1381" dir="1" index="1" bw="21" slack="1"/>
</pin_list>
<bind>
<opset="add_ln45_9 "/>
</bind>
</comp>

<comp id="1384" class="1005" name="add_ln45_11_reg_1384">
<pin_list>
<pin id="1385" dir="0" index="0" bw="21" slack="1"/>
<pin id="1386" dir="1" index="1" bw="21" slack="1"/>
</pin_list>
<bind>
<opset="add_ln45_11 "/>
</bind>
</comp>

</comp_list>

<net_list>
<net id="125"><net_src comp="68" pin="0"/><net_sink comp="122" pin=0"/></net>

<net id="129"><net_src comp="68" pin="0"/><net_sink comp="126" pin=0"/></net>

<net id="134"><net_src comp="70" pin="0"/><net_sink comp="130" pin=0"/></net>

<net id="135"><net_src comp="0" pin="0"/><net_sink comp="130" pin=1"/></net>

<net id="141"><net_src comp="120" pin="0"/><net_sink comp="136" pin=0"/></net>

<net id="142"><net_src comp="2" pin="0"/><net_sink comp="136" pin=1"/></net>

<net id="148"><net_src comp="40" pin="0"/><net_sink comp="143" pin=0"/></net>

<net id="149"><net_src comp="92" pin="0"/><net_sink comp="143" pin=1"/></net>

<net id="155"><net_src comp="143" pin="3"/><net_sink comp="150" pin=0"/></net>

<net id="161"><net_src comp="42" pin="0"/><net_sink comp="156" pin=0"/></net>

<net id="162"><net_src comp="92" pin="0"/><net_sink comp="156" pin=1"/></net>

<net id="168"><net_src comp="156" pin="3"/><net_sink comp="163" pin=0"/></net>

<net id="174"><net_src comp="8" pin="0"/><net_sink comp="169" pin=0"/></net>

<net id="175"><net_src comp="92" pin="0"/><net_sink comp="169" pin=1"/></net>

<net id="181"><net_src comp="169" pin="3"/><net_sink comp="176" pin=0"/></net>

<net id="187"><net_src comp="10" pin="0"/><net_sink comp="182" pin=0"/></net>

<net id="188"><net_src comp="92" pin="0"/><net_sink comp="182" pin=1"/></net>

<net id="194"><net_src comp="182" pin="3"/><net_sink comp="189" pin=0"/></net>

<net id="200"><net_src comp="12" pin="0"/><net_sink comp="195" pin=0"/></net>

<net id="201"><net_src comp="92" pin="0"/><net_sink comp="195" pin=1"/></net>

<net id="207"><net_src comp="195" pin="3"/><net_sink comp="202" pin=0"/></net>

<net id="213"><net_src comp="14" pin="0"/><net_sink comp="208" pin=0"/></net>

<net id="214"><net_src comp="92" pin="0"/><net_sink comp="208" pin=1"/></net>

<net id="220"><net_src comp="208" pin="3"/><net_sink comp="215" pin=0"/></net>

<net id="226"><net_src comp="32" pin="0"/><net_sink comp="221" pin=0"/></net>

<net id="227"><net_src comp="92" pin="0"/><net_sink comp="221" pin=1"/></net>

<net id="233"><net_src comp="221" pin="3"/><net_sink comp="228" pin=0"/></net>

<net id="239"><net_src comp="34" pin="0"/><net_sink comp="234" pin=0"/></net>

<net id="240"><net_src comp="92" pin="0"/><net_sink comp="234" pin=1"/></net>

<net id="246"><net_src comp="234" pin="3"/><net_sink comp="241" pin=0"/></net>

<net id="252"><net_src comp="52" pin="0"/><net_sink comp="247" pin=0"/></net>

<net id="253"><net_src comp="92" pin="0"/><net_sink comp="247" pin=1"/></net>

<net id="259"><net_src comp="247" pin="3"/><net_sink comp="254" pin=0"/></net>

<net id="265"><net_src comp="54" pin="0"/><net_sink comp="260" pin=0"/></net>

<net id="266"><net_src comp="92" pin="0"/><net_sink comp="260" pin=1"/></net>

<net id="272"><net_src comp="260" pin="3"/><net_sink comp="267" pin=0"/></net>

<net id="278"><net_src comp="64" pin="0"/><net_sink comp="273" pin=0"/></net>

<net id="279"><net_src comp="92" pin="0"/><net_sink comp="273" pin=1"/></net>

<net id="285"><net_src comp="273" pin="3"/><net_sink comp="280" pin=0"/></net>

<net id="291"><net_src comp="66" pin="0"/><net_sink comp="286" pin=0"/></net>

<net id="292"><net_src comp="92" pin="0"/><net_sink comp="286" pin=1"/></net>

<net id="298"><net_src comp="286" pin="3"/><net_sink comp="293" pin=0"/></net>

<net id="304"><net_src comp="16" pin="0"/><net_sink comp="299" pin=0"/></net>

<net id="305"><net_src comp="92" pin="0"/><net_sink comp="299" pin=1"/></net>

<net id="311"><net_src comp="299" pin="3"/><net_sink comp="306" pin=0"/></net>

<net id="317"><net_src comp="18" pin="0"/><net_sink comp="312" pin=0"/></net>

<net id="318"><net_src comp="92" pin="0"/><net_sink comp="312" pin=1"/></net>

<net id="324"><net_src comp="312" pin="3"/><net_sink comp="319" pin=0"/></net>

<net id="330"><net_src comp="24" pin="0"/><net_sink comp="325" pin=0"/></net>

<net id="331"><net_src comp="92" pin="0"/><net_sink comp="325" pin=1"/></net>

<net id="337"><net_src comp="325" pin="3"/><net_sink comp="332" pin=0"/></net>

<net id="343"><net_src comp="26" pin="0"/><net_sink comp="338" pin=0"/></net>

<net id="344"><net_src comp="92" pin="0"/><net_sink comp="338" pin=1"/></net>

<net id="350"><net_src comp="338" pin="3"/><net_sink comp="345" pin=0"/></net>

<net id="356"><net_src comp="28" pin="0"/><net_sink comp="351" pin=0"/></net>

<net id="357"><net_src comp="92" pin="0"/><net_sink comp="351" pin=1"/></net>

<net id="363"><net_src comp="351" pin="3"/><net_sink comp="358" pin=0"/></net>

<net id="369"><net_src comp="30" pin="0"/><net_sink comp="364" pin=0"/></net>

<net id="370"><net_src comp="92" pin="0"/><net_sink comp="364" pin=1"/></net>

<net id="376"><net_src comp="364" pin="3"/><net_sink comp="371" pin=0"/></net>

<net id="382"><net_src comp="36" pin="0"/><net_sink comp="377" pin=0"/></net>

<net id="383"><net_src comp="92" pin="0"/><net_sink comp="377" pin=1"/></net>

<net id="389"><net_src comp="377" pin="3"/><net_sink comp="384" pin=0"/></net>

<net id="395"><net_src comp="38" pin="0"/><net_sink comp="390" pin=0"/></net>

<net id="396"><net_src comp="92" pin="0"/><net_sink comp="390" pin=1"/></net>

<net id="402"><net_src comp="390" pin="3"/><net_sink comp="397" pin=0"/></net>

<net id="408"><net_src comp="44" pin="0"/><net_sink comp="403" pin=0"/></net>

<net id="409"><net_src comp="92" pin="0"/><net_sink comp="403" pin=1"/></net>

<net id="415"><net_src comp="403" pin="3"/><net_sink comp="410" pin=0"/></net>

<net id="421"><net_src comp="46" pin="0"/><net_sink comp="416" pin=0"/></net>

<net id="422"><net_src comp="92" pin="0"/><net_sink comp="416" pin=1"/></net>

<net id="428"><net_src comp="416" pin="3"/><net_sink comp="423" pin=0"/></net>

<net id="434"><net_src comp="56" pin="0"/><net_sink comp="429" pin=0"/></net>

<net id="435"><net_src comp="92" pin="0"/><net_sink comp="429" pin=1"/></net>

<net id="441"><net_src comp="429" pin="3"/><net_sink comp="436" pin=0"/></net>

<net id="447"><net_src comp="58" pin="0"/><net_sink comp="442" pin=0"/></net>

<net id="448"><net_src comp="92" pin="0"/><net_sink comp="442" pin=1"/></net>

<net id="454"><net_src comp="442" pin="3"/><net_sink comp="449" pin=0"/></net>

<net id="460"><net_src comp="4" pin="0"/><net_sink comp="455" pin=0"/></net>

<net id="461"><net_src comp="92" pin="0"/><net_sink comp="455" pin=1"/></net>

<net id="467"><net_src comp="455" pin="3"/><net_sink comp="462" pin=0"/></net>

<net id="473"><net_src comp="6" pin="0"/><net_sink comp="468" pin=0"/></net>

<net id="474"><net_src comp="92" pin="0"/><net_sink comp="468" pin=1"/></net>

<net id="480"><net_src comp="468" pin="3"/><net_sink comp="475" pin=0"/></net>

<net id="486"><net_src comp="20" pin="0"/><net_sink comp="481" pin=0"/></net>

<net id="487"><net_src comp="92" pin="0"/><net_sink comp="481" pin=1"/></net>

<net id="493"><net_src comp="481" pin="3"/><net_sink comp="488" pin=0"/></net>

<net id="499"><net_src comp="22" pin="0"/><net_sink comp="494" pin=0"/></net>

<net id="500"><net_src comp="92" pin="0"/><net_sink comp="494" pin=1"/></net>

<net id="506"><net_src comp="494" pin="3"/><net_sink comp="501" pin=0"/></net>

<net id="512"><net_src comp="48" pin="0"/><net_sink comp="507" pin=0"/></net>

<net id="513"><net_src comp="92" pin="0"/><net_sink comp="507" pin=1"/></net>

<net id="519"><net_src comp="507" pin="3"/><net_sink comp="514" pin=0"/></net>

<net id="525"><net_src comp="50" pin="0"/><net_sink comp="520" pin=0"/></net>

<net id="526"><net_src comp="92" pin="0"/><net_sink comp="520" pin=1"/></net>

<net id="532"><net_src comp="520" pin="3"/><net_sink comp="527" pin=0"/></net>

<net id="538"><net_src comp="60" pin="0"/><net_sink comp="533" pin=0"/></net>

<net id="539"><net_src comp="92" pin="0"/><net_sink comp="533" pin=1"/></net>

<net id="545"><net_src comp="533" pin="3"/><net_sink comp="540" pin=0"/></net>

<net id="551"><net_src comp="62" pin="0"/><net_sink comp="546" pin=0"/></net>

<net id="552"><net_src comp="92" pin="0"/><net_sink comp="546" pin=1"/></net>

<net id="558"><net_src comp="546" pin="3"/><net_sink comp="553" pin=0"/></net>

<net id="563"><net_src comp="72" pin="0"/><net_sink comp="559" pin=0"/></net>

<net id="568"><net_src comp="130" pin="2"/><net_sink comp="564" pin=0"/></net>

<net id="577"><net_src comp="74" pin="0"/><net_sink comp="572" pin=0"/></net>

<net id="578"><net_src comp="569" pin="1"/><net_sink comp="572" pin=1"/></net>

<net id="579"><net_src comp="76" pin="0"/><net_sink comp="572" pin=2"/></net>

<net id="583"><net_src comp="572" pin="3"/><net_sink comp="580" pin=0"/></net>

<net id="584"><net_src comp="580" pin="1"/><net_sink comp="156" pin=2"/></net>

<net id="591"><net_src comp="78" pin="0"/><net_sink comp="585" pin=0"/></net>

<net id="592"><net_src comp="569" pin="1"/><net_sink comp="585" pin=1"/></net>

<net id="593"><net_src comp="80" pin="0"/><net_sink comp="585" pin=2"/></net>

<net id="594"><net_src comp="76" pin="0"/><net_sink comp="585" pin=3"/></net>

<net id="598"><net_src comp="569" pin="1"/><net_sink comp="595" pin=0"/></net>

<net id="605"><net_src comp="82" pin="0"/><net_sink comp="599" pin=0"/></net>

<net id="606"><net_src comp="585" pin="4"/><net_sink comp="599" pin=1"/></net>

<net id="607"><net_src comp="84" pin="0"/><net_sink comp="599" pin=2"/></net>

<net id="608"><net_src comp="595" pin="1"/><net_sink comp="599" pin=3"/></net>

<net id="613"><net_src comp="599" pin="4"/><net_sink comp="609" pin=0"/></net>

<net id="614"><net_src comp="86" pin="0"/><net_sink comp="609" pin=1"/></net>

<net id="620"><net_src comp="88" pin="0"/><net_sink comp="615" pin=0"/></net>

<net id="621"><net_src comp="90" pin="0"/><net_sink comp="615" pin=1"/></net>

<net id="622"><net_src comp="572" pin="3"/><net_sink comp="615" pin=2"/></net>

<net id="626"><net_src comp="615" pin="3"/><net_sink comp="623" pin=0"/></net>

<net id="630"><net_src comp="623" pin="1"/><net_sink comp="627" pin=0"/></net>

<net id="631"><net_src comp="627" pin="1"/><net_sink comp="143" pin=2"/></net>

<net id="637"><net_src comp="94" pin="0"/><net_sink comp="632" pin=0"/></net>

<net id="638"><net_src comp="569" pin="1"/><net_sink comp="632" pin=1"/></net>

<net id="639"><net_src comp="96" pin="0"/><net_sink comp="632" pin=2"/></net>

<net id="644"><net_src comp="632" pin="3"/><net_sink comp="640" pin=0"/></net>

<net id="645"><net_src comp="90" pin="0"/><net_sink comp="640" pin=1"/></net>

<net id="649"><net_src comp="569" pin="1"/><net_sink comp="646" pin=0"/></net>

<net id="655"><net_src comp="98" pin="0"/><net_sink comp="650" pin=0"/></net>

<net id="656"><net_src comp="640" pin="2"/><net_sink comp="650" pin=1"/></net>

<net id="657"><net_src comp="646" pin="1"/><net_sink comp="650" pin=2"/></net>

<net id="662"><net_src comp="650" pin="3"/><net_sink comp="658" pin=0"/></net>

<net id="668"><net_src comp="100" pin="0"/><net_sink comp="663" pin=1"/></net>

<net id="669"><net_src comp="102" pin="0"/><net_sink comp="663" pin=2"/></net>

<net id="670"><net_src comp="663" pin="3"/><net_sink comp="169" pin=2"/></net>

<net id="671"><net_src comp="663" pin="3"/><net_sink comp="195" pin=2"/></net>

<net id="672"><net_src comp="663" pin="3"/><net_sink comp="221" pin=2"/></net>

<net id="676"><net_src comp="163" pin="3"/><net_sink comp="673" pin=0"/></net>

<net id="680"><net_src comp="150" pin="3"/><net_sink comp="677" pin=0"/></net>

<net id="684"><net_src comp="189" pin="3"/><net_sink comp="681" pin=0"/></net>

<net id="688"><net_src comp="176" pin="3"/><net_sink comp="685" pin=0"/></net>

<net id="692"><net_src comp="215" pin="3"/><net_sink comp="689" pin=0"/></net>

<net id="696"><net_src comp="202" pin="3"/><net_sink comp="693" pin=0"/></net>

<net id="700"><net_src comp="241" pin="3"/><net_sink comp="697" pin=0"/></net>

<net id="704"><net_src comp="228" pin="3"/><net_sink comp="701" pin=0"/></net>

<net id="708"><net_src comp="267" pin="3"/><net_sink comp="705" pin=0"/></net>

<net id="712"><net_src comp="254" pin="3"/><net_sink comp="709" pin=0"/></net>

<net id="716"><net_src comp="293" pin="3"/><net_sink comp="713" pin=0"/></net>

<net id="720"><net_src comp="280" pin="3"/><net_sink comp="717" pin=0"/></net>

<net id="724"><net_src comp="319" pin="3"/><net_sink comp="721" pin=0"/></net>

<net id="728"><net_src comp="306" pin="3"/><net_sink comp="725" pin=0"/></net>

<net id="732"><net_src comp="345" pin="3"/><net_sink comp="729" pin=0"/></net>

<net id="736"><net_src comp="332" pin="3"/><net_sink comp="733" pin=0"/></net>

<net id="740"><net_src comp="371" pin="3"/><net_sink comp="737" pin=0"/></net>

<net id="744"><net_src comp="358" pin="3"/><net_sink comp="741" pin=0"/></net>

<net id="748"><net_src comp="397" pin="3"/><net_sink comp="745" pin=0"/></net>

<net id="752"><net_src comp="384" pin="3"/><net_sink comp="749" pin=0"/></net>

<net id="756"><net_src comp="423" pin="3"/><net_sink comp="753" pin=0"/></net>

<net id="760"><net_src comp="410" pin="3"/><net_sink comp="757" pin=0"/></net>

<net id="764"><net_src comp="449" pin="3"/><net_sink comp="761" pin=0"/></net>

<net id="768"><net_src comp="436" pin="3"/><net_sink comp="765" pin=0"/></net>

<net id="773"><net_src comp="745" pin="1"/><net_sink comp="769" pin=0"/></net>

<net id="774"><net_src comp="749" pin="1"/><net_sink comp="769" pin=1"/></net>

<net id="778"><net_src comp="769" pin="2"/><net_sink comp="775" pin=0"/></net>

<net id="782"><net_src comp="475" pin="3"/><net_sink comp="779" pin=0"/></net>

<net id="786"><net_src comp="462" pin="3"/><net_sink comp="783" pin=0"/></net>

<net id="790"><net_src comp="501" pin="3"/><net_sink comp="787" pin=0"/></net>

<net id="794"><net_src comp="488" pin="3"/><net_sink comp="791" pin=0"/></net>

<net id="799"><net_src comp="787" pin="1"/><net_sink comp="795" pin=0"/></net>

<net id="800"><net_src comp="791" pin="1"/><net_sink comp="795" pin=1"/></net>

<net id="804"><net_src comp="795" pin="2"/><net_sink comp="801" pin=0"/></net>

<net id="809"><net_src comp="779" pin="1"/><net_sink comp="805" pin=0"/></net>

<net id="810"><net_src comp="783" pin="1"/><net_sink comp="805" pin=1"/></net>

<net id="814"><net_src comp="805" pin="2"/><net_sink comp="811" pin=0"/></net>

<net id="818"><net_src comp="527" pin="3"/><net_sink comp="815" pin=0"/></net>

<net id="822"><net_src comp="514" pin="3"/><net_sink comp="819" pin=0"/></net>

<net id="826"><net_src comp="553" pin="3"/><net_sink comp="823" pin=0"/></net>

<net id="830"><net_src comp="540" pin="3"/><net_sink comp="827" pin=0"/></net>

<net id="835"><net_src comp="823" pin="1"/><net_sink comp="831" pin=0"/></net>

<net id="836"><net_src comp="827" pin="1"/><net_sink comp="831" pin=1"/></net>

<net id="840"><net_src comp="831" pin="2"/><net_sink comp="837" pin=0"/></net>

<net id="845"><net_src comp="815" pin="1"/><net_sink comp="841" pin=0"/></net>

<net id="846"><net_src comp="819" pin="1"/><net_sink comp="841" pin=1"/></net>

<net id="850"><net_src comp="841" pin="2"/><net_sink comp="847" pin=0"/></net>

<net id="867"><net_src comp="860" pin="1"/><net_sink comp="863" pin=0"/></net>

<net id="872"><net_src comp="863" pin="2"/><net_sink comp="868" pin=0"/></net>

<net id="873"><net_src comp="857" pin="1"/><net_sink comp="868" pin=1"/></net>

<net id="874"><net_src comp="868" pin="2"/><net_sink comp="136" pin=2"/></net>

<net id="885"><net_src comp="878" pin="1"/><net_sink comp="881" pin=0"/></net>

<net id="886"><net_src comp="875" pin="1"/><net_sink comp="881" pin=1"/></net>

<net id="890"><net_src comp="881" pin="2"/><net_sink comp="887" pin=0"/></net>

<net id="895"><net_src comp="887" pin="1"/><net_sink comp="891" pin=0"/></net>

<net id="900"><net_src comp="891" pin="2"/><net_sink comp="896" pin=0"/></net>

<net id="901"><net_src comp="868" pin="2"/><net_sink comp="896" pin=1"/></net>

<net id="906"><net_src comp="896" pin="2"/><net_sink comp="902" pin=0"/></net>

<net id="912"><net_src comp="673" pin="1"/><net_sink comp="907" pin=0"/></net>

<net id="913"><net_src comp="677" pin="1"/><net_sink comp="907" pin=1"/></net>

<net id="914"><net_src comp="775" pin="1"/><net_sink comp="907" pin=2"/></net>

<net id="920"><net_src comp="689" pin="1"/><net_sink comp="915" pin=0"/></net>

<net id="921"><net_src comp="693" pin="1"/><net_sink comp="915" pin=1"/></net>

<net id="922"><net_src comp="801" pin="1"/><net_sink comp="915" pin=2"/></net>

<net id="928"><net_src comp="681" pin="1"/><net_sink comp="923" pin=0"/></net>

<net id="929"><net_src comp="685" pin="1"/><net_sink comp="923" pin=1"/></net>

<net id="930"><net_src comp="811" pin="1"/><net_sink comp="923" pin=2"/></net>

<net id="931"><net_src comp="923" pin="3"/><net_sink comp="851" pin=0"/></net>

<net id="937"><net_src comp="697" pin="1"/><net_sink comp="932" pin=0"/></net>

<net id="938"><net_src comp="701" pin="1"/><net_sink comp="932" pin=1"/></net>

<net id="939"><net_src comp="907" pin="3"/><net_sink comp="932" pin=2"/></net>

<net id="940"><net_src comp="932" pin="3"/><net_sink comp="854" pin=0"/></net>

<net id="946"><net_src comp="713" pin="1"/><net_sink comp="941" pin=0"/></net>

<net id="947"><net_src comp="717" pin="1"/><net_sink comp="941" pin=1"/></net>

<net id="948"><net_src comp="837" pin="1"/><net_sink comp="941" pin=2"/></net>

<net id="954"><net_src comp="705" pin="1"/><net_sink comp="949" pin=0"/></net>

<net id="955"><net_src comp="709" pin="1"/><net_sink comp="949" pin=1"/></net>

<net id="956"><net_src comp="847" pin="1"/><net_sink comp="949" pin=2"/></net>

<net id="962"><net_src comp="721" pin="1"/><net_sink comp="957" pin=0"/></net>

<net id="963"><net_src comp="725" pin="1"/><net_sink comp="957" pin=1"/></net>

<net id="964"><net_src comp="915" pin="3"/><net_sink comp="957" pin=2"/></net>

<net id="965"><net_src comp="957" pin="3"/><net_sink comp="860" pin=0"/></net>

<net id="971"><net_src comp="729" pin="1"/><net_sink comp="966" pin=0"/></net>

<net id="972"><net_src comp="733" pin="1"/><net_sink comp="966" pin=1"/></net>

<net id="973"><net_src comp="851" pin="1"/><net_sink comp="966" pin=2"/></net>

<net id="974"><net_src comp="966" pin="3"/><net_sink comp="863" pin=1"/></net>

<net id="980"><net_src comp="753" pin="1"/><net_sink comp="975" pin=0"/></net>

<net id="981"><net_src comp="757" pin="1"/><net_sink comp="975" pin=1"/></net>

<net id="982"><net_src comp="949" pin="3"/><net_sink comp="975" pin=2"/></net>

<net id="983"><net_src comp="975" pin="3"/><net_sink comp="875" pin=0"/></net>

<net id="989"><net_src comp="737" pin="1"/><net_sink comp="984" pin=0"/></net>

<net id="990"><net_src comp="741" pin="1"/><net_sink comp="984" pin=1"/></net>

<net id="991"><net_src comp="854" pin="1"/><net_sink comp="984" pin=2"/></net>

<net id="992"><net_src comp="984" pin="3"/><net_sink comp="891" pin=1"/></net>

<net id="998"><net_src comp="761" pin="1"/><net_sink comp="993" pin=0"/></net>

<net id="999"><net_src comp="765" pin="1"/><net_sink comp="993" pin=1"/></net>

<net id="1000"><net_src comp="941" pin="3"/><net_sink comp="993" pin=2"/></net>

<net id="1001"><net_src comp="993" pin="3"/><net_sink comp="878" pin=0"/></net>

<net id="1005"><net_src comp="122" pin="1"/><net_sink comp="1002" pin=0"/></net>

<net id="1006"><net_src comp="1002" pin="1"/><net_sink comp="564" pin=1"/></net>

<net id="1007"><net_src comp="1002" pin="1"/><net_sink comp="857" pin=0"/></net>

<net id="1008"><net_src comp="1002" pin="1"/><net_sink comp="902" pin=1"/></net>

<net id="1012"><net_src comp="126" pin="1"/><net_sink comp="1009" pin=0"/></net>

<net id="1013"><net_src comp="1009" pin="1"/><net_sink comp="559" pin=1"/></net>

<net id="1014"><net_src comp="1009" pin="1"/><net_sink comp="569" pin=0"/></net>

<net id="1015"><net_src comp="1009" pin="1"/><net_sink comp="658" pin=1"/></net>

<net id="1019"><net_src comp="572" pin="3"/><net_sink comp="1016" pin=0"/></net>

<net id="1020"><net_src comp="1016" pin="1"/><net_sink comp="663" pin=0"/></net>

<net id="1024"><net_src comp="580" pin="1"/><net_sink comp="1021" pin=0"/></net>

<net id="1025"><net_src comp="1021" pin="1"/><net_sink comp="182" pin=2"/></net>

<net id="1026"><net_src comp="1021" pin="1"/><net_sink comp="208" pin=2"/></net>

<net id="1027"><net_src comp="1021" pin="1"/><net_sink comp="234" pin=2"/></net>

<net id="1028"><net_src comp="1021" pin="1"/><net_sink comp="260" pin=2"/></net>

<net id="1029"><net_src comp="1021" pin="1"/><net_sink comp="286" pin=2"/></net>

<net id="1030"><net_src comp="1021" pin="1"/><net_sink comp="312" pin=2"/></net>

<net id="1031"><net_src comp="1021" pin="1"/><net_sink comp="338" pin=2"/></net>

<net id="1032"><net_src comp="1021" pin="1"/><net_sink comp="364" pin=2"/></net>

<net id="1033"><net_src comp="1021" pin="1"/><net_sink comp="390" pin=2"/></net>

<net id="1034"><net_src comp="1021" pin="1"/><net_sink comp="416" pin=2"/></net>

<net id="1035"><net_src comp="1021" pin="1"/><net_sink comp="442" pin=2"/></net>

<net id="1036"><net_src comp="1021" pin="1"/><net_sink comp="468" pin=2"/></net>

<net id="1037"><net_src comp="1021" pin="1"/><net_sink comp="494" pin=2"/></net>

<net id="1038"><net_src comp="1021" pin="1"/><net_sink comp="520" pin=2"/></net>

<net id="1039"><net_src comp="1021" pin="1"/><net_sink comp="546" pin=2"/></net>

<net id="1043"><net_src comp="609" pin="2"/><net_sink comp="1040" pin=0"/></net>

<net id="1047"><net_src comp="627" pin="1"/><net_sink comp="1044" pin=0"/></net>

<net id="1048"><net_src comp="1044" pin="1"/><net_sink comp="247" pin=2"/></net>

<net id="1049"><net_src comp="1044" pin="1"/><net_sink comp="273" pin=2"/></net>

<net id="1050"><net_src comp="1044" pin="1"/><net_sink comp="377" pin=2"/></net>

<net id="1051"><net_src comp="1044" pin="1"/><net_sink comp="403" pin=2"/></net>

<net id="1052"><net_src comp="1044" pin="1"/><net_sink comp="429" pin=2"/></net>

<net id="1053"><net_src comp="1044" pin="1"/><net_sink comp="507" pin=2"/></net>

<net id="1054"><net_src comp="1044" pin="1"/><net_sink comp="533" pin=2"/></net>

<net id="1058"><net_src comp="143" pin="3"/><net_sink comp="1055" pin=0"/></net>

<net id="1059"><net_src comp="1055" pin="1"/><net_sink comp="150" pin=0"/></net>

<net id="1063"><net_src comp="156" pin="3"/><net_sink comp="1060" pin=0"/></net>

<net id="1064"><net_src comp="1060" pin="1"/><net_sink comp="163" pin=0"/></net>

<net id="1068"><net_src comp="663" pin="3"/><net_sink comp="1065" pin=0"/></net>

<net id="1069"><net_src comp="1065" pin="1"/><net_sink comp="299" pin=2"/></net>

<net id="1070"><net_src comp="1065" pin="1"/><net_sink comp="325" pin=2"/></net>

<net id="1071"><net_src comp="1065" pin="1"/><net_sink comp="351" pin=2"/></net>

<net id="1072"><net_src comp="1065" pin="1"/><net_sink comp="455" pin=2"/></net>

<net id="1073"><net_src comp="1065" pin="1"/><net_sink comp="481" pin=2"/></net>

<net id="1077"><net_src comp="169" pin="3"/><net_sink comp="1074" pin=0"/></net>

<net id="1078"><net_src comp="1074" pin="1"/><net_sink comp="176" pin=0"/></net>

<net id="1082"><net_src comp="182" pin="3"/><net_sink comp="1079" pin=0"/></net>

<net id="1083"><net_src comp="1079" pin="1"/><net_sink comp="189" pin=0"/></net>

<net id="1087"><net_src comp="195" pin="3"/><net_sink comp="1084" pin=0"/></net>

<net id="1088"><net_src comp="1084" pin="1"/><net_sink comp="202" pin=0"/></net>

<net id="1092"><net_src comp="208" pin="3"/><net_sink comp="1089" pin=0"/></net>

<net id="1093"><net_src comp="1089" pin="1"/><net_sink comp="215" pin=0"/></net>

<net id="1097"><net_src comp="221" pin="3"/><net_sink comp="1094" pin=0"/></net>

<net id="1098"><net_src comp="1094" pin="1"/><net_sink comp="228" pin=0"/></net>

<net id="1102"><net_src comp="234" pin="3"/><net_sink comp="1099" pin=0"/></net>

<net id="1103"><net_src comp="1099" pin="1"/><net_sink comp="241" pin=0"/></net>

<net id="1107"><net_src comp="673" pin="1"/><net_sink comp="1104" pin=0"/></net>

<net id="1108"><net_src comp="1104" pin="1"/><net_sink comp="907" pin=0"/></net>

<net id="1112"><net_src comp="677" pin="1"/><net_sink comp="1109" pin=0"/></net>

<net id="1113"><net_src comp="1109" pin="1"/><net_sink comp="907" pin=1"/></net>

<net id="1117"><net_src comp="247" pin="3"/><net_sink comp="1114" pin=0"/></net>

<net id="1118"><net_src comp="1114" pin="1"/><net_sink comp="254" pin=0"/></net>

<net id="1122"><net_src comp="260" pin="3"/><net_sink comp="1119" pin=0"/></net>

<net id="1123"><net_src comp="1119" pin="1"/><net_sink comp="267" pin=0"/></net>

<net id="1127"><net_src comp="273" pin="3"/><net_sink comp="1124" pin=0"/></net>

<net id="1128"><net_src comp="1124" pin="1"/><net_sink comp="280" pin=0"/></net>

<net id="1132"><net_src comp="286" pin="3"/><net_sink comp="1129" pin=0"/></net>

<net id="1133"><net_src comp="1129" pin="1"/><net_sink comp="293" pin=0"/></net>

<net id="1137"><net_src comp="681" pin="1"/><net_sink comp="1134" pin=0"/></net>

<net id="1138"><net_src comp="1134" pin="1"/><net_sink comp="923" pin=0"/></net>

<net id="1142"><net_src comp="685" pin="1"/><net_sink comp="1139" pin=0"/></net>

<net id="1143"><net_src comp="1139" pin="1"/><net_sink comp="923" pin=1"/></net>

<net id="1147"><net_src comp="689" pin="1"/><net_sink comp="1144" pin=0"/></net>

<net id="1148"><net_src comp="1144" pin="1"/><net_sink comp="915" pin=0"/></net>

<net id="1152"><net_src comp="693" pin="1"/><net_sink comp="1149" pin=0"/></net>

<net id="1153"><net_src comp="1149" pin="1"/><net_sink comp="915" pin=1"/></net>

<net id="1157"><net_src comp="299" pin="3"/><net_sink comp="1154" pin=0"/></net>

<net id="1158"><net_src comp="1154" pin="1"/><net_sink comp="306" pin=0"/></net>

<net id="1162"><net_src comp="312" pin="3"/><net_sink comp="1159" pin=0"/></net>

<net id="1163"><net_src comp="1159" pin="1"/><net_sink comp="319" pin=0"/></net>

<net id="1167"><net_src comp="325" pin="3"/><net_sink comp="1164" pin=0"/></net>

<net id="1168"><net_src comp="1164" pin="1"/><net_sink comp="332" pin=0"/></net>

<net id="1172"><net_src comp="338" pin="3"/><net_sink comp="1169" pin=0"/></net>

<net id="1173"><net_src comp="1169" pin="1"/><net_sink comp="345" pin=0"/></net>

<net id="1177"><net_src comp="351" pin="3"/><net_sink comp="1174" pin=0"/></net>

<net id="1178"><net_src comp="1174" pin="1"/><net_sink comp="358" pin=0"/></net>

<net id="1182"><net_src comp="364" pin="3"/><net_sink comp="1179" pin=0"/></net>

<net id="1183"><net_src comp="1179" pin="1"/><net_sink comp="371" pin=0"/></net>

<net id="1187"><net_src comp="697" pin="1"/><net_sink comp="1184" pin=0"/></net>

<net id="1188"><net_src comp="1184" pin="1"/><net_sink comp="932" pin=0"/></net>

<net id="1192"><net_src comp="701" pin="1"/><net_sink comp="1189" pin=0"/></net>

<net id="1193"><net_src comp="1189" pin="1"/><net_sink comp="932" pin=1"/></net>

<net id="1197"><net_src comp="377" pin="3"/><net_sink comp="1194" pin=0"/></net>

<net id="1198"><net_src comp="1194" pin="1"/><net_sink comp="384" pin=0"/></net>

<net id="1202"><net_src comp="390" pin="3"/><net_sink comp="1199" pin=0"/></net>

<net id="1203"><net_src comp="1199" pin="1"/><net_sink comp="397" pin=0"/></net>

<net id="1207"><net_src comp="403" pin="3"/><net_sink comp="1204" pin=0"/></net>

<net id="1208"><net_src comp="1204" pin="1"/><net_sink comp="410" pin=0"/></net>

<net id="1212"><net_src comp="416" pin="3"/><net_sink comp="1209" pin=0"/></net>

<net id="1213"><net_src comp="1209" pin="1"/><net_sink comp="423" pin=0"/></net>

<net id="1217"><net_src comp="705" pin="1"/><net_sink comp="1214" pin=0"/></net>

<net id="1218"><net_src comp="1214" pin="1"/><net_sink comp="949" pin=0"/></net>

<net id="1222"><net_src comp="709" pin="1"/><net_sink comp="1219" pin=0"/></net>

<net id="1223"><net_src comp="1219" pin="1"/><net_sink comp="949" pin=1"/></net>

<net id="1227"><net_src comp="429" pin="3"/><net_sink comp="1224" pin=0"/></net>

<net id="1228"><net_src comp="1224" pin="1"/><net_sink comp="436" pin=0"/></net>

<net id="1232"><net_src comp="442" pin="3"/><net_sink comp="1229" pin=0"/></net>

<net id="1233"><net_src comp="1229" pin="1"/><net_sink comp="449" pin=0"/></net>

<net id="1237"><net_src comp="713" pin="1"/><net_sink comp="1234" pin=0"/></net>

<net id="1238"><net_src comp="1234" pin="1"/><net_sink comp="941" pin=0"/></net>

<net id="1242"><net_src comp="717" pin="1"/><net_sink comp="1239" pin=0"/></net>

<net id="1243"><net_src comp="1239" pin="1"/><net_sink comp="941" pin=1"/></net>

<net id="1247"><net_src comp="455" pin="3"/><net_sink comp="1244" pin=0"/></net>

<net id="1248"><net_src comp="1244" pin="1"/><net_sink comp="462" pin=0"/></net>

<net id="1252"><net_src comp="468" pin="3"/><net_sink comp="1249" pin=0"/></net>

<net id="1253"><net_src comp="1249" pin="1"/><net_sink comp="475" pin=0"/></net>

<net id="1257"><net_src comp="721" pin="1"/><net_sink comp="1254" pin=0"/></net>

<net id="1258"><net_src comp="1254" pin="1"/><net_sink comp="957" pin=0"/></net>

<net id="1262"><net_src comp="725" pin="1"/><net_sink comp="1259" pin=0"/></net>

<net id="1263"><net_src comp="1259" pin="1"/><net_sink comp="957" pin=1"/></net>

<net id="1267"><net_src comp="481" pin="3"/><net_sink comp="1264" pin=0"/></net>

<net id="1268"><net_src comp="1264" pin="1"/><net_sink comp="488" pin=0"/></net>

<net id="1272"><net_src comp="494" pin="3"/><net_sink comp="1269" pin=0"/></net>

<net id="1273"><net_src comp="1269" pin="1"/><net_sink comp="501" pin=0"/></net>

<net id="1277"><net_src comp="729" pin="1"/><net_sink comp="1274" pin=0"/></net>

<net id="1278"><net_src comp="1274" pin="1"/><net_sink comp="966" pin=0"/></net>

<net id="1282"><net_src comp="733" pin="1"/><net_sink comp="1279" pin=0"/></net>

<net id="1283"><net_src comp="1279" pin="1"/><net_sink comp="966" pin=1"/></net>

<net id="1287"><net_src comp="737" pin="1"/><net_sink comp="1284" pin=0"/></net>

<net id="1288"><net_src comp="1284" pin="1"/><net_sink comp="984" pin=0"/></net>

<net id="1292"><net_src comp="741" pin="1"/><net_sink comp="1289" pin=0"/></net>

<net id="1293"><net_src comp="1289" pin="1"/><net_sink comp="984" pin=1"/></net>

<net id="1297"><net_src comp="753" pin="1"/><net_sink comp="1294" pin=0"/></net>

<net id="1298"><net_src comp="1294" pin="1"/><net_sink comp="975" pin=0"/></net>

<net id="1302"><net_src comp="757" pin="1"/><net_sink comp="1299" pin=0"/></net>

<net id="1303"><net_src comp="1299" pin="1"/><net_sink comp="975" pin=1"/></net>

<net id="1307"><net_src comp="507" pin="3"/><net_sink comp="1304" pin=0"/></net>

<net id="1308"><net_src comp="1304" pin="1"/><net_sink comp="514" pin=0"/></net>

<net id="1312"><net_src comp="520" pin="3"/><net_sink comp="1309" pin=0"/></net>

<net id="1313"><net_src comp="1309" pin="1"/><net_sink comp="527" pin=0"/></net>

<net id="1317"><net_src comp="761" pin="1"/><net_sink comp="1314" pin=0"/></net>

<net id="1318"><net_src comp="1314" pin="1"/><net_sink comp="993" pin=0"/></net>

<net id="1322"><net_src comp="765" pin="1"/><net_sink comp="1319" pin=0"/></net>

<net id="1323"><net_src comp="1319" pin="1"/><net_sink comp="993" pin=1"/></net>

<net id="1327"><net_src comp="533" pin="3"/><net_sink comp="1324" pin=0"/></net>

<net id="1328"><net_src comp="1324" pin="1"/><net_sink comp="540" pin=0"/></net>

<net id="1332"><net_src comp="546" pin="3"/><net_sink comp="1329" pin=0"/></net>

<net id="1333"><net_src comp="1329" pin="1"/><net_sink comp="553" pin=0"/></net>

<net id="1337"><net_src comp="775" pin="1"/><net_sink comp="1334" pin=0"/></net>

<net id="1338"><net_src comp="1334" pin="1"/><net_sink comp="907" pin=0"/></net>

<net id="1342"><net_src comp="801" pin="1"/><net_sink comp="1339" pin=0"/></net>

<net id="1343"><net_src comp="1339" pin="1"/><net_sink comp="915" pin=0"/></net>

<net id="1347"><net_src comp="811" pin="1"/><net_sink comp="1344" pin=0"/></net>

<net id="1348"><net_src comp="1344" pin="1"/><net_sink comp="923" pin=0"/></net>

<net id="1352"><net_src comp="837" pin="1"/><net_sink comp="1349" pin=0"/></net>

<net id="1353"><net_src comp="1349" pin="1"/><net_sink comp="941" pin=0"/></net>

<net id="1357"><net_src comp="847" pin="1"/><net_sink comp="1354" pin=0"/></net>

<net id="1358"><net_src comp="1354" pin="1"/><net_sink comp="949" pin=0"/></net>

<net id="1362"><net_src comp="907" pin="3"/><net_sink comp="1359" pin=0"/></net>

<net id="1363"><net_src comp="1359" pin="1"/><net_sink comp="932" pin=0"/></net>

<net id="1367"><net_src comp="915" pin="3"/><net_sink comp="1364" pin=0"/></net>

<net id="1368"><net_src comp="1364" pin="1"/><net_sink comp="957" pin=0"/></net>

<net id="1372"><net_src comp="851" pin="1"/><net_sink comp="1369" pin=0"/></net>

<net id="1373"><net_src comp="1369" pin="1"/><net_sink comp="966" pin=0"/></net>

<net id="1377"><net_src comp="854" pin="1"/><net_sink comp="1374" pin=0"/></net>

<net id="1378"><net_src comp="1374" pin="1"/><net_sink comp="984" pin=0"/></net>

<net id="1382"><net_src comp="949" pin="3"/><net_sink comp="1379" pin=0"/></net>

<net id="1383"><net_src comp="1379" pin="1"/><net_sink comp="975" pin=0"/></net>

<net id="1387"><net_src comp="941" pin="3"/><net_sink comp="1384" pin=0"/></net>

<net id="1388"><net_src comp="1384" pin="1"/><net_sink comp="993" pin=0"/></net>

</net_list>

</model> 
---------------- Datapath Model END ------------------

* FSMD analyzer results:
  - Output states:
	Port: acc_18_out | {7 }
 - Input state : 
	Port: compute_controller_Pipeline_VITIS_LOOP_42_24 : acc_14 | {1 }
	Port: compute_controller_Pipeline_VITIS_LOOP_42_24 : compute_controller_ControlMemSpace_bool_unsigned_int_bool_bool_bool_bool_81 | {4 5 }
	Port: compute_controller_Pipeline_VITIS_LOOP_42_24 : compute_controller_ControlMemSpace_bool_unsigned_int_bool_bool_bool_bool_59 | {4 5 }
	Port: compute_controller_Pipeline_VITIS_LOOP_42_24 : compute_controller_ControlMemSpace_bool_unsigned_int_bool_bool_bool_bool_80 | {2 3 }
	Port: compute_controller_Pipeline_VITIS_LOOP_42_24 : compute_controller_ControlMemSpace_bool_unsigned_int_bool_bool_bool_bool_57 | {2 3 }
	Port: compute_controller_Pipeline_VITIS_LOOP_42_24 : p_ZZ18compute_controller15ControlMemSpacebjRbS0_bS0_S0_RjPKhPhR12ComputeStateS1_R_29 | {2 3 }
	Port: compute_controller_Pipeline_VITIS_LOOP_42_24 : compute_controller_ControlMemSpace_bool_unsigned_int_bool_bool_bool_bool_56 | {2 3 }
	Port: compute_controller_Pipeline_VITIS_LOOP_42_24 : p_ZZ18compute_controller15ControlMemSpacebjRbS0_bS0_S0_RjPKhPhR12ComputeStateS1_R_28 | {3 4 }
	Port: compute_controller_Pipeline_VITIS_LOOP_42_24 : compute_controller_ControlMemSpace_bool_unsigned_int_bool_bool_bool_bool_55 | {3 4 }
	Port: compute_controller_Pipeline_VITIS_LOOP_42_24 : p_ZZ18compute_controller15ControlMemSpacebjRbS0_bS0_S0_RjPKhPhR12ComputeStateS1_R_27 | {4 5 }
	Port: compute_controller_Pipeline_VITIS_LOOP_42_24 : compute_controller_ControlMemSpace_bool_unsigned_int_bool_bool_bool_bool_54 | {4 5 }
	Port: compute_controller_Pipeline_VITIS_LOOP_42_24 : p_ZZ18compute_controller15ControlMemSpacebjRbS0_bS0_S0_RjPKhPhR12ComputeStateS1_R_26 | {3 4 }
	Port: compute_controller_Pipeline_VITIS_LOOP_42_24 : compute_controller_ControlMemSpace_bool_unsigned_int_bool_bool_bool_bool_53 | {3 4 }
	Port: compute_controller_Pipeline_VITIS_LOOP_42_24 : p_ZZ18compute_controller15ControlMemSpacebjRbS0_bS0_S0_RjPKhPhR12ComputeStateS1_R_25 | {3 4 }
	Port: compute_controller_Pipeline_VITIS_LOOP_42_24 : compute_controller_ControlMemSpace_bool_unsigned_int_bool_bool_bool_bool_52 | {3 4 }
	Port: compute_controller_Pipeline_VITIS_LOOP_42_24 : p_ZZ18compute_controller15ControlMemSpacebjRbS0_bS0_S0_RjPKhPhR12ComputeStateS1_R_24 | {2 3 }
	Port: compute_controller_Pipeline_VITIS_LOOP_42_24 : compute_controller_ControlMemSpace_bool_unsigned_int_bool_bool_bool_bool_51 | {2 3 }
	Port: compute_controller_Pipeline_VITIS_LOOP_42_24 : compute_controller_ControlMemSpace_bool_unsigned_int_bool_bool_bool_bool_89 | {3 4 }
	Port: compute_controller_Pipeline_VITIS_LOOP_42_24 : compute_controller_ControlMemSpace_bool_unsigned_int_bool_bool_bool_bool_50 | {3 4 }
	Port: compute_controller_Pipeline_VITIS_LOOP_42_24 : compute_controller_ControlMemSpace_bool_unsigned_int_bool_bool_bool_bool_88 | {1 2 }
	Port: compute_controller_Pipeline_VITIS_LOOP_42_24 : compute_controller_ControlMemSpace_bool_unsigned_int_bool_bool_bool_bool_58 | {1 2 }
	Port: compute_controller_Pipeline_VITIS_LOOP_42_24 : compute_controller_ControlMemSpace_bool_unsigned_int_bool_bool_bool_bool_87 | {3 4 }
	Port: compute_controller_Pipeline_VITIS_LOOP_42_24 : p_ZZ18compute_controller15ControlMemSpacebjRbS0_bS0_S0_RjPKhPhR12ComputeStateS1_R_23 | {3 4 }
	Port: compute_controller_Pipeline_VITIS_LOOP_42_24 : compute_controller_ControlMemSpace_bool_unsigned_int_bool_bool_bool_bool_86 | {4 5 }
	Port: compute_controller_Pipeline_VITIS_LOOP_42_24 : p_ZZ18compute_controller15ControlMemSpacebjRbS0_bS0_S0_RjPKhPhR12ComputeStateS1_R_22 | {4 5 }
	Port: compute_controller_Pipeline_VITIS_LOOP_42_24 : compute_controller_ControlMemSpace_bool_unsigned_int_bool_bool_bool_bool_85 | {2 3 }
	Port: compute_controller_Pipeline_VITIS_LOOP_42_24 : p_ZZ18compute_controller15ControlMemSpacebjRbS0_bS0_S0_RjPKhPhR12ComputeStateS1_R_21 | {2 3 }
	Port: compute_controller_Pipeline_VITIS_LOOP_42_24 : compute_controller_ControlMemSpace_bool_unsigned_int_bool_bool_bool_bool_84 | {3 4 }
	Port: compute_controller_Pipeline_VITIS_LOOP_42_24 : p_ZZ18compute_controller15ControlMemSpacebjRbS0_bS0_S0_RjPKhPhR12ComputeStateS1_R_20 | {3 4 }
	Port: compute_controller_Pipeline_VITIS_LOOP_42_24 : compute_controller_ControlMemSpace_bool_unsigned_int_bool_bool_bool_bool_83 | {4 5 }
	Port: compute_controller_Pipeline_VITIS_LOOP_42_24 : p_ZZ18compute_controller15ControlMemSpacebjRbS0_bS0_S0_RjPKhPhR12ComputeStateS1_R_19 | {4 5 }
	Port: compute_controller_Pipeline_VITIS_LOOP_42_24 : compute_controller_ControlMemSpace_bool_unsigned_int_bool_bool_bool_bool_82 | {2 3 }
	Port: compute_controller_Pipeline_VITIS_LOOP_42_24 : p_ZZ18compute_controller15ControlMemSpacebjRbS0_bS0_S0_RjPKhPhR12ComputeStateS1_R_18 | {2 3 }
  - Chain level:
	State 1
		store_ln42 : 1
		i_13 : 1
		tmp : 2
		zext_ln41 : 3
		tmp_s : 2
		trunc_ln42 : 2
		or_ln42_8 : 3
		icmp_ln42 : 4
		br_ln42 : 5
		or_ln44_3 : 3
		sext_ln44_7 : 4
		zext_ln44 : 5
		compute_controller_ControlMemSpace_bool_unsigned_int_bool_bool_bool_bool_308 : 6
		w_9 : 7
		compute_controller_ControlMemSpace_bool_unsigned_int_bool_bool_bool_bool_309 : 4
		compute_controller_ControlMemSpace_bool_unsigned_int_bool_bool_bool_bool_310 : 5
		bit_sel : 2
		xor_ln42 : 3
		trunc_ln42_4 : 2
		xor_ln42_4 : 3
		store_ln42 : 4
	State 2
		compute_controller_ControlMemSpace_bool_unsigned_int_bool_bool_bool_bool_290 : 1
		w_1 : 2
		compute_controller_ControlMemSpace_bool_unsigned_int_bool_bool_bool_bool_292 : 1
		p_ZZ18compute_controller15ControlMemSpacebjRbS0_bS0_S0_RjPKhPhR12ComputeStateS1_R_126 : 1
		w_2 : 2
		compute_controller_ControlMemSpace_bool_unsigned_int_bool_bool_bool_bool_294 : 1
		p_ZZ18compute_controller15ControlMemSpacebjRbS0_bS0_S0_RjPKhPhR12ComputeStateS1_R_131 : 1
		w_7 : 2
		compute_controller_ControlMemSpace_bool_unsigned_int_bool_bool_bool_bool_304 : 1
		sext_ln45_18 : 1
		sext_ln44_9 : 1
		w_12 : 1
		p_ZZ18compute_controller15ControlMemSpacebjRbS0_bS0_S0_RjPKhPhR12ComputeStateS1_R_137 : 1
		w_15 : 1
		p_ZZ18compute_controller15ControlMemSpacebjRbS0_bS0_S0_RjPKhPhR12ComputeStateS1_R_143 : 1
		mul_ln45_7 : 2
	State 3
		sext_ln45_1 : 1
		sext_ln44_1 : 1
		sext_ln45_2 : 1
		sext_ln44_2 : 1
		w_3 : 1
		compute_controller_ControlMemSpace_bool_unsigned_int_bool_bool_bool_bool_296 : 1
		w_5 : 1
		compute_controller_ControlMemSpace_bool_unsigned_int_bool_bool_bool_bool_300 : 1
		mul_ln45_2 : 2
		mul_ln45_3 : 2
		w_6 : 1
		compute_controller_ControlMemSpace_bool_unsigned_int_bool_bool_bool_bool_302 : 1
		sext_ln45_16 : 1
		sext_ln44_6 : 1
		w_8 : 1
		compute_controller_ControlMemSpace_bool_unsigned_int_bool_bool_bool_bool_307 : 1
		w_10 : 1
		p_ZZ18compute_controller15ControlMemSpacebjRbS0_bS0_S0_RjPKhPhR12ComputeStateS1_R_133 : 1
		sext_ln45_21 : 1
		sext_ln44_12 : 1
		w_13 : 1
		p_ZZ18compute_controller15ControlMemSpacebjRbS0_bS0_S0_RjPKhPhR12ComputeStateS1_R_139 : 1
		sext_ln45_24 : 1
		sext_ln45_25 : 1
		mul_ln45_9 : 2
		mul_ln45_11 : 2
		mul_ln45_14 : 2
	State 4
		w : 1
		compute_controller_ControlMemSpace_bool_unsigned_int_bool_bool_bool_bool_289 : 1
		sext_ln45_3 : 1
		sext_ln44_3 : 1
		w_4 : 1
		compute_controller_ControlMemSpace_bool_unsigned_int_bool_bool_bool_bool_298 : 1
		sext_ln45_5 : 1
		sext_ln45_6 : 1
		mul_ln45_1 : 2
		mul_ln45_5 : 2
		sext_ln45_15 : 1
		sext_ln44_5 : 1
		sext_ln45_17 : 1
		sext_ln44_8 : 1
		sext_ln45_19 : 1
		sext_ln44_10 : 1
		w_11 : 1
		p_ZZ18compute_controller15ControlMemSpacebjRbS0_bS0_S0_RjPKhPhR12ComputeStateS1_R_135 : 1
		sext_ln45_22 : 1
		sext_ln44_13 : 1
		w_14 : 1
		p_ZZ18compute_controller15ControlMemSpacebjRbS0_bS0_S0_RjPKhPhR12ComputeStateS1_R_141 : 1
		mul_ln45_6 : 2
		sext_ln45_27 : 1
		mul_ln45_8 : 2
		sext_ln45_28 : 3
		mul_ln45_10 : 2
		mul_ln45_13 : 2
		add_ln45_6 : 4
	State 5
		sext_ln45 : 1
		sext_ln44 : 1
		sext_ln45_4 : 1
		sext_ln44_4 : 1
		mul_ln45 : 2
		sext_ln45_7 : 3
		sext_ln45_9 : 1
		sext_ln45_10 : 1
		mul_ln45_4 : 2
		sext_ln45_11 : 3
		add_ln45 : 4
		add_ln45_2 : 4
		sext_ln45_20 : 1
		sext_ln44_11 : 1
		sext_ln45_23 : 1
		sext_ln44_14 : 1
		sext_ln45_29 : 1
		sext_ln45_31 : 1
		mul_ln45_12 : 2
		sext_ln45_32 : 3
		sext_ln45_34 : 1
		mul_ln45_15 : 2
		sext_ln45_35 : 3
		add_ln45_7 : 2
		add_ln45_9 : 4
		add_ln45_11 : 4
	State 6
		sext_ln45_8 : 1
		sext_ln45_12 : 1
		add_ln45_1 : 2
		sext_ln45_14 : 1
		add_ln45_3 : 2
		sext_ln45_26 : 1
		sext_ln45_30 : 1
		sext_ln45_33 : 1
		sext_ln45_36 : 1
		add_ln45_8 : 2
		add_ln45_10 : 2
		add_ln45_12 : 2
	State 7
		sext_ln45_13 : 1
		add_ln45_4 : 2
		acc_2 : 3
		sext_ln45_37 : 1
		sext_ln45_38 : 1
		add_ln45_13 : 2
		sext_ln45_39 : 3
		add_ln45_14 : 4
		acc_3 : 5
		store_ln41 : 6
		write_ln45 : 4


============================================================
+ Verbose Summary: Datapath Resource usage 
============================================================

* Functional unit list:
|----------|-------------------------|---------|---------|---------|
| Operation|     Functional Unit     |   DSP   |    FF   |   LUT   |
|----------|-------------------------|---------|---------|---------|
|          |    add_ln45_4_fu_863    |    0    |    0    |    22   |
|          |       acc_2_fu_868      |    0    |    0    |    32   |
|    add   |    add_ln45_13_fu_881   |    0    |    0    |    28   |
|          |    add_ln45_14_fu_891   |    0    |    0    |    22   |
|          |       acc_3_fu_896      |    0    |    0    |    32   |
|----------|-------------------------|---------|---------|---------|
|          |    mul_ln45_8_fu_769    |    0    |    0    |    5    |
|          |     mul_ln45_fu_795     |    0    |    0    |    5    |
|    mul   |    mul_ln45_4_fu_805    |    0    |    0    |    5    |
|          |    mul_ln45_12_fu_831   |    0    |    0    |    5    |
|          |    mul_ln45_15_fu_841   |    0    |    0    |    5    |
|----------|-------------------------|---------|---------|---------|
|   icmp   |     icmp_ln42_fu_609    |    0    |    0    |    12   |
|----------|-------------------------|---------|---------|---------|
|          |        grp_fu_907       |    1    |    0    |    0    |
|          |        grp_fu_915       |    1    |    0    |    0    |
|          |        grp_fu_923       |    1    |    0    |    0    |
|          |        grp_fu_932       |    1    |    0    |    0    |
|          |        grp_fu_941       |    1    |    0    |    0    |
|  muladd  |        grp_fu_949       |    1    |    0    |    0    |
|          |        grp_fu_957       |    1    |    0    |    0    |
|          |        grp_fu_966       |    1    |    0    |    0    |
|          |        grp_fu_975       |    1    |    0    |    0    |
|          |        grp_fu_984       |    1    |    0    |    0    |
|          |        grp_fu_993       |    1    |    0    |    0    |
|----------|-------------------------|---------|---------|---------|
|  select  |    select_ln44_fu_663   |    0    |    0    |    4    |
|----------|-------------------------|---------|---------|---------|
|    xor   |     xor_ln42_fu_640     |    0    |    0    |    2    |
|----------|-------------------------|---------|---------|---------|
|   read   | acc_14_read_read_fu_130 |    0    |    0    |    0    |
|----------|-------------------------|---------|---------|---------|
|   write  | write_ln45_write_fu_136 |    0    |    0    |    0    |
|----------|-------------------------|---------|---------|---------|
| bitselect|        tmp_fu_572       |    0    |    0    |    0    |
|          |      bit_sel_fu_632     |    0    |    0    |    0    |
|----------|-------------------------|---------|---------|---------|
|   zext   |     zext_ln41_fu_580    |    0    |    0    |    0    |
|          |     zext_ln44_fu_627    |    0    |    0    |    0    |
|----------|-------------------------|---------|---------|---------|
|partselect|       tmp_s_fu_585      |    0    |    0    |    0    |
|----------|-------------------------|---------|---------|---------|
|   trunc  |    trunc_ln42_fu_595    |    0    |    0    |    0    |
|          |   trunc_ln42_4_fu_646   |    0    |    0    |    0    |
|----------|-------------------------|---------|---------|---------|
|          |     or_ln42_8_fu_599    |    0    |    0    |    0    |
|bitconcatenate|     or_ln44_3_fu_615    |    0    |    0    |    0    |
|          |    xor_ln42_4_fu_650    |    0    |    0    |    0    |
|----------|-------------------------|---------|---------|---------|
|          |    sext_ln44_7_fu_623   |    0    |    0    |    0    |
|          |   sext_ln45_18_fu_673   |    0    |    0    |    0    |
|          |    sext_ln44_9_fu_677   |    0    |    0    |    0    |
|          |    sext_ln45_1_fu_681   |    0    |    0    |    0    |
|          |    sext_ln44_1_fu_685   |    0    |    0    |    0    |
|          |    sext_ln45_2_fu_689   |    0    |    0    |    0    |
|          |    sext_ln44_2_fu_693   |    0    |    0    |    0    |
|          |   sext_ln45_16_fu_697   |    0    |    0    |    0    |
|          |    sext_ln44_6_fu_701   |    0    |    0    |    0    |
|          |   sext_ln45_21_fu_705   |    0    |    0    |    0    |
|          |   sext_ln44_12_fu_709   |    0    |    0    |    0    |
|          |   sext_ln45_24_fu_713   |    0    |    0    |    0    |
|          |   sext_ln45_25_fu_717   |    0    |    0    |    0    |
|          |    sext_ln45_3_fu_721   |    0    |    0    |    0    |
|          |    sext_ln44_3_fu_725   |    0    |    0    |    0    |
|          |    sext_ln45_5_fu_729   |    0    |    0    |    0    |
|          |    sext_ln45_6_fu_733   |    0    |    0    |    0    |
|          |   sext_ln45_15_fu_737   |    0    |    0    |    0    |
|          |    sext_ln44_5_fu_741   |    0    |    0    |    0    |
|          |   sext_ln45_17_fu_745   |    0    |    0    |    0    |
|          |    sext_ln44_8_fu_749   |    0    |    0    |    0    |
|   sext   |   sext_ln45_19_fu_753   |    0    |    0    |    0    |
|          |   sext_ln44_10_fu_757   |    0    |    0    |    0    |
|          |   sext_ln45_22_fu_761   |    0    |    0    |    0    |
|          |   sext_ln44_13_fu_765   |    0    |    0    |    0    |
|          |   sext_ln45_28_fu_775   |    0    |    0    |    0    |
|          |     sext_ln45_fu_779    |    0    |    0    |    0    |
|          |     sext_ln44_fu_783    |    0    |    0    |    0    |
|          |    sext_ln45_4_fu_787   |    0    |    0    |    0    |
|          |    sext_ln44_4_fu_791   |    0    |    0    |    0    |
|          |    sext_ln45_7_fu_801   |    0    |    0    |    0    |
|          |   sext_ln45_11_fu_811   |    0    |    0    |    0    |
|          |   sext_ln45_20_fu_815   |    0    |    0    |    0    |
|          |   sext_ln44_11_fu_819   |    0    |    0    |    0    |
|          |   sext_ln45_23_fu_823   |    0    |    0    |    0    |
|          |   sext_ln44_14_fu_827   |    0    |    0    |    0    |
|          |   sext_ln45_32_fu_837   |    0    |    0    |    0    |
|          |   sext_ln45_35_fu_847   |    0    |    0    |    0    |
|          |   sext_ln45_14_fu_851   |    0    |    0    |    0    |
|          |   sext_ln45_36_fu_854   |    0    |    0    |    0    |
|          |   sext_ln45_13_fu_860   |    0    |    0    |    0    |
|          |   sext_ln45_37_fu_875   |    0    |    0    |    0    |
|          |   sext_ln45_38_fu_878   |    0    |    0    |    0    |
|          |   sext_ln45_39_fu_887   |    0    |    0    |    0    |
|----------|-------------------------|---------|---------|---------|
|   Total  |                         |    11   |    0    |   179   |
|----------|-------------------------|---------|---------|---------|

Memories:
N/A

* Register list:
+----------------------------------------------------------------------------------------------+--------+
|                                                                                              |   FF   |
+----------------------------------------------------------------------------------------------+--------+
|                                         acc_reg_1002                                         |   32   |
|                                     add_ln45_11_reg_1384                                     |   21   |
|                                      add_ln45_6_reg_1359                                     |   21   |
|                                      add_ln45_9_reg_1379                                     |   21   |
|                                       add_ln45_reg_1364                                      |   21   |
|     compute_controller_ControlMemSpace_bool_unsigned_int_bool_bool_bool_bool_287_reg_1244    |    3   |
|     compute_controller_ControlMemSpace_bool_unsigned_int_bool_bool_bool_bool_288_reg_1249    |    1   |
|     compute_controller_ControlMemSpace_bool_unsigned_int_bool_bool_bool_bool_290_reg_1074    |    3   |
|     compute_controller_ControlMemSpace_bool_unsigned_int_bool_bool_bool_bool_291_reg_1079    |    1   |
|     compute_controller_ControlMemSpace_bool_unsigned_int_bool_bool_bool_bool_293_reg_1089    |    1   |
|     compute_controller_ControlMemSpace_bool_unsigned_int_bool_bool_bool_bool_295_reg_1159    |    1   |
|     compute_controller_ControlMemSpace_bool_unsigned_int_bool_bool_bool_bool_297_reg_1269    |    1   |
|     compute_controller_ControlMemSpace_bool_unsigned_int_bool_bool_bool_bool_299_reg_1169    |    1   |
|     compute_controller_ControlMemSpace_bool_unsigned_int_bool_bool_bool_bool_301_reg_1179    |    1   |
|     compute_controller_ControlMemSpace_bool_unsigned_int_bool_bool_bool_bool_303_reg_1099    |    1   |
|     compute_controller_ControlMemSpace_bool_unsigned_int_bool_bool_bool_bool_305_reg_1194    |    3   |
|     compute_controller_ControlMemSpace_bool_unsigned_int_bool_bool_bool_bool_306_reg_1199    |    1   |
|     compute_controller_ControlMemSpace_bool_unsigned_int_bool_bool_bool_bool_308_reg_1055    |    3   |
|     compute_controller_ControlMemSpace_bool_unsigned_int_bool_bool_bool_bool_309_reg_1060    |    1   |
|     compute_controller_ControlMemSpace_bool_unsigned_int_bool_bool_bool_bool_311_reg_1204    |    3   |
|     compute_controller_ControlMemSpace_bool_unsigned_int_bool_bool_bool_bool_312_reg_1304    |    3   |
|     compute_controller_ControlMemSpace_bool_unsigned_int_bool_bool_bool_bool_313_reg_1114    |    3   |
|     compute_controller_ControlMemSpace_bool_unsigned_int_bool_bool_bool_bool_314_reg_1224    |    3   |
|     compute_controller_ControlMemSpace_bool_unsigned_int_bool_bool_bool_bool_315_reg_1324    |    3   |
|     compute_controller_ControlMemSpace_bool_unsigned_int_bool_bool_bool_bool_316_reg_1124    |    3   |
|                                          i_reg_1009                                          |    5   |
|                                      icmp_ln42_reg_1040                                      |    1   |
|p_ZZ18compute_controller15ControlMemSpacebjRbS0_bS0_S0_RjPKhPhR12ComputeStateS1_R_126_reg_1084|    3   |
|p_ZZ18compute_controller15ControlMemSpacebjRbS0_bS0_S0_RjPKhPhR12ComputeStateS1_R_127_reg_1154|    3   |
|p_ZZ18compute_controller15ControlMemSpacebjRbS0_bS0_S0_RjPKhPhR12ComputeStateS1_R_128_reg_1264|    3   |
|p_ZZ18compute_controller15ControlMemSpacebjRbS0_bS0_S0_RjPKhPhR12ComputeStateS1_R_129_reg_1164|    3   |
|p_ZZ18compute_controller15ControlMemSpacebjRbS0_bS0_S0_RjPKhPhR12ComputeStateS1_R_130_reg_1174|    3   |
|p_ZZ18compute_controller15ControlMemSpacebjRbS0_bS0_S0_RjPKhPhR12ComputeStateS1_R_131_reg_1094|    3   |
|p_ZZ18compute_controller15ControlMemSpacebjRbS0_bS0_S0_RjPKhPhR12ComputeStateS1_R_132_reg_1209|    1   |
|p_ZZ18compute_controller15ControlMemSpacebjRbS0_bS0_S0_RjPKhPhR12ComputeStateS1_R_134_reg_1309|    1   |
|p_ZZ18compute_controller15ControlMemSpacebjRbS0_bS0_S0_RjPKhPhR12ComputeStateS1_R_136_reg_1119|    1   |
|p_ZZ18compute_controller15ControlMemSpacebjRbS0_bS0_S0_RjPKhPhR12ComputeStateS1_R_138_reg_1229|    1   |
|p_ZZ18compute_controller15ControlMemSpacebjRbS0_bS0_S0_RjPKhPhR12ComputeStateS1_R_140_reg_1329|    1   |
|p_ZZ18compute_controller15ControlMemSpacebjRbS0_bS0_S0_RjPKhPhR12ComputeStateS1_R_142_reg_1129|    1   |
|                                     select_ln44_reg_1065                                     |   64   |
|                                     sext_ln44_10_reg_1299                                    |   20   |
|                                     sext_ln44_12_reg_1219                                    |   20   |
|                                     sext_ln44_13_reg_1319                                    |   20   |
|                                     sext_ln44_1_reg_1139                                     |   20   |
|                                     sext_ln44_2_reg_1149                                     |   20   |
|                                     sext_ln44_3_reg_1259                                     |   20   |
|                                     sext_ln44_5_reg_1289                                     |   20   |
|                                     sext_ln44_6_reg_1189                                     |   20   |
|                                     sext_ln44_9_reg_1109                                     |   20   |
|                                     sext_ln45_11_reg_1344                                    |   21   |
|                                     sext_ln45_14_reg_1369                                    |   32   |
|                                     sext_ln45_15_reg_1284                                    |   20   |
|                                     sext_ln45_16_reg_1184                                    |   20   |
|                                     sext_ln45_18_reg_1104                                    |   20   |
|                                     sext_ln45_19_reg_1294                                    |   20   |
|                                     sext_ln45_1_reg_1134                                     |   20   |
|                                     sext_ln45_21_reg_1214                                    |   20   |
|                                     sext_ln45_22_reg_1314                                    |   20   |
|                                     sext_ln45_24_reg_1234                                    |   20   |
|                                     sext_ln45_25_reg_1239                                    |   20   |
|                                     sext_ln45_28_reg_1334                                    |   21   |
|                                     sext_ln45_2_reg_1144                                     |   20   |
|                                     sext_ln45_32_reg_1349                                    |   21   |
|                                     sext_ln45_35_reg_1354                                    |   21   |
|                                     sext_ln45_36_reg_1374                                    |   32   |
|                                     sext_ln45_3_reg_1254                                     |   20   |
|                                     sext_ln45_5_reg_1274                                     |   20   |
|                                     sext_ln45_6_reg_1279                                     |   20   |
|                                     sext_ln45_7_reg_1339                                     |   21   |
|                                         tmp_reg_1016                                         |    1   |
|                                      zext_ln41_reg_1021                                      |   64   |
|                                      zext_ln44_reg_1044                                      |   64   |
+----------------------------------------------------------------------------------------------+--------+
|                                             Total                                            |   988  |
+----------------------------------------------------------------------------------------------+--------+

* Multiplexer (MUX) list: 
|-------------------|------|------|------|--------||---------||---------||---------|
|        Comp       |  Pin | Size |  BW  | S x BW ||  Delay  ||    FF   ||   LUT   |
|-------------------|------|------|------|--------||---------||---------||---------|
| grp_access_fu_150 |  p0  |   2  |   3  |    6   ||    0    ||    9    |
| grp_access_fu_163 |  p0  |   2  |   1  |    2   ||    0    ||    9    |
| grp_access_fu_176 |  p0  |   2  |   3  |    6   ||    0    ||    9    |
| grp_access_fu_189 |  p0  |   2  |   1  |    2   ||    0    ||    9    |
| grp_access_fu_202 |  p0  |   2  |   3  |    6   ||    0    ||    9    |
| grp_access_fu_215 |  p0  |   2  |   1  |    2   ||    0    ||    9    |
| grp_access_fu_228 |  p0  |   2  |   3  |    6   ||    0    ||    9    |
| grp_access_fu_241 |  p0  |   2  |   1  |    2   ||    0    ||    9    |
| grp_access_fu_254 |  p0  |   2  |   3  |    6   ||    0    ||    9    |
| grp_access_fu_267 |  p0  |   2  |   1  |    2   ||    0    ||    9    |
| grp_access_fu_280 |  p0  |   2  |   3  |    6   ||    0    ||    9    |
| grp_access_fu_293 |  p0  |   2  |   1  |    2   ||    0    ||    9    |
| grp_access_fu_306 |  p0  |   2  |   3  |    6   ||    0    ||    9    |
| grp_access_fu_319 |  p0  |   2  |   1  |    2   ||    0    ||    9    |
| grp_access_fu_332 |  p0  |   2  |   3  |    6   ||    0    ||    9    |
| grp_access_fu_345 |  p0  |   2  |   1  |    2   ||    0    ||    9    |
| grp_access_fu_358 |  p0  |   2  |   3  |    6   ||    0    ||    9    |
| grp_access_fu_371 |  p0  |   2  |   1  |    2   ||    0    ||    9    |
| grp_access_fu_384 |  p0  |   2  |   3  |    6   ||    0    ||    9    |
| grp_access_fu_397 |  p0  |   2  |   1  |    2   ||    0    ||    9    |
| grp_access_fu_410 |  p0  |   2  |   3  |    6   ||    0    ||    9    |
| grp_access_fu_423 |  p0  |   2  |   1  |    2   ||    0    ||    9    |
| grp_access_fu_436 |  p0  |   2  |   3  |    6   ||    0    ||    9    |
| grp_access_fu_449 |  p0  |   2  |   1  |    2   ||    0    ||    9    |
| grp_access_fu_462 |  p0  |   2  |   3  |    6   ||    0    ||    9    |
| grp_access_fu_475 |  p0  |   2  |   1  |    2   ||    0    ||    9    |
| grp_access_fu_488 |  p0  |   2  |   3  |    6   ||    0    ||    9    |
| grp_access_fu_501 |  p0  |   2  |   1  |    2   ||    0    ||    9    |
| grp_access_fu_514 |  p0  |   2  |   3  |    6   ||    0    ||    9    |
| grp_access_fu_527 |  p0  |   2  |   1  |    2   ||    0    ||    9    |
| grp_access_fu_540 |  p0  |   2  |   3  |    6   ||    0    ||    9    |
| grp_access_fu_553 |  p0  |   2  |   1  |    2   ||    0    ||    9    |
|     grp_fu_907    |  p0  |   3  |  16  |   48   ||    0    ||    14   |
|     grp_fu_907    |  p1  |   2  |   4  |    8   ||    0    ||    9    |
|     grp_fu_915    |  p0  |   3  |  16  |   48   ||    0    ||    14   |
|     grp_fu_915    |  p1  |   2  |   4  |    8   ||    0    ||    9    |
|     grp_fu_923    |  p0  |   3  |  16  |   48   ||    0    ||    14   |
|     grp_fu_923    |  p1  |   2  |   4  |    8   ||    0    ||    9    |
|     grp_fu_932    |  p0  |   3  |  16  |   48   ||    0    ||    14   |
|     grp_fu_932    |  p1  |   2  |   4  |    8   ||    0    ||    9    |
|     grp_fu_941    |  p0  |   3  |  16  |   48   ||    0    ||    14   |
|     grp_fu_941    |  p1  |   2  |   4  |    8   ||    0    ||    9    |
|     grp_fu_949    |  p0  |   3  |  16  |   48   ||    0    ||    14   |
|     grp_fu_949    |  p1  |   2  |   4  |    8   ||    0    ||    9    |
|     grp_fu_957    |  p0  |   3  |  16  |   48   ||    0    ||    14   |
|     grp_fu_957    |  p1  |   2  |   4  |    8   ||    0    ||    9    |
|     grp_fu_966    |  p0  |   3  |  16  |   48   ||    0    ||    14   |
|     grp_fu_966    |  p1  |   2  |   4  |    8   ||    0    ||    9    |
|     grp_fu_975    |  p0  |   3  |  16  |   48   ||    0    ||    14   |
|     grp_fu_975    |  p1  |   2  |   4  |    8   ||    0    ||    9    |
|     grp_fu_984    |  p0  |   3  |  16  |   48   ||    0    ||    14   |
|     grp_fu_984    |  p1  |   2  |   4  |    8   ||    0    ||    9    |
|     grp_fu_993    |  p0  |   3  |  16  |   48   ||    0    ||    14   |
|     grp_fu_993    |  p1  |   2  |   4  |    8   ||    0    ||    9    |
|-------------------|------|------|------|--------||---------||---------||---------|
|       Total       |      |      |      |   744  ||  23.597 ||    0    ||   541   |
|-------------------|------|------|------|--------||---------||---------||---------|



* Summary:
+-----------+--------+--------+--------+--------+
|           |   DSP  |  Delay |   FF   |   LUT  |
+-----------+--------+--------+--------+--------+
|  Function |   11   |    -   |    0   |   179  |
|   Memory  |    -   |    -   |    -   |    -   |
|Multiplexer|    -   |   23   |    0   |   541  |
|  Register |    -   |    -   |   988  |    -   |
+-----------+--------+--------+--------+--------+
|   Total   |   11   |   23   |   988  |   720  |
+-----------+--------+--------+--------+--------+
