

================================================================
== Vitis HLS Report for 'drive_group_head_phase'
================================================================
* Date:           Tue Jan 27 20:15:06 2026

* Version:        2025.1 (Build 6135595 on May 21 2025)
* Project:        transformer_top
* Solution:       hls (Vivado IP Flow Target)
* Product family: zynquplus
* Target device:  xck26-sfvc784-2LV-c


================================================================
== Performance Estimates
================================================================
+ Timing: 
    * Summary: 
    +--------+----------+----------+------------+
    |  Clock |  Target  | Estimated| Uncertainty|
    +--------+----------+----------+------------+
    |ap_clk  |  10.00 ns|  6.076 ns|     2.70 ns|
    +--------+----------+----------+------------+

+ Latency: 
    * Summary: 
    +---------+---------+----------+----------+-----+-----+---------+
    |  Latency (cycles) |  Latency (absolute) |  Interval | Pipeline|
    |   min   |   max   |    min   |    max   | min | max |   Type  |
    +---------+---------+----------+----------+-----+-----+---------+
    |        0|        0|      0 ns|      0 ns|    0|    0|       no|
    +---------+---------+----------+----------+-----+-----+---------+

    + Detail: 
        * Instance: 
        N/A

        * Loop: 
        N/A

============================================================
+ Verbose Summary: Synthesis Manager
============================================================
InlineROM: 1
ExposeGlobal: 0
============================================================
+ Verbose Summary: CDFG Model
============================================================
IsTopModel: 0
ResetActiveHigh: 1
IsCombinational: 0
IsDatapathOnly: 0
HasWiredReturn: 1
HasMFsm: 0
HasVarLatency: 0
IsPipeline: 0
IsRtlPipelined: 0
IsInstanceOverlapped: 0
IsDontTouch: 0
HasImplIP: 0
IsGatedGlobalClock: 0


============================================================
+ Verbose Summary: Schedule
============================================================
* Number of FSM states : 1
* Pipeline : 0
* Dataflow Pipeline: 0

* FSM state transitions: 
1 --> 

* FSM state operations: 

State 1 <SV = 0> <Delay = 6.07>
ST_1 : Operation 2 [1/1] (0.00ns)   --->   "%start_read = read i1 @_ssdm_op_Read.ap_auto.i1, i1 %start_r" [/home/luka/Scripting/ELEC_498-Capstone-LiteLM/HLS-Verilog/Scheduler_FSM/src-hls/Head_Helpers/head_helpers.cpp:396]   --->   Operation 2 'read' 'start_read' <Predicate = true> <Delay = 0.00>
ST_1 : Operation 3 [1/1] (0.00ns)   --->   "%layer_idx_read = read i32 @_ssdm_op_Read.ap_auto.i32, i32 %layer_idx" [/home/luka/Scripting/ELEC_498-Capstone-LiteLM/HLS-Verilog/Scheduler_FSM/src-hls/Head_Helpers/head_helpers.cpp:396]   --->   Operation 3 'read' 'layer_idx_read' <Predicate = true> <Delay = 0.00>
ST_1 : Operation 4 [1/1] (0.00ns)   --->   "%p_read_4 = read i1 @_ssdm_op_Read.ap_auto.i1, i1 %p_read89" [/home/luka/Scripting/ELEC_498-Capstone-LiteLM/HLS-Verilog/Scheduler_FSM/src-hls/Head_Helpers/head_helpers.cpp:396]   --->   Operation 4 'read' 'p_read_4' <Predicate = true> <Delay = 0.00>
ST_1 : Operation 5 [1/1] (0.00ns)   --->   "%p_read_5 = read i1 @_ssdm_op_Read.ap_auto.i1, i1 %p_read88" [/home/luka/Scripting/ELEC_498-Capstone-LiteLM/HLS-Verilog/Scheduler_FSM/src-hls/Head_Helpers/head_helpers.cpp:396]   --->   Operation 5 'read' 'p_read_5' <Predicate = true> <Delay = 0.00>
ST_1 : Operation 6 [1/1] (0.00ns)   --->   "%p_read_6 = read i1 @_ssdm_op_Read.ap_auto.i1, i1 %p_read87" [/home/luka/Scripting/ELEC_498-Capstone-LiteLM/HLS-Verilog/Scheduler_FSM/src-hls/Head_Helpers/head_helpers.cpp:396]   --->   Operation 6 'read' 'p_read_6' <Predicate = true> <Delay = 0.00>
ST_1 : Operation 7 [1/1] (0.00ns)   --->   "%p_read_7 = read i1 @_ssdm_op_Read.ap_auto.i1, i1 %p_read86" [/home/luka/Scripting/ELEC_498-Capstone-LiteLM/HLS-Verilog/Scheduler_FSM/src-hls/Head_Helpers/head_helpers.cpp:396]   --->   Operation 7 'read' 'p_read_7' <Predicate = true> <Delay = 0.00>
ST_1 : Operation 8 [1/1] (0.00ns)   --->   "%p_read_8 = read i1 @_ssdm_op_Read.ap_auto.i1, i1 %p_read85" [/home/luka/Scripting/ELEC_498-Capstone-LiteLM/HLS-Verilog/Scheduler_FSM/src-hls/Head_Helpers/head_helpers.cpp:396]   --->   Operation 8 'read' 'p_read_8' <Predicate = true> <Delay = 0.00>
ST_1 : Operation 9 [1/1] (0.00ns)   --->   "%p_read_9 = read i1 @_ssdm_op_Read.ap_auto.i1, i1 %p_read84" [/home/luka/Scripting/ELEC_498-Capstone-LiteLM/HLS-Verilog/Scheduler_FSM/src-hls/Head_Helpers/head_helpers.cpp:396]   --->   Operation 9 'read' 'p_read_9' <Predicate = true> <Delay = 0.00>
ST_1 : Operation 10 [1/1] (0.00ns)   --->   "%p_read_10 = read i1 @_ssdm_op_Read.ap_auto.i1, i1 %p_read83" [/home/luka/Scripting/ELEC_498-Capstone-LiteLM/HLS-Verilog/Scheduler_FSM/src-hls/Head_Helpers/head_helpers.cpp:396]   --->   Operation 10 'read' 'p_read_10' <Predicate = true> <Delay = 0.00>
ST_1 : Operation 11 [1/1] (0.00ns)   --->   "%p_read_11 = read i1 @_ssdm_op_Read.ap_auto.i1, i1 %p_read82" [/home/luka/Scripting/ELEC_498-Capstone-LiteLM/HLS-Verilog/Scheduler_FSM/src-hls/Head_Helpers/head_helpers.cpp:396]   --->   Operation 11 'read' 'p_read_11' <Predicate = true> <Delay = 0.00>
ST_1 : Operation 12 [1/1] (0.00ns)   --->   "%p_read_12 = read i1 @_ssdm_op_Read.ap_auto.i1, i1 %p_read81" [/home/luka/Scripting/ELEC_498-Capstone-LiteLM/HLS-Verilog/Scheduler_FSM/src-hls/Head_Helpers/head_helpers.cpp:396]   --->   Operation 12 'read' 'p_read_12' <Predicate = true> <Delay = 0.00>
ST_1 : Operation 13 [1/1] (0.00ns)   --->   "%p_read_13 = read i1 @_ssdm_op_Read.ap_auto.i1, i1 %p_read80" [/home/luka/Scripting/ELEC_498-Capstone-LiteLM/HLS-Verilog/Scheduler_FSM/src-hls/Head_Helpers/head_helpers.cpp:396]   --->   Operation 13 'read' 'p_read_13' <Predicate = true> <Delay = 0.00>
ST_1 : Operation 14 [1/1] (0.00ns)   --->   "%p_read_14 = read i1 @_ssdm_op_Read.ap_auto.i1, i1 %p_read79" [/home/luka/Scripting/ELEC_498-Capstone-LiteLM/HLS-Verilog/Scheduler_FSM/src-hls/Head_Helpers/head_helpers.cpp:396]   --->   Operation 14 'read' 'p_read_14' <Predicate = true> <Delay = 0.00>
ST_1 : Operation 15 [1/1] (0.00ns)   --->   "%p_read_15 = read i1 @_ssdm_op_Read.ap_auto.i1, i1 %p_read78" [/home/luka/Scripting/ELEC_498-Capstone-LiteLM/HLS-Verilog/Scheduler_FSM/src-hls/Head_Helpers/head_helpers.cpp:396]   --->   Operation 15 'read' 'p_read_15' <Predicate = true> <Delay = 0.00>
ST_1 : Operation 16 [1/1] (0.00ns)   --->   "%p_read_16 = read i1 @_ssdm_op_Read.ap_auto.i1, i1 %p_read77" [/home/luka/Scripting/ELEC_498-Capstone-LiteLM/HLS-Verilog/Scheduler_FSM/src-hls/Head_Helpers/head_helpers.cpp:396]   --->   Operation 16 'read' 'p_read_16' <Predicate = true> <Delay = 0.00>
ST_1 : Operation 17 [1/1] (0.00ns)   --->   "%p_read_17 = read i1 @_ssdm_op_Read.ap_auto.i1, i1 %p_read76" [/home/luka/Scripting/ELEC_498-Capstone-LiteLM/HLS-Verilog/Scheduler_FSM/src-hls/Head_Helpers/head_helpers.cpp:396]   --->   Operation 17 'read' 'p_read_17' <Predicate = true> <Delay = 0.00>
ST_1 : Operation 18 [1/1] (0.00ns)   --->   "%p_read_18 = read i1 @_ssdm_op_Read.ap_auto.i1, i1 %p_read75" [/home/luka/Scripting/ELEC_498-Capstone-LiteLM/HLS-Verilog/Scheduler_FSM/src-hls/Head_Helpers/head_helpers.cpp:396]   --->   Operation 18 'read' 'p_read_18' <Predicate = true> <Delay = 0.00>
ST_1 : Operation 19 [1/1] (0.00ns)   --->   "%p_read_19 = read i1 @_ssdm_op_Read.ap_auto.i1, i1 %p_read74" [/home/luka/Scripting/ELEC_498-Capstone-LiteLM/HLS-Verilog/Scheduler_FSM/src-hls/Head_Helpers/head_helpers.cpp:396]   --->   Operation 19 'read' 'p_read_19' <Predicate = true> <Delay = 0.00>
ST_1 : Operation 20 [1/1] (0.00ns)   --->   "%p_read_20 = read i1 @_ssdm_op_Read.ap_auto.i1, i1 %p_read73" [/home/luka/Scripting/ELEC_498-Capstone-LiteLM/HLS-Verilog/Scheduler_FSM/src-hls/Head_Helpers/head_helpers.cpp:396]   --->   Operation 20 'read' 'p_read_20' <Predicate = true> <Delay = 0.00>
ST_1 : Operation 21 [1/1] (0.00ns)   --->   "%p_read_21 = read i1 @_ssdm_op_Read.ap_auto.i1, i1 %p_read72" [/home/luka/Scripting/ELEC_498-Capstone-LiteLM/HLS-Verilog/Scheduler_FSM/src-hls/Head_Helpers/head_helpers.cpp:396]   --->   Operation 21 'read' 'p_read_21' <Predicate = true> <Delay = 0.00>
ST_1 : Operation 22 [1/1] (0.00ns)   --->   "%p_read_22 = read i1 @_ssdm_op_Read.ap_auto.i1, i1 %p_read71" [/home/luka/Scripting/ELEC_498-Capstone-LiteLM/HLS-Verilog/Scheduler_FSM/src-hls/Head_Helpers/head_helpers.cpp:396]   --->   Operation 22 'read' 'p_read_22' <Predicate = true> <Delay = 0.00>
ST_1 : Operation 23 [1/1] (0.00ns)   --->   "%p_read_23 = read i1 @_ssdm_op_Read.ap_auto.i1, i1 %p_read70" [/home/luka/Scripting/ELEC_498-Capstone-LiteLM/HLS-Verilog/Scheduler_FSM/src-hls/Head_Helpers/head_helpers.cpp:396]   --->   Operation 23 'read' 'p_read_23' <Predicate = true> <Delay = 0.00>
ST_1 : Operation 24 [1/1] (0.00ns)   --->   "%p_read_24 = read i1 @_ssdm_op_Read.ap_auto.i1, i1 %p_read69" [/home/luka/Scripting/ELEC_498-Capstone-LiteLM/HLS-Verilog/Scheduler_FSM/src-hls/Head_Helpers/head_helpers.cpp:396]   --->   Operation 24 'read' 'p_read_24' <Predicate = true> <Delay = 0.00>
ST_1 : Operation 25 [1/1] (0.00ns)   --->   "%p_read_25 = read i1 @_ssdm_op_Read.ap_auto.i1, i1 %p_read68" [/home/luka/Scripting/ELEC_498-Capstone-LiteLM/HLS-Verilog/Scheduler_FSM/src-hls/Head_Helpers/head_helpers.cpp:396]   --->   Operation 25 'read' 'p_read_25' <Predicate = true> <Delay = 0.00>
ST_1 : Operation 26 [1/1] (0.00ns)   --->   "%p_read_26 = read i1 @_ssdm_op_Read.ap_auto.i1, i1 %p_read67" [/home/luka/Scripting/ELEC_498-Capstone-LiteLM/HLS-Verilog/Scheduler_FSM/src-hls/Head_Helpers/head_helpers.cpp:396]   --->   Operation 26 'read' 'p_read_26' <Predicate = true> <Delay = 0.00>
ST_1 : Operation 27 [1/1] (0.00ns)   --->   "%p_read_27 = read i1 @_ssdm_op_Read.ap_auto.i1, i1 %p_read66" [/home/luka/Scripting/ELEC_498-Capstone-LiteLM/HLS-Verilog/Scheduler_FSM/src-hls/Head_Helpers/head_helpers.cpp:396]   --->   Operation 27 'read' 'p_read_27' <Predicate = true> <Delay = 0.00>
ST_1 : Operation 28 [1/1] (0.00ns)   --->   "%p_read_28 = read i1 @_ssdm_op_Read.ap_auto.i1, i1 %p_read65" [/home/luka/Scripting/ELEC_498-Capstone-LiteLM/HLS-Verilog/Scheduler_FSM/src-hls/Head_Helpers/head_helpers.cpp:396]   --->   Operation 28 'read' 'p_read_28' <Predicate = true> <Delay = 0.00>
ST_1 : Operation 29 [1/1] (0.00ns)   --->   "%p_read_29 = read i1 @_ssdm_op_Read.ap_auto.i1, i1 %p_read64" [/home/luka/Scripting/ELEC_498-Capstone-LiteLM/HLS-Verilog/Scheduler_FSM/src-hls/Head_Helpers/head_helpers.cpp:396]   --->   Operation 29 'read' 'p_read_29' <Predicate = true> <Delay = 0.00>
ST_1 : Operation 30 [1/1] (0.00ns)   --->   "%p_read_30 = read i1 @_ssdm_op_Read.ap_auto.i1, i1 %p_read63" [/home/luka/Scripting/ELEC_498-Capstone-LiteLM/HLS-Verilog/Scheduler_FSM/src-hls/Head_Helpers/head_helpers.cpp:396]   --->   Operation 30 'read' 'p_read_30' <Predicate = true> <Delay = 0.00>
ST_1 : Operation 31 [1/1] (0.00ns)   --->   "%p_read_31 = read i1 @_ssdm_op_Read.ap_auto.i1, i1 %p_read62" [/home/luka/Scripting/ELEC_498-Capstone-LiteLM/HLS-Verilog/Scheduler_FSM/src-hls/Head_Helpers/head_helpers.cpp:396]   --->   Operation 31 'read' 'p_read_31' <Predicate = true> <Delay = 0.00>
ST_1 : Operation 32 [1/1] (0.00ns)   --->   "%p_read_32 = read i1 @_ssdm_op_Read.ap_auto.i1, i1 %p_read61" [/home/luka/Scripting/ELEC_498-Capstone-LiteLM/HLS-Verilog/Scheduler_FSM/src-hls/Head_Helpers/head_helpers.cpp:396]   --->   Operation 32 'read' 'p_read_32' <Predicate = true> <Delay = 0.00>
ST_1 : Operation 33 [1/1] (0.00ns)   --->   "%p_read_33 = read i1 @_ssdm_op_Read.ap_auto.i1, i1 %p_read60" [/home/luka/Scripting/ELEC_498-Capstone-LiteLM/HLS-Verilog/Scheduler_FSM/src-hls/Head_Helpers/head_helpers.cpp:396]   --->   Operation 33 'read' 'p_read_33' <Predicate = true> <Delay = 0.00>
ST_1 : Operation 34 [1/1] (0.00ns)   --->   "%p_read_34 = read i1 @_ssdm_op_Read.ap_auto.i1, i1 %p_read59" [/home/luka/Scripting/ELEC_498-Capstone-LiteLM/HLS-Verilog/Scheduler_FSM/src-hls/Head_Helpers/head_helpers.cpp:396]   --->   Operation 34 'read' 'p_read_34' <Predicate = true> <Delay = 0.00>
ST_1 : Operation 35 [1/1] (0.00ns)   --->   "%p_read_35 = read i1 @_ssdm_op_Read.ap_auto.i1, i1 %p_read58" [/home/luka/Scripting/ELEC_498-Capstone-LiteLM/HLS-Verilog/Scheduler_FSM/src-hls/Head_Helpers/head_helpers.cpp:396]   --->   Operation 35 'read' 'p_read_35' <Predicate = true> <Delay = 0.00>
ST_1 : Operation 36 [1/1] (0.00ns)   --->   "%p_read_36 = read i1 @_ssdm_op_Read.ap_auto.i1, i1 %p_read57" [/home/luka/Scripting/ELEC_498-Capstone-LiteLM/HLS-Verilog/Scheduler_FSM/src-hls/Head_Helpers/head_helpers.cpp:396]   --->   Operation 36 'read' 'p_read_36' <Predicate = true> <Delay = 0.00>
ST_1 : Operation 37 [1/1] (0.00ns)   --->   "%p_read_37 = read i1 @_ssdm_op_Read.ap_auto.i1, i1 %p_read56" [/home/luka/Scripting/ELEC_498-Capstone-LiteLM/HLS-Verilog/Scheduler_FSM/src-hls/Head_Helpers/head_helpers.cpp:396]   --->   Operation 37 'read' 'p_read_37' <Predicate = true> <Delay = 0.00>
ST_1 : Operation 38 [1/1] (0.00ns)   --->   "%p_read_38 = read i1 @_ssdm_op_Read.ap_auto.i1, i1 %p_read55" [/home/luka/Scripting/ELEC_498-Capstone-LiteLM/HLS-Verilog/Scheduler_FSM/src-hls/Head_Helpers/head_helpers.cpp:396]   --->   Operation 38 'read' 'p_read_38' <Predicate = true> <Delay = 0.00>
ST_1 : Operation 39 [1/1] (0.00ns)   --->   "%p_read_39 = read i1 @_ssdm_op_Read.ap_auto.i1, i1 %p_read54" [/home/luka/Scripting/ELEC_498-Capstone-LiteLM/HLS-Verilog/Scheduler_FSM/src-hls/Head_Helpers/head_helpers.cpp:396]   --->   Operation 39 'read' 'p_read_39' <Predicate = true> <Delay = 0.00>
ST_1 : Operation 40 [1/1] (0.00ns)   --->   "%p_read_40 = read i1 @_ssdm_op_Read.ap_auto.i1, i1 %p_read53" [/home/luka/Scripting/ELEC_498-Capstone-LiteLM/HLS-Verilog/Scheduler_FSM/src-hls/Head_Helpers/head_helpers.cpp:396]   --->   Operation 40 'read' 'p_read_40' <Predicate = true> <Delay = 0.00>
ST_1 : Operation 41 [1/1] (0.00ns)   --->   "%p_read_41 = read i1 @_ssdm_op_Read.ap_auto.i1, i1 %p_read52" [/home/luka/Scripting/ELEC_498-Capstone-LiteLM/HLS-Verilog/Scheduler_FSM/src-hls/Head_Helpers/head_helpers.cpp:396]   --->   Operation 41 'read' 'p_read_41' <Predicate = true> <Delay = 0.00>
ST_1 : Operation 42 [1/1] (0.00ns)   --->   "%p_read_42 = read i1 @_ssdm_op_Read.ap_auto.i1, i1 %p_read51" [/home/luka/Scripting/ELEC_498-Capstone-LiteLM/HLS-Verilog/Scheduler_FSM/src-hls/Head_Helpers/head_helpers.cpp:396]   --->   Operation 42 'read' 'p_read_42' <Predicate = true> <Delay = 0.00>
ST_1 : Operation 43 [1/1] (0.00ns)   --->   "%p_read_43 = read i1 @_ssdm_op_Read.ap_auto.i1, i1 %p_read50" [/home/luka/Scripting/ELEC_498-Capstone-LiteLM/HLS-Verilog/Scheduler_FSM/src-hls/Head_Helpers/head_helpers.cpp:396]   --->   Operation 43 'read' 'p_read_43' <Predicate = true> <Delay = 0.00>
ST_1 : Operation 44 [1/1] (0.00ns)   --->   "%p_read_44 = read i1 @_ssdm_op_Read.ap_auto.i1, i1 %p_read49" [/home/luka/Scripting/ELEC_498-Capstone-LiteLM/HLS-Verilog/Scheduler_FSM/src-hls/Head_Helpers/head_helpers.cpp:396]   --->   Operation 44 'read' 'p_read_44' <Predicate = true> <Delay = 0.00>
ST_1 : Operation 45 [1/1] (0.00ns)   --->   "%p_read_45 = read i1 @_ssdm_op_Read.ap_auto.i1, i1 %p_read48" [/home/luka/Scripting/ELEC_498-Capstone-LiteLM/HLS-Verilog/Scheduler_FSM/src-hls/Head_Helpers/head_helpers.cpp:396]   --->   Operation 45 'read' 'p_read_45' <Predicate = true> <Delay = 0.00>
ST_1 : Operation 46 [1/1] (0.00ns)   --->   "%p_read_46 = read i1 @_ssdm_op_Read.ap_auto.i1, i1 %p_read47" [/home/luka/Scripting/ELEC_498-Capstone-LiteLM/HLS-Verilog/Scheduler_FSM/src-hls/Head_Helpers/head_helpers.cpp:396]   --->   Operation 46 'read' 'p_read_46' <Predicate = true> <Delay = 0.00>
ST_1 : Operation 47 [1/1] (0.00ns)   --->   "%p_read_47 = read i1 @_ssdm_op_Read.ap_auto.i1, i1 %p_read46" [/home/luka/Scripting/ELEC_498-Capstone-LiteLM/HLS-Verilog/Scheduler_FSM/src-hls/Head_Helpers/head_helpers.cpp:396]   --->   Operation 47 'read' 'p_read_47' <Predicate = true> <Delay = 0.00>
ST_1 : Operation 48 [1/1] (0.00ns)   --->   "%p_read_48 = read i1 @_ssdm_op_Read.ap_auto.i1, i1 %p_read45" [/home/luka/Scripting/ELEC_498-Capstone-LiteLM/HLS-Verilog/Scheduler_FSM/src-hls/Head_Helpers/head_helpers.cpp:396]   --->   Operation 48 'read' 'p_read_48' <Predicate = true> <Delay = 0.00>
ST_1 : Operation 49 [1/1] (0.00ns)   --->   "%p_read_49 = read i1 @_ssdm_op_Read.ap_auto.i1, i1 %p_read44" [/home/luka/Scripting/ELEC_498-Capstone-LiteLM/HLS-Verilog/Scheduler_FSM/src-hls/Head_Helpers/head_helpers.cpp:396]   --->   Operation 49 'read' 'p_read_49' <Predicate = true> <Delay = 0.00>
ST_1 : Operation 50 [1/1] (0.00ns)   --->   "%p_read_50 = read i1 @_ssdm_op_Read.ap_auto.i1, i1 %p_read43" [/home/luka/Scripting/ELEC_498-Capstone-LiteLM/HLS-Verilog/Scheduler_FSM/src-hls/Head_Helpers/head_helpers.cpp:396]   --->   Operation 50 'read' 'p_read_50' <Predicate = true> <Delay = 0.00>
ST_1 : Operation 51 [1/1] (0.00ns)   --->   "%p_read_51 = read i1 @_ssdm_op_Read.ap_auto.i1, i1 %p_read42" [/home/luka/Scripting/ELEC_498-Capstone-LiteLM/HLS-Verilog/Scheduler_FSM/src-hls/Head_Helpers/head_helpers.cpp:396]   --->   Operation 51 'read' 'p_read_51' <Predicate = true> <Delay = 0.00>
ST_1 : Operation 52 [1/1] (0.00ns)   --->   "%p_read_52 = read i1 @_ssdm_op_Read.ap_auto.i1, i1 %p_read41" [/home/luka/Scripting/ELEC_498-Capstone-LiteLM/HLS-Verilog/Scheduler_FSM/src-hls/Head_Helpers/head_helpers.cpp:396]   --->   Operation 52 'read' 'p_read_52' <Predicate = true> <Delay = 0.00>
ST_1 : Operation 53 [1/1] (0.00ns)   --->   "%p_read_53 = read i1 @_ssdm_op_Read.ap_auto.i1, i1 %p_read40" [/home/luka/Scripting/ELEC_498-Capstone-LiteLM/HLS-Verilog/Scheduler_FSM/src-hls/Head_Helpers/head_helpers.cpp:396]   --->   Operation 53 'read' 'p_read_53' <Predicate = true> <Delay = 0.00>
ST_1 : Operation 54 [1/1] (0.00ns)   --->   "%p_read_54 = read i1 @_ssdm_op_Read.ap_auto.i1, i1 %p_read39" [/home/luka/Scripting/ELEC_498-Capstone-LiteLM/HLS-Verilog/Scheduler_FSM/src-hls/Head_Helpers/head_helpers.cpp:396]   --->   Operation 54 'read' 'p_read_54' <Predicate = true> <Delay = 0.00>
ST_1 : Operation 55 [1/1] (0.00ns)   --->   "%p_read_55 = read i1 @_ssdm_op_Read.ap_auto.i1, i1 %p_read38" [/home/luka/Scripting/ELEC_498-Capstone-LiteLM/HLS-Verilog/Scheduler_FSM/src-hls/Head_Helpers/head_helpers.cpp:396]   --->   Operation 55 'read' 'p_read_55' <Predicate = true> <Delay = 0.00>
ST_1 : Operation 56 [1/1] (0.00ns)   --->   "%p_read_56 = read i1 @_ssdm_op_Read.ap_auto.i1, i1 %p_read37" [/home/luka/Scripting/ELEC_498-Capstone-LiteLM/HLS-Verilog/Scheduler_FSM/src-hls/Head_Helpers/head_helpers.cpp:396]   --->   Operation 56 'read' 'p_read_56' <Predicate = true> <Delay = 0.00>
ST_1 : Operation 57 [1/1] (0.00ns)   --->   "%p_read_57 = read i1 @_ssdm_op_Read.ap_auto.i1, i1 %p_read36" [/home/luka/Scripting/ELEC_498-Capstone-LiteLM/HLS-Verilog/Scheduler_FSM/src-hls/Head_Helpers/head_helpers.cpp:396]   --->   Operation 57 'read' 'p_read_57' <Predicate = true> <Delay = 0.00>
ST_1 : Operation 58 [1/1] (0.00ns)   --->   "%p_read_58 = read i1 @_ssdm_op_Read.ap_auto.i1, i1 %p_read35" [/home/luka/Scripting/ELEC_498-Capstone-LiteLM/HLS-Verilog/Scheduler_FSM/src-hls/Head_Helpers/head_helpers.cpp:396]   --->   Operation 58 'read' 'p_read_58' <Predicate = true> <Delay = 0.00>
ST_1 : Operation 59 [1/1] (0.00ns)   --->   "%p_read_59 = read i1 @_ssdm_op_Read.ap_auto.i1, i1 %p_read34" [/home/luka/Scripting/ELEC_498-Capstone-LiteLM/HLS-Verilog/Scheduler_FSM/src-hls/Head_Helpers/head_helpers.cpp:396]   --->   Operation 59 'read' 'p_read_59' <Predicate = true> <Delay = 0.00>
ST_1 : Operation 60 [1/1] (0.00ns)   --->   "%p_read_60 = read i1 @_ssdm_op_Read.ap_auto.i1, i1 %p_read33" [/home/luka/Scripting/ELEC_498-Capstone-LiteLM/HLS-Verilog/Scheduler_FSM/src-hls/Head_Helpers/head_helpers.cpp:396]   --->   Operation 60 'read' 'p_read_60' <Predicate = true> <Delay = 0.00>
ST_1 : Operation 61 [1/1] (0.00ns)   --->   "%p_read_61 = read i1 @_ssdm_op_Read.ap_auto.i1, i1 %p_read32" [/home/luka/Scripting/ELEC_498-Capstone-LiteLM/HLS-Verilog/Scheduler_FSM/src-hls/Head_Helpers/head_helpers.cpp:396]   --->   Operation 61 'read' 'p_read_61' <Predicate = true> <Delay = 0.00>
ST_1 : Operation 62 [1/1] (0.00ns)   --->   "%p_read_62 = read i1 @_ssdm_op_Read.ap_auto.i1, i1 %p_read31" [/home/luka/Scripting/ELEC_498-Capstone-LiteLM/HLS-Verilog/Scheduler_FSM/src-hls/Head_Helpers/head_helpers.cpp:396]   --->   Operation 62 'read' 'p_read_62' <Predicate = true> <Delay = 0.00>
ST_1 : Operation 63 [1/1] (0.00ns)   --->   "%p_read_63 = read i1 @_ssdm_op_Read.ap_auto.i1, i1 %p_read30" [/home/luka/Scripting/ELEC_498-Capstone-LiteLM/HLS-Verilog/Scheduler_FSM/src-hls/Head_Helpers/head_helpers.cpp:396]   --->   Operation 63 'read' 'p_read_63' <Predicate = true> <Delay = 0.00>
ST_1 : Operation 64 [1/1] (0.00ns)   --->   "%p_read_64 = read i1 @_ssdm_op_Read.ap_auto.i1, i1 %p_read29" [/home/luka/Scripting/ELEC_498-Capstone-LiteLM/HLS-Verilog/Scheduler_FSM/src-hls/Head_Helpers/head_helpers.cpp:396]   --->   Operation 64 'read' 'p_read_64' <Predicate = true> <Delay = 0.00>
ST_1 : Operation 65 [1/1] (0.00ns)   --->   "%p_read_65 = read i1 @_ssdm_op_Read.ap_auto.i1, i1 %p_read28" [/home/luka/Scripting/ELEC_498-Capstone-LiteLM/HLS-Verilog/Scheduler_FSM/src-hls/Head_Helpers/head_helpers.cpp:396]   --->   Operation 65 'read' 'p_read_65' <Predicate = true> <Delay = 0.00>
ST_1 : Operation 66 [1/1] (0.00ns)   --->   "%p_read_66 = read i1 @_ssdm_op_Read.ap_auto.i1, i1 %p_read25" [/home/luka/Scripting/ELEC_498-Capstone-LiteLM/HLS-Verilog/Scheduler_FSM/src-hls/Head_Helpers/head_helpers.cpp:396]   --->   Operation 66 'read' 'p_read_66' <Predicate = true> <Delay = 0.00>
ST_1 : Operation 67 [1/1] (0.00ns)   --->   "%p_read_67 = read i1 @_ssdm_op_Read.ap_auto.i1, i1 %p_read24" [/home/luka/Scripting/ELEC_498-Capstone-LiteLM/HLS-Verilog/Scheduler_FSM/src-hls/Head_Helpers/head_helpers.cpp:396]   --->   Operation 67 'read' 'p_read_67' <Predicate = true> <Delay = 0.00>
ST_1 : Operation 68 [1/1] (0.00ns)   --->   "%p_read_68 = read i32 @_ssdm_op_Read.ap_auto.i32, i32 %p_read23" [/home/luka/Scripting/ELEC_498-Capstone-LiteLM/HLS-Verilog/Scheduler_FSM/src-hls/Head_Helpers/head_helpers.cpp:396]   --->   Operation 68 'read' 'p_read_68' <Predicate = true> <Delay = 0.00>
ST_1 : Operation 69 [1/1] (0.00ns)   --->   "%p_read_69 = read i32 @_ssdm_op_Read.ap_auto.i32, i32 %p_read22" [/home/luka/Scripting/ELEC_498-Capstone-LiteLM/HLS-Verilog/Scheduler_FSM/src-hls/Head_Helpers/head_helpers.cpp:396]   --->   Operation 69 'read' 'p_read_69' <Predicate = true> <Delay = 0.00>
ST_1 : Operation 70 [1/1] (0.00ns)   --->   "%p_read_70 = read i1 @_ssdm_op_Read.ap_auto.i1, i1 %p_read21" [/home/luka/Scripting/ELEC_498-Capstone-LiteLM/HLS-Verilog/Scheduler_FSM/src-hls/Head_Helpers/head_helpers.cpp:396]   --->   Operation 70 'read' 'p_read_70' <Predicate = true> <Delay = 0.00>
ST_1 : Operation 71 [1/1] (0.00ns)   --->   "%p_read_71 = read i1 @_ssdm_op_Read.ap_auto.i1, i1 %p_read20" [/home/luka/Scripting/ELEC_498-Capstone-LiteLM/HLS-Verilog/Scheduler_FSM/src-hls/Head_Helpers/head_helpers.cpp:396]   --->   Operation 71 'read' 'p_read_71' <Predicate = true> <Delay = 0.00>
ST_1 : Operation 72 [1/1] (0.00ns)   --->   "%p_read_72 = read i1 @_ssdm_op_Read.ap_auto.i1, i1 %p_read19" [/home/luka/Scripting/ELEC_498-Capstone-LiteLM/HLS-Verilog/Scheduler_FSM/src-hls/Head_Helpers/head_helpers.cpp:396]   --->   Operation 72 'read' 'p_read_72' <Predicate = true> <Delay = 0.00>
ST_1 : Operation 73 [1/1] (0.00ns)   --->   "%p_read_73 = read i1 @_ssdm_op_Read.ap_auto.i1, i1 %p_read18" [/home/luka/Scripting/ELEC_498-Capstone-LiteLM/HLS-Verilog/Scheduler_FSM/src-hls/Head_Helpers/head_helpers.cpp:396]   --->   Operation 73 'read' 'p_read_73' <Predicate = true> <Delay = 0.00>
ST_1 : Operation 74 [1/1] (0.00ns)   --->   "%head_ctx_ref_last_wl_addr_read_1 = read i4 @_ssdm_op_Read.ap_auto.i4, i4 %head_ctx_ref_last_wl_addr_read_5" [/home/luka/Scripting/ELEC_498-Capstone-LiteLM/HLS-Verilog/Scheduler_FSM/src-hls/Head_Helpers/head_helpers.cpp:396]   --->   Operation 74 'read' 'head_ctx_ref_last_wl_addr_read_1' <Predicate = true> <Delay = 0.00>
ST_1 : Operation 75 [1/1] (0.00ns)   --->   "%head_ctx_ref_last_wl_addr_read_3 = read i4 @_ssdm_op_Read.ap_auto.i4, i4 %head_ctx_ref_last_wl_addr_read" [/home/luka/Scripting/ELEC_498-Capstone-LiteLM/HLS-Verilog/Scheduler_FSM/src-hls/Head_Helpers/head_helpers.cpp:396]   --->   Operation 75 'read' 'head_ctx_ref_last_wl_addr_read_3' <Predicate = true> <Delay = 0.00>
ST_1 : Operation 76 [1/1] (0.00ns)   --->   "%p_read_74 = read i32 @_ssdm_op_Read.ap_auto.i32, i32 %p_read15" [/home/luka/Scripting/ELEC_498-Capstone-LiteLM/HLS-Verilog/Scheduler_FSM/src-hls/Head_Helpers/head_helpers.cpp:396]   --->   Operation 76 'read' 'p_read_74' <Predicate = true> <Delay = 0.00>
ST_1 : Operation 77 [1/1] (0.00ns)   --->   "%p_read_75 = read i32 @_ssdm_op_Read.ap_auto.i32, i32 %p_read14" [/home/luka/Scripting/ELEC_498-Capstone-LiteLM/HLS-Verilog/Scheduler_FSM/src-hls/Head_Helpers/head_helpers.cpp:396]   --->   Operation 77 'read' 'p_read_75' <Predicate = true> <Delay = 0.00>
ST_1 : Operation 78 [1/1] (0.00ns)   --->   "%p_read_76 = read i32 @_ssdm_op_Read.ap_auto.i32, i32 %p_read13" [/home/luka/Scripting/ELEC_498-Capstone-LiteLM/HLS-Verilog/Scheduler_FSM/src-hls/Head_Helpers/head_helpers.cpp:396]   --->   Operation 78 'read' 'p_read_76' <Predicate = true> <Delay = 0.00>
ST_1 : Operation 79 [1/1] (0.00ns)   --->   "%p_read_77 = read i32 @_ssdm_op_Read.ap_auto.i32, i32 %p_read12" [/home/luka/Scripting/ELEC_498-Capstone-LiteLM/HLS-Verilog/Scheduler_FSM/src-hls/Head_Helpers/head_helpers.cpp:396]   --->   Operation 79 'read' 'p_read_77' <Predicate = true> <Delay = 0.00>
ST_1 : Operation 80 [1/1] (0.00ns)   --->   "%p_read_78 = read i1 @_ssdm_op_Read.ap_auto.i1, i1 %p_read11" [/home/luka/Scripting/ELEC_498-Capstone-LiteLM/HLS-Verilog/Scheduler_FSM/src-hls/Head_Helpers/head_helpers.cpp:396]   --->   Operation 80 'read' 'p_read_78' <Predicate = true> <Delay = 0.00>
ST_1 : Operation 81 [1/1] (0.00ns)   --->   "%p_read_79 = read i1 @_ssdm_op_Read.ap_auto.i1, i1 %p_read10" [/home/luka/Scripting/ELEC_498-Capstone-LiteLM/HLS-Verilog/Scheduler_FSM/src-hls/Head_Helpers/head_helpers.cpp:396]   --->   Operation 81 'read' 'p_read_79' <Predicate = true> <Delay = 0.00>
ST_1 : Operation 82 [1/1] (0.00ns)   --->   "%p_read_80 = read i1 @_ssdm_op_Read.ap_auto.i1, i1 %p_read9" [/home/luka/Scripting/ELEC_498-Capstone-LiteLM/HLS-Verilog/Scheduler_FSM/src-hls/Head_Helpers/head_helpers.cpp:396]   --->   Operation 82 'read' 'p_read_80' <Predicate = true> <Delay = 0.00>
ST_1 : Operation 83 [1/1] (0.00ns)   --->   "%p_read_81 = read i1 @_ssdm_op_Read.ap_auto.i1, i1 %p_read8" [/home/luka/Scripting/ELEC_498-Capstone-LiteLM/HLS-Verilog/Scheduler_FSM/src-hls/Head_Helpers/head_helpers.cpp:396]   --->   Operation 83 'read' 'p_read_81' <Predicate = true> <Delay = 0.00>
ST_1 : Operation 84 [1/1] (0.00ns)   --->   "%p_read_82 = read i1 @_ssdm_op_Read.ap_auto.i1, i1 %p_read7" [/home/luka/Scripting/ELEC_498-Capstone-LiteLM/HLS-Verilog/Scheduler_FSM/src-hls/Head_Helpers/head_helpers.cpp:396]   --->   Operation 84 'read' 'p_read_82' <Predicate = true> <Delay = 0.00>
ST_1 : Operation 85 [1/1] (0.00ns)   --->   "%p_read_83 = read i1 @_ssdm_op_Read.ap_auto.i1, i1 %p_read6" [/home/luka/Scripting/ELEC_498-Capstone-LiteLM/HLS-Verilog/Scheduler_FSM/src-hls/Head_Helpers/head_helpers.cpp:396]   --->   Operation 85 'read' 'p_read_83' <Predicate = true> <Delay = 0.00>
ST_1 : Operation 86 [1/1] (0.00ns)   --->   "%head_ctx_ref_phase_read_1 = read i4 @_ssdm_op_Read.ap_auto.i4, i4 %head_ctx_ref_phase_read_5" [/home/luka/Scripting/ELEC_498-Capstone-LiteLM/HLS-Verilog/Scheduler_FSM/src-hls/Head_Helpers/head_helpers.cpp:396]   --->   Operation 86 'read' 'head_ctx_ref_phase_read_1' <Predicate = true> <Delay = 0.00>
ST_1 : Operation 87 [1/1] (0.00ns)   --->   "%head_ctx_ref_phase_read_3 = read i4 @_ssdm_op_Read.ap_auto.i4, i4 %head_ctx_ref_phase_read" [/home/luka/Scripting/ELEC_498-Capstone-LiteLM/HLS-Verilog/Scheduler_FSM/src-hls/Head_Helpers/head_helpers.cpp:396]   --->   Operation 87 'read' 'head_ctx_ref_phase_read_3' <Predicate = true> <Delay = 0.00>
ST_1 : Operation 88 [1/1] (0.00ns)   --->   "%p_read_84 = read i32 @_ssdm_op_Read.ap_auto.i32, i32 %p_read3" [/home/luka/Scripting/ELEC_498-Capstone-LiteLM/HLS-Verilog/Scheduler_FSM/src-hls/Head_Helpers/head_helpers.cpp:396]   --->   Operation 88 'read' 'p_read_84' <Predicate = true> <Delay = 0.00>
ST_1 : Operation 89 [1/1] (0.00ns)   --->   "%p_read_85 = read i32 @_ssdm_op_Read.ap_auto.i32, i32 %p_read2" [/home/luka/Scripting/ELEC_498-Capstone-LiteLM/HLS-Verilog/Scheduler_FSM/src-hls/Head_Helpers/head_helpers.cpp:396]   --->   Operation 89 'read' 'p_read_85' <Predicate = true> <Delay = 0.00>
ST_1 : Operation 90 [1/1] (0.00ns)   --->   "%p_read_86 = read i32 @_ssdm_op_Read.ap_auto.i32, i32 %p_read1" [/home/luka/Scripting/ELEC_498-Capstone-LiteLM/HLS-Verilog/Scheduler_FSM/src-hls/Head_Helpers/head_helpers.cpp:396]   --->   Operation 90 'read' 'p_read_86' <Predicate = true> <Delay = 0.00>
ST_1 : Operation 91 [1/1] (0.00ns)   --->   "%p_read_87 = read i32 @_ssdm_op_Read.ap_auto.i32, i32 %p_read" [/home/luka/Scripting/ELEC_498-Capstone-LiteLM/HLS-Verilog/Scheduler_FSM/src-hls/Head_Helpers/head_helpers.cpp:396]   --->   Operation 91 'read' 'p_read_87' <Predicate = true> <Delay = 0.00>
ST_1 : Operation 92 [1/1] (0.00ns)   --->   "%empty = trunc i32 %layer_idx_read" [/home/luka/Scripting/ELEC_498-Capstone-LiteLM/HLS-Verilog/Scheduler_FSM/src-hls/Head_Helpers/head_helpers.cpp:396]   --->   Operation 92 'trunc' 'empty' <Predicate = true> <Delay = 0.00>
ST_1 : Operation 93 [1/1] (0.79ns)   --->   "%icmp_ln416 = icmp_eq  i4 %head_ctx_ref_phase_read_3, i4 0" [/home/luka/Scripting/ELEC_498-Capstone-LiteLM/HLS-Verilog/Scheduler_FSM/src-hls/Head_Helpers/head_helpers.cpp:416]   --->   Operation 93 'icmp' 'icmp_ln416' <Predicate = true> <Delay = 0.79> <CoreInst = "Cmp">   --->   Core 9 'Cmp' <Latency = 0> <II = 1> <Delay = 0.79> <FuncUnit> <Opcode : 'seteq' 'setne' 'setle' 'setge' 'setlt' 'setgt'> <InPorts = 2> <OutPorts = 1>
ST_1 : Operation 94 [1/1] (0.28ns)   --->   "%and_ln416 = and i1 %icmp_ln416, i1 %start_read" [/home/luka/Scripting/ELEC_498-Capstone-LiteLM/HLS-Verilog/Scheduler_FSM/src-hls/Head_Helpers/head_helpers.cpp:416]   --->   Operation 94 'and' 'and_ln416' <Predicate = true> <Delay = 0.28> <CoreInst = "LogicGate">   --->   Core 74 'LogicGate' <Latency = 0> <II = 1> <Delay = 0.28> <FuncUnit> <Opcode : 'and' 'or' 'xor'> <InPorts = 2> <OutPorts = 1>
ST_1 : Operation 95 [1/1] (0.79ns)   --->   "%icmp_ln418 = icmp_eq  i4 %head_ctx_ref_phase_read_3, i4 14" [/home/luka/Scripting/ELEC_498-Capstone-LiteLM/HLS-Verilog/Scheduler_FSM/src-hls/Head_Helpers/head_helpers.cpp:418]   --->   Operation 95 'icmp' 'icmp_ln418' <Predicate = true> <Delay = 0.79> <CoreInst = "Cmp">   --->   Core 9 'Cmp' <Latency = 0> <II = 1> <Delay = 0.79> <FuncUnit> <Opcode : 'seteq' 'setne' 'setle' 'setge' 'setlt' 'setgt'> <InPorts = 2> <OutPorts = 1>
ST_1 : Operation 96 [1/1] (0.42ns)   --->   "%br_ln418 = br i1 %icmp_ln418, void %if.then, void %for.inc" [/home/luka/Scripting/ELEC_498-Capstone-LiteLM/HLS-Verilog/Scheduler_FSM/src-hls/Head_Helpers/head_helpers.cpp:418]   --->   Operation 96 'br' 'br_ln418' <Predicate = true> <Delay = 0.42>
ST_1 : Operation 97 [1/1] (1.01ns)   --->   "%icmp_ln97 = icmp_eq  i32 %p_read_87, i32 %layer_idx_read" [/home/luka/Scripting/ELEC_498-Capstone-LiteLM/HLS-Verilog/Scheduler_FSM/src-hls/Head_Helpers/head_helpers.cpp:97->/home/luka/Scripting/ELEC_498-Capstone-LiteLM/HLS-Verilog/Scheduler_FSM/src-hls/Head_Helpers/head_helpers.cpp:419]   --->   Operation 97 'icmp' 'icmp_ln97' <Predicate = (!icmp_ln418)> <Delay = 1.01> <CoreInst = "Cmp">   --->   Core 9 'Cmp' <Latency = 0> <II = 1> <Delay = 1.01> <FuncUnit> <Opcode : 'seteq' 'setne' 'setle' 'setge' 'setlt' 'setgt'> <InPorts = 2> <OutPorts = 1>
ST_1 : Operation 98 [1/1] (0.42ns)   --->   "%br_ln97 = br i1 %icmp_ln97, void %if.then.i, void %if.end.i_ifconv" [/home/luka/Scripting/ELEC_498-Capstone-LiteLM/HLS-Verilog/Scheduler_FSM/src-hls/Head_Helpers/head_helpers.cpp:97->/home/luka/Scripting/ELEC_498-Capstone-LiteLM/HLS-Verilog/Scheduler_FSM/src-hls/Head_Helpers/head_helpers.cpp:419]   --->   Operation 98 'br' 'br_ln97' <Predicate = (!icmp_ln418)> <Delay = 0.42>
ST_1 : Operation 99 [1/1] (0.00ns)   --->   "%trunc_ln12 = trunc i32 %p_read_85" [/home/luka/Scripting/ELEC_498-Capstone-LiteLM/HLS-Verilog/Scheduler_FSM/src-hls/Head_Helpers/head_helpers.cpp:12->/home/luka/Scripting/ELEC_498-Capstone-LiteLM/HLS-Verilog/Scheduler_FSM/src-hls/Head_Helpers/head_helpers.cpp:36->/home/luka/Scripting/ELEC_498-Capstone-LiteLM/HLS-Verilog/Scheduler_FSM/src-hls/Head_Helpers/head_helpers.cpp:98->/home/luka/Scripting/ELEC_498-Capstone-LiteLM/HLS-Verilog/Scheduler_FSM/src-hls/Head_Helpers/head_helpers.cpp:419]   --->   Operation 99 'trunc' 'trunc_ln12' <Predicate = (!icmp_ln418 & !icmp_ln97)> <Delay = 0.00>
ST_1 : Operation 100 [1/1] (0.00ns)   --->   "%ctx_compute_op_write_assign = bitconcatenate i25 @_ssdm_op_BitConcatenate.i25.i1.i8.i8.i8, i1 1, i8 %trunc_ln12, i8 %empty, i8 0" [/home/luka/Scripting/ELEC_498-Capstone-LiteLM/HLS-Verilog/Scheduler_FSM/src-hls/Head_Helpers/head_helpers.cpp:12->/home/luka/Scripting/ELEC_498-Capstone-LiteLM/HLS-Verilog/Scheduler_FSM/src-hls/Head_Helpers/head_helpers.cpp:36->/home/luka/Scripting/ELEC_498-Capstone-LiteLM/HLS-Verilog/Scheduler_FSM/src-hls/Head_Helpers/head_helpers.cpp:98->/home/luka/Scripting/ELEC_498-Capstone-LiteLM/HLS-Verilog/Scheduler_FSM/src-hls/Head_Helpers/head_helpers.cpp:419]   --->   Operation 100 'bitconcatenate' 'ctx_compute_op_write_assign' <Predicate = (!icmp_ln418 & !icmp_ln97)> <Delay = 0.00>
ST_1 : Operation 101 [1/1] (0.00ns)   --->   "%sext_ln29 = sext i25 %ctx_compute_op_write_assign" [/home/luka/Scripting/ELEC_498-Capstone-LiteLM/HLS-Verilog/Scheduler_FSM/src-hls/Head_Helpers/head_helpers.cpp:29->/home/luka/Scripting/ELEC_498-Capstone-LiteLM/HLS-Verilog/Scheduler_FSM/src-hls/Head_Helpers/head_helpers.cpp:98->/home/luka/Scripting/ELEC_498-Capstone-LiteLM/HLS-Verilog/Scheduler_FSM/src-hls/Head_Helpers/head_helpers.cpp:419]   --->   Operation 101 'sext' 'sext_ln29' <Predicate = (!icmp_ln418 & !icmp_ln97)> <Delay = 0.00>
ST_1 : Operation 102 [1/1] (0.42ns)   --->   "%br_ln99 = br void %if.end.i_ifconv" [/home/luka/Scripting/ELEC_498-Capstone-LiteLM/HLS-Verilog/Scheduler_FSM/src-hls/Head_Helpers/head_helpers.cpp:99->/home/luka/Scripting/ELEC_498-Capstone-LiteLM/HLS-Verilog/Scheduler_FSM/src-hls/Head_Helpers/head_helpers.cpp:419]   --->   Operation 102 'br' 'br_ln99' <Predicate = (!icmp_ln418 & !icmp_ln97)> <Delay = 0.42>
ST_1 : Operation 103 [1/1] (0.00ns)   --->   "%head_ctx_ref_layer_stamp_0_0 = phi i32 %p_read_87, void %if.then, i32 %layer_idx_read, void %if.then.i" [/home/luka/Scripting/ELEC_498-Capstone-LiteLM/HLS-Verilog/Scheduler_FSM/src-hls/Head_Helpers/head_helpers.cpp:396]   --->   Operation 103 'phi' 'head_ctx_ref_layer_stamp_0_0' <Predicate = (!icmp_ln418)> <Delay = 0.00>
ST_1 : Operation 104 [1/1] (0.00ns)   --->   "%head_ctx_ref_phase_0_0 = phi i4 %head_ctx_ref_phase_read_3, void %if.then, i4 0, void %if.then.i" [/home/luka/Scripting/ELEC_498-Capstone-LiteLM/HLS-Verilog/Scheduler_FSM/src-hls/Head_Helpers/head_helpers.cpp:396]   --->   Operation 104 'phi' 'head_ctx_ref_phase_0_0' <Predicate = (!icmp_ln418)> <Delay = 0.00>
ST_1 : Operation 105 [1/1] (0.00ns)   --->   "%head_ctx_ref_compute_ready_0_0 = phi i1 %p_read_83, void %if.then, i1 0, void %if.then.i" [/home/luka/Scripting/ELEC_498-Capstone-LiteLM/HLS-Verilog/Scheduler_FSM/src-hls/Head_Helpers/head_helpers.cpp:396]   --->   Operation 105 'phi' 'head_ctx_ref_compute_ready_0_0' <Predicate = (!icmp_ln418)> <Delay = 0.00>
ST_1 : Operation 106 [1/1] (0.00ns)   --->   "%head_ctx_ref_compute_done_0_0 = phi i1 %p_read_81, void %if.then, i1 0, void %if.then.i" [/home/luka/Scripting/ELEC_498-Capstone-LiteLM/HLS-Verilog/Scheduler_FSM/src-hls/Head_Helpers/head_helpers.cpp:396]   --->   Operation 106 'phi' 'head_ctx_ref_compute_done_0_0' <Predicate = (!icmp_ln418)> <Delay = 0.00>
ST_1 : Operation 107 [1/1] (0.00ns)   --->   "%head_ctx_ref_compute_start_0_0 = phi i1 %p_read_79, void %if.then, i1 0, void %if.then.i" [/home/luka/Scripting/ELEC_498-Capstone-LiteLM/HLS-Verilog/Scheduler_FSM/src-hls/Head_Helpers/head_helpers.cpp:396]   --->   Operation 107 'phi' 'head_ctx_ref_compute_start_0_0' <Predicate = (!icmp_ln418)> <Delay = 0.00>
ST_1 : Operation 108 [1/1] (0.00ns) (grouped into LUT with out node head_ctx_ref_compute_op_0_1)   --->   "%head_ctx_ref_compute_op_0_0 = phi i32 %p_read_77, void %if.then, i32 %sext_ln29, void %if.then.i" [/home/luka/Scripting/ELEC_498-Capstone-LiteLM/HLS-Verilog/Scheduler_FSM/src-hls/Head_Helpers/head_helpers.cpp:396]   --->   Operation 108 'phi' 'head_ctx_ref_compute_op_0_0' <Predicate = (!icmp_ln418 & or_ln105)> <Delay = 0.00>
ST_1 : Operation 109 [1/1] (0.00ns)   --->   "%packed_op_assign = phi i32 %p_read_75, void %if.then, i32 %sext_ln29, void %if.then.i" [/home/luka/Scripting/ELEC_498-Capstone-LiteLM/HLS-Verilog/Scheduler_FSM/src-hls/Head_Helpers/head_helpers.cpp:396]   --->   Operation 109 'phi' 'packed_op_assign' <Predicate = (!icmp_ln418)> <Delay = 0.00>
ST_1 : Operation 110 [1/1] (0.00ns)   --->   "%head_ctx_ref_last_wl_addr_0_0 = phi i4 %head_ctx_ref_last_wl_addr_read_3, void %if.then, i4 0, void %if.then.i" [/home/luka/Scripting/ELEC_498-Capstone-LiteLM/HLS-Verilog/Scheduler_FSM/src-hls/Head_Helpers/head_helpers.cpp:396]   --->   Operation 110 'phi' 'head_ctx_ref_last_wl_addr_0_0' <Predicate = (!icmp_ln418)> <Delay = 0.00>
ST_1 : Operation 111 [1/1] (0.00ns)   --->   "%head_ctx_ref_wl_ready_0_0 = phi i1 %p_read_73, void %if.then, i1 0, void %if.then.i" [/home/luka/Scripting/ELEC_498-Capstone-LiteLM/HLS-Verilog/Scheduler_FSM/src-hls/Head_Helpers/head_helpers.cpp:396]   --->   Operation 111 'phi' 'head_ctx_ref_wl_ready_0_0' <Predicate = (!icmp_ln418)> <Delay = 0.00>
ST_1 : Operation 112 [1/1] (0.00ns)   --->   "%head_ctx_ref_wl_start_0_0 = phi i1 %p_read_71, void %if.then, i1 0, void %if.then.i" [/home/luka/Scripting/ELEC_498-Capstone-LiteLM/HLS-Verilog/Scheduler_FSM/src-hls/Head_Helpers/head_helpers.cpp:396]   --->   Operation 112 'phi' 'head_ctx_ref_wl_start_0_0' <Predicate = (!icmp_ln418)> <Delay = 0.00>
ST_1 : Operation 113 [1/1] (0.00ns) (grouped into LUT with out node head_ctx_ref_wl_instruction_0_1)   --->   "%head_ctx_ref_wl_instruction_0_0 = phi i32 %p_read_69, void %if.then, i32 %sext_ln29, void %if.then.i" [/home/luka/Scripting/ELEC_498-Capstone-LiteLM/HLS-Verilog/Scheduler_FSM/src-hls/Head_Helpers/head_helpers.cpp:396]   --->   Operation 113 'phi' 'head_ctx_ref_wl_instruction_0_0' <Predicate = (!icmp_ln418 & or_ln100)> <Delay = 0.00>
ST_1 : Operation 114 [1/1] (0.00ns)   --->   "%head_ctx_ref_dma_done_0_0 = phi i1 %p_read_67, void %if.then, i1 0, void %if.then.i" [/home/luka/Scripting/ELEC_498-Capstone-LiteLM/HLS-Verilog/Scheduler_FSM/src-hls/Head_Helpers/head_helpers.cpp:396]   --->   Operation 114 'phi' 'head_ctx_ref_dma_done_0_0' <Predicate = (!icmp_ln418)> <Delay = 0.00>
ST_1 : Operation 115 [1/1] (0.00ns)   --->   "%head_ctx_ref_start_head_0_0 = phi i1 %and_ln416, void %if.then, i1 0, void %if.then.i" [/home/luka/Scripting/ELEC_498-Capstone-LiteLM/HLS-Verilog/Scheduler_FSM/src-hls/Head_Helpers/head_helpers.cpp:416]   --->   Operation 115 'phi' 'head_ctx_ref_start_head_0_0' <Predicate = (!icmp_ln418)> <Delay = 0.00>
ST_1 : Operation 116 [1/1] (0.00ns)   --->   "%head_ctx_ref_q_started_0_0 = phi i1 %p_read_65, void %if.then, i1 0, void %if.then.i" [/home/luka/Scripting/ELEC_498-Capstone-LiteLM/HLS-Verilog/Scheduler_FSM/src-hls/Head_Helpers/head_helpers.cpp:396]   --->   Operation 116 'phi' 'head_ctx_ref_q_started_0_0' <Predicate = (!icmp_ln418)> <Delay = 0.00>
ST_1 : Operation 117 [1/1] (0.00ns)   --->   "%head_ctx_ref_k_started_0_0 = phi i1 %p_read_63, void %if.then, i1 0, void %if.then.i" [/home/luka/Scripting/ELEC_498-Capstone-LiteLM/HLS-Verilog/Scheduler_FSM/src-hls/Head_Helpers/head_helpers.cpp:396]   --->   Operation 117 'phi' 'head_ctx_ref_k_started_0_0' <Predicate = (!icmp_ln418)> <Delay = 0.00>
ST_1 : Operation 118 [1/1] (0.00ns)   --->   "%head_ctx_ref_k_requant_started_0_0 = phi i1 %p_read_61, void %if.then, i1 0, void %if.then.i" [/home/luka/Scripting/ELEC_498-Capstone-LiteLM/HLS-Verilog/Scheduler_FSM/src-hls/Head_Helpers/head_helpers.cpp:396]   --->   Operation 118 'phi' 'head_ctx_ref_k_requant_started_0_0' <Predicate = (!icmp_ln418)> <Delay = 0.00>
ST_1 : Operation 119 [1/1] (0.00ns)   --->   "%head_ctx_ref_k_writeback_started_0_0 = phi i1 %p_read_59, void %if.then, i1 0, void %if.then.i" [/home/luka/Scripting/ELEC_498-Capstone-LiteLM/HLS-Verilog/Scheduler_FSM/src-hls/Head_Helpers/head_helpers.cpp:396]   --->   Operation 119 'phi' 'head_ctx_ref_k_writeback_started_0_0' <Predicate = (!icmp_ln418)> <Delay = 0.00>
ST_1 : Operation 120 [1/1] (0.00ns)   --->   "%head_ctx_ref_v_started_0_0 = phi i1 %p_read_57, void %if.then, i1 0, void %if.then.i" [/home/luka/Scripting/ELEC_498-Capstone-LiteLM/HLS-Verilog/Scheduler_FSM/src-hls/Head_Helpers/head_helpers.cpp:396]   --->   Operation 120 'phi' 'head_ctx_ref_v_started_0_0' <Predicate = (!icmp_ln418)> <Delay = 0.00>
ST_1 : Operation 121 [1/1] (0.00ns)   --->   "%head_ctx_ref_v_requant_started_0_0 = phi i1 %p_read_55, void %if.then, i1 0, void %if.then.i" [/home/luka/Scripting/ELEC_498-Capstone-LiteLM/HLS-Verilog/Scheduler_FSM/src-hls/Head_Helpers/head_helpers.cpp:396]   --->   Operation 121 'phi' 'head_ctx_ref_v_requant_started_0_0' <Predicate = (!icmp_ln418)> <Delay = 0.00>
ST_1 : Operation 122 [1/1] (0.00ns)   --->   "%head_ctx_ref_v_writeback_started_0_0 = phi i1 %p_read_53, void %if.then, i1 0, void %if.then.i" [/home/luka/Scripting/ELEC_498-Capstone-LiteLM/HLS-Verilog/Scheduler_FSM/src-hls/Head_Helpers/head_helpers.cpp:396]   --->   Operation 122 'phi' 'head_ctx_ref_v_writeback_started_0_0' <Predicate = (!icmp_ln418)> <Delay = 0.00>
ST_1 : Operation 123 [1/1] (0.00ns)   --->   "%head_ctx_ref_requant_q_started_0_0 = phi i1 %p_read_51, void %if.then, i1 0, void %if.then.i" [/home/luka/Scripting/ELEC_498-Capstone-LiteLM/HLS-Verilog/Scheduler_FSM/src-hls/Head_Helpers/head_helpers.cpp:396]   --->   Operation 123 'phi' 'head_ctx_ref_requant_q_started_0_0' <Predicate = (!icmp_ln418)> <Delay = 0.00>
ST_1 : Operation 124 [1/1] (0.00ns)   --->   "%head_ctx_ref_att_scores_started_0_0 = phi i1 %p_read_49, void %if.then, i1 0, void %if.then.i" [/home/luka/Scripting/ELEC_498-Capstone-LiteLM/HLS-Verilog/Scheduler_FSM/src-hls/Head_Helpers/head_helpers.cpp:396]   --->   Operation 124 'phi' 'head_ctx_ref_att_scores_started_0_0' <Predicate = (!icmp_ln418)> <Delay = 0.00>
ST_1 : Operation 125 [1/1] (0.00ns)   --->   "%head_ctx_ref_val_scale_started_0_0 = phi i1 %p_read_47, void %if.then, i1 0, void %if.then.i" [/home/luka/Scripting/ELEC_498-Capstone-LiteLM/HLS-Verilog/Scheduler_FSM/src-hls/Head_Helpers/head_helpers.cpp:396]   --->   Operation 125 'phi' 'head_ctx_ref_val_scale_started_0_0' <Predicate = (!icmp_ln418)> <Delay = 0.00>
ST_1 : Operation 126 [1/1] (0.00ns)   --->   "%head_ctx_ref_softmax_started_0_0 = phi i1 %p_read_45, void %if.then, i1 0, void %if.then.i" [/home/luka/Scripting/ELEC_498-Capstone-LiteLM/HLS-Verilog/Scheduler_FSM/src-hls/Head_Helpers/head_helpers.cpp:396]   --->   Operation 126 'phi' 'head_ctx_ref_softmax_started_0_0' <Predicate = (!icmp_ln418)> <Delay = 0.00>
ST_1 : Operation 127 [1/1] (0.00ns)   --->   "%head_ctx_ref_att_value_started_0_0 = phi i1 %p_read_43, void %if.then, i1 0, void %if.then.i" [/home/luka/Scripting/ELEC_498-Capstone-LiteLM/HLS-Verilog/Scheduler_FSM/src-hls/Head_Helpers/head_helpers.cpp:396]   --->   Operation 127 'phi' 'head_ctx_ref_att_value_started_0_0' <Predicate = (!icmp_ln418)> <Delay = 0.00>
ST_1 : Operation 128 [1/1] (0.00ns)   --->   "%head_ctx_ref_head_requant_started_0_0 = phi i1 %p_read_41, void %if.then, i1 0, void %if.then.i" [/home/luka/Scripting/ELEC_498-Capstone-LiteLM/HLS-Verilog/Scheduler_FSM/src-hls/Head_Helpers/head_helpers.cpp:396]   --->   Operation 128 'phi' 'head_ctx_ref_head_requant_started_0_0' <Predicate = (!icmp_ln418)> <Delay = 0.00>
ST_1 : Operation 129 [1/1] (0.00ns) (grouped into LUT with out node head_ctx_ref_q_compute_done_0_2)   --->   "%head_ctx_ref_q_compute_done_0_0 = phi i1 %p_read_39, void %if.then, i1 0, void %if.then.i" [/home/luka/Scripting/ELEC_498-Capstone-LiteLM/HLS-Verilog/Scheduler_FSM/src-hls/Head_Helpers/head_helpers.cpp:396]   --->   Operation 129 'phi' 'head_ctx_ref_q_compute_done_0_0' <Predicate = (!icmp_ln418)> <Delay = 0.00>
ST_1 : Operation 130 [1/1] (0.00ns) (grouped into LUT with out node head_ctx_ref_k_compute_done_0_2)   --->   "%head_ctx_ref_k_compute_done_0_0 = phi i1 %p_read_37, void %if.then, i1 0, void %if.then.i" [/home/luka/Scripting/ELEC_498-Capstone-LiteLM/HLS-Verilog/Scheduler_FSM/src-hls/Head_Helpers/head_helpers.cpp:396]   --->   Operation 130 'phi' 'head_ctx_ref_k_compute_done_0_0' <Predicate = (!icmp_ln418)> <Delay = 0.00>
ST_1 : Operation 131 [1/1] (0.00ns) (grouped into LUT with out node head_ctx_ref_k_requant_compute_done_0_2)   --->   "%head_ctx_ref_k_requant_compute_done_0_0 = phi i1 %p_read_35, void %if.then, i1 0, void %if.then.i" [/home/luka/Scripting/ELEC_498-Capstone-LiteLM/HLS-Verilog/Scheduler_FSM/src-hls/Head_Helpers/head_helpers.cpp:396]   --->   Operation 131 'phi' 'head_ctx_ref_k_requant_compute_done_0_0' <Predicate = (!icmp_ln418)> <Delay = 0.00>
ST_1 : Operation 132 [1/1] (0.00ns) (grouped into LUT with out node head_ctx_ref_v_compute_done_0_2)   --->   "%head_ctx_ref_v_compute_done_0_0 = phi i1 %p_read_33, void %if.then, i1 0, void %if.then.i" [/home/luka/Scripting/ELEC_498-Capstone-LiteLM/HLS-Verilog/Scheduler_FSM/src-hls/Head_Helpers/head_helpers.cpp:396]   --->   Operation 132 'phi' 'head_ctx_ref_v_compute_done_0_0' <Predicate = (!icmp_ln418)> <Delay = 0.00>
ST_1 : Operation 133 [1/1] (0.00ns) (grouped into LUT with out node head_ctx_ref_v_requant_compute_done_0_2)   --->   "%head_ctx_ref_v_requant_compute_done_0_0 = phi i1 %p_read_31, void %if.then, i1 0, void %if.then.i" [/home/luka/Scripting/ELEC_498-Capstone-LiteLM/HLS-Verilog/Scheduler_FSM/src-hls/Head_Helpers/head_helpers.cpp:396]   --->   Operation 133 'phi' 'head_ctx_ref_v_requant_compute_done_0_0' <Predicate = (!icmp_ln418)> <Delay = 0.00>
ST_1 : Operation 134 [1/1] (0.00ns) (grouped into LUT with out node head_ctx_ref_requant_q_compute_done_0_2)   --->   "%head_ctx_ref_requant_q_compute_done_0_0 = phi i1 %p_read_29, void %if.then, i1 0, void %if.then.i" [/home/luka/Scripting/ELEC_498-Capstone-LiteLM/HLS-Verilog/Scheduler_FSM/src-hls/Head_Helpers/head_helpers.cpp:396]   --->   Operation 134 'phi' 'head_ctx_ref_requant_q_compute_done_0_0' <Predicate = (!icmp_ln418)> <Delay = 0.00>
ST_1 : Operation 135 [1/1] (0.00ns) (grouped into LUT with out node head_ctx_ref_att_scores_compute_done_0_2)   --->   "%head_ctx_ref_att_scores_compute_done_0_0 = phi i1 %p_read_27, void %if.then, i1 0, void %if.then.i" [/home/luka/Scripting/ELEC_498-Capstone-LiteLM/HLS-Verilog/Scheduler_FSM/src-hls/Head_Helpers/head_helpers.cpp:396]   --->   Operation 135 'phi' 'head_ctx_ref_att_scores_compute_done_0_0' <Predicate = (!icmp_ln418)> <Delay = 0.00>
ST_1 : Operation 136 [1/1] (0.00ns) (grouped into LUT with out node head_ctx_ref_val_scale_compute_done_0_2)   --->   "%head_ctx_ref_val_scale_compute_done_0_0 = phi i1 %p_read_25, void %if.then, i1 0, void %if.then.i" [/home/luka/Scripting/ELEC_498-Capstone-LiteLM/HLS-Verilog/Scheduler_FSM/src-hls/Head_Helpers/head_helpers.cpp:396]   --->   Operation 136 'phi' 'head_ctx_ref_val_scale_compute_done_0_0' <Predicate = (!icmp_ln418)> <Delay = 0.00>
ST_1 : Operation 137 [1/1] (0.00ns) (grouped into LUT with out node head_ctx_ref_softmax_compute_done_0_2)   --->   "%head_ctx_ref_softmax_compute_done_0_0 = phi i1 %p_read_23, void %if.then, i1 0, void %if.then.i" [/home/luka/Scripting/ELEC_498-Capstone-LiteLM/HLS-Verilog/Scheduler_FSM/src-hls/Head_Helpers/head_helpers.cpp:396]   --->   Operation 137 'phi' 'head_ctx_ref_softmax_compute_done_0_0' <Predicate = (!icmp_ln418)> <Delay = 0.00>
ST_1 : Operation 138 [1/1] (0.00ns) (grouped into LUT with out node head_ctx_ref_att_value_compute_done_0_2)   --->   "%head_ctx_ref_att_value_compute_done_0_0 = phi i1 %p_read_21, void %if.then, i1 0, void %if.then.i" [/home/luka/Scripting/ELEC_498-Capstone-LiteLM/HLS-Verilog/Scheduler_FSM/src-hls/Head_Helpers/head_helpers.cpp:396]   --->   Operation 138 'phi' 'head_ctx_ref_att_value_compute_done_0_0' <Predicate = (!icmp_ln418)> <Delay = 0.00>
ST_1 : Operation 139 [1/1] (0.00ns) (grouped into LUT with out node head_ctx_ref_head_requant_compute_done_0_2)   --->   "%head_ctx_ref_head_requant_compute_done_0_0 = phi i1 %p_read_19, void %if.then, i1 0, void %if.then.i" [/home/luka/Scripting/ELEC_498-Capstone-LiteLM/HLS-Verilog/Scheduler_FSM/src-hls/Head_Helpers/head_helpers.cpp:396]   --->   Operation 139 'phi' 'head_ctx_ref_head_requant_compute_done_0_0' <Predicate = (!icmp_ln418)> <Delay = 0.00>
ST_1 : Operation 140 [1/1] (0.00ns)   --->   "%head_ctx_ref_q_dma_done_0_0 = phi i1 %p_read_17, void %if.then, i1 0, void %if.then.i" [/home/luka/Scripting/ELEC_498-Capstone-LiteLM/HLS-Verilog/Scheduler_FSM/src-hls/Head_Helpers/head_helpers.cpp:396]   --->   Operation 140 'phi' 'head_ctx_ref_q_dma_done_0_0' <Predicate = (!icmp_ln418)> <Delay = 0.00>
ST_1 : Operation 141 [1/1] (0.00ns)   --->   "%head_ctx_ref_k_dma_done_0_0 = phi i1 %p_read_15, void %if.then, i1 0, void %if.then.i" [/home/luka/Scripting/ELEC_498-Capstone-LiteLM/HLS-Verilog/Scheduler_FSM/src-hls/Head_Helpers/head_helpers.cpp:396]   --->   Operation 141 'phi' 'head_ctx_ref_k_dma_done_0_0' <Predicate = (!icmp_ln418)> <Delay = 0.00>
ST_1 : Operation 142 [1/1] (0.00ns)   --->   "%head_ctx_ref_k_writeback_dma_done_0_0 = phi i1 %p_read_13, void %if.then, i1 0, void %if.then.i" [/home/luka/Scripting/ELEC_498-Capstone-LiteLM/HLS-Verilog/Scheduler_FSM/src-hls/Head_Helpers/head_helpers.cpp:396]   --->   Operation 142 'phi' 'head_ctx_ref_k_writeback_dma_done_0_0' <Predicate = (!icmp_ln418)> <Delay = 0.00>
ST_1 : Operation 143 [1/1] (0.00ns)   --->   "%head_ctx_ref_v_dma_done_0_0 = phi i1 %p_read_11, void %if.then, i1 0, void %if.then.i" [/home/luka/Scripting/ELEC_498-Capstone-LiteLM/HLS-Verilog/Scheduler_FSM/src-hls/Head_Helpers/head_helpers.cpp:396]   --->   Operation 143 'phi' 'head_ctx_ref_v_dma_done_0_0' <Predicate = (!icmp_ln418)> <Delay = 0.00>
ST_1 : Operation 144 [1/1] (0.00ns)   --->   "%head_ctx_ref_v_writeback_dma_done_0_0 = phi i1 %p_read_9, void %if.then, i1 0, void %if.then.i" [/home/luka/Scripting/ELEC_498-Capstone-LiteLM/HLS-Verilog/Scheduler_FSM/src-hls/Head_Helpers/head_helpers.cpp:396]   --->   Operation 144 'phi' 'head_ctx_ref_v_writeback_dma_done_0_0' <Predicate = (!icmp_ln418)> <Delay = 0.00>
ST_1 : Operation 145 [1/1] (0.00ns)   --->   "%head_ctx_ref_att_scores_dma_done_0_0 = phi i1 %p_read_7, void %if.then, i1 0, void %if.then.i" [/home/luka/Scripting/ELEC_498-Capstone-LiteLM/HLS-Verilog/Scheduler_FSM/src-hls/Head_Helpers/head_helpers.cpp:396]   --->   Operation 145 'phi' 'head_ctx_ref_att_scores_dma_done_0_0' <Predicate = (!icmp_ln418)> <Delay = 0.00>
ST_1 : Operation 146 [1/1] (0.00ns)   --->   "%head_ctx_ref_att_value_dma_done_0_0 = phi i1 %p_read_5, void %if.then, i1 0, void %if.then.i" [/home/luka/Scripting/ELEC_498-Capstone-LiteLM/HLS-Verilog/Scheduler_FSM/src-hls/Head_Helpers/head_helpers.cpp:396]   --->   Operation 146 'phi' 'head_ctx_ref_att_value_dma_done_0_0' <Predicate = (!icmp_ln418)> <Delay = 0.00>
ST_1 : Operation 147 [1/1] (0.00ns) (grouped into LUT with out node head_ctx_ref_wl_instruction_0_1)   --->   "%xor_ln100 = xor i1 %head_ctx_ref_wl_start_0_0, i1 1" [/home/luka/Scripting/ELEC_498-Capstone-LiteLM/HLS-Verilog/Scheduler_FSM/src-hls/Head_Helpers/head_helpers.cpp:100->/home/luka/Scripting/ELEC_498-Capstone-LiteLM/HLS-Verilog/Scheduler_FSM/src-hls/Head_Helpers/head_helpers.cpp:419]   --->   Operation 147 'xor' 'xor_ln100' <Predicate = (!icmp_ln418)> <Delay = 0.00> <CoreInst = "LogicGate">   --->   Core 74 'LogicGate' <Latency = 0> <II = 1> <Delay = 0.28> <FuncUnit> <Opcode : 'and' 'or' 'xor'> <InPorts = 2> <OutPorts = 1>
ST_1 : Operation 148 [1/1] (0.00ns) (grouped into LUT with out node head_ctx_ref_wl_instruction_0_1)   --->   "%or_ln100 = or i1 %head_ctx_ref_wl_ready_0_0, i1 %xor_ln100" [/home/luka/Scripting/ELEC_498-Capstone-LiteLM/HLS-Verilog/Scheduler_FSM/src-hls/Head_Helpers/head_helpers.cpp:100->/home/luka/Scripting/ELEC_498-Capstone-LiteLM/HLS-Verilog/Scheduler_FSM/src-hls/Head_Helpers/head_helpers.cpp:419]   --->   Operation 148 'or' 'or_ln100' <Predicate = (!icmp_ln418)> <Delay = 0.00> <CoreInst = "LogicGate">   --->   Core 74 'LogicGate' <Latency = 0> <II = 1> <Delay = 0.28> <FuncUnit> <Opcode : 'and' 'or' 'xor'> <InPorts = 2> <OutPorts = 1>
ST_1 : Operation 149 [1/1] (0.00ns)   --->   "%trunc_ln21 = trunc i32 %p_read_85" [/home/luka/Scripting/ELEC_498-Capstone-LiteLM/HLS-Verilog/Scheduler_FSM/src-hls/Head_Helpers/head_helpers.cpp:21->/home/luka/Scripting/ELEC_498-Capstone-LiteLM/HLS-Verilog/Scheduler_FSM/src-hls/Head_Helpers/head_helpers.cpp:102->/home/luka/Scripting/ELEC_498-Capstone-LiteLM/HLS-Verilog/Scheduler_FSM/src-hls/Head_Helpers/head_helpers.cpp:419]   --->   Operation 149 'trunc' 'trunc_ln21' <Predicate = (!icmp_ln418)> <Delay = 0.00>
ST_1 : Operation 150 [1/1] (0.00ns)   --->   "%or_ln = bitconcatenate i25 @_ssdm_op_BitConcatenate.i25.i1.i8.i8.i8, i1 1, i8 %trunc_ln21, i8 %empty, i8 0" [/home/luka/Scripting/ELEC_498-Capstone-LiteLM/HLS-Verilog/Scheduler_FSM/src-hls/Head_Helpers/head_helpers.cpp:21->/home/luka/Scripting/ELEC_498-Capstone-LiteLM/HLS-Verilog/Scheduler_FSM/src-hls/Head_Helpers/head_helpers.cpp:102->/home/luka/Scripting/ELEC_498-Capstone-LiteLM/HLS-Verilog/Scheduler_FSM/src-hls/Head_Helpers/head_helpers.cpp:419]   --->   Operation 150 'bitconcatenate' 'or_ln' <Predicate = (!icmp_ln418)> <Delay = 0.00>
ST_1 : Operation 151 [1/1] (0.00ns)   --->   "%or_ln21_1_cast = sext i25 %or_ln" [/home/luka/Scripting/ELEC_498-Capstone-LiteLM/HLS-Verilog/Scheduler_FSM/src-hls/Head_Helpers/head_helpers.cpp:21->/home/luka/Scripting/ELEC_498-Capstone-LiteLM/HLS-Verilog/Scheduler_FSM/src-hls/Head_Helpers/head_helpers.cpp:102->/home/luka/Scripting/ELEC_498-Capstone-LiteLM/HLS-Verilog/Scheduler_FSM/src-hls/Head_Helpers/head_helpers.cpp:419]   --->   Operation 151 'sext' 'or_ln21_1_cast' <Predicate = (!icmp_ln418)> <Delay = 0.00>
ST_1 : Operation 152 [1/1] (0.28ns)   --->   "%head_ctx_ref_wl_start_0_1 = and i1 %head_ctx_ref_wl_start_0_0, i1 %head_ctx_ref_wl_ready_0_0" [/home/luka/Scripting/ELEC_498-Capstone-LiteLM/HLS-Verilog/Scheduler_FSM/src-hls/Head_Helpers/head_helpers.cpp:396]   --->   Operation 152 'and' 'head_ctx_ref_wl_start_0_1' <Predicate = (!icmp_ln418)> <Delay = 0.28> <CoreInst = "LogicGate">   --->   Core 74 'LogicGate' <Latency = 0> <II = 1> <Delay = 0.28> <FuncUnit> <Opcode : 'and' 'or' 'xor'> <InPorts = 2> <OutPorts = 1>
ST_1 : Operation 153 [1/1] (0.44ns) (out node of the LUT)   --->   "%head_ctx_ref_wl_instruction_0_1 = select i1 %or_ln100, i32 %head_ctx_ref_wl_instruction_0_0, i32 %or_ln21_1_cast" [/home/luka/Scripting/ELEC_498-Capstone-LiteLM/HLS-Verilog/Scheduler_FSM/src-hls/Head_Helpers/head_helpers.cpp:100->/home/luka/Scripting/ELEC_498-Capstone-LiteLM/HLS-Verilog/Scheduler_FSM/src-hls/Head_Helpers/head_helpers.cpp:419]   --->   Operation 153 'select' 'head_ctx_ref_wl_instruction_0_1' <Predicate = (!icmp_ln418)> <Delay = 0.44> <CoreInst = "Sel">   --->   Core 73 'Sel' <Latency = 0> <II = 1> <Delay = 0.44> <FuncUnit> <Opcode : 'select'> <InPorts = 3> <OutPorts = 1>
ST_1 : Operation 154 [1/1] (0.00ns) (grouped into LUT with out node head_ctx_ref_compute_op_0_1)   --->   "%xor_ln105 = xor i1 %head_ctx_ref_compute_start_0_0, i1 1" [/home/luka/Scripting/ELEC_498-Capstone-LiteLM/HLS-Verilog/Scheduler_FSM/src-hls/Head_Helpers/head_helpers.cpp:105->/home/luka/Scripting/ELEC_498-Capstone-LiteLM/HLS-Verilog/Scheduler_FSM/src-hls/Head_Helpers/head_helpers.cpp:419]   --->   Operation 154 'xor' 'xor_ln105' <Predicate = (!icmp_ln418)> <Delay = 0.00> <CoreInst = "LogicGate">   --->   Core 74 'LogicGate' <Latency = 0> <II = 1> <Delay = 0.28> <FuncUnit> <Opcode : 'and' 'or' 'xor'> <InPorts = 2> <OutPorts = 1>
ST_1 : Operation 155 [1/1] (0.00ns) (grouped into LUT with out node head_ctx_ref_compute_op_0_1)   --->   "%or_ln105 = or i1 %head_ctx_ref_compute_ready_0_0, i1 %xor_ln105" [/home/luka/Scripting/ELEC_498-Capstone-LiteLM/HLS-Verilog/Scheduler_FSM/src-hls/Head_Helpers/head_helpers.cpp:105->/home/luka/Scripting/ELEC_498-Capstone-LiteLM/HLS-Verilog/Scheduler_FSM/src-hls/Head_Helpers/head_helpers.cpp:419]   --->   Operation 155 'or' 'or_ln105' <Predicate = (!icmp_ln418)> <Delay = 0.00> <CoreInst = "LogicGate">   --->   Core 74 'LogicGate' <Latency = 0> <II = 1> <Delay = 0.28> <FuncUnit> <Opcode : 'and' 'or' 'xor'> <InPorts = 2> <OutPorts = 1>
ST_1 : Operation 156 [1/1] (0.28ns)   --->   "%head_ctx_ref_compute_start_0_1 = and i1 %head_ctx_ref_compute_start_0_0, i1 %head_ctx_ref_compute_ready_0_0" [/home/luka/Scripting/ELEC_498-Capstone-LiteLM/HLS-Verilog/Scheduler_FSM/src-hls/Head_Helpers/head_helpers.cpp:396]   --->   Operation 156 'and' 'head_ctx_ref_compute_start_0_1' <Predicate = (!icmp_ln418)> <Delay = 0.28> <CoreInst = "LogicGate">   --->   Core 74 'LogicGate' <Latency = 0> <II = 1> <Delay = 0.28> <FuncUnit> <Opcode : 'and' 'or' 'xor'> <InPorts = 2> <OutPorts = 1>
ST_1 : Operation 157 [1/1] (0.44ns) (out node of the LUT)   --->   "%head_ctx_ref_compute_op_0_1 = select i1 %or_ln105, i32 %head_ctx_ref_compute_op_0_0, i32 %or_ln21_1_cast" [/home/luka/Scripting/ELEC_498-Capstone-LiteLM/HLS-Verilog/Scheduler_FSM/src-hls/Head_Helpers/head_helpers.cpp:105->/home/luka/Scripting/ELEC_498-Capstone-LiteLM/HLS-Verilog/Scheduler_FSM/src-hls/Head_Helpers/head_helpers.cpp:419]   --->   Operation 157 'select' 'head_ctx_ref_compute_op_0_1' <Predicate = (!icmp_ln418)> <Delay = 0.44> <CoreInst = "Sel">   --->   Core 73 'Sel' <Latency = 0> <II = 1> <Delay = 0.44> <FuncUnit> <Opcode : 'select'> <InPorts = 3> <OutPorts = 1>
ST_1 : Operation 158 [1/1] (0.00ns) (grouped into LUT with out node or_ln111)   --->   "%xor_ln111 = xor i1 %head_ctx_ref_dma_done_0_0, i1 1" [/home/luka/Scripting/ELEC_498-Capstone-LiteLM/HLS-Verilog/Scheduler_FSM/src-hls/Head_Helpers/head_helpers.cpp:111->/home/luka/Scripting/ELEC_498-Capstone-LiteLM/HLS-Verilog/Scheduler_FSM/src-hls/Head_Helpers/head_helpers.cpp:419]   --->   Operation 158 'xor' 'xor_ln111' <Predicate = (!icmp_ln418)> <Delay = 0.00> <CoreInst = "LogicGate">   --->   Core 74 'LogicGate' <Latency = 0> <II = 1> <Delay = 0.28> <FuncUnit> <Opcode : 'and' 'or' 'xor'> <InPorts = 2> <OutPorts = 1>
ST_1 : Operation 159 [1/1] (0.28ns) (out node of the LUT)   --->   "%or_ln111 = or i1 %head_ctx_ref_wl_start_0_1, i1 %xor_ln111" [/home/luka/Scripting/ELEC_498-Capstone-LiteLM/HLS-Verilog/Scheduler_FSM/src-hls/Head_Helpers/head_helpers.cpp:111->/home/luka/Scripting/ELEC_498-Capstone-LiteLM/HLS-Verilog/Scheduler_FSM/src-hls/Head_Helpers/head_helpers.cpp:419]   --->   Operation 159 'or' 'or_ln111' <Predicate = (!icmp_ln418)> <Delay = 0.28> <CoreInst = "LogicGate">   --->   Core 74 'LogicGate' <Latency = 0> <II = 1> <Delay = 0.28> <FuncUnit> <Opcode : 'and' 'or' 'xor'> <InPorts = 2> <OutPorts = 1>
ST_1 : Operation 160 [1/1] (0.00ns) (grouped into LUT with out node head_ctx_ref_q_dma_done_0_3)   --->   "%xor_ln120 = xor i1 %head_ctx_ref_q_started_0_0, i1 1" [/home/luka/Scripting/ELEC_498-Capstone-LiteLM/HLS-Verilog/Scheduler_FSM/src-hls/Head_Helpers/head_helpers.cpp:120->/home/luka/Scripting/ELEC_498-Capstone-LiteLM/HLS-Verilog/Scheduler_FSM/src-hls/Head_Helpers/head_helpers.cpp:419]   --->   Operation 160 'xor' 'xor_ln120' <Predicate = (!icmp_ln418)> <Delay = 0.00> <CoreInst = "LogicGate">   --->   Core 74 'LogicGate' <Latency = 0> <II = 1> <Delay = 0.28> <FuncUnit> <Opcode : 'and' 'or' 'xor'> <InPorts = 2> <OutPorts = 1>
ST_1 : Operation 161 [1/1] (0.00ns) (grouped into LUT with out node head_ctx_ref_q_dma_done_0_3)   --->   "%and_ln120 = and i1 %head_ctx_ref_q_dma_done_0_0, i1 %xor_ln120" [/home/luka/Scripting/ELEC_498-Capstone-LiteLM/HLS-Verilog/Scheduler_FSM/src-hls/Head_Helpers/head_helpers.cpp:120->/home/luka/Scripting/ELEC_498-Capstone-LiteLM/HLS-Verilog/Scheduler_FSM/src-hls/Head_Helpers/head_helpers.cpp:419]   --->   Operation 161 'and' 'and_ln120' <Predicate = (!icmp_ln418)> <Delay = 0.00> <CoreInst = "LogicGate">   --->   Core 74 'LogicGate' <Latency = 0> <II = 1> <Delay = 0.28> <FuncUnit> <Opcode : 'and' 'or' 'xor'> <InPorts = 2> <OutPorts = 1>
ST_1 : Operation 162 [1/1] (0.00ns) (grouped into LUT with out node head_ctx_ref_k_dma_done_0_3)   --->   "%xor_ln121 = xor i1 %head_ctx_ref_k_started_0_0, i1 1" [/home/luka/Scripting/ELEC_498-Capstone-LiteLM/HLS-Verilog/Scheduler_FSM/src-hls/Head_Helpers/head_helpers.cpp:121->/home/luka/Scripting/ELEC_498-Capstone-LiteLM/HLS-Verilog/Scheduler_FSM/src-hls/Head_Helpers/head_helpers.cpp:419]   --->   Operation 162 'xor' 'xor_ln121' <Predicate = (!icmp_ln418)> <Delay = 0.00> <CoreInst = "LogicGate">   --->   Core 74 'LogicGate' <Latency = 0> <II = 1> <Delay = 0.28> <FuncUnit> <Opcode : 'and' 'or' 'xor'> <InPorts = 2> <OutPorts = 1>
ST_1 : Operation 163 [1/1] (0.00ns) (grouped into LUT with out node head_ctx_ref_k_dma_done_0_3)   --->   "%and_ln121 = and i1 %head_ctx_ref_k_dma_done_0_0, i1 %xor_ln121" [/home/luka/Scripting/ELEC_498-Capstone-LiteLM/HLS-Verilog/Scheduler_FSM/src-hls/Head_Helpers/head_helpers.cpp:121->/home/luka/Scripting/ELEC_498-Capstone-LiteLM/HLS-Verilog/Scheduler_FSM/src-hls/Head_Helpers/head_helpers.cpp:419]   --->   Operation 163 'and' 'and_ln121' <Predicate = (!icmp_ln418)> <Delay = 0.00> <CoreInst = "LogicGate">   --->   Core 74 'LogicGate' <Latency = 0> <II = 1> <Delay = 0.28> <FuncUnit> <Opcode : 'and' 'or' 'xor'> <InPorts = 2> <OutPorts = 1>
ST_1 : Operation 164 [1/1] (0.00ns) (grouped into LUT with out node head_ctx_ref_k_writeback_dma_done_0_3)   --->   "%xor_ln122 = xor i1 %head_ctx_ref_k_writeback_started_0_0, i1 1" [/home/luka/Scripting/ELEC_498-Capstone-LiteLM/HLS-Verilog/Scheduler_FSM/src-hls/Head_Helpers/head_helpers.cpp:122->/home/luka/Scripting/ELEC_498-Capstone-LiteLM/HLS-Verilog/Scheduler_FSM/src-hls/Head_Helpers/head_helpers.cpp:419]   --->   Operation 164 'xor' 'xor_ln122' <Predicate = (!icmp_ln418)> <Delay = 0.00> <CoreInst = "LogicGate">   --->   Core 74 'LogicGate' <Latency = 0> <II = 1> <Delay = 0.28> <FuncUnit> <Opcode : 'and' 'or' 'xor'> <InPorts = 2> <OutPorts = 1>
ST_1 : Operation 165 [1/1] (0.00ns) (grouped into LUT with out node head_ctx_ref_k_writeback_dma_done_0_3)   --->   "%and_ln122 = and i1 %head_ctx_ref_k_writeback_dma_done_0_0, i1 %xor_ln122" [/home/luka/Scripting/ELEC_498-Capstone-LiteLM/HLS-Verilog/Scheduler_FSM/src-hls/Head_Helpers/head_helpers.cpp:122->/home/luka/Scripting/ELEC_498-Capstone-LiteLM/HLS-Verilog/Scheduler_FSM/src-hls/Head_Helpers/head_helpers.cpp:419]   --->   Operation 165 'and' 'and_ln122' <Predicate = (!icmp_ln418)> <Delay = 0.00> <CoreInst = "LogicGate">   --->   Core 74 'LogicGate' <Latency = 0> <II = 1> <Delay = 0.28> <FuncUnit> <Opcode : 'and' 'or' 'xor'> <InPorts = 2> <OutPorts = 1>
ST_1 : Operation 166 [1/1] (0.00ns) (grouped into LUT with out node head_ctx_ref_v_dma_done_0_3)   --->   "%xor_ln123 = xor i1 %head_ctx_ref_v_started_0_0, i1 1" [/home/luka/Scripting/ELEC_498-Capstone-LiteLM/HLS-Verilog/Scheduler_FSM/src-hls/Head_Helpers/head_helpers.cpp:123->/home/luka/Scripting/ELEC_498-Capstone-LiteLM/HLS-Verilog/Scheduler_FSM/src-hls/Head_Helpers/head_helpers.cpp:419]   --->   Operation 166 'xor' 'xor_ln123' <Predicate = (!icmp_ln418)> <Delay = 0.00> <CoreInst = "LogicGate">   --->   Core 74 'LogicGate' <Latency = 0> <II = 1> <Delay = 0.28> <FuncUnit> <Opcode : 'and' 'or' 'xor'> <InPorts = 2> <OutPorts = 1>
ST_1 : Operation 167 [1/1] (0.00ns) (grouped into LUT with out node head_ctx_ref_v_dma_done_0_3)   --->   "%and_ln123 = and i1 %head_ctx_ref_v_dma_done_0_0, i1 %xor_ln123" [/home/luka/Scripting/ELEC_498-Capstone-LiteLM/HLS-Verilog/Scheduler_FSM/src-hls/Head_Helpers/head_helpers.cpp:123->/home/luka/Scripting/ELEC_498-Capstone-LiteLM/HLS-Verilog/Scheduler_FSM/src-hls/Head_Helpers/head_helpers.cpp:419]   --->   Operation 167 'and' 'and_ln123' <Predicate = (!icmp_ln418)> <Delay = 0.00> <CoreInst = "LogicGate">   --->   Core 74 'LogicGate' <Latency = 0> <II = 1> <Delay = 0.28> <FuncUnit> <Opcode : 'and' 'or' 'xor'> <InPorts = 2> <OutPorts = 1>
ST_1 : Operation 168 [1/1] (0.00ns) (grouped into LUT with out node head_ctx_ref_v_writeback_dma_done_0_3)   --->   "%xor_ln124 = xor i1 %head_ctx_ref_v_writeback_started_0_0, i1 1" [/home/luka/Scripting/ELEC_498-Capstone-LiteLM/HLS-Verilog/Scheduler_FSM/src-hls/Head_Helpers/head_helpers.cpp:124->/home/luka/Scripting/ELEC_498-Capstone-LiteLM/HLS-Verilog/Scheduler_FSM/src-hls/Head_Helpers/head_helpers.cpp:419]   --->   Operation 168 'xor' 'xor_ln124' <Predicate = (!icmp_ln418)> <Delay = 0.00> <CoreInst = "LogicGate">   --->   Core 74 'LogicGate' <Latency = 0> <II = 1> <Delay = 0.28> <FuncUnit> <Opcode : 'and' 'or' 'xor'> <InPorts = 2> <OutPorts = 1>
ST_1 : Operation 169 [1/1] (0.00ns) (grouped into LUT with out node head_ctx_ref_v_writeback_dma_done_0_3)   --->   "%and_ln124 = and i1 %head_ctx_ref_v_writeback_dma_done_0_0, i1 %xor_ln124" [/home/luka/Scripting/ELEC_498-Capstone-LiteLM/HLS-Verilog/Scheduler_FSM/src-hls/Head_Helpers/head_helpers.cpp:124->/home/luka/Scripting/ELEC_498-Capstone-LiteLM/HLS-Verilog/Scheduler_FSM/src-hls/Head_Helpers/head_helpers.cpp:419]   --->   Operation 169 'and' 'and_ln124' <Predicate = (!icmp_ln418)> <Delay = 0.00> <CoreInst = "LogicGate">   --->   Core 74 'LogicGate' <Latency = 0> <II = 1> <Delay = 0.28> <FuncUnit> <Opcode : 'and' 'or' 'xor'> <InPorts = 2> <OutPorts = 1>
ST_1 : Operation 170 [1/1] (0.00ns) (grouped into LUT with out node head_ctx_ref_att_scores_dma_done_0_3)   --->   "%xor_ln125 = xor i1 %head_ctx_ref_att_scores_started_0_0, i1 1" [/home/luka/Scripting/ELEC_498-Capstone-LiteLM/HLS-Verilog/Scheduler_FSM/src-hls/Head_Helpers/head_helpers.cpp:125->/home/luka/Scripting/ELEC_498-Capstone-LiteLM/HLS-Verilog/Scheduler_FSM/src-hls/Head_Helpers/head_helpers.cpp:419]   --->   Operation 170 'xor' 'xor_ln125' <Predicate = (!icmp_ln418)> <Delay = 0.00> <CoreInst = "LogicGate">   --->   Core 74 'LogicGate' <Latency = 0> <II = 1> <Delay = 0.28> <FuncUnit> <Opcode : 'and' 'or' 'xor'> <InPorts = 2> <OutPorts = 1>
ST_1 : Operation 171 [1/1] (0.00ns) (grouped into LUT with out node head_ctx_ref_att_scores_dma_done_0_3)   --->   "%and_ln125 = and i1 %head_ctx_ref_att_scores_dma_done_0_0, i1 %xor_ln125" [/home/luka/Scripting/ELEC_498-Capstone-LiteLM/HLS-Verilog/Scheduler_FSM/src-hls/Head_Helpers/head_helpers.cpp:125->/home/luka/Scripting/ELEC_498-Capstone-LiteLM/HLS-Verilog/Scheduler_FSM/src-hls/Head_Helpers/head_helpers.cpp:419]   --->   Operation 171 'and' 'and_ln125' <Predicate = (!icmp_ln418)> <Delay = 0.00> <CoreInst = "LogicGate">   --->   Core 74 'LogicGate' <Latency = 0> <II = 1> <Delay = 0.28> <FuncUnit> <Opcode : 'and' 'or' 'xor'> <InPorts = 2> <OutPorts = 1>
ST_1 : Operation 172 [1/1] (0.00ns) (grouped into LUT with out node head_ctx_ref_att_value_dma_done_0_3)   --->   "%xor_ln126 = xor i1 %head_ctx_ref_att_value_started_0_0, i1 1" [/home/luka/Scripting/ELEC_498-Capstone-LiteLM/HLS-Verilog/Scheduler_FSM/src-hls/Head_Helpers/head_helpers.cpp:126->/home/luka/Scripting/ELEC_498-Capstone-LiteLM/HLS-Verilog/Scheduler_FSM/src-hls/Head_Helpers/head_helpers.cpp:419]   --->   Operation 172 'xor' 'xor_ln126' <Predicate = (!icmp_ln418)> <Delay = 0.00> <CoreInst = "LogicGate">   --->   Core 74 'LogicGate' <Latency = 0> <II = 1> <Delay = 0.28> <FuncUnit> <Opcode : 'and' 'or' 'xor'> <InPorts = 2> <OutPorts = 1>
ST_1 : Operation 173 [1/1] (0.00ns) (grouped into LUT with out node head_ctx_ref_att_value_dma_done_0_3)   --->   "%and_ln126 = and i1 %head_ctx_ref_att_value_dma_done_0_0, i1 %xor_ln126" [/home/luka/Scripting/ELEC_498-Capstone-LiteLM/HLS-Verilog/Scheduler_FSM/src-hls/Head_Helpers/head_helpers.cpp:126->/home/luka/Scripting/ELEC_498-Capstone-LiteLM/HLS-Verilog/Scheduler_FSM/src-hls/Head_Helpers/head_helpers.cpp:419]   --->   Operation 173 'and' 'and_ln126' <Predicate = (!icmp_ln418)> <Delay = 0.00> <CoreInst = "LogicGate">   --->   Core 74 'LogicGate' <Latency = 0> <II = 1> <Delay = 0.28> <FuncUnit> <Opcode : 'and' 'or' 'xor'> <InPorts = 2> <OutPorts = 1>
ST_1 : Operation 174 [1/1] (0.79ns)   --->   "%icmp_ln112 = icmp_eq  i4 %head_ctx_ref_last_wl_addr_0_0, i4 1" [/home/luka/Scripting/ELEC_498-Capstone-LiteLM/HLS-Verilog/Scheduler_FSM/src-hls/Head_Helpers/head_helpers.cpp:112->/home/luka/Scripting/ELEC_498-Capstone-LiteLM/HLS-Verilog/Scheduler_FSM/src-hls/Head_Helpers/head_helpers.cpp:419]   --->   Operation 174 'icmp' 'icmp_ln112' <Predicate = (!icmp_ln418)> <Delay = 0.79> <CoreInst = "Cmp">   --->   Core 9 'Cmp' <Latency = 0> <II = 1> <Delay = 0.79> <FuncUnit> <Opcode : 'seteq' 'setne' 'setle' 'setge' 'setlt' 'setgt'> <InPorts = 2> <OutPorts = 1>
ST_1 : Operation 175 [1/1] (0.00ns) (grouped into LUT with out node head_ctx_ref_q_dma_done_0_3)   --->   "%and_ln112 = and i1 %head_ctx_ref_q_started_0_0, i1 %icmp_ln112" [/home/luka/Scripting/ELEC_498-Capstone-LiteLM/HLS-Verilog/Scheduler_FSM/src-hls/Head_Helpers/head_helpers.cpp:112->/home/luka/Scripting/ELEC_498-Capstone-LiteLM/HLS-Verilog/Scheduler_FSM/src-hls/Head_Helpers/head_helpers.cpp:419]   --->   Operation 175 'and' 'and_ln112' <Predicate = (!icmp_ln418)> <Delay = 0.00> <CoreInst = "LogicGate">   --->   Core 74 'LogicGate' <Latency = 0> <II = 1> <Delay = 0.28> <FuncUnit> <Opcode : 'and' 'or' 'xor'> <InPorts = 2> <OutPorts = 1>
ST_1 : Operation 176 [1/1] (0.00ns) (grouped into LUT with out node head_ctx_ref_q_dma_done_0_3)   --->   "%or_ln112 = or i1 %and_ln112, i1 %head_ctx_ref_q_dma_done_0_0" [/home/luka/Scripting/ELEC_498-Capstone-LiteLM/HLS-Verilog/Scheduler_FSM/src-hls/Head_Helpers/head_helpers.cpp:112->/home/luka/Scripting/ELEC_498-Capstone-LiteLM/HLS-Verilog/Scheduler_FSM/src-hls/Head_Helpers/head_helpers.cpp:419]   --->   Operation 176 'or' 'or_ln112' <Predicate = (!icmp_ln418)> <Delay = 0.00> <CoreInst = "LogicGate">   --->   Core 74 'LogicGate' <Latency = 0> <II = 1> <Delay = 0.28> <FuncUnit> <Opcode : 'and' 'or' 'xor'> <InPorts = 2> <OutPorts = 1>
ST_1 : Operation 177 [1/1] (0.79ns)   --->   "%icmp_ln113 = icmp_eq  i4 %head_ctx_ref_last_wl_addr_0_0, i4 2" [/home/luka/Scripting/ELEC_498-Capstone-LiteLM/HLS-Verilog/Scheduler_FSM/src-hls/Head_Helpers/head_helpers.cpp:113->/home/luka/Scripting/ELEC_498-Capstone-LiteLM/HLS-Verilog/Scheduler_FSM/src-hls/Head_Helpers/head_helpers.cpp:419]   --->   Operation 177 'icmp' 'icmp_ln113' <Predicate = (!icmp_ln418)> <Delay = 0.79> <CoreInst = "Cmp">   --->   Core 9 'Cmp' <Latency = 0> <II = 1> <Delay = 0.79> <FuncUnit> <Opcode : 'seteq' 'setne' 'setle' 'setge' 'setlt' 'setgt'> <InPorts = 2> <OutPorts = 1>
ST_1 : Operation 178 [1/1] (0.00ns) (grouped into LUT with out node head_ctx_ref_k_dma_done_0_3)   --->   "%and_ln113 = and i1 %head_ctx_ref_k_started_0_0, i1 %icmp_ln113" [/home/luka/Scripting/ELEC_498-Capstone-LiteLM/HLS-Verilog/Scheduler_FSM/src-hls/Head_Helpers/head_helpers.cpp:113->/home/luka/Scripting/ELEC_498-Capstone-LiteLM/HLS-Verilog/Scheduler_FSM/src-hls/Head_Helpers/head_helpers.cpp:419]   --->   Operation 178 'and' 'and_ln113' <Predicate = (!icmp_ln418)> <Delay = 0.00> <CoreInst = "LogicGate">   --->   Core 74 'LogicGate' <Latency = 0> <II = 1> <Delay = 0.28> <FuncUnit> <Opcode : 'and' 'or' 'xor'> <InPorts = 2> <OutPorts = 1>
ST_1 : Operation 179 [1/1] (0.00ns) (grouped into LUT with out node head_ctx_ref_k_dma_done_0_3)   --->   "%or_ln113 = or i1 %and_ln113, i1 %head_ctx_ref_k_dma_done_0_0" [/home/luka/Scripting/ELEC_498-Capstone-LiteLM/HLS-Verilog/Scheduler_FSM/src-hls/Head_Helpers/head_helpers.cpp:113->/home/luka/Scripting/ELEC_498-Capstone-LiteLM/HLS-Verilog/Scheduler_FSM/src-hls/Head_Helpers/head_helpers.cpp:419]   --->   Operation 179 'or' 'or_ln113' <Predicate = (!icmp_ln418)> <Delay = 0.00> <CoreInst = "LogicGate">   --->   Core 74 'LogicGate' <Latency = 0> <II = 1> <Delay = 0.28> <FuncUnit> <Opcode : 'and' 'or' 'xor'> <InPorts = 2> <OutPorts = 1>
ST_1 : Operation 180 [1/1] (0.79ns)   --->   "%icmp_ln114 = icmp_eq  i4 %head_ctx_ref_last_wl_addr_0_0, i4 3" [/home/luka/Scripting/ELEC_498-Capstone-LiteLM/HLS-Verilog/Scheduler_FSM/src-hls/Head_Helpers/head_helpers.cpp:114->/home/luka/Scripting/ELEC_498-Capstone-LiteLM/HLS-Verilog/Scheduler_FSM/src-hls/Head_Helpers/head_helpers.cpp:419]   --->   Operation 180 'icmp' 'icmp_ln114' <Predicate = (!icmp_ln418)> <Delay = 0.79> <CoreInst = "Cmp">   --->   Core 9 'Cmp' <Latency = 0> <II = 1> <Delay = 0.79> <FuncUnit> <Opcode : 'seteq' 'setne' 'setle' 'setge' 'setlt' 'setgt'> <InPorts = 2> <OutPorts = 1>
ST_1 : Operation 181 [1/1] (0.00ns) (grouped into LUT with out node head_ctx_ref_k_writeback_dma_done_0_3)   --->   "%and_ln114 = and i1 %head_ctx_ref_k_writeback_started_0_0, i1 %icmp_ln114" [/home/luka/Scripting/ELEC_498-Capstone-LiteLM/HLS-Verilog/Scheduler_FSM/src-hls/Head_Helpers/head_helpers.cpp:114->/home/luka/Scripting/ELEC_498-Capstone-LiteLM/HLS-Verilog/Scheduler_FSM/src-hls/Head_Helpers/head_helpers.cpp:419]   --->   Operation 181 'and' 'and_ln114' <Predicate = (!icmp_ln418)> <Delay = 0.00> <CoreInst = "LogicGate">   --->   Core 74 'LogicGate' <Latency = 0> <II = 1> <Delay = 0.28> <FuncUnit> <Opcode : 'and' 'or' 'xor'> <InPorts = 2> <OutPorts = 1>
ST_1 : Operation 182 [1/1] (0.00ns) (grouped into LUT with out node head_ctx_ref_k_writeback_dma_done_0_3)   --->   "%or_ln114 = or i1 %and_ln114, i1 %head_ctx_ref_k_writeback_dma_done_0_0" [/home/luka/Scripting/ELEC_498-Capstone-LiteLM/HLS-Verilog/Scheduler_FSM/src-hls/Head_Helpers/head_helpers.cpp:114->/home/luka/Scripting/ELEC_498-Capstone-LiteLM/HLS-Verilog/Scheduler_FSM/src-hls/Head_Helpers/head_helpers.cpp:419]   --->   Operation 182 'or' 'or_ln114' <Predicate = (!icmp_ln418)> <Delay = 0.00> <CoreInst = "LogicGate">   --->   Core 74 'LogicGate' <Latency = 0> <II = 1> <Delay = 0.28> <FuncUnit> <Opcode : 'and' 'or' 'xor'> <InPorts = 2> <OutPorts = 1>
ST_1 : Operation 183 [1/1] (0.79ns)   --->   "%icmp_ln115 = icmp_eq  i4 %head_ctx_ref_last_wl_addr_0_0, i4 4" [/home/luka/Scripting/ELEC_498-Capstone-LiteLM/HLS-Verilog/Scheduler_FSM/src-hls/Head_Helpers/head_helpers.cpp:115->/home/luka/Scripting/ELEC_498-Capstone-LiteLM/HLS-Verilog/Scheduler_FSM/src-hls/Head_Helpers/head_helpers.cpp:419]   --->   Operation 183 'icmp' 'icmp_ln115' <Predicate = (!icmp_ln418)> <Delay = 0.79> <CoreInst = "Cmp">   --->   Core 9 'Cmp' <Latency = 0> <II = 1> <Delay = 0.79> <FuncUnit> <Opcode : 'seteq' 'setne' 'setle' 'setge' 'setlt' 'setgt'> <InPorts = 2> <OutPorts = 1>
ST_1 : Operation 184 [1/1] (0.00ns) (grouped into LUT with out node head_ctx_ref_v_dma_done_0_3)   --->   "%and_ln115 = and i1 %head_ctx_ref_v_started_0_0, i1 %icmp_ln115" [/home/luka/Scripting/ELEC_498-Capstone-LiteLM/HLS-Verilog/Scheduler_FSM/src-hls/Head_Helpers/head_helpers.cpp:115->/home/luka/Scripting/ELEC_498-Capstone-LiteLM/HLS-Verilog/Scheduler_FSM/src-hls/Head_Helpers/head_helpers.cpp:419]   --->   Operation 184 'and' 'and_ln115' <Predicate = (!icmp_ln418)> <Delay = 0.00> <CoreInst = "LogicGate">   --->   Core 74 'LogicGate' <Latency = 0> <II = 1> <Delay = 0.28> <FuncUnit> <Opcode : 'and' 'or' 'xor'> <InPorts = 2> <OutPorts = 1>
ST_1 : Operation 185 [1/1] (0.00ns) (grouped into LUT with out node head_ctx_ref_v_dma_done_0_3)   --->   "%or_ln115 = or i1 %and_ln115, i1 %head_ctx_ref_v_dma_done_0_0" [/home/luka/Scripting/ELEC_498-Capstone-LiteLM/HLS-Verilog/Scheduler_FSM/src-hls/Head_Helpers/head_helpers.cpp:115->/home/luka/Scripting/ELEC_498-Capstone-LiteLM/HLS-Verilog/Scheduler_FSM/src-hls/Head_Helpers/head_helpers.cpp:419]   --->   Operation 185 'or' 'or_ln115' <Predicate = (!icmp_ln418)> <Delay = 0.00> <CoreInst = "LogicGate">   --->   Core 74 'LogicGate' <Latency = 0> <II = 1> <Delay = 0.28> <FuncUnit> <Opcode : 'and' 'or' 'xor'> <InPorts = 2> <OutPorts = 1>
ST_1 : Operation 186 [1/1] (0.79ns)   --->   "%icmp_ln116 = icmp_eq  i4 %head_ctx_ref_last_wl_addr_0_0, i4 5" [/home/luka/Scripting/ELEC_498-Capstone-LiteLM/HLS-Verilog/Scheduler_FSM/src-hls/Head_Helpers/head_helpers.cpp:116->/home/luka/Scripting/ELEC_498-Capstone-LiteLM/HLS-Verilog/Scheduler_FSM/src-hls/Head_Helpers/head_helpers.cpp:419]   --->   Operation 186 'icmp' 'icmp_ln116' <Predicate = (!icmp_ln418)> <Delay = 0.79> <CoreInst = "Cmp">   --->   Core 9 'Cmp' <Latency = 0> <II = 1> <Delay = 0.79> <FuncUnit> <Opcode : 'seteq' 'setne' 'setle' 'setge' 'setlt' 'setgt'> <InPorts = 2> <OutPorts = 1>
ST_1 : Operation 187 [1/1] (0.00ns) (grouped into LUT with out node head_ctx_ref_v_writeback_dma_done_0_3)   --->   "%and_ln116 = and i1 %head_ctx_ref_v_writeback_started_0_0, i1 %icmp_ln116" [/home/luka/Scripting/ELEC_498-Capstone-LiteLM/HLS-Verilog/Scheduler_FSM/src-hls/Head_Helpers/head_helpers.cpp:116->/home/luka/Scripting/ELEC_498-Capstone-LiteLM/HLS-Verilog/Scheduler_FSM/src-hls/Head_Helpers/head_helpers.cpp:419]   --->   Operation 187 'and' 'and_ln116' <Predicate = (!icmp_ln418)> <Delay = 0.00> <CoreInst = "LogicGate">   --->   Core 74 'LogicGate' <Latency = 0> <II = 1> <Delay = 0.28> <FuncUnit> <Opcode : 'and' 'or' 'xor'> <InPorts = 2> <OutPorts = 1>
ST_1 : Operation 188 [1/1] (0.00ns) (grouped into LUT with out node head_ctx_ref_v_writeback_dma_done_0_3)   --->   "%or_ln116 = or i1 %and_ln116, i1 %head_ctx_ref_v_writeback_dma_done_0_0" [/home/luka/Scripting/ELEC_498-Capstone-LiteLM/HLS-Verilog/Scheduler_FSM/src-hls/Head_Helpers/head_helpers.cpp:116->/home/luka/Scripting/ELEC_498-Capstone-LiteLM/HLS-Verilog/Scheduler_FSM/src-hls/Head_Helpers/head_helpers.cpp:419]   --->   Operation 188 'or' 'or_ln116' <Predicate = (!icmp_ln418)> <Delay = 0.00> <CoreInst = "LogicGate">   --->   Core 74 'LogicGate' <Latency = 0> <II = 1> <Delay = 0.28> <FuncUnit> <Opcode : 'and' 'or' 'xor'> <InPorts = 2> <OutPorts = 1>
ST_1 : Operation 189 [1/1] (0.79ns)   --->   "%icmp_ln117 = icmp_eq  i4 %head_ctx_ref_last_wl_addr_0_0, i4 6" [/home/luka/Scripting/ELEC_498-Capstone-LiteLM/HLS-Verilog/Scheduler_FSM/src-hls/Head_Helpers/head_helpers.cpp:117->/home/luka/Scripting/ELEC_498-Capstone-LiteLM/HLS-Verilog/Scheduler_FSM/src-hls/Head_Helpers/head_helpers.cpp:419]   --->   Operation 189 'icmp' 'icmp_ln117' <Predicate = (!icmp_ln418)> <Delay = 0.79> <CoreInst = "Cmp">   --->   Core 9 'Cmp' <Latency = 0> <II = 1> <Delay = 0.79> <FuncUnit> <Opcode : 'seteq' 'setne' 'setle' 'setge' 'setlt' 'setgt'> <InPorts = 2> <OutPorts = 1>
ST_1 : Operation 190 [1/1] (0.00ns) (grouped into LUT with out node head_ctx_ref_att_scores_dma_done_0_3)   --->   "%and_ln117 = and i1 %head_ctx_ref_att_scores_started_0_0, i1 %icmp_ln117" [/home/luka/Scripting/ELEC_498-Capstone-LiteLM/HLS-Verilog/Scheduler_FSM/src-hls/Head_Helpers/head_helpers.cpp:117->/home/luka/Scripting/ELEC_498-Capstone-LiteLM/HLS-Verilog/Scheduler_FSM/src-hls/Head_Helpers/head_helpers.cpp:419]   --->   Operation 190 'and' 'and_ln117' <Predicate = (!icmp_ln418)> <Delay = 0.00> <CoreInst = "LogicGate">   --->   Core 74 'LogicGate' <Latency = 0> <II = 1> <Delay = 0.28> <FuncUnit> <Opcode : 'and' 'or' 'xor'> <InPorts = 2> <OutPorts = 1>
ST_1 : Operation 191 [1/1] (0.00ns) (grouped into LUT with out node head_ctx_ref_att_scores_dma_done_0_3)   --->   "%or_ln117 = or i1 %and_ln117, i1 %head_ctx_ref_att_scores_dma_done_0_0" [/home/luka/Scripting/ELEC_498-Capstone-LiteLM/HLS-Verilog/Scheduler_FSM/src-hls/Head_Helpers/head_helpers.cpp:117->/home/luka/Scripting/ELEC_498-Capstone-LiteLM/HLS-Verilog/Scheduler_FSM/src-hls/Head_Helpers/head_helpers.cpp:419]   --->   Operation 191 'or' 'or_ln117' <Predicate = (!icmp_ln418)> <Delay = 0.00> <CoreInst = "LogicGate">   --->   Core 74 'LogicGate' <Latency = 0> <II = 1> <Delay = 0.28> <FuncUnit> <Opcode : 'and' 'or' 'xor'> <InPorts = 2> <OutPorts = 1>
ST_1 : Operation 192 [1/1] (0.79ns)   --->   "%icmp_ln118 = icmp_eq  i4 %head_ctx_ref_last_wl_addr_0_0, i4 7" [/home/luka/Scripting/ELEC_498-Capstone-LiteLM/HLS-Verilog/Scheduler_FSM/src-hls/Head_Helpers/head_helpers.cpp:118->/home/luka/Scripting/ELEC_498-Capstone-LiteLM/HLS-Verilog/Scheduler_FSM/src-hls/Head_Helpers/head_helpers.cpp:419]   --->   Operation 192 'icmp' 'icmp_ln118' <Predicate = (!icmp_ln418)> <Delay = 0.79> <CoreInst = "Cmp">   --->   Core 9 'Cmp' <Latency = 0> <II = 1> <Delay = 0.79> <FuncUnit> <Opcode : 'seteq' 'setne' 'setle' 'setge' 'setlt' 'setgt'> <InPorts = 2> <OutPorts = 1>
ST_1 : Operation 193 [1/1] (0.00ns) (grouped into LUT with out node head_ctx_ref_att_value_dma_done_0_3)   --->   "%and_ln118 = and i1 %head_ctx_ref_att_value_started_0_0, i1 %icmp_ln118" [/home/luka/Scripting/ELEC_498-Capstone-LiteLM/HLS-Verilog/Scheduler_FSM/src-hls/Head_Helpers/head_helpers.cpp:118->/home/luka/Scripting/ELEC_498-Capstone-LiteLM/HLS-Verilog/Scheduler_FSM/src-hls/Head_Helpers/head_helpers.cpp:419]   --->   Operation 193 'and' 'and_ln118' <Predicate = (!icmp_ln418)> <Delay = 0.00> <CoreInst = "LogicGate">   --->   Core 74 'LogicGate' <Latency = 0> <II = 1> <Delay = 0.28> <FuncUnit> <Opcode : 'and' 'or' 'xor'> <InPorts = 2> <OutPorts = 1>
ST_1 : Operation 194 [1/1] (0.00ns) (grouped into LUT with out node head_ctx_ref_att_value_dma_done_0_3)   --->   "%or_ln118 = or i1 %and_ln118, i1 %head_ctx_ref_att_value_dma_done_0_0" [/home/luka/Scripting/ELEC_498-Capstone-LiteLM/HLS-Verilog/Scheduler_FSM/src-hls/Head_Helpers/head_helpers.cpp:118->/home/luka/Scripting/ELEC_498-Capstone-LiteLM/HLS-Verilog/Scheduler_FSM/src-hls/Head_Helpers/head_helpers.cpp:419]   --->   Operation 194 'or' 'or_ln118' <Predicate = (!icmp_ln418)> <Delay = 0.00> <CoreInst = "LogicGate">   --->   Core 74 'LogicGate' <Latency = 0> <II = 1> <Delay = 0.28> <FuncUnit> <Opcode : 'and' 'or' 'xor'> <InPorts = 2> <OutPorts = 1>
ST_1 : Operation 195 [1/1] (0.28ns) (out node of the LUT)   --->   "%head_ctx_ref_q_dma_done_0_3 = select i1 %or_ln111, i1 %and_ln120, i1 %or_ln112" [/home/luka/Scripting/ELEC_498-Capstone-LiteLM/HLS-Verilog/Scheduler_FSM/src-hls/Head_Helpers/head_helpers.cpp:111->/home/luka/Scripting/ELEC_498-Capstone-LiteLM/HLS-Verilog/Scheduler_FSM/src-hls/Head_Helpers/head_helpers.cpp:419]   --->   Operation 195 'select' 'head_ctx_ref_q_dma_done_0_3' <Predicate = (!icmp_ln418)> <Delay = 0.28> <CoreInst = "Sel">   --->   Core 73 'Sel' <Latency = 0> <II = 1> <Delay = 0.17> <FuncUnit> <Opcode : 'select'> <InPorts = 3> <OutPorts = 1>
ST_1 : Operation 196 [1/1] (0.28ns) (out node of the LUT)   --->   "%head_ctx_ref_k_dma_done_0_3 = select i1 %or_ln111, i1 %and_ln121, i1 %or_ln113" [/home/luka/Scripting/ELEC_498-Capstone-LiteLM/HLS-Verilog/Scheduler_FSM/src-hls/Head_Helpers/head_helpers.cpp:111->/home/luka/Scripting/ELEC_498-Capstone-LiteLM/HLS-Verilog/Scheduler_FSM/src-hls/Head_Helpers/head_helpers.cpp:419]   --->   Operation 196 'select' 'head_ctx_ref_k_dma_done_0_3' <Predicate = (!icmp_ln418)> <Delay = 0.28> <CoreInst = "Sel">   --->   Core 73 'Sel' <Latency = 0> <II = 1> <Delay = 0.17> <FuncUnit> <Opcode : 'select'> <InPorts = 3> <OutPorts = 1>
ST_1 : Operation 197 [1/1] (0.28ns) (out node of the LUT)   --->   "%head_ctx_ref_k_writeback_dma_done_0_3 = select i1 %or_ln111, i1 %and_ln122, i1 %or_ln114" [/home/luka/Scripting/ELEC_498-Capstone-LiteLM/HLS-Verilog/Scheduler_FSM/src-hls/Head_Helpers/head_helpers.cpp:111->/home/luka/Scripting/ELEC_498-Capstone-LiteLM/HLS-Verilog/Scheduler_FSM/src-hls/Head_Helpers/head_helpers.cpp:419]   --->   Operation 197 'select' 'head_ctx_ref_k_writeback_dma_done_0_3' <Predicate = (!icmp_ln418)> <Delay = 0.28> <CoreInst = "Sel">   --->   Core 73 'Sel' <Latency = 0> <II = 1> <Delay = 0.17> <FuncUnit> <Opcode : 'select'> <InPorts = 3> <OutPorts = 1>
ST_1 : Operation 198 [1/1] (0.28ns) (out node of the LUT)   --->   "%head_ctx_ref_v_dma_done_0_3 = select i1 %or_ln111, i1 %and_ln123, i1 %or_ln115" [/home/luka/Scripting/ELEC_498-Capstone-LiteLM/HLS-Verilog/Scheduler_FSM/src-hls/Head_Helpers/head_helpers.cpp:111->/home/luka/Scripting/ELEC_498-Capstone-LiteLM/HLS-Verilog/Scheduler_FSM/src-hls/Head_Helpers/head_helpers.cpp:419]   --->   Operation 198 'select' 'head_ctx_ref_v_dma_done_0_3' <Predicate = (!icmp_ln418)> <Delay = 0.28> <CoreInst = "Sel">   --->   Core 73 'Sel' <Latency = 0> <II = 1> <Delay = 0.17> <FuncUnit> <Opcode : 'select'> <InPorts = 3> <OutPorts = 1>
ST_1 : Operation 199 [1/1] (0.28ns) (out node of the LUT)   --->   "%head_ctx_ref_v_writeback_dma_done_0_3 = select i1 %or_ln111, i1 %and_ln124, i1 %or_ln116" [/home/luka/Scripting/ELEC_498-Capstone-LiteLM/HLS-Verilog/Scheduler_FSM/src-hls/Head_Helpers/head_helpers.cpp:111->/home/luka/Scripting/ELEC_498-Capstone-LiteLM/HLS-Verilog/Scheduler_FSM/src-hls/Head_Helpers/head_helpers.cpp:419]   --->   Operation 199 'select' 'head_ctx_ref_v_writeback_dma_done_0_3' <Predicate = (!icmp_ln418)> <Delay = 0.28> <CoreInst = "Sel">   --->   Core 73 'Sel' <Latency = 0> <II = 1> <Delay = 0.17> <FuncUnit> <Opcode : 'select'> <InPorts = 3> <OutPorts = 1>
ST_1 : Operation 200 [1/1] (0.28ns) (out node of the LUT)   --->   "%head_ctx_ref_att_scores_dma_done_0_3 = select i1 %or_ln111, i1 %and_ln125, i1 %or_ln117" [/home/luka/Scripting/ELEC_498-Capstone-LiteLM/HLS-Verilog/Scheduler_FSM/src-hls/Head_Helpers/head_helpers.cpp:111->/home/luka/Scripting/ELEC_498-Capstone-LiteLM/HLS-Verilog/Scheduler_FSM/src-hls/Head_Helpers/head_helpers.cpp:419]   --->   Operation 200 'select' 'head_ctx_ref_att_scores_dma_done_0_3' <Predicate = (!icmp_ln418)> <Delay = 0.28> <CoreInst = "Sel">   --->   Core 73 'Sel' <Latency = 0> <II = 1> <Delay = 0.17> <FuncUnit> <Opcode : 'select'> <InPorts = 3> <OutPorts = 1>
ST_1 : Operation 201 [1/1] (0.28ns) (out node of the LUT)   --->   "%head_ctx_ref_att_value_dma_done_0_3 = select i1 %or_ln111, i1 %and_ln126, i1 %or_ln118" [/home/luka/Scripting/ELEC_498-Capstone-LiteLM/HLS-Verilog/Scheduler_FSM/src-hls/Head_Helpers/head_helpers.cpp:111->/home/luka/Scripting/ELEC_498-Capstone-LiteLM/HLS-Verilog/Scheduler_FSM/src-hls/Head_Helpers/head_helpers.cpp:419]   --->   Operation 201 'select' 'head_ctx_ref_att_value_dma_done_0_3' <Predicate = (!icmp_ln418)> <Delay = 0.28> <CoreInst = "Sel">   --->   Core 73 'Sel' <Latency = 0> <II = 1> <Delay = 0.17> <FuncUnit> <Opcode : 'select'> <InPorts = 3> <OutPorts = 1>
ST_1 : Operation 202 [1/1] (0.00ns)   --->   "%last_op = trunc i32 %packed_op_assign" [/home/luka/Scripting/ELEC_498-Capstone-LiteLM/HLS-Verilog/Scheduler_FSM/src-hls/Head_Helpers/head_helpers.cpp:26->/home/luka/Scripting/ELEC_498-Capstone-LiteLM/HLS-Verilog/Scheduler_FSM/src-hls/Head_Helpers/head_helpers.cpp:132->/home/luka/Scripting/ELEC_498-Capstone-LiteLM/HLS-Verilog/Scheduler_FSM/src-hls/Head_Helpers/head_helpers.cpp:419]   --->   Operation 202 'trunc' 'last_op' <Predicate = (!icmp_ln418)> <Delay = 0.00>
ST_1 : Operation 203 [1/1] (0.76ns)   --->   "%icmp_ln133 = icmp_eq  i8 %last_op, i8 3" [/home/luka/Scripting/ELEC_498-Capstone-LiteLM/HLS-Verilog/Scheduler_FSM/src-hls/Head_Helpers/head_helpers.cpp:133->/home/luka/Scripting/ELEC_498-Capstone-LiteLM/HLS-Verilog/Scheduler_FSM/src-hls/Head_Helpers/head_helpers.cpp:419]   --->   Operation 203 'icmp' 'icmp_ln133' <Predicate = (!icmp_ln418)> <Delay = 0.76> <CoreInst = "Cmp">   --->   Core 9 'Cmp' <Latency = 0> <II = 1> <Delay = 0.76> <FuncUnit> <Opcode : 'seteq' 'setne' 'setle' 'setge' 'setlt' 'setgt'> <InPorts = 2> <OutPorts = 1>
ST_1 : Operation 204 [1/1] (0.00ns) (grouped into LUT with out node head_ctx_ref_q_compute_done_0_2)   --->   "%and_ln133 = and i1 %head_ctx_ref_q_started_0_0, i1 %icmp_ln133" [/home/luka/Scripting/ELEC_498-Capstone-LiteLM/HLS-Verilog/Scheduler_FSM/src-hls/Head_Helpers/head_helpers.cpp:133->/home/luka/Scripting/ELEC_498-Capstone-LiteLM/HLS-Verilog/Scheduler_FSM/src-hls/Head_Helpers/head_helpers.cpp:419]   --->   Operation 204 'and' 'and_ln133' <Predicate = (!icmp_ln418)> <Delay = 0.00> <CoreInst = "LogicGate">   --->   Core 74 'LogicGate' <Latency = 0> <II = 1> <Delay = 0.28> <FuncUnit> <Opcode : 'and' 'or' 'xor'> <InPorts = 2> <OutPorts = 1>
ST_1 : Operation 205 [1/1] (0.76ns)   --->   "%icmp_ln134 = icmp_eq  i8 %last_op, i8 4" [/home/luka/Scripting/ELEC_498-Capstone-LiteLM/HLS-Verilog/Scheduler_FSM/src-hls/Head_Helpers/head_helpers.cpp:134->/home/luka/Scripting/ELEC_498-Capstone-LiteLM/HLS-Verilog/Scheduler_FSM/src-hls/Head_Helpers/head_helpers.cpp:419]   --->   Operation 205 'icmp' 'icmp_ln134' <Predicate = (!icmp_ln418)> <Delay = 0.76> <CoreInst = "Cmp">   --->   Core 9 'Cmp' <Latency = 0> <II = 1> <Delay = 0.76> <FuncUnit> <Opcode : 'seteq' 'setne' 'setle' 'setge' 'setlt' 'setgt'> <InPorts = 2> <OutPorts = 1>
ST_1 : Operation 206 [1/1] (0.00ns) (grouped into LUT with out node head_ctx_ref_k_compute_done_0_2)   --->   "%and_ln134 = and i1 %head_ctx_ref_k_started_0_0, i1 %icmp_ln134" [/home/luka/Scripting/ELEC_498-Capstone-LiteLM/HLS-Verilog/Scheduler_FSM/src-hls/Head_Helpers/head_helpers.cpp:134->/home/luka/Scripting/ELEC_498-Capstone-LiteLM/HLS-Verilog/Scheduler_FSM/src-hls/Head_Helpers/head_helpers.cpp:419]   --->   Operation 206 'and' 'and_ln134' <Predicate = (!icmp_ln418)> <Delay = 0.00> <CoreInst = "LogicGate">   --->   Core 74 'LogicGate' <Latency = 0> <II = 1> <Delay = 0.28> <FuncUnit> <Opcode : 'and' 'or' 'xor'> <InPorts = 2> <OutPorts = 1>
ST_1 : Operation 207 [1/1] (0.76ns)   --->   "%icmp_ln135 = icmp_eq  i8 %last_op, i8 5" [/home/luka/Scripting/ELEC_498-Capstone-LiteLM/HLS-Verilog/Scheduler_FSM/src-hls/Head_Helpers/head_helpers.cpp:135->/home/luka/Scripting/ELEC_498-Capstone-LiteLM/HLS-Verilog/Scheduler_FSM/src-hls/Head_Helpers/head_helpers.cpp:419]   --->   Operation 207 'icmp' 'icmp_ln135' <Predicate = (!icmp_ln418)> <Delay = 0.76> <CoreInst = "Cmp">   --->   Core 9 'Cmp' <Latency = 0> <II = 1> <Delay = 0.76> <FuncUnit> <Opcode : 'seteq' 'setne' 'setle' 'setge' 'setlt' 'setgt'> <InPorts = 2> <OutPorts = 1>
ST_1 : Operation 208 [1/1] (0.00ns) (grouped into LUT with out node head_ctx_ref_k_requant_compute_done_0_2)   --->   "%and_ln135 = and i1 %head_ctx_ref_k_requant_started_0_0, i1 %icmp_ln135" [/home/luka/Scripting/ELEC_498-Capstone-LiteLM/HLS-Verilog/Scheduler_FSM/src-hls/Head_Helpers/head_helpers.cpp:135->/home/luka/Scripting/ELEC_498-Capstone-LiteLM/HLS-Verilog/Scheduler_FSM/src-hls/Head_Helpers/head_helpers.cpp:419]   --->   Operation 208 'and' 'and_ln135' <Predicate = (!icmp_ln418)> <Delay = 0.00> <CoreInst = "LogicGate">   --->   Core 74 'LogicGate' <Latency = 0> <II = 1> <Delay = 0.28> <FuncUnit> <Opcode : 'and' 'or' 'xor'> <InPorts = 2> <OutPorts = 1>
ST_1 : Operation 209 [1/1] (0.76ns)   --->   "%icmp_ln136 = icmp_eq  i8 %last_op, i8 6" [/home/luka/Scripting/ELEC_498-Capstone-LiteLM/HLS-Verilog/Scheduler_FSM/src-hls/Head_Helpers/head_helpers.cpp:136->/home/luka/Scripting/ELEC_498-Capstone-LiteLM/HLS-Verilog/Scheduler_FSM/src-hls/Head_Helpers/head_helpers.cpp:419]   --->   Operation 209 'icmp' 'icmp_ln136' <Predicate = (!icmp_ln418)> <Delay = 0.76> <CoreInst = "Cmp">   --->   Core 9 'Cmp' <Latency = 0> <II = 1> <Delay = 0.76> <FuncUnit> <Opcode : 'seteq' 'setne' 'setle' 'setge' 'setlt' 'setgt'> <InPorts = 2> <OutPorts = 1>
ST_1 : Operation 210 [1/1] (0.00ns) (grouped into LUT with out node head_ctx_ref_v_compute_done_0_2)   --->   "%and_ln136 = and i1 %head_ctx_ref_v_started_0_0, i1 %icmp_ln136" [/home/luka/Scripting/ELEC_498-Capstone-LiteLM/HLS-Verilog/Scheduler_FSM/src-hls/Head_Helpers/head_helpers.cpp:136->/home/luka/Scripting/ELEC_498-Capstone-LiteLM/HLS-Verilog/Scheduler_FSM/src-hls/Head_Helpers/head_helpers.cpp:419]   --->   Operation 210 'and' 'and_ln136' <Predicate = (!icmp_ln418)> <Delay = 0.00> <CoreInst = "LogicGate">   --->   Core 74 'LogicGate' <Latency = 0> <II = 1> <Delay = 0.28> <FuncUnit> <Opcode : 'and' 'or' 'xor'> <InPorts = 2> <OutPorts = 1>
ST_1 : Operation 211 [1/1] (0.76ns)   --->   "%icmp_ln137 = icmp_eq  i8 %last_op, i8 7" [/home/luka/Scripting/ELEC_498-Capstone-LiteLM/HLS-Verilog/Scheduler_FSM/src-hls/Head_Helpers/head_helpers.cpp:137->/home/luka/Scripting/ELEC_498-Capstone-LiteLM/HLS-Verilog/Scheduler_FSM/src-hls/Head_Helpers/head_helpers.cpp:419]   --->   Operation 211 'icmp' 'icmp_ln137' <Predicate = (!icmp_ln418)> <Delay = 0.76> <CoreInst = "Cmp">   --->   Core 9 'Cmp' <Latency = 0> <II = 1> <Delay = 0.76> <FuncUnit> <Opcode : 'seteq' 'setne' 'setle' 'setge' 'setlt' 'setgt'> <InPorts = 2> <OutPorts = 1>
ST_1 : Operation 212 [1/1] (0.00ns) (grouped into LUT with out node head_ctx_ref_v_requant_compute_done_0_2)   --->   "%and_ln137 = and i1 %head_ctx_ref_v_requant_started_0_0, i1 %icmp_ln137" [/home/luka/Scripting/ELEC_498-Capstone-LiteLM/HLS-Verilog/Scheduler_FSM/src-hls/Head_Helpers/head_helpers.cpp:137->/home/luka/Scripting/ELEC_498-Capstone-LiteLM/HLS-Verilog/Scheduler_FSM/src-hls/Head_Helpers/head_helpers.cpp:419]   --->   Operation 212 'and' 'and_ln137' <Predicate = (!icmp_ln418)> <Delay = 0.00> <CoreInst = "LogicGate">   --->   Core 74 'LogicGate' <Latency = 0> <II = 1> <Delay = 0.28> <FuncUnit> <Opcode : 'and' 'or' 'xor'> <InPorts = 2> <OutPorts = 1>
ST_1 : Operation 213 [1/1] (0.76ns)   --->   "%icmp_ln138 = icmp_eq  i8 %last_op, i8 8" [/home/luka/Scripting/ELEC_498-Capstone-LiteLM/HLS-Verilog/Scheduler_FSM/src-hls/Head_Helpers/head_helpers.cpp:138->/home/luka/Scripting/ELEC_498-Capstone-LiteLM/HLS-Verilog/Scheduler_FSM/src-hls/Head_Helpers/head_helpers.cpp:419]   --->   Operation 213 'icmp' 'icmp_ln138' <Predicate = (!icmp_ln418)> <Delay = 0.76> <CoreInst = "Cmp">   --->   Core 9 'Cmp' <Latency = 0> <II = 1> <Delay = 0.76> <FuncUnit> <Opcode : 'seteq' 'setne' 'setle' 'setge' 'setlt' 'setgt'> <InPorts = 2> <OutPorts = 1>
ST_1 : Operation 214 [1/1] (0.00ns) (grouped into LUT with out node head_ctx_ref_requant_q_compute_done_0_2)   --->   "%and_ln138 = and i1 %head_ctx_ref_requant_q_started_0_0, i1 %icmp_ln138" [/home/luka/Scripting/ELEC_498-Capstone-LiteLM/HLS-Verilog/Scheduler_FSM/src-hls/Head_Helpers/head_helpers.cpp:138->/home/luka/Scripting/ELEC_498-Capstone-LiteLM/HLS-Verilog/Scheduler_FSM/src-hls/Head_Helpers/head_helpers.cpp:419]   --->   Operation 214 'and' 'and_ln138' <Predicate = (!icmp_ln418)> <Delay = 0.00> <CoreInst = "LogicGate">   --->   Core 74 'LogicGate' <Latency = 0> <II = 1> <Delay = 0.28> <FuncUnit> <Opcode : 'and' 'or' 'xor'> <InPorts = 2> <OutPorts = 1>
ST_1 : Operation 215 [1/1] (0.76ns)   --->   "%icmp_ln139 = icmp_eq  i8 %last_op, i8 9" [/home/luka/Scripting/ELEC_498-Capstone-LiteLM/HLS-Verilog/Scheduler_FSM/src-hls/Head_Helpers/head_helpers.cpp:139->/home/luka/Scripting/ELEC_498-Capstone-LiteLM/HLS-Verilog/Scheduler_FSM/src-hls/Head_Helpers/head_helpers.cpp:419]   --->   Operation 215 'icmp' 'icmp_ln139' <Predicate = (!icmp_ln418)> <Delay = 0.76> <CoreInst = "Cmp">   --->   Core 9 'Cmp' <Latency = 0> <II = 1> <Delay = 0.76> <FuncUnit> <Opcode : 'seteq' 'setne' 'setle' 'setge' 'setlt' 'setgt'> <InPorts = 2> <OutPorts = 1>
ST_1 : Operation 216 [1/1] (0.00ns) (grouped into LUT with out node head_ctx_ref_att_scores_compute_done_0_2)   --->   "%and_ln139 = and i1 %head_ctx_ref_att_scores_started_0_0, i1 %icmp_ln139" [/home/luka/Scripting/ELEC_498-Capstone-LiteLM/HLS-Verilog/Scheduler_FSM/src-hls/Head_Helpers/head_helpers.cpp:139->/home/luka/Scripting/ELEC_498-Capstone-LiteLM/HLS-Verilog/Scheduler_FSM/src-hls/Head_Helpers/head_helpers.cpp:419]   --->   Operation 216 'and' 'and_ln139' <Predicate = (!icmp_ln418)> <Delay = 0.00> <CoreInst = "LogicGate">   --->   Core 74 'LogicGate' <Latency = 0> <II = 1> <Delay = 0.28> <FuncUnit> <Opcode : 'and' 'or' 'xor'> <InPorts = 2> <OutPorts = 1>
ST_1 : Operation 217 [1/1] (0.76ns)   --->   "%icmp_ln140 = icmp_eq  i8 %last_op, i8 10" [/home/luka/Scripting/ELEC_498-Capstone-LiteLM/HLS-Verilog/Scheduler_FSM/src-hls/Head_Helpers/head_helpers.cpp:140->/home/luka/Scripting/ELEC_498-Capstone-LiteLM/HLS-Verilog/Scheduler_FSM/src-hls/Head_Helpers/head_helpers.cpp:419]   --->   Operation 217 'icmp' 'icmp_ln140' <Predicate = (!icmp_ln418)> <Delay = 0.76> <CoreInst = "Cmp">   --->   Core 9 'Cmp' <Latency = 0> <II = 1> <Delay = 0.76> <FuncUnit> <Opcode : 'seteq' 'setne' 'setle' 'setge' 'setlt' 'setgt'> <InPorts = 2> <OutPorts = 1>
ST_1 : Operation 218 [1/1] (0.00ns) (grouped into LUT with out node head_ctx_ref_val_scale_compute_done_0_2)   --->   "%and_ln140 = and i1 %head_ctx_ref_val_scale_started_0_0, i1 %icmp_ln140" [/home/luka/Scripting/ELEC_498-Capstone-LiteLM/HLS-Verilog/Scheduler_FSM/src-hls/Head_Helpers/head_helpers.cpp:140->/home/luka/Scripting/ELEC_498-Capstone-LiteLM/HLS-Verilog/Scheduler_FSM/src-hls/Head_Helpers/head_helpers.cpp:419]   --->   Operation 218 'and' 'and_ln140' <Predicate = (!icmp_ln418)> <Delay = 0.00> <CoreInst = "LogicGate">   --->   Core 74 'LogicGate' <Latency = 0> <II = 1> <Delay = 0.28> <FuncUnit> <Opcode : 'and' 'or' 'xor'> <InPorts = 2> <OutPorts = 1>
ST_1 : Operation 219 [1/1] (0.76ns)   --->   "%icmp_ln141 = icmp_eq  i8 %last_op, i8 11" [/home/luka/Scripting/ELEC_498-Capstone-LiteLM/HLS-Verilog/Scheduler_FSM/src-hls/Head_Helpers/head_helpers.cpp:141->/home/luka/Scripting/ELEC_498-Capstone-LiteLM/HLS-Verilog/Scheduler_FSM/src-hls/Head_Helpers/head_helpers.cpp:419]   --->   Operation 219 'icmp' 'icmp_ln141' <Predicate = (!icmp_ln418)> <Delay = 0.76> <CoreInst = "Cmp">   --->   Core 9 'Cmp' <Latency = 0> <II = 1> <Delay = 0.76> <FuncUnit> <Opcode : 'seteq' 'setne' 'setle' 'setge' 'setlt' 'setgt'> <InPorts = 2> <OutPorts = 1>
ST_1 : Operation 220 [1/1] (0.00ns) (grouped into LUT with out node head_ctx_ref_softmax_compute_done_0_2)   --->   "%and_ln141 = and i1 %head_ctx_ref_softmax_started_0_0, i1 %icmp_ln141" [/home/luka/Scripting/ELEC_498-Capstone-LiteLM/HLS-Verilog/Scheduler_FSM/src-hls/Head_Helpers/head_helpers.cpp:141->/home/luka/Scripting/ELEC_498-Capstone-LiteLM/HLS-Verilog/Scheduler_FSM/src-hls/Head_Helpers/head_helpers.cpp:419]   --->   Operation 220 'and' 'and_ln141' <Predicate = (!icmp_ln418)> <Delay = 0.00> <CoreInst = "LogicGate">   --->   Core 74 'LogicGate' <Latency = 0> <II = 1> <Delay = 0.28> <FuncUnit> <Opcode : 'and' 'or' 'xor'> <InPorts = 2> <OutPorts = 1>
ST_1 : Operation 221 [1/1] (0.76ns)   --->   "%icmp_ln142 = icmp_eq  i8 %last_op, i8 12" [/home/luka/Scripting/ELEC_498-Capstone-LiteLM/HLS-Verilog/Scheduler_FSM/src-hls/Head_Helpers/head_helpers.cpp:142->/home/luka/Scripting/ELEC_498-Capstone-LiteLM/HLS-Verilog/Scheduler_FSM/src-hls/Head_Helpers/head_helpers.cpp:419]   --->   Operation 221 'icmp' 'icmp_ln142' <Predicate = (!icmp_ln418)> <Delay = 0.76> <CoreInst = "Cmp">   --->   Core 9 'Cmp' <Latency = 0> <II = 1> <Delay = 0.76> <FuncUnit> <Opcode : 'seteq' 'setne' 'setle' 'setge' 'setlt' 'setgt'> <InPorts = 2> <OutPorts = 1>
ST_1 : Operation 222 [1/1] (0.00ns) (grouped into LUT with out node head_ctx_ref_att_value_compute_done_0_2)   --->   "%and_ln142 = and i1 %head_ctx_ref_att_value_started_0_0, i1 %icmp_ln142" [/home/luka/Scripting/ELEC_498-Capstone-LiteLM/HLS-Verilog/Scheduler_FSM/src-hls/Head_Helpers/head_helpers.cpp:142->/home/luka/Scripting/ELEC_498-Capstone-LiteLM/HLS-Verilog/Scheduler_FSM/src-hls/Head_Helpers/head_helpers.cpp:419]   --->   Operation 222 'and' 'and_ln142' <Predicate = (!icmp_ln418)> <Delay = 0.00> <CoreInst = "LogicGate">   --->   Core 74 'LogicGate' <Latency = 0> <II = 1> <Delay = 0.28> <FuncUnit> <Opcode : 'and' 'or' 'xor'> <InPorts = 2> <OutPorts = 1>
ST_1 : Operation 223 [1/1] (0.76ns)   --->   "%icmp_ln143 = icmp_eq  i8 %last_op, i8 13" [/home/luka/Scripting/ELEC_498-Capstone-LiteLM/HLS-Verilog/Scheduler_FSM/src-hls/Head_Helpers/head_helpers.cpp:143->/home/luka/Scripting/ELEC_498-Capstone-LiteLM/HLS-Verilog/Scheduler_FSM/src-hls/Head_Helpers/head_helpers.cpp:419]   --->   Operation 223 'icmp' 'icmp_ln143' <Predicate = (!icmp_ln418)> <Delay = 0.76> <CoreInst = "Cmp">   --->   Core 9 'Cmp' <Latency = 0> <II = 1> <Delay = 0.76> <FuncUnit> <Opcode : 'seteq' 'setne' 'setle' 'setge' 'setlt' 'setgt'> <InPorts = 2> <OutPorts = 1>
ST_1 : Operation 224 [1/1] (0.00ns) (grouped into LUT with out node head_ctx_ref_head_requant_compute_done_0_2)   --->   "%and_ln143 = and i1 %head_ctx_ref_head_requant_started_0_0, i1 %icmp_ln143" [/home/luka/Scripting/ELEC_498-Capstone-LiteLM/HLS-Verilog/Scheduler_FSM/src-hls/Head_Helpers/head_helpers.cpp:143->/home/luka/Scripting/ELEC_498-Capstone-LiteLM/HLS-Verilog/Scheduler_FSM/src-hls/Head_Helpers/head_helpers.cpp:419]   --->   Operation 224 'and' 'and_ln143' <Predicate = (!icmp_ln418)> <Delay = 0.00> <CoreInst = "LogicGate">   --->   Core 74 'LogicGate' <Latency = 0> <II = 1> <Delay = 0.28> <FuncUnit> <Opcode : 'and' 'or' 'xor'> <InPorts = 2> <OutPorts = 1>
ST_1 : Operation 225 [1/1] (0.00ns) (grouped into LUT with out node not_sel_tmp1)   --->   "%head_ctx_ref_compute_start_0_1_not = xor i1 %head_ctx_ref_compute_start_0_1, i1 1" [/home/luka/Scripting/ELEC_498-Capstone-LiteLM/HLS-Verilog/Scheduler_FSM/src-hls/Head_Helpers/head_helpers.cpp:396]   --->   Operation 225 'xor' 'head_ctx_ref_compute_start_0_1_not' <Predicate = (!icmp_ln418)> <Delay = 0.00> <CoreInst = "LogicGate">   --->   Core 74 'LogicGate' <Latency = 0> <II = 1> <Delay = 0.28> <FuncUnit> <Opcode : 'and' 'or' 'xor'> <InPorts = 2> <OutPorts = 1>
ST_1 : Operation 226 [1/1] (0.28ns) (out node of the LUT)   --->   "%not_sel_tmp1 = and i1 %head_ctx_ref_compute_done_0_0, i1 %head_ctx_ref_compute_start_0_1_not" [/home/luka/Scripting/ELEC_498-Capstone-LiteLM/HLS-Verilog/Scheduler_FSM/src-hls/Head_Helpers/head_helpers.cpp:396]   --->   Operation 226 'and' 'not_sel_tmp1' <Predicate = (!icmp_ln418)> <Delay = 0.28> <CoreInst = "LogicGate">   --->   Core 74 'LogicGate' <Latency = 0> <II = 1> <Delay = 0.28> <FuncUnit> <Opcode : 'and' 'or' 'xor'> <InPorts = 2> <OutPorts = 1>
ST_1 : Operation 227 [1/1] (0.00ns) (grouped into LUT with out node head_ctx_ref_q_compute_done_0_2)   --->   "%or_ln133 = and i1 %and_ln133, i1 %not_sel_tmp1" [/home/luka/Scripting/ELEC_498-Capstone-LiteLM/HLS-Verilog/Scheduler_FSM/src-hls/Head_Helpers/head_helpers.cpp:133->/home/luka/Scripting/ELEC_498-Capstone-LiteLM/HLS-Verilog/Scheduler_FSM/src-hls/Head_Helpers/head_helpers.cpp:419]   --->   Operation 227 'and' 'or_ln133' <Predicate = (!icmp_ln418)> <Delay = 0.00> <CoreInst = "LogicGate">   --->   Core 74 'LogicGate' <Latency = 0> <II = 1> <Delay = 0.28> <FuncUnit> <Opcode : 'and' 'or' 'xor'> <InPorts = 2> <OutPorts = 1>
ST_1 : Operation 228 [1/1] (0.28ns) (out node of the LUT)   --->   "%head_ctx_ref_q_compute_done_0_2 = or i1 %head_ctx_ref_q_compute_done_0_0, i1 %or_ln133" [/home/luka/Scripting/ELEC_498-Capstone-LiteLM/HLS-Verilog/Scheduler_FSM/src-hls/Head_Helpers/head_helpers.cpp:396]   --->   Operation 228 'or' 'head_ctx_ref_q_compute_done_0_2' <Predicate = (!icmp_ln418)> <Delay = 0.28> <CoreInst = "LogicGate">   --->   Core 74 'LogicGate' <Latency = 0> <II = 1> <Delay = 0.28> <FuncUnit> <Opcode : 'and' 'or' 'xor'> <InPorts = 2> <OutPorts = 1>
ST_1 : Operation 229 [1/1] (0.00ns) (grouped into LUT with out node head_ctx_ref_k_compute_done_0_2)   --->   "%or_ln134 = and i1 %and_ln134, i1 %not_sel_tmp1" [/home/luka/Scripting/ELEC_498-Capstone-LiteLM/HLS-Verilog/Scheduler_FSM/src-hls/Head_Helpers/head_helpers.cpp:134->/home/luka/Scripting/ELEC_498-Capstone-LiteLM/HLS-Verilog/Scheduler_FSM/src-hls/Head_Helpers/head_helpers.cpp:419]   --->   Operation 229 'and' 'or_ln134' <Predicate = (!icmp_ln418)> <Delay = 0.00> <CoreInst = "LogicGate">   --->   Core 74 'LogicGate' <Latency = 0> <II = 1> <Delay = 0.28> <FuncUnit> <Opcode : 'and' 'or' 'xor'> <InPorts = 2> <OutPorts = 1>
ST_1 : Operation 230 [1/1] (0.28ns) (out node of the LUT)   --->   "%head_ctx_ref_k_compute_done_0_2 = or i1 %head_ctx_ref_k_compute_done_0_0, i1 %or_ln134" [/home/luka/Scripting/ELEC_498-Capstone-LiteLM/HLS-Verilog/Scheduler_FSM/src-hls/Head_Helpers/head_helpers.cpp:396]   --->   Operation 230 'or' 'head_ctx_ref_k_compute_done_0_2' <Predicate = (!icmp_ln418)> <Delay = 0.28> <CoreInst = "LogicGate">   --->   Core 74 'LogicGate' <Latency = 0> <II = 1> <Delay = 0.28> <FuncUnit> <Opcode : 'and' 'or' 'xor'> <InPorts = 2> <OutPorts = 1>
ST_1 : Operation 231 [1/1] (0.00ns) (grouped into LUT with out node head_ctx_ref_k_requant_compute_done_0_2)   --->   "%or_ln135 = and i1 %and_ln135, i1 %not_sel_tmp1" [/home/luka/Scripting/ELEC_498-Capstone-LiteLM/HLS-Verilog/Scheduler_FSM/src-hls/Head_Helpers/head_helpers.cpp:135->/home/luka/Scripting/ELEC_498-Capstone-LiteLM/HLS-Verilog/Scheduler_FSM/src-hls/Head_Helpers/head_helpers.cpp:419]   --->   Operation 231 'and' 'or_ln135' <Predicate = (!icmp_ln418)> <Delay = 0.00> <CoreInst = "LogicGate">   --->   Core 74 'LogicGate' <Latency = 0> <II = 1> <Delay = 0.28> <FuncUnit> <Opcode : 'and' 'or' 'xor'> <InPorts = 2> <OutPorts = 1>
ST_1 : Operation 232 [1/1] (0.28ns) (out node of the LUT)   --->   "%head_ctx_ref_k_requant_compute_done_0_2 = or i1 %head_ctx_ref_k_requant_compute_done_0_0, i1 %or_ln135" [/home/luka/Scripting/ELEC_498-Capstone-LiteLM/HLS-Verilog/Scheduler_FSM/src-hls/Head_Helpers/head_helpers.cpp:396]   --->   Operation 232 'or' 'head_ctx_ref_k_requant_compute_done_0_2' <Predicate = (!icmp_ln418)> <Delay = 0.28> <CoreInst = "LogicGate">   --->   Core 74 'LogicGate' <Latency = 0> <II = 1> <Delay = 0.28> <FuncUnit> <Opcode : 'and' 'or' 'xor'> <InPorts = 2> <OutPorts = 1>
ST_1 : Operation 233 [1/1] (0.00ns) (grouped into LUT with out node head_ctx_ref_v_compute_done_0_2)   --->   "%or_ln136 = and i1 %and_ln136, i1 %not_sel_tmp1" [/home/luka/Scripting/ELEC_498-Capstone-LiteLM/HLS-Verilog/Scheduler_FSM/src-hls/Head_Helpers/head_helpers.cpp:136->/home/luka/Scripting/ELEC_498-Capstone-LiteLM/HLS-Verilog/Scheduler_FSM/src-hls/Head_Helpers/head_helpers.cpp:419]   --->   Operation 233 'and' 'or_ln136' <Predicate = (!icmp_ln418)> <Delay = 0.00> <CoreInst = "LogicGate">   --->   Core 74 'LogicGate' <Latency = 0> <II = 1> <Delay = 0.28> <FuncUnit> <Opcode : 'and' 'or' 'xor'> <InPorts = 2> <OutPorts = 1>
ST_1 : Operation 234 [1/1] (0.28ns) (out node of the LUT)   --->   "%head_ctx_ref_v_compute_done_0_2 = or i1 %head_ctx_ref_v_compute_done_0_0, i1 %or_ln136" [/home/luka/Scripting/ELEC_498-Capstone-LiteLM/HLS-Verilog/Scheduler_FSM/src-hls/Head_Helpers/head_helpers.cpp:396]   --->   Operation 234 'or' 'head_ctx_ref_v_compute_done_0_2' <Predicate = (!icmp_ln418)> <Delay = 0.28> <CoreInst = "LogicGate">   --->   Core 74 'LogicGate' <Latency = 0> <II = 1> <Delay = 0.28> <FuncUnit> <Opcode : 'and' 'or' 'xor'> <InPorts = 2> <OutPorts = 1>
ST_1 : Operation 235 [1/1] (0.00ns) (grouped into LUT with out node head_ctx_ref_v_requant_compute_done_0_2)   --->   "%or_ln137 = and i1 %and_ln137, i1 %not_sel_tmp1" [/home/luka/Scripting/ELEC_498-Capstone-LiteLM/HLS-Verilog/Scheduler_FSM/src-hls/Head_Helpers/head_helpers.cpp:137->/home/luka/Scripting/ELEC_498-Capstone-LiteLM/HLS-Verilog/Scheduler_FSM/src-hls/Head_Helpers/head_helpers.cpp:419]   --->   Operation 235 'and' 'or_ln137' <Predicate = (!icmp_ln418)> <Delay = 0.00> <CoreInst = "LogicGate">   --->   Core 74 'LogicGate' <Latency = 0> <II = 1> <Delay = 0.28> <FuncUnit> <Opcode : 'and' 'or' 'xor'> <InPorts = 2> <OutPorts = 1>
ST_1 : Operation 236 [1/1] (0.28ns) (out node of the LUT)   --->   "%head_ctx_ref_v_requant_compute_done_0_2 = or i1 %head_ctx_ref_v_requant_compute_done_0_0, i1 %or_ln137" [/home/luka/Scripting/ELEC_498-Capstone-LiteLM/HLS-Verilog/Scheduler_FSM/src-hls/Head_Helpers/head_helpers.cpp:396]   --->   Operation 236 'or' 'head_ctx_ref_v_requant_compute_done_0_2' <Predicate = (!icmp_ln418)> <Delay = 0.28> <CoreInst = "LogicGate">   --->   Core 74 'LogicGate' <Latency = 0> <II = 1> <Delay = 0.28> <FuncUnit> <Opcode : 'and' 'or' 'xor'> <InPorts = 2> <OutPorts = 1>
ST_1 : Operation 237 [1/1] (0.00ns) (grouped into LUT with out node head_ctx_ref_requant_q_compute_done_0_2)   --->   "%or_ln138 = and i1 %and_ln138, i1 %not_sel_tmp1" [/home/luka/Scripting/ELEC_498-Capstone-LiteLM/HLS-Verilog/Scheduler_FSM/src-hls/Head_Helpers/head_helpers.cpp:138->/home/luka/Scripting/ELEC_498-Capstone-LiteLM/HLS-Verilog/Scheduler_FSM/src-hls/Head_Helpers/head_helpers.cpp:419]   --->   Operation 237 'and' 'or_ln138' <Predicate = (!icmp_ln418)> <Delay = 0.00> <CoreInst = "LogicGate">   --->   Core 74 'LogicGate' <Latency = 0> <II = 1> <Delay = 0.28> <FuncUnit> <Opcode : 'and' 'or' 'xor'> <InPorts = 2> <OutPorts = 1>
ST_1 : Operation 238 [1/1] (0.28ns) (out node of the LUT)   --->   "%head_ctx_ref_requant_q_compute_done_0_2 = or i1 %head_ctx_ref_requant_q_compute_done_0_0, i1 %or_ln138" [/home/luka/Scripting/ELEC_498-Capstone-LiteLM/HLS-Verilog/Scheduler_FSM/src-hls/Head_Helpers/head_helpers.cpp:396]   --->   Operation 238 'or' 'head_ctx_ref_requant_q_compute_done_0_2' <Predicate = (!icmp_ln418)> <Delay = 0.28> <CoreInst = "LogicGate">   --->   Core 74 'LogicGate' <Latency = 0> <II = 1> <Delay = 0.28> <FuncUnit> <Opcode : 'and' 'or' 'xor'> <InPorts = 2> <OutPorts = 1>
ST_1 : Operation 239 [1/1] (0.00ns) (grouped into LUT with out node head_ctx_ref_att_scores_compute_done_0_2)   --->   "%or_ln139 = and i1 %and_ln139, i1 %not_sel_tmp1" [/home/luka/Scripting/ELEC_498-Capstone-LiteLM/HLS-Verilog/Scheduler_FSM/src-hls/Head_Helpers/head_helpers.cpp:139->/home/luka/Scripting/ELEC_498-Capstone-LiteLM/HLS-Verilog/Scheduler_FSM/src-hls/Head_Helpers/head_helpers.cpp:419]   --->   Operation 239 'and' 'or_ln139' <Predicate = (!icmp_ln418)> <Delay = 0.00> <CoreInst = "LogicGate">   --->   Core 74 'LogicGate' <Latency = 0> <II = 1> <Delay = 0.28> <FuncUnit> <Opcode : 'and' 'or' 'xor'> <InPorts = 2> <OutPorts = 1>
ST_1 : Operation 240 [1/1] (0.28ns) (out node of the LUT)   --->   "%head_ctx_ref_att_scores_compute_done_0_2 = or i1 %head_ctx_ref_att_scores_compute_done_0_0, i1 %or_ln139" [/home/luka/Scripting/ELEC_498-Capstone-LiteLM/HLS-Verilog/Scheduler_FSM/src-hls/Head_Helpers/head_helpers.cpp:396]   --->   Operation 240 'or' 'head_ctx_ref_att_scores_compute_done_0_2' <Predicate = (!icmp_ln418)> <Delay = 0.28> <CoreInst = "LogicGate">   --->   Core 74 'LogicGate' <Latency = 0> <II = 1> <Delay = 0.28> <FuncUnit> <Opcode : 'and' 'or' 'xor'> <InPorts = 2> <OutPorts = 1>
ST_1 : Operation 241 [1/1] (0.00ns) (grouped into LUT with out node head_ctx_ref_val_scale_compute_done_0_2)   --->   "%or_ln140 = and i1 %and_ln140, i1 %not_sel_tmp1" [/home/luka/Scripting/ELEC_498-Capstone-LiteLM/HLS-Verilog/Scheduler_FSM/src-hls/Head_Helpers/head_helpers.cpp:140->/home/luka/Scripting/ELEC_498-Capstone-LiteLM/HLS-Verilog/Scheduler_FSM/src-hls/Head_Helpers/head_helpers.cpp:419]   --->   Operation 241 'and' 'or_ln140' <Predicate = (!icmp_ln418)> <Delay = 0.00> <CoreInst = "LogicGate">   --->   Core 74 'LogicGate' <Latency = 0> <II = 1> <Delay = 0.28> <FuncUnit> <Opcode : 'and' 'or' 'xor'> <InPorts = 2> <OutPorts = 1>
ST_1 : Operation 242 [1/1] (0.28ns) (out node of the LUT)   --->   "%head_ctx_ref_val_scale_compute_done_0_2 = or i1 %head_ctx_ref_val_scale_compute_done_0_0, i1 %or_ln140" [/home/luka/Scripting/ELEC_498-Capstone-LiteLM/HLS-Verilog/Scheduler_FSM/src-hls/Head_Helpers/head_helpers.cpp:396]   --->   Operation 242 'or' 'head_ctx_ref_val_scale_compute_done_0_2' <Predicate = (!icmp_ln418)> <Delay = 0.28> <CoreInst = "LogicGate">   --->   Core 74 'LogicGate' <Latency = 0> <II = 1> <Delay = 0.28> <FuncUnit> <Opcode : 'and' 'or' 'xor'> <InPorts = 2> <OutPorts = 1>
ST_1 : Operation 243 [1/1] (0.00ns) (grouped into LUT with out node head_ctx_ref_softmax_compute_done_0_2)   --->   "%or_ln141 = and i1 %and_ln141, i1 %not_sel_tmp1" [/home/luka/Scripting/ELEC_498-Capstone-LiteLM/HLS-Verilog/Scheduler_FSM/src-hls/Head_Helpers/head_helpers.cpp:141->/home/luka/Scripting/ELEC_498-Capstone-LiteLM/HLS-Verilog/Scheduler_FSM/src-hls/Head_Helpers/head_helpers.cpp:419]   --->   Operation 243 'and' 'or_ln141' <Predicate = (!icmp_ln418)> <Delay = 0.00> <CoreInst = "LogicGate">   --->   Core 74 'LogicGate' <Latency = 0> <II = 1> <Delay = 0.28> <FuncUnit> <Opcode : 'and' 'or' 'xor'> <InPorts = 2> <OutPorts = 1>
ST_1 : Operation 244 [1/1] (0.28ns) (out node of the LUT)   --->   "%head_ctx_ref_softmax_compute_done_0_2 = or i1 %head_ctx_ref_softmax_compute_done_0_0, i1 %or_ln141" [/home/luka/Scripting/ELEC_498-Capstone-LiteLM/HLS-Verilog/Scheduler_FSM/src-hls/Head_Helpers/head_helpers.cpp:396]   --->   Operation 244 'or' 'head_ctx_ref_softmax_compute_done_0_2' <Predicate = (!icmp_ln418)> <Delay = 0.28> <CoreInst = "LogicGate">   --->   Core 74 'LogicGate' <Latency = 0> <II = 1> <Delay = 0.28> <FuncUnit> <Opcode : 'and' 'or' 'xor'> <InPorts = 2> <OutPorts = 1>
ST_1 : Operation 245 [1/1] (0.00ns) (grouped into LUT with out node head_ctx_ref_att_value_compute_done_0_2)   --->   "%or_ln142 = and i1 %and_ln142, i1 %not_sel_tmp1" [/home/luka/Scripting/ELEC_498-Capstone-LiteLM/HLS-Verilog/Scheduler_FSM/src-hls/Head_Helpers/head_helpers.cpp:142->/home/luka/Scripting/ELEC_498-Capstone-LiteLM/HLS-Verilog/Scheduler_FSM/src-hls/Head_Helpers/head_helpers.cpp:419]   --->   Operation 245 'and' 'or_ln142' <Predicate = (!icmp_ln418)> <Delay = 0.00> <CoreInst = "LogicGate">   --->   Core 74 'LogicGate' <Latency = 0> <II = 1> <Delay = 0.28> <FuncUnit> <Opcode : 'and' 'or' 'xor'> <InPorts = 2> <OutPorts = 1>
ST_1 : Operation 246 [1/1] (0.28ns) (out node of the LUT)   --->   "%head_ctx_ref_att_value_compute_done_0_2 = or i1 %head_ctx_ref_att_value_compute_done_0_0, i1 %or_ln142" [/home/luka/Scripting/ELEC_498-Capstone-LiteLM/HLS-Verilog/Scheduler_FSM/src-hls/Head_Helpers/head_helpers.cpp:396]   --->   Operation 246 'or' 'head_ctx_ref_att_value_compute_done_0_2' <Predicate = (!icmp_ln418)> <Delay = 0.28> <CoreInst = "LogicGate">   --->   Core 74 'LogicGate' <Latency = 0> <II = 1> <Delay = 0.28> <FuncUnit> <Opcode : 'and' 'or' 'xor'> <InPorts = 2> <OutPorts = 1>
ST_1 : Operation 247 [1/1] (0.00ns) (grouped into LUT with out node head_ctx_ref_head_requant_compute_done_0_2)   --->   "%or_ln143 = and i1 %and_ln143, i1 %not_sel_tmp1" [/home/luka/Scripting/ELEC_498-Capstone-LiteLM/HLS-Verilog/Scheduler_FSM/src-hls/Head_Helpers/head_helpers.cpp:143->/home/luka/Scripting/ELEC_498-Capstone-LiteLM/HLS-Verilog/Scheduler_FSM/src-hls/Head_Helpers/head_helpers.cpp:419]   --->   Operation 247 'and' 'or_ln143' <Predicate = (!icmp_ln418)> <Delay = 0.00> <CoreInst = "LogicGate">   --->   Core 74 'LogicGate' <Latency = 0> <II = 1> <Delay = 0.28> <FuncUnit> <Opcode : 'and' 'or' 'xor'> <InPorts = 2> <OutPorts = 1>
ST_1 : Operation 248 [1/1] (0.28ns) (out node of the LUT)   --->   "%head_ctx_ref_head_requant_compute_done_0_2 = or i1 %head_ctx_ref_head_requant_compute_done_0_0, i1 %or_ln143" [/home/luka/Scripting/ELEC_498-Capstone-LiteLM/HLS-Verilog/Scheduler_FSM/src-hls/Head_Helpers/head_helpers.cpp:396]   --->   Operation 248 'or' 'head_ctx_ref_head_requant_compute_done_0_2' <Predicate = (!icmp_ln418)> <Delay = 0.28> <CoreInst = "LogicGate">   --->   Core 74 'LogicGate' <Latency = 0> <II = 1> <Delay = 0.28> <FuncUnit> <Opcode : 'and' 'or' 'xor'> <InPorts = 2> <OutPorts = 1>
ST_1 : Operation 249 [1/1] (0.79ns)   --->   "%switch_ln147 = switch i4 %head_ctx_ref_phase_0_0, void %sw.bb.i, i4 13, void %sw.bb511.i, i4 1, void %sw.bb196.i, i4 2, void %sw.bb229.i, i4 3, void %sw.bb262.i, i4 4, void %sw.bb284.i, i4 5, void %sw.bb304.i, i4 6, void %sw.bb337.i, i4 7, void %sw.bb359.i, i4 8, void %sw.bb379.i, i4 9, void %sw.bb401.i, i4 10, void %sw.bb434.i, i4 11, void %sw.bb456.i, i4 12, void %sw.bb478.i" [/home/luka/Scripting/ELEC_498-Capstone-LiteLM/HLS-Verilog/Scheduler_FSM/src-hls/Head_Helpers/head_helpers.cpp:147->/home/luka/Scripting/ELEC_498-Capstone-LiteLM/HLS-Verilog/Scheduler_FSM/src-hls/Head_Helpers/head_helpers.cpp:419]   --->   Operation 249 'switch' 'switch_ln147' <Predicate = (!icmp_ln418)> <Delay = 0.79>
ST_1 : Operation 250 [1/1] (0.00ns) (grouped into LUT with out node or_ln355)   --->   "%xor_ln355 = xor i1 %head_ctx_ref_wl_ready_0_0, i1 1" [/home/luka/Scripting/ELEC_498-Capstone-LiteLM/HLS-Verilog/Scheduler_FSM/src-hls/Head_Helpers/head_helpers.cpp:355->/home/luka/Scripting/ELEC_498-Capstone-LiteLM/HLS-Verilog/Scheduler_FSM/src-hls/Head_Helpers/head_helpers.cpp:419]   --->   Operation 250 'xor' 'xor_ln355' <Predicate = (!icmp_ln418 & head_ctx_ref_phase_0_0 == 12)> <Delay = 0.00> <CoreInst = "LogicGate">   --->   Core 74 'LogicGate' <Latency = 0> <II = 1> <Delay = 0.28> <FuncUnit> <Opcode : 'and' 'or' 'xor'> <InPorts = 2> <OutPorts = 1>
ST_1 : Operation 251 [1/1] (0.28ns) (out node of the LUT)   --->   "%or_ln355 = or i1 %head_ctx_ref_att_value_started_0_0, i1 %xor_ln355" [/home/luka/Scripting/ELEC_498-Capstone-LiteLM/HLS-Verilog/Scheduler_FSM/src-hls/Head_Helpers/head_helpers.cpp:355->/home/luka/Scripting/ELEC_498-Capstone-LiteLM/HLS-Verilog/Scheduler_FSM/src-hls/Head_Helpers/head_helpers.cpp:419]   --->   Operation 251 'or' 'or_ln355' <Predicate = (!icmp_ln418 & head_ctx_ref_phase_0_0 == 12)> <Delay = 0.28> <CoreInst = "LogicGate">   --->   Core 74 'LogicGate' <Latency = 0> <II = 1> <Delay = 0.28> <FuncUnit> <Opcode : 'and' 'or' 'xor'> <InPorts = 2> <OutPorts = 1>
ST_1 : Operation 252 [1/1] (0.00ns)   --->   "%br_ln355 = br i1 %or_ln355, void %if.then482.i, void %if.else489.i" [/home/luka/Scripting/ELEC_498-Capstone-LiteLM/HLS-Verilog/Scheduler_FSM/src-hls/Head_Helpers/head_helpers.cpp:355->/home/luka/Scripting/ELEC_498-Capstone-LiteLM/HLS-Verilog/Scheduler_FSM/src-hls/Head_Helpers/head_helpers.cpp:419]   --->   Operation 252 'br' 'br_ln355' <Predicate = (!icmp_ln418 & head_ctx_ref_phase_0_0 == 12)> <Delay = 0.00>
ST_1 : Operation 253 [1/1] (0.00ns)   --->   "%or_ln21_7 = bitconcatenate i25 @_ssdm_op_BitConcatenate.i25.i1.i8.i8.i8, i1 1, i8 %trunc_ln21, i8 %empty, i8 7" [/home/luka/Scripting/ELEC_498-Capstone-LiteLM/HLS-Verilog/Scheduler_FSM/src-hls/Head_Helpers/head_helpers.cpp:21->/home/luka/Scripting/ELEC_498-Capstone-LiteLM/HLS-Verilog/Scheduler_FSM/src-hls/Head_Helpers/head_helpers.cpp:357->/home/luka/Scripting/ELEC_498-Capstone-LiteLM/HLS-Verilog/Scheduler_FSM/src-hls/Head_Helpers/head_helpers.cpp:419]   --->   Operation 253 'bitconcatenate' 'or_ln21_7' <Predicate = (!icmp_ln418 & head_ctx_ref_phase_0_0 == 12 & !or_ln355)> <Delay = 0.00>
ST_1 : Operation 254 [1/1] (0.00ns)   --->   "%sext_ln360 = sext i25 %or_ln21_7" [/home/luka/Scripting/ELEC_498-Capstone-LiteLM/HLS-Verilog/Scheduler_FSM/src-hls/Head_Helpers/head_helpers.cpp:360->/home/luka/Scripting/ELEC_498-Capstone-LiteLM/HLS-Verilog/Scheduler_FSM/src-hls/Head_Helpers/head_helpers.cpp:419]   --->   Operation 254 'sext' 'sext_ln360' <Predicate = (!icmp_ln418 & head_ctx_ref_phase_0_0 == 12 & !or_ln355)> <Delay = 0.00>
ST_1 : Operation 255 [1/1] (0.93ns)   --->   "%br_ln360 = br void %_Z15run_single_headR7HeadCtxib15ControlMemSpaceRb.exit" [/home/luka/Scripting/ELEC_498-Capstone-LiteLM/HLS-Verilog/Scheduler_FSM/src-hls/Head_Helpers/head_helpers.cpp:360->/home/luka/Scripting/ELEC_498-Capstone-LiteLM/HLS-Verilog/Scheduler_FSM/src-hls/Head_Helpers/head_helpers.cpp:419]   --->   Operation 255 'br' 'br_ln360' <Predicate = (!icmp_ln418 & head_ctx_ref_phase_0_0 == 12 & !or_ln355)> <Delay = 0.93>
ST_1 : Operation 256 [1/1] (0.28ns)   --->   "%and_ln362 = and i1 %head_ctx_ref_compute_ready_0_0, i1 %head_ctx_ref_att_value_dma_done_0_3" [/home/luka/Scripting/ELEC_498-Capstone-LiteLM/HLS-Verilog/Scheduler_FSM/src-hls/Head_Helpers/head_helpers.cpp:362->/home/luka/Scripting/ELEC_498-Capstone-LiteLM/HLS-Verilog/Scheduler_FSM/src-hls/Head_Helpers/head_helpers.cpp:419]   --->   Operation 256 'and' 'and_ln362' <Predicate = (!icmp_ln418 & head_ctx_ref_phase_0_0 == 12 & or_ln355)> <Delay = 0.28> <CoreInst = "LogicGate">   --->   Core 74 'LogicGate' <Latency = 0> <II = 1> <Delay = 0.28> <FuncUnit> <Opcode : 'and' 'or' 'xor'> <InPorts = 2> <OutPorts = 1>
ST_1 : Operation 257 [1/1] (0.00ns)   --->   "%br_ln362 = br i1 %and_ln362, void %if.else501.i, void %if.then493.i" [/home/luka/Scripting/ELEC_498-Capstone-LiteLM/HLS-Verilog/Scheduler_FSM/src-hls/Head_Helpers/head_helpers.cpp:362->/home/luka/Scripting/ELEC_498-Capstone-LiteLM/HLS-Verilog/Scheduler_FSM/src-hls/Head_Helpers/head_helpers.cpp:419]   --->   Operation 257 'br' 'br_ln362' <Predicate = (!icmp_ln418 & head_ctx_ref_phase_0_0 == 12 & or_ln355)> <Delay = 0.00>
ST_1 : Operation 258 [1/1] (0.28ns)   --->   "%and_ln366 = and i1 %head_ctx_ref_att_value_compute_done_0_2, i1 %head_ctx_ref_att_value_started_0_0" [/home/luka/Scripting/ELEC_498-Capstone-LiteLM/HLS-Verilog/Scheduler_FSM/src-hls/Head_Helpers/head_helpers.cpp:366->/home/luka/Scripting/ELEC_498-Capstone-LiteLM/HLS-Verilog/Scheduler_FSM/src-hls/Head_Helpers/head_helpers.cpp:419]   --->   Operation 258 'and' 'and_ln366' <Predicate = (!icmp_ln418 & head_ctx_ref_phase_0_0 == 12 & or_ln355 & !and_ln362)> <Delay = 0.28> <CoreInst = "LogicGate">   --->   Core 74 'LogicGate' <Latency = 0> <II = 1> <Delay = 0.28> <FuncUnit> <Opcode : 'and' 'or' 'xor'> <InPorts = 2> <OutPorts = 1>
ST_1 : Operation 259 [1/1] (0.20ns)   --->   "%select_ln366 = select i1 %and_ln366, i4 13, i4 12" [/home/luka/Scripting/ELEC_498-Capstone-LiteLM/HLS-Verilog/Scheduler_FSM/src-hls/Head_Helpers/head_helpers.cpp:366->/home/luka/Scripting/ELEC_498-Capstone-LiteLM/HLS-Verilog/Scheduler_FSM/src-hls/Head_Helpers/head_helpers.cpp:419]   --->   Operation 259 'select' 'select_ln366' <Predicate = (!icmp_ln418 & head_ctx_ref_phase_0_0 == 12 & or_ln355 & !and_ln362)> <Delay = 0.20> <CoreInst = "Sel">   --->   Core 73 'Sel' <Latency = 0> <II = 1> <Delay = 0.20> <FuncUnit> <Opcode : 'select'> <InPorts = 3> <OutPorts = 1>
ST_1 : Operation 260 [1/1] (0.28ns)   --->   "%xor_ln366 = xor i1 %and_ln366, i1 %head_ctx_ref_att_value_started_0_0" [/home/luka/Scripting/ELEC_498-Capstone-LiteLM/HLS-Verilog/Scheduler_FSM/src-hls/Head_Helpers/head_helpers.cpp:366->/home/luka/Scripting/ELEC_498-Capstone-LiteLM/HLS-Verilog/Scheduler_FSM/src-hls/Head_Helpers/head_helpers.cpp:419]   --->   Operation 260 'xor' 'xor_ln366' <Predicate = (!icmp_ln418 & head_ctx_ref_phase_0_0 == 12 & or_ln355 & !and_ln362)> <Delay = 0.28> <CoreInst = "LogicGate">   --->   Core 74 'LogicGate' <Latency = 0> <II = 1> <Delay = 0.28> <FuncUnit> <Opcode : 'and' 'or' 'xor'> <InPorts = 2> <OutPorts = 1>
ST_1 : Operation 261 [1/1] (0.93ns)   --->   "%br_ln366 = br void %_Z15run_single_headR7HeadCtxib15ControlMemSpaceRb.exit" [/home/luka/Scripting/ELEC_498-Capstone-LiteLM/HLS-Verilog/Scheduler_FSM/src-hls/Head_Helpers/head_helpers.cpp:366->/home/luka/Scripting/ELEC_498-Capstone-LiteLM/HLS-Verilog/Scheduler_FSM/src-hls/Head_Helpers/head_helpers.cpp:419]   --->   Operation 261 'br' 'br_ln366' <Predicate = (!icmp_ln418 & head_ctx_ref_phase_0_0 == 12 & or_ln355 & !and_ln362)> <Delay = 0.93>
ST_1 : Operation 262 [1/1] (0.00ns)   --->   "%or_ln12_s = bitconcatenate i25 @_ssdm_op_BitConcatenate.i25.i1.i8.i8.i8, i1 1, i8 %trunc_ln21, i8 %empty, i8 12" [/home/luka/Scripting/ELEC_498-Capstone-LiteLM/HLS-Verilog/Scheduler_FSM/src-hls/Head_Helpers/head_helpers.cpp:12->/home/luka/Scripting/ELEC_498-Capstone-LiteLM/HLS-Verilog/Scheduler_FSM/src-hls/Head_Helpers/head_helpers.cpp:364->/home/luka/Scripting/ELEC_498-Capstone-LiteLM/HLS-Verilog/Scheduler_FSM/src-hls/Head_Helpers/head_helpers.cpp:419]   --->   Operation 262 'bitconcatenate' 'or_ln12_s' <Predicate = (!icmp_ln418 & head_ctx_ref_phase_0_0 == 12 & or_ln355 & and_ln362)> <Delay = 0.00>
ST_1 : Operation 263 [1/1] (0.00ns)   --->   "%sext_ln366 = sext i25 %or_ln12_s" [/home/luka/Scripting/ELEC_498-Capstone-LiteLM/HLS-Verilog/Scheduler_FSM/src-hls/Head_Helpers/head_helpers.cpp:366->/home/luka/Scripting/ELEC_498-Capstone-LiteLM/HLS-Verilog/Scheduler_FSM/src-hls/Head_Helpers/head_helpers.cpp:419]   --->   Operation 263 'sext' 'sext_ln366' <Predicate = (!icmp_ln418 & head_ctx_ref_phase_0_0 == 12 & or_ln355 & and_ln362)> <Delay = 0.00>
ST_1 : Operation 264 [1/1] (0.93ns)   --->   "%br_ln366 = br void %_Z15run_single_headR7HeadCtxib15ControlMemSpaceRb.exit" [/home/luka/Scripting/ELEC_498-Capstone-LiteLM/HLS-Verilog/Scheduler_FSM/src-hls/Head_Helpers/head_helpers.cpp:366->/home/luka/Scripting/ELEC_498-Capstone-LiteLM/HLS-Verilog/Scheduler_FSM/src-hls/Head_Helpers/head_helpers.cpp:419]   --->   Operation 264 'br' 'br_ln366' <Predicate = (!icmp_ln418 & head_ctx_ref_phase_0_0 == 12 & or_ln355 & and_ln362)> <Delay = 0.93>
ST_1 : Operation 265 [1/1] (0.00ns) (grouped into LUT with out node or_ln343)   --->   "%xor_ln343 = xor i1 %head_ctx_ref_compute_ready_0_0, i1 1" [/home/luka/Scripting/ELEC_498-Capstone-LiteLM/HLS-Verilog/Scheduler_FSM/src-hls/Head_Helpers/head_helpers.cpp:343->/home/luka/Scripting/ELEC_498-Capstone-LiteLM/HLS-Verilog/Scheduler_FSM/src-hls/Head_Helpers/head_helpers.cpp:419]   --->   Operation 265 'xor' 'xor_ln343' <Predicate = (!icmp_ln418 & head_ctx_ref_phase_0_0 == 11)> <Delay = 0.00> <CoreInst = "LogicGate">   --->   Core 74 'LogicGate' <Latency = 0> <II = 1> <Delay = 0.28> <FuncUnit> <Opcode : 'and' 'or' 'xor'> <InPorts = 2> <OutPorts = 1>
ST_1 : Operation 266 [1/1] (0.28ns) (out node of the LUT)   --->   "%or_ln343 = or i1 %head_ctx_ref_softmax_started_0_0, i1 %xor_ln343" [/home/luka/Scripting/ELEC_498-Capstone-LiteLM/HLS-Verilog/Scheduler_FSM/src-hls/Head_Helpers/head_helpers.cpp:343->/home/luka/Scripting/ELEC_498-Capstone-LiteLM/HLS-Verilog/Scheduler_FSM/src-hls/Head_Helpers/head_helpers.cpp:419]   --->   Operation 266 'or' 'or_ln343' <Predicate = (!icmp_ln418 & head_ctx_ref_phase_0_0 == 11)> <Delay = 0.28> <CoreInst = "LogicGate">   --->   Core 74 'LogicGate' <Latency = 0> <II = 1> <Delay = 0.28> <FuncUnit> <Opcode : 'and' 'or' 'xor'> <InPorts = 2> <OutPorts = 1>
ST_1 : Operation 267 [1/1] (0.00ns)   --->   "%br_ln343 = br i1 %or_ln343, void %if.then460.i, void %if.else469.i" [/home/luka/Scripting/ELEC_498-Capstone-LiteLM/HLS-Verilog/Scheduler_FSM/src-hls/Head_Helpers/head_helpers.cpp:343->/home/luka/Scripting/ELEC_498-Capstone-LiteLM/HLS-Verilog/Scheduler_FSM/src-hls/Head_Helpers/head_helpers.cpp:419]   --->   Operation 267 'br' 'br_ln343' <Predicate = (!icmp_ln418 & head_ctx_ref_phase_0_0 == 11)> <Delay = 0.00>
ST_1 : Operation 268 [1/1] (0.00ns)   --->   "%or_ln12_5 = bitconcatenate i25 @_ssdm_op_BitConcatenate.i25.i1.i8.i8.i8, i1 1, i8 %trunc_ln21, i8 %empty, i8 11" [/home/luka/Scripting/ELEC_498-Capstone-LiteLM/HLS-Verilog/Scheduler_FSM/src-hls/Head_Helpers/head_helpers.cpp:12->/home/luka/Scripting/ELEC_498-Capstone-LiteLM/HLS-Verilog/Scheduler_FSM/src-hls/Head_Helpers/head_helpers.cpp:345->/home/luka/Scripting/ELEC_498-Capstone-LiteLM/HLS-Verilog/Scheduler_FSM/src-hls/Head_Helpers/head_helpers.cpp:419]   --->   Operation 268 'bitconcatenate' 'or_ln12_5' <Predicate = (!icmp_ln418 & head_ctx_ref_phase_0_0 == 11 & !or_ln343)> <Delay = 0.00>
ST_1 : Operation 269 [1/1] (0.00ns)   --->   "%sext_ln348 = sext i25 %or_ln12_5" [/home/luka/Scripting/ELEC_498-Capstone-LiteLM/HLS-Verilog/Scheduler_FSM/src-hls/Head_Helpers/head_helpers.cpp:348->/home/luka/Scripting/ELEC_498-Capstone-LiteLM/HLS-Verilog/Scheduler_FSM/src-hls/Head_Helpers/head_helpers.cpp:419]   --->   Operation 269 'sext' 'sext_ln348' <Predicate = (!icmp_ln418 & head_ctx_ref_phase_0_0 == 11 & !or_ln343)> <Delay = 0.00>
ST_1 : Operation 270 [1/1] (0.93ns)   --->   "%br_ln348 = br void %_Z15run_single_headR7HeadCtxib15ControlMemSpaceRb.exit" [/home/luka/Scripting/ELEC_498-Capstone-LiteLM/HLS-Verilog/Scheduler_FSM/src-hls/Head_Helpers/head_helpers.cpp:348->/home/luka/Scripting/ELEC_498-Capstone-LiteLM/HLS-Verilog/Scheduler_FSM/src-hls/Head_Helpers/head_helpers.cpp:419]   --->   Operation 270 'br' 'br_ln348' <Predicate = (!icmp_ln418 & head_ctx_ref_phase_0_0 == 11 & !or_ln343)> <Delay = 0.93>
ST_1 : Operation 271 [1/1] (0.93ns)   --->   "%br_ln348 = br i1 %head_ctx_ref_softmax_compute_done_0_2, void %_Z15run_single_headR7HeadCtxib15ControlMemSpaceRb.exit, void %land.lhs.true471.i" [/home/luka/Scripting/ELEC_498-Capstone-LiteLM/HLS-Verilog/Scheduler_FSM/src-hls/Head_Helpers/head_helpers.cpp:348->/home/luka/Scripting/ELEC_498-Capstone-LiteLM/HLS-Verilog/Scheduler_FSM/src-hls/Head_Helpers/head_helpers.cpp:419]   --->   Operation 271 'br' 'br_ln348' <Predicate = (!icmp_ln418 & head_ctx_ref_phase_0_0 == 11 & or_ln343)> <Delay = 0.93>
ST_1 : Operation 272 [1/1] (0.39ns)   --->   "%select_ln348 = select i1 %head_ctx_ref_softmax_started_0_0, i4 12, i4 11" [/home/luka/Scripting/ELEC_498-Capstone-LiteLM/HLS-Verilog/Scheduler_FSM/src-hls/Head_Helpers/head_helpers.cpp:348->/home/luka/Scripting/ELEC_498-Capstone-LiteLM/HLS-Verilog/Scheduler_FSM/src-hls/Head_Helpers/head_helpers.cpp:419]   --->   Operation 272 'select' 'select_ln348' <Predicate = (!icmp_ln418 & head_ctx_ref_phase_0_0 == 11 & or_ln343 & head_ctx_ref_softmax_compute_done_0_2)> <Delay = 0.39> <CoreInst = "Sel">   --->   Core 73 'Sel' <Latency = 0> <II = 1> <Delay = 0.39> <FuncUnit> <Opcode : 'select'> <InPorts = 3> <OutPorts = 1>
ST_1 : Operation 273 [1/1] (0.93ns)   --->   "%br_ln348 = br void %_Z15run_single_headR7HeadCtxib15ControlMemSpaceRb.exit" [/home/luka/Scripting/ELEC_498-Capstone-LiteLM/HLS-Verilog/Scheduler_FSM/src-hls/Head_Helpers/head_helpers.cpp:348->/home/luka/Scripting/ELEC_498-Capstone-LiteLM/HLS-Verilog/Scheduler_FSM/src-hls/Head_Helpers/head_helpers.cpp:419]   --->   Operation 273 'br' 'br_ln348' <Predicate = (!icmp_ln418 & head_ctx_ref_phase_0_0 == 11 & or_ln343 & head_ctx_ref_softmax_compute_done_0_2)> <Delay = 0.93>
ST_1 : Operation 274 [1/1] (0.00ns) (grouped into LUT with out node or_ln331)   --->   "%xor_ln331 = xor i1 %head_ctx_ref_compute_ready_0_0, i1 1" [/home/luka/Scripting/ELEC_498-Capstone-LiteLM/HLS-Verilog/Scheduler_FSM/src-hls/Head_Helpers/head_helpers.cpp:331->/home/luka/Scripting/ELEC_498-Capstone-LiteLM/HLS-Verilog/Scheduler_FSM/src-hls/Head_Helpers/head_helpers.cpp:419]   --->   Operation 274 'xor' 'xor_ln331' <Predicate = (!icmp_ln418 & head_ctx_ref_phase_0_0 == 10)> <Delay = 0.00> <CoreInst = "LogicGate">   --->   Core 74 'LogicGate' <Latency = 0> <II = 1> <Delay = 0.28> <FuncUnit> <Opcode : 'and' 'or' 'xor'> <InPorts = 2> <OutPorts = 1>
ST_1 : Operation 275 [1/1] (0.28ns) (out node of the LUT)   --->   "%or_ln331 = or i1 %head_ctx_ref_val_scale_started_0_0, i1 %xor_ln331" [/home/luka/Scripting/ELEC_498-Capstone-LiteLM/HLS-Verilog/Scheduler_FSM/src-hls/Head_Helpers/head_helpers.cpp:331->/home/luka/Scripting/ELEC_498-Capstone-LiteLM/HLS-Verilog/Scheduler_FSM/src-hls/Head_Helpers/head_helpers.cpp:419]   --->   Operation 275 'or' 'or_ln331' <Predicate = (!icmp_ln418 & head_ctx_ref_phase_0_0 == 10)> <Delay = 0.28> <CoreInst = "LogicGate">   --->   Core 74 'LogicGate' <Latency = 0> <II = 1> <Delay = 0.28> <FuncUnit> <Opcode : 'and' 'or' 'xor'> <InPorts = 2> <OutPorts = 1>
ST_1 : Operation 276 [1/1] (0.00ns)   --->   "%br_ln331 = br i1 %or_ln331, void %if.then438.i, void %if.else447.i" [/home/luka/Scripting/ELEC_498-Capstone-LiteLM/HLS-Verilog/Scheduler_FSM/src-hls/Head_Helpers/head_helpers.cpp:331->/home/luka/Scripting/ELEC_498-Capstone-LiteLM/HLS-Verilog/Scheduler_FSM/src-hls/Head_Helpers/head_helpers.cpp:419]   --->   Operation 276 'br' 'br_ln331' <Predicate = (!icmp_ln418 & head_ctx_ref_phase_0_0 == 10)> <Delay = 0.00>
ST_1 : Operation 277 [1/1] (0.00ns)   --->   "%or_ln12_4 = bitconcatenate i25 @_ssdm_op_BitConcatenate.i25.i1.i8.i8.i8, i1 1, i8 %trunc_ln21, i8 %empty, i8 10" [/home/luka/Scripting/ELEC_498-Capstone-LiteLM/HLS-Verilog/Scheduler_FSM/src-hls/Head_Helpers/head_helpers.cpp:12->/home/luka/Scripting/ELEC_498-Capstone-LiteLM/HLS-Verilog/Scheduler_FSM/src-hls/Head_Helpers/head_helpers.cpp:333->/home/luka/Scripting/ELEC_498-Capstone-LiteLM/HLS-Verilog/Scheduler_FSM/src-hls/Head_Helpers/head_helpers.cpp:419]   --->   Operation 277 'bitconcatenate' 'or_ln12_4' <Predicate = (!icmp_ln418 & head_ctx_ref_phase_0_0 == 10 & !or_ln331)> <Delay = 0.00>
ST_1 : Operation 278 [1/1] (0.00ns)   --->   "%sext_ln336 = sext i25 %or_ln12_4" [/home/luka/Scripting/ELEC_498-Capstone-LiteLM/HLS-Verilog/Scheduler_FSM/src-hls/Head_Helpers/head_helpers.cpp:336->/home/luka/Scripting/ELEC_498-Capstone-LiteLM/HLS-Verilog/Scheduler_FSM/src-hls/Head_Helpers/head_helpers.cpp:419]   --->   Operation 278 'sext' 'sext_ln336' <Predicate = (!icmp_ln418 & head_ctx_ref_phase_0_0 == 10 & !or_ln331)> <Delay = 0.00>
ST_1 : Operation 279 [1/1] (0.93ns)   --->   "%br_ln336 = br void %_Z15run_single_headR7HeadCtxib15ControlMemSpaceRb.exit" [/home/luka/Scripting/ELEC_498-Capstone-LiteLM/HLS-Verilog/Scheduler_FSM/src-hls/Head_Helpers/head_helpers.cpp:336->/home/luka/Scripting/ELEC_498-Capstone-LiteLM/HLS-Verilog/Scheduler_FSM/src-hls/Head_Helpers/head_helpers.cpp:419]   --->   Operation 279 'br' 'br_ln336' <Predicate = (!icmp_ln418 & head_ctx_ref_phase_0_0 == 10 & !or_ln331)> <Delay = 0.93>
ST_1 : Operation 280 [1/1] (0.93ns)   --->   "%br_ln336 = br i1 %head_ctx_ref_val_scale_compute_done_0_2, void %_Z15run_single_headR7HeadCtxib15ControlMemSpaceRb.exit, void %land.lhs.true449.i" [/home/luka/Scripting/ELEC_498-Capstone-LiteLM/HLS-Verilog/Scheduler_FSM/src-hls/Head_Helpers/head_helpers.cpp:336->/home/luka/Scripting/ELEC_498-Capstone-LiteLM/HLS-Verilog/Scheduler_FSM/src-hls/Head_Helpers/head_helpers.cpp:419]   --->   Operation 280 'br' 'br_ln336' <Predicate = (!icmp_ln418 & head_ctx_ref_phase_0_0 == 10 & or_ln331)> <Delay = 0.93>
ST_1 : Operation 281 [1/1] (0.39ns)   --->   "%select_ln336 = select i1 %head_ctx_ref_val_scale_started_0_0, i4 11, i4 10" [/home/luka/Scripting/ELEC_498-Capstone-LiteLM/HLS-Verilog/Scheduler_FSM/src-hls/Head_Helpers/head_helpers.cpp:336->/home/luka/Scripting/ELEC_498-Capstone-LiteLM/HLS-Verilog/Scheduler_FSM/src-hls/Head_Helpers/head_helpers.cpp:419]   --->   Operation 281 'select' 'select_ln336' <Predicate = (!icmp_ln418 & head_ctx_ref_phase_0_0 == 10 & or_ln331 & head_ctx_ref_val_scale_compute_done_0_2)> <Delay = 0.39> <CoreInst = "Sel">   --->   Core 73 'Sel' <Latency = 0> <II = 1> <Delay = 0.39> <FuncUnit> <Opcode : 'select'> <InPorts = 3> <OutPorts = 1>
ST_1 : Operation 282 [1/1] (0.93ns)   --->   "%br_ln336 = br void %_Z15run_single_headR7HeadCtxib15ControlMemSpaceRb.exit" [/home/luka/Scripting/ELEC_498-Capstone-LiteLM/HLS-Verilog/Scheduler_FSM/src-hls/Head_Helpers/head_helpers.cpp:336->/home/luka/Scripting/ELEC_498-Capstone-LiteLM/HLS-Verilog/Scheduler_FSM/src-hls/Head_Helpers/head_helpers.cpp:419]   --->   Operation 282 'br' 'br_ln336' <Predicate = (!icmp_ln418 & head_ctx_ref_phase_0_0 == 10 & or_ln331 & head_ctx_ref_val_scale_compute_done_0_2)> <Delay = 0.93>
ST_1 : Operation 283 [1/1] (0.00ns) (grouped into LUT with out node or_ln313)   --->   "%xor_ln313 = xor i1 %head_ctx_ref_wl_ready_0_0, i1 1" [/home/luka/Scripting/ELEC_498-Capstone-LiteLM/HLS-Verilog/Scheduler_FSM/src-hls/Head_Helpers/head_helpers.cpp:313->/home/luka/Scripting/ELEC_498-Capstone-LiteLM/HLS-Verilog/Scheduler_FSM/src-hls/Head_Helpers/head_helpers.cpp:419]   --->   Operation 283 'xor' 'xor_ln313' <Predicate = (!icmp_ln418 & head_ctx_ref_phase_0_0 == 9)> <Delay = 0.00> <CoreInst = "LogicGate">   --->   Core 74 'LogicGate' <Latency = 0> <II = 1> <Delay = 0.28> <FuncUnit> <Opcode : 'and' 'or' 'xor'> <InPorts = 2> <OutPorts = 1>
ST_1 : Operation 284 [1/1] (0.28ns) (out node of the LUT)   --->   "%or_ln313 = or i1 %head_ctx_ref_att_scores_started_0_0, i1 %xor_ln313" [/home/luka/Scripting/ELEC_498-Capstone-LiteLM/HLS-Verilog/Scheduler_FSM/src-hls/Head_Helpers/head_helpers.cpp:313->/home/luka/Scripting/ELEC_498-Capstone-LiteLM/HLS-Verilog/Scheduler_FSM/src-hls/Head_Helpers/head_helpers.cpp:419]   --->   Operation 284 'or' 'or_ln313' <Predicate = (!icmp_ln418 & head_ctx_ref_phase_0_0 == 9)> <Delay = 0.28> <CoreInst = "LogicGate">   --->   Core 74 'LogicGate' <Latency = 0> <II = 1> <Delay = 0.28> <FuncUnit> <Opcode : 'and' 'or' 'xor'> <InPorts = 2> <OutPorts = 1>
ST_1 : Operation 285 [1/1] (0.00ns)   --->   "%br_ln313 = br i1 %or_ln313, void %if.then405.i, void %if.else412.i" [/home/luka/Scripting/ELEC_498-Capstone-LiteLM/HLS-Verilog/Scheduler_FSM/src-hls/Head_Helpers/head_helpers.cpp:313->/home/luka/Scripting/ELEC_498-Capstone-LiteLM/HLS-Verilog/Scheduler_FSM/src-hls/Head_Helpers/head_helpers.cpp:419]   --->   Operation 285 'br' 'br_ln313' <Predicate = (!icmp_ln418 & head_ctx_ref_phase_0_0 == 9)> <Delay = 0.00>
ST_1 : Operation 286 [1/1] (0.00ns)   --->   "%or_ln21_6 = bitconcatenate i25 @_ssdm_op_BitConcatenate.i25.i1.i8.i8.i8, i1 1, i8 %trunc_ln21, i8 %empty, i8 6" [/home/luka/Scripting/ELEC_498-Capstone-LiteLM/HLS-Verilog/Scheduler_FSM/src-hls/Head_Helpers/head_helpers.cpp:21->/home/luka/Scripting/ELEC_498-Capstone-LiteLM/HLS-Verilog/Scheduler_FSM/src-hls/Head_Helpers/head_helpers.cpp:315->/home/luka/Scripting/ELEC_498-Capstone-LiteLM/HLS-Verilog/Scheduler_FSM/src-hls/Head_Helpers/head_helpers.cpp:419]   --->   Operation 286 'bitconcatenate' 'or_ln21_6' <Predicate = (!icmp_ln418 & head_ctx_ref_phase_0_0 == 9 & !or_ln313)> <Delay = 0.00>
ST_1 : Operation 287 [1/1] (0.00ns)   --->   "%sext_ln318 = sext i25 %or_ln21_6" [/home/luka/Scripting/ELEC_498-Capstone-LiteLM/HLS-Verilog/Scheduler_FSM/src-hls/Head_Helpers/head_helpers.cpp:318->/home/luka/Scripting/ELEC_498-Capstone-LiteLM/HLS-Verilog/Scheduler_FSM/src-hls/Head_Helpers/head_helpers.cpp:419]   --->   Operation 287 'sext' 'sext_ln318' <Predicate = (!icmp_ln418 & head_ctx_ref_phase_0_0 == 9 & !or_ln313)> <Delay = 0.00>
ST_1 : Operation 288 [1/1] (0.93ns)   --->   "%br_ln318 = br void %_Z15run_single_headR7HeadCtxib15ControlMemSpaceRb.exit" [/home/luka/Scripting/ELEC_498-Capstone-LiteLM/HLS-Verilog/Scheduler_FSM/src-hls/Head_Helpers/head_helpers.cpp:318->/home/luka/Scripting/ELEC_498-Capstone-LiteLM/HLS-Verilog/Scheduler_FSM/src-hls/Head_Helpers/head_helpers.cpp:419]   --->   Operation 288 'br' 'br_ln318' <Predicate = (!icmp_ln418 & head_ctx_ref_phase_0_0 == 9 & !or_ln313)> <Delay = 0.93>
ST_1 : Operation 289 [1/1] (0.28ns)   --->   "%and_ln320 = and i1 %head_ctx_ref_compute_ready_0_0, i1 %head_ctx_ref_att_scores_dma_done_0_3" [/home/luka/Scripting/ELEC_498-Capstone-LiteLM/HLS-Verilog/Scheduler_FSM/src-hls/Head_Helpers/head_helpers.cpp:320->/home/luka/Scripting/ELEC_498-Capstone-LiteLM/HLS-Verilog/Scheduler_FSM/src-hls/Head_Helpers/head_helpers.cpp:419]   --->   Operation 289 'and' 'and_ln320' <Predicate = (!icmp_ln418 & head_ctx_ref_phase_0_0 == 9 & or_ln313)> <Delay = 0.28> <CoreInst = "LogicGate">   --->   Core 74 'LogicGate' <Latency = 0> <II = 1> <Delay = 0.28> <FuncUnit> <Opcode : 'and' 'or' 'xor'> <InPorts = 2> <OutPorts = 1>
ST_1 : Operation 290 [1/1] (0.00ns)   --->   "%br_ln320 = br i1 %and_ln320, void %if.else424.i, void %if.then416.i" [/home/luka/Scripting/ELEC_498-Capstone-LiteLM/HLS-Verilog/Scheduler_FSM/src-hls/Head_Helpers/head_helpers.cpp:320->/home/luka/Scripting/ELEC_498-Capstone-LiteLM/HLS-Verilog/Scheduler_FSM/src-hls/Head_Helpers/head_helpers.cpp:419]   --->   Operation 290 'br' 'br_ln320' <Predicate = (!icmp_ln418 & head_ctx_ref_phase_0_0 == 9 & or_ln313)> <Delay = 0.00>
ST_1 : Operation 291 [1/1] (0.28ns)   --->   "%and_ln324 = and i1 %head_ctx_ref_att_scores_compute_done_0_2, i1 %head_ctx_ref_att_scores_started_0_0" [/home/luka/Scripting/ELEC_498-Capstone-LiteLM/HLS-Verilog/Scheduler_FSM/src-hls/Head_Helpers/head_helpers.cpp:324->/home/luka/Scripting/ELEC_498-Capstone-LiteLM/HLS-Verilog/Scheduler_FSM/src-hls/Head_Helpers/head_helpers.cpp:419]   --->   Operation 291 'and' 'and_ln324' <Predicate = (!icmp_ln418 & head_ctx_ref_phase_0_0 == 9 & or_ln313 & !and_ln320)> <Delay = 0.28> <CoreInst = "LogicGate">   --->   Core 74 'LogicGate' <Latency = 0> <II = 1> <Delay = 0.28> <FuncUnit> <Opcode : 'and' 'or' 'xor'> <InPorts = 2> <OutPorts = 1>
ST_1 : Operation 292 [1/1] (0.39ns)   --->   "%select_ln324 = select i1 %and_ln324, i4 10, i4 9" [/home/luka/Scripting/ELEC_498-Capstone-LiteLM/HLS-Verilog/Scheduler_FSM/src-hls/Head_Helpers/head_helpers.cpp:324->/home/luka/Scripting/ELEC_498-Capstone-LiteLM/HLS-Verilog/Scheduler_FSM/src-hls/Head_Helpers/head_helpers.cpp:419]   --->   Operation 292 'select' 'select_ln324' <Predicate = (!icmp_ln418 & head_ctx_ref_phase_0_0 == 9 & or_ln313 & !and_ln320)> <Delay = 0.39> <CoreInst = "Sel">   --->   Core 73 'Sel' <Latency = 0> <II = 1> <Delay = 0.39> <FuncUnit> <Opcode : 'select'> <InPorts = 3> <OutPorts = 1>
ST_1 : Operation 293 [1/1] (0.28ns)   --->   "%xor_ln324 = xor i1 %and_ln324, i1 %head_ctx_ref_att_scores_started_0_0" [/home/luka/Scripting/ELEC_498-Capstone-LiteLM/HLS-Verilog/Scheduler_FSM/src-hls/Head_Helpers/head_helpers.cpp:324->/home/luka/Scripting/ELEC_498-Capstone-LiteLM/HLS-Verilog/Scheduler_FSM/src-hls/Head_Helpers/head_helpers.cpp:419]   --->   Operation 293 'xor' 'xor_ln324' <Predicate = (!icmp_ln418 & head_ctx_ref_phase_0_0 == 9 & or_ln313 & !and_ln320)> <Delay = 0.28> <CoreInst = "LogicGate">   --->   Core 74 'LogicGate' <Latency = 0> <II = 1> <Delay = 0.28> <FuncUnit> <Opcode : 'and' 'or' 'xor'> <InPorts = 2> <OutPorts = 1>
ST_1 : Operation 294 [1/1] (0.93ns)   --->   "%br_ln324 = br void %_Z15run_single_headR7HeadCtxib15ControlMemSpaceRb.exit" [/home/luka/Scripting/ELEC_498-Capstone-LiteLM/HLS-Verilog/Scheduler_FSM/src-hls/Head_Helpers/head_helpers.cpp:324->/home/luka/Scripting/ELEC_498-Capstone-LiteLM/HLS-Verilog/Scheduler_FSM/src-hls/Head_Helpers/head_helpers.cpp:419]   --->   Operation 294 'br' 'br_ln324' <Predicate = (!icmp_ln418 & head_ctx_ref_phase_0_0 == 9 & or_ln313 & !and_ln320)> <Delay = 0.93>
ST_1 : Operation 295 [1/1] (0.00ns)   --->   "%or_ln12_9 = bitconcatenate i25 @_ssdm_op_BitConcatenate.i25.i1.i8.i8.i8, i1 1, i8 %trunc_ln21, i8 %empty, i8 9" [/home/luka/Scripting/ELEC_498-Capstone-LiteLM/HLS-Verilog/Scheduler_FSM/src-hls/Head_Helpers/head_helpers.cpp:12->/home/luka/Scripting/ELEC_498-Capstone-LiteLM/HLS-Verilog/Scheduler_FSM/src-hls/Head_Helpers/head_helpers.cpp:322->/home/luka/Scripting/ELEC_498-Capstone-LiteLM/HLS-Verilog/Scheduler_FSM/src-hls/Head_Helpers/head_helpers.cpp:419]   --->   Operation 295 'bitconcatenate' 'or_ln12_9' <Predicate = (!icmp_ln418 & head_ctx_ref_phase_0_0 == 9 & or_ln313 & and_ln320)> <Delay = 0.00>
ST_1 : Operation 296 [1/1] (0.00ns)   --->   "%sext_ln324 = sext i25 %or_ln12_9" [/home/luka/Scripting/ELEC_498-Capstone-LiteLM/HLS-Verilog/Scheduler_FSM/src-hls/Head_Helpers/head_helpers.cpp:324->/home/luka/Scripting/ELEC_498-Capstone-LiteLM/HLS-Verilog/Scheduler_FSM/src-hls/Head_Helpers/head_helpers.cpp:419]   --->   Operation 296 'sext' 'sext_ln324' <Predicate = (!icmp_ln418 & head_ctx_ref_phase_0_0 == 9 & or_ln313 & and_ln320)> <Delay = 0.00>
ST_1 : Operation 297 [1/1] (0.93ns)   --->   "%br_ln324 = br void %_Z15run_single_headR7HeadCtxib15ControlMemSpaceRb.exit" [/home/luka/Scripting/ELEC_498-Capstone-LiteLM/HLS-Verilog/Scheduler_FSM/src-hls/Head_Helpers/head_helpers.cpp:324->/home/luka/Scripting/ELEC_498-Capstone-LiteLM/HLS-Verilog/Scheduler_FSM/src-hls/Head_Helpers/head_helpers.cpp:419]   --->   Operation 297 'br' 'br_ln324' <Predicate = (!icmp_ln418 & head_ctx_ref_phase_0_0 == 9 & or_ln313 & and_ln320)> <Delay = 0.93>
ST_1 : Operation 298 [1/1] (0.00ns) (grouped into LUT with out node or_ln301)   --->   "%xor_ln301 = xor i1 %head_ctx_ref_compute_ready_0_0, i1 1" [/home/luka/Scripting/ELEC_498-Capstone-LiteLM/HLS-Verilog/Scheduler_FSM/src-hls/Head_Helpers/head_helpers.cpp:301->/home/luka/Scripting/ELEC_498-Capstone-LiteLM/HLS-Verilog/Scheduler_FSM/src-hls/Head_Helpers/head_helpers.cpp:419]   --->   Operation 298 'xor' 'xor_ln301' <Predicate = (!icmp_ln418 & head_ctx_ref_phase_0_0 == 8)> <Delay = 0.00> <CoreInst = "LogicGate">   --->   Core 74 'LogicGate' <Latency = 0> <II = 1> <Delay = 0.28> <FuncUnit> <Opcode : 'and' 'or' 'xor'> <InPorts = 2> <OutPorts = 1>
ST_1 : Operation 299 [1/1] (0.28ns) (out node of the LUT)   --->   "%or_ln301 = or i1 %head_ctx_ref_requant_q_started_0_0, i1 %xor_ln301" [/home/luka/Scripting/ELEC_498-Capstone-LiteLM/HLS-Verilog/Scheduler_FSM/src-hls/Head_Helpers/head_helpers.cpp:301->/home/luka/Scripting/ELEC_498-Capstone-LiteLM/HLS-Verilog/Scheduler_FSM/src-hls/Head_Helpers/head_helpers.cpp:419]   --->   Operation 299 'or' 'or_ln301' <Predicate = (!icmp_ln418 & head_ctx_ref_phase_0_0 == 8)> <Delay = 0.28> <CoreInst = "LogicGate">   --->   Core 74 'LogicGate' <Latency = 0> <II = 1> <Delay = 0.28> <FuncUnit> <Opcode : 'and' 'or' 'xor'> <InPorts = 2> <OutPorts = 1>
ST_1 : Operation 300 [1/1] (0.00ns)   --->   "%br_ln301 = br i1 %or_ln301, void %if.then383.i, void %if.else392.i" [/home/luka/Scripting/ELEC_498-Capstone-LiteLM/HLS-Verilog/Scheduler_FSM/src-hls/Head_Helpers/head_helpers.cpp:301->/home/luka/Scripting/ELEC_498-Capstone-LiteLM/HLS-Verilog/Scheduler_FSM/src-hls/Head_Helpers/head_helpers.cpp:419]   --->   Operation 300 'br' 'br_ln301' <Predicate = (!icmp_ln418 & head_ctx_ref_phase_0_0 == 8)> <Delay = 0.00>
ST_1 : Operation 301 [1/1] (0.00ns)   --->   "%or_ln12_3 = bitconcatenate i25 @_ssdm_op_BitConcatenate.i25.i1.i8.i8.i8, i1 1, i8 %trunc_ln21, i8 %empty, i8 8" [/home/luka/Scripting/ELEC_498-Capstone-LiteLM/HLS-Verilog/Scheduler_FSM/src-hls/Head_Helpers/head_helpers.cpp:12->/home/luka/Scripting/ELEC_498-Capstone-LiteLM/HLS-Verilog/Scheduler_FSM/src-hls/Head_Helpers/head_helpers.cpp:303->/home/luka/Scripting/ELEC_498-Capstone-LiteLM/HLS-Verilog/Scheduler_FSM/src-hls/Head_Helpers/head_helpers.cpp:419]   --->   Operation 301 'bitconcatenate' 'or_ln12_3' <Predicate = (!icmp_ln418 & head_ctx_ref_phase_0_0 == 8 & !or_ln301)> <Delay = 0.00>
ST_1 : Operation 302 [1/1] (0.00ns)   --->   "%sext_ln306 = sext i25 %or_ln12_3" [/home/luka/Scripting/ELEC_498-Capstone-LiteLM/HLS-Verilog/Scheduler_FSM/src-hls/Head_Helpers/head_helpers.cpp:306->/home/luka/Scripting/ELEC_498-Capstone-LiteLM/HLS-Verilog/Scheduler_FSM/src-hls/Head_Helpers/head_helpers.cpp:419]   --->   Operation 302 'sext' 'sext_ln306' <Predicate = (!icmp_ln418 & head_ctx_ref_phase_0_0 == 8 & !or_ln301)> <Delay = 0.00>
ST_1 : Operation 303 [1/1] (0.93ns)   --->   "%br_ln306 = br void %_Z15run_single_headR7HeadCtxib15ControlMemSpaceRb.exit" [/home/luka/Scripting/ELEC_498-Capstone-LiteLM/HLS-Verilog/Scheduler_FSM/src-hls/Head_Helpers/head_helpers.cpp:306->/home/luka/Scripting/ELEC_498-Capstone-LiteLM/HLS-Verilog/Scheduler_FSM/src-hls/Head_Helpers/head_helpers.cpp:419]   --->   Operation 303 'br' 'br_ln306' <Predicate = (!icmp_ln418 & head_ctx_ref_phase_0_0 == 8 & !or_ln301)> <Delay = 0.93>
ST_1 : Operation 304 [1/1] (0.93ns)   --->   "%br_ln306 = br i1 %head_ctx_ref_requant_q_compute_done_0_2, void %_Z15run_single_headR7HeadCtxib15ControlMemSpaceRb.exit, void %land.lhs.true394.i" [/home/luka/Scripting/ELEC_498-Capstone-LiteLM/HLS-Verilog/Scheduler_FSM/src-hls/Head_Helpers/head_helpers.cpp:306->/home/luka/Scripting/ELEC_498-Capstone-LiteLM/HLS-Verilog/Scheduler_FSM/src-hls/Head_Helpers/head_helpers.cpp:419]   --->   Operation 304 'br' 'br_ln306' <Predicate = (!icmp_ln418 & head_ctx_ref_phase_0_0 == 8 & or_ln301)> <Delay = 0.93>
ST_1 : Operation 305 [1/1] (0.39ns)   --->   "%select_ln306 = select i1 %head_ctx_ref_requant_q_started_0_0, i4 9, i4 8" [/home/luka/Scripting/ELEC_498-Capstone-LiteLM/HLS-Verilog/Scheduler_FSM/src-hls/Head_Helpers/head_helpers.cpp:306->/home/luka/Scripting/ELEC_498-Capstone-LiteLM/HLS-Verilog/Scheduler_FSM/src-hls/Head_Helpers/head_helpers.cpp:419]   --->   Operation 305 'select' 'select_ln306' <Predicate = (!icmp_ln418 & head_ctx_ref_phase_0_0 == 8 & or_ln301 & head_ctx_ref_requant_q_compute_done_0_2)> <Delay = 0.39> <CoreInst = "Sel">   --->   Core 73 'Sel' <Latency = 0> <II = 1> <Delay = 0.39> <FuncUnit> <Opcode : 'select'> <InPorts = 3> <OutPorts = 1>
ST_1 : Operation 306 [1/1] (0.93ns)   --->   "%br_ln306 = br void %_Z15run_single_headR7HeadCtxib15ControlMemSpaceRb.exit" [/home/luka/Scripting/ELEC_498-Capstone-LiteLM/HLS-Verilog/Scheduler_FSM/src-hls/Head_Helpers/head_helpers.cpp:306->/home/luka/Scripting/ELEC_498-Capstone-LiteLM/HLS-Verilog/Scheduler_FSM/src-hls/Head_Helpers/head_helpers.cpp:419]   --->   Operation 306 'br' 'br_ln306' <Predicate = (!icmp_ln418 & head_ctx_ref_phase_0_0 == 8 & or_ln301 & head_ctx_ref_requant_q_compute_done_0_2)> <Delay = 0.93>
ST_1 : Operation 307 [1/1] (0.00ns) (grouped into LUT with out node or_ln289)   --->   "%xor_ln289 = xor i1 %head_ctx_ref_wl_ready_0_0, i1 1" [/home/luka/Scripting/ELEC_498-Capstone-LiteLM/HLS-Verilog/Scheduler_FSM/src-hls/Head_Helpers/head_helpers.cpp:289->/home/luka/Scripting/ELEC_498-Capstone-LiteLM/HLS-Verilog/Scheduler_FSM/src-hls/Head_Helpers/head_helpers.cpp:419]   --->   Operation 307 'xor' 'xor_ln289' <Predicate = (!icmp_ln418 & head_ctx_ref_phase_0_0 == 7)> <Delay = 0.00> <CoreInst = "LogicGate">   --->   Core 74 'LogicGate' <Latency = 0> <II = 1> <Delay = 0.28> <FuncUnit> <Opcode : 'and' 'or' 'xor'> <InPorts = 2> <OutPorts = 1>
ST_1 : Operation 308 [1/1] (0.28ns) (out node of the LUT)   --->   "%or_ln289 = or i1 %head_ctx_ref_v_writeback_started_0_0, i1 %xor_ln289" [/home/luka/Scripting/ELEC_498-Capstone-LiteLM/HLS-Verilog/Scheduler_FSM/src-hls/Head_Helpers/head_helpers.cpp:289->/home/luka/Scripting/ELEC_498-Capstone-LiteLM/HLS-Verilog/Scheduler_FSM/src-hls/Head_Helpers/head_helpers.cpp:419]   --->   Operation 308 'or' 'or_ln289' <Predicate = (!icmp_ln418 & head_ctx_ref_phase_0_0 == 7)> <Delay = 0.28> <CoreInst = "LogicGate">   --->   Core 74 'LogicGate' <Latency = 0> <II = 1> <Delay = 0.28> <FuncUnit> <Opcode : 'and' 'or' 'xor'> <InPorts = 2> <OutPorts = 1>
ST_1 : Operation 309 [1/1] (0.00ns)   --->   "%br_ln289 = br i1 %or_ln289, void %if.then363.i, void %if.else370.i" [/home/luka/Scripting/ELEC_498-Capstone-LiteLM/HLS-Verilog/Scheduler_FSM/src-hls/Head_Helpers/head_helpers.cpp:289->/home/luka/Scripting/ELEC_498-Capstone-LiteLM/HLS-Verilog/Scheduler_FSM/src-hls/Head_Helpers/head_helpers.cpp:419]   --->   Operation 309 'br' 'br_ln289' <Predicate = (!icmp_ln418 & head_ctx_ref_phase_0_0 == 7)> <Delay = 0.00>
ST_1 : Operation 310 [1/1] (0.00ns)   --->   "%or_ln21_5 = bitconcatenate i25 @_ssdm_op_BitConcatenate.i25.i1.i8.i8.i8, i1 1, i8 %trunc_ln21, i8 %empty, i8 5" [/home/luka/Scripting/ELEC_498-Capstone-LiteLM/HLS-Verilog/Scheduler_FSM/src-hls/Head_Helpers/head_helpers.cpp:21->/home/luka/Scripting/ELEC_498-Capstone-LiteLM/HLS-Verilog/Scheduler_FSM/src-hls/Head_Helpers/head_helpers.cpp:291->/home/luka/Scripting/ELEC_498-Capstone-LiteLM/HLS-Verilog/Scheduler_FSM/src-hls/Head_Helpers/head_helpers.cpp:419]   --->   Operation 310 'bitconcatenate' 'or_ln21_5' <Predicate = (!icmp_ln418 & head_ctx_ref_phase_0_0 == 7 & !or_ln289)> <Delay = 0.00>
ST_1 : Operation 311 [1/1] (0.00ns)   --->   "%sext_ln294 = sext i25 %or_ln21_5" [/home/luka/Scripting/ELEC_498-Capstone-LiteLM/HLS-Verilog/Scheduler_FSM/src-hls/Head_Helpers/head_helpers.cpp:294->/home/luka/Scripting/ELEC_498-Capstone-LiteLM/HLS-Verilog/Scheduler_FSM/src-hls/Head_Helpers/head_helpers.cpp:419]   --->   Operation 311 'sext' 'sext_ln294' <Predicate = (!icmp_ln418 & head_ctx_ref_phase_0_0 == 7 & !or_ln289)> <Delay = 0.00>
ST_1 : Operation 312 [1/1] (0.93ns)   --->   "%br_ln294 = br void %_Z15run_single_headR7HeadCtxib15ControlMemSpaceRb.exit" [/home/luka/Scripting/ELEC_498-Capstone-LiteLM/HLS-Verilog/Scheduler_FSM/src-hls/Head_Helpers/head_helpers.cpp:294->/home/luka/Scripting/ELEC_498-Capstone-LiteLM/HLS-Verilog/Scheduler_FSM/src-hls/Head_Helpers/head_helpers.cpp:419]   --->   Operation 312 'br' 'br_ln294' <Predicate = (!icmp_ln418 & head_ctx_ref_phase_0_0 == 7 & !or_ln289)> <Delay = 0.93>
ST_1 : Operation 313 [1/1] (0.28ns)   --->   "%and_ln294 = and i1 %head_ctx_ref_v_writeback_dma_done_0_3, i1 %head_ctx_ref_v_writeback_started_0_0" [/home/luka/Scripting/ELEC_498-Capstone-LiteLM/HLS-Verilog/Scheduler_FSM/src-hls/Head_Helpers/head_helpers.cpp:294->/home/luka/Scripting/ELEC_498-Capstone-LiteLM/HLS-Verilog/Scheduler_FSM/src-hls/Head_Helpers/head_helpers.cpp:419]   --->   Operation 313 'and' 'and_ln294' <Predicate = (!icmp_ln418 & head_ctx_ref_phase_0_0 == 7 & or_ln289)> <Delay = 0.28> <CoreInst = "LogicGate">   --->   Core 74 'LogicGate' <Latency = 0> <II = 1> <Delay = 0.28> <FuncUnit> <Opcode : 'and' 'or' 'xor'> <InPorts = 2> <OutPorts = 1>
ST_1 : Operation 314 [1/1] (0.39ns)   --->   "%select_ln294 = select i1 %and_ln294, i4 8, i4 7" [/home/luka/Scripting/ELEC_498-Capstone-LiteLM/HLS-Verilog/Scheduler_FSM/src-hls/Head_Helpers/head_helpers.cpp:294->/home/luka/Scripting/ELEC_498-Capstone-LiteLM/HLS-Verilog/Scheduler_FSM/src-hls/Head_Helpers/head_helpers.cpp:419]   --->   Operation 314 'select' 'select_ln294' <Predicate = (!icmp_ln418 & head_ctx_ref_phase_0_0 == 7 & or_ln289)> <Delay = 0.39> <CoreInst = "Sel">   --->   Core 73 'Sel' <Latency = 0> <II = 1> <Delay = 0.39> <FuncUnit> <Opcode : 'select'> <InPorts = 3> <OutPorts = 1>
ST_1 : Operation 315 [1/1] (0.28ns)   --->   "%xor_ln294 = xor i1 %and_ln294, i1 %head_ctx_ref_v_writeback_started_0_0" [/home/luka/Scripting/ELEC_498-Capstone-LiteLM/HLS-Verilog/Scheduler_FSM/src-hls/Head_Helpers/head_helpers.cpp:294->/home/luka/Scripting/ELEC_498-Capstone-LiteLM/HLS-Verilog/Scheduler_FSM/src-hls/Head_Helpers/head_helpers.cpp:419]   --->   Operation 315 'xor' 'xor_ln294' <Predicate = (!icmp_ln418 & head_ctx_ref_phase_0_0 == 7 & or_ln289)> <Delay = 0.28> <CoreInst = "LogicGate">   --->   Core 74 'LogicGate' <Latency = 0> <II = 1> <Delay = 0.28> <FuncUnit> <Opcode : 'and' 'or' 'xor'> <InPorts = 2> <OutPorts = 1>
ST_1 : Operation 316 [1/1] (0.93ns)   --->   "%br_ln294 = br void %_Z15run_single_headR7HeadCtxib15ControlMemSpaceRb.exit" [/home/luka/Scripting/ELEC_498-Capstone-LiteLM/HLS-Verilog/Scheduler_FSM/src-hls/Head_Helpers/head_helpers.cpp:294->/home/luka/Scripting/ELEC_498-Capstone-LiteLM/HLS-Verilog/Scheduler_FSM/src-hls/Head_Helpers/head_helpers.cpp:419]   --->   Operation 316 'br' 'br_ln294' <Predicate = (!icmp_ln418 & head_ctx_ref_phase_0_0 == 7 & or_ln289)> <Delay = 0.93>
ST_1 : Operation 317 [1/1] (0.00ns) (grouped into LUT with out node or_ln277)   --->   "%xor_ln277 = xor i1 %head_ctx_ref_compute_ready_0_0, i1 1" [/home/luka/Scripting/ELEC_498-Capstone-LiteLM/HLS-Verilog/Scheduler_FSM/src-hls/Head_Helpers/head_helpers.cpp:277->/home/luka/Scripting/ELEC_498-Capstone-LiteLM/HLS-Verilog/Scheduler_FSM/src-hls/Head_Helpers/head_helpers.cpp:419]   --->   Operation 317 'xor' 'xor_ln277' <Predicate = (!icmp_ln418 & head_ctx_ref_phase_0_0 == 6)> <Delay = 0.00> <CoreInst = "LogicGate">   --->   Core 74 'LogicGate' <Latency = 0> <II = 1> <Delay = 0.28> <FuncUnit> <Opcode : 'and' 'or' 'xor'> <InPorts = 2> <OutPorts = 1>
ST_1 : Operation 318 [1/1] (0.28ns) (out node of the LUT)   --->   "%or_ln277 = or i1 %head_ctx_ref_v_requant_started_0_0, i1 %xor_ln277" [/home/luka/Scripting/ELEC_498-Capstone-LiteLM/HLS-Verilog/Scheduler_FSM/src-hls/Head_Helpers/head_helpers.cpp:277->/home/luka/Scripting/ELEC_498-Capstone-LiteLM/HLS-Verilog/Scheduler_FSM/src-hls/Head_Helpers/head_helpers.cpp:419]   --->   Operation 318 'or' 'or_ln277' <Predicate = (!icmp_ln418 & head_ctx_ref_phase_0_0 == 6)> <Delay = 0.28> <CoreInst = "LogicGate">   --->   Core 74 'LogicGate' <Latency = 0> <II = 1> <Delay = 0.28> <FuncUnit> <Opcode : 'and' 'or' 'xor'> <InPorts = 2> <OutPorts = 1>
ST_1 : Operation 319 [1/1] (0.00ns)   --->   "%br_ln277 = br i1 %or_ln277, void %if.then341.i, void %if.else350.i" [/home/luka/Scripting/ELEC_498-Capstone-LiteLM/HLS-Verilog/Scheduler_FSM/src-hls/Head_Helpers/head_helpers.cpp:277->/home/luka/Scripting/ELEC_498-Capstone-LiteLM/HLS-Verilog/Scheduler_FSM/src-hls/Head_Helpers/head_helpers.cpp:419]   --->   Operation 319 'br' 'br_ln277' <Predicate = (!icmp_ln418 & head_ctx_ref_phase_0_0 == 6)> <Delay = 0.00>
ST_1 : Operation 320 [1/1] (0.00ns)   --->   "%or_ln12_2 = bitconcatenate i25 @_ssdm_op_BitConcatenate.i25.i1.i8.i8.i8, i1 1, i8 %trunc_ln21, i8 %empty, i8 7" [/home/luka/Scripting/ELEC_498-Capstone-LiteLM/HLS-Verilog/Scheduler_FSM/src-hls/Head_Helpers/head_helpers.cpp:12->/home/luka/Scripting/ELEC_498-Capstone-LiteLM/HLS-Verilog/Scheduler_FSM/src-hls/Head_Helpers/head_helpers.cpp:279->/home/luka/Scripting/ELEC_498-Capstone-LiteLM/HLS-Verilog/Scheduler_FSM/src-hls/Head_Helpers/head_helpers.cpp:419]   --->   Operation 320 'bitconcatenate' 'or_ln12_2' <Predicate = (!icmp_ln418 & head_ctx_ref_phase_0_0 == 6 & !or_ln277)> <Delay = 0.00>
ST_1 : Operation 321 [1/1] (0.00ns)   --->   "%sext_ln282 = sext i25 %or_ln12_2" [/home/luka/Scripting/ELEC_498-Capstone-LiteLM/HLS-Verilog/Scheduler_FSM/src-hls/Head_Helpers/head_helpers.cpp:282->/home/luka/Scripting/ELEC_498-Capstone-LiteLM/HLS-Verilog/Scheduler_FSM/src-hls/Head_Helpers/head_helpers.cpp:419]   --->   Operation 321 'sext' 'sext_ln282' <Predicate = (!icmp_ln418 & head_ctx_ref_phase_0_0 == 6 & !or_ln277)> <Delay = 0.00>
ST_1 : Operation 322 [1/1] (0.93ns)   --->   "%br_ln282 = br void %_Z15run_single_headR7HeadCtxib15ControlMemSpaceRb.exit" [/home/luka/Scripting/ELEC_498-Capstone-LiteLM/HLS-Verilog/Scheduler_FSM/src-hls/Head_Helpers/head_helpers.cpp:282->/home/luka/Scripting/ELEC_498-Capstone-LiteLM/HLS-Verilog/Scheduler_FSM/src-hls/Head_Helpers/head_helpers.cpp:419]   --->   Operation 322 'br' 'br_ln282' <Predicate = (!icmp_ln418 & head_ctx_ref_phase_0_0 == 6 & !or_ln277)> <Delay = 0.93>
ST_1 : Operation 323 [1/1] (0.93ns)   --->   "%br_ln282 = br i1 %head_ctx_ref_v_requant_compute_done_0_2, void %_Z15run_single_headR7HeadCtxib15ControlMemSpaceRb.exit, void %land.lhs.true352.i" [/home/luka/Scripting/ELEC_498-Capstone-LiteLM/HLS-Verilog/Scheduler_FSM/src-hls/Head_Helpers/head_helpers.cpp:282->/home/luka/Scripting/ELEC_498-Capstone-LiteLM/HLS-Verilog/Scheduler_FSM/src-hls/Head_Helpers/head_helpers.cpp:419]   --->   Operation 323 'br' 'br_ln282' <Predicate = (!icmp_ln418 & head_ctx_ref_phase_0_0 == 6 & or_ln277)> <Delay = 0.93>
ST_1 : Operation 324 [1/1] (0.39ns)   --->   "%select_ln282 = select i1 %head_ctx_ref_v_requant_started_0_0, i4 7, i4 6" [/home/luka/Scripting/ELEC_498-Capstone-LiteLM/HLS-Verilog/Scheduler_FSM/src-hls/Head_Helpers/head_helpers.cpp:282->/home/luka/Scripting/ELEC_498-Capstone-LiteLM/HLS-Verilog/Scheduler_FSM/src-hls/Head_Helpers/head_helpers.cpp:419]   --->   Operation 324 'select' 'select_ln282' <Predicate = (!icmp_ln418 & head_ctx_ref_phase_0_0 == 6 & or_ln277 & head_ctx_ref_v_requant_compute_done_0_2)> <Delay = 0.39> <CoreInst = "Sel">   --->   Core 73 'Sel' <Latency = 0> <II = 1> <Delay = 0.39> <FuncUnit> <Opcode : 'select'> <InPorts = 3> <OutPorts = 1>
ST_1 : Operation 325 [1/1] (0.93ns)   --->   "%br_ln282 = br void %_Z15run_single_headR7HeadCtxib15ControlMemSpaceRb.exit" [/home/luka/Scripting/ELEC_498-Capstone-LiteLM/HLS-Verilog/Scheduler_FSM/src-hls/Head_Helpers/head_helpers.cpp:282->/home/luka/Scripting/ELEC_498-Capstone-LiteLM/HLS-Verilog/Scheduler_FSM/src-hls/Head_Helpers/head_helpers.cpp:419]   --->   Operation 325 'br' 'br_ln282' <Predicate = (!icmp_ln418 & head_ctx_ref_phase_0_0 == 6 & or_ln277 & head_ctx_ref_v_requant_compute_done_0_2)> <Delay = 0.93>
ST_1 : Operation 326 [1/1] (0.00ns) (grouped into LUT with out node or_ln258)   --->   "%xor_ln258 = xor i1 %head_ctx_ref_wl_ready_0_0, i1 1" [/home/luka/Scripting/ELEC_498-Capstone-LiteLM/HLS-Verilog/Scheduler_FSM/src-hls/Head_Helpers/head_helpers.cpp:258->/home/luka/Scripting/ELEC_498-Capstone-LiteLM/HLS-Verilog/Scheduler_FSM/src-hls/Head_Helpers/head_helpers.cpp:419]   --->   Operation 326 'xor' 'xor_ln258' <Predicate = (!icmp_ln418 & head_ctx_ref_phase_0_0 == 5)> <Delay = 0.00> <CoreInst = "LogicGate">   --->   Core 74 'LogicGate' <Latency = 0> <II = 1> <Delay = 0.28> <FuncUnit> <Opcode : 'and' 'or' 'xor'> <InPorts = 2> <OutPorts = 1>
ST_1 : Operation 327 [1/1] (0.28ns) (out node of the LUT)   --->   "%or_ln258 = or i1 %head_ctx_ref_v_started_0_0, i1 %xor_ln258" [/home/luka/Scripting/ELEC_498-Capstone-LiteLM/HLS-Verilog/Scheduler_FSM/src-hls/Head_Helpers/head_helpers.cpp:258->/home/luka/Scripting/ELEC_498-Capstone-LiteLM/HLS-Verilog/Scheduler_FSM/src-hls/Head_Helpers/head_helpers.cpp:419]   --->   Operation 327 'or' 'or_ln258' <Predicate = (!icmp_ln418 & head_ctx_ref_phase_0_0 == 5)> <Delay = 0.28> <CoreInst = "LogicGate">   --->   Core 74 'LogicGate' <Latency = 0> <II = 1> <Delay = 0.28> <FuncUnit> <Opcode : 'and' 'or' 'xor'> <InPorts = 2> <OutPorts = 1>
ST_1 : Operation 328 [1/1] (0.00ns)   --->   "%br_ln258 = br i1 %or_ln258, void %if.then308.i, void %if.else315.i" [/home/luka/Scripting/ELEC_498-Capstone-LiteLM/HLS-Verilog/Scheduler_FSM/src-hls/Head_Helpers/head_helpers.cpp:258->/home/luka/Scripting/ELEC_498-Capstone-LiteLM/HLS-Verilog/Scheduler_FSM/src-hls/Head_Helpers/head_helpers.cpp:419]   --->   Operation 328 'br' 'br_ln258' <Predicate = (!icmp_ln418 & head_ctx_ref_phase_0_0 == 5)> <Delay = 0.00>
ST_1 : Operation 329 [1/1] (0.00ns)   --->   "%or_ln21_4 = bitconcatenate i25 @_ssdm_op_BitConcatenate.i25.i1.i8.i8.i8, i1 1, i8 %trunc_ln21, i8 %empty, i8 4" [/home/luka/Scripting/ELEC_498-Capstone-LiteLM/HLS-Verilog/Scheduler_FSM/src-hls/Head_Helpers/head_helpers.cpp:21->/home/luka/Scripting/ELEC_498-Capstone-LiteLM/HLS-Verilog/Scheduler_FSM/src-hls/Head_Helpers/head_helpers.cpp:260->/home/luka/Scripting/ELEC_498-Capstone-LiteLM/HLS-Verilog/Scheduler_FSM/src-hls/Head_Helpers/head_helpers.cpp:419]   --->   Operation 329 'bitconcatenate' 'or_ln21_4' <Predicate = (!icmp_ln418 & head_ctx_ref_phase_0_0 == 5 & !or_ln258)> <Delay = 0.00>
ST_1 : Operation 330 [1/1] (0.00ns)   --->   "%sext_ln263 = sext i25 %or_ln21_4" [/home/luka/Scripting/ELEC_498-Capstone-LiteLM/HLS-Verilog/Scheduler_FSM/src-hls/Head_Helpers/head_helpers.cpp:263->/home/luka/Scripting/ELEC_498-Capstone-LiteLM/HLS-Verilog/Scheduler_FSM/src-hls/Head_Helpers/head_helpers.cpp:419]   --->   Operation 330 'sext' 'sext_ln263' <Predicate = (!icmp_ln418 & head_ctx_ref_phase_0_0 == 5 & !or_ln258)> <Delay = 0.00>
ST_1 : Operation 331 [1/1] (0.93ns)   --->   "%br_ln263 = br void %_Z15run_single_headR7HeadCtxib15ControlMemSpaceRb.exit" [/home/luka/Scripting/ELEC_498-Capstone-LiteLM/HLS-Verilog/Scheduler_FSM/src-hls/Head_Helpers/head_helpers.cpp:263->/home/luka/Scripting/ELEC_498-Capstone-LiteLM/HLS-Verilog/Scheduler_FSM/src-hls/Head_Helpers/head_helpers.cpp:419]   --->   Operation 331 'br' 'br_ln263' <Predicate = (!icmp_ln418 & head_ctx_ref_phase_0_0 == 5 & !or_ln258)> <Delay = 0.93>
ST_1 : Operation 332 [1/1] (0.28ns)   --->   "%and_ln265 = and i1 %head_ctx_ref_compute_ready_0_0, i1 %head_ctx_ref_v_dma_done_0_3" [/home/luka/Scripting/ELEC_498-Capstone-LiteLM/HLS-Verilog/Scheduler_FSM/src-hls/Head_Helpers/head_helpers.cpp:265->/home/luka/Scripting/ELEC_498-Capstone-LiteLM/HLS-Verilog/Scheduler_FSM/src-hls/Head_Helpers/head_helpers.cpp:419]   --->   Operation 332 'and' 'and_ln265' <Predicate = (!icmp_ln418 & head_ctx_ref_phase_0_0 == 5 & or_ln258)> <Delay = 0.28> <CoreInst = "LogicGate">   --->   Core 74 'LogicGate' <Latency = 0> <II = 1> <Delay = 0.28> <FuncUnit> <Opcode : 'and' 'or' 'xor'> <InPorts = 2> <OutPorts = 1>
ST_1 : Operation 333 [1/1] (0.00ns)   --->   "%br_ln265 = br i1 %and_ln265, void %if.else327.i, void %if.then319.i" [/home/luka/Scripting/ELEC_498-Capstone-LiteLM/HLS-Verilog/Scheduler_FSM/src-hls/Head_Helpers/head_helpers.cpp:265->/home/luka/Scripting/ELEC_498-Capstone-LiteLM/HLS-Verilog/Scheduler_FSM/src-hls/Head_Helpers/head_helpers.cpp:419]   --->   Operation 333 'br' 'br_ln265' <Predicate = (!icmp_ln418 & head_ctx_ref_phase_0_0 == 5 & or_ln258)> <Delay = 0.00>
ST_1 : Operation 334 [1/1] (0.28ns)   --->   "%and_ln270 = and i1 %head_ctx_ref_v_compute_done_0_2, i1 %head_ctx_ref_v_started_0_0" [/home/luka/Scripting/ELEC_498-Capstone-LiteLM/HLS-Verilog/Scheduler_FSM/src-hls/Head_Helpers/head_helpers.cpp:270->/home/luka/Scripting/ELEC_498-Capstone-LiteLM/HLS-Verilog/Scheduler_FSM/src-hls/Head_Helpers/head_helpers.cpp:419]   --->   Operation 334 'and' 'and_ln270' <Predicate = (!icmp_ln418 & head_ctx_ref_phase_0_0 == 5 & or_ln258 & !and_ln265)> <Delay = 0.28> <CoreInst = "LogicGate">   --->   Core 74 'LogicGate' <Latency = 0> <II = 1> <Delay = 0.28> <FuncUnit> <Opcode : 'and' 'or' 'xor'> <InPorts = 2> <OutPorts = 1>
ST_1 : Operation 335 [1/1] (0.39ns)   --->   "%select_ln270 = select i1 %and_ln270, i4 6, i4 5" [/home/luka/Scripting/ELEC_498-Capstone-LiteLM/HLS-Verilog/Scheduler_FSM/src-hls/Head_Helpers/head_helpers.cpp:270->/home/luka/Scripting/ELEC_498-Capstone-LiteLM/HLS-Verilog/Scheduler_FSM/src-hls/Head_Helpers/head_helpers.cpp:419]   --->   Operation 335 'select' 'select_ln270' <Predicate = (!icmp_ln418 & head_ctx_ref_phase_0_0 == 5 & or_ln258 & !and_ln265)> <Delay = 0.39> <CoreInst = "Sel">   --->   Core 73 'Sel' <Latency = 0> <II = 1> <Delay = 0.39> <FuncUnit> <Opcode : 'select'> <InPorts = 3> <OutPorts = 1>
ST_1 : Operation 336 [1/1] (0.28ns)   --->   "%xor_ln270 = xor i1 %and_ln270, i1 %head_ctx_ref_v_started_0_0" [/home/luka/Scripting/ELEC_498-Capstone-LiteLM/HLS-Verilog/Scheduler_FSM/src-hls/Head_Helpers/head_helpers.cpp:270->/home/luka/Scripting/ELEC_498-Capstone-LiteLM/HLS-Verilog/Scheduler_FSM/src-hls/Head_Helpers/head_helpers.cpp:419]   --->   Operation 336 'xor' 'xor_ln270' <Predicate = (!icmp_ln418 & head_ctx_ref_phase_0_0 == 5 & or_ln258 & !and_ln265)> <Delay = 0.28> <CoreInst = "LogicGate">   --->   Core 74 'LogicGate' <Latency = 0> <II = 1> <Delay = 0.28> <FuncUnit> <Opcode : 'and' 'or' 'xor'> <InPorts = 2> <OutPorts = 1>
ST_1 : Operation 337 [1/1] (0.93ns)   --->   "%br_ln270 = br void %_Z15run_single_headR7HeadCtxib15ControlMemSpaceRb.exit" [/home/luka/Scripting/ELEC_498-Capstone-LiteLM/HLS-Verilog/Scheduler_FSM/src-hls/Head_Helpers/head_helpers.cpp:270->/home/luka/Scripting/ELEC_498-Capstone-LiteLM/HLS-Verilog/Scheduler_FSM/src-hls/Head_Helpers/head_helpers.cpp:419]   --->   Operation 337 'br' 'br_ln270' <Predicate = (!icmp_ln418 & head_ctx_ref_phase_0_0 == 5 & or_ln258 & !and_ln265)> <Delay = 0.93>
ST_1 : Operation 338 [1/1] (0.00ns)   --->   "%or_ln12_8 = bitconcatenate i25 @_ssdm_op_BitConcatenate.i25.i1.i8.i8.i8, i1 1, i8 %trunc_ln21, i8 %empty, i8 6" [/home/luka/Scripting/ELEC_498-Capstone-LiteLM/HLS-Verilog/Scheduler_FSM/src-hls/Head_Helpers/head_helpers.cpp:12->/home/luka/Scripting/ELEC_498-Capstone-LiteLM/HLS-Verilog/Scheduler_FSM/src-hls/Head_Helpers/head_helpers.cpp:267->/home/luka/Scripting/ELEC_498-Capstone-LiteLM/HLS-Verilog/Scheduler_FSM/src-hls/Head_Helpers/head_helpers.cpp:419]   --->   Operation 338 'bitconcatenate' 'or_ln12_8' <Predicate = (!icmp_ln418 & head_ctx_ref_phase_0_0 == 5 & or_ln258 & and_ln265)> <Delay = 0.00>
ST_1 : Operation 339 [1/1] (0.00ns)   --->   "%sext_ln269 = sext i25 %or_ln12_8" [/home/luka/Scripting/ELEC_498-Capstone-LiteLM/HLS-Verilog/Scheduler_FSM/src-hls/Head_Helpers/head_helpers.cpp:269->/home/luka/Scripting/ELEC_498-Capstone-LiteLM/HLS-Verilog/Scheduler_FSM/src-hls/Head_Helpers/head_helpers.cpp:419]   --->   Operation 339 'sext' 'sext_ln269' <Predicate = (!icmp_ln418 & head_ctx_ref_phase_0_0 == 5 & or_ln258 & and_ln265)> <Delay = 0.00>
ST_1 : Operation 340 [1/1] (0.93ns)   --->   "%br_ln269 = br void %_Z15run_single_headR7HeadCtxib15ControlMemSpaceRb.exit" [/home/luka/Scripting/ELEC_498-Capstone-LiteLM/HLS-Verilog/Scheduler_FSM/src-hls/Head_Helpers/head_helpers.cpp:269->/home/luka/Scripting/ELEC_498-Capstone-LiteLM/HLS-Verilog/Scheduler_FSM/src-hls/Head_Helpers/head_helpers.cpp:419]   --->   Operation 340 'br' 'br_ln269' <Predicate = (!icmp_ln418 & head_ctx_ref_phase_0_0 == 5 & or_ln258 & and_ln265)> <Delay = 0.93>
ST_1 : Operation 341 [1/1] (0.00ns) (grouped into LUT with out node or_ln246)   --->   "%xor_ln246 = xor i1 %head_ctx_ref_wl_ready_0_0, i1 1" [/home/luka/Scripting/ELEC_498-Capstone-LiteLM/HLS-Verilog/Scheduler_FSM/src-hls/Head_Helpers/head_helpers.cpp:246->/home/luka/Scripting/ELEC_498-Capstone-LiteLM/HLS-Verilog/Scheduler_FSM/src-hls/Head_Helpers/head_helpers.cpp:419]   --->   Operation 341 'xor' 'xor_ln246' <Predicate = (!icmp_ln418 & head_ctx_ref_phase_0_0 == 4)> <Delay = 0.00> <CoreInst = "LogicGate">   --->   Core 74 'LogicGate' <Latency = 0> <II = 1> <Delay = 0.28> <FuncUnit> <Opcode : 'and' 'or' 'xor'> <InPorts = 2> <OutPorts = 1>
ST_1 : Operation 342 [1/1] (0.28ns) (out node of the LUT)   --->   "%or_ln246 = or i1 %head_ctx_ref_k_writeback_started_0_0, i1 %xor_ln246" [/home/luka/Scripting/ELEC_498-Capstone-LiteLM/HLS-Verilog/Scheduler_FSM/src-hls/Head_Helpers/head_helpers.cpp:246->/home/luka/Scripting/ELEC_498-Capstone-LiteLM/HLS-Verilog/Scheduler_FSM/src-hls/Head_Helpers/head_helpers.cpp:419]   --->   Operation 342 'or' 'or_ln246' <Predicate = (!icmp_ln418 & head_ctx_ref_phase_0_0 == 4)> <Delay = 0.28> <CoreInst = "LogicGate">   --->   Core 74 'LogicGate' <Latency = 0> <II = 1> <Delay = 0.28> <FuncUnit> <Opcode : 'and' 'or' 'xor'> <InPorts = 2> <OutPorts = 1>
ST_1 : Operation 343 [1/1] (0.00ns)   --->   "%br_ln246 = br i1 %or_ln246, void %if.then288.i, void %if.else295.i" [/home/luka/Scripting/ELEC_498-Capstone-LiteLM/HLS-Verilog/Scheduler_FSM/src-hls/Head_Helpers/head_helpers.cpp:246->/home/luka/Scripting/ELEC_498-Capstone-LiteLM/HLS-Verilog/Scheduler_FSM/src-hls/Head_Helpers/head_helpers.cpp:419]   --->   Operation 343 'br' 'br_ln246' <Predicate = (!icmp_ln418 & head_ctx_ref_phase_0_0 == 4)> <Delay = 0.00>
ST_1 : Operation 344 [1/1] (0.00ns)   --->   "%or_ln21_3 = bitconcatenate i25 @_ssdm_op_BitConcatenate.i25.i1.i8.i8.i8, i1 1, i8 %trunc_ln21, i8 %empty, i8 3" [/home/luka/Scripting/ELEC_498-Capstone-LiteLM/HLS-Verilog/Scheduler_FSM/src-hls/Head_Helpers/head_helpers.cpp:21->/home/luka/Scripting/ELEC_498-Capstone-LiteLM/HLS-Verilog/Scheduler_FSM/src-hls/Head_Helpers/head_helpers.cpp:248->/home/luka/Scripting/ELEC_498-Capstone-LiteLM/HLS-Verilog/Scheduler_FSM/src-hls/Head_Helpers/head_helpers.cpp:419]   --->   Operation 344 'bitconcatenate' 'or_ln21_3' <Predicate = (!icmp_ln418 & head_ctx_ref_phase_0_0 == 4 & !or_ln246)> <Delay = 0.00>
ST_1 : Operation 345 [1/1] (0.00ns)   --->   "%sext_ln251 = sext i25 %or_ln21_3" [/home/luka/Scripting/ELEC_498-Capstone-LiteLM/HLS-Verilog/Scheduler_FSM/src-hls/Head_Helpers/head_helpers.cpp:251->/home/luka/Scripting/ELEC_498-Capstone-LiteLM/HLS-Verilog/Scheduler_FSM/src-hls/Head_Helpers/head_helpers.cpp:419]   --->   Operation 345 'sext' 'sext_ln251' <Predicate = (!icmp_ln418 & head_ctx_ref_phase_0_0 == 4 & !or_ln246)> <Delay = 0.00>
ST_1 : Operation 346 [1/1] (0.93ns)   --->   "%br_ln251 = br void %_Z15run_single_headR7HeadCtxib15ControlMemSpaceRb.exit" [/home/luka/Scripting/ELEC_498-Capstone-LiteLM/HLS-Verilog/Scheduler_FSM/src-hls/Head_Helpers/head_helpers.cpp:251->/home/luka/Scripting/ELEC_498-Capstone-LiteLM/HLS-Verilog/Scheduler_FSM/src-hls/Head_Helpers/head_helpers.cpp:419]   --->   Operation 346 'br' 'br_ln251' <Predicate = (!icmp_ln418 & head_ctx_ref_phase_0_0 == 4 & !or_ln246)> <Delay = 0.93>
ST_1 : Operation 347 [1/1] (0.28ns)   --->   "%and_ln251 = and i1 %head_ctx_ref_k_writeback_dma_done_0_3, i1 %head_ctx_ref_k_writeback_started_0_0" [/home/luka/Scripting/ELEC_498-Capstone-LiteLM/HLS-Verilog/Scheduler_FSM/src-hls/Head_Helpers/head_helpers.cpp:251->/home/luka/Scripting/ELEC_498-Capstone-LiteLM/HLS-Verilog/Scheduler_FSM/src-hls/Head_Helpers/head_helpers.cpp:419]   --->   Operation 347 'and' 'and_ln251' <Predicate = (!icmp_ln418 & head_ctx_ref_phase_0_0 == 4 & or_ln246)> <Delay = 0.28> <CoreInst = "LogicGate">   --->   Core 74 'LogicGate' <Latency = 0> <II = 1> <Delay = 0.28> <FuncUnit> <Opcode : 'and' 'or' 'xor'> <InPorts = 2> <OutPorts = 1>
ST_1 : Operation 348 [1/1] (0.39ns)   --->   "%select_ln251 = select i1 %and_ln251, i4 5, i4 4" [/home/luka/Scripting/ELEC_498-Capstone-LiteLM/HLS-Verilog/Scheduler_FSM/src-hls/Head_Helpers/head_helpers.cpp:251->/home/luka/Scripting/ELEC_498-Capstone-LiteLM/HLS-Verilog/Scheduler_FSM/src-hls/Head_Helpers/head_helpers.cpp:419]   --->   Operation 348 'select' 'select_ln251' <Predicate = (!icmp_ln418 & head_ctx_ref_phase_0_0 == 4 & or_ln246)> <Delay = 0.39> <CoreInst = "Sel">   --->   Core 73 'Sel' <Latency = 0> <II = 1> <Delay = 0.39> <FuncUnit> <Opcode : 'select'> <InPorts = 3> <OutPorts = 1>
ST_1 : Operation 349 [1/1] (0.28ns)   --->   "%xor_ln251 = xor i1 %and_ln251, i1 %head_ctx_ref_k_writeback_started_0_0" [/home/luka/Scripting/ELEC_498-Capstone-LiteLM/HLS-Verilog/Scheduler_FSM/src-hls/Head_Helpers/head_helpers.cpp:251->/home/luka/Scripting/ELEC_498-Capstone-LiteLM/HLS-Verilog/Scheduler_FSM/src-hls/Head_Helpers/head_helpers.cpp:419]   --->   Operation 349 'xor' 'xor_ln251' <Predicate = (!icmp_ln418 & head_ctx_ref_phase_0_0 == 4 & or_ln246)> <Delay = 0.28> <CoreInst = "LogicGate">   --->   Core 74 'LogicGate' <Latency = 0> <II = 1> <Delay = 0.28> <FuncUnit> <Opcode : 'and' 'or' 'xor'> <InPorts = 2> <OutPorts = 1>
ST_1 : Operation 350 [1/1] (0.93ns)   --->   "%br_ln251 = br void %_Z15run_single_headR7HeadCtxib15ControlMemSpaceRb.exit" [/home/luka/Scripting/ELEC_498-Capstone-LiteLM/HLS-Verilog/Scheduler_FSM/src-hls/Head_Helpers/head_helpers.cpp:251->/home/luka/Scripting/ELEC_498-Capstone-LiteLM/HLS-Verilog/Scheduler_FSM/src-hls/Head_Helpers/head_helpers.cpp:419]   --->   Operation 350 'br' 'br_ln251' <Predicate = (!icmp_ln418 & head_ctx_ref_phase_0_0 == 4 & or_ln246)> <Delay = 0.93>
ST_1 : Operation 351 [1/1] (0.00ns) (grouped into LUT with out node or_ln234)   --->   "%xor_ln234 = xor i1 %head_ctx_ref_compute_ready_0_0, i1 1" [/home/luka/Scripting/ELEC_498-Capstone-LiteLM/HLS-Verilog/Scheduler_FSM/src-hls/Head_Helpers/head_helpers.cpp:234->/home/luka/Scripting/ELEC_498-Capstone-LiteLM/HLS-Verilog/Scheduler_FSM/src-hls/Head_Helpers/head_helpers.cpp:419]   --->   Operation 351 'xor' 'xor_ln234' <Predicate = (!icmp_ln418 & head_ctx_ref_phase_0_0 == 3)> <Delay = 0.00> <CoreInst = "LogicGate">   --->   Core 74 'LogicGate' <Latency = 0> <II = 1> <Delay = 0.28> <FuncUnit> <Opcode : 'and' 'or' 'xor'> <InPorts = 2> <OutPorts = 1>
ST_1 : Operation 352 [1/1] (0.28ns) (out node of the LUT)   --->   "%or_ln234 = or i1 %head_ctx_ref_k_requant_started_0_0, i1 %xor_ln234" [/home/luka/Scripting/ELEC_498-Capstone-LiteLM/HLS-Verilog/Scheduler_FSM/src-hls/Head_Helpers/head_helpers.cpp:234->/home/luka/Scripting/ELEC_498-Capstone-LiteLM/HLS-Verilog/Scheduler_FSM/src-hls/Head_Helpers/head_helpers.cpp:419]   --->   Operation 352 'or' 'or_ln234' <Predicate = (!icmp_ln418 & head_ctx_ref_phase_0_0 == 3)> <Delay = 0.28> <CoreInst = "LogicGate">   --->   Core 74 'LogicGate' <Latency = 0> <II = 1> <Delay = 0.28> <FuncUnit> <Opcode : 'and' 'or' 'xor'> <InPorts = 2> <OutPorts = 1>
ST_1 : Operation 353 [1/1] (0.00ns)   --->   "%br_ln234 = br i1 %or_ln234, void %if.then266.i, void %if.else275.i" [/home/luka/Scripting/ELEC_498-Capstone-LiteLM/HLS-Verilog/Scheduler_FSM/src-hls/Head_Helpers/head_helpers.cpp:234->/home/luka/Scripting/ELEC_498-Capstone-LiteLM/HLS-Verilog/Scheduler_FSM/src-hls/Head_Helpers/head_helpers.cpp:419]   --->   Operation 353 'br' 'br_ln234' <Predicate = (!icmp_ln418 & head_ctx_ref_phase_0_0 == 3)> <Delay = 0.00>
ST_1 : Operation 354 [1/1] (0.00ns)   --->   "%or_ln12_1 = bitconcatenate i25 @_ssdm_op_BitConcatenate.i25.i1.i8.i8.i8, i1 1, i8 %trunc_ln21, i8 %empty, i8 5" [/home/luka/Scripting/ELEC_498-Capstone-LiteLM/HLS-Verilog/Scheduler_FSM/src-hls/Head_Helpers/head_helpers.cpp:12->/home/luka/Scripting/ELEC_498-Capstone-LiteLM/HLS-Verilog/Scheduler_FSM/src-hls/Head_Helpers/head_helpers.cpp:236->/home/luka/Scripting/ELEC_498-Capstone-LiteLM/HLS-Verilog/Scheduler_FSM/src-hls/Head_Helpers/head_helpers.cpp:419]   --->   Operation 354 'bitconcatenate' 'or_ln12_1' <Predicate = (!icmp_ln418 & head_ctx_ref_phase_0_0 == 3 & !or_ln234)> <Delay = 0.00>
ST_1 : Operation 355 [1/1] (0.00ns)   --->   "%sext_ln239 = sext i25 %or_ln12_1" [/home/luka/Scripting/ELEC_498-Capstone-LiteLM/HLS-Verilog/Scheduler_FSM/src-hls/Head_Helpers/head_helpers.cpp:239->/home/luka/Scripting/ELEC_498-Capstone-LiteLM/HLS-Verilog/Scheduler_FSM/src-hls/Head_Helpers/head_helpers.cpp:419]   --->   Operation 355 'sext' 'sext_ln239' <Predicate = (!icmp_ln418 & head_ctx_ref_phase_0_0 == 3 & !or_ln234)> <Delay = 0.00>
ST_1 : Operation 356 [1/1] (0.93ns)   --->   "%br_ln239 = br void %_Z15run_single_headR7HeadCtxib15ControlMemSpaceRb.exit" [/home/luka/Scripting/ELEC_498-Capstone-LiteLM/HLS-Verilog/Scheduler_FSM/src-hls/Head_Helpers/head_helpers.cpp:239->/home/luka/Scripting/ELEC_498-Capstone-LiteLM/HLS-Verilog/Scheduler_FSM/src-hls/Head_Helpers/head_helpers.cpp:419]   --->   Operation 356 'br' 'br_ln239' <Predicate = (!icmp_ln418 & head_ctx_ref_phase_0_0 == 3 & !or_ln234)> <Delay = 0.93>
ST_1 : Operation 357 [1/1] (0.93ns)   --->   "%br_ln239 = br i1 %head_ctx_ref_k_requant_compute_done_0_2, void %_Z15run_single_headR7HeadCtxib15ControlMemSpaceRb.exit, void %land.lhs.true277.i" [/home/luka/Scripting/ELEC_498-Capstone-LiteLM/HLS-Verilog/Scheduler_FSM/src-hls/Head_Helpers/head_helpers.cpp:239->/home/luka/Scripting/ELEC_498-Capstone-LiteLM/HLS-Verilog/Scheduler_FSM/src-hls/Head_Helpers/head_helpers.cpp:419]   --->   Operation 357 'br' 'br_ln239' <Predicate = (!icmp_ln418 & head_ctx_ref_phase_0_0 == 3 & or_ln234)> <Delay = 0.93>
ST_1 : Operation 358 [1/1] (0.39ns)   --->   "%select_ln239 = select i1 %head_ctx_ref_k_requant_started_0_0, i4 4, i4 3" [/home/luka/Scripting/ELEC_498-Capstone-LiteLM/HLS-Verilog/Scheduler_FSM/src-hls/Head_Helpers/head_helpers.cpp:239->/home/luka/Scripting/ELEC_498-Capstone-LiteLM/HLS-Verilog/Scheduler_FSM/src-hls/Head_Helpers/head_helpers.cpp:419]   --->   Operation 358 'select' 'select_ln239' <Predicate = (!icmp_ln418 & head_ctx_ref_phase_0_0 == 3 & or_ln234 & head_ctx_ref_k_requant_compute_done_0_2)> <Delay = 0.39> <CoreInst = "Sel">   --->   Core 73 'Sel' <Latency = 0> <II = 1> <Delay = 0.39> <FuncUnit> <Opcode : 'select'> <InPorts = 3> <OutPorts = 1>
ST_1 : Operation 359 [1/1] (0.93ns)   --->   "%br_ln239 = br void %_Z15run_single_headR7HeadCtxib15ControlMemSpaceRb.exit" [/home/luka/Scripting/ELEC_498-Capstone-LiteLM/HLS-Verilog/Scheduler_FSM/src-hls/Head_Helpers/head_helpers.cpp:239->/home/luka/Scripting/ELEC_498-Capstone-LiteLM/HLS-Verilog/Scheduler_FSM/src-hls/Head_Helpers/head_helpers.cpp:419]   --->   Operation 359 'br' 'br_ln239' <Predicate = (!icmp_ln418 & head_ctx_ref_phase_0_0 == 3 & or_ln234 & head_ctx_ref_k_requant_compute_done_0_2)> <Delay = 0.93>
ST_1 : Operation 360 [1/1] (0.00ns) (grouped into LUT with out node or_ln215)   --->   "%xor_ln215 = xor i1 %head_ctx_ref_wl_ready_0_0, i1 1" [/home/luka/Scripting/ELEC_498-Capstone-LiteLM/HLS-Verilog/Scheduler_FSM/src-hls/Head_Helpers/head_helpers.cpp:215->/home/luka/Scripting/ELEC_498-Capstone-LiteLM/HLS-Verilog/Scheduler_FSM/src-hls/Head_Helpers/head_helpers.cpp:419]   --->   Operation 360 'xor' 'xor_ln215' <Predicate = (!icmp_ln418 & head_ctx_ref_phase_0_0 == 2)> <Delay = 0.00> <CoreInst = "LogicGate">   --->   Core 74 'LogicGate' <Latency = 0> <II = 1> <Delay = 0.28> <FuncUnit> <Opcode : 'and' 'or' 'xor'> <InPorts = 2> <OutPorts = 1>
ST_1 : Operation 361 [1/1] (0.28ns) (out node of the LUT)   --->   "%or_ln215 = or i1 %head_ctx_ref_k_started_0_0, i1 %xor_ln215" [/home/luka/Scripting/ELEC_498-Capstone-LiteLM/HLS-Verilog/Scheduler_FSM/src-hls/Head_Helpers/head_helpers.cpp:215->/home/luka/Scripting/ELEC_498-Capstone-LiteLM/HLS-Verilog/Scheduler_FSM/src-hls/Head_Helpers/head_helpers.cpp:419]   --->   Operation 361 'or' 'or_ln215' <Predicate = (!icmp_ln418 & head_ctx_ref_phase_0_0 == 2)> <Delay = 0.28> <CoreInst = "LogicGate">   --->   Core 74 'LogicGate' <Latency = 0> <II = 1> <Delay = 0.28> <FuncUnit> <Opcode : 'and' 'or' 'xor'> <InPorts = 2> <OutPorts = 1>
ST_1 : Operation 362 [1/1] (0.00ns)   --->   "%br_ln215 = br i1 %or_ln215, void %if.then233.i, void %if.else240.i" [/home/luka/Scripting/ELEC_498-Capstone-LiteLM/HLS-Verilog/Scheduler_FSM/src-hls/Head_Helpers/head_helpers.cpp:215->/home/luka/Scripting/ELEC_498-Capstone-LiteLM/HLS-Verilog/Scheduler_FSM/src-hls/Head_Helpers/head_helpers.cpp:419]   --->   Operation 362 'br' 'br_ln215' <Predicate = (!icmp_ln418 & head_ctx_ref_phase_0_0 == 2)> <Delay = 0.00>
ST_1 : Operation 363 [1/1] (0.00ns)   --->   "%or_ln21_2 = bitconcatenate i25 @_ssdm_op_BitConcatenate.i25.i1.i8.i8.i8, i1 1, i8 %trunc_ln21, i8 %empty, i8 2" [/home/luka/Scripting/ELEC_498-Capstone-LiteLM/HLS-Verilog/Scheduler_FSM/src-hls/Head_Helpers/head_helpers.cpp:21->/home/luka/Scripting/ELEC_498-Capstone-LiteLM/HLS-Verilog/Scheduler_FSM/src-hls/Head_Helpers/head_helpers.cpp:217->/home/luka/Scripting/ELEC_498-Capstone-LiteLM/HLS-Verilog/Scheduler_FSM/src-hls/Head_Helpers/head_helpers.cpp:419]   --->   Operation 363 'bitconcatenate' 'or_ln21_2' <Predicate = (!icmp_ln418 & head_ctx_ref_phase_0_0 == 2 & !or_ln215)> <Delay = 0.00>
ST_1 : Operation 364 [1/1] (0.00ns)   --->   "%sext_ln220 = sext i25 %or_ln21_2" [/home/luka/Scripting/ELEC_498-Capstone-LiteLM/HLS-Verilog/Scheduler_FSM/src-hls/Head_Helpers/head_helpers.cpp:220->/home/luka/Scripting/ELEC_498-Capstone-LiteLM/HLS-Verilog/Scheduler_FSM/src-hls/Head_Helpers/head_helpers.cpp:419]   --->   Operation 364 'sext' 'sext_ln220' <Predicate = (!icmp_ln418 & head_ctx_ref_phase_0_0 == 2 & !or_ln215)> <Delay = 0.00>
ST_1 : Operation 365 [1/1] (0.93ns)   --->   "%br_ln220 = br void %_Z15run_single_headR7HeadCtxib15ControlMemSpaceRb.exit" [/home/luka/Scripting/ELEC_498-Capstone-LiteLM/HLS-Verilog/Scheduler_FSM/src-hls/Head_Helpers/head_helpers.cpp:220->/home/luka/Scripting/ELEC_498-Capstone-LiteLM/HLS-Verilog/Scheduler_FSM/src-hls/Head_Helpers/head_helpers.cpp:419]   --->   Operation 365 'br' 'br_ln220' <Predicate = (!icmp_ln418 & head_ctx_ref_phase_0_0 == 2 & !or_ln215)> <Delay = 0.93>
ST_1 : Operation 366 [1/1] (0.28ns)   --->   "%and_ln222 = and i1 %head_ctx_ref_compute_ready_0_0, i1 %head_ctx_ref_k_dma_done_0_3" [/home/luka/Scripting/ELEC_498-Capstone-LiteLM/HLS-Verilog/Scheduler_FSM/src-hls/Head_Helpers/head_helpers.cpp:222->/home/luka/Scripting/ELEC_498-Capstone-LiteLM/HLS-Verilog/Scheduler_FSM/src-hls/Head_Helpers/head_helpers.cpp:419]   --->   Operation 366 'and' 'and_ln222' <Predicate = (!icmp_ln418 & head_ctx_ref_phase_0_0 == 2 & or_ln215)> <Delay = 0.28> <CoreInst = "LogicGate">   --->   Core 74 'LogicGate' <Latency = 0> <II = 1> <Delay = 0.28> <FuncUnit> <Opcode : 'and' 'or' 'xor'> <InPorts = 2> <OutPorts = 1>
ST_1 : Operation 367 [1/1] (0.00ns)   --->   "%br_ln222 = br i1 %and_ln222, void %if.else252.i, void %if.then244.i" [/home/luka/Scripting/ELEC_498-Capstone-LiteLM/HLS-Verilog/Scheduler_FSM/src-hls/Head_Helpers/head_helpers.cpp:222->/home/luka/Scripting/ELEC_498-Capstone-LiteLM/HLS-Verilog/Scheduler_FSM/src-hls/Head_Helpers/head_helpers.cpp:419]   --->   Operation 367 'br' 'br_ln222' <Predicate = (!icmp_ln418 & head_ctx_ref_phase_0_0 == 2 & or_ln215)> <Delay = 0.00>
ST_1 : Operation 368 [1/1] (0.28ns)   --->   "%and_ln227 = and i1 %head_ctx_ref_k_compute_done_0_2, i1 %head_ctx_ref_k_started_0_0" [/home/luka/Scripting/ELEC_498-Capstone-LiteLM/HLS-Verilog/Scheduler_FSM/src-hls/Head_Helpers/head_helpers.cpp:227->/home/luka/Scripting/ELEC_498-Capstone-LiteLM/HLS-Verilog/Scheduler_FSM/src-hls/Head_Helpers/head_helpers.cpp:419]   --->   Operation 368 'and' 'and_ln227' <Predicate = (!icmp_ln418 & head_ctx_ref_phase_0_0 == 2 & or_ln215 & !and_ln222)> <Delay = 0.28> <CoreInst = "LogicGate">   --->   Core 74 'LogicGate' <Latency = 0> <II = 1> <Delay = 0.28> <FuncUnit> <Opcode : 'and' 'or' 'xor'> <InPorts = 2> <OutPorts = 1>
ST_1 : Operation 369 [1/1] (0.20ns)   --->   "%select_ln227 = select i1 %and_ln227, i4 3, i4 2" [/home/luka/Scripting/ELEC_498-Capstone-LiteLM/HLS-Verilog/Scheduler_FSM/src-hls/Head_Helpers/head_helpers.cpp:227->/home/luka/Scripting/ELEC_498-Capstone-LiteLM/HLS-Verilog/Scheduler_FSM/src-hls/Head_Helpers/head_helpers.cpp:419]   --->   Operation 369 'select' 'select_ln227' <Predicate = (!icmp_ln418 & head_ctx_ref_phase_0_0 == 2 & or_ln215 & !and_ln222)> <Delay = 0.20> <CoreInst = "Sel">   --->   Core 73 'Sel' <Latency = 0> <II = 1> <Delay = 0.20> <FuncUnit> <Opcode : 'select'> <InPorts = 3> <OutPorts = 1>
ST_1 : Operation 370 [1/1] (0.28ns)   --->   "%xor_ln227 = xor i1 %and_ln227, i1 %head_ctx_ref_k_started_0_0" [/home/luka/Scripting/ELEC_498-Capstone-LiteLM/HLS-Verilog/Scheduler_FSM/src-hls/Head_Helpers/head_helpers.cpp:227->/home/luka/Scripting/ELEC_498-Capstone-LiteLM/HLS-Verilog/Scheduler_FSM/src-hls/Head_Helpers/head_helpers.cpp:419]   --->   Operation 370 'xor' 'xor_ln227' <Predicate = (!icmp_ln418 & head_ctx_ref_phase_0_0 == 2 & or_ln215 & !and_ln222)> <Delay = 0.28> <CoreInst = "LogicGate">   --->   Core 74 'LogicGate' <Latency = 0> <II = 1> <Delay = 0.28> <FuncUnit> <Opcode : 'and' 'or' 'xor'> <InPorts = 2> <OutPorts = 1>
ST_1 : Operation 371 [1/1] (0.93ns)   --->   "%br_ln227 = br void %_Z15run_single_headR7HeadCtxib15ControlMemSpaceRb.exit" [/home/luka/Scripting/ELEC_498-Capstone-LiteLM/HLS-Verilog/Scheduler_FSM/src-hls/Head_Helpers/head_helpers.cpp:227->/home/luka/Scripting/ELEC_498-Capstone-LiteLM/HLS-Verilog/Scheduler_FSM/src-hls/Head_Helpers/head_helpers.cpp:419]   --->   Operation 371 'br' 'br_ln227' <Predicate = (!icmp_ln418 & head_ctx_ref_phase_0_0 == 2 & or_ln215 & !and_ln222)> <Delay = 0.93>
ST_1 : Operation 372 [1/1] (0.00ns)   --->   "%or_ln12_7 = bitconcatenate i25 @_ssdm_op_BitConcatenate.i25.i1.i8.i8.i8, i1 1, i8 %trunc_ln21, i8 %empty, i8 4" [/home/luka/Scripting/ELEC_498-Capstone-LiteLM/HLS-Verilog/Scheduler_FSM/src-hls/Head_Helpers/head_helpers.cpp:12->/home/luka/Scripting/ELEC_498-Capstone-LiteLM/HLS-Verilog/Scheduler_FSM/src-hls/Head_Helpers/head_helpers.cpp:224->/home/luka/Scripting/ELEC_498-Capstone-LiteLM/HLS-Verilog/Scheduler_FSM/src-hls/Head_Helpers/head_helpers.cpp:419]   --->   Operation 372 'bitconcatenate' 'or_ln12_7' <Predicate = (!icmp_ln418 & head_ctx_ref_phase_0_0 == 2 & or_ln215 & and_ln222)> <Delay = 0.00>
ST_1 : Operation 373 [1/1] (0.00ns)   --->   "%sext_ln226 = sext i25 %or_ln12_7" [/home/luka/Scripting/ELEC_498-Capstone-LiteLM/HLS-Verilog/Scheduler_FSM/src-hls/Head_Helpers/head_helpers.cpp:226->/home/luka/Scripting/ELEC_498-Capstone-LiteLM/HLS-Verilog/Scheduler_FSM/src-hls/Head_Helpers/head_helpers.cpp:419]   --->   Operation 373 'sext' 'sext_ln226' <Predicate = (!icmp_ln418 & head_ctx_ref_phase_0_0 == 2 & or_ln215 & and_ln222)> <Delay = 0.00>
ST_1 : Operation 374 [1/1] (0.93ns)   --->   "%br_ln226 = br void %_Z15run_single_headR7HeadCtxib15ControlMemSpaceRb.exit" [/home/luka/Scripting/ELEC_498-Capstone-LiteLM/HLS-Verilog/Scheduler_FSM/src-hls/Head_Helpers/head_helpers.cpp:226->/home/luka/Scripting/ELEC_498-Capstone-LiteLM/HLS-Verilog/Scheduler_FSM/src-hls/Head_Helpers/head_helpers.cpp:419]   --->   Operation 374 'br' 'br_ln226' <Predicate = (!icmp_ln418 & head_ctx_ref_phase_0_0 == 2 & or_ln215 & and_ln222)> <Delay = 0.93>
ST_1 : Operation 375 [1/1] (0.00ns) (grouped into LUT with out node or_ln196)   --->   "%xor_ln196 = xor i1 %head_ctx_ref_wl_ready_0_0, i1 1" [/home/luka/Scripting/ELEC_498-Capstone-LiteLM/HLS-Verilog/Scheduler_FSM/src-hls/Head_Helpers/head_helpers.cpp:196->/home/luka/Scripting/ELEC_498-Capstone-LiteLM/HLS-Verilog/Scheduler_FSM/src-hls/Head_Helpers/head_helpers.cpp:419]   --->   Operation 375 'xor' 'xor_ln196' <Predicate = (!icmp_ln418 & head_ctx_ref_phase_0_0 == 1)> <Delay = 0.00> <CoreInst = "LogicGate">   --->   Core 74 'LogicGate' <Latency = 0> <II = 1> <Delay = 0.28> <FuncUnit> <Opcode : 'and' 'or' 'xor'> <InPorts = 2> <OutPorts = 1>
ST_1 : Operation 376 [1/1] (0.28ns) (out node of the LUT)   --->   "%or_ln196 = or i1 %head_ctx_ref_q_started_0_0, i1 %xor_ln196" [/home/luka/Scripting/ELEC_498-Capstone-LiteLM/HLS-Verilog/Scheduler_FSM/src-hls/Head_Helpers/head_helpers.cpp:196->/home/luka/Scripting/ELEC_498-Capstone-LiteLM/HLS-Verilog/Scheduler_FSM/src-hls/Head_Helpers/head_helpers.cpp:419]   --->   Operation 376 'or' 'or_ln196' <Predicate = (!icmp_ln418 & head_ctx_ref_phase_0_0 == 1)> <Delay = 0.28> <CoreInst = "LogicGate">   --->   Core 74 'LogicGate' <Latency = 0> <II = 1> <Delay = 0.28> <FuncUnit> <Opcode : 'and' 'or' 'xor'> <InPorts = 2> <OutPorts = 1>
ST_1 : Operation 377 [1/1] (0.00ns)   --->   "%br_ln196 = br i1 %or_ln196, void %if.then200.i, void %if.else207.i" [/home/luka/Scripting/ELEC_498-Capstone-LiteLM/HLS-Verilog/Scheduler_FSM/src-hls/Head_Helpers/head_helpers.cpp:196->/home/luka/Scripting/ELEC_498-Capstone-LiteLM/HLS-Verilog/Scheduler_FSM/src-hls/Head_Helpers/head_helpers.cpp:419]   --->   Operation 377 'br' 'br_ln196' <Predicate = (!icmp_ln418 & head_ctx_ref_phase_0_0 == 1)> <Delay = 0.00>
ST_1 : Operation 378 [1/1] (0.00ns)   --->   "%or_ln21_1 = bitconcatenate i25 @_ssdm_op_BitConcatenate.i25.i1.i8.i8.i8, i1 1, i8 %trunc_ln21, i8 %empty, i8 1" [/home/luka/Scripting/ELEC_498-Capstone-LiteLM/HLS-Verilog/Scheduler_FSM/src-hls/Head_Helpers/head_helpers.cpp:21->/home/luka/Scripting/ELEC_498-Capstone-LiteLM/HLS-Verilog/Scheduler_FSM/src-hls/Head_Helpers/head_helpers.cpp:198->/home/luka/Scripting/ELEC_498-Capstone-LiteLM/HLS-Verilog/Scheduler_FSM/src-hls/Head_Helpers/head_helpers.cpp:419]   --->   Operation 378 'bitconcatenate' 'or_ln21_1' <Predicate = (!icmp_ln418 & head_ctx_ref_phase_0_0 == 1 & !or_ln196)> <Delay = 0.00>
ST_1 : Operation 379 [1/1] (0.00ns)   --->   "%sext_ln201 = sext i25 %or_ln21_1" [/home/luka/Scripting/ELEC_498-Capstone-LiteLM/HLS-Verilog/Scheduler_FSM/src-hls/Head_Helpers/head_helpers.cpp:201->/home/luka/Scripting/ELEC_498-Capstone-LiteLM/HLS-Verilog/Scheduler_FSM/src-hls/Head_Helpers/head_helpers.cpp:419]   --->   Operation 379 'sext' 'sext_ln201' <Predicate = (!icmp_ln418 & head_ctx_ref_phase_0_0 == 1 & !or_ln196)> <Delay = 0.00>
ST_1 : Operation 380 [1/1] (0.93ns)   --->   "%br_ln201 = br void %_Z15run_single_headR7HeadCtxib15ControlMemSpaceRb.exit" [/home/luka/Scripting/ELEC_498-Capstone-LiteLM/HLS-Verilog/Scheduler_FSM/src-hls/Head_Helpers/head_helpers.cpp:201->/home/luka/Scripting/ELEC_498-Capstone-LiteLM/HLS-Verilog/Scheduler_FSM/src-hls/Head_Helpers/head_helpers.cpp:419]   --->   Operation 380 'br' 'br_ln201' <Predicate = (!icmp_ln418 & head_ctx_ref_phase_0_0 == 1 & !or_ln196)> <Delay = 0.93>
ST_1 : Operation 381 [1/1] (0.28ns)   --->   "%and_ln203 = and i1 %head_ctx_ref_compute_ready_0_0, i1 %head_ctx_ref_q_dma_done_0_3" [/home/luka/Scripting/ELEC_498-Capstone-LiteLM/HLS-Verilog/Scheduler_FSM/src-hls/Head_Helpers/head_helpers.cpp:203->/home/luka/Scripting/ELEC_498-Capstone-LiteLM/HLS-Verilog/Scheduler_FSM/src-hls/Head_Helpers/head_helpers.cpp:419]   --->   Operation 381 'and' 'and_ln203' <Predicate = (!icmp_ln418 & head_ctx_ref_phase_0_0 == 1 & or_ln196)> <Delay = 0.28> <CoreInst = "LogicGate">   --->   Core 74 'LogicGate' <Latency = 0> <II = 1> <Delay = 0.28> <FuncUnit> <Opcode : 'and' 'or' 'xor'> <InPorts = 2> <OutPorts = 1>
ST_1 : Operation 382 [1/1] (0.00ns)   --->   "%br_ln203 = br i1 %and_ln203, void %if.else219.i, void %if.then211.i" [/home/luka/Scripting/ELEC_498-Capstone-LiteLM/HLS-Verilog/Scheduler_FSM/src-hls/Head_Helpers/head_helpers.cpp:203->/home/luka/Scripting/ELEC_498-Capstone-LiteLM/HLS-Verilog/Scheduler_FSM/src-hls/Head_Helpers/head_helpers.cpp:419]   --->   Operation 382 'br' 'br_ln203' <Predicate = (!icmp_ln418 & head_ctx_ref_phase_0_0 == 1 & or_ln196)> <Delay = 0.00>
ST_1 : Operation 383 [1/1] (0.28ns)   --->   "%and_ln208 = and i1 %head_ctx_ref_q_compute_done_0_2, i1 %head_ctx_ref_q_started_0_0" [/home/luka/Scripting/ELEC_498-Capstone-LiteLM/HLS-Verilog/Scheduler_FSM/src-hls/Head_Helpers/head_helpers.cpp:208->/home/luka/Scripting/ELEC_498-Capstone-LiteLM/HLS-Verilog/Scheduler_FSM/src-hls/Head_Helpers/head_helpers.cpp:419]   --->   Operation 383 'and' 'and_ln208' <Predicate = (!icmp_ln418 & head_ctx_ref_phase_0_0 == 1 & or_ln196 & !and_ln203)> <Delay = 0.28> <CoreInst = "LogicGate">   --->   Core 74 'LogicGate' <Latency = 0> <II = 1> <Delay = 0.28> <FuncUnit> <Opcode : 'and' 'or' 'xor'> <InPorts = 2> <OutPorts = 1>
ST_1 : Operation 384 [1/1] (0.20ns)   --->   "%select_ln208 = select i1 %and_ln208, i4 2, i4 1" [/home/luka/Scripting/ELEC_498-Capstone-LiteLM/HLS-Verilog/Scheduler_FSM/src-hls/Head_Helpers/head_helpers.cpp:208->/home/luka/Scripting/ELEC_498-Capstone-LiteLM/HLS-Verilog/Scheduler_FSM/src-hls/Head_Helpers/head_helpers.cpp:419]   --->   Operation 384 'select' 'select_ln208' <Predicate = (!icmp_ln418 & head_ctx_ref_phase_0_0 == 1 & or_ln196 & !and_ln203)> <Delay = 0.20> <CoreInst = "Sel">   --->   Core 73 'Sel' <Latency = 0> <II = 1> <Delay = 0.20> <FuncUnit> <Opcode : 'select'> <InPorts = 3> <OutPorts = 1>
ST_1 : Operation 385 [1/1] (0.28ns)   --->   "%xor_ln208 = xor i1 %and_ln208, i1 %head_ctx_ref_q_started_0_0" [/home/luka/Scripting/ELEC_498-Capstone-LiteLM/HLS-Verilog/Scheduler_FSM/src-hls/Head_Helpers/head_helpers.cpp:208->/home/luka/Scripting/ELEC_498-Capstone-LiteLM/HLS-Verilog/Scheduler_FSM/src-hls/Head_Helpers/head_helpers.cpp:419]   --->   Operation 385 'xor' 'xor_ln208' <Predicate = (!icmp_ln418 & head_ctx_ref_phase_0_0 == 1 & or_ln196 & !and_ln203)> <Delay = 0.28> <CoreInst = "LogicGate">   --->   Core 74 'LogicGate' <Latency = 0> <II = 1> <Delay = 0.28> <FuncUnit> <Opcode : 'and' 'or' 'xor'> <InPorts = 2> <OutPorts = 1>
ST_1 : Operation 386 [1/1] (0.93ns)   --->   "%br_ln208 = br void %_Z15run_single_headR7HeadCtxib15ControlMemSpaceRb.exit" [/home/luka/Scripting/ELEC_498-Capstone-LiteLM/HLS-Verilog/Scheduler_FSM/src-hls/Head_Helpers/head_helpers.cpp:208->/home/luka/Scripting/ELEC_498-Capstone-LiteLM/HLS-Verilog/Scheduler_FSM/src-hls/Head_Helpers/head_helpers.cpp:419]   --->   Operation 386 'br' 'br_ln208' <Predicate = (!icmp_ln418 & head_ctx_ref_phase_0_0 == 1 & or_ln196 & !and_ln203)> <Delay = 0.93>
ST_1 : Operation 387 [1/1] (0.00ns)   --->   "%or_ln12_6 = bitconcatenate i25 @_ssdm_op_BitConcatenate.i25.i1.i8.i8.i8, i1 1, i8 %trunc_ln21, i8 %empty, i8 3" [/home/luka/Scripting/ELEC_498-Capstone-LiteLM/HLS-Verilog/Scheduler_FSM/src-hls/Head_Helpers/head_helpers.cpp:12->/home/luka/Scripting/ELEC_498-Capstone-LiteLM/HLS-Verilog/Scheduler_FSM/src-hls/Head_Helpers/head_helpers.cpp:205->/home/luka/Scripting/ELEC_498-Capstone-LiteLM/HLS-Verilog/Scheduler_FSM/src-hls/Head_Helpers/head_helpers.cpp:419]   --->   Operation 387 'bitconcatenate' 'or_ln12_6' <Predicate = (!icmp_ln418 & head_ctx_ref_phase_0_0 == 1 & or_ln196 & and_ln203)> <Delay = 0.00>
ST_1 : Operation 388 [1/1] (0.00ns)   --->   "%sext_ln207 = sext i25 %or_ln12_6" [/home/luka/Scripting/ELEC_498-Capstone-LiteLM/HLS-Verilog/Scheduler_FSM/src-hls/Head_Helpers/head_helpers.cpp:207->/home/luka/Scripting/ELEC_498-Capstone-LiteLM/HLS-Verilog/Scheduler_FSM/src-hls/Head_Helpers/head_helpers.cpp:419]   --->   Operation 388 'sext' 'sext_ln207' <Predicate = (!icmp_ln418 & head_ctx_ref_phase_0_0 == 1 & or_ln196 & and_ln203)> <Delay = 0.00>
ST_1 : Operation 389 [1/1] (0.93ns)   --->   "%br_ln207 = br void %_Z15run_single_headR7HeadCtxib15ControlMemSpaceRb.exit" [/home/luka/Scripting/ELEC_498-Capstone-LiteLM/HLS-Verilog/Scheduler_FSM/src-hls/Head_Helpers/head_helpers.cpp:207->/home/luka/Scripting/ELEC_498-Capstone-LiteLM/HLS-Verilog/Scheduler_FSM/src-hls/Head_Helpers/head_helpers.cpp:419]   --->   Operation 389 'br' 'br_ln207' <Predicate = (!icmp_ln418 & head_ctx_ref_phase_0_0 == 1 & or_ln196 & and_ln203)> <Delay = 0.93>
ST_1 : Operation 390 [1/1] (0.00ns) (grouped into LUT with out node or_ln373)   --->   "%xor_ln373 = xor i1 %head_ctx_ref_compute_ready_0_0, i1 1" [/home/luka/Scripting/ELEC_498-Capstone-LiteLM/HLS-Verilog/Scheduler_FSM/src-hls/Head_Helpers/head_helpers.cpp:373->/home/luka/Scripting/ELEC_498-Capstone-LiteLM/HLS-Verilog/Scheduler_FSM/src-hls/Head_Helpers/head_helpers.cpp:419]   --->   Operation 390 'xor' 'xor_ln373' <Predicate = (!icmp_ln418 & head_ctx_ref_phase_0_0 == 13)> <Delay = 0.00> <CoreInst = "LogicGate">   --->   Core 74 'LogicGate' <Latency = 0> <II = 1> <Delay = 0.28> <FuncUnit> <Opcode : 'and' 'or' 'xor'> <InPorts = 2> <OutPorts = 1>
ST_1 : Operation 391 [1/1] (0.28ns) (out node of the LUT)   --->   "%or_ln373 = or i1 %head_ctx_ref_head_requant_started_0_0, i1 %xor_ln373" [/home/luka/Scripting/ELEC_498-Capstone-LiteLM/HLS-Verilog/Scheduler_FSM/src-hls/Head_Helpers/head_helpers.cpp:373->/home/luka/Scripting/ELEC_498-Capstone-LiteLM/HLS-Verilog/Scheduler_FSM/src-hls/Head_Helpers/head_helpers.cpp:419]   --->   Operation 391 'or' 'or_ln373' <Predicate = (!icmp_ln418 & head_ctx_ref_phase_0_0 == 13)> <Delay = 0.28> <CoreInst = "LogicGate">   --->   Core 74 'LogicGate' <Latency = 0> <II = 1> <Delay = 0.28> <FuncUnit> <Opcode : 'and' 'or' 'xor'> <InPorts = 2> <OutPorts = 1>
ST_1 : Operation 392 [1/1] (0.00ns)   --->   "%br_ln373 = br i1 %or_ln373, void %if.then515.i, void %if.else524.i" [/home/luka/Scripting/ELEC_498-Capstone-LiteLM/HLS-Verilog/Scheduler_FSM/src-hls/Head_Helpers/head_helpers.cpp:373->/home/luka/Scripting/ELEC_498-Capstone-LiteLM/HLS-Verilog/Scheduler_FSM/src-hls/Head_Helpers/head_helpers.cpp:419]   --->   Operation 392 'br' 'br_ln373' <Predicate = (!icmp_ln418 & head_ctx_ref_phase_0_0 == 13)> <Delay = 0.00>
ST_1 : Operation 393 [1/1] (0.00ns)   --->   "%or_ln6 = bitconcatenate i25 @_ssdm_op_BitConcatenate.i25.i1.i8.i8.i8, i1 1, i8 %trunc_ln21, i8 %empty, i8 13" [/home/luka/Scripting/ELEC_498-Capstone-LiteLM/HLS-Verilog/Scheduler_FSM/src-hls/Head_Helpers/head_helpers.cpp:12->/home/luka/Scripting/ELEC_498-Capstone-LiteLM/HLS-Verilog/Scheduler_FSM/src-hls/Head_Helpers/head_helpers.cpp:375->/home/luka/Scripting/ELEC_498-Capstone-LiteLM/HLS-Verilog/Scheduler_FSM/src-hls/Head_Helpers/head_helpers.cpp:419]   --->   Operation 393 'bitconcatenate' 'or_ln6' <Predicate = (!icmp_ln418 & head_ctx_ref_phase_0_0 == 13 & !or_ln373)> <Delay = 0.00>
ST_1 : Operation 394 [1/1] (0.00ns)   --->   "%sext_ln378 = sext i25 %or_ln6" [/home/luka/Scripting/ELEC_498-Capstone-LiteLM/HLS-Verilog/Scheduler_FSM/src-hls/Head_Helpers/head_helpers.cpp:378->/home/luka/Scripting/ELEC_498-Capstone-LiteLM/HLS-Verilog/Scheduler_FSM/src-hls/Head_Helpers/head_helpers.cpp:419]   --->   Operation 394 'sext' 'sext_ln378' <Predicate = (!icmp_ln418 & head_ctx_ref_phase_0_0 == 13 & !or_ln373)> <Delay = 0.00>
ST_1 : Operation 395 [1/1] (0.93ns)   --->   "%br_ln378 = br void %_Z15run_single_headR7HeadCtxib15ControlMemSpaceRb.exit" [/home/luka/Scripting/ELEC_498-Capstone-LiteLM/HLS-Verilog/Scheduler_FSM/src-hls/Head_Helpers/head_helpers.cpp:378->/home/luka/Scripting/ELEC_498-Capstone-LiteLM/HLS-Verilog/Scheduler_FSM/src-hls/Head_Helpers/head_helpers.cpp:419]   --->   Operation 395 'br' 'br_ln378' <Predicate = (!icmp_ln418 & head_ctx_ref_phase_0_0 == 13 & !or_ln373)> <Delay = 0.93>
ST_1 : Operation 396 [1/1] (0.93ns)   --->   "%br_ln378 = br i1 %head_ctx_ref_head_requant_compute_done_0_2, void %_Z15run_single_headR7HeadCtxib15ControlMemSpaceRb.exit, void %land.lhs.true526.i" [/home/luka/Scripting/ELEC_498-Capstone-LiteLM/HLS-Verilog/Scheduler_FSM/src-hls/Head_Helpers/head_helpers.cpp:378->/home/luka/Scripting/ELEC_498-Capstone-LiteLM/HLS-Verilog/Scheduler_FSM/src-hls/Head_Helpers/head_helpers.cpp:419]   --->   Operation 396 'br' 'br_ln378' <Predicate = (!icmp_ln418 & head_ctx_ref_phase_0_0 == 13 & or_ln373)> <Delay = 0.93>
ST_1 : Operation 397 [1/1] (0.20ns)   --->   "%select_ln378 = select i1 %head_ctx_ref_head_requant_started_0_0, i4 14, i4 13" [/home/luka/Scripting/ELEC_498-Capstone-LiteLM/HLS-Verilog/Scheduler_FSM/src-hls/Head_Helpers/head_helpers.cpp:378->/home/luka/Scripting/ELEC_498-Capstone-LiteLM/HLS-Verilog/Scheduler_FSM/src-hls/Head_Helpers/head_helpers.cpp:419]   --->   Operation 397 'select' 'select_ln378' <Predicate = (!icmp_ln418 & head_ctx_ref_phase_0_0 == 13 & or_ln373 & head_ctx_ref_head_requant_compute_done_0_2)> <Delay = 0.20> <CoreInst = "Sel">   --->   Core 73 'Sel' <Latency = 0> <II = 1> <Delay = 0.20> <FuncUnit> <Opcode : 'select'> <InPorts = 3> <OutPorts = 1>
ST_1 : Operation 398 [1/1] (0.93ns)   --->   "%br_ln378 = br void %_Z15run_single_headR7HeadCtxib15ControlMemSpaceRb.exit" [/home/luka/Scripting/ELEC_498-Capstone-LiteLM/HLS-Verilog/Scheduler_FSM/src-hls/Head_Helpers/head_helpers.cpp:378->/home/luka/Scripting/ELEC_498-Capstone-LiteLM/HLS-Verilog/Scheduler_FSM/src-hls/Head_Helpers/head_helpers.cpp:419]   --->   Operation 398 'br' 'br_ln378' <Predicate = (!icmp_ln418 & head_ctx_ref_phase_0_0 == 13 & or_ln373 & head_ctx_ref_head_requant_compute_done_0_2)> <Delay = 0.93>
ST_1 : Operation 399 [1/1] (0.00ns)   --->   "%zext_ln149 = zext i1 %and_ln416" [/home/luka/Scripting/ELEC_498-Capstone-LiteLM/HLS-Verilog/Scheduler_FSM/src-hls/Head_Helpers/head_helpers.cpp:149->/home/luka/Scripting/ELEC_498-Capstone-LiteLM/HLS-Verilog/Scheduler_FSM/src-hls/Head_Helpers/head_helpers.cpp:419]   --->   Operation 399 'zext' 'zext_ln149' <Predicate = (!icmp_ln418 & head_ctx_ref_phase_0_0 == 15) | (!icmp_ln418 & head_ctx_ref_phase_0_0 == 14) | (!icmp_ln418 & head_ctx_ref_phase_0_0 == 0)> <Delay = 0.00>
ST_1 : Operation 400 [1/1] (0.28ns)   --->   "%xor_ln149 = xor i1 %and_ln416, i1 1" [/home/luka/Scripting/ELEC_498-Capstone-LiteLM/HLS-Verilog/Scheduler_FSM/src-hls/Head_Helpers/head_helpers.cpp:149->/home/luka/Scripting/ELEC_498-Capstone-LiteLM/HLS-Verilog/Scheduler_FSM/src-hls/Head_Helpers/head_helpers.cpp:419]   --->   Operation 400 'xor' 'xor_ln149' <Predicate = (!icmp_ln418 & head_ctx_ref_phase_0_0 == 15) | (!icmp_ln418 & head_ctx_ref_phase_0_0 == 14) | (!icmp_ln418 & head_ctx_ref_phase_0_0 == 0)> <Delay = 0.28> <CoreInst = "LogicGate">   --->   Core 74 'LogicGate' <Latency = 0> <II = 1> <Delay = 0.28> <FuncUnit> <Opcode : 'and' 'or' 'xor'> <InPorts = 2> <OutPorts = 1>
ST_1 : Operation 401 [1/1] (0.28ns)   --->   "%and_ln149 = and i1 %head_ctx_ref_compute_ready_0_0, i1 %xor_ln149" [/home/luka/Scripting/ELEC_498-Capstone-LiteLM/HLS-Verilog/Scheduler_FSM/src-hls/Head_Helpers/head_helpers.cpp:149->/home/luka/Scripting/ELEC_498-Capstone-LiteLM/HLS-Verilog/Scheduler_FSM/src-hls/Head_Helpers/head_helpers.cpp:419]   --->   Operation 401 'and' 'and_ln149' <Predicate = (!icmp_ln418 & head_ctx_ref_phase_0_0 == 15) | (!icmp_ln418 & head_ctx_ref_phase_0_0 == 14) | (!icmp_ln418 & head_ctx_ref_phase_0_0 == 0)> <Delay = 0.28> <CoreInst = "LogicGate">   --->   Core 74 'LogicGate' <Latency = 0> <II = 1> <Delay = 0.28> <FuncUnit> <Opcode : 'and' 'or' 'xor'> <InPorts = 2> <OutPorts = 1>
ST_1 : Operation 402 [1/1] (0.28ns)   --->   "%and_ln149_1 = and i1 %head_ctx_ref_compute_done_0_0, i1 %xor_ln149" [/home/luka/Scripting/ELEC_498-Capstone-LiteLM/HLS-Verilog/Scheduler_FSM/src-hls/Head_Helpers/head_helpers.cpp:149->/home/luka/Scripting/ELEC_498-Capstone-LiteLM/HLS-Verilog/Scheduler_FSM/src-hls/Head_Helpers/head_helpers.cpp:419]   --->   Operation 402 'and' 'and_ln149_1' <Predicate = (!icmp_ln418 & head_ctx_ref_phase_0_0 == 15) | (!icmp_ln418 & head_ctx_ref_phase_0_0 == 14) | (!icmp_ln418 & head_ctx_ref_phase_0_0 == 0)> <Delay = 0.28> <CoreInst = "LogicGate">   --->   Core 74 'LogicGate' <Latency = 0> <II = 1> <Delay = 0.28> <FuncUnit> <Opcode : 'and' 'or' 'xor'> <InPorts = 2> <OutPorts = 1>
ST_1 : Operation 403 [1/1] (0.28ns)   --->   "%and_ln149_2 = and i1 %head_ctx_ref_compute_start_0_1, i1 %xor_ln149" [/home/luka/Scripting/ELEC_498-Capstone-LiteLM/HLS-Verilog/Scheduler_FSM/src-hls/Head_Helpers/head_helpers.cpp:149->/home/luka/Scripting/ELEC_498-Capstone-LiteLM/HLS-Verilog/Scheduler_FSM/src-hls/Head_Helpers/head_helpers.cpp:419]   --->   Operation 403 'and' 'and_ln149_2' <Predicate = (!icmp_ln418 & head_ctx_ref_phase_0_0 == 15) | (!icmp_ln418 & head_ctx_ref_phase_0_0 == 14) | (!icmp_ln418 & head_ctx_ref_phase_0_0 == 0)> <Delay = 0.28> <CoreInst = "LogicGate">   --->   Core 74 'LogicGate' <Latency = 0> <II = 1> <Delay = 0.28> <FuncUnit> <Opcode : 'and' 'or' 'xor'> <InPorts = 2> <OutPorts = 1>
ST_1 : Operation 404 [1/1] (0.44ns)   --->   "%select_ln149 = select i1 %and_ln416, i32 %or_ln21_1_cast, i32 %packed_op_assign" [/home/luka/Scripting/ELEC_498-Capstone-LiteLM/HLS-Verilog/Scheduler_FSM/src-hls/Head_Helpers/head_helpers.cpp:149->/home/luka/Scripting/ELEC_498-Capstone-LiteLM/HLS-Verilog/Scheduler_FSM/src-hls/Head_Helpers/head_helpers.cpp:419]   --->   Operation 404 'select' 'select_ln149' <Predicate = (!icmp_ln418 & head_ctx_ref_phase_0_0 == 15) | (!icmp_ln418 & head_ctx_ref_phase_0_0 == 14) | (!icmp_ln418 & head_ctx_ref_phase_0_0 == 0)> <Delay = 0.44> <CoreInst = "Sel">   --->   Core 73 'Sel' <Latency = 0> <II = 1> <Delay = 0.44> <FuncUnit> <Opcode : 'select'> <InPorts = 3> <OutPorts = 1>
ST_1 : Operation 405 [1/1] (0.39ns)   --->   "%select_ln149_1 = select i1 %and_ln416, i4 0, i4 %head_ctx_ref_last_wl_addr_0_0" [/home/luka/Scripting/ELEC_498-Capstone-LiteLM/HLS-Verilog/Scheduler_FSM/src-hls/Head_Helpers/head_helpers.cpp:149->/home/luka/Scripting/ELEC_498-Capstone-LiteLM/HLS-Verilog/Scheduler_FSM/src-hls/Head_Helpers/head_helpers.cpp:419]   --->   Operation 405 'select' 'select_ln149_1' <Predicate = (!icmp_ln418 & head_ctx_ref_phase_0_0 == 15) | (!icmp_ln418 & head_ctx_ref_phase_0_0 == 14) | (!icmp_ln418 & head_ctx_ref_phase_0_0 == 0)> <Delay = 0.39> <CoreInst = "Sel">   --->   Core 73 'Sel' <Latency = 0> <II = 1> <Delay = 0.39> <FuncUnit> <Opcode : 'select'> <InPorts = 3> <OutPorts = 1>
ST_1 : Operation 406 [1/1] (0.28ns)   --->   "%and_ln149_3 = and i1 %head_ctx_ref_wl_start_0_1, i1 %xor_ln149" [/home/luka/Scripting/ELEC_498-Capstone-LiteLM/HLS-Verilog/Scheduler_FSM/src-hls/Head_Helpers/head_helpers.cpp:149->/home/luka/Scripting/ELEC_498-Capstone-LiteLM/HLS-Verilog/Scheduler_FSM/src-hls/Head_Helpers/head_helpers.cpp:419]   --->   Operation 406 'and' 'and_ln149_3' <Predicate = (!icmp_ln418 & head_ctx_ref_phase_0_0 == 15) | (!icmp_ln418 & head_ctx_ref_phase_0_0 == 14) | (!icmp_ln418 & head_ctx_ref_phase_0_0 == 0)> <Delay = 0.28> <CoreInst = "LogicGate">   --->   Core 74 'LogicGate' <Latency = 0> <II = 1> <Delay = 0.28> <FuncUnit> <Opcode : 'and' 'or' 'xor'> <InPorts = 2> <OutPorts = 1>
ST_1 : Operation 407 [1/1] (0.44ns)   --->   "%select_ln149_2 = select i1 %and_ln416, i32 %or_ln21_1_cast, i32 %head_ctx_ref_wl_instruction_0_1" [/home/luka/Scripting/ELEC_498-Capstone-LiteLM/HLS-Verilog/Scheduler_FSM/src-hls/Head_Helpers/head_helpers.cpp:149->/home/luka/Scripting/ELEC_498-Capstone-LiteLM/HLS-Verilog/Scheduler_FSM/src-hls/Head_Helpers/head_helpers.cpp:419]   --->   Operation 407 'select' 'select_ln149_2' <Predicate = (!icmp_ln418 & head_ctx_ref_phase_0_0 == 15) | (!icmp_ln418 & head_ctx_ref_phase_0_0 == 14) | (!icmp_ln418 & head_ctx_ref_phase_0_0 == 0)> <Delay = 0.44> <CoreInst = "Sel">   --->   Core 73 'Sel' <Latency = 0> <II = 1> <Delay = 0.44> <FuncUnit> <Opcode : 'select'> <InPorts = 3> <OutPorts = 1>
ST_1 : Operation 408 [1/1] (0.28ns)   --->   "%and_ln149_4 = and i1 %head_ctx_ref_q_started_0_0, i1 %xor_ln149" [/home/luka/Scripting/ELEC_498-Capstone-LiteLM/HLS-Verilog/Scheduler_FSM/src-hls/Head_Helpers/head_helpers.cpp:149->/home/luka/Scripting/ELEC_498-Capstone-LiteLM/HLS-Verilog/Scheduler_FSM/src-hls/Head_Helpers/head_helpers.cpp:419]   --->   Operation 408 'and' 'and_ln149_4' <Predicate = (!icmp_ln418 & head_ctx_ref_phase_0_0 == 15) | (!icmp_ln418 & head_ctx_ref_phase_0_0 == 14) | (!icmp_ln418 & head_ctx_ref_phase_0_0 == 0)> <Delay = 0.28> <CoreInst = "LogicGate">   --->   Core 74 'LogicGate' <Latency = 0> <II = 1> <Delay = 0.28> <FuncUnit> <Opcode : 'and' 'or' 'xor'> <InPorts = 2> <OutPorts = 1>
ST_1 : Operation 409 [1/1] (0.28ns)   --->   "%and_ln149_5 = and i1 %head_ctx_ref_k_started_0_0, i1 %xor_ln149" [/home/luka/Scripting/ELEC_498-Capstone-LiteLM/HLS-Verilog/Scheduler_FSM/src-hls/Head_Helpers/head_helpers.cpp:149->/home/luka/Scripting/ELEC_498-Capstone-LiteLM/HLS-Verilog/Scheduler_FSM/src-hls/Head_Helpers/head_helpers.cpp:419]   --->   Operation 409 'and' 'and_ln149_5' <Predicate = (!icmp_ln418 & head_ctx_ref_phase_0_0 == 15) | (!icmp_ln418 & head_ctx_ref_phase_0_0 == 14) | (!icmp_ln418 & head_ctx_ref_phase_0_0 == 0)> <Delay = 0.28> <CoreInst = "LogicGate">   --->   Core 74 'LogicGate' <Latency = 0> <II = 1> <Delay = 0.28> <FuncUnit> <Opcode : 'and' 'or' 'xor'> <InPorts = 2> <OutPorts = 1>
ST_1 : Operation 410 [1/1] (0.28ns)   --->   "%and_ln149_6 = and i1 %head_ctx_ref_k_requant_started_0_0, i1 %xor_ln149" [/home/luka/Scripting/ELEC_498-Capstone-LiteLM/HLS-Verilog/Scheduler_FSM/src-hls/Head_Helpers/head_helpers.cpp:149->/home/luka/Scripting/ELEC_498-Capstone-LiteLM/HLS-Verilog/Scheduler_FSM/src-hls/Head_Helpers/head_helpers.cpp:419]   --->   Operation 410 'and' 'and_ln149_6' <Predicate = (!icmp_ln418 & head_ctx_ref_phase_0_0 == 15) | (!icmp_ln418 & head_ctx_ref_phase_0_0 == 14) | (!icmp_ln418 & head_ctx_ref_phase_0_0 == 0)> <Delay = 0.28> <CoreInst = "LogicGate">   --->   Core 74 'LogicGate' <Latency = 0> <II = 1> <Delay = 0.28> <FuncUnit> <Opcode : 'and' 'or' 'xor'> <InPorts = 2> <OutPorts = 1>
ST_1 : Operation 411 [1/1] (0.28ns)   --->   "%and_ln149_7 = and i1 %head_ctx_ref_k_writeback_started_0_0, i1 %xor_ln149" [/home/luka/Scripting/ELEC_498-Capstone-LiteLM/HLS-Verilog/Scheduler_FSM/src-hls/Head_Helpers/head_helpers.cpp:149->/home/luka/Scripting/ELEC_498-Capstone-LiteLM/HLS-Verilog/Scheduler_FSM/src-hls/Head_Helpers/head_helpers.cpp:419]   --->   Operation 411 'and' 'and_ln149_7' <Predicate = (!icmp_ln418 & head_ctx_ref_phase_0_0 == 15) | (!icmp_ln418 & head_ctx_ref_phase_0_0 == 14) | (!icmp_ln418 & head_ctx_ref_phase_0_0 == 0)> <Delay = 0.28> <CoreInst = "LogicGate">   --->   Core 74 'LogicGate' <Latency = 0> <II = 1> <Delay = 0.28> <FuncUnit> <Opcode : 'and' 'or' 'xor'> <InPorts = 2> <OutPorts = 1>
ST_1 : Operation 412 [1/1] (0.28ns)   --->   "%and_ln149_8 = and i1 %head_ctx_ref_v_started_0_0, i1 %xor_ln149" [/home/luka/Scripting/ELEC_498-Capstone-LiteLM/HLS-Verilog/Scheduler_FSM/src-hls/Head_Helpers/head_helpers.cpp:149->/home/luka/Scripting/ELEC_498-Capstone-LiteLM/HLS-Verilog/Scheduler_FSM/src-hls/Head_Helpers/head_helpers.cpp:419]   --->   Operation 412 'and' 'and_ln149_8' <Predicate = (!icmp_ln418 & head_ctx_ref_phase_0_0 == 15) | (!icmp_ln418 & head_ctx_ref_phase_0_0 == 14) | (!icmp_ln418 & head_ctx_ref_phase_0_0 == 0)> <Delay = 0.28> <CoreInst = "LogicGate">   --->   Core 74 'LogicGate' <Latency = 0> <II = 1> <Delay = 0.28> <FuncUnit> <Opcode : 'and' 'or' 'xor'> <InPorts = 2> <OutPorts = 1>
ST_1 : Operation 413 [1/1] (0.28ns)   --->   "%and_ln149_9 = and i1 %head_ctx_ref_v_requant_started_0_0, i1 %xor_ln149" [/home/luka/Scripting/ELEC_498-Capstone-LiteLM/HLS-Verilog/Scheduler_FSM/src-hls/Head_Helpers/head_helpers.cpp:149->/home/luka/Scripting/ELEC_498-Capstone-LiteLM/HLS-Verilog/Scheduler_FSM/src-hls/Head_Helpers/head_helpers.cpp:419]   --->   Operation 413 'and' 'and_ln149_9' <Predicate = (!icmp_ln418 & head_ctx_ref_phase_0_0 == 15) | (!icmp_ln418 & head_ctx_ref_phase_0_0 == 14) | (!icmp_ln418 & head_ctx_ref_phase_0_0 == 0)> <Delay = 0.28> <CoreInst = "LogicGate">   --->   Core 74 'LogicGate' <Latency = 0> <II = 1> <Delay = 0.28> <FuncUnit> <Opcode : 'and' 'or' 'xor'> <InPorts = 2> <OutPorts = 1>
ST_1 : Operation 414 [1/1] (0.28ns)   --->   "%and_ln149_10 = and i1 %head_ctx_ref_v_writeback_started_0_0, i1 %xor_ln149" [/home/luka/Scripting/ELEC_498-Capstone-LiteLM/HLS-Verilog/Scheduler_FSM/src-hls/Head_Helpers/head_helpers.cpp:149->/home/luka/Scripting/ELEC_498-Capstone-LiteLM/HLS-Verilog/Scheduler_FSM/src-hls/Head_Helpers/head_helpers.cpp:419]   --->   Operation 414 'and' 'and_ln149_10' <Predicate = (!icmp_ln418 & head_ctx_ref_phase_0_0 == 15) | (!icmp_ln418 & head_ctx_ref_phase_0_0 == 14) | (!icmp_ln418 & head_ctx_ref_phase_0_0 == 0)> <Delay = 0.28> <CoreInst = "LogicGate">   --->   Core 74 'LogicGate' <Latency = 0> <II = 1> <Delay = 0.28> <FuncUnit> <Opcode : 'and' 'or' 'xor'> <InPorts = 2> <OutPorts = 1>
ST_1 : Operation 415 [1/1] (0.28ns)   --->   "%and_ln149_11 = and i1 %head_ctx_ref_requant_q_started_0_0, i1 %xor_ln149" [/home/luka/Scripting/ELEC_498-Capstone-LiteLM/HLS-Verilog/Scheduler_FSM/src-hls/Head_Helpers/head_helpers.cpp:149->/home/luka/Scripting/ELEC_498-Capstone-LiteLM/HLS-Verilog/Scheduler_FSM/src-hls/Head_Helpers/head_helpers.cpp:419]   --->   Operation 415 'and' 'and_ln149_11' <Predicate = (!icmp_ln418 & head_ctx_ref_phase_0_0 == 15) | (!icmp_ln418 & head_ctx_ref_phase_0_0 == 14) | (!icmp_ln418 & head_ctx_ref_phase_0_0 == 0)> <Delay = 0.28> <CoreInst = "LogicGate">   --->   Core 74 'LogicGate' <Latency = 0> <II = 1> <Delay = 0.28> <FuncUnit> <Opcode : 'and' 'or' 'xor'> <InPorts = 2> <OutPorts = 1>
ST_1 : Operation 416 [1/1] (0.28ns)   --->   "%and_ln149_12 = and i1 %head_ctx_ref_att_scores_started_0_0, i1 %xor_ln149" [/home/luka/Scripting/ELEC_498-Capstone-LiteLM/HLS-Verilog/Scheduler_FSM/src-hls/Head_Helpers/head_helpers.cpp:149->/home/luka/Scripting/ELEC_498-Capstone-LiteLM/HLS-Verilog/Scheduler_FSM/src-hls/Head_Helpers/head_helpers.cpp:419]   --->   Operation 416 'and' 'and_ln149_12' <Predicate = (!icmp_ln418 & head_ctx_ref_phase_0_0 == 15) | (!icmp_ln418 & head_ctx_ref_phase_0_0 == 14) | (!icmp_ln418 & head_ctx_ref_phase_0_0 == 0)> <Delay = 0.28> <CoreInst = "LogicGate">   --->   Core 74 'LogicGate' <Latency = 0> <II = 1> <Delay = 0.28> <FuncUnit> <Opcode : 'and' 'or' 'xor'> <InPorts = 2> <OutPorts = 1>
ST_1 : Operation 417 [1/1] (0.28ns)   --->   "%and_ln149_13 = and i1 %head_ctx_ref_val_scale_started_0_0, i1 %xor_ln149" [/home/luka/Scripting/ELEC_498-Capstone-LiteLM/HLS-Verilog/Scheduler_FSM/src-hls/Head_Helpers/head_helpers.cpp:149->/home/luka/Scripting/ELEC_498-Capstone-LiteLM/HLS-Verilog/Scheduler_FSM/src-hls/Head_Helpers/head_helpers.cpp:419]   --->   Operation 417 'and' 'and_ln149_13' <Predicate = (!icmp_ln418 & head_ctx_ref_phase_0_0 == 15) | (!icmp_ln418 & head_ctx_ref_phase_0_0 == 14) | (!icmp_ln418 & head_ctx_ref_phase_0_0 == 0)> <Delay = 0.28> <CoreInst = "LogicGate">   --->   Core 74 'LogicGate' <Latency = 0> <II = 1> <Delay = 0.28> <FuncUnit> <Opcode : 'and' 'or' 'xor'> <InPorts = 2> <OutPorts = 1>
ST_1 : Operation 418 [1/1] (0.28ns)   --->   "%and_ln149_14 = and i1 %head_ctx_ref_softmax_started_0_0, i1 %xor_ln149" [/home/luka/Scripting/ELEC_498-Capstone-LiteLM/HLS-Verilog/Scheduler_FSM/src-hls/Head_Helpers/head_helpers.cpp:149->/home/luka/Scripting/ELEC_498-Capstone-LiteLM/HLS-Verilog/Scheduler_FSM/src-hls/Head_Helpers/head_helpers.cpp:419]   --->   Operation 418 'and' 'and_ln149_14' <Predicate = (!icmp_ln418 & head_ctx_ref_phase_0_0 == 15) | (!icmp_ln418 & head_ctx_ref_phase_0_0 == 14) | (!icmp_ln418 & head_ctx_ref_phase_0_0 == 0)> <Delay = 0.28> <CoreInst = "LogicGate">   --->   Core 74 'LogicGate' <Latency = 0> <II = 1> <Delay = 0.28> <FuncUnit> <Opcode : 'and' 'or' 'xor'> <InPorts = 2> <OutPorts = 1>
ST_1 : Operation 419 [1/1] (0.28ns)   --->   "%and_ln149_15 = and i1 %head_ctx_ref_att_value_started_0_0, i1 %xor_ln149" [/home/luka/Scripting/ELEC_498-Capstone-LiteLM/HLS-Verilog/Scheduler_FSM/src-hls/Head_Helpers/head_helpers.cpp:149->/home/luka/Scripting/ELEC_498-Capstone-LiteLM/HLS-Verilog/Scheduler_FSM/src-hls/Head_Helpers/head_helpers.cpp:419]   --->   Operation 419 'and' 'and_ln149_15' <Predicate = (!icmp_ln418 & head_ctx_ref_phase_0_0 == 15) | (!icmp_ln418 & head_ctx_ref_phase_0_0 == 14) | (!icmp_ln418 & head_ctx_ref_phase_0_0 == 0)> <Delay = 0.28> <CoreInst = "LogicGate">   --->   Core 74 'LogicGate' <Latency = 0> <II = 1> <Delay = 0.28> <FuncUnit> <Opcode : 'and' 'or' 'xor'> <InPorts = 2> <OutPorts = 1>
ST_1 : Operation 420 [1/1] (0.28ns)   --->   "%and_ln149_16 = and i1 %head_ctx_ref_head_requant_started_0_0, i1 %xor_ln149" [/home/luka/Scripting/ELEC_498-Capstone-LiteLM/HLS-Verilog/Scheduler_FSM/src-hls/Head_Helpers/head_helpers.cpp:149->/home/luka/Scripting/ELEC_498-Capstone-LiteLM/HLS-Verilog/Scheduler_FSM/src-hls/Head_Helpers/head_helpers.cpp:419]   --->   Operation 420 'and' 'and_ln149_16' <Predicate = (!icmp_ln418 & head_ctx_ref_phase_0_0 == 15) | (!icmp_ln418 & head_ctx_ref_phase_0_0 == 14) | (!icmp_ln418 & head_ctx_ref_phase_0_0 == 0)> <Delay = 0.28> <CoreInst = "LogicGate">   --->   Core 74 'LogicGate' <Latency = 0> <II = 1> <Delay = 0.28> <FuncUnit> <Opcode : 'and' 'or' 'xor'> <InPorts = 2> <OutPorts = 1>
ST_1 : Operation 421 [1/1] (0.28ns)   --->   "%and_ln149_17 = and i1 %head_ctx_ref_q_compute_done_0_2, i1 %xor_ln149" [/home/luka/Scripting/ELEC_498-Capstone-LiteLM/HLS-Verilog/Scheduler_FSM/src-hls/Head_Helpers/head_helpers.cpp:149->/home/luka/Scripting/ELEC_498-Capstone-LiteLM/HLS-Verilog/Scheduler_FSM/src-hls/Head_Helpers/head_helpers.cpp:419]   --->   Operation 421 'and' 'and_ln149_17' <Predicate = (!icmp_ln418 & head_ctx_ref_phase_0_0 == 15) | (!icmp_ln418 & head_ctx_ref_phase_0_0 == 14) | (!icmp_ln418 & head_ctx_ref_phase_0_0 == 0)> <Delay = 0.28> <CoreInst = "LogicGate">   --->   Core 74 'LogicGate' <Latency = 0> <II = 1> <Delay = 0.28> <FuncUnit> <Opcode : 'and' 'or' 'xor'> <InPorts = 2> <OutPorts = 1>
ST_1 : Operation 422 [1/1] (0.28ns)   --->   "%and_ln149_18 = and i1 %head_ctx_ref_k_compute_done_0_2, i1 %xor_ln149" [/home/luka/Scripting/ELEC_498-Capstone-LiteLM/HLS-Verilog/Scheduler_FSM/src-hls/Head_Helpers/head_helpers.cpp:149->/home/luka/Scripting/ELEC_498-Capstone-LiteLM/HLS-Verilog/Scheduler_FSM/src-hls/Head_Helpers/head_helpers.cpp:419]   --->   Operation 422 'and' 'and_ln149_18' <Predicate = (!icmp_ln418 & head_ctx_ref_phase_0_0 == 15) | (!icmp_ln418 & head_ctx_ref_phase_0_0 == 14) | (!icmp_ln418 & head_ctx_ref_phase_0_0 == 0)> <Delay = 0.28> <CoreInst = "LogicGate">   --->   Core 74 'LogicGate' <Latency = 0> <II = 1> <Delay = 0.28> <FuncUnit> <Opcode : 'and' 'or' 'xor'> <InPorts = 2> <OutPorts = 1>
ST_1 : Operation 423 [1/1] (0.28ns)   --->   "%and_ln149_19 = and i1 %head_ctx_ref_k_requant_compute_done_0_2, i1 %xor_ln149" [/home/luka/Scripting/ELEC_498-Capstone-LiteLM/HLS-Verilog/Scheduler_FSM/src-hls/Head_Helpers/head_helpers.cpp:149->/home/luka/Scripting/ELEC_498-Capstone-LiteLM/HLS-Verilog/Scheduler_FSM/src-hls/Head_Helpers/head_helpers.cpp:419]   --->   Operation 423 'and' 'and_ln149_19' <Predicate = (!icmp_ln418 & head_ctx_ref_phase_0_0 == 15) | (!icmp_ln418 & head_ctx_ref_phase_0_0 == 14) | (!icmp_ln418 & head_ctx_ref_phase_0_0 == 0)> <Delay = 0.28> <CoreInst = "LogicGate">   --->   Core 74 'LogicGate' <Latency = 0> <II = 1> <Delay = 0.28> <FuncUnit> <Opcode : 'and' 'or' 'xor'> <InPorts = 2> <OutPorts = 1>
ST_1 : Operation 424 [1/1] (0.28ns)   --->   "%and_ln149_20 = and i1 %head_ctx_ref_v_compute_done_0_2, i1 %xor_ln149" [/home/luka/Scripting/ELEC_498-Capstone-LiteLM/HLS-Verilog/Scheduler_FSM/src-hls/Head_Helpers/head_helpers.cpp:149->/home/luka/Scripting/ELEC_498-Capstone-LiteLM/HLS-Verilog/Scheduler_FSM/src-hls/Head_Helpers/head_helpers.cpp:419]   --->   Operation 424 'and' 'and_ln149_20' <Predicate = (!icmp_ln418 & head_ctx_ref_phase_0_0 == 15) | (!icmp_ln418 & head_ctx_ref_phase_0_0 == 14) | (!icmp_ln418 & head_ctx_ref_phase_0_0 == 0)> <Delay = 0.28> <CoreInst = "LogicGate">   --->   Core 74 'LogicGate' <Latency = 0> <II = 1> <Delay = 0.28> <FuncUnit> <Opcode : 'and' 'or' 'xor'> <InPorts = 2> <OutPorts = 1>
ST_1 : Operation 425 [1/1] (0.28ns)   --->   "%and_ln149_21 = and i1 %head_ctx_ref_v_requant_compute_done_0_2, i1 %xor_ln149" [/home/luka/Scripting/ELEC_498-Capstone-LiteLM/HLS-Verilog/Scheduler_FSM/src-hls/Head_Helpers/head_helpers.cpp:149->/home/luka/Scripting/ELEC_498-Capstone-LiteLM/HLS-Verilog/Scheduler_FSM/src-hls/Head_Helpers/head_helpers.cpp:419]   --->   Operation 425 'and' 'and_ln149_21' <Predicate = (!icmp_ln418 & head_ctx_ref_phase_0_0 == 15) | (!icmp_ln418 & head_ctx_ref_phase_0_0 == 14) | (!icmp_ln418 & head_ctx_ref_phase_0_0 == 0)> <Delay = 0.28> <CoreInst = "LogicGate">   --->   Core 74 'LogicGate' <Latency = 0> <II = 1> <Delay = 0.28> <FuncUnit> <Opcode : 'and' 'or' 'xor'> <InPorts = 2> <OutPorts = 1>
ST_1 : Operation 426 [1/1] (0.28ns)   --->   "%and_ln149_22 = and i1 %head_ctx_ref_requant_q_compute_done_0_2, i1 %xor_ln149" [/home/luka/Scripting/ELEC_498-Capstone-LiteLM/HLS-Verilog/Scheduler_FSM/src-hls/Head_Helpers/head_helpers.cpp:149->/home/luka/Scripting/ELEC_498-Capstone-LiteLM/HLS-Verilog/Scheduler_FSM/src-hls/Head_Helpers/head_helpers.cpp:419]   --->   Operation 426 'and' 'and_ln149_22' <Predicate = (!icmp_ln418 & head_ctx_ref_phase_0_0 == 15) | (!icmp_ln418 & head_ctx_ref_phase_0_0 == 14) | (!icmp_ln418 & head_ctx_ref_phase_0_0 == 0)> <Delay = 0.28> <CoreInst = "LogicGate">   --->   Core 74 'LogicGate' <Latency = 0> <II = 1> <Delay = 0.28> <FuncUnit> <Opcode : 'and' 'or' 'xor'> <InPorts = 2> <OutPorts = 1>
ST_1 : Operation 427 [1/1] (0.28ns)   --->   "%and_ln149_23 = and i1 %head_ctx_ref_att_scores_compute_done_0_2, i1 %xor_ln149" [/home/luka/Scripting/ELEC_498-Capstone-LiteLM/HLS-Verilog/Scheduler_FSM/src-hls/Head_Helpers/head_helpers.cpp:149->/home/luka/Scripting/ELEC_498-Capstone-LiteLM/HLS-Verilog/Scheduler_FSM/src-hls/Head_Helpers/head_helpers.cpp:419]   --->   Operation 427 'and' 'and_ln149_23' <Predicate = (!icmp_ln418 & head_ctx_ref_phase_0_0 == 15) | (!icmp_ln418 & head_ctx_ref_phase_0_0 == 14) | (!icmp_ln418 & head_ctx_ref_phase_0_0 == 0)> <Delay = 0.28> <CoreInst = "LogicGate">   --->   Core 74 'LogicGate' <Latency = 0> <II = 1> <Delay = 0.28> <FuncUnit> <Opcode : 'and' 'or' 'xor'> <InPorts = 2> <OutPorts = 1>
ST_1 : Operation 428 [1/1] (0.28ns)   --->   "%and_ln149_24 = and i1 %head_ctx_ref_val_scale_compute_done_0_2, i1 %xor_ln149" [/home/luka/Scripting/ELEC_498-Capstone-LiteLM/HLS-Verilog/Scheduler_FSM/src-hls/Head_Helpers/head_helpers.cpp:149->/home/luka/Scripting/ELEC_498-Capstone-LiteLM/HLS-Verilog/Scheduler_FSM/src-hls/Head_Helpers/head_helpers.cpp:419]   --->   Operation 428 'and' 'and_ln149_24' <Predicate = (!icmp_ln418 & head_ctx_ref_phase_0_0 == 15) | (!icmp_ln418 & head_ctx_ref_phase_0_0 == 14) | (!icmp_ln418 & head_ctx_ref_phase_0_0 == 0)> <Delay = 0.28> <CoreInst = "LogicGate">   --->   Core 74 'LogicGate' <Latency = 0> <II = 1> <Delay = 0.28> <FuncUnit> <Opcode : 'and' 'or' 'xor'> <InPorts = 2> <OutPorts = 1>
ST_1 : Operation 429 [1/1] (0.28ns)   --->   "%and_ln149_25 = and i1 %head_ctx_ref_softmax_compute_done_0_2, i1 %xor_ln149" [/home/luka/Scripting/ELEC_498-Capstone-LiteLM/HLS-Verilog/Scheduler_FSM/src-hls/Head_Helpers/head_helpers.cpp:149->/home/luka/Scripting/ELEC_498-Capstone-LiteLM/HLS-Verilog/Scheduler_FSM/src-hls/Head_Helpers/head_helpers.cpp:419]   --->   Operation 429 'and' 'and_ln149_25' <Predicate = (!icmp_ln418 & head_ctx_ref_phase_0_0 == 15) | (!icmp_ln418 & head_ctx_ref_phase_0_0 == 14) | (!icmp_ln418 & head_ctx_ref_phase_0_0 == 0)> <Delay = 0.28> <CoreInst = "LogicGate">   --->   Core 74 'LogicGate' <Latency = 0> <II = 1> <Delay = 0.28> <FuncUnit> <Opcode : 'and' 'or' 'xor'> <InPorts = 2> <OutPorts = 1>
ST_1 : Operation 430 [1/1] (0.28ns)   --->   "%and_ln149_26 = and i1 %head_ctx_ref_att_value_compute_done_0_2, i1 %xor_ln149" [/home/luka/Scripting/ELEC_498-Capstone-LiteLM/HLS-Verilog/Scheduler_FSM/src-hls/Head_Helpers/head_helpers.cpp:149->/home/luka/Scripting/ELEC_498-Capstone-LiteLM/HLS-Verilog/Scheduler_FSM/src-hls/Head_Helpers/head_helpers.cpp:419]   --->   Operation 430 'and' 'and_ln149_26' <Predicate = (!icmp_ln418 & head_ctx_ref_phase_0_0 == 15) | (!icmp_ln418 & head_ctx_ref_phase_0_0 == 14) | (!icmp_ln418 & head_ctx_ref_phase_0_0 == 0)> <Delay = 0.28> <CoreInst = "LogicGate">   --->   Core 74 'LogicGate' <Latency = 0> <II = 1> <Delay = 0.28> <FuncUnit> <Opcode : 'and' 'or' 'xor'> <InPorts = 2> <OutPorts = 1>
ST_1 : Operation 431 [1/1] (0.28ns)   --->   "%and_ln149_27 = and i1 %head_ctx_ref_head_requant_compute_done_0_2, i1 %xor_ln149" [/home/luka/Scripting/ELEC_498-Capstone-LiteLM/HLS-Verilog/Scheduler_FSM/src-hls/Head_Helpers/head_helpers.cpp:149->/home/luka/Scripting/ELEC_498-Capstone-LiteLM/HLS-Verilog/Scheduler_FSM/src-hls/Head_Helpers/head_helpers.cpp:419]   --->   Operation 431 'and' 'and_ln149_27' <Predicate = (!icmp_ln418 & head_ctx_ref_phase_0_0 == 15) | (!icmp_ln418 & head_ctx_ref_phase_0_0 == 14) | (!icmp_ln418 & head_ctx_ref_phase_0_0 == 0)> <Delay = 0.28> <CoreInst = "LogicGate">   --->   Core 74 'LogicGate' <Latency = 0> <II = 1> <Delay = 0.28> <FuncUnit> <Opcode : 'and' 'or' 'xor'> <InPorts = 2> <OutPorts = 1>
ST_1 : Operation 432 [1/1] (0.28ns)   --->   "%and_ln149_28 = and i1 %head_ctx_ref_q_dma_done_0_3, i1 %xor_ln149" [/home/luka/Scripting/ELEC_498-Capstone-LiteLM/HLS-Verilog/Scheduler_FSM/src-hls/Head_Helpers/head_helpers.cpp:149->/home/luka/Scripting/ELEC_498-Capstone-LiteLM/HLS-Verilog/Scheduler_FSM/src-hls/Head_Helpers/head_helpers.cpp:419]   --->   Operation 432 'and' 'and_ln149_28' <Predicate = (!icmp_ln418 & head_ctx_ref_phase_0_0 == 15) | (!icmp_ln418 & head_ctx_ref_phase_0_0 == 14) | (!icmp_ln418 & head_ctx_ref_phase_0_0 == 0)> <Delay = 0.28> <CoreInst = "LogicGate">   --->   Core 74 'LogicGate' <Latency = 0> <II = 1> <Delay = 0.28> <FuncUnit> <Opcode : 'and' 'or' 'xor'> <InPorts = 2> <OutPorts = 1>
ST_1 : Operation 433 [1/1] (0.28ns)   --->   "%and_ln149_29 = and i1 %head_ctx_ref_k_dma_done_0_3, i1 %xor_ln149" [/home/luka/Scripting/ELEC_498-Capstone-LiteLM/HLS-Verilog/Scheduler_FSM/src-hls/Head_Helpers/head_helpers.cpp:149->/home/luka/Scripting/ELEC_498-Capstone-LiteLM/HLS-Verilog/Scheduler_FSM/src-hls/Head_Helpers/head_helpers.cpp:419]   --->   Operation 433 'and' 'and_ln149_29' <Predicate = (!icmp_ln418 & head_ctx_ref_phase_0_0 == 15) | (!icmp_ln418 & head_ctx_ref_phase_0_0 == 14) | (!icmp_ln418 & head_ctx_ref_phase_0_0 == 0)> <Delay = 0.28> <CoreInst = "LogicGate">   --->   Core 74 'LogicGate' <Latency = 0> <II = 1> <Delay = 0.28> <FuncUnit> <Opcode : 'and' 'or' 'xor'> <InPorts = 2> <OutPorts = 1>
ST_1 : Operation 434 [1/1] (0.28ns)   --->   "%and_ln149_30 = and i1 %head_ctx_ref_k_writeback_dma_done_0_3, i1 %xor_ln149" [/home/luka/Scripting/ELEC_498-Capstone-LiteLM/HLS-Verilog/Scheduler_FSM/src-hls/Head_Helpers/head_helpers.cpp:149->/home/luka/Scripting/ELEC_498-Capstone-LiteLM/HLS-Verilog/Scheduler_FSM/src-hls/Head_Helpers/head_helpers.cpp:419]   --->   Operation 434 'and' 'and_ln149_30' <Predicate = (!icmp_ln418 & head_ctx_ref_phase_0_0 == 15) | (!icmp_ln418 & head_ctx_ref_phase_0_0 == 14) | (!icmp_ln418 & head_ctx_ref_phase_0_0 == 0)> <Delay = 0.28> <CoreInst = "LogicGate">   --->   Core 74 'LogicGate' <Latency = 0> <II = 1> <Delay = 0.28> <FuncUnit> <Opcode : 'and' 'or' 'xor'> <InPorts = 2> <OutPorts = 1>
ST_1 : Operation 435 [1/1] (0.28ns)   --->   "%and_ln149_31 = and i1 %head_ctx_ref_v_dma_done_0_3, i1 %xor_ln149" [/home/luka/Scripting/ELEC_498-Capstone-LiteLM/HLS-Verilog/Scheduler_FSM/src-hls/Head_Helpers/head_helpers.cpp:149->/home/luka/Scripting/ELEC_498-Capstone-LiteLM/HLS-Verilog/Scheduler_FSM/src-hls/Head_Helpers/head_helpers.cpp:419]   --->   Operation 435 'and' 'and_ln149_31' <Predicate = (!icmp_ln418 & head_ctx_ref_phase_0_0 == 15) | (!icmp_ln418 & head_ctx_ref_phase_0_0 == 14) | (!icmp_ln418 & head_ctx_ref_phase_0_0 == 0)> <Delay = 0.28> <CoreInst = "LogicGate">   --->   Core 74 'LogicGate' <Latency = 0> <II = 1> <Delay = 0.28> <FuncUnit> <Opcode : 'and' 'or' 'xor'> <InPorts = 2> <OutPorts = 1>
ST_1 : Operation 436 [1/1] (0.28ns)   --->   "%and_ln149_32 = and i1 %head_ctx_ref_v_writeback_dma_done_0_3, i1 %xor_ln149" [/home/luka/Scripting/ELEC_498-Capstone-LiteLM/HLS-Verilog/Scheduler_FSM/src-hls/Head_Helpers/head_helpers.cpp:149->/home/luka/Scripting/ELEC_498-Capstone-LiteLM/HLS-Verilog/Scheduler_FSM/src-hls/Head_Helpers/head_helpers.cpp:419]   --->   Operation 436 'and' 'and_ln149_32' <Predicate = (!icmp_ln418 & head_ctx_ref_phase_0_0 == 15) | (!icmp_ln418 & head_ctx_ref_phase_0_0 == 14) | (!icmp_ln418 & head_ctx_ref_phase_0_0 == 0)> <Delay = 0.28> <CoreInst = "LogicGate">   --->   Core 74 'LogicGate' <Latency = 0> <II = 1> <Delay = 0.28> <FuncUnit> <Opcode : 'and' 'or' 'xor'> <InPorts = 2> <OutPorts = 1>
ST_1 : Operation 437 [1/1] (0.28ns)   --->   "%and_ln149_33 = and i1 %head_ctx_ref_att_scores_dma_done_0_3, i1 %xor_ln149" [/home/luka/Scripting/ELEC_498-Capstone-LiteLM/HLS-Verilog/Scheduler_FSM/src-hls/Head_Helpers/head_helpers.cpp:149->/home/luka/Scripting/ELEC_498-Capstone-LiteLM/HLS-Verilog/Scheduler_FSM/src-hls/Head_Helpers/head_helpers.cpp:419]   --->   Operation 437 'and' 'and_ln149_33' <Predicate = (!icmp_ln418 & head_ctx_ref_phase_0_0 == 15) | (!icmp_ln418 & head_ctx_ref_phase_0_0 == 14) | (!icmp_ln418 & head_ctx_ref_phase_0_0 == 0)> <Delay = 0.28> <CoreInst = "LogicGate">   --->   Core 74 'LogicGate' <Latency = 0> <II = 1> <Delay = 0.28> <FuncUnit> <Opcode : 'and' 'or' 'xor'> <InPorts = 2> <OutPorts = 1>
ST_1 : Operation 438 [1/1] (0.28ns)   --->   "%and_ln149_34 = and i1 %head_ctx_ref_att_value_dma_done_0_3, i1 %xor_ln149" [/home/luka/Scripting/ELEC_498-Capstone-LiteLM/HLS-Verilog/Scheduler_FSM/src-hls/Head_Helpers/head_helpers.cpp:149->/home/luka/Scripting/ELEC_498-Capstone-LiteLM/HLS-Verilog/Scheduler_FSM/src-hls/Head_Helpers/head_helpers.cpp:419]   --->   Operation 438 'and' 'and_ln149_34' <Predicate = (!icmp_ln418 & head_ctx_ref_phase_0_0 == 15) | (!icmp_ln418 & head_ctx_ref_phase_0_0 == 14) | (!icmp_ln418 & head_ctx_ref_phase_0_0 == 0)> <Delay = 0.28> <CoreInst = "LogicGate">   --->   Core 74 'LogicGate' <Latency = 0> <II = 1> <Delay = 0.28> <FuncUnit> <Opcode : 'and' 'or' 'xor'> <InPorts = 2> <OutPorts = 1>
ST_1 : Operation 439 [1/1] (0.93ns)   --->   "%br_ln149 = br void %_Z15run_single_headR7HeadCtxib15ControlMemSpaceRb.exit" [/home/luka/Scripting/ELEC_498-Capstone-LiteLM/HLS-Verilog/Scheduler_FSM/src-hls/Head_Helpers/head_helpers.cpp:149->/home/luka/Scripting/ELEC_498-Capstone-LiteLM/HLS-Verilog/Scheduler_FSM/src-hls/Head_Helpers/head_helpers.cpp:419]   --->   Operation 439 'br' 'br_ln149' <Predicate = (!icmp_ln418 & head_ctx_ref_phase_0_0 == 15) | (!icmp_ln418 & head_ctx_ref_phase_0_0 == 14) | (!icmp_ln418 & head_ctx_ref_phase_0_0 == 0)> <Delay = 0.93>
ST_1 : Operation 440 [1/1] (0.00ns)   --->   "%head_ctx_ref_phase_0_1 = phi i4 13, void %if.else524.i, i4 13, void %if.then515.i, i4 12, void %if.then493.i, i4 12, void %if.then482.i, i4 11, void %if.else469.i, i4 11, void %if.then460.i, i4 10, void %if.else447.i, i4 10, void %if.then438.i, i4 9, void %if.then416.i, i4 9, void %if.then405.i, i4 8, void %if.else392.i, i4 8, void %if.then383.i, i4 7, void %if.then363.i, i4 6, void %if.else350.i, i4 6, void %if.then341.i, i4 5, void %if.then319.i, i4 5, void %if.then308.i, i4 4, void %if.then288.i, i4 3, void %if.else275.i, i4 3, void %if.then266.i, i4 2, void %if.then244.i, i4 2, void %if.then233.i, i4 1, void %if.then211.i, i4 1, void %if.then200.i, i4 %select_ln208, void %if.else219.i, i4 %select_ln227, void %if.else252.i, i4 %select_ln239, void %land.lhs.true277.i, i4 %select_ln251, void %if.else295.i, i4 %select_ln270, void %if.else327.i, i4 %select_ln282, void %land.lhs.true352.i, i4 %select_ln294, void %if.else370.i, i4 %select_ln306, void %land.lhs.true394.i, i4 %select_ln324, void %if.else424.i, i4 %select_ln336, void %land.lhs.true449.i, i4 %select_ln348, void %land.lhs.true471.i, i4 %select_ln366, void %if.else501.i, i4 %select_ln378, void %land.lhs.true526.i, i4 %zext_ln149, void %sw.bb.i" [/home/luka/Scripting/ELEC_498-Capstone-LiteLM/HLS-Verilog/Scheduler_FSM/src-hls/Head_Helpers/head_helpers.cpp:208->/home/luka/Scripting/ELEC_498-Capstone-LiteLM/HLS-Verilog/Scheduler_FSM/src-hls/Head_Helpers/head_helpers.cpp:419]   --->   Operation 440 'phi' 'head_ctx_ref_phase_0_1' <Predicate = (!icmp_ln418)> <Delay = 0.00>
ST_1 : Operation 441 [1/1] (0.00ns)   --->   "%head_ctx_ref_compute_ready_0_1 = phi i1 %head_ctx_ref_compute_ready_0_0, void %if.else524.i, i1 1, void %if.then515.i, i1 1, void %if.then493.i, i1 %head_ctx_ref_compute_ready_0_0, void %if.then482.i, i1 %head_ctx_ref_compute_ready_0_0, void %if.else469.i, i1 1, void %if.then460.i, i1 %head_ctx_ref_compute_ready_0_0, void %if.else447.i, i1 1, void %if.then438.i, i1 1, void %if.then416.i, i1 %head_ctx_ref_compute_ready_0_0, void %if.then405.i, i1 %head_ctx_ref_compute_ready_0_0, void %if.else392.i, i1 1, void %if.then383.i, i1 %head_ctx_ref_compute_ready_0_0, void %if.then363.i, i1 %head_ctx_ref_compute_ready_0_0, void %if.else350.i, i1 1, void %if.then341.i, i1 1, void %if.then319.i, i1 %head_ctx_ref_compute_ready_0_0, void %if.then308.i, i1 %head_ctx_ref_compute_ready_0_0, void %if.then288.i, i1 %head_ctx_ref_compute_ready_0_0, void %if.else275.i, i1 1, void %if.then266.i, i1 1, void %if.then244.i, i1 %head_ctx_ref_compute_ready_0_0, void %if.then233.i, i1 1, void %if.then211.i, i1 %head_ctx_ref_compute_ready_0_0, void %if.then200.i, i1 %head_ctx_ref_compute_ready_0_0, void %if.else219.i, i1 %head_ctx_ref_compute_ready_0_0, void %if.else252.i, i1 %head_ctx_ref_compute_ready_0_0, void %land.lhs.true277.i, i1 %head_ctx_ref_compute_ready_0_0, void %if.else295.i, i1 %head_ctx_ref_compute_ready_0_0, void %if.else327.i, i1 %head_ctx_ref_compute_ready_0_0, void %land.lhs.true352.i, i1 %head_ctx_ref_compute_ready_0_0, void %if.else370.i, i1 %head_ctx_ref_compute_ready_0_0, void %land.lhs.true394.i, i1 %head_ctx_ref_compute_ready_0_0, void %if.else424.i, i1 %head_ctx_ref_compute_ready_0_0, void %land.lhs.true449.i, i1 %head_ctx_ref_compute_ready_0_0, void %land.lhs.true471.i, i1 %head_ctx_ref_compute_ready_0_0, void %if.else501.i, i1 %head_ctx_ref_compute_ready_0_0, void %land.lhs.true526.i, i1 %and_ln149, void %sw.bb.i" [/home/luka/Scripting/ELEC_498-Capstone-LiteLM/HLS-Verilog/Scheduler_FSM/src-hls/Head_Helpers/head_helpers.cpp:396]   --->   Operation 441 'phi' 'head_ctx_ref_compute_ready_0_1' <Predicate = (!icmp_ln418)> <Delay = 0.00>
ST_1 : Operation 442 [1/1] (0.00ns)   --->   "%head_ctx_ref_compute_done_0_1 = phi i1 %head_ctx_ref_compute_done_0_0, void %if.else524.i, i1 %head_ctx_ref_compute_done_0_0, void %if.then515.i, i1 %head_ctx_ref_compute_done_0_0, void %if.then493.i, i1 %head_ctx_ref_compute_done_0_0, void %if.then482.i, i1 %head_ctx_ref_compute_done_0_0, void %if.else469.i, i1 %head_ctx_ref_compute_done_0_0, void %if.then460.i, i1 %head_ctx_ref_compute_done_0_0, void %if.else447.i, i1 %head_ctx_ref_compute_done_0_0, void %if.then438.i, i1 %head_ctx_ref_compute_done_0_0, void %if.then416.i, i1 %head_ctx_ref_compute_done_0_0, void %if.then405.i, i1 %head_ctx_ref_compute_done_0_0, void %if.else392.i, i1 %head_ctx_ref_compute_done_0_0, void %if.then383.i, i1 %head_ctx_ref_compute_done_0_0, void %if.then363.i, i1 %head_ctx_ref_compute_done_0_0, void %if.else350.i, i1 %head_ctx_ref_compute_done_0_0, void %if.then341.i, i1 %head_ctx_ref_compute_done_0_0, void %if.then319.i, i1 %head_ctx_ref_compute_done_0_0, void %if.then308.i, i1 %head_ctx_ref_compute_done_0_0, void %if.then288.i, i1 %head_ctx_ref_compute_done_0_0, void %if.else275.i, i1 %head_ctx_ref_compute_done_0_0, void %if.then266.i, i1 %head_ctx_ref_compute_done_0_0, void %if.then244.i, i1 %head_ctx_ref_compute_done_0_0, void %if.then233.i, i1 %head_ctx_ref_compute_done_0_0, void %if.then211.i, i1 %head_ctx_ref_compute_done_0_0, void %if.then200.i, i1 %head_ctx_ref_compute_done_0_0, void %if.else219.i, i1 %head_ctx_ref_compute_done_0_0, void %if.else252.i, i1 %head_ctx_ref_compute_done_0_0, void %land.lhs.true277.i, i1 %head_ctx_ref_compute_done_0_0, void %if.else295.i, i1 %head_ctx_ref_compute_done_0_0, void %if.else327.i, i1 %head_ctx_ref_compute_done_0_0, void %land.lhs.true352.i, i1 %head_ctx_ref_compute_done_0_0, void %if.else370.i, i1 %head_ctx_ref_compute_done_0_0, void %land.lhs.true394.i, i1 %head_ctx_ref_compute_done_0_0, void %if.else424.i, i1 %head_ctx_ref_compute_done_0_0, void %land.lhs.true449.i, i1 %head_ctx_ref_compute_done_0_0, void %land.lhs.true471.i, i1 %head_ctx_ref_compute_done_0_0, void %if.else501.i, i1 %head_ctx_ref_compute_done_0_0, void %land.lhs.true526.i, i1 %and_ln149_1, void %sw.bb.i" [/home/luka/Scripting/ELEC_498-Capstone-LiteLM/HLS-Verilog/Scheduler_FSM/src-hls/Head_Helpers/head_helpers.cpp:396]   --->   Operation 442 'phi' 'head_ctx_ref_compute_done_0_1' <Predicate = (!icmp_ln418)> <Delay = 0.00>
ST_1 : Operation 443 [1/1] (0.00ns)   --->   "%head_ctx_ref_compute_start_0_2 = phi i1 %head_ctx_ref_compute_start_0_1, void %if.else524.i, i1 1, void %if.then515.i, i1 1, void %if.then493.i, i1 %head_ctx_ref_compute_start_0_1, void %if.then482.i, i1 %head_ctx_ref_compute_start_0_1, void %if.else469.i, i1 1, void %if.then460.i, i1 %head_ctx_ref_compute_start_0_1, void %if.else447.i, i1 1, void %if.then438.i, i1 1, void %if.then416.i, i1 %head_ctx_ref_compute_start_0_1, void %if.then405.i, i1 %head_ctx_ref_compute_start_0_1, void %if.else392.i, i1 1, void %if.then383.i, i1 %head_ctx_ref_compute_start_0_1, void %if.then363.i, i1 %head_ctx_ref_compute_start_0_1, void %if.else350.i, i1 1, void %if.then341.i, i1 1, void %if.then319.i, i1 %head_ctx_ref_compute_start_0_1, void %if.then308.i, i1 %head_ctx_ref_compute_start_0_1, void %if.then288.i, i1 %head_ctx_ref_compute_start_0_1, void %if.else275.i, i1 1, void %if.then266.i, i1 1, void %if.then244.i, i1 %head_ctx_ref_compute_start_0_1, void %if.then233.i, i1 1, void %if.then211.i, i1 %head_ctx_ref_compute_start_0_1, void %if.then200.i, i1 %head_ctx_ref_compute_start_0_1, void %if.else219.i, i1 %head_ctx_ref_compute_start_0_1, void %if.else252.i, i1 %head_ctx_ref_compute_start_0_1, void %land.lhs.true277.i, i1 %head_ctx_ref_compute_start_0_1, void %if.else295.i, i1 %head_ctx_ref_compute_start_0_1, void %if.else327.i, i1 %head_ctx_ref_compute_start_0_1, void %land.lhs.true352.i, i1 %head_ctx_ref_compute_start_0_1, void %if.else370.i, i1 %head_ctx_ref_compute_start_0_1, void %land.lhs.true394.i, i1 %head_ctx_ref_compute_start_0_1, void %if.else424.i, i1 %head_ctx_ref_compute_start_0_1, void %land.lhs.true449.i, i1 %head_ctx_ref_compute_start_0_1, void %land.lhs.true471.i, i1 %head_ctx_ref_compute_start_0_1, void %if.else501.i, i1 %head_ctx_ref_compute_start_0_1, void %land.lhs.true526.i, i1 %and_ln149_2, void %sw.bb.i" [/home/luka/Scripting/ELEC_498-Capstone-LiteLM/HLS-Verilog/Scheduler_FSM/src-hls/Head_Helpers/head_helpers.cpp:396]   --->   Operation 443 'phi' 'head_ctx_ref_compute_start_0_2' <Predicate = (!icmp_ln418)> <Delay = 0.00>
ST_1 : Operation 444 [1/1] (0.00ns)   --->   "%head_ctx_ref_compute_op_0_2 = phi i32 %head_ctx_ref_compute_op_0_1, void %if.else524.i, i32 %sext_ln378, void %if.then515.i, i32 %sext_ln366, void %if.then493.i, i32 %head_ctx_ref_compute_op_0_1, void %if.then482.i, i32 %head_ctx_ref_compute_op_0_1, void %if.else469.i, i32 %sext_ln348, void %if.then460.i, i32 %head_ctx_ref_compute_op_0_1, void %if.else447.i, i32 %sext_ln336, void %if.then438.i, i32 %sext_ln324, void %if.then416.i, i32 %head_ctx_ref_compute_op_0_1, void %if.then405.i, i32 %head_ctx_ref_compute_op_0_1, void %if.else392.i, i32 %sext_ln306, void %if.then383.i, i32 %head_ctx_ref_compute_op_0_1, void %if.then363.i, i32 %head_ctx_ref_compute_op_0_1, void %if.else350.i, i32 %sext_ln282, void %if.then341.i, i32 %sext_ln269, void %if.then319.i, i32 %head_ctx_ref_compute_op_0_1, void %if.then308.i, i32 %head_ctx_ref_compute_op_0_1, void %if.then288.i, i32 %head_ctx_ref_compute_op_0_1, void %if.else275.i, i32 %sext_ln239, void %if.then266.i, i32 %sext_ln226, void %if.then244.i, i32 %head_ctx_ref_compute_op_0_1, void %if.then233.i, i32 %sext_ln207, void %if.then211.i, i32 %head_ctx_ref_compute_op_0_1, void %if.then200.i, i32 %head_ctx_ref_compute_op_0_1, void %if.else219.i, i32 %head_ctx_ref_compute_op_0_1, void %if.else252.i, i32 %head_ctx_ref_compute_op_0_1, void %land.lhs.true277.i, i32 %head_ctx_ref_compute_op_0_1, void %if.else295.i, i32 %head_ctx_ref_compute_op_0_1, void %if.else327.i, i32 %head_ctx_ref_compute_op_0_1, void %land.lhs.true352.i, i32 %head_ctx_ref_compute_op_0_1, void %if.else370.i, i32 %head_ctx_ref_compute_op_0_1, void %land.lhs.true394.i, i32 %head_ctx_ref_compute_op_0_1, void %if.else424.i, i32 %head_ctx_ref_compute_op_0_1, void %land.lhs.true449.i, i32 %head_ctx_ref_compute_op_0_1, void %land.lhs.true471.i, i32 %head_ctx_ref_compute_op_0_1, void %if.else501.i, i32 %head_ctx_ref_compute_op_0_1, void %land.lhs.true526.i, i32 %head_ctx_ref_compute_op_0_1, void %sw.bb.i" [/home/luka/Scripting/ELEC_498-Capstone-LiteLM/HLS-Verilog/Scheduler_FSM/src-hls/Head_Helpers/head_helpers.cpp:105->/home/luka/Scripting/ELEC_498-Capstone-LiteLM/HLS-Verilog/Scheduler_FSM/src-hls/Head_Helpers/head_helpers.cpp:419]   --->   Operation 444 'phi' 'head_ctx_ref_compute_op_0_2' <Predicate = (!icmp_ln418)> <Delay = 0.00>
ST_1 : Operation 445 [1/1] (0.00ns)   --->   "%head_ctx_ref_last_compute_op_0_1 = phi i32 %packed_op_assign, void %if.else524.i, i32 %sext_ln378, void %if.then515.i, i32 %sext_ln366, void %if.then493.i, i32 %packed_op_assign, void %if.then482.i, i32 %packed_op_assign, void %if.else469.i, i32 %sext_ln348, void %if.then460.i, i32 %packed_op_assign, void %if.else447.i, i32 %sext_ln336, void %if.then438.i, i32 %sext_ln324, void %if.then416.i, i32 %packed_op_assign, void %if.then405.i, i32 %packed_op_assign, void %if.else392.i, i32 %sext_ln306, void %if.then383.i, i32 %packed_op_assign, void %if.then363.i, i32 %packed_op_assign, void %if.else350.i, i32 %sext_ln282, void %if.then341.i, i32 %sext_ln269, void %if.then319.i, i32 %packed_op_assign, void %if.then308.i, i32 %packed_op_assign, void %if.then288.i, i32 %packed_op_assign, void %if.else275.i, i32 %sext_ln239, void %if.then266.i, i32 %sext_ln226, void %if.then244.i, i32 %packed_op_assign, void %if.then233.i, i32 %sext_ln207, void %if.then211.i, i32 %packed_op_assign, void %if.then200.i, i32 %packed_op_assign, void %if.else219.i, i32 %packed_op_assign, void %if.else252.i, i32 %packed_op_assign, void %land.lhs.true277.i, i32 %packed_op_assign, void %if.else295.i, i32 %packed_op_assign, void %if.else327.i, i32 %packed_op_assign, void %land.lhs.true352.i, i32 %packed_op_assign, void %if.else370.i, i32 %packed_op_assign, void %land.lhs.true394.i, i32 %packed_op_assign, void %if.else424.i, i32 %packed_op_assign, void %land.lhs.true449.i, i32 %packed_op_assign, void %land.lhs.true471.i, i32 %packed_op_assign, void %if.else501.i, i32 %packed_op_assign, void %land.lhs.true526.i, i32 %select_ln149, void %sw.bb.i" [/home/luka/Scripting/ELEC_498-Capstone-LiteLM/HLS-Verilog/Scheduler_FSM/src-hls/Head_Helpers/head_helpers.cpp:396]   --->   Operation 445 'phi' 'head_ctx_ref_last_compute_op_0_1' <Predicate = (!icmp_ln418)> <Delay = 0.00>
ST_1 : Operation 446 [1/1] (0.00ns)   --->   "%head_ctx_ref_last_wl_addr_0_1 = phi i4 %head_ctx_ref_last_wl_addr_0_0, void %if.else524.i, i4 %head_ctx_ref_last_wl_addr_0_0, void %if.then515.i, i4 %head_ctx_ref_last_wl_addr_0_0, void %if.then493.i, i4 7, void %if.then482.i, i4 %head_ctx_ref_last_wl_addr_0_0, void %if.else469.i, i4 %head_ctx_ref_last_wl_addr_0_0, void %if.then460.i, i4 %head_ctx_ref_last_wl_addr_0_0, void %if.else447.i, i4 %head_ctx_ref_last_wl_addr_0_0, void %if.then438.i, i4 %head_ctx_ref_last_wl_addr_0_0, void %if.then416.i, i4 6, void %if.then405.i, i4 %head_ctx_ref_last_wl_addr_0_0, void %if.else392.i, i4 %head_ctx_ref_last_wl_addr_0_0, void %if.then383.i, i4 5, void %if.then363.i, i4 %head_ctx_ref_last_wl_addr_0_0, void %if.else350.i, i4 %head_ctx_ref_last_wl_addr_0_0, void %if.then341.i, i4 %head_ctx_ref_last_wl_addr_0_0, void %if.then319.i, i4 4, void %if.then308.i, i4 3, void %if.then288.i, i4 %head_ctx_ref_last_wl_addr_0_0, void %if.else275.i, i4 %head_ctx_ref_last_wl_addr_0_0, void %if.then266.i, i4 %head_ctx_ref_last_wl_addr_0_0, void %if.then244.i, i4 2, void %if.then233.i, i4 %head_ctx_ref_last_wl_addr_0_0, void %if.then211.i, i4 1, void %if.then200.i, i4 %head_ctx_ref_last_wl_addr_0_0, void %if.else219.i, i4 %head_ctx_ref_last_wl_addr_0_0, void %if.else252.i, i4 %head_ctx_ref_last_wl_addr_0_0, void %land.lhs.true277.i, i4 %head_ctx_ref_last_wl_addr_0_0, void %if.else295.i, i4 %head_ctx_ref_last_wl_addr_0_0, void %if.else327.i, i4 %head_ctx_ref_last_wl_addr_0_0, void %land.lhs.true352.i, i4 %head_ctx_ref_last_wl_addr_0_0, void %if.else370.i, i4 %head_ctx_ref_last_wl_addr_0_0, void %land.lhs.true394.i, i4 %head_ctx_ref_last_wl_addr_0_0, void %if.else424.i, i4 %head_ctx_ref_last_wl_addr_0_0, void %land.lhs.true449.i, i4 %head_ctx_ref_last_wl_addr_0_0, void %land.lhs.true471.i, i4 %head_ctx_ref_last_wl_addr_0_0, void %if.else501.i, i4 %head_ctx_ref_last_wl_addr_0_0, void %land.lhs.true526.i, i4 %select_ln149_1, void %sw.bb.i" [/home/luka/Scripting/ELEC_498-Capstone-LiteLM/HLS-Verilog/Scheduler_FSM/src-hls/Head_Helpers/head_helpers.cpp:396]   --->   Operation 446 'phi' 'head_ctx_ref_last_wl_addr_0_1' <Predicate = (!icmp_ln418)> <Delay = 0.00>
ST_1 : Operation 447 [1/1] (0.00ns)   --->   "%head_ctx_ref_wl_start_0_2 = phi i1 %head_ctx_ref_wl_start_0_1, void %if.else524.i, i1 %head_ctx_ref_wl_start_0_1, void %if.then515.i, i1 %head_ctx_ref_wl_start_0_1, void %if.then493.i, i1 1, void %if.then482.i, i1 %head_ctx_ref_wl_start_0_1, void %if.else469.i, i1 %head_ctx_ref_wl_start_0_1, void %if.then460.i, i1 %head_ctx_ref_wl_start_0_1, void %if.else447.i, i1 %head_ctx_ref_wl_start_0_1, void %if.then438.i, i1 %head_ctx_ref_wl_start_0_1, void %if.then416.i, i1 1, void %if.then405.i, i1 %head_ctx_ref_wl_start_0_1, void %if.else392.i, i1 %head_ctx_ref_wl_start_0_1, void %if.then383.i, i1 1, void %if.then363.i, i1 %head_ctx_ref_wl_start_0_1, void %if.else350.i, i1 %head_ctx_ref_wl_start_0_1, void %if.then341.i, i1 %head_ctx_ref_wl_start_0_1, void %if.then319.i, i1 1, void %if.then308.i, i1 1, void %if.then288.i, i1 %head_ctx_ref_wl_start_0_1, void %if.else275.i, i1 %head_ctx_ref_wl_start_0_1, void %if.then266.i, i1 %head_ctx_ref_wl_start_0_1, void %if.then244.i, i1 1, void %if.then233.i, i1 %head_ctx_ref_wl_start_0_1, void %if.then211.i, i1 1, void %if.then200.i, i1 %head_ctx_ref_wl_start_0_1, void %if.else219.i, i1 %head_ctx_ref_wl_start_0_1, void %if.else252.i, i1 %head_ctx_ref_wl_start_0_1, void %land.lhs.true277.i, i1 %head_ctx_ref_wl_start_0_1, void %if.else295.i, i1 %head_ctx_ref_wl_start_0_1, void %if.else327.i, i1 %head_ctx_ref_wl_start_0_1, void %land.lhs.true352.i, i1 %head_ctx_ref_wl_start_0_1, void %if.else370.i, i1 %head_ctx_ref_wl_start_0_1, void %land.lhs.true394.i, i1 %head_ctx_ref_wl_start_0_1, void %if.else424.i, i1 %head_ctx_ref_wl_start_0_1, void %land.lhs.true449.i, i1 %head_ctx_ref_wl_start_0_1, void %land.lhs.true471.i, i1 %head_ctx_ref_wl_start_0_1, void %if.else501.i, i1 %head_ctx_ref_wl_start_0_1, void %land.lhs.true526.i, i1 %and_ln149_3, void %sw.bb.i" [/home/luka/Scripting/ELEC_498-Capstone-LiteLM/HLS-Verilog/Scheduler_FSM/src-hls/Head_Helpers/head_helpers.cpp:396]   --->   Operation 447 'phi' 'head_ctx_ref_wl_start_0_2' <Predicate = (!icmp_ln418)> <Delay = 0.00>
ST_1 : Operation 448 [1/1] (0.00ns)   --->   "%head_ctx_ref_wl_instruction_0_2 = phi i32 %head_ctx_ref_wl_instruction_0_1, void %if.else524.i, i32 %head_ctx_ref_wl_instruction_0_1, void %if.then515.i, i32 %head_ctx_ref_wl_instruction_0_1, void %if.then493.i, i32 %sext_ln360, void %if.then482.i, i32 %head_ctx_ref_wl_instruction_0_1, void %if.else469.i, i32 %head_ctx_ref_wl_instruction_0_1, void %if.then460.i, i32 %head_ctx_ref_wl_instruction_0_1, void %if.else447.i, i32 %head_ctx_ref_wl_instruction_0_1, void %if.then438.i, i32 %head_ctx_ref_wl_instruction_0_1, void %if.then416.i, i32 %sext_ln318, void %if.then405.i, i32 %head_ctx_ref_wl_instruction_0_1, void %if.else392.i, i32 %head_ctx_ref_wl_instruction_0_1, void %if.then383.i, i32 %sext_ln294, void %if.then363.i, i32 %head_ctx_ref_wl_instruction_0_1, void %if.else350.i, i32 %head_ctx_ref_wl_instruction_0_1, void %if.then341.i, i32 %head_ctx_ref_wl_instruction_0_1, void %if.then319.i, i32 %sext_ln263, void %if.then308.i, i32 %sext_ln251, void %if.then288.i, i32 %head_ctx_ref_wl_instruction_0_1, void %if.else275.i, i32 %head_ctx_ref_wl_instruction_0_1, void %if.then266.i, i32 %head_ctx_ref_wl_instruction_0_1, void %if.then244.i, i32 %sext_ln220, void %if.then233.i, i32 %head_ctx_ref_wl_instruction_0_1, void %if.then211.i, i32 %sext_ln201, void %if.then200.i, i32 %head_ctx_ref_wl_instruction_0_1, void %if.else219.i, i32 %head_ctx_ref_wl_instruction_0_1, void %if.else252.i, i32 %head_ctx_ref_wl_instruction_0_1, void %land.lhs.true277.i, i32 %head_ctx_ref_wl_instruction_0_1, void %if.else295.i, i32 %head_ctx_ref_wl_instruction_0_1, void %if.else327.i, i32 %head_ctx_ref_wl_instruction_0_1, void %land.lhs.true352.i, i32 %head_ctx_ref_wl_instruction_0_1, void %if.else370.i, i32 %head_ctx_ref_wl_instruction_0_1, void %land.lhs.true394.i, i32 %head_ctx_ref_wl_instruction_0_1, void %if.else424.i, i32 %head_ctx_ref_wl_instruction_0_1, void %land.lhs.true449.i, i32 %head_ctx_ref_wl_instruction_0_1, void %land.lhs.true471.i, i32 %head_ctx_ref_wl_instruction_0_1, void %if.else501.i, i32 %head_ctx_ref_wl_instruction_0_1, void %land.lhs.true526.i, i32 %select_ln149_2, void %sw.bb.i" [/home/luka/Scripting/ELEC_498-Capstone-LiteLM/HLS-Verilog/Scheduler_FSM/src-hls/Head_Helpers/head_helpers.cpp:100->/home/luka/Scripting/ELEC_498-Capstone-LiteLM/HLS-Verilog/Scheduler_FSM/src-hls/Head_Helpers/head_helpers.cpp:419]   --->   Operation 448 'phi' 'head_ctx_ref_wl_instruction_0_2' <Predicate = (!icmp_ln418)> <Delay = 0.00>
ST_1 : Operation 449 [1/1] (0.00ns)   --->   "%head_ctx_ref_q_started_0_1 = phi i1 %head_ctx_ref_q_started_0_0, void %if.else524.i, i1 %head_ctx_ref_q_started_0_0, void %if.then515.i, i1 %head_ctx_ref_q_started_0_0, void %if.then493.i, i1 %head_ctx_ref_q_started_0_0, void %if.then482.i, i1 %head_ctx_ref_q_started_0_0, void %if.else469.i, i1 %head_ctx_ref_q_started_0_0, void %if.then460.i, i1 %head_ctx_ref_q_started_0_0, void %if.else447.i, i1 %head_ctx_ref_q_started_0_0, void %if.then438.i, i1 %head_ctx_ref_q_started_0_0, void %if.then416.i, i1 %head_ctx_ref_q_started_0_0, void %if.then405.i, i1 %head_ctx_ref_q_started_0_0, void %if.else392.i, i1 %head_ctx_ref_q_started_0_0, void %if.then383.i, i1 %head_ctx_ref_q_started_0_0, void %if.then363.i, i1 %head_ctx_ref_q_started_0_0, void %if.else350.i, i1 %head_ctx_ref_q_started_0_0, void %if.then341.i, i1 %head_ctx_ref_q_started_0_0, void %if.then319.i, i1 %head_ctx_ref_q_started_0_0, void %if.then308.i, i1 %head_ctx_ref_q_started_0_0, void %if.then288.i, i1 %head_ctx_ref_q_started_0_0, void %if.else275.i, i1 %head_ctx_ref_q_started_0_0, void %if.then266.i, i1 %head_ctx_ref_q_started_0_0, void %if.then244.i, i1 %head_ctx_ref_q_started_0_0, void %if.then233.i, i1 %head_ctx_ref_q_started_0_0, void %if.then211.i, i1 1, void %if.then200.i, i1 %xor_ln208, void %if.else219.i, i1 %head_ctx_ref_q_started_0_0, void %if.else252.i, i1 %head_ctx_ref_q_started_0_0, void %land.lhs.true277.i, i1 %head_ctx_ref_q_started_0_0, void %if.else295.i, i1 %head_ctx_ref_q_started_0_0, void %if.else327.i, i1 %head_ctx_ref_q_started_0_0, void %land.lhs.true352.i, i1 %head_ctx_ref_q_started_0_0, void %if.else370.i, i1 %head_ctx_ref_q_started_0_0, void %land.lhs.true394.i, i1 %head_ctx_ref_q_started_0_0, void %if.else424.i, i1 %head_ctx_ref_q_started_0_0, void %land.lhs.true449.i, i1 %head_ctx_ref_q_started_0_0, void %land.lhs.true471.i, i1 %head_ctx_ref_q_started_0_0, void %if.else501.i, i1 %head_ctx_ref_q_started_0_0, void %land.lhs.true526.i, i1 %and_ln149_4, void %sw.bb.i" [/home/luka/Scripting/ELEC_498-Capstone-LiteLM/HLS-Verilog/Scheduler_FSM/src-hls/Head_Helpers/head_helpers.cpp:396]   --->   Operation 449 'phi' 'head_ctx_ref_q_started_0_1' <Predicate = (!icmp_ln418)> <Delay = 0.00>
ST_1 : Operation 450 [1/1] (0.00ns)   --->   "%head_ctx_ref_k_started_0_1 = phi i1 %head_ctx_ref_k_started_0_0, void %if.else524.i, i1 %head_ctx_ref_k_started_0_0, void %if.then515.i, i1 %head_ctx_ref_k_started_0_0, void %if.then493.i, i1 %head_ctx_ref_k_started_0_0, void %if.then482.i, i1 %head_ctx_ref_k_started_0_0, void %if.else469.i, i1 %head_ctx_ref_k_started_0_0, void %if.then460.i, i1 %head_ctx_ref_k_started_0_0, void %if.else447.i, i1 %head_ctx_ref_k_started_0_0, void %if.then438.i, i1 %head_ctx_ref_k_started_0_0, void %if.then416.i, i1 %head_ctx_ref_k_started_0_0, void %if.then405.i, i1 %head_ctx_ref_k_started_0_0, void %if.else392.i, i1 %head_ctx_ref_k_started_0_0, void %if.then383.i, i1 %head_ctx_ref_k_started_0_0, void %if.then363.i, i1 %head_ctx_ref_k_started_0_0, void %if.else350.i, i1 %head_ctx_ref_k_started_0_0, void %if.then341.i, i1 %head_ctx_ref_k_started_0_0, void %if.then319.i, i1 %head_ctx_ref_k_started_0_0, void %if.then308.i, i1 %head_ctx_ref_k_started_0_0, void %if.then288.i, i1 %head_ctx_ref_k_started_0_0, void %if.else275.i, i1 %head_ctx_ref_k_started_0_0, void %if.then266.i, i1 %head_ctx_ref_k_started_0_0, void %if.then244.i, i1 1, void %if.then233.i, i1 %head_ctx_ref_k_started_0_0, void %if.then211.i, i1 %head_ctx_ref_k_started_0_0, void %if.then200.i, i1 %head_ctx_ref_k_started_0_0, void %if.else219.i, i1 %xor_ln227, void %if.else252.i, i1 %head_ctx_ref_k_started_0_0, void %land.lhs.true277.i, i1 %head_ctx_ref_k_started_0_0, void %if.else295.i, i1 %head_ctx_ref_k_started_0_0, void %if.else327.i, i1 %head_ctx_ref_k_started_0_0, void %land.lhs.true352.i, i1 %head_ctx_ref_k_started_0_0, void %if.else370.i, i1 %head_ctx_ref_k_started_0_0, void %land.lhs.true394.i, i1 %head_ctx_ref_k_started_0_0, void %if.else424.i, i1 %head_ctx_ref_k_started_0_0, void %land.lhs.true449.i, i1 %head_ctx_ref_k_started_0_0, void %land.lhs.true471.i, i1 %head_ctx_ref_k_started_0_0, void %if.else501.i, i1 %head_ctx_ref_k_started_0_0, void %land.lhs.true526.i, i1 %and_ln149_5, void %sw.bb.i" [/home/luka/Scripting/ELEC_498-Capstone-LiteLM/HLS-Verilog/Scheduler_FSM/src-hls/Head_Helpers/head_helpers.cpp:396]   --->   Operation 450 'phi' 'head_ctx_ref_k_started_0_1' <Predicate = (!icmp_ln418)> <Delay = 0.00>
ST_1 : Operation 451 [1/1] (0.00ns)   --->   "%head_ctx_ref_k_requant_started_0_1 = phi i1 %head_ctx_ref_k_requant_started_0_0, void %if.else524.i, i1 %head_ctx_ref_k_requant_started_0_0, void %if.then515.i, i1 %head_ctx_ref_k_requant_started_0_0, void %if.then493.i, i1 %head_ctx_ref_k_requant_started_0_0, void %if.then482.i, i1 %head_ctx_ref_k_requant_started_0_0, void %if.else469.i, i1 %head_ctx_ref_k_requant_started_0_0, void %if.then460.i, i1 %head_ctx_ref_k_requant_started_0_0, void %if.else447.i, i1 %head_ctx_ref_k_requant_started_0_0, void %if.then438.i, i1 %head_ctx_ref_k_requant_started_0_0, void %if.then416.i, i1 %head_ctx_ref_k_requant_started_0_0, void %if.then405.i, i1 %head_ctx_ref_k_requant_started_0_0, void %if.else392.i, i1 %head_ctx_ref_k_requant_started_0_0, void %if.then383.i, i1 %head_ctx_ref_k_requant_started_0_0, void %if.then363.i, i1 %head_ctx_ref_k_requant_started_0_0, void %if.else350.i, i1 %head_ctx_ref_k_requant_started_0_0, void %if.then341.i, i1 %head_ctx_ref_k_requant_started_0_0, void %if.then319.i, i1 %head_ctx_ref_k_requant_started_0_0, void %if.then308.i, i1 %head_ctx_ref_k_requant_started_0_0, void %if.then288.i, i1 %head_ctx_ref_k_requant_started_0_0, void %if.else275.i, i1 1, void %if.then266.i, i1 %head_ctx_ref_k_requant_started_0_0, void %if.then244.i, i1 %head_ctx_ref_k_requant_started_0_0, void %if.then233.i, i1 %head_ctx_ref_k_requant_started_0_0, void %if.then211.i, i1 %head_ctx_ref_k_requant_started_0_0, void %if.then200.i, i1 %head_ctx_ref_k_requant_started_0_0, void %if.else219.i, i1 %head_ctx_ref_k_requant_started_0_0, void %if.else252.i, i1 0, void %land.lhs.true277.i, i1 %head_ctx_ref_k_requant_started_0_0, void %if.else295.i, i1 %head_ctx_ref_k_requant_started_0_0, void %if.else327.i, i1 %head_ctx_ref_k_requant_started_0_0, void %land.lhs.true352.i, i1 %head_ctx_ref_k_requant_started_0_0, void %if.else370.i, i1 %head_ctx_ref_k_requant_started_0_0, void %land.lhs.true394.i, i1 %head_ctx_ref_k_requant_started_0_0, void %if.else424.i, i1 %head_ctx_ref_k_requant_started_0_0, void %land.lhs.true449.i, i1 %head_ctx_ref_k_requant_started_0_0, void %land.lhs.true471.i, i1 %head_ctx_ref_k_requant_started_0_0, void %if.else501.i, i1 %head_ctx_ref_k_requant_started_0_0, void %land.lhs.true526.i, i1 %and_ln149_6, void %sw.bb.i" [/home/luka/Scripting/ELEC_498-Capstone-LiteLM/HLS-Verilog/Scheduler_FSM/src-hls/Head_Helpers/head_helpers.cpp:396]   --->   Operation 451 'phi' 'head_ctx_ref_k_requant_started_0_1' <Predicate = (!icmp_ln418)> <Delay = 0.00>
ST_1 : Operation 452 [1/1] (0.00ns)   --->   "%head_ctx_ref_k_writeback_started_0_1 = phi i1 %head_ctx_ref_k_writeback_started_0_0, void %if.else524.i, i1 %head_ctx_ref_k_writeback_started_0_0, void %if.then515.i, i1 %head_ctx_ref_k_writeback_started_0_0, void %if.then493.i, i1 %head_ctx_ref_k_writeback_started_0_0, void %if.then482.i, i1 %head_ctx_ref_k_writeback_started_0_0, void %if.else469.i, i1 %head_ctx_ref_k_writeback_started_0_0, void %if.then460.i, i1 %head_ctx_ref_k_writeback_started_0_0, void %if.else447.i, i1 %head_ctx_ref_k_writeback_started_0_0, void %if.then438.i, i1 %head_ctx_ref_k_writeback_started_0_0, void %if.then416.i, i1 %head_ctx_ref_k_writeback_started_0_0, void %if.then405.i, i1 %head_ctx_ref_k_writeback_started_0_0, void %if.else392.i, i1 %head_ctx_ref_k_writeback_started_0_0, void %if.then383.i, i1 %head_ctx_ref_k_writeback_started_0_0, void %if.then363.i, i1 %head_ctx_ref_k_writeback_started_0_0, void %if.else350.i, i1 %head_ctx_ref_k_writeback_started_0_0, void %if.then341.i, i1 %head_ctx_ref_k_writeback_started_0_0, void %if.then319.i, i1 %head_ctx_ref_k_writeback_started_0_0, void %if.then308.i, i1 1, void %if.then288.i, i1 %head_ctx_ref_k_writeback_started_0_0, void %if.else275.i, i1 %head_ctx_ref_k_writeback_started_0_0, void %if.then266.i, i1 %head_ctx_ref_k_writeback_started_0_0, void %if.then244.i, i1 %head_ctx_ref_k_writeback_started_0_0, void %if.then233.i, i1 %head_ctx_ref_k_writeback_started_0_0, void %if.then211.i, i1 %head_ctx_ref_k_writeback_started_0_0, void %if.then200.i, i1 %head_ctx_ref_k_writeback_started_0_0, void %if.else219.i, i1 %head_ctx_ref_k_writeback_started_0_0, void %if.else252.i, i1 %head_ctx_ref_k_writeback_started_0_0, void %land.lhs.true277.i, i1 %xor_ln251, void %if.else295.i, i1 %head_ctx_ref_k_writeback_started_0_0, void %if.else327.i, i1 %head_ctx_ref_k_writeback_started_0_0, void %land.lhs.true352.i, i1 %head_ctx_ref_k_writeback_started_0_0, void %if.else370.i, i1 %head_ctx_ref_k_writeback_started_0_0, void %land.lhs.true394.i, i1 %head_ctx_ref_k_writeback_started_0_0, void %if.else424.i, i1 %head_ctx_ref_k_writeback_started_0_0, void %land.lhs.true449.i, i1 %head_ctx_ref_k_writeback_started_0_0, void %land.lhs.true471.i, i1 %head_ctx_ref_k_writeback_started_0_0, void %if.else501.i, i1 %head_ctx_ref_k_writeback_started_0_0, void %land.lhs.true526.i, i1 %and_ln149_7, void %sw.bb.i" [/home/luka/Scripting/ELEC_498-Capstone-LiteLM/HLS-Verilog/Scheduler_FSM/src-hls/Head_Helpers/head_helpers.cpp:396]   --->   Operation 452 'phi' 'head_ctx_ref_k_writeback_started_0_1' <Predicate = (!icmp_ln418)> <Delay = 0.00>
ST_1 : Operation 453 [1/1] (0.00ns)   --->   "%head_ctx_ref_v_started_0_1 = phi i1 %head_ctx_ref_v_started_0_0, void %if.else524.i, i1 %head_ctx_ref_v_started_0_0, void %if.then515.i, i1 %head_ctx_ref_v_started_0_0, void %if.then493.i, i1 %head_ctx_ref_v_started_0_0, void %if.then482.i, i1 %head_ctx_ref_v_started_0_0, void %if.else469.i, i1 %head_ctx_ref_v_started_0_0, void %if.then460.i, i1 %head_ctx_ref_v_started_0_0, void %if.else447.i, i1 %head_ctx_ref_v_started_0_0, void %if.then438.i, i1 %head_ctx_ref_v_started_0_0, void %if.then416.i, i1 %head_ctx_ref_v_started_0_0, void %if.then405.i, i1 %head_ctx_ref_v_started_0_0, void %if.else392.i, i1 %head_ctx_ref_v_started_0_0, void %if.then383.i, i1 %head_ctx_ref_v_started_0_0, void %if.then363.i, i1 %head_ctx_ref_v_started_0_0, void %if.else350.i, i1 %head_ctx_ref_v_started_0_0, void %if.then341.i, i1 %head_ctx_ref_v_started_0_0, void %if.then319.i, i1 1, void %if.then308.i, i1 %head_ctx_ref_v_started_0_0, void %if.then288.i, i1 %head_ctx_ref_v_started_0_0, void %if.else275.i, i1 %head_ctx_ref_v_started_0_0, void %if.then266.i, i1 %head_ctx_ref_v_started_0_0, void %if.then244.i, i1 %head_ctx_ref_v_started_0_0, void %if.then233.i, i1 %head_ctx_ref_v_started_0_0, void %if.then211.i, i1 %head_ctx_ref_v_started_0_0, void %if.then200.i, i1 %head_ctx_ref_v_started_0_0, void %if.else219.i, i1 %head_ctx_ref_v_started_0_0, void %if.else252.i, i1 %head_ctx_ref_v_started_0_0, void %land.lhs.true277.i, i1 %head_ctx_ref_v_started_0_0, void %if.else295.i, i1 %xor_ln270, void %if.else327.i, i1 %head_ctx_ref_v_started_0_0, void %land.lhs.true352.i, i1 %head_ctx_ref_v_started_0_0, void %if.else370.i, i1 %head_ctx_ref_v_started_0_0, void %land.lhs.true394.i, i1 %head_ctx_ref_v_started_0_0, void %if.else424.i, i1 %head_ctx_ref_v_started_0_0, void %land.lhs.true449.i, i1 %head_ctx_ref_v_started_0_0, void %land.lhs.true471.i, i1 %head_ctx_ref_v_started_0_0, void %if.else501.i, i1 %head_ctx_ref_v_started_0_0, void %land.lhs.true526.i, i1 %and_ln149_8, void %sw.bb.i" [/home/luka/Scripting/ELEC_498-Capstone-LiteLM/HLS-Verilog/Scheduler_FSM/src-hls/Head_Helpers/head_helpers.cpp:396]   --->   Operation 453 'phi' 'head_ctx_ref_v_started_0_1' <Predicate = (!icmp_ln418)> <Delay = 0.00>
ST_1 : Operation 454 [1/1] (0.00ns)   --->   "%head_ctx_ref_v_requant_started_0_1 = phi i1 %head_ctx_ref_v_requant_started_0_0, void %if.else524.i, i1 %head_ctx_ref_v_requant_started_0_0, void %if.then515.i, i1 %head_ctx_ref_v_requant_started_0_0, void %if.then493.i, i1 %head_ctx_ref_v_requant_started_0_0, void %if.then482.i, i1 %head_ctx_ref_v_requant_started_0_0, void %if.else469.i, i1 %head_ctx_ref_v_requant_started_0_0, void %if.then460.i, i1 %head_ctx_ref_v_requant_started_0_0, void %if.else447.i, i1 %head_ctx_ref_v_requant_started_0_0, void %if.then438.i, i1 %head_ctx_ref_v_requant_started_0_0, void %if.then416.i, i1 %head_ctx_ref_v_requant_started_0_0, void %if.then405.i, i1 %head_ctx_ref_v_requant_started_0_0, void %if.else392.i, i1 %head_ctx_ref_v_requant_started_0_0, void %if.then383.i, i1 %head_ctx_ref_v_requant_started_0_0, void %if.then363.i, i1 %head_ctx_ref_v_requant_started_0_0, void %if.else350.i, i1 1, void %if.then341.i, i1 %head_ctx_ref_v_requant_started_0_0, void %if.then319.i, i1 %head_ctx_ref_v_requant_started_0_0, void %if.then308.i, i1 %head_ctx_ref_v_requant_started_0_0, void %if.then288.i, i1 %head_ctx_ref_v_requant_started_0_0, void %if.else275.i, i1 %head_ctx_ref_v_requant_started_0_0, void %if.then266.i, i1 %head_ctx_ref_v_requant_started_0_0, void %if.then244.i, i1 %head_ctx_ref_v_requant_started_0_0, void %if.then233.i, i1 %head_ctx_ref_v_requant_started_0_0, void %if.then211.i, i1 %head_ctx_ref_v_requant_started_0_0, void %if.then200.i, i1 %head_ctx_ref_v_requant_started_0_0, void %if.else219.i, i1 %head_ctx_ref_v_requant_started_0_0, void %if.else252.i, i1 %head_ctx_ref_v_requant_started_0_0, void %land.lhs.true277.i, i1 %head_ctx_ref_v_requant_started_0_0, void %if.else295.i, i1 %head_ctx_ref_v_requant_started_0_0, void %if.else327.i, i1 0, void %land.lhs.true352.i, i1 %head_ctx_ref_v_requant_started_0_0, void %if.else370.i, i1 %head_ctx_ref_v_requant_started_0_0, void %land.lhs.true394.i, i1 %head_ctx_ref_v_requant_started_0_0, void %if.else424.i, i1 %head_ctx_ref_v_requant_started_0_0, void %land.lhs.true449.i, i1 %head_ctx_ref_v_requant_started_0_0, void %land.lhs.true471.i, i1 %head_ctx_ref_v_requant_started_0_0, void %if.else501.i, i1 %head_ctx_ref_v_requant_started_0_0, void %land.lhs.true526.i, i1 %and_ln149_9, void %sw.bb.i" [/home/luka/Scripting/ELEC_498-Capstone-LiteLM/HLS-Verilog/Scheduler_FSM/src-hls/Head_Helpers/head_helpers.cpp:396]   --->   Operation 454 'phi' 'head_ctx_ref_v_requant_started_0_1' <Predicate = (!icmp_ln418)> <Delay = 0.00>
ST_1 : Operation 455 [1/1] (0.00ns)   --->   "%head_ctx_ref_v_writeback_started_0_1 = phi i1 %head_ctx_ref_v_writeback_started_0_0, void %if.else524.i, i1 %head_ctx_ref_v_writeback_started_0_0, void %if.then515.i, i1 %head_ctx_ref_v_writeback_started_0_0, void %if.then493.i, i1 %head_ctx_ref_v_writeback_started_0_0, void %if.then482.i, i1 %head_ctx_ref_v_writeback_started_0_0, void %if.else469.i, i1 %head_ctx_ref_v_writeback_started_0_0, void %if.then460.i, i1 %head_ctx_ref_v_writeback_started_0_0, void %if.else447.i, i1 %head_ctx_ref_v_writeback_started_0_0, void %if.then438.i, i1 %head_ctx_ref_v_writeback_started_0_0, void %if.then416.i, i1 %head_ctx_ref_v_writeback_started_0_0, void %if.then405.i, i1 %head_ctx_ref_v_writeback_started_0_0, void %if.else392.i, i1 %head_ctx_ref_v_writeback_started_0_0, void %if.then383.i, i1 1, void %if.then363.i, i1 %head_ctx_ref_v_writeback_started_0_0, void %if.else350.i, i1 %head_ctx_ref_v_writeback_started_0_0, void %if.then341.i, i1 %head_ctx_ref_v_writeback_started_0_0, void %if.then319.i, i1 %head_ctx_ref_v_writeback_started_0_0, void %if.then308.i, i1 %head_ctx_ref_v_writeback_started_0_0, void %if.then288.i, i1 %head_ctx_ref_v_writeback_started_0_0, void %if.else275.i, i1 %head_ctx_ref_v_writeback_started_0_0, void %if.then266.i, i1 %head_ctx_ref_v_writeback_started_0_0, void %if.then244.i, i1 %head_ctx_ref_v_writeback_started_0_0, void %if.then233.i, i1 %head_ctx_ref_v_writeback_started_0_0, void %if.then211.i, i1 %head_ctx_ref_v_writeback_started_0_0, void %if.then200.i, i1 %head_ctx_ref_v_writeback_started_0_0, void %if.else219.i, i1 %head_ctx_ref_v_writeback_started_0_0, void %if.else252.i, i1 %head_ctx_ref_v_writeback_started_0_0, void %land.lhs.true277.i, i1 %head_ctx_ref_v_writeback_started_0_0, void %if.else295.i, i1 %head_ctx_ref_v_writeback_started_0_0, void %if.else327.i, i1 %head_ctx_ref_v_writeback_started_0_0, void %land.lhs.true352.i, i1 %xor_ln294, void %if.else370.i, i1 %head_ctx_ref_v_writeback_started_0_0, void %land.lhs.true394.i, i1 %head_ctx_ref_v_writeback_started_0_0, void %if.else424.i, i1 %head_ctx_ref_v_writeback_started_0_0, void %land.lhs.true449.i, i1 %head_ctx_ref_v_writeback_started_0_0, void %land.lhs.true471.i, i1 %head_ctx_ref_v_writeback_started_0_0, void %if.else501.i, i1 %head_ctx_ref_v_writeback_started_0_0, void %land.lhs.true526.i, i1 %and_ln149_10, void %sw.bb.i" [/home/luka/Scripting/ELEC_498-Capstone-LiteLM/HLS-Verilog/Scheduler_FSM/src-hls/Head_Helpers/head_helpers.cpp:396]   --->   Operation 455 'phi' 'head_ctx_ref_v_writeback_started_0_1' <Predicate = (!icmp_ln418)> <Delay = 0.00>
ST_1 : Operation 456 [1/1] (0.00ns)   --->   "%head_ctx_ref_requant_q_started_0_1 = phi i1 %head_ctx_ref_requant_q_started_0_0, void %if.else524.i, i1 %head_ctx_ref_requant_q_started_0_0, void %if.then515.i, i1 %head_ctx_ref_requant_q_started_0_0, void %if.then493.i, i1 %head_ctx_ref_requant_q_started_0_0, void %if.then482.i, i1 %head_ctx_ref_requant_q_started_0_0, void %if.else469.i, i1 %head_ctx_ref_requant_q_started_0_0, void %if.then460.i, i1 %head_ctx_ref_requant_q_started_0_0, void %if.else447.i, i1 %head_ctx_ref_requant_q_started_0_0, void %if.then438.i, i1 %head_ctx_ref_requant_q_started_0_0, void %if.then416.i, i1 %head_ctx_ref_requant_q_started_0_0, void %if.then405.i, i1 %head_ctx_ref_requant_q_started_0_0, void %if.else392.i, i1 1, void %if.then383.i, i1 %head_ctx_ref_requant_q_started_0_0, void %if.then363.i, i1 %head_ctx_ref_requant_q_started_0_0, void %if.else350.i, i1 %head_ctx_ref_requant_q_started_0_0, void %if.then341.i, i1 %head_ctx_ref_requant_q_started_0_0, void %if.then319.i, i1 %head_ctx_ref_requant_q_started_0_0, void %if.then308.i, i1 %head_ctx_ref_requant_q_started_0_0, void %if.then288.i, i1 %head_ctx_ref_requant_q_started_0_0, void %if.else275.i, i1 %head_ctx_ref_requant_q_started_0_0, void %if.then266.i, i1 %head_ctx_ref_requant_q_started_0_0, void %if.then244.i, i1 %head_ctx_ref_requant_q_started_0_0, void %if.then233.i, i1 %head_ctx_ref_requant_q_started_0_0, void %if.then211.i, i1 %head_ctx_ref_requant_q_started_0_0, void %if.then200.i, i1 %head_ctx_ref_requant_q_started_0_0, void %if.else219.i, i1 %head_ctx_ref_requant_q_started_0_0, void %if.else252.i, i1 %head_ctx_ref_requant_q_started_0_0, void %land.lhs.true277.i, i1 %head_ctx_ref_requant_q_started_0_0, void %if.else295.i, i1 %head_ctx_ref_requant_q_started_0_0, void %if.else327.i, i1 %head_ctx_ref_requant_q_started_0_0, void %land.lhs.true352.i, i1 %head_ctx_ref_requant_q_started_0_0, void %if.else370.i, i1 0, void %land.lhs.true394.i, i1 %head_ctx_ref_requant_q_started_0_0, void %if.else424.i, i1 %head_ctx_ref_requant_q_started_0_0, void %land.lhs.true449.i, i1 %head_ctx_ref_requant_q_started_0_0, void %land.lhs.true471.i, i1 %head_ctx_ref_requant_q_started_0_0, void %if.else501.i, i1 %head_ctx_ref_requant_q_started_0_0, void %land.lhs.true526.i, i1 %and_ln149_11, void %sw.bb.i" [/home/luka/Scripting/ELEC_498-Capstone-LiteLM/HLS-Verilog/Scheduler_FSM/src-hls/Head_Helpers/head_helpers.cpp:396]   --->   Operation 456 'phi' 'head_ctx_ref_requant_q_started_0_1' <Predicate = (!icmp_ln418)> <Delay = 0.00>
ST_1 : Operation 457 [1/1] (0.00ns)   --->   "%head_ctx_ref_att_scores_started_0_1 = phi i1 %head_ctx_ref_att_scores_started_0_0, void %if.else524.i, i1 %head_ctx_ref_att_scores_started_0_0, void %if.then515.i, i1 %head_ctx_ref_att_scores_started_0_0, void %if.then493.i, i1 %head_ctx_ref_att_scores_started_0_0, void %if.then482.i, i1 %head_ctx_ref_att_scores_started_0_0, void %if.else469.i, i1 %head_ctx_ref_att_scores_started_0_0, void %if.then460.i, i1 %head_ctx_ref_att_scores_started_0_0, void %if.else447.i, i1 %head_ctx_ref_att_scores_started_0_0, void %if.then438.i, i1 %head_ctx_ref_att_scores_started_0_0, void %if.then416.i, i1 1, void %if.then405.i, i1 %head_ctx_ref_att_scores_started_0_0, void %if.else392.i, i1 %head_ctx_ref_att_scores_started_0_0, void %if.then383.i, i1 %head_ctx_ref_att_scores_started_0_0, void %if.then363.i, i1 %head_ctx_ref_att_scores_started_0_0, void %if.else350.i, i1 %head_ctx_ref_att_scores_started_0_0, void %if.then341.i, i1 %head_ctx_ref_att_scores_started_0_0, void %if.then319.i, i1 %head_ctx_ref_att_scores_started_0_0, void %if.then308.i, i1 %head_ctx_ref_att_scores_started_0_0, void %if.then288.i, i1 %head_ctx_ref_att_scores_started_0_0, void %if.else275.i, i1 %head_ctx_ref_att_scores_started_0_0, void %if.then266.i, i1 %head_ctx_ref_att_scores_started_0_0, void %if.then244.i, i1 %head_ctx_ref_att_scores_started_0_0, void %if.then233.i, i1 %head_ctx_ref_att_scores_started_0_0, void %if.then211.i, i1 %head_ctx_ref_att_scores_started_0_0, void %if.then200.i, i1 %head_ctx_ref_att_scores_started_0_0, void %if.else219.i, i1 %head_ctx_ref_att_scores_started_0_0, void %if.else252.i, i1 %head_ctx_ref_att_scores_started_0_0, void %land.lhs.true277.i, i1 %head_ctx_ref_att_scores_started_0_0, void %if.else295.i, i1 %head_ctx_ref_att_scores_started_0_0, void %if.else327.i, i1 %head_ctx_ref_att_scores_started_0_0, void %land.lhs.true352.i, i1 %head_ctx_ref_att_scores_started_0_0, void %if.else370.i, i1 %head_ctx_ref_att_scores_started_0_0, void %land.lhs.true394.i, i1 %xor_ln324, void %if.else424.i, i1 %head_ctx_ref_att_scores_started_0_0, void %land.lhs.true449.i, i1 %head_ctx_ref_att_scores_started_0_0, void %land.lhs.true471.i, i1 %head_ctx_ref_att_scores_started_0_0, void %if.else501.i, i1 %head_ctx_ref_att_scores_started_0_0, void %land.lhs.true526.i, i1 %and_ln149_12, void %sw.bb.i" [/home/luka/Scripting/ELEC_498-Capstone-LiteLM/HLS-Verilog/Scheduler_FSM/src-hls/Head_Helpers/head_helpers.cpp:396]   --->   Operation 457 'phi' 'head_ctx_ref_att_scores_started_0_1' <Predicate = (!icmp_ln418)> <Delay = 0.00>
ST_1 : Operation 458 [1/1] (0.00ns)   --->   "%head_ctx_ref_val_scale_started_0_1 = phi i1 %head_ctx_ref_val_scale_started_0_0, void %if.else524.i, i1 %head_ctx_ref_val_scale_started_0_0, void %if.then515.i, i1 %head_ctx_ref_val_scale_started_0_0, void %if.then493.i, i1 %head_ctx_ref_val_scale_started_0_0, void %if.then482.i, i1 %head_ctx_ref_val_scale_started_0_0, void %if.else469.i, i1 %head_ctx_ref_val_scale_started_0_0, void %if.then460.i, i1 %head_ctx_ref_val_scale_started_0_0, void %if.else447.i, i1 1, void %if.then438.i, i1 %head_ctx_ref_val_scale_started_0_0, void %if.then416.i, i1 %head_ctx_ref_val_scale_started_0_0, void %if.then405.i, i1 %head_ctx_ref_val_scale_started_0_0, void %if.else392.i, i1 %head_ctx_ref_val_scale_started_0_0, void %if.then383.i, i1 %head_ctx_ref_val_scale_started_0_0, void %if.then363.i, i1 %head_ctx_ref_val_scale_started_0_0, void %if.else350.i, i1 %head_ctx_ref_val_scale_started_0_0, void %if.then341.i, i1 %head_ctx_ref_val_scale_started_0_0, void %if.then319.i, i1 %head_ctx_ref_val_scale_started_0_0, void %if.then308.i, i1 %head_ctx_ref_val_scale_started_0_0, void %if.then288.i, i1 %head_ctx_ref_val_scale_started_0_0, void %if.else275.i, i1 %head_ctx_ref_val_scale_started_0_0, void %if.then266.i, i1 %head_ctx_ref_val_scale_started_0_0, void %if.then244.i, i1 %head_ctx_ref_val_scale_started_0_0, void %if.then233.i, i1 %head_ctx_ref_val_scale_started_0_0, void %if.then211.i, i1 %head_ctx_ref_val_scale_started_0_0, void %if.then200.i, i1 %head_ctx_ref_val_scale_started_0_0, void %if.else219.i, i1 %head_ctx_ref_val_scale_started_0_0, void %if.else252.i, i1 %head_ctx_ref_val_scale_started_0_0, void %land.lhs.true277.i, i1 %head_ctx_ref_val_scale_started_0_0, void %if.else295.i, i1 %head_ctx_ref_val_scale_started_0_0, void %if.else327.i, i1 %head_ctx_ref_val_scale_started_0_0, void %land.lhs.true352.i, i1 %head_ctx_ref_val_scale_started_0_0, void %if.else370.i, i1 %head_ctx_ref_val_scale_started_0_0, void %land.lhs.true394.i, i1 %head_ctx_ref_val_scale_started_0_0, void %if.else424.i, i1 0, void %land.lhs.true449.i, i1 %head_ctx_ref_val_scale_started_0_0, void %land.lhs.true471.i, i1 %head_ctx_ref_val_scale_started_0_0, void %if.else501.i, i1 %head_ctx_ref_val_scale_started_0_0, void %land.lhs.true526.i, i1 %and_ln149_13, void %sw.bb.i" [/home/luka/Scripting/ELEC_498-Capstone-LiteLM/HLS-Verilog/Scheduler_FSM/src-hls/Head_Helpers/head_helpers.cpp:396]   --->   Operation 458 'phi' 'head_ctx_ref_val_scale_started_0_1' <Predicate = (!icmp_ln418)> <Delay = 0.00>
ST_1 : Operation 459 [1/1] (0.00ns)   --->   "%head_ctx_ref_softmax_started_0_1 = phi i1 %head_ctx_ref_softmax_started_0_0, void %if.else524.i, i1 %head_ctx_ref_softmax_started_0_0, void %if.then515.i, i1 %head_ctx_ref_softmax_started_0_0, void %if.then493.i, i1 %head_ctx_ref_softmax_started_0_0, void %if.then482.i, i1 %head_ctx_ref_softmax_started_0_0, void %if.else469.i, i1 1, void %if.then460.i, i1 %head_ctx_ref_softmax_started_0_0, void %if.else447.i, i1 %head_ctx_ref_softmax_started_0_0, void %if.then438.i, i1 %head_ctx_ref_softmax_started_0_0, void %if.then416.i, i1 %head_ctx_ref_softmax_started_0_0, void %if.then405.i, i1 %head_ctx_ref_softmax_started_0_0, void %if.else392.i, i1 %head_ctx_ref_softmax_started_0_0, void %if.then383.i, i1 %head_ctx_ref_softmax_started_0_0, void %if.then363.i, i1 %head_ctx_ref_softmax_started_0_0, void %if.else350.i, i1 %head_ctx_ref_softmax_started_0_0, void %if.then341.i, i1 %head_ctx_ref_softmax_started_0_0, void %if.then319.i, i1 %head_ctx_ref_softmax_started_0_0, void %if.then308.i, i1 %head_ctx_ref_softmax_started_0_0, void %if.then288.i, i1 %head_ctx_ref_softmax_started_0_0, void %if.else275.i, i1 %head_ctx_ref_softmax_started_0_0, void %if.then266.i, i1 %head_ctx_ref_softmax_started_0_0, void %if.then244.i, i1 %head_ctx_ref_softmax_started_0_0, void %if.then233.i, i1 %head_ctx_ref_softmax_started_0_0, void %if.then211.i, i1 %head_ctx_ref_softmax_started_0_0, void %if.then200.i, i1 %head_ctx_ref_softmax_started_0_0, void %if.else219.i, i1 %head_ctx_ref_softmax_started_0_0, void %if.else252.i, i1 %head_ctx_ref_softmax_started_0_0, void %land.lhs.true277.i, i1 %head_ctx_ref_softmax_started_0_0, void %if.else295.i, i1 %head_ctx_ref_softmax_started_0_0, void %if.else327.i, i1 %head_ctx_ref_softmax_started_0_0, void %land.lhs.true352.i, i1 %head_ctx_ref_softmax_started_0_0, void %if.else370.i, i1 %head_ctx_ref_softmax_started_0_0, void %land.lhs.true394.i, i1 %head_ctx_ref_softmax_started_0_0, void %if.else424.i, i1 %head_ctx_ref_softmax_started_0_0, void %land.lhs.true449.i, i1 0, void %land.lhs.true471.i, i1 %head_ctx_ref_softmax_started_0_0, void %if.else501.i, i1 %head_ctx_ref_softmax_started_0_0, void %land.lhs.true526.i, i1 %and_ln149_14, void %sw.bb.i" [/home/luka/Scripting/ELEC_498-Capstone-LiteLM/HLS-Verilog/Scheduler_FSM/src-hls/Head_Helpers/head_helpers.cpp:396]   --->   Operation 459 'phi' 'head_ctx_ref_softmax_started_0_1' <Predicate = (!icmp_ln418)> <Delay = 0.00>
ST_1 : Operation 460 [1/1] (0.00ns)   --->   "%head_ctx_ref_att_value_started_0_1 = phi i1 %head_ctx_ref_att_value_started_0_0, void %if.else524.i, i1 %head_ctx_ref_att_value_started_0_0, void %if.then515.i, i1 %head_ctx_ref_att_value_started_0_0, void %if.then493.i, i1 1, void %if.then482.i, i1 %head_ctx_ref_att_value_started_0_0, void %if.else469.i, i1 %head_ctx_ref_att_value_started_0_0, void %if.then460.i, i1 %head_ctx_ref_att_value_started_0_0, void %if.else447.i, i1 %head_ctx_ref_att_value_started_0_0, void %if.then438.i, i1 %head_ctx_ref_att_value_started_0_0, void %if.then416.i, i1 %head_ctx_ref_att_value_started_0_0, void %if.then405.i, i1 %head_ctx_ref_att_value_started_0_0, void %if.else392.i, i1 %head_ctx_ref_att_value_started_0_0, void %if.then383.i, i1 %head_ctx_ref_att_value_started_0_0, void %if.then363.i, i1 %head_ctx_ref_att_value_started_0_0, void %if.else350.i, i1 %head_ctx_ref_att_value_started_0_0, void %if.then341.i, i1 %head_ctx_ref_att_value_started_0_0, void %if.then319.i, i1 %head_ctx_ref_att_value_started_0_0, void %if.then308.i, i1 %head_ctx_ref_att_value_started_0_0, void %if.then288.i, i1 %head_ctx_ref_att_value_started_0_0, void %if.else275.i, i1 %head_ctx_ref_att_value_started_0_0, void %if.then266.i, i1 %head_ctx_ref_att_value_started_0_0, void %if.then244.i, i1 %head_ctx_ref_att_value_started_0_0, void %if.then233.i, i1 %head_ctx_ref_att_value_started_0_0, void %if.then211.i, i1 %head_ctx_ref_att_value_started_0_0, void %if.then200.i, i1 %head_ctx_ref_att_value_started_0_0, void %if.else219.i, i1 %head_ctx_ref_att_value_started_0_0, void %if.else252.i, i1 %head_ctx_ref_att_value_started_0_0, void %land.lhs.true277.i, i1 %head_ctx_ref_att_value_started_0_0, void %if.else295.i, i1 %head_ctx_ref_att_value_started_0_0, void %if.else327.i, i1 %head_ctx_ref_att_value_started_0_0, void %land.lhs.true352.i, i1 %head_ctx_ref_att_value_started_0_0, void %if.else370.i, i1 %head_ctx_ref_att_value_started_0_0, void %land.lhs.true394.i, i1 %head_ctx_ref_att_value_started_0_0, void %if.else424.i, i1 %head_ctx_ref_att_value_started_0_0, void %land.lhs.true449.i, i1 %head_ctx_ref_att_value_started_0_0, void %land.lhs.true471.i, i1 %xor_ln366, void %if.else501.i, i1 %head_ctx_ref_att_value_started_0_0, void %land.lhs.true526.i, i1 %and_ln149_15, void %sw.bb.i" [/home/luka/Scripting/ELEC_498-Capstone-LiteLM/HLS-Verilog/Scheduler_FSM/src-hls/Head_Helpers/head_helpers.cpp:396]   --->   Operation 460 'phi' 'head_ctx_ref_att_value_started_0_1' <Predicate = (!icmp_ln418)> <Delay = 0.00>
ST_1 : Operation 461 [1/1] (0.00ns)   --->   "%head_ctx_ref_head_requant_started_0_1 = phi i1 %head_ctx_ref_head_requant_started_0_0, void %if.else524.i, i1 1, void %if.then515.i, i1 %head_ctx_ref_head_requant_started_0_0, void %if.then493.i, i1 %head_ctx_ref_head_requant_started_0_0, void %if.then482.i, i1 %head_ctx_ref_head_requant_started_0_0, void %if.else469.i, i1 %head_ctx_ref_head_requant_started_0_0, void %if.then460.i, i1 %head_ctx_ref_head_requant_started_0_0, void %if.else447.i, i1 %head_ctx_ref_head_requant_started_0_0, void %if.then438.i, i1 %head_ctx_ref_head_requant_started_0_0, void %if.then416.i, i1 %head_ctx_ref_head_requant_started_0_0, void %if.then405.i, i1 %head_ctx_ref_head_requant_started_0_0, void %if.else392.i, i1 %head_ctx_ref_head_requant_started_0_0, void %if.then383.i, i1 %head_ctx_ref_head_requant_started_0_0, void %if.then363.i, i1 %head_ctx_ref_head_requant_started_0_0, void %if.else350.i, i1 %head_ctx_ref_head_requant_started_0_0, void %if.then341.i, i1 %head_ctx_ref_head_requant_started_0_0, void %if.then319.i, i1 %head_ctx_ref_head_requant_started_0_0, void %if.then308.i, i1 %head_ctx_ref_head_requant_started_0_0, void %if.then288.i, i1 %head_ctx_ref_head_requant_started_0_0, void %if.else275.i, i1 %head_ctx_ref_head_requant_started_0_0, void %if.then266.i, i1 %head_ctx_ref_head_requant_started_0_0, void %if.then244.i, i1 %head_ctx_ref_head_requant_started_0_0, void %if.then233.i, i1 %head_ctx_ref_head_requant_started_0_0, void %if.then211.i, i1 %head_ctx_ref_head_requant_started_0_0, void %if.then200.i, i1 %head_ctx_ref_head_requant_started_0_0, void %if.else219.i, i1 %head_ctx_ref_head_requant_started_0_0, void %if.else252.i, i1 %head_ctx_ref_head_requant_started_0_0, void %land.lhs.true277.i, i1 %head_ctx_ref_head_requant_started_0_0, void %if.else295.i, i1 %head_ctx_ref_head_requant_started_0_0, void %if.else327.i, i1 %head_ctx_ref_head_requant_started_0_0, void %land.lhs.true352.i, i1 %head_ctx_ref_head_requant_started_0_0, void %if.else370.i, i1 %head_ctx_ref_head_requant_started_0_0, void %land.lhs.true394.i, i1 %head_ctx_ref_head_requant_started_0_0, void %if.else424.i, i1 %head_ctx_ref_head_requant_started_0_0, void %land.lhs.true449.i, i1 %head_ctx_ref_head_requant_started_0_0, void %land.lhs.true471.i, i1 %head_ctx_ref_head_requant_started_0_0, void %if.else501.i, i1 0, void %land.lhs.true526.i, i1 %and_ln149_16, void %sw.bb.i" [/home/luka/Scripting/ELEC_498-Capstone-LiteLM/HLS-Verilog/Scheduler_FSM/src-hls/Head_Helpers/head_helpers.cpp:396]   --->   Operation 461 'phi' 'head_ctx_ref_head_requant_started_0_1' <Predicate = (!icmp_ln418)> <Delay = 0.00>
ST_1 : Operation 462 [1/1] (0.00ns)   --->   "%head_ctx_ref_q_compute_done_0_3 = phi i1 %head_ctx_ref_q_compute_done_0_2, void %if.else524.i, i1 %head_ctx_ref_q_compute_done_0_2, void %if.then515.i, i1 %head_ctx_ref_q_compute_done_0_2, void %if.then493.i, i1 %head_ctx_ref_q_compute_done_0_2, void %if.then482.i, i1 %head_ctx_ref_q_compute_done_0_2, void %if.else469.i, i1 %head_ctx_ref_q_compute_done_0_2, void %if.then460.i, i1 %head_ctx_ref_q_compute_done_0_2, void %if.else447.i, i1 %head_ctx_ref_q_compute_done_0_2, void %if.then438.i, i1 %head_ctx_ref_q_compute_done_0_2, void %if.then416.i, i1 %head_ctx_ref_q_compute_done_0_2, void %if.then405.i, i1 %head_ctx_ref_q_compute_done_0_2, void %if.else392.i, i1 %head_ctx_ref_q_compute_done_0_2, void %if.then383.i, i1 %head_ctx_ref_q_compute_done_0_2, void %if.then363.i, i1 %head_ctx_ref_q_compute_done_0_2, void %if.else350.i, i1 %head_ctx_ref_q_compute_done_0_2, void %if.then341.i, i1 %head_ctx_ref_q_compute_done_0_2, void %if.then319.i, i1 %head_ctx_ref_q_compute_done_0_2, void %if.then308.i, i1 %head_ctx_ref_q_compute_done_0_2, void %if.then288.i, i1 %head_ctx_ref_q_compute_done_0_2, void %if.else275.i, i1 %head_ctx_ref_q_compute_done_0_2, void %if.then266.i, i1 %head_ctx_ref_q_compute_done_0_2, void %if.then244.i, i1 %head_ctx_ref_q_compute_done_0_2, void %if.then233.i, i1 %head_ctx_ref_q_compute_done_0_2, void %if.then211.i, i1 %head_ctx_ref_q_compute_done_0_2, void %if.then200.i, i1 %head_ctx_ref_q_compute_done_0_2, void %if.else219.i, i1 %head_ctx_ref_q_compute_done_0_2, void %if.else252.i, i1 %head_ctx_ref_q_compute_done_0_2, void %land.lhs.true277.i, i1 %head_ctx_ref_q_compute_done_0_2, void %if.else295.i, i1 %head_ctx_ref_q_compute_done_0_2, void %if.else327.i, i1 %head_ctx_ref_q_compute_done_0_2, void %land.lhs.true352.i, i1 %head_ctx_ref_q_compute_done_0_2, void %if.else370.i, i1 %head_ctx_ref_q_compute_done_0_2, void %land.lhs.true394.i, i1 %head_ctx_ref_q_compute_done_0_2, void %if.else424.i, i1 %head_ctx_ref_q_compute_done_0_2, void %land.lhs.true449.i, i1 %head_ctx_ref_q_compute_done_0_2, void %land.lhs.true471.i, i1 %head_ctx_ref_q_compute_done_0_2, void %if.else501.i, i1 %head_ctx_ref_q_compute_done_0_2, void %land.lhs.true526.i, i1 %and_ln149_17, void %sw.bb.i" [/home/luka/Scripting/ELEC_498-Capstone-LiteLM/HLS-Verilog/Scheduler_FSM/src-hls/Head_Helpers/head_helpers.cpp:396]   --->   Operation 462 'phi' 'head_ctx_ref_q_compute_done_0_3' <Predicate = (!icmp_ln418)> <Delay = 0.00>
ST_1 : Operation 463 [1/1] (0.00ns)   --->   "%head_ctx_ref_k_compute_done_0_3 = phi i1 %head_ctx_ref_k_compute_done_0_2, void %if.else524.i, i1 %head_ctx_ref_k_compute_done_0_2, void %if.then515.i, i1 %head_ctx_ref_k_compute_done_0_2, void %if.then493.i, i1 %head_ctx_ref_k_compute_done_0_2, void %if.then482.i, i1 %head_ctx_ref_k_compute_done_0_2, void %if.else469.i, i1 %head_ctx_ref_k_compute_done_0_2, void %if.then460.i, i1 %head_ctx_ref_k_compute_done_0_2, void %if.else447.i, i1 %head_ctx_ref_k_compute_done_0_2, void %if.then438.i, i1 %head_ctx_ref_k_compute_done_0_2, void %if.then416.i, i1 %head_ctx_ref_k_compute_done_0_2, void %if.then405.i, i1 %head_ctx_ref_k_compute_done_0_2, void %if.else392.i, i1 %head_ctx_ref_k_compute_done_0_2, void %if.then383.i, i1 %head_ctx_ref_k_compute_done_0_2, void %if.then363.i, i1 %head_ctx_ref_k_compute_done_0_2, void %if.else350.i, i1 %head_ctx_ref_k_compute_done_0_2, void %if.then341.i, i1 %head_ctx_ref_k_compute_done_0_2, void %if.then319.i, i1 %head_ctx_ref_k_compute_done_0_2, void %if.then308.i, i1 %head_ctx_ref_k_compute_done_0_2, void %if.then288.i, i1 %head_ctx_ref_k_compute_done_0_2, void %if.else275.i, i1 %head_ctx_ref_k_compute_done_0_2, void %if.then266.i, i1 %head_ctx_ref_k_compute_done_0_2, void %if.then244.i, i1 %head_ctx_ref_k_compute_done_0_2, void %if.then233.i, i1 %head_ctx_ref_k_compute_done_0_2, void %if.then211.i, i1 %head_ctx_ref_k_compute_done_0_2, void %if.then200.i, i1 %head_ctx_ref_k_compute_done_0_2, void %if.else219.i, i1 %head_ctx_ref_k_compute_done_0_2, void %if.else252.i, i1 %head_ctx_ref_k_compute_done_0_2, void %land.lhs.true277.i, i1 %head_ctx_ref_k_compute_done_0_2, void %if.else295.i, i1 %head_ctx_ref_k_compute_done_0_2, void %if.else327.i, i1 %head_ctx_ref_k_compute_done_0_2, void %land.lhs.true352.i, i1 %head_ctx_ref_k_compute_done_0_2, void %if.else370.i, i1 %head_ctx_ref_k_compute_done_0_2, void %land.lhs.true394.i, i1 %head_ctx_ref_k_compute_done_0_2, void %if.else424.i, i1 %head_ctx_ref_k_compute_done_0_2, void %land.lhs.true449.i, i1 %head_ctx_ref_k_compute_done_0_2, void %land.lhs.true471.i, i1 %head_ctx_ref_k_compute_done_0_2, void %if.else501.i, i1 %head_ctx_ref_k_compute_done_0_2, void %land.lhs.true526.i, i1 %and_ln149_18, void %sw.bb.i" [/home/luka/Scripting/ELEC_498-Capstone-LiteLM/HLS-Verilog/Scheduler_FSM/src-hls/Head_Helpers/head_helpers.cpp:396]   --->   Operation 463 'phi' 'head_ctx_ref_k_compute_done_0_3' <Predicate = (!icmp_ln418)> <Delay = 0.00>
ST_1 : Operation 464 [1/1] (0.00ns)   --->   "%head_ctx_ref_k_requant_compute_done_0_3 = phi i1 %head_ctx_ref_k_requant_compute_done_0_2, void %if.else524.i, i1 %head_ctx_ref_k_requant_compute_done_0_2, void %if.then515.i, i1 %head_ctx_ref_k_requant_compute_done_0_2, void %if.then493.i, i1 %head_ctx_ref_k_requant_compute_done_0_2, void %if.then482.i, i1 %head_ctx_ref_k_requant_compute_done_0_2, void %if.else469.i, i1 %head_ctx_ref_k_requant_compute_done_0_2, void %if.then460.i, i1 %head_ctx_ref_k_requant_compute_done_0_2, void %if.else447.i, i1 %head_ctx_ref_k_requant_compute_done_0_2, void %if.then438.i, i1 %head_ctx_ref_k_requant_compute_done_0_2, void %if.then416.i, i1 %head_ctx_ref_k_requant_compute_done_0_2, void %if.then405.i, i1 %head_ctx_ref_k_requant_compute_done_0_2, void %if.else392.i, i1 %head_ctx_ref_k_requant_compute_done_0_2, void %if.then383.i, i1 %head_ctx_ref_k_requant_compute_done_0_2, void %if.then363.i, i1 %head_ctx_ref_k_requant_compute_done_0_2, void %if.else350.i, i1 %head_ctx_ref_k_requant_compute_done_0_2, void %if.then341.i, i1 %head_ctx_ref_k_requant_compute_done_0_2, void %if.then319.i, i1 %head_ctx_ref_k_requant_compute_done_0_2, void %if.then308.i, i1 %head_ctx_ref_k_requant_compute_done_0_2, void %if.then288.i, i1 %head_ctx_ref_k_requant_compute_done_0_2, void %if.else275.i, i1 %head_ctx_ref_k_requant_compute_done_0_2, void %if.then266.i, i1 %head_ctx_ref_k_requant_compute_done_0_2, void %if.then244.i, i1 %head_ctx_ref_k_requant_compute_done_0_2, void %if.then233.i, i1 %head_ctx_ref_k_requant_compute_done_0_2, void %if.then211.i, i1 %head_ctx_ref_k_requant_compute_done_0_2, void %if.then200.i, i1 %head_ctx_ref_k_requant_compute_done_0_2, void %if.else219.i, i1 %head_ctx_ref_k_requant_compute_done_0_2, void %if.else252.i, i1 1, void %land.lhs.true277.i, i1 %head_ctx_ref_k_requant_compute_done_0_2, void %if.else295.i, i1 %head_ctx_ref_k_requant_compute_done_0_2, void %if.else327.i, i1 %head_ctx_ref_k_requant_compute_done_0_2, void %land.lhs.true352.i, i1 %head_ctx_ref_k_requant_compute_done_0_2, void %if.else370.i, i1 %head_ctx_ref_k_requant_compute_done_0_2, void %land.lhs.true394.i, i1 %head_ctx_ref_k_requant_compute_done_0_2, void %if.else424.i, i1 %head_ctx_ref_k_requant_compute_done_0_2, void %land.lhs.true449.i, i1 %head_ctx_ref_k_requant_compute_done_0_2, void %land.lhs.true471.i, i1 %head_ctx_ref_k_requant_compute_done_0_2, void %if.else501.i, i1 %head_ctx_ref_k_requant_compute_done_0_2, void %land.lhs.true526.i, i1 %and_ln149_19, void %sw.bb.i" [/home/luka/Scripting/ELEC_498-Capstone-LiteLM/HLS-Verilog/Scheduler_FSM/src-hls/Head_Helpers/head_helpers.cpp:396]   --->   Operation 464 'phi' 'head_ctx_ref_k_requant_compute_done_0_3' <Predicate = (!icmp_ln418)> <Delay = 0.00>
ST_1 : Operation 465 [1/1] (0.00ns)   --->   "%head_ctx_ref_v_compute_done_0_3 = phi i1 %head_ctx_ref_v_compute_done_0_2, void %if.else524.i, i1 %head_ctx_ref_v_compute_done_0_2, void %if.then515.i, i1 %head_ctx_ref_v_compute_done_0_2, void %if.then493.i, i1 %head_ctx_ref_v_compute_done_0_2, void %if.then482.i, i1 %head_ctx_ref_v_compute_done_0_2, void %if.else469.i, i1 %head_ctx_ref_v_compute_done_0_2, void %if.then460.i, i1 %head_ctx_ref_v_compute_done_0_2, void %if.else447.i, i1 %head_ctx_ref_v_compute_done_0_2, void %if.then438.i, i1 %head_ctx_ref_v_compute_done_0_2, void %if.then416.i, i1 %head_ctx_ref_v_compute_done_0_2, void %if.then405.i, i1 %head_ctx_ref_v_compute_done_0_2, void %if.else392.i, i1 %head_ctx_ref_v_compute_done_0_2, void %if.then383.i, i1 %head_ctx_ref_v_compute_done_0_2, void %if.then363.i, i1 %head_ctx_ref_v_compute_done_0_2, void %if.else350.i, i1 %head_ctx_ref_v_compute_done_0_2, void %if.then341.i, i1 %head_ctx_ref_v_compute_done_0_2, void %if.then319.i, i1 %head_ctx_ref_v_compute_done_0_2, void %if.then308.i, i1 %head_ctx_ref_v_compute_done_0_2, void %if.then288.i, i1 %head_ctx_ref_v_compute_done_0_2, void %if.else275.i, i1 %head_ctx_ref_v_compute_done_0_2, void %if.then266.i, i1 %head_ctx_ref_v_compute_done_0_2, void %if.then244.i, i1 %head_ctx_ref_v_compute_done_0_2, void %if.then233.i, i1 %head_ctx_ref_v_compute_done_0_2, void %if.then211.i, i1 %head_ctx_ref_v_compute_done_0_2, void %if.then200.i, i1 %head_ctx_ref_v_compute_done_0_2, void %if.else219.i, i1 %head_ctx_ref_v_compute_done_0_2, void %if.else252.i, i1 %head_ctx_ref_v_compute_done_0_2, void %land.lhs.true277.i, i1 %head_ctx_ref_v_compute_done_0_2, void %if.else295.i, i1 %head_ctx_ref_v_compute_done_0_2, void %if.else327.i, i1 %head_ctx_ref_v_compute_done_0_2, void %land.lhs.true352.i, i1 %head_ctx_ref_v_compute_done_0_2, void %if.else370.i, i1 %head_ctx_ref_v_compute_done_0_2, void %land.lhs.true394.i, i1 %head_ctx_ref_v_compute_done_0_2, void %if.else424.i, i1 %head_ctx_ref_v_compute_done_0_2, void %land.lhs.true449.i, i1 %head_ctx_ref_v_compute_done_0_2, void %land.lhs.true471.i, i1 %head_ctx_ref_v_compute_done_0_2, void %if.else501.i, i1 %head_ctx_ref_v_compute_done_0_2, void %land.lhs.true526.i, i1 %and_ln149_20, void %sw.bb.i" [/home/luka/Scripting/ELEC_498-Capstone-LiteLM/HLS-Verilog/Scheduler_FSM/src-hls/Head_Helpers/head_helpers.cpp:396]   --->   Operation 465 'phi' 'head_ctx_ref_v_compute_done_0_3' <Predicate = (!icmp_ln418)> <Delay = 0.00>
ST_1 : Operation 466 [1/1] (0.00ns)   --->   "%head_ctx_ref_v_requant_compute_done_0_3 = phi i1 %head_ctx_ref_v_requant_compute_done_0_2, void %if.else524.i, i1 %head_ctx_ref_v_requant_compute_done_0_2, void %if.then515.i, i1 %head_ctx_ref_v_requant_compute_done_0_2, void %if.then493.i, i1 %head_ctx_ref_v_requant_compute_done_0_2, void %if.then482.i, i1 %head_ctx_ref_v_requant_compute_done_0_2, void %if.else469.i, i1 %head_ctx_ref_v_requant_compute_done_0_2, void %if.then460.i, i1 %head_ctx_ref_v_requant_compute_done_0_2, void %if.else447.i, i1 %head_ctx_ref_v_requant_compute_done_0_2, void %if.then438.i, i1 %head_ctx_ref_v_requant_compute_done_0_2, void %if.then416.i, i1 %head_ctx_ref_v_requant_compute_done_0_2, void %if.then405.i, i1 %head_ctx_ref_v_requant_compute_done_0_2, void %if.else392.i, i1 %head_ctx_ref_v_requant_compute_done_0_2, void %if.then383.i, i1 %head_ctx_ref_v_requant_compute_done_0_2, void %if.then363.i, i1 %head_ctx_ref_v_requant_compute_done_0_2, void %if.else350.i, i1 %head_ctx_ref_v_requant_compute_done_0_2, void %if.then341.i, i1 %head_ctx_ref_v_requant_compute_done_0_2, void %if.then319.i, i1 %head_ctx_ref_v_requant_compute_done_0_2, void %if.then308.i, i1 %head_ctx_ref_v_requant_compute_done_0_2, void %if.then288.i, i1 %head_ctx_ref_v_requant_compute_done_0_2, void %if.else275.i, i1 %head_ctx_ref_v_requant_compute_done_0_2, void %if.then266.i, i1 %head_ctx_ref_v_requant_compute_done_0_2, void %if.then244.i, i1 %head_ctx_ref_v_requant_compute_done_0_2, void %if.then233.i, i1 %head_ctx_ref_v_requant_compute_done_0_2, void %if.then211.i, i1 %head_ctx_ref_v_requant_compute_done_0_2, void %if.then200.i, i1 %head_ctx_ref_v_requant_compute_done_0_2, void %if.else219.i, i1 %head_ctx_ref_v_requant_compute_done_0_2, void %if.else252.i, i1 %head_ctx_ref_v_requant_compute_done_0_2, void %land.lhs.true277.i, i1 %head_ctx_ref_v_requant_compute_done_0_2, void %if.else295.i, i1 %head_ctx_ref_v_requant_compute_done_0_2, void %if.else327.i, i1 1, void %land.lhs.true352.i, i1 %head_ctx_ref_v_requant_compute_done_0_2, void %if.else370.i, i1 %head_ctx_ref_v_requant_compute_done_0_2, void %land.lhs.true394.i, i1 %head_ctx_ref_v_requant_compute_done_0_2, void %if.else424.i, i1 %head_ctx_ref_v_requant_compute_done_0_2, void %land.lhs.true449.i, i1 %head_ctx_ref_v_requant_compute_done_0_2, void %land.lhs.true471.i, i1 %head_ctx_ref_v_requant_compute_done_0_2, void %if.else501.i, i1 %head_ctx_ref_v_requant_compute_done_0_2, void %land.lhs.true526.i, i1 %and_ln149_21, void %sw.bb.i" [/home/luka/Scripting/ELEC_498-Capstone-LiteLM/HLS-Verilog/Scheduler_FSM/src-hls/Head_Helpers/head_helpers.cpp:396]   --->   Operation 466 'phi' 'head_ctx_ref_v_requant_compute_done_0_3' <Predicate = (!icmp_ln418)> <Delay = 0.00>
ST_1 : Operation 467 [1/1] (0.00ns)   --->   "%head_ctx_ref_requant_q_compute_done_0_3 = phi i1 %head_ctx_ref_requant_q_compute_done_0_2, void %if.else524.i, i1 %head_ctx_ref_requant_q_compute_done_0_2, void %if.then515.i, i1 %head_ctx_ref_requant_q_compute_done_0_2, void %if.then493.i, i1 %head_ctx_ref_requant_q_compute_done_0_2, void %if.then482.i, i1 %head_ctx_ref_requant_q_compute_done_0_2, void %if.else469.i, i1 %head_ctx_ref_requant_q_compute_done_0_2, void %if.then460.i, i1 %head_ctx_ref_requant_q_compute_done_0_2, void %if.else447.i, i1 %head_ctx_ref_requant_q_compute_done_0_2, void %if.then438.i, i1 %head_ctx_ref_requant_q_compute_done_0_2, void %if.then416.i, i1 %head_ctx_ref_requant_q_compute_done_0_2, void %if.then405.i, i1 %head_ctx_ref_requant_q_compute_done_0_2, void %if.else392.i, i1 %head_ctx_ref_requant_q_compute_done_0_2, void %if.then383.i, i1 %head_ctx_ref_requant_q_compute_done_0_2, void %if.then363.i, i1 %head_ctx_ref_requant_q_compute_done_0_2, void %if.else350.i, i1 %head_ctx_ref_requant_q_compute_done_0_2, void %if.then341.i, i1 %head_ctx_ref_requant_q_compute_done_0_2, void %if.then319.i, i1 %head_ctx_ref_requant_q_compute_done_0_2, void %if.then308.i, i1 %head_ctx_ref_requant_q_compute_done_0_2, void %if.then288.i, i1 %head_ctx_ref_requant_q_compute_done_0_2, void %if.else275.i, i1 %head_ctx_ref_requant_q_compute_done_0_2, void %if.then266.i, i1 %head_ctx_ref_requant_q_compute_done_0_2, void %if.then244.i, i1 %head_ctx_ref_requant_q_compute_done_0_2, void %if.then233.i, i1 %head_ctx_ref_requant_q_compute_done_0_2, void %if.then211.i, i1 %head_ctx_ref_requant_q_compute_done_0_2, void %if.then200.i, i1 %head_ctx_ref_requant_q_compute_done_0_2, void %if.else219.i, i1 %head_ctx_ref_requant_q_compute_done_0_2, void %if.else252.i, i1 %head_ctx_ref_requant_q_compute_done_0_2, void %land.lhs.true277.i, i1 %head_ctx_ref_requant_q_compute_done_0_2, void %if.else295.i, i1 %head_ctx_ref_requant_q_compute_done_0_2, void %if.else327.i, i1 %head_ctx_ref_requant_q_compute_done_0_2, void %land.lhs.true352.i, i1 %head_ctx_ref_requant_q_compute_done_0_2, void %if.else370.i, i1 1, void %land.lhs.true394.i, i1 %head_ctx_ref_requant_q_compute_done_0_2, void %if.else424.i, i1 %head_ctx_ref_requant_q_compute_done_0_2, void %land.lhs.true449.i, i1 %head_ctx_ref_requant_q_compute_done_0_2, void %land.lhs.true471.i, i1 %head_ctx_ref_requant_q_compute_done_0_2, void %if.else501.i, i1 %head_ctx_ref_requant_q_compute_done_0_2, void %land.lhs.true526.i, i1 %and_ln149_22, void %sw.bb.i" [/home/luka/Scripting/ELEC_498-Capstone-LiteLM/HLS-Verilog/Scheduler_FSM/src-hls/Head_Helpers/head_helpers.cpp:396]   --->   Operation 467 'phi' 'head_ctx_ref_requant_q_compute_done_0_3' <Predicate = (!icmp_ln418)> <Delay = 0.00>
ST_1 : Operation 468 [1/1] (0.00ns)   --->   "%head_ctx_ref_att_scores_compute_done_0_3 = phi i1 %head_ctx_ref_att_scores_compute_done_0_2, void %if.else524.i, i1 %head_ctx_ref_att_scores_compute_done_0_2, void %if.then515.i, i1 %head_ctx_ref_att_scores_compute_done_0_2, void %if.then493.i, i1 %head_ctx_ref_att_scores_compute_done_0_2, void %if.then482.i, i1 %head_ctx_ref_att_scores_compute_done_0_2, void %if.else469.i, i1 %head_ctx_ref_att_scores_compute_done_0_2, void %if.then460.i, i1 %head_ctx_ref_att_scores_compute_done_0_2, void %if.else447.i, i1 %head_ctx_ref_att_scores_compute_done_0_2, void %if.then438.i, i1 %head_ctx_ref_att_scores_compute_done_0_2, void %if.then416.i, i1 %head_ctx_ref_att_scores_compute_done_0_2, void %if.then405.i, i1 %head_ctx_ref_att_scores_compute_done_0_2, void %if.else392.i, i1 %head_ctx_ref_att_scores_compute_done_0_2, void %if.then383.i, i1 %head_ctx_ref_att_scores_compute_done_0_2, void %if.then363.i, i1 %head_ctx_ref_att_scores_compute_done_0_2, void %if.else350.i, i1 %head_ctx_ref_att_scores_compute_done_0_2, void %if.then341.i, i1 %head_ctx_ref_att_scores_compute_done_0_2, void %if.then319.i, i1 %head_ctx_ref_att_scores_compute_done_0_2, void %if.then308.i, i1 %head_ctx_ref_att_scores_compute_done_0_2, void %if.then288.i, i1 %head_ctx_ref_att_scores_compute_done_0_2, void %if.else275.i, i1 %head_ctx_ref_att_scores_compute_done_0_2, void %if.then266.i, i1 %head_ctx_ref_att_scores_compute_done_0_2, void %if.then244.i, i1 %head_ctx_ref_att_scores_compute_done_0_2, void %if.then233.i, i1 %head_ctx_ref_att_scores_compute_done_0_2, void %if.then211.i, i1 %head_ctx_ref_att_scores_compute_done_0_2, void %if.then200.i, i1 %head_ctx_ref_att_scores_compute_done_0_2, void %if.else219.i, i1 %head_ctx_ref_att_scores_compute_done_0_2, void %if.else252.i, i1 %head_ctx_ref_att_scores_compute_done_0_2, void %land.lhs.true277.i, i1 %head_ctx_ref_att_scores_compute_done_0_2, void %if.else295.i, i1 %head_ctx_ref_att_scores_compute_done_0_2, void %if.else327.i, i1 %head_ctx_ref_att_scores_compute_done_0_2, void %land.lhs.true352.i, i1 %head_ctx_ref_att_scores_compute_done_0_2, void %if.else370.i, i1 %head_ctx_ref_att_scores_compute_done_0_2, void %land.lhs.true394.i, i1 %head_ctx_ref_att_scores_compute_done_0_2, void %if.else424.i, i1 %head_ctx_ref_att_scores_compute_done_0_2, void %land.lhs.true449.i, i1 %head_ctx_ref_att_scores_compute_done_0_2, void %land.lhs.true471.i, i1 %head_ctx_ref_att_scores_compute_done_0_2, void %if.else501.i, i1 %head_ctx_ref_att_scores_compute_done_0_2, void %land.lhs.true526.i, i1 %and_ln149_23, void %sw.bb.i" [/home/luka/Scripting/ELEC_498-Capstone-LiteLM/HLS-Verilog/Scheduler_FSM/src-hls/Head_Helpers/head_helpers.cpp:396]   --->   Operation 468 'phi' 'head_ctx_ref_att_scores_compute_done_0_3' <Predicate = (!icmp_ln418)> <Delay = 0.00>
ST_1 : Operation 469 [1/1] (0.00ns)   --->   "%head_ctx_ref_val_scale_compute_done_0_3 = phi i1 %head_ctx_ref_val_scale_compute_done_0_2, void %if.else524.i, i1 %head_ctx_ref_val_scale_compute_done_0_2, void %if.then515.i, i1 %head_ctx_ref_val_scale_compute_done_0_2, void %if.then493.i, i1 %head_ctx_ref_val_scale_compute_done_0_2, void %if.then482.i, i1 %head_ctx_ref_val_scale_compute_done_0_2, void %if.else469.i, i1 %head_ctx_ref_val_scale_compute_done_0_2, void %if.then460.i, i1 %head_ctx_ref_val_scale_compute_done_0_2, void %if.else447.i, i1 %head_ctx_ref_val_scale_compute_done_0_2, void %if.then438.i, i1 %head_ctx_ref_val_scale_compute_done_0_2, void %if.then416.i, i1 %head_ctx_ref_val_scale_compute_done_0_2, void %if.then405.i, i1 %head_ctx_ref_val_scale_compute_done_0_2, void %if.else392.i, i1 %head_ctx_ref_val_scale_compute_done_0_2, void %if.then383.i, i1 %head_ctx_ref_val_scale_compute_done_0_2, void %if.then363.i, i1 %head_ctx_ref_val_scale_compute_done_0_2, void %if.else350.i, i1 %head_ctx_ref_val_scale_compute_done_0_2, void %if.then341.i, i1 %head_ctx_ref_val_scale_compute_done_0_2, void %if.then319.i, i1 %head_ctx_ref_val_scale_compute_done_0_2, void %if.then308.i, i1 %head_ctx_ref_val_scale_compute_done_0_2, void %if.then288.i, i1 %head_ctx_ref_val_scale_compute_done_0_2, void %if.else275.i, i1 %head_ctx_ref_val_scale_compute_done_0_2, void %if.then266.i, i1 %head_ctx_ref_val_scale_compute_done_0_2, void %if.then244.i, i1 %head_ctx_ref_val_scale_compute_done_0_2, void %if.then233.i, i1 %head_ctx_ref_val_scale_compute_done_0_2, void %if.then211.i, i1 %head_ctx_ref_val_scale_compute_done_0_2, void %if.then200.i, i1 %head_ctx_ref_val_scale_compute_done_0_2, void %if.else219.i, i1 %head_ctx_ref_val_scale_compute_done_0_2, void %if.else252.i, i1 %head_ctx_ref_val_scale_compute_done_0_2, void %land.lhs.true277.i, i1 %head_ctx_ref_val_scale_compute_done_0_2, void %if.else295.i, i1 %head_ctx_ref_val_scale_compute_done_0_2, void %if.else327.i, i1 %head_ctx_ref_val_scale_compute_done_0_2, void %land.lhs.true352.i, i1 %head_ctx_ref_val_scale_compute_done_0_2, void %if.else370.i, i1 %head_ctx_ref_val_scale_compute_done_0_2, void %land.lhs.true394.i, i1 %head_ctx_ref_val_scale_compute_done_0_2, void %if.else424.i, i1 1, void %land.lhs.true449.i, i1 %head_ctx_ref_val_scale_compute_done_0_2, void %land.lhs.true471.i, i1 %head_ctx_ref_val_scale_compute_done_0_2, void %if.else501.i, i1 %head_ctx_ref_val_scale_compute_done_0_2, void %land.lhs.true526.i, i1 %and_ln149_24, void %sw.bb.i" [/home/luka/Scripting/ELEC_498-Capstone-LiteLM/HLS-Verilog/Scheduler_FSM/src-hls/Head_Helpers/head_helpers.cpp:396]   --->   Operation 469 'phi' 'head_ctx_ref_val_scale_compute_done_0_3' <Predicate = (!icmp_ln418)> <Delay = 0.00>
ST_1 : Operation 470 [1/1] (0.00ns)   --->   "%head_ctx_ref_softmax_compute_done_0_3 = phi i1 %head_ctx_ref_softmax_compute_done_0_2, void %if.else524.i, i1 %head_ctx_ref_softmax_compute_done_0_2, void %if.then515.i, i1 %head_ctx_ref_softmax_compute_done_0_2, void %if.then493.i, i1 %head_ctx_ref_softmax_compute_done_0_2, void %if.then482.i, i1 %head_ctx_ref_softmax_compute_done_0_2, void %if.else469.i, i1 %head_ctx_ref_softmax_compute_done_0_2, void %if.then460.i, i1 %head_ctx_ref_softmax_compute_done_0_2, void %if.else447.i, i1 %head_ctx_ref_softmax_compute_done_0_2, void %if.then438.i, i1 %head_ctx_ref_softmax_compute_done_0_2, void %if.then416.i, i1 %head_ctx_ref_softmax_compute_done_0_2, void %if.then405.i, i1 %head_ctx_ref_softmax_compute_done_0_2, void %if.else392.i, i1 %head_ctx_ref_softmax_compute_done_0_2, void %if.then383.i, i1 %head_ctx_ref_softmax_compute_done_0_2, void %if.then363.i, i1 %head_ctx_ref_softmax_compute_done_0_2, void %if.else350.i, i1 %head_ctx_ref_softmax_compute_done_0_2, void %if.then341.i, i1 %head_ctx_ref_softmax_compute_done_0_2, void %if.then319.i, i1 %head_ctx_ref_softmax_compute_done_0_2, void %if.then308.i, i1 %head_ctx_ref_softmax_compute_done_0_2, void %if.then288.i, i1 %head_ctx_ref_softmax_compute_done_0_2, void %if.else275.i, i1 %head_ctx_ref_softmax_compute_done_0_2, void %if.then266.i, i1 %head_ctx_ref_softmax_compute_done_0_2, void %if.then244.i, i1 %head_ctx_ref_softmax_compute_done_0_2, void %if.then233.i, i1 %head_ctx_ref_softmax_compute_done_0_2, void %if.then211.i, i1 %head_ctx_ref_softmax_compute_done_0_2, void %if.then200.i, i1 %head_ctx_ref_softmax_compute_done_0_2, void %if.else219.i, i1 %head_ctx_ref_softmax_compute_done_0_2, void %if.else252.i, i1 %head_ctx_ref_softmax_compute_done_0_2, void %land.lhs.true277.i, i1 %head_ctx_ref_softmax_compute_done_0_2, void %if.else295.i, i1 %head_ctx_ref_softmax_compute_done_0_2, void %if.else327.i, i1 %head_ctx_ref_softmax_compute_done_0_2, void %land.lhs.true352.i, i1 %head_ctx_ref_softmax_compute_done_0_2, void %if.else370.i, i1 %head_ctx_ref_softmax_compute_done_0_2, void %land.lhs.true394.i, i1 %head_ctx_ref_softmax_compute_done_0_2, void %if.else424.i, i1 %head_ctx_ref_softmax_compute_done_0_2, void %land.lhs.true449.i, i1 1, void %land.lhs.true471.i, i1 %head_ctx_ref_softmax_compute_done_0_2, void %if.else501.i, i1 %head_ctx_ref_softmax_compute_done_0_2, void %land.lhs.true526.i, i1 %and_ln149_25, void %sw.bb.i" [/home/luka/Scripting/ELEC_498-Capstone-LiteLM/HLS-Verilog/Scheduler_FSM/src-hls/Head_Helpers/head_helpers.cpp:396]   --->   Operation 470 'phi' 'head_ctx_ref_softmax_compute_done_0_3' <Predicate = (!icmp_ln418)> <Delay = 0.00>
ST_1 : Operation 471 [1/1] (0.00ns)   --->   "%head_ctx_ref_att_value_compute_done_0_3 = phi i1 %head_ctx_ref_att_value_compute_done_0_2, void %if.else524.i, i1 %head_ctx_ref_att_value_compute_done_0_2, void %if.then515.i, i1 %head_ctx_ref_att_value_compute_done_0_2, void %if.then493.i, i1 %head_ctx_ref_att_value_compute_done_0_2, void %if.then482.i, i1 %head_ctx_ref_att_value_compute_done_0_2, void %if.else469.i, i1 %head_ctx_ref_att_value_compute_done_0_2, void %if.then460.i, i1 %head_ctx_ref_att_value_compute_done_0_2, void %if.else447.i, i1 %head_ctx_ref_att_value_compute_done_0_2, void %if.then438.i, i1 %head_ctx_ref_att_value_compute_done_0_2, void %if.then416.i, i1 %head_ctx_ref_att_value_compute_done_0_2, void %if.then405.i, i1 %head_ctx_ref_att_value_compute_done_0_2, void %if.else392.i, i1 %head_ctx_ref_att_value_compute_done_0_2, void %if.then383.i, i1 %head_ctx_ref_att_value_compute_done_0_2, void %if.then363.i, i1 %head_ctx_ref_att_value_compute_done_0_2, void %if.else350.i, i1 %head_ctx_ref_att_value_compute_done_0_2, void %if.then341.i, i1 %head_ctx_ref_att_value_compute_done_0_2, void %if.then319.i, i1 %head_ctx_ref_att_value_compute_done_0_2, void %if.then308.i, i1 %head_ctx_ref_att_value_compute_done_0_2, void %if.then288.i, i1 %head_ctx_ref_att_value_compute_done_0_2, void %if.else275.i, i1 %head_ctx_ref_att_value_compute_done_0_2, void %if.then266.i, i1 %head_ctx_ref_att_value_compute_done_0_2, void %if.then244.i, i1 %head_ctx_ref_att_value_compute_done_0_2, void %if.then233.i, i1 %head_ctx_ref_att_value_compute_done_0_2, void %if.then211.i, i1 %head_ctx_ref_att_value_compute_done_0_2, void %if.then200.i, i1 %head_ctx_ref_att_value_compute_done_0_2, void %if.else219.i, i1 %head_ctx_ref_att_value_compute_done_0_2, void %if.else252.i, i1 %head_ctx_ref_att_value_compute_done_0_2, void %land.lhs.true277.i, i1 %head_ctx_ref_att_value_compute_done_0_2, void %if.else295.i, i1 %head_ctx_ref_att_value_compute_done_0_2, void %if.else327.i, i1 %head_ctx_ref_att_value_compute_done_0_2, void %land.lhs.true352.i, i1 %head_ctx_ref_att_value_compute_done_0_2, void %if.else370.i, i1 %head_ctx_ref_att_value_compute_done_0_2, void %land.lhs.true394.i, i1 %head_ctx_ref_att_value_compute_done_0_2, void %if.else424.i, i1 %head_ctx_ref_att_value_compute_done_0_2, void %land.lhs.true449.i, i1 %head_ctx_ref_att_value_compute_done_0_2, void %land.lhs.true471.i, i1 %head_ctx_ref_att_value_compute_done_0_2, void %if.else501.i, i1 %head_ctx_ref_att_value_compute_done_0_2, void %land.lhs.true526.i, i1 %and_ln149_26, void %sw.bb.i" [/home/luka/Scripting/ELEC_498-Capstone-LiteLM/HLS-Verilog/Scheduler_FSM/src-hls/Head_Helpers/head_helpers.cpp:396]   --->   Operation 471 'phi' 'head_ctx_ref_att_value_compute_done_0_3' <Predicate = (!icmp_ln418)> <Delay = 0.00>
ST_1 : Operation 472 [1/1] (0.00ns)   --->   "%head_ctx_ref_head_requant_compute_done_0_3 = phi i1 %head_ctx_ref_head_requant_compute_done_0_2, void %if.else524.i, i1 %head_ctx_ref_head_requant_compute_done_0_2, void %if.then515.i, i1 %head_ctx_ref_head_requant_compute_done_0_2, void %if.then493.i, i1 %head_ctx_ref_head_requant_compute_done_0_2, void %if.then482.i, i1 %head_ctx_ref_head_requant_compute_done_0_2, void %if.else469.i, i1 %head_ctx_ref_head_requant_compute_done_0_2, void %if.then460.i, i1 %head_ctx_ref_head_requant_compute_done_0_2, void %if.else447.i, i1 %head_ctx_ref_head_requant_compute_done_0_2, void %if.then438.i, i1 %head_ctx_ref_head_requant_compute_done_0_2, void %if.then416.i, i1 %head_ctx_ref_head_requant_compute_done_0_2, void %if.then405.i, i1 %head_ctx_ref_head_requant_compute_done_0_2, void %if.else392.i, i1 %head_ctx_ref_head_requant_compute_done_0_2, void %if.then383.i, i1 %head_ctx_ref_head_requant_compute_done_0_2, void %if.then363.i, i1 %head_ctx_ref_head_requant_compute_done_0_2, void %if.else350.i, i1 %head_ctx_ref_head_requant_compute_done_0_2, void %if.then341.i, i1 %head_ctx_ref_head_requant_compute_done_0_2, void %if.then319.i, i1 %head_ctx_ref_head_requant_compute_done_0_2, void %if.then308.i, i1 %head_ctx_ref_head_requant_compute_done_0_2, void %if.then288.i, i1 %head_ctx_ref_head_requant_compute_done_0_2, void %if.else275.i, i1 %head_ctx_ref_head_requant_compute_done_0_2, void %if.then266.i, i1 %head_ctx_ref_head_requant_compute_done_0_2, void %if.then244.i, i1 %head_ctx_ref_head_requant_compute_done_0_2, void %if.then233.i, i1 %head_ctx_ref_head_requant_compute_done_0_2, void %if.then211.i, i1 %head_ctx_ref_head_requant_compute_done_0_2, void %if.then200.i, i1 %head_ctx_ref_head_requant_compute_done_0_2, void %if.else219.i, i1 %head_ctx_ref_head_requant_compute_done_0_2, void %if.else252.i, i1 %head_ctx_ref_head_requant_compute_done_0_2, void %land.lhs.true277.i, i1 %head_ctx_ref_head_requant_compute_done_0_2, void %if.else295.i, i1 %head_ctx_ref_head_requant_compute_done_0_2, void %if.else327.i, i1 %head_ctx_ref_head_requant_compute_done_0_2, void %land.lhs.true352.i, i1 %head_ctx_ref_head_requant_compute_done_0_2, void %if.else370.i, i1 %head_ctx_ref_head_requant_compute_done_0_2, void %land.lhs.true394.i, i1 %head_ctx_ref_head_requant_compute_done_0_2, void %if.else424.i, i1 %head_ctx_ref_head_requant_compute_done_0_2, void %land.lhs.true449.i, i1 %head_ctx_ref_head_requant_compute_done_0_2, void %land.lhs.true471.i, i1 %head_ctx_ref_head_requant_compute_done_0_2, void %if.else501.i, i1 1, void %land.lhs.true526.i, i1 %and_ln149_27, void %sw.bb.i" [/home/luka/Scripting/ELEC_498-Capstone-LiteLM/HLS-Verilog/Scheduler_FSM/src-hls/Head_Helpers/head_helpers.cpp:396]   --->   Operation 472 'phi' 'head_ctx_ref_head_requant_compute_done_0_3' <Predicate = (!icmp_ln418)> <Delay = 0.00>
ST_1 : Operation 473 [1/1] (0.00ns)   --->   "%head_ctx_ref_q_dma_done_0_4 = phi i1 %head_ctx_ref_q_dma_done_0_3, void %if.else524.i, i1 %head_ctx_ref_q_dma_done_0_3, void %if.then515.i, i1 %head_ctx_ref_q_dma_done_0_3, void %if.then493.i, i1 %head_ctx_ref_q_dma_done_0_3, void %if.then482.i, i1 %head_ctx_ref_q_dma_done_0_3, void %if.else469.i, i1 %head_ctx_ref_q_dma_done_0_3, void %if.then460.i, i1 %head_ctx_ref_q_dma_done_0_3, void %if.else447.i, i1 %head_ctx_ref_q_dma_done_0_3, void %if.then438.i, i1 %head_ctx_ref_q_dma_done_0_3, void %if.then416.i, i1 %head_ctx_ref_q_dma_done_0_3, void %if.then405.i, i1 %head_ctx_ref_q_dma_done_0_3, void %if.else392.i, i1 %head_ctx_ref_q_dma_done_0_3, void %if.then383.i, i1 %head_ctx_ref_q_dma_done_0_3, void %if.then363.i, i1 %head_ctx_ref_q_dma_done_0_3, void %if.else350.i, i1 %head_ctx_ref_q_dma_done_0_3, void %if.then341.i, i1 %head_ctx_ref_q_dma_done_0_3, void %if.then319.i, i1 %head_ctx_ref_q_dma_done_0_3, void %if.then308.i, i1 %head_ctx_ref_q_dma_done_0_3, void %if.then288.i, i1 %head_ctx_ref_q_dma_done_0_3, void %if.else275.i, i1 %head_ctx_ref_q_dma_done_0_3, void %if.then266.i, i1 %head_ctx_ref_q_dma_done_0_3, void %if.then244.i, i1 %head_ctx_ref_q_dma_done_0_3, void %if.then233.i, i1 1, void %if.then211.i, i1 %head_ctx_ref_q_dma_done_0_3, void %if.then200.i, i1 %head_ctx_ref_q_dma_done_0_3, void %if.else219.i, i1 %head_ctx_ref_q_dma_done_0_3, void %if.else252.i, i1 %head_ctx_ref_q_dma_done_0_3, void %land.lhs.true277.i, i1 %head_ctx_ref_q_dma_done_0_3, void %if.else295.i, i1 %head_ctx_ref_q_dma_done_0_3, void %if.else327.i, i1 %head_ctx_ref_q_dma_done_0_3, void %land.lhs.true352.i, i1 %head_ctx_ref_q_dma_done_0_3, void %if.else370.i, i1 %head_ctx_ref_q_dma_done_0_3, void %land.lhs.true394.i, i1 %head_ctx_ref_q_dma_done_0_3, void %if.else424.i, i1 %head_ctx_ref_q_dma_done_0_3, void %land.lhs.true449.i, i1 %head_ctx_ref_q_dma_done_0_3, void %land.lhs.true471.i, i1 %head_ctx_ref_q_dma_done_0_3, void %if.else501.i, i1 %head_ctx_ref_q_dma_done_0_3, void %land.lhs.true526.i, i1 %and_ln149_28, void %sw.bb.i" [/home/luka/Scripting/ELEC_498-Capstone-LiteLM/HLS-Verilog/Scheduler_FSM/src-hls/Head_Helpers/head_helpers.cpp:111->/home/luka/Scripting/ELEC_498-Capstone-LiteLM/HLS-Verilog/Scheduler_FSM/src-hls/Head_Helpers/head_helpers.cpp:419]   --->   Operation 473 'phi' 'head_ctx_ref_q_dma_done_0_4' <Predicate = (!icmp_ln418)> <Delay = 0.00>
ST_1 : Operation 474 [1/1] (0.00ns)   --->   "%head_ctx_ref_k_dma_done_0_4 = phi i1 %head_ctx_ref_k_dma_done_0_3, void %if.else524.i, i1 %head_ctx_ref_k_dma_done_0_3, void %if.then515.i, i1 %head_ctx_ref_k_dma_done_0_3, void %if.then493.i, i1 %head_ctx_ref_k_dma_done_0_3, void %if.then482.i, i1 %head_ctx_ref_k_dma_done_0_3, void %if.else469.i, i1 %head_ctx_ref_k_dma_done_0_3, void %if.then460.i, i1 %head_ctx_ref_k_dma_done_0_3, void %if.else447.i, i1 %head_ctx_ref_k_dma_done_0_3, void %if.then438.i, i1 %head_ctx_ref_k_dma_done_0_3, void %if.then416.i, i1 %head_ctx_ref_k_dma_done_0_3, void %if.then405.i, i1 %head_ctx_ref_k_dma_done_0_3, void %if.else392.i, i1 %head_ctx_ref_k_dma_done_0_3, void %if.then383.i, i1 %head_ctx_ref_k_dma_done_0_3, void %if.then363.i, i1 %head_ctx_ref_k_dma_done_0_3, void %if.else350.i, i1 %head_ctx_ref_k_dma_done_0_3, void %if.then341.i, i1 %head_ctx_ref_k_dma_done_0_3, void %if.then319.i, i1 %head_ctx_ref_k_dma_done_0_3, void %if.then308.i, i1 %head_ctx_ref_k_dma_done_0_3, void %if.then288.i, i1 %head_ctx_ref_k_dma_done_0_3, void %if.else275.i, i1 %head_ctx_ref_k_dma_done_0_3, void %if.then266.i, i1 1, void %if.then244.i, i1 %head_ctx_ref_k_dma_done_0_3, void %if.then233.i, i1 %head_ctx_ref_k_dma_done_0_3, void %if.then211.i, i1 %head_ctx_ref_k_dma_done_0_3, void %if.then200.i, i1 %head_ctx_ref_k_dma_done_0_3, void %if.else219.i, i1 %head_ctx_ref_k_dma_done_0_3, void %if.else252.i, i1 %head_ctx_ref_k_dma_done_0_3, void %land.lhs.true277.i, i1 %head_ctx_ref_k_dma_done_0_3, void %if.else295.i, i1 %head_ctx_ref_k_dma_done_0_3, void %if.else327.i, i1 %head_ctx_ref_k_dma_done_0_3, void %land.lhs.true352.i, i1 %head_ctx_ref_k_dma_done_0_3, void %if.else370.i, i1 %head_ctx_ref_k_dma_done_0_3, void %land.lhs.true394.i, i1 %head_ctx_ref_k_dma_done_0_3, void %if.else424.i, i1 %head_ctx_ref_k_dma_done_0_3, void %land.lhs.true449.i, i1 %head_ctx_ref_k_dma_done_0_3, void %land.lhs.true471.i, i1 %head_ctx_ref_k_dma_done_0_3, void %if.else501.i, i1 %head_ctx_ref_k_dma_done_0_3, void %land.lhs.true526.i, i1 %and_ln149_29, void %sw.bb.i" [/home/luka/Scripting/ELEC_498-Capstone-LiteLM/HLS-Verilog/Scheduler_FSM/src-hls/Head_Helpers/head_helpers.cpp:111->/home/luka/Scripting/ELEC_498-Capstone-LiteLM/HLS-Verilog/Scheduler_FSM/src-hls/Head_Helpers/head_helpers.cpp:419]   --->   Operation 474 'phi' 'head_ctx_ref_k_dma_done_0_4' <Predicate = (!icmp_ln418)> <Delay = 0.00>
ST_1 : Operation 475 [1/1] (0.00ns)   --->   "%head_ctx_ref_k_writeback_dma_done_0_4 = phi i1 %head_ctx_ref_k_writeback_dma_done_0_3, void %if.else524.i, i1 %head_ctx_ref_k_writeback_dma_done_0_3, void %if.then515.i, i1 %head_ctx_ref_k_writeback_dma_done_0_3, void %if.then493.i, i1 %head_ctx_ref_k_writeback_dma_done_0_3, void %if.then482.i, i1 %head_ctx_ref_k_writeback_dma_done_0_3, void %if.else469.i, i1 %head_ctx_ref_k_writeback_dma_done_0_3, void %if.then460.i, i1 %head_ctx_ref_k_writeback_dma_done_0_3, void %if.else447.i, i1 %head_ctx_ref_k_writeback_dma_done_0_3, void %if.then438.i, i1 %head_ctx_ref_k_writeback_dma_done_0_3, void %if.then416.i, i1 %head_ctx_ref_k_writeback_dma_done_0_3, void %if.then405.i, i1 %head_ctx_ref_k_writeback_dma_done_0_3, void %if.else392.i, i1 %head_ctx_ref_k_writeback_dma_done_0_3, void %if.then383.i, i1 %head_ctx_ref_k_writeback_dma_done_0_3, void %if.then363.i, i1 %head_ctx_ref_k_writeback_dma_done_0_3, void %if.else350.i, i1 %head_ctx_ref_k_writeback_dma_done_0_3, void %if.then341.i, i1 %head_ctx_ref_k_writeback_dma_done_0_3, void %if.then319.i, i1 %head_ctx_ref_k_writeback_dma_done_0_3, void %if.then308.i, i1 %head_ctx_ref_k_writeback_dma_done_0_3, void %if.then288.i, i1 %head_ctx_ref_k_writeback_dma_done_0_3, void %if.else275.i, i1 %head_ctx_ref_k_writeback_dma_done_0_3, void %if.then266.i, i1 %head_ctx_ref_k_writeback_dma_done_0_3, void %if.then244.i, i1 %head_ctx_ref_k_writeback_dma_done_0_3, void %if.then233.i, i1 %head_ctx_ref_k_writeback_dma_done_0_3, void %if.then211.i, i1 %head_ctx_ref_k_writeback_dma_done_0_3, void %if.then200.i, i1 %head_ctx_ref_k_writeback_dma_done_0_3, void %if.else219.i, i1 %head_ctx_ref_k_writeback_dma_done_0_3, void %if.else252.i, i1 %head_ctx_ref_k_writeback_dma_done_0_3, void %land.lhs.true277.i, i1 %head_ctx_ref_k_writeback_dma_done_0_3, void %if.else295.i, i1 %head_ctx_ref_k_writeback_dma_done_0_3, void %if.else327.i, i1 %head_ctx_ref_k_writeback_dma_done_0_3, void %land.lhs.true352.i, i1 %head_ctx_ref_k_writeback_dma_done_0_3, void %if.else370.i, i1 %head_ctx_ref_k_writeback_dma_done_0_3, void %land.lhs.true394.i, i1 %head_ctx_ref_k_writeback_dma_done_0_3, void %if.else424.i, i1 %head_ctx_ref_k_writeback_dma_done_0_3, void %land.lhs.true449.i, i1 %head_ctx_ref_k_writeback_dma_done_0_3, void %land.lhs.true471.i, i1 %head_ctx_ref_k_writeback_dma_done_0_3, void %if.else501.i, i1 %head_ctx_ref_k_writeback_dma_done_0_3, void %land.lhs.true526.i, i1 %and_ln149_30, void %sw.bb.i" [/home/luka/Scripting/ELEC_498-Capstone-LiteLM/HLS-Verilog/Scheduler_FSM/src-hls/Head_Helpers/head_helpers.cpp:111->/home/luka/Scripting/ELEC_498-Capstone-LiteLM/HLS-Verilog/Scheduler_FSM/src-hls/Head_Helpers/head_helpers.cpp:419]   --->   Operation 475 'phi' 'head_ctx_ref_k_writeback_dma_done_0_4' <Predicate = (!icmp_ln418)> <Delay = 0.00>
ST_1 : Operation 476 [1/1] (0.00ns)   --->   "%head_ctx_ref_v_dma_done_0_4 = phi i1 %head_ctx_ref_v_dma_done_0_3, void %if.else524.i, i1 %head_ctx_ref_v_dma_done_0_3, void %if.then515.i, i1 %head_ctx_ref_v_dma_done_0_3, void %if.then493.i, i1 %head_ctx_ref_v_dma_done_0_3, void %if.then482.i, i1 %head_ctx_ref_v_dma_done_0_3, void %if.else469.i, i1 %head_ctx_ref_v_dma_done_0_3, void %if.then460.i, i1 %head_ctx_ref_v_dma_done_0_3, void %if.else447.i, i1 %head_ctx_ref_v_dma_done_0_3, void %if.then438.i, i1 %head_ctx_ref_v_dma_done_0_3, void %if.then416.i, i1 %head_ctx_ref_v_dma_done_0_3, void %if.then405.i, i1 %head_ctx_ref_v_dma_done_0_3, void %if.else392.i, i1 %head_ctx_ref_v_dma_done_0_3, void %if.then383.i, i1 %head_ctx_ref_v_dma_done_0_3, void %if.then363.i, i1 %head_ctx_ref_v_dma_done_0_3, void %if.else350.i, i1 %head_ctx_ref_v_dma_done_0_3, void %if.then341.i, i1 1, void %if.then319.i, i1 %head_ctx_ref_v_dma_done_0_3, void %if.then308.i, i1 %head_ctx_ref_v_dma_done_0_3, void %if.then288.i, i1 %head_ctx_ref_v_dma_done_0_3, void %if.else275.i, i1 %head_ctx_ref_v_dma_done_0_3, void %if.then266.i, i1 %head_ctx_ref_v_dma_done_0_3, void %if.then244.i, i1 %head_ctx_ref_v_dma_done_0_3, void %if.then233.i, i1 %head_ctx_ref_v_dma_done_0_3, void %if.then211.i, i1 %head_ctx_ref_v_dma_done_0_3, void %if.then200.i, i1 %head_ctx_ref_v_dma_done_0_3, void %if.else219.i, i1 %head_ctx_ref_v_dma_done_0_3, void %if.else252.i, i1 %head_ctx_ref_v_dma_done_0_3, void %land.lhs.true277.i, i1 %head_ctx_ref_v_dma_done_0_3, void %if.else295.i, i1 %head_ctx_ref_v_dma_done_0_3, void %if.else327.i, i1 %head_ctx_ref_v_dma_done_0_3, void %land.lhs.true352.i, i1 %head_ctx_ref_v_dma_done_0_3, void %if.else370.i, i1 %head_ctx_ref_v_dma_done_0_3, void %land.lhs.true394.i, i1 %head_ctx_ref_v_dma_done_0_3, void %if.else424.i, i1 %head_ctx_ref_v_dma_done_0_3, void %land.lhs.true449.i, i1 %head_ctx_ref_v_dma_done_0_3, void %land.lhs.true471.i, i1 %head_ctx_ref_v_dma_done_0_3, void %if.else501.i, i1 %head_ctx_ref_v_dma_done_0_3, void %land.lhs.true526.i, i1 %and_ln149_31, void %sw.bb.i" [/home/luka/Scripting/ELEC_498-Capstone-LiteLM/HLS-Verilog/Scheduler_FSM/src-hls/Head_Helpers/head_helpers.cpp:111->/home/luka/Scripting/ELEC_498-Capstone-LiteLM/HLS-Verilog/Scheduler_FSM/src-hls/Head_Helpers/head_helpers.cpp:419]   --->   Operation 476 'phi' 'head_ctx_ref_v_dma_done_0_4' <Predicate = (!icmp_ln418)> <Delay = 0.00>
ST_1 : Operation 477 [1/1] (0.00ns)   --->   "%head_ctx_ref_v_writeback_dma_done_0_4 = phi i1 %head_ctx_ref_v_writeback_dma_done_0_3, void %if.else524.i, i1 %head_ctx_ref_v_writeback_dma_done_0_3, void %if.then515.i, i1 %head_ctx_ref_v_writeback_dma_done_0_3, void %if.then493.i, i1 %head_ctx_ref_v_writeback_dma_done_0_3, void %if.then482.i, i1 %head_ctx_ref_v_writeback_dma_done_0_3, void %if.else469.i, i1 %head_ctx_ref_v_writeback_dma_done_0_3, void %if.then460.i, i1 %head_ctx_ref_v_writeback_dma_done_0_3, void %if.else447.i, i1 %head_ctx_ref_v_writeback_dma_done_0_3, void %if.then438.i, i1 %head_ctx_ref_v_writeback_dma_done_0_3, void %if.then416.i, i1 %head_ctx_ref_v_writeback_dma_done_0_3, void %if.then405.i, i1 %head_ctx_ref_v_writeback_dma_done_0_3, void %if.else392.i, i1 %head_ctx_ref_v_writeback_dma_done_0_3, void %if.then383.i, i1 %head_ctx_ref_v_writeback_dma_done_0_3, void %if.then363.i, i1 %head_ctx_ref_v_writeback_dma_done_0_3, void %if.else350.i, i1 %head_ctx_ref_v_writeback_dma_done_0_3, void %if.then341.i, i1 %head_ctx_ref_v_writeback_dma_done_0_3, void %if.then319.i, i1 %head_ctx_ref_v_writeback_dma_done_0_3, void %if.then308.i, i1 %head_ctx_ref_v_writeback_dma_done_0_3, void %if.then288.i, i1 %head_ctx_ref_v_writeback_dma_done_0_3, void %if.else275.i, i1 %head_ctx_ref_v_writeback_dma_done_0_3, void %if.then266.i, i1 %head_ctx_ref_v_writeback_dma_done_0_3, void %if.then244.i, i1 %head_ctx_ref_v_writeback_dma_done_0_3, void %if.then233.i, i1 %head_ctx_ref_v_writeback_dma_done_0_3, void %if.then211.i, i1 %head_ctx_ref_v_writeback_dma_done_0_3, void %if.then200.i, i1 %head_ctx_ref_v_writeback_dma_done_0_3, void %if.else219.i, i1 %head_ctx_ref_v_writeback_dma_done_0_3, void %if.else252.i, i1 %head_ctx_ref_v_writeback_dma_done_0_3, void %land.lhs.true277.i, i1 %head_ctx_ref_v_writeback_dma_done_0_3, void %if.else295.i, i1 %head_ctx_ref_v_writeback_dma_done_0_3, void %if.else327.i, i1 %head_ctx_ref_v_writeback_dma_done_0_3, void %land.lhs.true352.i, i1 %head_ctx_ref_v_writeback_dma_done_0_3, void %if.else370.i, i1 %head_ctx_ref_v_writeback_dma_done_0_3, void %land.lhs.true394.i, i1 %head_ctx_ref_v_writeback_dma_done_0_3, void %if.else424.i, i1 %head_ctx_ref_v_writeback_dma_done_0_3, void %land.lhs.true449.i, i1 %head_ctx_ref_v_writeback_dma_done_0_3, void %land.lhs.true471.i, i1 %head_ctx_ref_v_writeback_dma_done_0_3, void %if.else501.i, i1 %head_ctx_ref_v_writeback_dma_done_0_3, void %land.lhs.true526.i, i1 %and_ln149_32, void %sw.bb.i" [/home/luka/Scripting/ELEC_498-Capstone-LiteLM/HLS-Verilog/Scheduler_FSM/src-hls/Head_Helpers/head_helpers.cpp:111->/home/luka/Scripting/ELEC_498-Capstone-LiteLM/HLS-Verilog/Scheduler_FSM/src-hls/Head_Helpers/head_helpers.cpp:419]   --->   Operation 477 'phi' 'head_ctx_ref_v_writeback_dma_done_0_4' <Predicate = (!icmp_ln418)> <Delay = 0.00>
ST_1 : Operation 478 [1/1] (0.00ns)   --->   "%head_ctx_ref_att_scores_dma_done_0_4 = phi i1 %head_ctx_ref_att_scores_dma_done_0_3, void %if.else524.i, i1 %head_ctx_ref_att_scores_dma_done_0_3, void %if.then515.i, i1 %head_ctx_ref_att_scores_dma_done_0_3, void %if.then493.i, i1 %head_ctx_ref_att_scores_dma_done_0_3, void %if.then482.i, i1 %head_ctx_ref_att_scores_dma_done_0_3, void %if.else469.i, i1 %head_ctx_ref_att_scores_dma_done_0_3, void %if.then460.i, i1 %head_ctx_ref_att_scores_dma_done_0_3, void %if.else447.i, i1 %head_ctx_ref_att_scores_dma_done_0_3, void %if.then438.i, i1 1, void %if.then416.i, i1 %head_ctx_ref_att_scores_dma_done_0_3, void %if.then405.i, i1 %head_ctx_ref_att_scores_dma_done_0_3, void %if.else392.i, i1 %head_ctx_ref_att_scores_dma_done_0_3, void %if.then383.i, i1 %head_ctx_ref_att_scores_dma_done_0_3, void %if.then363.i, i1 %head_ctx_ref_att_scores_dma_done_0_3, void %if.else350.i, i1 %head_ctx_ref_att_scores_dma_done_0_3, void %if.then341.i, i1 %head_ctx_ref_att_scores_dma_done_0_3, void %if.then319.i, i1 %head_ctx_ref_att_scores_dma_done_0_3, void %if.then308.i, i1 %head_ctx_ref_att_scores_dma_done_0_3, void %if.then288.i, i1 %head_ctx_ref_att_scores_dma_done_0_3, void %if.else275.i, i1 %head_ctx_ref_att_scores_dma_done_0_3, void %if.then266.i, i1 %head_ctx_ref_att_scores_dma_done_0_3, void %if.then244.i, i1 %head_ctx_ref_att_scores_dma_done_0_3, void %if.then233.i, i1 %head_ctx_ref_att_scores_dma_done_0_3, void %if.then211.i, i1 %head_ctx_ref_att_scores_dma_done_0_3, void %if.then200.i, i1 %head_ctx_ref_att_scores_dma_done_0_3, void %if.else219.i, i1 %head_ctx_ref_att_scores_dma_done_0_3, void %if.else252.i, i1 %head_ctx_ref_att_scores_dma_done_0_3, void %land.lhs.true277.i, i1 %head_ctx_ref_att_scores_dma_done_0_3, void %if.else295.i, i1 %head_ctx_ref_att_scores_dma_done_0_3, void %if.else327.i, i1 %head_ctx_ref_att_scores_dma_done_0_3, void %land.lhs.true352.i, i1 %head_ctx_ref_att_scores_dma_done_0_3, void %if.else370.i, i1 %head_ctx_ref_att_scores_dma_done_0_3, void %land.lhs.true394.i, i1 %head_ctx_ref_att_scores_dma_done_0_3, void %if.else424.i, i1 %head_ctx_ref_att_scores_dma_done_0_3, void %land.lhs.true449.i, i1 %head_ctx_ref_att_scores_dma_done_0_3, void %land.lhs.true471.i, i1 %head_ctx_ref_att_scores_dma_done_0_3, void %if.else501.i, i1 %head_ctx_ref_att_scores_dma_done_0_3, void %land.lhs.true526.i, i1 %and_ln149_33, void %sw.bb.i" [/home/luka/Scripting/ELEC_498-Capstone-LiteLM/HLS-Verilog/Scheduler_FSM/src-hls/Head_Helpers/head_helpers.cpp:111->/home/luka/Scripting/ELEC_498-Capstone-LiteLM/HLS-Verilog/Scheduler_FSM/src-hls/Head_Helpers/head_helpers.cpp:419]   --->   Operation 478 'phi' 'head_ctx_ref_att_scores_dma_done_0_4' <Predicate = (!icmp_ln418)> <Delay = 0.00>
ST_1 : Operation 479 [1/1] (0.00ns)   --->   "%head_ctx_ref_att_value_dma_done_0_4 = phi i1 %head_ctx_ref_att_value_dma_done_0_3, void %if.else524.i, i1 %head_ctx_ref_att_value_dma_done_0_3, void %if.then515.i, i1 1, void %if.then493.i, i1 %head_ctx_ref_att_value_dma_done_0_3, void %if.then482.i, i1 %head_ctx_ref_att_value_dma_done_0_3, void %if.else469.i, i1 %head_ctx_ref_att_value_dma_done_0_3, void %if.then460.i, i1 %head_ctx_ref_att_value_dma_done_0_3, void %if.else447.i, i1 %head_ctx_ref_att_value_dma_done_0_3, void %if.then438.i, i1 %head_ctx_ref_att_value_dma_done_0_3, void %if.then416.i, i1 %head_ctx_ref_att_value_dma_done_0_3, void %if.then405.i, i1 %head_ctx_ref_att_value_dma_done_0_3, void %if.else392.i, i1 %head_ctx_ref_att_value_dma_done_0_3, void %if.then383.i, i1 %head_ctx_ref_att_value_dma_done_0_3, void %if.then363.i, i1 %head_ctx_ref_att_value_dma_done_0_3, void %if.else350.i, i1 %head_ctx_ref_att_value_dma_done_0_3, void %if.then341.i, i1 %head_ctx_ref_att_value_dma_done_0_3, void %if.then319.i, i1 %head_ctx_ref_att_value_dma_done_0_3, void %if.then308.i, i1 %head_ctx_ref_att_value_dma_done_0_3, void %if.then288.i, i1 %head_ctx_ref_att_value_dma_done_0_3, void %if.else275.i, i1 %head_ctx_ref_att_value_dma_done_0_3, void %if.then266.i, i1 %head_ctx_ref_att_value_dma_done_0_3, void %if.then244.i, i1 %head_ctx_ref_att_value_dma_done_0_3, void %if.then233.i, i1 %head_ctx_ref_att_value_dma_done_0_3, void %if.then211.i, i1 %head_ctx_ref_att_value_dma_done_0_3, void %if.then200.i, i1 %head_ctx_ref_att_value_dma_done_0_3, void %if.else219.i, i1 %head_ctx_ref_att_value_dma_done_0_3, void %if.else252.i, i1 %head_ctx_ref_att_value_dma_done_0_3, void %land.lhs.true277.i, i1 %head_ctx_ref_att_value_dma_done_0_3, void %if.else295.i, i1 %head_ctx_ref_att_value_dma_done_0_3, void %if.else327.i, i1 %head_ctx_ref_att_value_dma_done_0_3, void %land.lhs.true352.i, i1 %head_ctx_ref_att_value_dma_done_0_3, void %if.else370.i, i1 %head_ctx_ref_att_value_dma_done_0_3, void %land.lhs.true394.i, i1 %head_ctx_ref_att_value_dma_done_0_3, void %if.else424.i, i1 %head_ctx_ref_att_value_dma_done_0_3, void %land.lhs.true449.i, i1 %head_ctx_ref_att_value_dma_done_0_3, void %land.lhs.true471.i, i1 %head_ctx_ref_att_value_dma_done_0_3, void %if.else501.i, i1 %head_ctx_ref_att_value_dma_done_0_3, void %land.lhs.true526.i, i1 %and_ln149_34, void %sw.bb.i" [/home/luka/Scripting/ELEC_498-Capstone-LiteLM/HLS-Verilog/Scheduler_FSM/src-hls/Head_Helpers/head_helpers.cpp:111->/home/luka/Scripting/ELEC_498-Capstone-LiteLM/HLS-Verilog/Scheduler_FSM/src-hls/Head_Helpers/head_helpers.cpp:419]   --->   Operation 479 'phi' 'head_ctx_ref_att_value_dma_done_0_4' <Predicate = (!icmp_ln418)> <Delay = 0.00>
ST_1 : Operation 480 [1/1] (0.79ns)   --->   "%head_done = icmp_eq  i4 %head_ctx_ref_phase_0_1, i4 14" [/home/luka/Scripting/ELEC_498-Capstone-LiteLM/HLS-Verilog/Scheduler_FSM/src-hls/Head_Helpers/head_helpers.cpp:390->/home/luka/Scripting/ELEC_498-Capstone-LiteLM/HLS-Verilog/Scheduler_FSM/src-hls/Head_Helpers/head_helpers.cpp:419]   --->   Operation 480 'icmp' 'head_done' <Predicate = (!icmp_ln418)> <Delay = 0.79> <CoreInst = "Cmp">   --->   Core 9 'Cmp' <Latency = 0> <II = 1> <Delay = 0.79> <FuncUnit> <Opcode : 'seteq' 'setne' 'setle' 'setge' 'setlt' 'setgt'> <InPorts = 2> <OutPorts = 1>
ST_1 : Operation 481 [1/1] (0.42ns)   --->   "%br_ln425 = br void %for.inc" [/home/luka/Scripting/ELEC_498-Capstone-LiteLM/HLS-Verilog/Scheduler_FSM/src-hls/Head_Helpers/head_helpers.cpp:425]   --->   Operation 481 'br' 'br_ln425' <Predicate = (!icmp_ln418)> <Delay = 0.42>
ST_1 : Operation 482 [1/1] (0.00ns)   --->   "%head_ctx_ref_layer_stamp_0_1 = phi i32 %p_read_87, void %entry, i32 %head_ctx_ref_layer_stamp_0_0, void %_Z15run_single_headR7HeadCtxib15ControlMemSpaceRb.exit" [/home/luka/Scripting/ELEC_498-Capstone-LiteLM/HLS-Verilog/Scheduler_FSM/src-hls/Head_Helpers/head_helpers.cpp:396]   --->   Operation 482 'phi' 'head_ctx_ref_layer_stamp_0_1' <Predicate = true> <Delay = 0.00>
ST_1 : Operation 483 [1/1] (0.00ns)   --->   "%head_ctx_ref_phase_0_2 = phi i4 %head_ctx_ref_phase_read_3, void %entry, i4 %head_ctx_ref_phase_0_1, void %_Z15run_single_headR7HeadCtxib15ControlMemSpaceRb.exit" [/home/luka/Scripting/ELEC_498-Capstone-LiteLM/HLS-Verilog/Scheduler_FSM/src-hls/Head_Helpers/head_helpers.cpp:396]   --->   Operation 483 'phi' 'head_ctx_ref_phase_0_2' <Predicate = true> <Delay = 0.00>
ST_1 : Operation 484 [1/1] (0.00ns)   --->   "%head_ctx_ref_compute_ready_0_2 = phi i1 %p_read_83, void %entry, i1 %head_ctx_ref_compute_ready_0_1, void %_Z15run_single_headR7HeadCtxib15ControlMemSpaceRb.exit" [/home/luka/Scripting/ELEC_498-Capstone-LiteLM/HLS-Verilog/Scheduler_FSM/src-hls/Head_Helpers/head_helpers.cpp:396]   --->   Operation 484 'phi' 'head_ctx_ref_compute_ready_0_2' <Predicate = true> <Delay = 0.00>
ST_1 : Operation 485 [1/1] (0.00ns)   --->   "%head_ctx_ref_compute_done_0_2 = phi i1 %p_read_81, void %entry, i1 %head_ctx_ref_compute_done_0_1, void %_Z15run_single_headR7HeadCtxib15ControlMemSpaceRb.exit" [/home/luka/Scripting/ELEC_498-Capstone-LiteLM/HLS-Verilog/Scheduler_FSM/src-hls/Head_Helpers/head_helpers.cpp:396]   --->   Operation 485 'phi' 'head_ctx_ref_compute_done_0_2' <Predicate = true> <Delay = 0.00>
ST_1 : Operation 486 [1/1] (0.00ns)   --->   "%head_ctx_ref_compute_start_0_3 = phi i1 %p_read_79, void %entry, i1 %head_ctx_ref_compute_start_0_2, void %_Z15run_single_headR7HeadCtxib15ControlMemSpaceRb.exit" [/home/luka/Scripting/ELEC_498-Capstone-LiteLM/HLS-Verilog/Scheduler_FSM/src-hls/Head_Helpers/head_helpers.cpp:396]   --->   Operation 486 'phi' 'head_ctx_ref_compute_start_0_3' <Predicate = true> <Delay = 0.00>
ST_1 : Operation 487 [1/1] (0.00ns)   --->   "%head_ctx_ref_compute_op_0_3 = phi i32 %p_read_77, void %entry, i32 %head_ctx_ref_compute_op_0_2, void %_Z15run_single_headR7HeadCtxib15ControlMemSpaceRb.exit" [/home/luka/Scripting/ELEC_498-Capstone-LiteLM/HLS-Verilog/Scheduler_FSM/src-hls/Head_Helpers/head_helpers.cpp:396]   --->   Operation 487 'phi' 'head_ctx_ref_compute_op_0_3' <Predicate = true> <Delay = 0.00>
ST_1 : Operation 488 [1/1] (0.00ns)   --->   "%head_ctx_ref_last_compute_op_0_2 = phi i32 %p_read_75, void %entry, i32 %head_ctx_ref_last_compute_op_0_1, void %_Z15run_single_headR7HeadCtxib15ControlMemSpaceRb.exit" [/home/luka/Scripting/ELEC_498-Capstone-LiteLM/HLS-Verilog/Scheduler_FSM/src-hls/Head_Helpers/head_helpers.cpp:396]   --->   Operation 488 'phi' 'head_ctx_ref_last_compute_op_0_2' <Predicate = true> <Delay = 0.00>
ST_1 : Operation 489 [1/1] (0.00ns)   --->   "%head_ctx_ref_last_wl_addr_0_2 = phi i4 %head_ctx_ref_last_wl_addr_read_3, void %entry, i4 %head_ctx_ref_last_wl_addr_0_1, void %_Z15run_single_headR7HeadCtxib15ControlMemSpaceRb.exit" [/home/luka/Scripting/ELEC_498-Capstone-LiteLM/HLS-Verilog/Scheduler_FSM/src-hls/Head_Helpers/head_helpers.cpp:396]   --->   Operation 489 'phi' 'head_ctx_ref_last_wl_addr_0_2' <Predicate = true> <Delay = 0.00>
ST_1 : Operation 490 [1/1] (0.00ns)   --->   "%head_ctx_ref_wl_ready_0_1 = phi i1 %p_read_73, void %entry, i1 %head_ctx_ref_wl_ready_0_0, void %_Z15run_single_headR7HeadCtxib15ControlMemSpaceRb.exit" [/home/luka/Scripting/ELEC_498-Capstone-LiteLM/HLS-Verilog/Scheduler_FSM/src-hls/Head_Helpers/head_helpers.cpp:396]   --->   Operation 490 'phi' 'head_ctx_ref_wl_ready_0_1' <Predicate = true> <Delay = 0.00>
ST_1 : Operation 491 [1/1] (0.00ns)   --->   "%head_ctx_ref_wl_start_0_3 = phi i1 %p_read_71, void %entry, i1 %head_ctx_ref_wl_start_0_2, void %_Z15run_single_headR7HeadCtxib15ControlMemSpaceRb.exit" [/home/luka/Scripting/ELEC_498-Capstone-LiteLM/HLS-Verilog/Scheduler_FSM/src-hls/Head_Helpers/head_helpers.cpp:396]   --->   Operation 491 'phi' 'head_ctx_ref_wl_start_0_3' <Predicate = true> <Delay = 0.00>
ST_1 : Operation 492 [1/1] (0.00ns)   --->   "%head_ctx_ref_wl_instruction_0_3 = phi i32 %p_read_69, void %entry, i32 %head_ctx_ref_wl_instruction_0_2, void %_Z15run_single_headR7HeadCtxib15ControlMemSpaceRb.exit" [/home/luka/Scripting/ELEC_498-Capstone-LiteLM/HLS-Verilog/Scheduler_FSM/src-hls/Head_Helpers/head_helpers.cpp:396]   --->   Operation 492 'phi' 'head_ctx_ref_wl_instruction_0_3' <Predicate = true> <Delay = 0.00>
ST_1 : Operation 493 [1/1] (0.00ns)   --->   "%head_ctx_ref_dma_done_0_1 = phi i1 %p_read_67, void %entry, i1 %head_ctx_ref_dma_done_0_0, void %_Z15run_single_headR7HeadCtxib15ControlMemSpaceRb.exit" [/home/luka/Scripting/ELEC_498-Capstone-LiteLM/HLS-Verilog/Scheduler_FSM/src-hls/Head_Helpers/head_helpers.cpp:396]   --->   Operation 493 'phi' 'head_ctx_ref_dma_done_0_1' <Predicate = true> <Delay = 0.00>
ST_1 : Operation 494 [1/1] (0.00ns)   --->   "%head_ctx_ref_start_head_0_1 = phi i1 %and_ln416, void %entry, i1 %head_ctx_ref_start_head_0_0, void %_Z15run_single_headR7HeadCtxib15ControlMemSpaceRb.exit" [/home/luka/Scripting/ELEC_498-Capstone-LiteLM/HLS-Verilog/Scheduler_FSM/src-hls/Head_Helpers/head_helpers.cpp:416]   --->   Operation 494 'phi' 'head_ctx_ref_start_head_0_1' <Predicate = true> <Delay = 0.00>
ST_1 : Operation 495 [1/1] (0.00ns)   --->   "%head_ctx_ref_q_started_0_2 = phi i1 %p_read_65, void %entry, i1 %head_ctx_ref_q_started_0_1, void %_Z15run_single_headR7HeadCtxib15ControlMemSpaceRb.exit" [/home/luka/Scripting/ELEC_498-Capstone-LiteLM/HLS-Verilog/Scheduler_FSM/src-hls/Head_Helpers/head_helpers.cpp:396]   --->   Operation 495 'phi' 'head_ctx_ref_q_started_0_2' <Predicate = true> <Delay = 0.00>
ST_1 : Operation 496 [1/1] (0.00ns)   --->   "%head_ctx_ref_k_started_0_2 = phi i1 %p_read_63, void %entry, i1 %head_ctx_ref_k_started_0_1, void %_Z15run_single_headR7HeadCtxib15ControlMemSpaceRb.exit" [/home/luka/Scripting/ELEC_498-Capstone-LiteLM/HLS-Verilog/Scheduler_FSM/src-hls/Head_Helpers/head_helpers.cpp:396]   --->   Operation 496 'phi' 'head_ctx_ref_k_started_0_2' <Predicate = true> <Delay = 0.00>
ST_1 : Operation 497 [1/1] (0.00ns)   --->   "%head_ctx_ref_k_requant_started_0_2 = phi i1 %p_read_61, void %entry, i1 %head_ctx_ref_k_requant_started_0_1, void %_Z15run_single_headR7HeadCtxib15ControlMemSpaceRb.exit" [/home/luka/Scripting/ELEC_498-Capstone-LiteLM/HLS-Verilog/Scheduler_FSM/src-hls/Head_Helpers/head_helpers.cpp:396]   --->   Operation 497 'phi' 'head_ctx_ref_k_requant_started_0_2' <Predicate = true> <Delay = 0.00>
ST_1 : Operation 498 [1/1] (0.00ns)   --->   "%head_ctx_ref_k_writeback_started_0_2 = phi i1 %p_read_59, void %entry, i1 %head_ctx_ref_k_writeback_started_0_1, void %_Z15run_single_headR7HeadCtxib15ControlMemSpaceRb.exit" [/home/luka/Scripting/ELEC_498-Capstone-LiteLM/HLS-Verilog/Scheduler_FSM/src-hls/Head_Helpers/head_helpers.cpp:396]   --->   Operation 498 'phi' 'head_ctx_ref_k_writeback_started_0_2' <Predicate = true> <Delay = 0.00>
ST_1 : Operation 499 [1/1] (0.00ns)   --->   "%head_ctx_ref_v_started_0_2 = phi i1 %p_read_57, void %entry, i1 %head_ctx_ref_v_started_0_1, void %_Z15run_single_headR7HeadCtxib15ControlMemSpaceRb.exit" [/home/luka/Scripting/ELEC_498-Capstone-LiteLM/HLS-Verilog/Scheduler_FSM/src-hls/Head_Helpers/head_helpers.cpp:396]   --->   Operation 499 'phi' 'head_ctx_ref_v_started_0_2' <Predicate = true> <Delay = 0.00>
ST_1 : Operation 500 [1/1] (0.00ns)   --->   "%head_ctx_ref_v_requant_started_0_2 = phi i1 %p_read_55, void %entry, i1 %head_ctx_ref_v_requant_started_0_1, void %_Z15run_single_headR7HeadCtxib15ControlMemSpaceRb.exit" [/home/luka/Scripting/ELEC_498-Capstone-LiteLM/HLS-Verilog/Scheduler_FSM/src-hls/Head_Helpers/head_helpers.cpp:396]   --->   Operation 500 'phi' 'head_ctx_ref_v_requant_started_0_2' <Predicate = true> <Delay = 0.00>
ST_1 : Operation 501 [1/1] (0.00ns)   --->   "%head_ctx_ref_v_writeback_started_0_2 = phi i1 %p_read_53, void %entry, i1 %head_ctx_ref_v_writeback_started_0_1, void %_Z15run_single_headR7HeadCtxib15ControlMemSpaceRb.exit" [/home/luka/Scripting/ELEC_498-Capstone-LiteLM/HLS-Verilog/Scheduler_FSM/src-hls/Head_Helpers/head_helpers.cpp:396]   --->   Operation 501 'phi' 'head_ctx_ref_v_writeback_started_0_2' <Predicate = true> <Delay = 0.00>
ST_1 : Operation 502 [1/1] (0.00ns)   --->   "%head_ctx_ref_requant_q_started_0_2 = phi i1 %p_read_51, void %entry, i1 %head_ctx_ref_requant_q_started_0_1, void %_Z15run_single_headR7HeadCtxib15ControlMemSpaceRb.exit" [/home/luka/Scripting/ELEC_498-Capstone-LiteLM/HLS-Verilog/Scheduler_FSM/src-hls/Head_Helpers/head_helpers.cpp:396]   --->   Operation 502 'phi' 'head_ctx_ref_requant_q_started_0_2' <Predicate = true> <Delay = 0.00>
ST_1 : Operation 503 [1/1] (0.00ns)   --->   "%head_ctx_ref_att_scores_started_0_2 = phi i1 %p_read_49, void %entry, i1 %head_ctx_ref_att_scores_started_0_1, void %_Z15run_single_headR7HeadCtxib15ControlMemSpaceRb.exit" [/home/luka/Scripting/ELEC_498-Capstone-LiteLM/HLS-Verilog/Scheduler_FSM/src-hls/Head_Helpers/head_helpers.cpp:396]   --->   Operation 503 'phi' 'head_ctx_ref_att_scores_started_0_2' <Predicate = true> <Delay = 0.00>
ST_1 : Operation 504 [1/1] (0.00ns)   --->   "%head_ctx_ref_val_scale_started_0_2 = phi i1 %p_read_47, void %entry, i1 %head_ctx_ref_val_scale_started_0_1, void %_Z15run_single_headR7HeadCtxib15ControlMemSpaceRb.exit" [/home/luka/Scripting/ELEC_498-Capstone-LiteLM/HLS-Verilog/Scheduler_FSM/src-hls/Head_Helpers/head_helpers.cpp:396]   --->   Operation 504 'phi' 'head_ctx_ref_val_scale_started_0_2' <Predicate = true> <Delay = 0.00>
ST_1 : Operation 505 [1/1] (0.00ns)   --->   "%head_ctx_ref_softmax_started_0_2 = phi i1 %p_read_45, void %entry, i1 %head_ctx_ref_softmax_started_0_1, void %_Z15run_single_headR7HeadCtxib15ControlMemSpaceRb.exit" [/home/luka/Scripting/ELEC_498-Capstone-LiteLM/HLS-Verilog/Scheduler_FSM/src-hls/Head_Helpers/head_helpers.cpp:396]   --->   Operation 505 'phi' 'head_ctx_ref_softmax_started_0_2' <Predicate = true> <Delay = 0.00>
ST_1 : Operation 506 [1/1] (0.00ns)   --->   "%head_ctx_ref_att_value_started_0_2 = phi i1 %p_read_43, void %entry, i1 %head_ctx_ref_att_value_started_0_1, void %_Z15run_single_headR7HeadCtxib15ControlMemSpaceRb.exit" [/home/luka/Scripting/ELEC_498-Capstone-LiteLM/HLS-Verilog/Scheduler_FSM/src-hls/Head_Helpers/head_helpers.cpp:396]   --->   Operation 506 'phi' 'head_ctx_ref_att_value_started_0_2' <Predicate = true> <Delay = 0.00>
ST_1 : Operation 507 [1/1] (0.00ns)   --->   "%head_ctx_ref_head_requant_started_0_2 = phi i1 %p_read_41, void %entry, i1 %head_ctx_ref_head_requant_started_0_1, void %_Z15run_single_headR7HeadCtxib15ControlMemSpaceRb.exit" [/home/luka/Scripting/ELEC_498-Capstone-LiteLM/HLS-Verilog/Scheduler_FSM/src-hls/Head_Helpers/head_helpers.cpp:396]   --->   Operation 507 'phi' 'head_ctx_ref_head_requant_started_0_2' <Predicate = true> <Delay = 0.00>
ST_1 : Operation 508 [1/1] (0.00ns)   --->   "%head_ctx_ref_q_compute_done_0_4 = phi i1 %p_read_39, void %entry, i1 %head_ctx_ref_q_compute_done_0_3, void %_Z15run_single_headR7HeadCtxib15ControlMemSpaceRb.exit" [/home/luka/Scripting/ELEC_498-Capstone-LiteLM/HLS-Verilog/Scheduler_FSM/src-hls/Head_Helpers/head_helpers.cpp:396]   --->   Operation 508 'phi' 'head_ctx_ref_q_compute_done_0_4' <Predicate = true> <Delay = 0.00>
ST_1 : Operation 509 [1/1] (0.00ns)   --->   "%head_ctx_ref_k_compute_done_0_4 = phi i1 %p_read_37, void %entry, i1 %head_ctx_ref_k_compute_done_0_3, void %_Z15run_single_headR7HeadCtxib15ControlMemSpaceRb.exit" [/home/luka/Scripting/ELEC_498-Capstone-LiteLM/HLS-Verilog/Scheduler_FSM/src-hls/Head_Helpers/head_helpers.cpp:396]   --->   Operation 509 'phi' 'head_ctx_ref_k_compute_done_0_4' <Predicate = true> <Delay = 0.00>
ST_1 : Operation 510 [1/1] (0.00ns)   --->   "%head_ctx_ref_k_requant_compute_done_0_4 = phi i1 %p_read_35, void %entry, i1 %head_ctx_ref_k_requant_compute_done_0_3, void %_Z15run_single_headR7HeadCtxib15ControlMemSpaceRb.exit" [/home/luka/Scripting/ELEC_498-Capstone-LiteLM/HLS-Verilog/Scheduler_FSM/src-hls/Head_Helpers/head_helpers.cpp:396]   --->   Operation 510 'phi' 'head_ctx_ref_k_requant_compute_done_0_4' <Predicate = true> <Delay = 0.00>
ST_1 : Operation 511 [1/1] (0.00ns)   --->   "%head_ctx_ref_v_compute_done_0_4 = phi i1 %p_read_33, void %entry, i1 %head_ctx_ref_v_compute_done_0_3, void %_Z15run_single_headR7HeadCtxib15ControlMemSpaceRb.exit" [/home/luka/Scripting/ELEC_498-Capstone-LiteLM/HLS-Verilog/Scheduler_FSM/src-hls/Head_Helpers/head_helpers.cpp:396]   --->   Operation 511 'phi' 'head_ctx_ref_v_compute_done_0_4' <Predicate = true> <Delay = 0.00>
ST_1 : Operation 512 [1/1] (0.00ns)   --->   "%head_ctx_ref_v_requant_compute_done_0_4 = phi i1 %p_read_31, void %entry, i1 %head_ctx_ref_v_requant_compute_done_0_3, void %_Z15run_single_headR7HeadCtxib15ControlMemSpaceRb.exit" [/home/luka/Scripting/ELEC_498-Capstone-LiteLM/HLS-Verilog/Scheduler_FSM/src-hls/Head_Helpers/head_helpers.cpp:396]   --->   Operation 512 'phi' 'head_ctx_ref_v_requant_compute_done_0_4' <Predicate = true> <Delay = 0.00>
ST_1 : Operation 513 [1/1] (0.00ns)   --->   "%head_ctx_ref_requant_q_compute_done_0_4 = phi i1 %p_read_29, void %entry, i1 %head_ctx_ref_requant_q_compute_done_0_3, void %_Z15run_single_headR7HeadCtxib15ControlMemSpaceRb.exit" [/home/luka/Scripting/ELEC_498-Capstone-LiteLM/HLS-Verilog/Scheduler_FSM/src-hls/Head_Helpers/head_helpers.cpp:396]   --->   Operation 513 'phi' 'head_ctx_ref_requant_q_compute_done_0_4' <Predicate = true> <Delay = 0.00>
ST_1 : Operation 514 [1/1] (0.00ns)   --->   "%head_ctx_ref_att_scores_compute_done_0_4 = phi i1 %p_read_27, void %entry, i1 %head_ctx_ref_att_scores_compute_done_0_3, void %_Z15run_single_headR7HeadCtxib15ControlMemSpaceRb.exit" [/home/luka/Scripting/ELEC_498-Capstone-LiteLM/HLS-Verilog/Scheduler_FSM/src-hls/Head_Helpers/head_helpers.cpp:396]   --->   Operation 514 'phi' 'head_ctx_ref_att_scores_compute_done_0_4' <Predicate = true> <Delay = 0.00>
ST_1 : Operation 515 [1/1] (0.00ns)   --->   "%head_ctx_ref_val_scale_compute_done_0_4 = phi i1 %p_read_25, void %entry, i1 %head_ctx_ref_val_scale_compute_done_0_3, void %_Z15run_single_headR7HeadCtxib15ControlMemSpaceRb.exit" [/home/luka/Scripting/ELEC_498-Capstone-LiteLM/HLS-Verilog/Scheduler_FSM/src-hls/Head_Helpers/head_helpers.cpp:396]   --->   Operation 515 'phi' 'head_ctx_ref_val_scale_compute_done_0_4' <Predicate = true> <Delay = 0.00>
ST_1 : Operation 516 [1/1] (0.00ns)   --->   "%head_ctx_ref_softmax_compute_done_0_4 = phi i1 %p_read_23, void %entry, i1 %head_ctx_ref_softmax_compute_done_0_3, void %_Z15run_single_headR7HeadCtxib15ControlMemSpaceRb.exit" [/home/luka/Scripting/ELEC_498-Capstone-LiteLM/HLS-Verilog/Scheduler_FSM/src-hls/Head_Helpers/head_helpers.cpp:396]   --->   Operation 516 'phi' 'head_ctx_ref_softmax_compute_done_0_4' <Predicate = true> <Delay = 0.00>
ST_1 : Operation 517 [1/1] (0.00ns)   --->   "%head_ctx_ref_att_value_compute_done_0_4 = phi i1 %p_read_21, void %entry, i1 %head_ctx_ref_att_value_compute_done_0_3, void %_Z15run_single_headR7HeadCtxib15ControlMemSpaceRb.exit" [/home/luka/Scripting/ELEC_498-Capstone-LiteLM/HLS-Verilog/Scheduler_FSM/src-hls/Head_Helpers/head_helpers.cpp:396]   --->   Operation 517 'phi' 'head_ctx_ref_att_value_compute_done_0_4' <Predicate = true> <Delay = 0.00>
ST_1 : Operation 518 [1/1] (0.00ns)   --->   "%head_ctx_ref_head_requant_compute_done_0_4 = phi i1 %p_read_19, void %entry, i1 %head_ctx_ref_head_requant_compute_done_0_3, void %_Z15run_single_headR7HeadCtxib15ControlMemSpaceRb.exit" [/home/luka/Scripting/ELEC_498-Capstone-LiteLM/HLS-Verilog/Scheduler_FSM/src-hls/Head_Helpers/head_helpers.cpp:396]   --->   Operation 518 'phi' 'head_ctx_ref_head_requant_compute_done_0_4' <Predicate = true> <Delay = 0.00>
ST_1 : Operation 519 [1/1] (0.00ns)   --->   "%head_ctx_ref_q_dma_done_0_5 = phi i1 %p_read_17, void %entry, i1 %head_ctx_ref_q_dma_done_0_4, void %_Z15run_single_headR7HeadCtxib15ControlMemSpaceRb.exit" [/home/luka/Scripting/ELEC_498-Capstone-LiteLM/HLS-Verilog/Scheduler_FSM/src-hls/Head_Helpers/head_helpers.cpp:396]   --->   Operation 519 'phi' 'head_ctx_ref_q_dma_done_0_5' <Predicate = true> <Delay = 0.00>
ST_1 : Operation 520 [1/1] (0.00ns)   --->   "%head_ctx_ref_k_dma_done_0_5 = phi i1 %p_read_15, void %entry, i1 %head_ctx_ref_k_dma_done_0_4, void %_Z15run_single_headR7HeadCtxib15ControlMemSpaceRb.exit" [/home/luka/Scripting/ELEC_498-Capstone-LiteLM/HLS-Verilog/Scheduler_FSM/src-hls/Head_Helpers/head_helpers.cpp:396]   --->   Operation 520 'phi' 'head_ctx_ref_k_dma_done_0_5' <Predicate = true> <Delay = 0.00>
ST_1 : Operation 521 [1/1] (0.00ns)   --->   "%head_ctx_ref_k_writeback_dma_done_0_5 = phi i1 %p_read_13, void %entry, i1 %head_ctx_ref_k_writeback_dma_done_0_4, void %_Z15run_single_headR7HeadCtxib15ControlMemSpaceRb.exit" [/home/luka/Scripting/ELEC_498-Capstone-LiteLM/HLS-Verilog/Scheduler_FSM/src-hls/Head_Helpers/head_helpers.cpp:396]   --->   Operation 521 'phi' 'head_ctx_ref_k_writeback_dma_done_0_5' <Predicate = true> <Delay = 0.00>
ST_1 : Operation 522 [1/1] (0.00ns)   --->   "%head_ctx_ref_v_dma_done_0_5 = phi i1 %p_read_11, void %entry, i1 %head_ctx_ref_v_dma_done_0_4, void %_Z15run_single_headR7HeadCtxib15ControlMemSpaceRb.exit" [/home/luka/Scripting/ELEC_498-Capstone-LiteLM/HLS-Verilog/Scheduler_FSM/src-hls/Head_Helpers/head_helpers.cpp:396]   --->   Operation 522 'phi' 'head_ctx_ref_v_dma_done_0_5' <Predicate = true> <Delay = 0.00>
ST_1 : Operation 523 [1/1] (0.00ns)   --->   "%head_ctx_ref_v_writeback_dma_done_0_5 = phi i1 %p_read_9, void %entry, i1 %head_ctx_ref_v_writeback_dma_done_0_4, void %_Z15run_single_headR7HeadCtxib15ControlMemSpaceRb.exit" [/home/luka/Scripting/ELEC_498-Capstone-LiteLM/HLS-Verilog/Scheduler_FSM/src-hls/Head_Helpers/head_helpers.cpp:396]   --->   Operation 523 'phi' 'head_ctx_ref_v_writeback_dma_done_0_5' <Predicate = true> <Delay = 0.00>
ST_1 : Operation 524 [1/1] (0.00ns)   --->   "%head_ctx_ref_att_scores_dma_done_0_5 = phi i1 %p_read_7, void %entry, i1 %head_ctx_ref_att_scores_dma_done_0_4, void %_Z15run_single_headR7HeadCtxib15ControlMemSpaceRb.exit" [/home/luka/Scripting/ELEC_498-Capstone-LiteLM/HLS-Verilog/Scheduler_FSM/src-hls/Head_Helpers/head_helpers.cpp:396]   --->   Operation 524 'phi' 'head_ctx_ref_att_scores_dma_done_0_5' <Predicate = true> <Delay = 0.00>
ST_1 : Operation 525 [1/1] (0.00ns)   --->   "%head_ctx_ref_att_value_dma_done_0_5 = phi i1 %p_read_5, void %entry, i1 %head_ctx_ref_att_value_dma_done_0_4, void %_Z15run_single_headR7HeadCtxib15ControlMemSpaceRb.exit" [/home/luka/Scripting/ELEC_498-Capstone-LiteLM/HLS-Verilog/Scheduler_FSM/src-hls/Head_Helpers/head_helpers.cpp:396]   --->   Operation 525 'phi' 'head_ctx_ref_att_value_dma_done_0_5' <Predicate = true> <Delay = 0.00>
ST_1 : Operation 526 [1/1] (0.00ns)   --->   "%group_finished = phi i1 1, void %entry, i1 %head_done, void %_Z15run_single_headR7HeadCtxib15ControlMemSpaceRb.exit"   --->   Operation 526 'phi' 'group_finished' <Predicate = true> <Delay = 0.00>
ST_1 : Operation 527 [1/1] (0.00ns)   --->   "%zext_ln404 = zext i4 %head_ctx_ref_last_wl_addr_0_2" [/home/luka/Scripting/ELEC_498-Capstone-LiteLM/HLS-Verilog/Scheduler_FSM/src-hls/Head_Helpers/head_helpers.cpp:404]   --->   Operation 527 'zext' 'zext_ln404' <Predicate = true> <Delay = 0.00>
ST_1 : Operation 528 [1/1] (0.00ns)   --->   "%zext_ln404_1 = zext i4 %head_ctx_ref_phase_0_2" [/home/luka/Scripting/ELEC_498-Capstone-LiteLM/HLS-Verilog/Scheduler_FSM/src-hls/Head_Helpers/head_helpers.cpp:404]   --->   Operation 528 'zext' 'zext_ln404_1' <Predicate = true> <Delay = 0.00>
ST_1 : Operation 529 [1/1] (0.79ns)   --->   "%icmp_ln416_1 = icmp_eq  i4 %head_ctx_ref_phase_read_1, i4 0" [/home/luka/Scripting/ELEC_498-Capstone-LiteLM/HLS-Verilog/Scheduler_FSM/src-hls/Head_Helpers/head_helpers.cpp:416]   --->   Operation 529 'icmp' 'icmp_ln416_1' <Predicate = true> <Delay = 0.79> <CoreInst = "Cmp">   --->   Core 9 'Cmp' <Latency = 0> <II = 1> <Delay = 0.79> <FuncUnit> <Opcode : 'seteq' 'setne' 'setle' 'setge' 'setlt' 'setgt'> <InPorts = 2> <OutPorts = 1>
ST_1 : Operation 530 [1/1] (0.28ns)   --->   "%and_ln416_1 = and i1 %icmp_ln416_1, i1 %start_read" [/home/luka/Scripting/ELEC_498-Capstone-LiteLM/HLS-Verilog/Scheduler_FSM/src-hls/Head_Helpers/head_helpers.cpp:416]   --->   Operation 530 'and' 'and_ln416_1' <Predicate = true> <Delay = 0.28> <CoreInst = "LogicGate">   --->   Core 74 'LogicGate' <Latency = 0> <II = 1> <Delay = 0.28> <FuncUnit> <Opcode : 'and' 'or' 'xor'> <InPorts = 2> <OutPorts = 1>
ST_1 : Operation 531 [1/1] (0.79ns)   --->   "%icmp_ln418_1 = icmp_eq  i4 %head_ctx_ref_phase_read_1, i4 14" [/home/luka/Scripting/ELEC_498-Capstone-LiteLM/HLS-Verilog/Scheduler_FSM/src-hls/Head_Helpers/head_helpers.cpp:418]   --->   Operation 531 'icmp' 'icmp_ln418_1' <Predicate = true> <Delay = 0.79> <CoreInst = "Cmp">   --->   Core 9 'Cmp' <Latency = 0> <II = 1> <Delay = 0.79> <FuncUnit> <Opcode : 'seteq' 'setne' 'setle' 'setge' 'setlt' 'setgt'> <InPorts = 2> <OutPorts = 1>
ST_1 : Operation 532 [1/1] (0.42ns)   --->   "%br_ln418 = br i1 %icmp_ln418_1, void %if.then.1, void %for.end" [/home/luka/Scripting/ELEC_498-Capstone-LiteLM/HLS-Verilog/Scheduler_FSM/src-hls/Head_Helpers/head_helpers.cpp:418]   --->   Operation 532 'br' 'br_ln418' <Predicate = true> <Delay = 0.42>
ST_1 : Operation 533 [1/1] (1.01ns)   --->   "%icmp_ln97_1 = icmp_eq  i32 %p_read_86, i32 %layer_idx_read" [/home/luka/Scripting/ELEC_498-Capstone-LiteLM/HLS-Verilog/Scheduler_FSM/src-hls/Head_Helpers/head_helpers.cpp:97->/home/luka/Scripting/ELEC_498-Capstone-LiteLM/HLS-Verilog/Scheduler_FSM/src-hls/Head_Helpers/head_helpers.cpp:419]   --->   Operation 533 'icmp' 'icmp_ln97_1' <Predicate = (!icmp_ln418_1)> <Delay = 1.01> <CoreInst = "Cmp">   --->   Core 9 'Cmp' <Latency = 0> <II = 1> <Delay = 1.01> <FuncUnit> <Opcode : 'seteq' 'setne' 'setle' 'setge' 'setlt' 'setgt'> <InPorts = 2> <OutPorts = 1>
ST_1 : Operation 534 [1/1] (0.42ns)   --->   "%br_ln97 = br i1 %icmp_ln97_1, void %if.then.i.1, void %if.end.i.1_ifconv" [/home/luka/Scripting/ELEC_498-Capstone-LiteLM/HLS-Verilog/Scheduler_FSM/src-hls/Head_Helpers/head_helpers.cpp:97->/home/luka/Scripting/ELEC_498-Capstone-LiteLM/HLS-Verilog/Scheduler_FSM/src-hls/Head_Helpers/head_helpers.cpp:419]   --->   Operation 534 'br' 'br_ln97' <Predicate = (!icmp_ln418_1)> <Delay = 0.42>
ST_1 : Operation 535 [1/1] (0.00ns)   --->   "%trunc_ln12_2 = trunc i32 %p_read_84" [/home/luka/Scripting/ELEC_498-Capstone-LiteLM/HLS-Verilog/Scheduler_FSM/src-hls/Head_Helpers/head_helpers.cpp:12->/home/luka/Scripting/ELEC_498-Capstone-LiteLM/HLS-Verilog/Scheduler_FSM/src-hls/Head_Helpers/head_helpers.cpp:36->/home/luka/Scripting/ELEC_498-Capstone-LiteLM/HLS-Verilog/Scheduler_FSM/src-hls/Head_Helpers/head_helpers.cpp:98->/home/luka/Scripting/ELEC_498-Capstone-LiteLM/HLS-Verilog/Scheduler_FSM/src-hls/Head_Helpers/head_helpers.cpp:419]   --->   Operation 535 'trunc' 'trunc_ln12_2' <Predicate = (!icmp_ln418_1 & !icmp_ln97_1)> <Delay = 0.00>
ST_1 : Operation 536 [1/1] (0.00ns)   --->   "%ctx_compute_op_write_assign_2 = bitconcatenate i25 @_ssdm_op_BitConcatenate.i25.i1.i8.i8.i8, i1 1, i8 %trunc_ln12_2, i8 %empty, i8 0" [/home/luka/Scripting/ELEC_498-Capstone-LiteLM/HLS-Verilog/Scheduler_FSM/src-hls/Head_Helpers/head_helpers.cpp:12->/home/luka/Scripting/ELEC_498-Capstone-LiteLM/HLS-Verilog/Scheduler_FSM/src-hls/Head_Helpers/head_helpers.cpp:36->/home/luka/Scripting/ELEC_498-Capstone-LiteLM/HLS-Verilog/Scheduler_FSM/src-hls/Head_Helpers/head_helpers.cpp:98->/home/luka/Scripting/ELEC_498-Capstone-LiteLM/HLS-Verilog/Scheduler_FSM/src-hls/Head_Helpers/head_helpers.cpp:419]   --->   Operation 536 'bitconcatenate' 'ctx_compute_op_write_assign_2' <Predicate = (!icmp_ln418_1 & !icmp_ln97_1)> <Delay = 0.00>
ST_1 : Operation 537 [1/1] (0.00ns)   --->   "%sext_ln29_2 = sext i25 %ctx_compute_op_write_assign_2" [/home/luka/Scripting/ELEC_498-Capstone-LiteLM/HLS-Verilog/Scheduler_FSM/src-hls/Head_Helpers/head_helpers.cpp:29->/home/luka/Scripting/ELEC_498-Capstone-LiteLM/HLS-Verilog/Scheduler_FSM/src-hls/Head_Helpers/head_helpers.cpp:98->/home/luka/Scripting/ELEC_498-Capstone-LiteLM/HLS-Verilog/Scheduler_FSM/src-hls/Head_Helpers/head_helpers.cpp:419]   --->   Operation 537 'sext' 'sext_ln29_2' <Predicate = (!icmp_ln418_1 & !icmp_ln97_1)> <Delay = 0.00>
ST_1 : Operation 538 [1/1] (0.42ns)   --->   "%br_ln99 = br void %if.end.i.1_ifconv" [/home/luka/Scripting/ELEC_498-Capstone-LiteLM/HLS-Verilog/Scheduler_FSM/src-hls/Head_Helpers/head_helpers.cpp:99->/home/luka/Scripting/ELEC_498-Capstone-LiteLM/HLS-Verilog/Scheduler_FSM/src-hls/Head_Helpers/head_helpers.cpp:419]   --->   Operation 538 'br' 'br_ln99' <Predicate = (!icmp_ln418_1 & !icmp_ln97_1)> <Delay = 0.42>
ST_1 : Operation 539 [1/1] (0.00ns)   --->   "%head_ctx_ref_layer_stamp_1_1 = phi i32 %p_read_86, void %if.then.1, i32 %layer_idx_read, void %if.then.i.1" [/home/luka/Scripting/ELEC_498-Capstone-LiteLM/HLS-Verilog/Scheduler_FSM/src-hls/Head_Helpers/head_helpers.cpp:396]   --->   Operation 539 'phi' 'head_ctx_ref_layer_stamp_1_1' <Predicate = (!icmp_ln418_1)> <Delay = 0.00>
ST_1 : Operation 540 [1/1] (0.00ns)   --->   "%head_ctx_ref_phase_1_1 = phi i4 %head_ctx_ref_phase_read_1, void %if.then.1, i4 0, void %if.then.i.1" [/home/luka/Scripting/ELEC_498-Capstone-LiteLM/HLS-Verilog/Scheduler_FSM/src-hls/Head_Helpers/head_helpers.cpp:396]   --->   Operation 540 'phi' 'head_ctx_ref_phase_1_1' <Predicate = (!icmp_ln418_1)> <Delay = 0.00>
ST_1 : Operation 541 [1/1] (0.00ns)   --->   "%head_ctx_ref_compute_ready_1_1 = phi i1 %p_read_82, void %if.then.1, i1 0, void %if.then.i.1" [/home/luka/Scripting/ELEC_498-Capstone-LiteLM/HLS-Verilog/Scheduler_FSM/src-hls/Head_Helpers/head_helpers.cpp:396]   --->   Operation 541 'phi' 'head_ctx_ref_compute_ready_1_1' <Predicate = (!icmp_ln418_1)> <Delay = 0.00>
ST_1 : Operation 542 [1/1] (0.00ns)   --->   "%head_ctx_ref_compute_done_1_1 = phi i1 %p_read_80, void %if.then.1, i1 0, void %if.then.i.1" [/home/luka/Scripting/ELEC_498-Capstone-LiteLM/HLS-Verilog/Scheduler_FSM/src-hls/Head_Helpers/head_helpers.cpp:396]   --->   Operation 542 'phi' 'head_ctx_ref_compute_done_1_1' <Predicate = (!icmp_ln418_1)> <Delay = 0.00>
ST_1 : Operation 543 [1/1] (0.00ns)   --->   "%head_ctx_ref_compute_start_1_1 = phi i1 %p_read_78, void %if.then.1, i1 0, void %if.then.i.1" [/home/luka/Scripting/ELEC_498-Capstone-LiteLM/HLS-Verilog/Scheduler_FSM/src-hls/Head_Helpers/head_helpers.cpp:396]   --->   Operation 543 'phi' 'head_ctx_ref_compute_start_1_1' <Predicate = (!icmp_ln418_1)> <Delay = 0.00>
ST_1 : Operation 544 [1/1] (0.00ns) (grouped into LUT with out node head_ctx_ref_compute_op_1_2)   --->   "%head_ctx_ref_compute_op_1_1 = phi i32 %p_read_76, void %if.then.1, i32 %sext_ln29_2, void %if.then.i.1" [/home/luka/Scripting/ELEC_498-Capstone-LiteLM/HLS-Verilog/Scheduler_FSM/src-hls/Head_Helpers/head_helpers.cpp:396]   --->   Operation 544 'phi' 'head_ctx_ref_compute_op_1_1' <Predicate = (!icmp_ln418_1 & or_ln105_1)> <Delay = 0.00>
ST_1 : Operation 545 [1/1] (0.00ns)   --->   "%packed_op_assign_1 = phi i32 %p_read_74, void %if.then.1, i32 %sext_ln29_2, void %if.then.i.1" [/home/luka/Scripting/ELEC_498-Capstone-LiteLM/HLS-Verilog/Scheduler_FSM/src-hls/Head_Helpers/head_helpers.cpp:396]   --->   Operation 545 'phi' 'packed_op_assign_1' <Predicate = (!icmp_ln418_1)> <Delay = 0.00>
ST_1 : Operation 546 [1/1] (0.00ns)   --->   "%head_ctx_ref_last_wl_addr_1_1 = phi i4 %head_ctx_ref_last_wl_addr_read_1, void %if.then.1, i4 0, void %if.then.i.1" [/home/luka/Scripting/ELEC_498-Capstone-LiteLM/HLS-Verilog/Scheduler_FSM/src-hls/Head_Helpers/head_helpers.cpp:396]   --->   Operation 546 'phi' 'head_ctx_ref_last_wl_addr_1_1' <Predicate = (!icmp_ln418_1)> <Delay = 0.00>
ST_1 : Operation 547 [1/1] (0.00ns)   --->   "%head_ctx_ref_wl_ready_1_1 = phi i1 %p_read_72, void %if.then.1, i1 0, void %if.then.i.1" [/home/luka/Scripting/ELEC_498-Capstone-LiteLM/HLS-Verilog/Scheduler_FSM/src-hls/Head_Helpers/head_helpers.cpp:396]   --->   Operation 547 'phi' 'head_ctx_ref_wl_ready_1_1' <Predicate = (!icmp_ln418_1)> <Delay = 0.00>
ST_1 : Operation 548 [1/1] (0.00ns)   --->   "%head_ctx_ref_wl_start_1_1 = phi i1 %p_read_70, void %if.then.1, i1 0, void %if.then.i.1" [/home/luka/Scripting/ELEC_498-Capstone-LiteLM/HLS-Verilog/Scheduler_FSM/src-hls/Head_Helpers/head_helpers.cpp:396]   --->   Operation 548 'phi' 'head_ctx_ref_wl_start_1_1' <Predicate = (!icmp_ln418_1)> <Delay = 0.00>
ST_1 : Operation 549 [1/1] (0.00ns) (grouped into LUT with out node head_ctx_ref_wl_instruction_1_2)   --->   "%head_ctx_ref_wl_instruction_1_1 = phi i32 %p_read_68, void %if.then.1, i32 %sext_ln29_2, void %if.then.i.1" [/home/luka/Scripting/ELEC_498-Capstone-LiteLM/HLS-Verilog/Scheduler_FSM/src-hls/Head_Helpers/head_helpers.cpp:396]   --->   Operation 549 'phi' 'head_ctx_ref_wl_instruction_1_1' <Predicate = (!icmp_ln418_1 & or_ln100_1)> <Delay = 0.00>
ST_1 : Operation 550 [1/1] (0.00ns)   --->   "%head_ctx_ref_dma_done_1_1 = phi i1 %p_read_66, void %if.then.1, i1 0, void %if.then.i.1" [/home/luka/Scripting/ELEC_498-Capstone-LiteLM/HLS-Verilog/Scheduler_FSM/src-hls/Head_Helpers/head_helpers.cpp:396]   --->   Operation 550 'phi' 'head_ctx_ref_dma_done_1_1' <Predicate = (!icmp_ln418_1)> <Delay = 0.00>
ST_1 : Operation 551 [1/1] (0.00ns)   --->   "%head_ctx_ref_start_head_1_1 = phi i1 %and_ln416_1, void %if.then.1, i1 0, void %if.then.i.1" [/home/luka/Scripting/ELEC_498-Capstone-LiteLM/HLS-Verilog/Scheduler_FSM/src-hls/Head_Helpers/head_helpers.cpp:416]   --->   Operation 551 'phi' 'head_ctx_ref_start_head_1_1' <Predicate = (!icmp_ln418_1)> <Delay = 0.00>
ST_1 : Operation 552 [1/1] (0.00ns)   --->   "%head_ctx_ref_q_started_1_1 = phi i1 %p_read_64, void %if.then.1, i1 0, void %if.then.i.1" [/home/luka/Scripting/ELEC_498-Capstone-LiteLM/HLS-Verilog/Scheduler_FSM/src-hls/Head_Helpers/head_helpers.cpp:396]   --->   Operation 552 'phi' 'head_ctx_ref_q_started_1_1' <Predicate = (!icmp_ln418_1)> <Delay = 0.00>
ST_1 : Operation 553 [1/1] (0.00ns)   --->   "%head_ctx_ref_k_started_1_1 = phi i1 %p_read_62, void %if.then.1, i1 0, void %if.then.i.1" [/home/luka/Scripting/ELEC_498-Capstone-LiteLM/HLS-Verilog/Scheduler_FSM/src-hls/Head_Helpers/head_helpers.cpp:396]   --->   Operation 553 'phi' 'head_ctx_ref_k_started_1_1' <Predicate = (!icmp_ln418_1)> <Delay = 0.00>
ST_1 : Operation 554 [1/1] (0.00ns)   --->   "%head_ctx_ref_k_requant_started_1_1 = phi i1 %p_read_60, void %if.then.1, i1 0, void %if.then.i.1" [/home/luka/Scripting/ELEC_498-Capstone-LiteLM/HLS-Verilog/Scheduler_FSM/src-hls/Head_Helpers/head_helpers.cpp:396]   --->   Operation 554 'phi' 'head_ctx_ref_k_requant_started_1_1' <Predicate = (!icmp_ln418_1)> <Delay = 0.00>
ST_1 : Operation 555 [1/1] (0.00ns)   --->   "%head_ctx_ref_k_writeback_started_1_1 = phi i1 %p_read_58, void %if.then.1, i1 0, void %if.then.i.1" [/home/luka/Scripting/ELEC_498-Capstone-LiteLM/HLS-Verilog/Scheduler_FSM/src-hls/Head_Helpers/head_helpers.cpp:396]   --->   Operation 555 'phi' 'head_ctx_ref_k_writeback_started_1_1' <Predicate = (!icmp_ln418_1)> <Delay = 0.00>
ST_1 : Operation 556 [1/1] (0.00ns)   --->   "%head_ctx_ref_v_started_1_1 = phi i1 %p_read_56, void %if.then.1, i1 0, void %if.then.i.1" [/home/luka/Scripting/ELEC_498-Capstone-LiteLM/HLS-Verilog/Scheduler_FSM/src-hls/Head_Helpers/head_helpers.cpp:396]   --->   Operation 556 'phi' 'head_ctx_ref_v_started_1_1' <Predicate = (!icmp_ln418_1)> <Delay = 0.00>
ST_1 : Operation 557 [1/1] (0.00ns)   --->   "%head_ctx_ref_v_requant_started_1_1 = phi i1 %p_read_54, void %if.then.1, i1 0, void %if.then.i.1" [/home/luka/Scripting/ELEC_498-Capstone-LiteLM/HLS-Verilog/Scheduler_FSM/src-hls/Head_Helpers/head_helpers.cpp:396]   --->   Operation 557 'phi' 'head_ctx_ref_v_requant_started_1_1' <Predicate = (!icmp_ln418_1)> <Delay = 0.00>
ST_1 : Operation 558 [1/1] (0.00ns)   --->   "%head_ctx_ref_v_writeback_started_1_1 = phi i1 %p_read_52, void %if.then.1, i1 0, void %if.then.i.1" [/home/luka/Scripting/ELEC_498-Capstone-LiteLM/HLS-Verilog/Scheduler_FSM/src-hls/Head_Helpers/head_helpers.cpp:396]   --->   Operation 558 'phi' 'head_ctx_ref_v_writeback_started_1_1' <Predicate = (!icmp_ln418_1)> <Delay = 0.00>
ST_1 : Operation 559 [1/1] (0.00ns)   --->   "%head_ctx_ref_requant_q_started_1_1 = phi i1 %p_read_50, void %if.then.1, i1 0, void %if.then.i.1" [/home/luka/Scripting/ELEC_498-Capstone-LiteLM/HLS-Verilog/Scheduler_FSM/src-hls/Head_Helpers/head_helpers.cpp:396]   --->   Operation 559 'phi' 'head_ctx_ref_requant_q_started_1_1' <Predicate = (!icmp_ln418_1)> <Delay = 0.00>
ST_1 : Operation 560 [1/1] (0.00ns)   --->   "%head_ctx_ref_att_scores_started_1_1 = phi i1 %p_read_48, void %if.then.1, i1 0, void %if.then.i.1" [/home/luka/Scripting/ELEC_498-Capstone-LiteLM/HLS-Verilog/Scheduler_FSM/src-hls/Head_Helpers/head_helpers.cpp:396]   --->   Operation 560 'phi' 'head_ctx_ref_att_scores_started_1_1' <Predicate = (!icmp_ln418_1)> <Delay = 0.00>
ST_1 : Operation 561 [1/1] (0.00ns)   --->   "%head_ctx_ref_val_scale_started_1_1 = phi i1 %p_read_46, void %if.then.1, i1 0, void %if.then.i.1" [/home/luka/Scripting/ELEC_498-Capstone-LiteLM/HLS-Verilog/Scheduler_FSM/src-hls/Head_Helpers/head_helpers.cpp:396]   --->   Operation 561 'phi' 'head_ctx_ref_val_scale_started_1_1' <Predicate = (!icmp_ln418_1)> <Delay = 0.00>
ST_1 : Operation 562 [1/1] (0.00ns)   --->   "%head_ctx_ref_softmax_started_1_1 = phi i1 %p_read_44, void %if.then.1, i1 0, void %if.then.i.1" [/home/luka/Scripting/ELEC_498-Capstone-LiteLM/HLS-Verilog/Scheduler_FSM/src-hls/Head_Helpers/head_helpers.cpp:396]   --->   Operation 562 'phi' 'head_ctx_ref_softmax_started_1_1' <Predicate = (!icmp_ln418_1)> <Delay = 0.00>
ST_1 : Operation 563 [1/1] (0.00ns)   --->   "%head_ctx_ref_att_value_started_1_1 = phi i1 %p_read_42, void %if.then.1, i1 0, void %if.then.i.1" [/home/luka/Scripting/ELEC_498-Capstone-LiteLM/HLS-Verilog/Scheduler_FSM/src-hls/Head_Helpers/head_helpers.cpp:396]   --->   Operation 563 'phi' 'head_ctx_ref_att_value_started_1_1' <Predicate = (!icmp_ln418_1)> <Delay = 0.00>
ST_1 : Operation 564 [1/1] (0.00ns)   --->   "%head_ctx_ref_head_requant_started_1_1 = phi i1 %p_read_40, void %if.then.1, i1 0, void %if.then.i.1" [/home/luka/Scripting/ELEC_498-Capstone-LiteLM/HLS-Verilog/Scheduler_FSM/src-hls/Head_Helpers/head_helpers.cpp:396]   --->   Operation 564 'phi' 'head_ctx_ref_head_requant_started_1_1' <Predicate = (!icmp_ln418_1)> <Delay = 0.00>
ST_1 : Operation 565 [1/1] (0.00ns) (grouped into LUT with out node head_ctx_ref_q_compute_done_1_3)   --->   "%head_ctx_ref_q_compute_done_1_1 = phi i1 %p_read_38, void %if.then.1, i1 0, void %if.then.i.1" [/home/luka/Scripting/ELEC_498-Capstone-LiteLM/HLS-Verilog/Scheduler_FSM/src-hls/Head_Helpers/head_helpers.cpp:396]   --->   Operation 565 'phi' 'head_ctx_ref_q_compute_done_1_1' <Predicate = (!icmp_ln418_1)> <Delay = 0.00>
ST_1 : Operation 566 [1/1] (0.00ns) (grouped into LUT with out node head_ctx_ref_k_compute_done_1_3)   --->   "%head_ctx_ref_k_compute_done_1_1 = phi i1 %p_read_36, void %if.then.1, i1 0, void %if.then.i.1" [/home/luka/Scripting/ELEC_498-Capstone-LiteLM/HLS-Verilog/Scheduler_FSM/src-hls/Head_Helpers/head_helpers.cpp:396]   --->   Operation 566 'phi' 'head_ctx_ref_k_compute_done_1_1' <Predicate = (!icmp_ln418_1)> <Delay = 0.00>
ST_1 : Operation 567 [1/1] (0.00ns) (grouped into LUT with out node head_ctx_ref_k_requant_compute_done_1_3)   --->   "%head_ctx_ref_k_requant_compute_done_1_1 = phi i1 %p_read_34, void %if.then.1, i1 0, void %if.then.i.1" [/home/luka/Scripting/ELEC_498-Capstone-LiteLM/HLS-Verilog/Scheduler_FSM/src-hls/Head_Helpers/head_helpers.cpp:396]   --->   Operation 567 'phi' 'head_ctx_ref_k_requant_compute_done_1_1' <Predicate = (!icmp_ln418_1)> <Delay = 0.00>
ST_1 : Operation 568 [1/1] (0.00ns) (grouped into LUT with out node head_ctx_ref_v_compute_done_1_3)   --->   "%head_ctx_ref_v_compute_done_1_1 = phi i1 %p_read_32, void %if.then.1, i1 0, void %if.then.i.1" [/home/luka/Scripting/ELEC_498-Capstone-LiteLM/HLS-Verilog/Scheduler_FSM/src-hls/Head_Helpers/head_helpers.cpp:396]   --->   Operation 568 'phi' 'head_ctx_ref_v_compute_done_1_1' <Predicate = (!icmp_ln418_1)> <Delay = 0.00>
ST_1 : Operation 569 [1/1] (0.00ns) (grouped into LUT with out node head_ctx_ref_v_requant_compute_done_1_3)   --->   "%head_ctx_ref_v_requant_compute_done_1_1 = phi i1 %p_read_30, void %if.then.1, i1 0, void %if.then.i.1" [/home/luka/Scripting/ELEC_498-Capstone-LiteLM/HLS-Verilog/Scheduler_FSM/src-hls/Head_Helpers/head_helpers.cpp:396]   --->   Operation 569 'phi' 'head_ctx_ref_v_requant_compute_done_1_1' <Predicate = (!icmp_ln418_1)> <Delay = 0.00>
ST_1 : Operation 570 [1/1] (0.00ns) (grouped into LUT with out node head_ctx_ref_requant_q_compute_done_1_3)   --->   "%head_ctx_ref_requant_q_compute_done_1_1 = phi i1 %p_read_28, void %if.then.1, i1 0, void %if.then.i.1" [/home/luka/Scripting/ELEC_498-Capstone-LiteLM/HLS-Verilog/Scheduler_FSM/src-hls/Head_Helpers/head_helpers.cpp:396]   --->   Operation 570 'phi' 'head_ctx_ref_requant_q_compute_done_1_1' <Predicate = (!icmp_ln418_1)> <Delay = 0.00>
ST_1 : Operation 571 [1/1] (0.00ns) (grouped into LUT with out node head_ctx_ref_att_scores_compute_done_1_3)   --->   "%head_ctx_ref_att_scores_compute_done_1_1 = phi i1 %p_read_26, void %if.then.1, i1 0, void %if.then.i.1" [/home/luka/Scripting/ELEC_498-Capstone-LiteLM/HLS-Verilog/Scheduler_FSM/src-hls/Head_Helpers/head_helpers.cpp:396]   --->   Operation 571 'phi' 'head_ctx_ref_att_scores_compute_done_1_1' <Predicate = (!icmp_ln418_1)> <Delay = 0.00>
ST_1 : Operation 572 [1/1] (0.00ns) (grouped into LUT with out node head_ctx_ref_val_scale_compute_done_1_3)   --->   "%head_ctx_ref_val_scale_compute_done_1_1 = phi i1 %p_read_24, void %if.then.1, i1 0, void %if.then.i.1" [/home/luka/Scripting/ELEC_498-Capstone-LiteLM/HLS-Verilog/Scheduler_FSM/src-hls/Head_Helpers/head_helpers.cpp:396]   --->   Operation 572 'phi' 'head_ctx_ref_val_scale_compute_done_1_1' <Predicate = (!icmp_ln418_1)> <Delay = 0.00>
ST_1 : Operation 573 [1/1] (0.00ns) (grouped into LUT with out node head_ctx_ref_softmax_compute_done_1_3)   --->   "%head_ctx_ref_softmax_compute_done_1_1 = phi i1 %p_read_22, void %if.then.1, i1 0, void %if.then.i.1" [/home/luka/Scripting/ELEC_498-Capstone-LiteLM/HLS-Verilog/Scheduler_FSM/src-hls/Head_Helpers/head_helpers.cpp:396]   --->   Operation 573 'phi' 'head_ctx_ref_softmax_compute_done_1_1' <Predicate = (!icmp_ln418_1)> <Delay = 0.00>
ST_1 : Operation 574 [1/1] (0.00ns) (grouped into LUT with out node head_ctx_ref_att_value_compute_done_1_3)   --->   "%head_ctx_ref_att_value_compute_done_1_1 = phi i1 %p_read_20, void %if.then.1, i1 0, void %if.then.i.1" [/home/luka/Scripting/ELEC_498-Capstone-LiteLM/HLS-Verilog/Scheduler_FSM/src-hls/Head_Helpers/head_helpers.cpp:396]   --->   Operation 574 'phi' 'head_ctx_ref_att_value_compute_done_1_1' <Predicate = (!icmp_ln418_1)> <Delay = 0.00>
ST_1 : Operation 575 [1/1] (0.00ns) (grouped into LUT with out node head_ctx_ref_head_requant_compute_done_1_3)   --->   "%head_ctx_ref_head_requant_compute_done_1_1 = phi i1 %p_read_18, void %if.then.1, i1 0, void %if.then.i.1" [/home/luka/Scripting/ELEC_498-Capstone-LiteLM/HLS-Verilog/Scheduler_FSM/src-hls/Head_Helpers/head_helpers.cpp:396]   --->   Operation 575 'phi' 'head_ctx_ref_head_requant_compute_done_1_1' <Predicate = (!icmp_ln418_1)> <Delay = 0.00>
ST_1 : Operation 576 [1/1] (0.00ns)   --->   "%head_ctx_ref_q_dma_done_1_1 = phi i1 %p_read_16, void %if.then.1, i1 0, void %if.then.i.1" [/home/luka/Scripting/ELEC_498-Capstone-LiteLM/HLS-Verilog/Scheduler_FSM/src-hls/Head_Helpers/head_helpers.cpp:396]   --->   Operation 576 'phi' 'head_ctx_ref_q_dma_done_1_1' <Predicate = (!icmp_ln418_1)> <Delay = 0.00>
ST_1 : Operation 577 [1/1] (0.00ns)   --->   "%head_ctx_ref_k_dma_done_1_1 = phi i1 %p_read_14, void %if.then.1, i1 0, void %if.then.i.1" [/home/luka/Scripting/ELEC_498-Capstone-LiteLM/HLS-Verilog/Scheduler_FSM/src-hls/Head_Helpers/head_helpers.cpp:396]   --->   Operation 577 'phi' 'head_ctx_ref_k_dma_done_1_1' <Predicate = (!icmp_ln418_1)> <Delay = 0.00>
ST_1 : Operation 578 [1/1] (0.00ns)   --->   "%head_ctx_ref_k_writeback_dma_done_1_1 = phi i1 %p_read_12, void %if.then.1, i1 0, void %if.then.i.1" [/home/luka/Scripting/ELEC_498-Capstone-LiteLM/HLS-Verilog/Scheduler_FSM/src-hls/Head_Helpers/head_helpers.cpp:396]   --->   Operation 578 'phi' 'head_ctx_ref_k_writeback_dma_done_1_1' <Predicate = (!icmp_ln418_1)> <Delay = 0.00>
ST_1 : Operation 579 [1/1] (0.00ns)   --->   "%head_ctx_ref_v_dma_done_1_1 = phi i1 %p_read_10, void %if.then.1, i1 0, void %if.then.i.1" [/home/luka/Scripting/ELEC_498-Capstone-LiteLM/HLS-Verilog/Scheduler_FSM/src-hls/Head_Helpers/head_helpers.cpp:396]   --->   Operation 579 'phi' 'head_ctx_ref_v_dma_done_1_1' <Predicate = (!icmp_ln418_1)> <Delay = 0.00>
ST_1 : Operation 580 [1/1] (0.00ns)   --->   "%head_ctx_ref_v_writeback_dma_done_1_1 = phi i1 %p_read_8, void %if.then.1, i1 0, void %if.then.i.1" [/home/luka/Scripting/ELEC_498-Capstone-LiteLM/HLS-Verilog/Scheduler_FSM/src-hls/Head_Helpers/head_helpers.cpp:396]   --->   Operation 580 'phi' 'head_ctx_ref_v_writeback_dma_done_1_1' <Predicate = (!icmp_ln418_1)> <Delay = 0.00>
ST_1 : Operation 581 [1/1] (0.00ns)   --->   "%head_ctx_ref_att_scores_dma_done_1_1 = phi i1 %p_read_6, void %if.then.1, i1 0, void %if.then.i.1" [/home/luka/Scripting/ELEC_498-Capstone-LiteLM/HLS-Verilog/Scheduler_FSM/src-hls/Head_Helpers/head_helpers.cpp:396]   --->   Operation 581 'phi' 'head_ctx_ref_att_scores_dma_done_1_1' <Predicate = (!icmp_ln418_1)> <Delay = 0.00>
ST_1 : Operation 582 [1/1] (0.00ns)   --->   "%head_ctx_ref_att_value_dma_done_1_1 = phi i1 %p_read_4, void %if.then.1, i1 0, void %if.then.i.1" [/home/luka/Scripting/ELEC_498-Capstone-LiteLM/HLS-Verilog/Scheduler_FSM/src-hls/Head_Helpers/head_helpers.cpp:396]   --->   Operation 582 'phi' 'head_ctx_ref_att_value_dma_done_1_1' <Predicate = (!icmp_ln418_1)> <Delay = 0.00>
ST_1 : Operation 583 [1/1] (0.00ns) (grouped into LUT with out node head_ctx_ref_wl_instruction_1_2)   --->   "%xor_ln100_1 = xor i1 %head_ctx_ref_wl_start_1_1, i1 1" [/home/luka/Scripting/ELEC_498-Capstone-LiteLM/HLS-Verilog/Scheduler_FSM/src-hls/Head_Helpers/head_helpers.cpp:100->/home/luka/Scripting/ELEC_498-Capstone-LiteLM/HLS-Verilog/Scheduler_FSM/src-hls/Head_Helpers/head_helpers.cpp:419]   --->   Operation 583 'xor' 'xor_ln100_1' <Predicate = (!icmp_ln418_1)> <Delay = 0.00> <CoreInst = "LogicGate">   --->   Core 74 'LogicGate' <Latency = 0> <II = 1> <Delay = 0.28> <FuncUnit> <Opcode : 'and' 'or' 'xor'> <InPorts = 2> <OutPorts = 1>
ST_1 : Operation 584 [1/1] (0.00ns) (grouped into LUT with out node head_ctx_ref_wl_instruction_1_2)   --->   "%or_ln100_1 = or i1 %head_ctx_ref_wl_ready_1_1, i1 %xor_ln100_1" [/home/luka/Scripting/ELEC_498-Capstone-LiteLM/HLS-Verilog/Scheduler_FSM/src-hls/Head_Helpers/head_helpers.cpp:100->/home/luka/Scripting/ELEC_498-Capstone-LiteLM/HLS-Verilog/Scheduler_FSM/src-hls/Head_Helpers/head_helpers.cpp:419]   --->   Operation 584 'or' 'or_ln100_1' <Predicate = (!icmp_ln418_1)> <Delay = 0.00> <CoreInst = "LogicGate">   --->   Core 74 'LogicGate' <Latency = 0> <II = 1> <Delay = 0.28> <FuncUnit> <Opcode : 'and' 'or' 'xor'> <InPorts = 2> <OutPorts = 1>
ST_1 : Operation 585 [1/1] (0.00ns)   --->   "%trunc_ln21_1 = trunc i32 %p_read_84" [/home/luka/Scripting/ELEC_498-Capstone-LiteLM/HLS-Verilog/Scheduler_FSM/src-hls/Head_Helpers/head_helpers.cpp:21->/home/luka/Scripting/ELEC_498-Capstone-LiteLM/HLS-Verilog/Scheduler_FSM/src-hls/Head_Helpers/head_helpers.cpp:102->/home/luka/Scripting/ELEC_498-Capstone-LiteLM/HLS-Verilog/Scheduler_FSM/src-hls/Head_Helpers/head_helpers.cpp:419]   --->   Operation 585 'trunc' 'trunc_ln21_1' <Predicate = (!icmp_ln418_1)> <Delay = 0.00>
ST_1 : Operation 586 [1/1] (0.00ns)   --->   "%or_ln21_8 = bitconcatenate i25 @_ssdm_op_BitConcatenate.i25.i1.i8.i8.i8, i1 1, i8 %trunc_ln21_1, i8 %empty, i8 0" [/home/luka/Scripting/ELEC_498-Capstone-LiteLM/HLS-Verilog/Scheduler_FSM/src-hls/Head_Helpers/head_helpers.cpp:21->/home/luka/Scripting/ELEC_498-Capstone-LiteLM/HLS-Verilog/Scheduler_FSM/src-hls/Head_Helpers/head_helpers.cpp:102->/home/luka/Scripting/ELEC_498-Capstone-LiteLM/HLS-Verilog/Scheduler_FSM/src-hls/Head_Helpers/head_helpers.cpp:419]   --->   Operation 586 'bitconcatenate' 'or_ln21_8' <Predicate = (!icmp_ln418_1)> <Delay = 0.00>
ST_1 : Operation 587 [1/1] (0.00ns)   --->   "%or_ln21_17_cast = sext i25 %or_ln21_8" [/home/luka/Scripting/ELEC_498-Capstone-LiteLM/HLS-Verilog/Scheduler_FSM/src-hls/Head_Helpers/head_helpers.cpp:21->/home/luka/Scripting/ELEC_498-Capstone-LiteLM/HLS-Verilog/Scheduler_FSM/src-hls/Head_Helpers/head_helpers.cpp:102->/home/luka/Scripting/ELEC_498-Capstone-LiteLM/HLS-Verilog/Scheduler_FSM/src-hls/Head_Helpers/head_helpers.cpp:419]   --->   Operation 587 'sext' 'or_ln21_17_cast' <Predicate = (!icmp_ln418_1)> <Delay = 0.00>
ST_1 : Operation 588 [1/1] (0.28ns)   --->   "%head_ctx_ref_wl_start_1_2 = and i1 %head_ctx_ref_wl_start_1_1, i1 %head_ctx_ref_wl_ready_1_1" [/home/luka/Scripting/ELEC_498-Capstone-LiteLM/HLS-Verilog/Scheduler_FSM/src-hls/Head_Helpers/head_helpers.cpp:396]   --->   Operation 588 'and' 'head_ctx_ref_wl_start_1_2' <Predicate = (!icmp_ln418_1)> <Delay = 0.28> <CoreInst = "LogicGate">   --->   Core 74 'LogicGate' <Latency = 0> <II = 1> <Delay = 0.28> <FuncUnit> <Opcode : 'and' 'or' 'xor'> <InPorts = 2> <OutPorts = 1>
ST_1 : Operation 589 [1/1] (0.44ns) (out node of the LUT)   --->   "%head_ctx_ref_wl_instruction_1_2 = select i1 %or_ln100_1, i32 %head_ctx_ref_wl_instruction_1_1, i32 %or_ln21_17_cast" [/home/luka/Scripting/ELEC_498-Capstone-LiteLM/HLS-Verilog/Scheduler_FSM/src-hls/Head_Helpers/head_helpers.cpp:100->/home/luka/Scripting/ELEC_498-Capstone-LiteLM/HLS-Verilog/Scheduler_FSM/src-hls/Head_Helpers/head_helpers.cpp:419]   --->   Operation 589 'select' 'head_ctx_ref_wl_instruction_1_2' <Predicate = (!icmp_ln418_1)> <Delay = 0.44> <CoreInst = "Sel">   --->   Core 73 'Sel' <Latency = 0> <II = 1> <Delay = 0.44> <FuncUnit> <Opcode : 'select'> <InPorts = 3> <OutPorts = 1>
ST_1 : Operation 590 [1/1] (0.00ns) (grouped into LUT with out node head_ctx_ref_compute_op_1_2)   --->   "%xor_ln105_1 = xor i1 %head_ctx_ref_compute_start_1_1, i1 1" [/home/luka/Scripting/ELEC_498-Capstone-LiteLM/HLS-Verilog/Scheduler_FSM/src-hls/Head_Helpers/head_helpers.cpp:105->/home/luka/Scripting/ELEC_498-Capstone-LiteLM/HLS-Verilog/Scheduler_FSM/src-hls/Head_Helpers/head_helpers.cpp:419]   --->   Operation 590 'xor' 'xor_ln105_1' <Predicate = (!icmp_ln418_1)> <Delay = 0.00> <CoreInst = "LogicGate">   --->   Core 74 'LogicGate' <Latency = 0> <II = 1> <Delay = 0.28> <FuncUnit> <Opcode : 'and' 'or' 'xor'> <InPorts = 2> <OutPorts = 1>
ST_1 : Operation 591 [1/1] (0.00ns) (grouped into LUT with out node head_ctx_ref_compute_op_1_2)   --->   "%or_ln105_1 = or i1 %head_ctx_ref_compute_ready_1_1, i1 %xor_ln105_1" [/home/luka/Scripting/ELEC_498-Capstone-LiteLM/HLS-Verilog/Scheduler_FSM/src-hls/Head_Helpers/head_helpers.cpp:105->/home/luka/Scripting/ELEC_498-Capstone-LiteLM/HLS-Verilog/Scheduler_FSM/src-hls/Head_Helpers/head_helpers.cpp:419]   --->   Operation 591 'or' 'or_ln105_1' <Predicate = (!icmp_ln418_1)> <Delay = 0.00> <CoreInst = "LogicGate">   --->   Core 74 'LogicGate' <Latency = 0> <II = 1> <Delay = 0.28> <FuncUnit> <Opcode : 'and' 'or' 'xor'> <InPorts = 2> <OutPorts = 1>
ST_1 : Operation 592 [1/1] (0.28ns)   --->   "%head_ctx_ref_compute_start_1_2 = and i1 %head_ctx_ref_compute_start_1_1, i1 %head_ctx_ref_compute_ready_1_1" [/home/luka/Scripting/ELEC_498-Capstone-LiteLM/HLS-Verilog/Scheduler_FSM/src-hls/Head_Helpers/head_helpers.cpp:396]   --->   Operation 592 'and' 'head_ctx_ref_compute_start_1_2' <Predicate = (!icmp_ln418_1)> <Delay = 0.28> <CoreInst = "LogicGate">   --->   Core 74 'LogicGate' <Latency = 0> <II = 1> <Delay = 0.28> <FuncUnit> <Opcode : 'and' 'or' 'xor'> <InPorts = 2> <OutPorts = 1>
ST_1 : Operation 593 [1/1] (0.44ns) (out node of the LUT)   --->   "%head_ctx_ref_compute_op_1_2 = select i1 %or_ln105_1, i32 %head_ctx_ref_compute_op_1_1, i32 %or_ln21_17_cast" [/home/luka/Scripting/ELEC_498-Capstone-LiteLM/HLS-Verilog/Scheduler_FSM/src-hls/Head_Helpers/head_helpers.cpp:105->/home/luka/Scripting/ELEC_498-Capstone-LiteLM/HLS-Verilog/Scheduler_FSM/src-hls/Head_Helpers/head_helpers.cpp:419]   --->   Operation 593 'select' 'head_ctx_ref_compute_op_1_2' <Predicate = (!icmp_ln418_1)> <Delay = 0.44> <CoreInst = "Sel">   --->   Core 73 'Sel' <Latency = 0> <II = 1> <Delay = 0.44> <FuncUnit> <Opcode : 'select'> <InPorts = 3> <OutPorts = 1>
ST_1 : Operation 594 [1/1] (0.00ns) (grouped into LUT with out node or_ln111_1)   --->   "%xor_ln111_1 = xor i1 %head_ctx_ref_dma_done_1_1, i1 1" [/home/luka/Scripting/ELEC_498-Capstone-LiteLM/HLS-Verilog/Scheduler_FSM/src-hls/Head_Helpers/head_helpers.cpp:111->/home/luka/Scripting/ELEC_498-Capstone-LiteLM/HLS-Verilog/Scheduler_FSM/src-hls/Head_Helpers/head_helpers.cpp:419]   --->   Operation 594 'xor' 'xor_ln111_1' <Predicate = (!icmp_ln418_1)> <Delay = 0.00> <CoreInst = "LogicGate">   --->   Core 74 'LogicGate' <Latency = 0> <II = 1> <Delay = 0.28> <FuncUnit> <Opcode : 'and' 'or' 'xor'> <InPorts = 2> <OutPorts = 1>
ST_1 : Operation 595 [1/1] (0.28ns) (out node of the LUT)   --->   "%or_ln111_1 = or i1 %head_ctx_ref_wl_start_1_2, i1 %xor_ln111_1" [/home/luka/Scripting/ELEC_498-Capstone-LiteLM/HLS-Verilog/Scheduler_FSM/src-hls/Head_Helpers/head_helpers.cpp:111->/home/luka/Scripting/ELEC_498-Capstone-LiteLM/HLS-Verilog/Scheduler_FSM/src-hls/Head_Helpers/head_helpers.cpp:419]   --->   Operation 595 'or' 'or_ln111_1' <Predicate = (!icmp_ln418_1)> <Delay = 0.28> <CoreInst = "LogicGate">   --->   Core 74 'LogicGate' <Latency = 0> <II = 1> <Delay = 0.28> <FuncUnit> <Opcode : 'and' 'or' 'xor'> <InPorts = 2> <OutPorts = 1>
ST_1 : Operation 596 [1/1] (0.00ns) (grouped into LUT with out node head_ctx_ref_q_dma_done_1_4)   --->   "%xor_ln120_1 = xor i1 %head_ctx_ref_q_started_1_1, i1 1" [/home/luka/Scripting/ELEC_498-Capstone-LiteLM/HLS-Verilog/Scheduler_FSM/src-hls/Head_Helpers/head_helpers.cpp:120->/home/luka/Scripting/ELEC_498-Capstone-LiteLM/HLS-Verilog/Scheduler_FSM/src-hls/Head_Helpers/head_helpers.cpp:419]   --->   Operation 596 'xor' 'xor_ln120_1' <Predicate = (!icmp_ln418_1)> <Delay = 0.00> <CoreInst = "LogicGate">   --->   Core 74 'LogicGate' <Latency = 0> <II = 1> <Delay = 0.28> <FuncUnit> <Opcode : 'and' 'or' 'xor'> <InPorts = 2> <OutPorts = 1>
ST_1 : Operation 597 [1/1] (0.00ns) (grouped into LUT with out node head_ctx_ref_q_dma_done_1_4)   --->   "%and_ln120_1 = and i1 %head_ctx_ref_q_dma_done_1_1, i1 %xor_ln120_1" [/home/luka/Scripting/ELEC_498-Capstone-LiteLM/HLS-Verilog/Scheduler_FSM/src-hls/Head_Helpers/head_helpers.cpp:120->/home/luka/Scripting/ELEC_498-Capstone-LiteLM/HLS-Verilog/Scheduler_FSM/src-hls/Head_Helpers/head_helpers.cpp:419]   --->   Operation 597 'and' 'and_ln120_1' <Predicate = (!icmp_ln418_1)> <Delay = 0.00> <CoreInst = "LogicGate">   --->   Core 74 'LogicGate' <Latency = 0> <II = 1> <Delay = 0.28> <FuncUnit> <Opcode : 'and' 'or' 'xor'> <InPorts = 2> <OutPorts = 1>
ST_1 : Operation 598 [1/1] (0.00ns) (grouped into LUT with out node head_ctx_ref_k_dma_done_1_4)   --->   "%xor_ln121_1 = xor i1 %head_ctx_ref_k_started_1_1, i1 1" [/home/luka/Scripting/ELEC_498-Capstone-LiteLM/HLS-Verilog/Scheduler_FSM/src-hls/Head_Helpers/head_helpers.cpp:121->/home/luka/Scripting/ELEC_498-Capstone-LiteLM/HLS-Verilog/Scheduler_FSM/src-hls/Head_Helpers/head_helpers.cpp:419]   --->   Operation 598 'xor' 'xor_ln121_1' <Predicate = (!icmp_ln418_1)> <Delay = 0.00> <CoreInst = "LogicGate">   --->   Core 74 'LogicGate' <Latency = 0> <II = 1> <Delay = 0.28> <FuncUnit> <Opcode : 'and' 'or' 'xor'> <InPorts = 2> <OutPorts = 1>
ST_1 : Operation 599 [1/1] (0.00ns) (grouped into LUT with out node head_ctx_ref_k_dma_done_1_4)   --->   "%and_ln121_1 = and i1 %head_ctx_ref_k_dma_done_1_1, i1 %xor_ln121_1" [/home/luka/Scripting/ELEC_498-Capstone-LiteLM/HLS-Verilog/Scheduler_FSM/src-hls/Head_Helpers/head_helpers.cpp:121->/home/luka/Scripting/ELEC_498-Capstone-LiteLM/HLS-Verilog/Scheduler_FSM/src-hls/Head_Helpers/head_helpers.cpp:419]   --->   Operation 599 'and' 'and_ln121_1' <Predicate = (!icmp_ln418_1)> <Delay = 0.00> <CoreInst = "LogicGate">   --->   Core 74 'LogicGate' <Latency = 0> <II = 1> <Delay = 0.28> <FuncUnit> <Opcode : 'and' 'or' 'xor'> <InPorts = 2> <OutPorts = 1>
ST_1 : Operation 600 [1/1] (0.00ns) (grouped into LUT with out node head_ctx_ref_k_writeback_dma_done_1_4)   --->   "%xor_ln122_1 = xor i1 %head_ctx_ref_k_writeback_started_1_1, i1 1" [/home/luka/Scripting/ELEC_498-Capstone-LiteLM/HLS-Verilog/Scheduler_FSM/src-hls/Head_Helpers/head_helpers.cpp:122->/home/luka/Scripting/ELEC_498-Capstone-LiteLM/HLS-Verilog/Scheduler_FSM/src-hls/Head_Helpers/head_helpers.cpp:419]   --->   Operation 600 'xor' 'xor_ln122_1' <Predicate = (!icmp_ln418_1)> <Delay = 0.00> <CoreInst = "LogicGate">   --->   Core 74 'LogicGate' <Latency = 0> <II = 1> <Delay = 0.28> <FuncUnit> <Opcode : 'and' 'or' 'xor'> <InPorts = 2> <OutPorts = 1>
ST_1 : Operation 601 [1/1] (0.00ns) (grouped into LUT with out node head_ctx_ref_k_writeback_dma_done_1_4)   --->   "%and_ln122_1 = and i1 %head_ctx_ref_k_writeback_dma_done_1_1, i1 %xor_ln122_1" [/home/luka/Scripting/ELEC_498-Capstone-LiteLM/HLS-Verilog/Scheduler_FSM/src-hls/Head_Helpers/head_helpers.cpp:122->/home/luka/Scripting/ELEC_498-Capstone-LiteLM/HLS-Verilog/Scheduler_FSM/src-hls/Head_Helpers/head_helpers.cpp:419]   --->   Operation 601 'and' 'and_ln122_1' <Predicate = (!icmp_ln418_1)> <Delay = 0.00> <CoreInst = "LogicGate">   --->   Core 74 'LogicGate' <Latency = 0> <II = 1> <Delay = 0.28> <FuncUnit> <Opcode : 'and' 'or' 'xor'> <InPorts = 2> <OutPorts = 1>
ST_1 : Operation 602 [1/1] (0.00ns) (grouped into LUT with out node head_ctx_ref_v_dma_done_1_4)   --->   "%xor_ln123_1 = xor i1 %head_ctx_ref_v_started_1_1, i1 1" [/home/luka/Scripting/ELEC_498-Capstone-LiteLM/HLS-Verilog/Scheduler_FSM/src-hls/Head_Helpers/head_helpers.cpp:123->/home/luka/Scripting/ELEC_498-Capstone-LiteLM/HLS-Verilog/Scheduler_FSM/src-hls/Head_Helpers/head_helpers.cpp:419]   --->   Operation 602 'xor' 'xor_ln123_1' <Predicate = (!icmp_ln418_1)> <Delay = 0.00> <CoreInst = "LogicGate">   --->   Core 74 'LogicGate' <Latency = 0> <II = 1> <Delay = 0.28> <FuncUnit> <Opcode : 'and' 'or' 'xor'> <InPorts = 2> <OutPorts = 1>
ST_1 : Operation 603 [1/1] (0.00ns) (grouped into LUT with out node head_ctx_ref_v_dma_done_1_4)   --->   "%and_ln123_1 = and i1 %head_ctx_ref_v_dma_done_1_1, i1 %xor_ln123_1" [/home/luka/Scripting/ELEC_498-Capstone-LiteLM/HLS-Verilog/Scheduler_FSM/src-hls/Head_Helpers/head_helpers.cpp:123->/home/luka/Scripting/ELEC_498-Capstone-LiteLM/HLS-Verilog/Scheduler_FSM/src-hls/Head_Helpers/head_helpers.cpp:419]   --->   Operation 603 'and' 'and_ln123_1' <Predicate = (!icmp_ln418_1)> <Delay = 0.00> <CoreInst = "LogicGate">   --->   Core 74 'LogicGate' <Latency = 0> <II = 1> <Delay = 0.28> <FuncUnit> <Opcode : 'and' 'or' 'xor'> <InPorts = 2> <OutPorts = 1>
ST_1 : Operation 604 [1/1] (0.00ns) (grouped into LUT with out node head_ctx_ref_v_writeback_dma_done_1_4)   --->   "%xor_ln124_1 = xor i1 %head_ctx_ref_v_writeback_started_1_1, i1 1" [/home/luka/Scripting/ELEC_498-Capstone-LiteLM/HLS-Verilog/Scheduler_FSM/src-hls/Head_Helpers/head_helpers.cpp:124->/home/luka/Scripting/ELEC_498-Capstone-LiteLM/HLS-Verilog/Scheduler_FSM/src-hls/Head_Helpers/head_helpers.cpp:419]   --->   Operation 604 'xor' 'xor_ln124_1' <Predicate = (!icmp_ln418_1)> <Delay = 0.00> <CoreInst = "LogicGate">   --->   Core 74 'LogicGate' <Latency = 0> <II = 1> <Delay = 0.28> <FuncUnit> <Opcode : 'and' 'or' 'xor'> <InPorts = 2> <OutPorts = 1>
ST_1 : Operation 605 [1/1] (0.00ns) (grouped into LUT with out node head_ctx_ref_v_writeback_dma_done_1_4)   --->   "%and_ln124_1 = and i1 %head_ctx_ref_v_writeback_dma_done_1_1, i1 %xor_ln124_1" [/home/luka/Scripting/ELEC_498-Capstone-LiteLM/HLS-Verilog/Scheduler_FSM/src-hls/Head_Helpers/head_helpers.cpp:124->/home/luka/Scripting/ELEC_498-Capstone-LiteLM/HLS-Verilog/Scheduler_FSM/src-hls/Head_Helpers/head_helpers.cpp:419]   --->   Operation 605 'and' 'and_ln124_1' <Predicate = (!icmp_ln418_1)> <Delay = 0.00> <CoreInst = "LogicGate">   --->   Core 74 'LogicGate' <Latency = 0> <II = 1> <Delay = 0.28> <FuncUnit> <Opcode : 'and' 'or' 'xor'> <InPorts = 2> <OutPorts = 1>
ST_1 : Operation 606 [1/1] (0.00ns) (grouped into LUT with out node head_ctx_ref_att_scores_dma_done_1_4)   --->   "%xor_ln125_1 = xor i1 %head_ctx_ref_att_scores_started_1_1, i1 1" [/home/luka/Scripting/ELEC_498-Capstone-LiteLM/HLS-Verilog/Scheduler_FSM/src-hls/Head_Helpers/head_helpers.cpp:125->/home/luka/Scripting/ELEC_498-Capstone-LiteLM/HLS-Verilog/Scheduler_FSM/src-hls/Head_Helpers/head_helpers.cpp:419]   --->   Operation 606 'xor' 'xor_ln125_1' <Predicate = (!icmp_ln418_1)> <Delay = 0.00> <CoreInst = "LogicGate">   --->   Core 74 'LogicGate' <Latency = 0> <II = 1> <Delay = 0.28> <FuncUnit> <Opcode : 'and' 'or' 'xor'> <InPorts = 2> <OutPorts = 1>
ST_1 : Operation 607 [1/1] (0.00ns) (grouped into LUT with out node head_ctx_ref_att_scores_dma_done_1_4)   --->   "%and_ln125_1 = and i1 %head_ctx_ref_att_scores_dma_done_1_1, i1 %xor_ln125_1" [/home/luka/Scripting/ELEC_498-Capstone-LiteLM/HLS-Verilog/Scheduler_FSM/src-hls/Head_Helpers/head_helpers.cpp:125->/home/luka/Scripting/ELEC_498-Capstone-LiteLM/HLS-Verilog/Scheduler_FSM/src-hls/Head_Helpers/head_helpers.cpp:419]   --->   Operation 607 'and' 'and_ln125_1' <Predicate = (!icmp_ln418_1)> <Delay = 0.00> <CoreInst = "LogicGate">   --->   Core 74 'LogicGate' <Latency = 0> <II = 1> <Delay = 0.28> <FuncUnit> <Opcode : 'and' 'or' 'xor'> <InPorts = 2> <OutPorts = 1>
ST_1 : Operation 608 [1/1] (0.00ns) (grouped into LUT with out node head_ctx_ref_att_value_dma_done_1_4)   --->   "%xor_ln126_1 = xor i1 %head_ctx_ref_att_value_started_1_1, i1 1" [/home/luka/Scripting/ELEC_498-Capstone-LiteLM/HLS-Verilog/Scheduler_FSM/src-hls/Head_Helpers/head_helpers.cpp:126->/home/luka/Scripting/ELEC_498-Capstone-LiteLM/HLS-Verilog/Scheduler_FSM/src-hls/Head_Helpers/head_helpers.cpp:419]   --->   Operation 608 'xor' 'xor_ln126_1' <Predicate = (!icmp_ln418_1)> <Delay = 0.00> <CoreInst = "LogicGate">   --->   Core 74 'LogicGate' <Latency = 0> <II = 1> <Delay = 0.28> <FuncUnit> <Opcode : 'and' 'or' 'xor'> <InPorts = 2> <OutPorts = 1>
ST_1 : Operation 609 [1/1] (0.00ns) (grouped into LUT with out node head_ctx_ref_att_value_dma_done_1_4)   --->   "%and_ln126_1 = and i1 %head_ctx_ref_att_value_dma_done_1_1, i1 %xor_ln126_1" [/home/luka/Scripting/ELEC_498-Capstone-LiteLM/HLS-Verilog/Scheduler_FSM/src-hls/Head_Helpers/head_helpers.cpp:126->/home/luka/Scripting/ELEC_498-Capstone-LiteLM/HLS-Verilog/Scheduler_FSM/src-hls/Head_Helpers/head_helpers.cpp:419]   --->   Operation 609 'and' 'and_ln126_1' <Predicate = (!icmp_ln418_1)> <Delay = 0.00> <CoreInst = "LogicGate">   --->   Core 74 'LogicGate' <Latency = 0> <II = 1> <Delay = 0.28> <FuncUnit> <Opcode : 'and' 'or' 'xor'> <InPorts = 2> <OutPorts = 1>
ST_1 : Operation 610 [1/1] (0.79ns)   --->   "%icmp_ln112_1 = icmp_eq  i4 %head_ctx_ref_last_wl_addr_1_1, i4 1" [/home/luka/Scripting/ELEC_498-Capstone-LiteLM/HLS-Verilog/Scheduler_FSM/src-hls/Head_Helpers/head_helpers.cpp:112->/home/luka/Scripting/ELEC_498-Capstone-LiteLM/HLS-Verilog/Scheduler_FSM/src-hls/Head_Helpers/head_helpers.cpp:419]   --->   Operation 610 'icmp' 'icmp_ln112_1' <Predicate = (!icmp_ln418_1)> <Delay = 0.79> <CoreInst = "Cmp">   --->   Core 9 'Cmp' <Latency = 0> <II = 1> <Delay = 0.79> <FuncUnit> <Opcode : 'seteq' 'setne' 'setle' 'setge' 'setlt' 'setgt'> <InPorts = 2> <OutPorts = 1>
ST_1 : Operation 611 [1/1] (0.00ns) (grouped into LUT with out node head_ctx_ref_q_dma_done_1_4)   --->   "%and_ln112_1 = and i1 %head_ctx_ref_q_started_1_1, i1 %icmp_ln112_1" [/home/luka/Scripting/ELEC_498-Capstone-LiteLM/HLS-Verilog/Scheduler_FSM/src-hls/Head_Helpers/head_helpers.cpp:112->/home/luka/Scripting/ELEC_498-Capstone-LiteLM/HLS-Verilog/Scheduler_FSM/src-hls/Head_Helpers/head_helpers.cpp:419]   --->   Operation 611 'and' 'and_ln112_1' <Predicate = (!icmp_ln418_1)> <Delay = 0.00> <CoreInst = "LogicGate">   --->   Core 74 'LogicGate' <Latency = 0> <II = 1> <Delay = 0.28> <FuncUnit> <Opcode : 'and' 'or' 'xor'> <InPorts = 2> <OutPorts = 1>
ST_1 : Operation 612 [1/1] (0.00ns) (grouped into LUT with out node head_ctx_ref_q_dma_done_1_4)   --->   "%or_ln112_1 = or i1 %and_ln112_1, i1 %head_ctx_ref_q_dma_done_1_1" [/home/luka/Scripting/ELEC_498-Capstone-LiteLM/HLS-Verilog/Scheduler_FSM/src-hls/Head_Helpers/head_helpers.cpp:112->/home/luka/Scripting/ELEC_498-Capstone-LiteLM/HLS-Verilog/Scheduler_FSM/src-hls/Head_Helpers/head_helpers.cpp:419]   --->   Operation 612 'or' 'or_ln112_1' <Predicate = (!icmp_ln418_1)> <Delay = 0.00> <CoreInst = "LogicGate">   --->   Core 74 'LogicGate' <Latency = 0> <II = 1> <Delay = 0.28> <FuncUnit> <Opcode : 'and' 'or' 'xor'> <InPorts = 2> <OutPorts = 1>
ST_1 : Operation 613 [1/1] (0.79ns)   --->   "%icmp_ln113_1 = icmp_eq  i4 %head_ctx_ref_last_wl_addr_1_1, i4 2" [/home/luka/Scripting/ELEC_498-Capstone-LiteLM/HLS-Verilog/Scheduler_FSM/src-hls/Head_Helpers/head_helpers.cpp:113->/home/luka/Scripting/ELEC_498-Capstone-LiteLM/HLS-Verilog/Scheduler_FSM/src-hls/Head_Helpers/head_helpers.cpp:419]   --->   Operation 613 'icmp' 'icmp_ln113_1' <Predicate = (!icmp_ln418_1)> <Delay = 0.79> <CoreInst = "Cmp">   --->   Core 9 'Cmp' <Latency = 0> <II = 1> <Delay = 0.79> <FuncUnit> <Opcode : 'seteq' 'setne' 'setle' 'setge' 'setlt' 'setgt'> <InPorts = 2> <OutPorts = 1>
ST_1 : Operation 614 [1/1] (0.00ns) (grouped into LUT with out node head_ctx_ref_k_dma_done_1_4)   --->   "%and_ln113_1 = and i1 %head_ctx_ref_k_started_1_1, i1 %icmp_ln113_1" [/home/luka/Scripting/ELEC_498-Capstone-LiteLM/HLS-Verilog/Scheduler_FSM/src-hls/Head_Helpers/head_helpers.cpp:113->/home/luka/Scripting/ELEC_498-Capstone-LiteLM/HLS-Verilog/Scheduler_FSM/src-hls/Head_Helpers/head_helpers.cpp:419]   --->   Operation 614 'and' 'and_ln113_1' <Predicate = (!icmp_ln418_1)> <Delay = 0.00> <CoreInst = "LogicGate">   --->   Core 74 'LogicGate' <Latency = 0> <II = 1> <Delay = 0.28> <FuncUnit> <Opcode : 'and' 'or' 'xor'> <InPorts = 2> <OutPorts = 1>
ST_1 : Operation 615 [1/1] (0.00ns) (grouped into LUT with out node head_ctx_ref_k_dma_done_1_4)   --->   "%or_ln113_1 = or i1 %and_ln113_1, i1 %head_ctx_ref_k_dma_done_1_1" [/home/luka/Scripting/ELEC_498-Capstone-LiteLM/HLS-Verilog/Scheduler_FSM/src-hls/Head_Helpers/head_helpers.cpp:113->/home/luka/Scripting/ELEC_498-Capstone-LiteLM/HLS-Verilog/Scheduler_FSM/src-hls/Head_Helpers/head_helpers.cpp:419]   --->   Operation 615 'or' 'or_ln113_1' <Predicate = (!icmp_ln418_1)> <Delay = 0.00> <CoreInst = "LogicGate">   --->   Core 74 'LogicGate' <Latency = 0> <II = 1> <Delay = 0.28> <FuncUnit> <Opcode : 'and' 'or' 'xor'> <InPorts = 2> <OutPorts = 1>
ST_1 : Operation 616 [1/1] (0.79ns)   --->   "%icmp_ln114_1 = icmp_eq  i4 %head_ctx_ref_last_wl_addr_1_1, i4 3" [/home/luka/Scripting/ELEC_498-Capstone-LiteLM/HLS-Verilog/Scheduler_FSM/src-hls/Head_Helpers/head_helpers.cpp:114->/home/luka/Scripting/ELEC_498-Capstone-LiteLM/HLS-Verilog/Scheduler_FSM/src-hls/Head_Helpers/head_helpers.cpp:419]   --->   Operation 616 'icmp' 'icmp_ln114_1' <Predicate = (!icmp_ln418_1)> <Delay = 0.79> <CoreInst = "Cmp">   --->   Core 9 'Cmp' <Latency = 0> <II = 1> <Delay = 0.79> <FuncUnit> <Opcode : 'seteq' 'setne' 'setle' 'setge' 'setlt' 'setgt'> <InPorts = 2> <OutPorts = 1>
ST_1 : Operation 617 [1/1] (0.00ns) (grouped into LUT with out node head_ctx_ref_k_writeback_dma_done_1_4)   --->   "%and_ln114_1 = and i1 %head_ctx_ref_k_writeback_started_1_1, i1 %icmp_ln114_1" [/home/luka/Scripting/ELEC_498-Capstone-LiteLM/HLS-Verilog/Scheduler_FSM/src-hls/Head_Helpers/head_helpers.cpp:114->/home/luka/Scripting/ELEC_498-Capstone-LiteLM/HLS-Verilog/Scheduler_FSM/src-hls/Head_Helpers/head_helpers.cpp:419]   --->   Operation 617 'and' 'and_ln114_1' <Predicate = (!icmp_ln418_1)> <Delay = 0.00> <CoreInst = "LogicGate">   --->   Core 74 'LogicGate' <Latency = 0> <II = 1> <Delay = 0.28> <FuncUnit> <Opcode : 'and' 'or' 'xor'> <InPorts = 2> <OutPorts = 1>
ST_1 : Operation 618 [1/1] (0.00ns) (grouped into LUT with out node head_ctx_ref_k_writeback_dma_done_1_4)   --->   "%or_ln114_1 = or i1 %and_ln114_1, i1 %head_ctx_ref_k_writeback_dma_done_1_1" [/home/luka/Scripting/ELEC_498-Capstone-LiteLM/HLS-Verilog/Scheduler_FSM/src-hls/Head_Helpers/head_helpers.cpp:114->/home/luka/Scripting/ELEC_498-Capstone-LiteLM/HLS-Verilog/Scheduler_FSM/src-hls/Head_Helpers/head_helpers.cpp:419]   --->   Operation 618 'or' 'or_ln114_1' <Predicate = (!icmp_ln418_1)> <Delay = 0.00> <CoreInst = "LogicGate">   --->   Core 74 'LogicGate' <Latency = 0> <II = 1> <Delay = 0.28> <FuncUnit> <Opcode : 'and' 'or' 'xor'> <InPorts = 2> <OutPorts = 1>
ST_1 : Operation 619 [1/1] (0.79ns)   --->   "%icmp_ln115_1 = icmp_eq  i4 %head_ctx_ref_last_wl_addr_1_1, i4 4" [/home/luka/Scripting/ELEC_498-Capstone-LiteLM/HLS-Verilog/Scheduler_FSM/src-hls/Head_Helpers/head_helpers.cpp:115->/home/luka/Scripting/ELEC_498-Capstone-LiteLM/HLS-Verilog/Scheduler_FSM/src-hls/Head_Helpers/head_helpers.cpp:419]   --->   Operation 619 'icmp' 'icmp_ln115_1' <Predicate = (!icmp_ln418_1)> <Delay = 0.79> <CoreInst = "Cmp">   --->   Core 9 'Cmp' <Latency = 0> <II = 1> <Delay = 0.79> <FuncUnit> <Opcode : 'seteq' 'setne' 'setle' 'setge' 'setlt' 'setgt'> <InPorts = 2> <OutPorts = 1>
ST_1 : Operation 620 [1/1] (0.00ns) (grouped into LUT with out node head_ctx_ref_v_dma_done_1_4)   --->   "%and_ln115_1 = and i1 %head_ctx_ref_v_started_1_1, i1 %icmp_ln115_1" [/home/luka/Scripting/ELEC_498-Capstone-LiteLM/HLS-Verilog/Scheduler_FSM/src-hls/Head_Helpers/head_helpers.cpp:115->/home/luka/Scripting/ELEC_498-Capstone-LiteLM/HLS-Verilog/Scheduler_FSM/src-hls/Head_Helpers/head_helpers.cpp:419]   --->   Operation 620 'and' 'and_ln115_1' <Predicate = (!icmp_ln418_1)> <Delay = 0.00> <CoreInst = "LogicGate">   --->   Core 74 'LogicGate' <Latency = 0> <II = 1> <Delay = 0.28> <FuncUnit> <Opcode : 'and' 'or' 'xor'> <InPorts = 2> <OutPorts = 1>
ST_1 : Operation 621 [1/1] (0.00ns) (grouped into LUT with out node head_ctx_ref_v_dma_done_1_4)   --->   "%or_ln115_1 = or i1 %and_ln115_1, i1 %head_ctx_ref_v_dma_done_1_1" [/home/luka/Scripting/ELEC_498-Capstone-LiteLM/HLS-Verilog/Scheduler_FSM/src-hls/Head_Helpers/head_helpers.cpp:115->/home/luka/Scripting/ELEC_498-Capstone-LiteLM/HLS-Verilog/Scheduler_FSM/src-hls/Head_Helpers/head_helpers.cpp:419]   --->   Operation 621 'or' 'or_ln115_1' <Predicate = (!icmp_ln418_1)> <Delay = 0.00> <CoreInst = "LogicGate">   --->   Core 74 'LogicGate' <Latency = 0> <II = 1> <Delay = 0.28> <FuncUnit> <Opcode : 'and' 'or' 'xor'> <InPorts = 2> <OutPorts = 1>
ST_1 : Operation 622 [1/1] (0.79ns)   --->   "%icmp_ln116_1 = icmp_eq  i4 %head_ctx_ref_last_wl_addr_1_1, i4 5" [/home/luka/Scripting/ELEC_498-Capstone-LiteLM/HLS-Verilog/Scheduler_FSM/src-hls/Head_Helpers/head_helpers.cpp:116->/home/luka/Scripting/ELEC_498-Capstone-LiteLM/HLS-Verilog/Scheduler_FSM/src-hls/Head_Helpers/head_helpers.cpp:419]   --->   Operation 622 'icmp' 'icmp_ln116_1' <Predicate = (!icmp_ln418_1)> <Delay = 0.79> <CoreInst = "Cmp">   --->   Core 9 'Cmp' <Latency = 0> <II = 1> <Delay = 0.79> <FuncUnit> <Opcode : 'seteq' 'setne' 'setle' 'setge' 'setlt' 'setgt'> <InPorts = 2> <OutPorts = 1>
ST_1 : Operation 623 [1/1] (0.00ns) (grouped into LUT with out node head_ctx_ref_v_writeback_dma_done_1_4)   --->   "%and_ln116_1 = and i1 %head_ctx_ref_v_writeback_started_1_1, i1 %icmp_ln116_1" [/home/luka/Scripting/ELEC_498-Capstone-LiteLM/HLS-Verilog/Scheduler_FSM/src-hls/Head_Helpers/head_helpers.cpp:116->/home/luka/Scripting/ELEC_498-Capstone-LiteLM/HLS-Verilog/Scheduler_FSM/src-hls/Head_Helpers/head_helpers.cpp:419]   --->   Operation 623 'and' 'and_ln116_1' <Predicate = (!icmp_ln418_1)> <Delay = 0.00> <CoreInst = "LogicGate">   --->   Core 74 'LogicGate' <Latency = 0> <II = 1> <Delay = 0.28> <FuncUnit> <Opcode : 'and' 'or' 'xor'> <InPorts = 2> <OutPorts = 1>
ST_1 : Operation 624 [1/1] (0.00ns) (grouped into LUT with out node head_ctx_ref_v_writeback_dma_done_1_4)   --->   "%or_ln116_1 = or i1 %and_ln116_1, i1 %head_ctx_ref_v_writeback_dma_done_1_1" [/home/luka/Scripting/ELEC_498-Capstone-LiteLM/HLS-Verilog/Scheduler_FSM/src-hls/Head_Helpers/head_helpers.cpp:116->/home/luka/Scripting/ELEC_498-Capstone-LiteLM/HLS-Verilog/Scheduler_FSM/src-hls/Head_Helpers/head_helpers.cpp:419]   --->   Operation 624 'or' 'or_ln116_1' <Predicate = (!icmp_ln418_1)> <Delay = 0.00> <CoreInst = "LogicGate">   --->   Core 74 'LogicGate' <Latency = 0> <II = 1> <Delay = 0.28> <FuncUnit> <Opcode : 'and' 'or' 'xor'> <InPorts = 2> <OutPorts = 1>
ST_1 : Operation 625 [1/1] (0.79ns)   --->   "%icmp_ln117_1 = icmp_eq  i4 %head_ctx_ref_last_wl_addr_1_1, i4 6" [/home/luka/Scripting/ELEC_498-Capstone-LiteLM/HLS-Verilog/Scheduler_FSM/src-hls/Head_Helpers/head_helpers.cpp:117->/home/luka/Scripting/ELEC_498-Capstone-LiteLM/HLS-Verilog/Scheduler_FSM/src-hls/Head_Helpers/head_helpers.cpp:419]   --->   Operation 625 'icmp' 'icmp_ln117_1' <Predicate = (!icmp_ln418_1)> <Delay = 0.79> <CoreInst = "Cmp">   --->   Core 9 'Cmp' <Latency = 0> <II = 1> <Delay = 0.79> <FuncUnit> <Opcode : 'seteq' 'setne' 'setle' 'setge' 'setlt' 'setgt'> <InPorts = 2> <OutPorts = 1>
ST_1 : Operation 626 [1/1] (0.00ns) (grouped into LUT with out node head_ctx_ref_att_scores_dma_done_1_4)   --->   "%and_ln117_1 = and i1 %head_ctx_ref_att_scores_started_1_1, i1 %icmp_ln117_1" [/home/luka/Scripting/ELEC_498-Capstone-LiteLM/HLS-Verilog/Scheduler_FSM/src-hls/Head_Helpers/head_helpers.cpp:117->/home/luka/Scripting/ELEC_498-Capstone-LiteLM/HLS-Verilog/Scheduler_FSM/src-hls/Head_Helpers/head_helpers.cpp:419]   --->   Operation 626 'and' 'and_ln117_1' <Predicate = (!icmp_ln418_1)> <Delay = 0.00> <CoreInst = "LogicGate">   --->   Core 74 'LogicGate' <Latency = 0> <II = 1> <Delay = 0.28> <FuncUnit> <Opcode : 'and' 'or' 'xor'> <InPorts = 2> <OutPorts = 1>
ST_1 : Operation 627 [1/1] (0.00ns) (grouped into LUT with out node head_ctx_ref_att_scores_dma_done_1_4)   --->   "%or_ln117_1 = or i1 %and_ln117_1, i1 %head_ctx_ref_att_scores_dma_done_1_1" [/home/luka/Scripting/ELEC_498-Capstone-LiteLM/HLS-Verilog/Scheduler_FSM/src-hls/Head_Helpers/head_helpers.cpp:117->/home/luka/Scripting/ELEC_498-Capstone-LiteLM/HLS-Verilog/Scheduler_FSM/src-hls/Head_Helpers/head_helpers.cpp:419]   --->   Operation 627 'or' 'or_ln117_1' <Predicate = (!icmp_ln418_1)> <Delay = 0.00> <CoreInst = "LogicGate">   --->   Core 74 'LogicGate' <Latency = 0> <II = 1> <Delay = 0.28> <FuncUnit> <Opcode : 'and' 'or' 'xor'> <InPorts = 2> <OutPorts = 1>
ST_1 : Operation 628 [1/1] (0.79ns)   --->   "%icmp_ln118_1 = icmp_eq  i4 %head_ctx_ref_last_wl_addr_1_1, i4 7" [/home/luka/Scripting/ELEC_498-Capstone-LiteLM/HLS-Verilog/Scheduler_FSM/src-hls/Head_Helpers/head_helpers.cpp:118->/home/luka/Scripting/ELEC_498-Capstone-LiteLM/HLS-Verilog/Scheduler_FSM/src-hls/Head_Helpers/head_helpers.cpp:419]   --->   Operation 628 'icmp' 'icmp_ln118_1' <Predicate = (!icmp_ln418_1)> <Delay = 0.79> <CoreInst = "Cmp">   --->   Core 9 'Cmp' <Latency = 0> <II = 1> <Delay = 0.79> <FuncUnit> <Opcode : 'seteq' 'setne' 'setle' 'setge' 'setlt' 'setgt'> <InPorts = 2> <OutPorts = 1>
ST_1 : Operation 629 [1/1] (0.00ns) (grouped into LUT with out node head_ctx_ref_att_value_dma_done_1_4)   --->   "%and_ln118_1 = and i1 %head_ctx_ref_att_value_started_1_1, i1 %icmp_ln118_1" [/home/luka/Scripting/ELEC_498-Capstone-LiteLM/HLS-Verilog/Scheduler_FSM/src-hls/Head_Helpers/head_helpers.cpp:118->/home/luka/Scripting/ELEC_498-Capstone-LiteLM/HLS-Verilog/Scheduler_FSM/src-hls/Head_Helpers/head_helpers.cpp:419]   --->   Operation 629 'and' 'and_ln118_1' <Predicate = (!icmp_ln418_1)> <Delay = 0.00> <CoreInst = "LogicGate">   --->   Core 74 'LogicGate' <Latency = 0> <II = 1> <Delay = 0.28> <FuncUnit> <Opcode : 'and' 'or' 'xor'> <InPorts = 2> <OutPorts = 1>
ST_1 : Operation 630 [1/1] (0.00ns) (grouped into LUT with out node head_ctx_ref_att_value_dma_done_1_4)   --->   "%or_ln118_1 = or i1 %and_ln118_1, i1 %head_ctx_ref_att_value_dma_done_1_1" [/home/luka/Scripting/ELEC_498-Capstone-LiteLM/HLS-Verilog/Scheduler_FSM/src-hls/Head_Helpers/head_helpers.cpp:118->/home/luka/Scripting/ELEC_498-Capstone-LiteLM/HLS-Verilog/Scheduler_FSM/src-hls/Head_Helpers/head_helpers.cpp:419]   --->   Operation 630 'or' 'or_ln118_1' <Predicate = (!icmp_ln418_1)> <Delay = 0.00> <CoreInst = "LogicGate">   --->   Core 74 'LogicGate' <Latency = 0> <II = 1> <Delay = 0.28> <FuncUnit> <Opcode : 'and' 'or' 'xor'> <InPorts = 2> <OutPorts = 1>
ST_1 : Operation 631 [1/1] (0.28ns) (out node of the LUT)   --->   "%head_ctx_ref_q_dma_done_1_4 = select i1 %or_ln111_1, i1 %and_ln120_1, i1 %or_ln112_1" [/home/luka/Scripting/ELEC_498-Capstone-LiteLM/HLS-Verilog/Scheduler_FSM/src-hls/Head_Helpers/head_helpers.cpp:111->/home/luka/Scripting/ELEC_498-Capstone-LiteLM/HLS-Verilog/Scheduler_FSM/src-hls/Head_Helpers/head_helpers.cpp:419]   --->   Operation 631 'select' 'head_ctx_ref_q_dma_done_1_4' <Predicate = (!icmp_ln418_1)> <Delay = 0.28> <CoreInst = "Sel">   --->   Core 73 'Sel' <Latency = 0> <II = 1> <Delay = 0.17> <FuncUnit> <Opcode : 'select'> <InPorts = 3> <OutPorts = 1>
ST_1 : Operation 632 [1/1] (0.28ns) (out node of the LUT)   --->   "%head_ctx_ref_k_dma_done_1_4 = select i1 %or_ln111_1, i1 %and_ln121_1, i1 %or_ln113_1" [/home/luka/Scripting/ELEC_498-Capstone-LiteLM/HLS-Verilog/Scheduler_FSM/src-hls/Head_Helpers/head_helpers.cpp:111->/home/luka/Scripting/ELEC_498-Capstone-LiteLM/HLS-Verilog/Scheduler_FSM/src-hls/Head_Helpers/head_helpers.cpp:419]   --->   Operation 632 'select' 'head_ctx_ref_k_dma_done_1_4' <Predicate = (!icmp_ln418_1)> <Delay = 0.28> <CoreInst = "Sel">   --->   Core 73 'Sel' <Latency = 0> <II = 1> <Delay = 0.17> <FuncUnit> <Opcode : 'select'> <InPorts = 3> <OutPorts = 1>
ST_1 : Operation 633 [1/1] (0.28ns) (out node of the LUT)   --->   "%head_ctx_ref_k_writeback_dma_done_1_4 = select i1 %or_ln111_1, i1 %and_ln122_1, i1 %or_ln114_1" [/home/luka/Scripting/ELEC_498-Capstone-LiteLM/HLS-Verilog/Scheduler_FSM/src-hls/Head_Helpers/head_helpers.cpp:111->/home/luka/Scripting/ELEC_498-Capstone-LiteLM/HLS-Verilog/Scheduler_FSM/src-hls/Head_Helpers/head_helpers.cpp:419]   --->   Operation 633 'select' 'head_ctx_ref_k_writeback_dma_done_1_4' <Predicate = (!icmp_ln418_1)> <Delay = 0.28> <CoreInst = "Sel">   --->   Core 73 'Sel' <Latency = 0> <II = 1> <Delay = 0.17> <FuncUnit> <Opcode : 'select'> <InPorts = 3> <OutPorts = 1>
ST_1 : Operation 634 [1/1] (0.28ns) (out node of the LUT)   --->   "%head_ctx_ref_v_dma_done_1_4 = select i1 %or_ln111_1, i1 %and_ln123_1, i1 %or_ln115_1" [/home/luka/Scripting/ELEC_498-Capstone-LiteLM/HLS-Verilog/Scheduler_FSM/src-hls/Head_Helpers/head_helpers.cpp:111->/home/luka/Scripting/ELEC_498-Capstone-LiteLM/HLS-Verilog/Scheduler_FSM/src-hls/Head_Helpers/head_helpers.cpp:419]   --->   Operation 634 'select' 'head_ctx_ref_v_dma_done_1_4' <Predicate = (!icmp_ln418_1)> <Delay = 0.28> <CoreInst = "Sel">   --->   Core 73 'Sel' <Latency = 0> <II = 1> <Delay = 0.17> <FuncUnit> <Opcode : 'select'> <InPorts = 3> <OutPorts = 1>
ST_1 : Operation 635 [1/1] (0.28ns) (out node of the LUT)   --->   "%head_ctx_ref_v_writeback_dma_done_1_4 = select i1 %or_ln111_1, i1 %and_ln124_1, i1 %or_ln116_1" [/home/luka/Scripting/ELEC_498-Capstone-LiteLM/HLS-Verilog/Scheduler_FSM/src-hls/Head_Helpers/head_helpers.cpp:111->/home/luka/Scripting/ELEC_498-Capstone-LiteLM/HLS-Verilog/Scheduler_FSM/src-hls/Head_Helpers/head_helpers.cpp:419]   --->   Operation 635 'select' 'head_ctx_ref_v_writeback_dma_done_1_4' <Predicate = (!icmp_ln418_1)> <Delay = 0.28> <CoreInst = "Sel">   --->   Core 73 'Sel' <Latency = 0> <II = 1> <Delay = 0.17> <FuncUnit> <Opcode : 'select'> <InPorts = 3> <OutPorts = 1>
ST_1 : Operation 636 [1/1] (0.28ns) (out node of the LUT)   --->   "%head_ctx_ref_att_scores_dma_done_1_4 = select i1 %or_ln111_1, i1 %and_ln125_1, i1 %or_ln117_1" [/home/luka/Scripting/ELEC_498-Capstone-LiteLM/HLS-Verilog/Scheduler_FSM/src-hls/Head_Helpers/head_helpers.cpp:111->/home/luka/Scripting/ELEC_498-Capstone-LiteLM/HLS-Verilog/Scheduler_FSM/src-hls/Head_Helpers/head_helpers.cpp:419]   --->   Operation 636 'select' 'head_ctx_ref_att_scores_dma_done_1_4' <Predicate = (!icmp_ln418_1)> <Delay = 0.28> <CoreInst = "Sel">   --->   Core 73 'Sel' <Latency = 0> <II = 1> <Delay = 0.17> <FuncUnit> <Opcode : 'select'> <InPorts = 3> <OutPorts = 1>
ST_1 : Operation 637 [1/1] (0.28ns) (out node of the LUT)   --->   "%head_ctx_ref_att_value_dma_done_1_4 = select i1 %or_ln111_1, i1 %and_ln126_1, i1 %or_ln118_1" [/home/luka/Scripting/ELEC_498-Capstone-LiteLM/HLS-Verilog/Scheduler_FSM/src-hls/Head_Helpers/head_helpers.cpp:111->/home/luka/Scripting/ELEC_498-Capstone-LiteLM/HLS-Verilog/Scheduler_FSM/src-hls/Head_Helpers/head_helpers.cpp:419]   --->   Operation 637 'select' 'head_ctx_ref_att_value_dma_done_1_4' <Predicate = (!icmp_ln418_1)> <Delay = 0.28> <CoreInst = "Sel">   --->   Core 73 'Sel' <Latency = 0> <II = 1> <Delay = 0.17> <FuncUnit> <Opcode : 'select'> <InPorts = 3> <OutPorts = 1>
ST_1 : Operation 638 [1/1] (0.00ns)   --->   "%last_op_1 = trunc i32 %packed_op_assign_1" [/home/luka/Scripting/ELEC_498-Capstone-LiteLM/HLS-Verilog/Scheduler_FSM/src-hls/Head_Helpers/head_helpers.cpp:26->/home/luka/Scripting/ELEC_498-Capstone-LiteLM/HLS-Verilog/Scheduler_FSM/src-hls/Head_Helpers/head_helpers.cpp:132->/home/luka/Scripting/ELEC_498-Capstone-LiteLM/HLS-Verilog/Scheduler_FSM/src-hls/Head_Helpers/head_helpers.cpp:419]   --->   Operation 638 'trunc' 'last_op_1' <Predicate = (!icmp_ln418_1)> <Delay = 0.00>
ST_1 : Operation 639 [1/1] (0.76ns)   --->   "%icmp_ln133_1 = icmp_eq  i8 %last_op_1, i8 3" [/home/luka/Scripting/ELEC_498-Capstone-LiteLM/HLS-Verilog/Scheduler_FSM/src-hls/Head_Helpers/head_helpers.cpp:133->/home/luka/Scripting/ELEC_498-Capstone-LiteLM/HLS-Verilog/Scheduler_FSM/src-hls/Head_Helpers/head_helpers.cpp:419]   --->   Operation 639 'icmp' 'icmp_ln133_1' <Predicate = (!icmp_ln418_1)> <Delay = 0.76> <CoreInst = "Cmp">   --->   Core 9 'Cmp' <Latency = 0> <II = 1> <Delay = 0.76> <FuncUnit> <Opcode : 'seteq' 'setne' 'setle' 'setge' 'setlt' 'setgt'> <InPorts = 2> <OutPorts = 1>
ST_1 : Operation 640 [1/1] (0.00ns) (grouped into LUT with out node head_ctx_ref_q_compute_done_1_3)   --->   "%and_ln133_1 = and i1 %head_ctx_ref_q_started_1_1, i1 %icmp_ln133_1" [/home/luka/Scripting/ELEC_498-Capstone-LiteLM/HLS-Verilog/Scheduler_FSM/src-hls/Head_Helpers/head_helpers.cpp:133->/home/luka/Scripting/ELEC_498-Capstone-LiteLM/HLS-Verilog/Scheduler_FSM/src-hls/Head_Helpers/head_helpers.cpp:419]   --->   Operation 640 'and' 'and_ln133_1' <Predicate = (!icmp_ln418_1)> <Delay = 0.00> <CoreInst = "LogicGate">   --->   Core 74 'LogicGate' <Latency = 0> <II = 1> <Delay = 0.28> <FuncUnit> <Opcode : 'and' 'or' 'xor'> <InPorts = 2> <OutPorts = 1>
ST_1 : Operation 641 [1/1] (0.76ns)   --->   "%icmp_ln134_1 = icmp_eq  i8 %last_op_1, i8 4" [/home/luka/Scripting/ELEC_498-Capstone-LiteLM/HLS-Verilog/Scheduler_FSM/src-hls/Head_Helpers/head_helpers.cpp:134->/home/luka/Scripting/ELEC_498-Capstone-LiteLM/HLS-Verilog/Scheduler_FSM/src-hls/Head_Helpers/head_helpers.cpp:419]   --->   Operation 641 'icmp' 'icmp_ln134_1' <Predicate = (!icmp_ln418_1)> <Delay = 0.76> <CoreInst = "Cmp">   --->   Core 9 'Cmp' <Latency = 0> <II = 1> <Delay = 0.76> <FuncUnit> <Opcode : 'seteq' 'setne' 'setle' 'setge' 'setlt' 'setgt'> <InPorts = 2> <OutPorts = 1>
ST_1 : Operation 642 [1/1] (0.00ns) (grouped into LUT with out node head_ctx_ref_k_compute_done_1_3)   --->   "%and_ln134_1 = and i1 %head_ctx_ref_k_started_1_1, i1 %icmp_ln134_1" [/home/luka/Scripting/ELEC_498-Capstone-LiteLM/HLS-Verilog/Scheduler_FSM/src-hls/Head_Helpers/head_helpers.cpp:134->/home/luka/Scripting/ELEC_498-Capstone-LiteLM/HLS-Verilog/Scheduler_FSM/src-hls/Head_Helpers/head_helpers.cpp:419]   --->   Operation 642 'and' 'and_ln134_1' <Predicate = (!icmp_ln418_1)> <Delay = 0.00> <CoreInst = "LogicGate">   --->   Core 74 'LogicGate' <Latency = 0> <II = 1> <Delay = 0.28> <FuncUnit> <Opcode : 'and' 'or' 'xor'> <InPorts = 2> <OutPorts = 1>
ST_1 : Operation 643 [1/1] (0.76ns)   --->   "%icmp_ln135_1 = icmp_eq  i8 %last_op_1, i8 5" [/home/luka/Scripting/ELEC_498-Capstone-LiteLM/HLS-Verilog/Scheduler_FSM/src-hls/Head_Helpers/head_helpers.cpp:135->/home/luka/Scripting/ELEC_498-Capstone-LiteLM/HLS-Verilog/Scheduler_FSM/src-hls/Head_Helpers/head_helpers.cpp:419]   --->   Operation 643 'icmp' 'icmp_ln135_1' <Predicate = (!icmp_ln418_1)> <Delay = 0.76> <CoreInst = "Cmp">   --->   Core 9 'Cmp' <Latency = 0> <II = 1> <Delay = 0.76> <FuncUnit> <Opcode : 'seteq' 'setne' 'setle' 'setge' 'setlt' 'setgt'> <InPorts = 2> <OutPorts = 1>
ST_1 : Operation 644 [1/1] (0.00ns) (grouped into LUT with out node head_ctx_ref_k_requant_compute_done_1_3)   --->   "%and_ln135_1 = and i1 %head_ctx_ref_k_requant_started_1_1, i1 %icmp_ln135_1" [/home/luka/Scripting/ELEC_498-Capstone-LiteLM/HLS-Verilog/Scheduler_FSM/src-hls/Head_Helpers/head_helpers.cpp:135->/home/luka/Scripting/ELEC_498-Capstone-LiteLM/HLS-Verilog/Scheduler_FSM/src-hls/Head_Helpers/head_helpers.cpp:419]   --->   Operation 644 'and' 'and_ln135_1' <Predicate = (!icmp_ln418_1)> <Delay = 0.00> <CoreInst = "LogicGate">   --->   Core 74 'LogicGate' <Latency = 0> <II = 1> <Delay = 0.28> <FuncUnit> <Opcode : 'and' 'or' 'xor'> <InPorts = 2> <OutPorts = 1>
ST_1 : Operation 645 [1/1] (0.76ns)   --->   "%icmp_ln136_1 = icmp_eq  i8 %last_op_1, i8 6" [/home/luka/Scripting/ELEC_498-Capstone-LiteLM/HLS-Verilog/Scheduler_FSM/src-hls/Head_Helpers/head_helpers.cpp:136->/home/luka/Scripting/ELEC_498-Capstone-LiteLM/HLS-Verilog/Scheduler_FSM/src-hls/Head_Helpers/head_helpers.cpp:419]   --->   Operation 645 'icmp' 'icmp_ln136_1' <Predicate = (!icmp_ln418_1)> <Delay = 0.76> <CoreInst = "Cmp">   --->   Core 9 'Cmp' <Latency = 0> <II = 1> <Delay = 0.76> <FuncUnit> <Opcode : 'seteq' 'setne' 'setle' 'setge' 'setlt' 'setgt'> <InPorts = 2> <OutPorts = 1>
ST_1 : Operation 646 [1/1] (0.00ns) (grouped into LUT with out node head_ctx_ref_v_compute_done_1_3)   --->   "%and_ln136_1 = and i1 %head_ctx_ref_v_started_1_1, i1 %icmp_ln136_1" [/home/luka/Scripting/ELEC_498-Capstone-LiteLM/HLS-Verilog/Scheduler_FSM/src-hls/Head_Helpers/head_helpers.cpp:136->/home/luka/Scripting/ELEC_498-Capstone-LiteLM/HLS-Verilog/Scheduler_FSM/src-hls/Head_Helpers/head_helpers.cpp:419]   --->   Operation 646 'and' 'and_ln136_1' <Predicate = (!icmp_ln418_1)> <Delay = 0.00> <CoreInst = "LogicGate">   --->   Core 74 'LogicGate' <Latency = 0> <II = 1> <Delay = 0.28> <FuncUnit> <Opcode : 'and' 'or' 'xor'> <InPorts = 2> <OutPorts = 1>
ST_1 : Operation 647 [1/1] (0.76ns)   --->   "%icmp_ln137_1 = icmp_eq  i8 %last_op_1, i8 7" [/home/luka/Scripting/ELEC_498-Capstone-LiteLM/HLS-Verilog/Scheduler_FSM/src-hls/Head_Helpers/head_helpers.cpp:137->/home/luka/Scripting/ELEC_498-Capstone-LiteLM/HLS-Verilog/Scheduler_FSM/src-hls/Head_Helpers/head_helpers.cpp:419]   --->   Operation 647 'icmp' 'icmp_ln137_1' <Predicate = (!icmp_ln418_1)> <Delay = 0.76> <CoreInst = "Cmp">   --->   Core 9 'Cmp' <Latency = 0> <II = 1> <Delay = 0.76> <FuncUnit> <Opcode : 'seteq' 'setne' 'setle' 'setge' 'setlt' 'setgt'> <InPorts = 2> <OutPorts = 1>
ST_1 : Operation 648 [1/1] (0.00ns) (grouped into LUT with out node head_ctx_ref_v_requant_compute_done_1_3)   --->   "%and_ln137_1 = and i1 %head_ctx_ref_v_requant_started_1_1, i1 %icmp_ln137_1" [/home/luka/Scripting/ELEC_498-Capstone-LiteLM/HLS-Verilog/Scheduler_FSM/src-hls/Head_Helpers/head_helpers.cpp:137->/home/luka/Scripting/ELEC_498-Capstone-LiteLM/HLS-Verilog/Scheduler_FSM/src-hls/Head_Helpers/head_helpers.cpp:419]   --->   Operation 648 'and' 'and_ln137_1' <Predicate = (!icmp_ln418_1)> <Delay = 0.00> <CoreInst = "LogicGate">   --->   Core 74 'LogicGate' <Latency = 0> <II = 1> <Delay = 0.28> <FuncUnit> <Opcode : 'and' 'or' 'xor'> <InPorts = 2> <OutPorts = 1>
ST_1 : Operation 649 [1/1] (0.76ns)   --->   "%icmp_ln138_1 = icmp_eq  i8 %last_op_1, i8 8" [/home/luka/Scripting/ELEC_498-Capstone-LiteLM/HLS-Verilog/Scheduler_FSM/src-hls/Head_Helpers/head_helpers.cpp:138->/home/luka/Scripting/ELEC_498-Capstone-LiteLM/HLS-Verilog/Scheduler_FSM/src-hls/Head_Helpers/head_helpers.cpp:419]   --->   Operation 649 'icmp' 'icmp_ln138_1' <Predicate = (!icmp_ln418_1)> <Delay = 0.76> <CoreInst = "Cmp">   --->   Core 9 'Cmp' <Latency = 0> <II = 1> <Delay = 0.76> <FuncUnit> <Opcode : 'seteq' 'setne' 'setle' 'setge' 'setlt' 'setgt'> <InPorts = 2> <OutPorts = 1>
ST_1 : Operation 650 [1/1] (0.00ns) (grouped into LUT with out node head_ctx_ref_requant_q_compute_done_1_3)   --->   "%and_ln138_1 = and i1 %head_ctx_ref_requant_q_started_1_1, i1 %icmp_ln138_1" [/home/luka/Scripting/ELEC_498-Capstone-LiteLM/HLS-Verilog/Scheduler_FSM/src-hls/Head_Helpers/head_helpers.cpp:138->/home/luka/Scripting/ELEC_498-Capstone-LiteLM/HLS-Verilog/Scheduler_FSM/src-hls/Head_Helpers/head_helpers.cpp:419]   --->   Operation 650 'and' 'and_ln138_1' <Predicate = (!icmp_ln418_1)> <Delay = 0.00> <CoreInst = "LogicGate">   --->   Core 74 'LogicGate' <Latency = 0> <II = 1> <Delay = 0.28> <FuncUnit> <Opcode : 'and' 'or' 'xor'> <InPorts = 2> <OutPorts = 1>
ST_1 : Operation 651 [1/1] (0.76ns)   --->   "%icmp_ln139_1 = icmp_eq  i8 %last_op_1, i8 9" [/home/luka/Scripting/ELEC_498-Capstone-LiteLM/HLS-Verilog/Scheduler_FSM/src-hls/Head_Helpers/head_helpers.cpp:139->/home/luka/Scripting/ELEC_498-Capstone-LiteLM/HLS-Verilog/Scheduler_FSM/src-hls/Head_Helpers/head_helpers.cpp:419]   --->   Operation 651 'icmp' 'icmp_ln139_1' <Predicate = (!icmp_ln418_1)> <Delay = 0.76> <CoreInst = "Cmp">   --->   Core 9 'Cmp' <Latency = 0> <II = 1> <Delay = 0.76> <FuncUnit> <Opcode : 'seteq' 'setne' 'setle' 'setge' 'setlt' 'setgt'> <InPorts = 2> <OutPorts = 1>
ST_1 : Operation 652 [1/1] (0.00ns) (grouped into LUT with out node head_ctx_ref_att_scores_compute_done_1_3)   --->   "%and_ln139_1 = and i1 %head_ctx_ref_att_scores_started_1_1, i1 %icmp_ln139_1" [/home/luka/Scripting/ELEC_498-Capstone-LiteLM/HLS-Verilog/Scheduler_FSM/src-hls/Head_Helpers/head_helpers.cpp:139->/home/luka/Scripting/ELEC_498-Capstone-LiteLM/HLS-Verilog/Scheduler_FSM/src-hls/Head_Helpers/head_helpers.cpp:419]   --->   Operation 652 'and' 'and_ln139_1' <Predicate = (!icmp_ln418_1)> <Delay = 0.00> <CoreInst = "LogicGate">   --->   Core 74 'LogicGate' <Latency = 0> <II = 1> <Delay = 0.28> <FuncUnit> <Opcode : 'and' 'or' 'xor'> <InPorts = 2> <OutPorts = 1>
ST_1 : Operation 653 [1/1] (0.76ns)   --->   "%icmp_ln140_1 = icmp_eq  i8 %last_op_1, i8 10" [/home/luka/Scripting/ELEC_498-Capstone-LiteLM/HLS-Verilog/Scheduler_FSM/src-hls/Head_Helpers/head_helpers.cpp:140->/home/luka/Scripting/ELEC_498-Capstone-LiteLM/HLS-Verilog/Scheduler_FSM/src-hls/Head_Helpers/head_helpers.cpp:419]   --->   Operation 653 'icmp' 'icmp_ln140_1' <Predicate = (!icmp_ln418_1)> <Delay = 0.76> <CoreInst = "Cmp">   --->   Core 9 'Cmp' <Latency = 0> <II = 1> <Delay = 0.76> <FuncUnit> <Opcode : 'seteq' 'setne' 'setle' 'setge' 'setlt' 'setgt'> <InPorts = 2> <OutPorts = 1>
ST_1 : Operation 654 [1/1] (0.00ns) (grouped into LUT with out node head_ctx_ref_val_scale_compute_done_1_3)   --->   "%and_ln140_1 = and i1 %head_ctx_ref_val_scale_started_1_1, i1 %icmp_ln140_1" [/home/luka/Scripting/ELEC_498-Capstone-LiteLM/HLS-Verilog/Scheduler_FSM/src-hls/Head_Helpers/head_helpers.cpp:140->/home/luka/Scripting/ELEC_498-Capstone-LiteLM/HLS-Verilog/Scheduler_FSM/src-hls/Head_Helpers/head_helpers.cpp:419]   --->   Operation 654 'and' 'and_ln140_1' <Predicate = (!icmp_ln418_1)> <Delay = 0.00> <CoreInst = "LogicGate">   --->   Core 74 'LogicGate' <Latency = 0> <II = 1> <Delay = 0.28> <FuncUnit> <Opcode : 'and' 'or' 'xor'> <InPorts = 2> <OutPorts = 1>
ST_1 : Operation 655 [1/1] (0.76ns)   --->   "%icmp_ln141_1 = icmp_eq  i8 %last_op_1, i8 11" [/home/luka/Scripting/ELEC_498-Capstone-LiteLM/HLS-Verilog/Scheduler_FSM/src-hls/Head_Helpers/head_helpers.cpp:141->/home/luka/Scripting/ELEC_498-Capstone-LiteLM/HLS-Verilog/Scheduler_FSM/src-hls/Head_Helpers/head_helpers.cpp:419]   --->   Operation 655 'icmp' 'icmp_ln141_1' <Predicate = (!icmp_ln418_1)> <Delay = 0.76> <CoreInst = "Cmp">   --->   Core 9 'Cmp' <Latency = 0> <II = 1> <Delay = 0.76> <FuncUnit> <Opcode : 'seteq' 'setne' 'setle' 'setge' 'setlt' 'setgt'> <InPorts = 2> <OutPorts = 1>
ST_1 : Operation 656 [1/1] (0.00ns) (grouped into LUT with out node head_ctx_ref_softmax_compute_done_1_3)   --->   "%and_ln141_1 = and i1 %head_ctx_ref_softmax_started_1_1, i1 %icmp_ln141_1" [/home/luka/Scripting/ELEC_498-Capstone-LiteLM/HLS-Verilog/Scheduler_FSM/src-hls/Head_Helpers/head_helpers.cpp:141->/home/luka/Scripting/ELEC_498-Capstone-LiteLM/HLS-Verilog/Scheduler_FSM/src-hls/Head_Helpers/head_helpers.cpp:419]   --->   Operation 656 'and' 'and_ln141_1' <Predicate = (!icmp_ln418_1)> <Delay = 0.00> <CoreInst = "LogicGate">   --->   Core 74 'LogicGate' <Latency = 0> <II = 1> <Delay = 0.28> <FuncUnit> <Opcode : 'and' 'or' 'xor'> <InPorts = 2> <OutPorts = 1>
ST_1 : Operation 657 [1/1] (0.76ns)   --->   "%icmp_ln142_1 = icmp_eq  i8 %last_op_1, i8 12" [/home/luka/Scripting/ELEC_498-Capstone-LiteLM/HLS-Verilog/Scheduler_FSM/src-hls/Head_Helpers/head_helpers.cpp:142->/home/luka/Scripting/ELEC_498-Capstone-LiteLM/HLS-Verilog/Scheduler_FSM/src-hls/Head_Helpers/head_helpers.cpp:419]   --->   Operation 657 'icmp' 'icmp_ln142_1' <Predicate = (!icmp_ln418_1)> <Delay = 0.76> <CoreInst = "Cmp">   --->   Core 9 'Cmp' <Latency = 0> <II = 1> <Delay = 0.76> <FuncUnit> <Opcode : 'seteq' 'setne' 'setle' 'setge' 'setlt' 'setgt'> <InPorts = 2> <OutPorts = 1>
ST_1 : Operation 658 [1/1] (0.00ns) (grouped into LUT with out node head_ctx_ref_att_value_compute_done_1_3)   --->   "%and_ln142_1 = and i1 %head_ctx_ref_att_value_started_1_1, i1 %icmp_ln142_1" [/home/luka/Scripting/ELEC_498-Capstone-LiteLM/HLS-Verilog/Scheduler_FSM/src-hls/Head_Helpers/head_helpers.cpp:142->/home/luka/Scripting/ELEC_498-Capstone-LiteLM/HLS-Verilog/Scheduler_FSM/src-hls/Head_Helpers/head_helpers.cpp:419]   --->   Operation 658 'and' 'and_ln142_1' <Predicate = (!icmp_ln418_1)> <Delay = 0.00> <CoreInst = "LogicGate">   --->   Core 74 'LogicGate' <Latency = 0> <II = 1> <Delay = 0.28> <FuncUnit> <Opcode : 'and' 'or' 'xor'> <InPorts = 2> <OutPorts = 1>
ST_1 : Operation 659 [1/1] (0.76ns)   --->   "%icmp_ln143_1 = icmp_eq  i8 %last_op_1, i8 13" [/home/luka/Scripting/ELEC_498-Capstone-LiteLM/HLS-Verilog/Scheduler_FSM/src-hls/Head_Helpers/head_helpers.cpp:143->/home/luka/Scripting/ELEC_498-Capstone-LiteLM/HLS-Verilog/Scheduler_FSM/src-hls/Head_Helpers/head_helpers.cpp:419]   --->   Operation 659 'icmp' 'icmp_ln143_1' <Predicate = (!icmp_ln418_1)> <Delay = 0.76> <CoreInst = "Cmp">   --->   Core 9 'Cmp' <Latency = 0> <II = 1> <Delay = 0.76> <FuncUnit> <Opcode : 'seteq' 'setne' 'setle' 'setge' 'setlt' 'setgt'> <InPorts = 2> <OutPorts = 1>
ST_1 : Operation 660 [1/1] (0.00ns) (grouped into LUT with out node head_ctx_ref_head_requant_compute_done_1_3)   --->   "%and_ln143_1 = and i1 %head_ctx_ref_head_requant_started_1_1, i1 %icmp_ln143_1" [/home/luka/Scripting/ELEC_498-Capstone-LiteLM/HLS-Verilog/Scheduler_FSM/src-hls/Head_Helpers/head_helpers.cpp:143->/home/luka/Scripting/ELEC_498-Capstone-LiteLM/HLS-Verilog/Scheduler_FSM/src-hls/Head_Helpers/head_helpers.cpp:419]   --->   Operation 660 'and' 'and_ln143_1' <Predicate = (!icmp_ln418_1)> <Delay = 0.00> <CoreInst = "LogicGate">   --->   Core 74 'LogicGate' <Latency = 0> <II = 1> <Delay = 0.28> <FuncUnit> <Opcode : 'and' 'or' 'xor'> <InPorts = 2> <OutPorts = 1>
ST_1 : Operation 661 [1/1] (0.00ns) (grouped into LUT with out node not_sel_tmp45)   --->   "%head_ctx_ref_compute_start_1_2_not = xor i1 %head_ctx_ref_compute_start_1_2, i1 1" [/home/luka/Scripting/ELEC_498-Capstone-LiteLM/HLS-Verilog/Scheduler_FSM/src-hls/Head_Helpers/head_helpers.cpp:396]   --->   Operation 661 'xor' 'head_ctx_ref_compute_start_1_2_not' <Predicate = (!icmp_ln418_1)> <Delay = 0.00> <CoreInst = "LogicGate">   --->   Core 74 'LogicGate' <Latency = 0> <II = 1> <Delay = 0.28> <FuncUnit> <Opcode : 'and' 'or' 'xor'> <InPorts = 2> <OutPorts = 1>
ST_1 : Operation 662 [1/1] (0.28ns) (out node of the LUT)   --->   "%not_sel_tmp45 = and i1 %head_ctx_ref_compute_done_1_1, i1 %head_ctx_ref_compute_start_1_2_not" [/home/luka/Scripting/ELEC_498-Capstone-LiteLM/HLS-Verilog/Scheduler_FSM/src-hls/Head_Helpers/head_helpers.cpp:396]   --->   Operation 662 'and' 'not_sel_tmp45' <Predicate = (!icmp_ln418_1)> <Delay = 0.28> <CoreInst = "LogicGate">   --->   Core 74 'LogicGate' <Latency = 0> <II = 1> <Delay = 0.28> <FuncUnit> <Opcode : 'and' 'or' 'xor'> <InPorts = 2> <OutPorts = 1>
ST_1 : Operation 663 [1/1] (0.00ns) (grouped into LUT with out node head_ctx_ref_q_compute_done_1_3)   --->   "%or_ln133_1 = and i1 %and_ln133_1, i1 %not_sel_tmp45" [/home/luka/Scripting/ELEC_498-Capstone-LiteLM/HLS-Verilog/Scheduler_FSM/src-hls/Head_Helpers/head_helpers.cpp:133->/home/luka/Scripting/ELEC_498-Capstone-LiteLM/HLS-Verilog/Scheduler_FSM/src-hls/Head_Helpers/head_helpers.cpp:419]   --->   Operation 663 'and' 'or_ln133_1' <Predicate = (!icmp_ln418_1)> <Delay = 0.00> <CoreInst = "LogicGate">   --->   Core 74 'LogicGate' <Latency = 0> <II = 1> <Delay = 0.28> <FuncUnit> <Opcode : 'and' 'or' 'xor'> <InPorts = 2> <OutPorts = 1>
ST_1 : Operation 664 [1/1] (0.28ns) (out node of the LUT)   --->   "%head_ctx_ref_q_compute_done_1_3 = or i1 %head_ctx_ref_q_compute_done_1_1, i1 %or_ln133_1" [/home/luka/Scripting/ELEC_498-Capstone-LiteLM/HLS-Verilog/Scheduler_FSM/src-hls/Head_Helpers/head_helpers.cpp:396]   --->   Operation 664 'or' 'head_ctx_ref_q_compute_done_1_3' <Predicate = (!icmp_ln418_1)> <Delay = 0.28> <CoreInst = "LogicGate">   --->   Core 74 'LogicGate' <Latency = 0> <II = 1> <Delay = 0.28> <FuncUnit> <Opcode : 'and' 'or' 'xor'> <InPorts = 2> <OutPorts = 1>
ST_1 : Operation 665 [1/1] (0.00ns) (grouped into LUT with out node head_ctx_ref_k_compute_done_1_3)   --->   "%or_ln134_1 = and i1 %and_ln134_1, i1 %not_sel_tmp45" [/home/luka/Scripting/ELEC_498-Capstone-LiteLM/HLS-Verilog/Scheduler_FSM/src-hls/Head_Helpers/head_helpers.cpp:134->/home/luka/Scripting/ELEC_498-Capstone-LiteLM/HLS-Verilog/Scheduler_FSM/src-hls/Head_Helpers/head_helpers.cpp:419]   --->   Operation 665 'and' 'or_ln134_1' <Predicate = (!icmp_ln418_1)> <Delay = 0.00> <CoreInst = "LogicGate">   --->   Core 74 'LogicGate' <Latency = 0> <II = 1> <Delay = 0.28> <FuncUnit> <Opcode : 'and' 'or' 'xor'> <InPorts = 2> <OutPorts = 1>
ST_1 : Operation 666 [1/1] (0.28ns) (out node of the LUT)   --->   "%head_ctx_ref_k_compute_done_1_3 = or i1 %head_ctx_ref_k_compute_done_1_1, i1 %or_ln134_1" [/home/luka/Scripting/ELEC_498-Capstone-LiteLM/HLS-Verilog/Scheduler_FSM/src-hls/Head_Helpers/head_helpers.cpp:396]   --->   Operation 666 'or' 'head_ctx_ref_k_compute_done_1_3' <Predicate = (!icmp_ln418_1)> <Delay = 0.28> <CoreInst = "LogicGate">   --->   Core 74 'LogicGate' <Latency = 0> <II = 1> <Delay = 0.28> <FuncUnit> <Opcode : 'and' 'or' 'xor'> <InPorts = 2> <OutPorts = 1>
ST_1 : Operation 667 [1/1] (0.00ns) (grouped into LUT with out node head_ctx_ref_k_requant_compute_done_1_3)   --->   "%or_ln135_1 = and i1 %and_ln135_1, i1 %not_sel_tmp45" [/home/luka/Scripting/ELEC_498-Capstone-LiteLM/HLS-Verilog/Scheduler_FSM/src-hls/Head_Helpers/head_helpers.cpp:135->/home/luka/Scripting/ELEC_498-Capstone-LiteLM/HLS-Verilog/Scheduler_FSM/src-hls/Head_Helpers/head_helpers.cpp:419]   --->   Operation 667 'and' 'or_ln135_1' <Predicate = (!icmp_ln418_1)> <Delay = 0.00> <CoreInst = "LogicGate">   --->   Core 74 'LogicGate' <Latency = 0> <II = 1> <Delay = 0.28> <FuncUnit> <Opcode : 'and' 'or' 'xor'> <InPorts = 2> <OutPorts = 1>
ST_1 : Operation 668 [1/1] (0.28ns) (out node of the LUT)   --->   "%head_ctx_ref_k_requant_compute_done_1_3 = or i1 %head_ctx_ref_k_requant_compute_done_1_1, i1 %or_ln135_1" [/home/luka/Scripting/ELEC_498-Capstone-LiteLM/HLS-Verilog/Scheduler_FSM/src-hls/Head_Helpers/head_helpers.cpp:396]   --->   Operation 668 'or' 'head_ctx_ref_k_requant_compute_done_1_3' <Predicate = (!icmp_ln418_1)> <Delay = 0.28> <CoreInst = "LogicGate">   --->   Core 74 'LogicGate' <Latency = 0> <II = 1> <Delay = 0.28> <FuncUnit> <Opcode : 'and' 'or' 'xor'> <InPorts = 2> <OutPorts = 1>
ST_1 : Operation 669 [1/1] (0.00ns) (grouped into LUT with out node head_ctx_ref_v_compute_done_1_3)   --->   "%or_ln136_1 = and i1 %and_ln136_1, i1 %not_sel_tmp45" [/home/luka/Scripting/ELEC_498-Capstone-LiteLM/HLS-Verilog/Scheduler_FSM/src-hls/Head_Helpers/head_helpers.cpp:136->/home/luka/Scripting/ELEC_498-Capstone-LiteLM/HLS-Verilog/Scheduler_FSM/src-hls/Head_Helpers/head_helpers.cpp:419]   --->   Operation 669 'and' 'or_ln136_1' <Predicate = (!icmp_ln418_1)> <Delay = 0.00> <CoreInst = "LogicGate">   --->   Core 74 'LogicGate' <Latency = 0> <II = 1> <Delay = 0.28> <FuncUnit> <Opcode : 'and' 'or' 'xor'> <InPorts = 2> <OutPorts = 1>
ST_1 : Operation 670 [1/1] (0.28ns) (out node of the LUT)   --->   "%head_ctx_ref_v_compute_done_1_3 = or i1 %head_ctx_ref_v_compute_done_1_1, i1 %or_ln136_1" [/home/luka/Scripting/ELEC_498-Capstone-LiteLM/HLS-Verilog/Scheduler_FSM/src-hls/Head_Helpers/head_helpers.cpp:396]   --->   Operation 670 'or' 'head_ctx_ref_v_compute_done_1_3' <Predicate = (!icmp_ln418_1)> <Delay = 0.28> <CoreInst = "LogicGate">   --->   Core 74 'LogicGate' <Latency = 0> <II = 1> <Delay = 0.28> <FuncUnit> <Opcode : 'and' 'or' 'xor'> <InPorts = 2> <OutPorts = 1>
ST_1 : Operation 671 [1/1] (0.00ns) (grouped into LUT with out node head_ctx_ref_v_requant_compute_done_1_3)   --->   "%or_ln137_1 = and i1 %and_ln137_1, i1 %not_sel_tmp45" [/home/luka/Scripting/ELEC_498-Capstone-LiteLM/HLS-Verilog/Scheduler_FSM/src-hls/Head_Helpers/head_helpers.cpp:137->/home/luka/Scripting/ELEC_498-Capstone-LiteLM/HLS-Verilog/Scheduler_FSM/src-hls/Head_Helpers/head_helpers.cpp:419]   --->   Operation 671 'and' 'or_ln137_1' <Predicate = (!icmp_ln418_1)> <Delay = 0.00> <CoreInst = "LogicGate">   --->   Core 74 'LogicGate' <Latency = 0> <II = 1> <Delay = 0.28> <FuncUnit> <Opcode : 'and' 'or' 'xor'> <InPorts = 2> <OutPorts = 1>
ST_1 : Operation 672 [1/1] (0.28ns) (out node of the LUT)   --->   "%head_ctx_ref_v_requant_compute_done_1_3 = or i1 %head_ctx_ref_v_requant_compute_done_1_1, i1 %or_ln137_1" [/home/luka/Scripting/ELEC_498-Capstone-LiteLM/HLS-Verilog/Scheduler_FSM/src-hls/Head_Helpers/head_helpers.cpp:396]   --->   Operation 672 'or' 'head_ctx_ref_v_requant_compute_done_1_3' <Predicate = (!icmp_ln418_1)> <Delay = 0.28> <CoreInst = "LogicGate">   --->   Core 74 'LogicGate' <Latency = 0> <II = 1> <Delay = 0.28> <FuncUnit> <Opcode : 'and' 'or' 'xor'> <InPorts = 2> <OutPorts = 1>
ST_1 : Operation 673 [1/1] (0.00ns) (grouped into LUT with out node head_ctx_ref_requant_q_compute_done_1_3)   --->   "%or_ln138_1 = and i1 %and_ln138_1, i1 %not_sel_tmp45" [/home/luka/Scripting/ELEC_498-Capstone-LiteLM/HLS-Verilog/Scheduler_FSM/src-hls/Head_Helpers/head_helpers.cpp:138->/home/luka/Scripting/ELEC_498-Capstone-LiteLM/HLS-Verilog/Scheduler_FSM/src-hls/Head_Helpers/head_helpers.cpp:419]   --->   Operation 673 'and' 'or_ln138_1' <Predicate = (!icmp_ln418_1)> <Delay = 0.00> <CoreInst = "LogicGate">   --->   Core 74 'LogicGate' <Latency = 0> <II = 1> <Delay = 0.28> <FuncUnit> <Opcode : 'and' 'or' 'xor'> <InPorts = 2> <OutPorts = 1>
ST_1 : Operation 674 [1/1] (0.28ns) (out node of the LUT)   --->   "%head_ctx_ref_requant_q_compute_done_1_3 = or i1 %head_ctx_ref_requant_q_compute_done_1_1, i1 %or_ln138_1" [/home/luka/Scripting/ELEC_498-Capstone-LiteLM/HLS-Verilog/Scheduler_FSM/src-hls/Head_Helpers/head_helpers.cpp:396]   --->   Operation 674 'or' 'head_ctx_ref_requant_q_compute_done_1_3' <Predicate = (!icmp_ln418_1)> <Delay = 0.28> <CoreInst = "LogicGate">   --->   Core 74 'LogicGate' <Latency = 0> <II = 1> <Delay = 0.28> <FuncUnit> <Opcode : 'and' 'or' 'xor'> <InPorts = 2> <OutPorts = 1>
ST_1 : Operation 675 [1/1] (0.00ns) (grouped into LUT with out node head_ctx_ref_att_scores_compute_done_1_3)   --->   "%or_ln139_1 = and i1 %and_ln139_1, i1 %not_sel_tmp45" [/home/luka/Scripting/ELEC_498-Capstone-LiteLM/HLS-Verilog/Scheduler_FSM/src-hls/Head_Helpers/head_helpers.cpp:139->/home/luka/Scripting/ELEC_498-Capstone-LiteLM/HLS-Verilog/Scheduler_FSM/src-hls/Head_Helpers/head_helpers.cpp:419]   --->   Operation 675 'and' 'or_ln139_1' <Predicate = (!icmp_ln418_1)> <Delay = 0.00> <CoreInst = "LogicGate">   --->   Core 74 'LogicGate' <Latency = 0> <II = 1> <Delay = 0.28> <FuncUnit> <Opcode : 'and' 'or' 'xor'> <InPorts = 2> <OutPorts = 1>
ST_1 : Operation 676 [1/1] (0.28ns) (out node of the LUT)   --->   "%head_ctx_ref_att_scores_compute_done_1_3 = or i1 %head_ctx_ref_att_scores_compute_done_1_1, i1 %or_ln139_1" [/home/luka/Scripting/ELEC_498-Capstone-LiteLM/HLS-Verilog/Scheduler_FSM/src-hls/Head_Helpers/head_helpers.cpp:396]   --->   Operation 676 'or' 'head_ctx_ref_att_scores_compute_done_1_3' <Predicate = (!icmp_ln418_1)> <Delay = 0.28> <CoreInst = "LogicGate">   --->   Core 74 'LogicGate' <Latency = 0> <II = 1> <Delay = 0.28> <FuncUnit> <Opcode : 'and' 'or' 'xor'> <InPorts = 2> <OutPorts = 1>
ST_1 : Operation 677 [1/1] (0.00ns) (grouped into LUT with out node head_ctx_ref_val_scale_compute_done_1_3)   --->   "%or_ln140_1 = and i1 %and_ln140_1, i1 %not_sel_tmp45" [/home/luka/Scripting/ELEC_498-Capstone-LiteLM/HLS-Verilog/Scheduler_FSM/src-hls/Head_Helpers/head_helpers.cpp:140->/home/luka/Scripting/ELEC_498-Capstone-LiteLM/HLS-Verilog/Scheduler_FSM/src-hls/Head_Helpers/head_helpers.cpp:419]   --->   Operation 677 'and' 'or_ln140_1' <Predicate = (!icmp_ln418_1)> <Delay = 0.00> <CoreInst = "LogicGate">   --->   Core 74 'LogicGate' <Latency = 0> <II = 1> <Delay = 0.28> <FuncUnit> <Opcode : 'and' 'or' 'xor'> <InPorts = 2> <OutPorts = 1>
ST_1 : Operation 678 [1/1] (0.28ns) (out node of the LUT)   --->   "%head_ctx_ref_val_scale_compute_done_1_3 = or i1 %head_ctx_ref_val_scale_compute_done_1_1, i1 %or_ln140_1" [/home/luka/Scripting/ELEC_498-Capstone-LiteLM/HLS-Verilog/Scheduler_FSM/src-hls/Head_Helpers/head_helpers.cpp:396]   --->   Operation 678 'or' 'head_ctx_ref_val_scale_compute_done_1_3' <Predicate = (!icmp_ln418_1)> <Delay = 0.28> <CoreInst = "LogicGate">   --->   Core 74 'LogicGate' <Latency = 0> <II = 1> <Delay = 0.28> <FuncUnit> <Opcode : 'and' 'or' 'xor'> <InPorts = 2> <OutPorts = 1>
ST_1 : Operation 679 [1/1] (0.00ns) (grouped into LUT with out node head_ctx_ref_softmax_compute_done_1_3)   --->   "%or_ln141_1 = and i1 %and_ln141_1, i1 %not_sel_tmp45" [/home/luka/Scripting/ELEC_498-Capstone-LiteLM/HLS-Verilog/Scheduler_FSM/src-hls/Head_Helpers/head_helpers.cpp:141->/home/luka/Scripting/ELEC_498-Capstone-LiteLM/HLS-Verilog/Scheduler_FSM/src-hls/Head_Helpers/head_helpers.cpp:419]   --->   Operation 679 'and' 'or_ln141_1' <Predicate = (!icmp_ln418_1)> <Delay = 0.00> <CoreInst = "LogicGate">   --->   Core 74 'LogicGate' <Latency = 0> <II = 1> <Delay = 0.28> <FuncUnit> <Opcode : 'and' 'or' 'xor'> <InPorts = 2> <OutPorts = 1>
ST_1 : Operation 680 [1/1] (0.28ns) (out node of the LUT)   --->   "%head_ctx_ref_softmax_compute_done_1_3 = or i1 %head_ctx_ref_softmax_compute_done_1_1, i1 %or_ln141_1" [/home/luka/Scripting/ELEC_498-Capstone-LiteLM/HLS-Verilog/Scheduler_FSM/src-hls/Head_Helpers/head_helpers.cpp:396]   --->   Operation 680 'or' 'head_ctx_ref_softmax_compute_done_1_3' <Predicate = (!icmp_ln418_1)> <Delay = 0.28> <CoreInst = "LogicGate">   --->   Core 74 'LogicGate' <Latency = 0> <II = 1> <Delay = 0.28> <FuncUnit> <Opcode : 'and' 'or' 'xor'> <InPorts = 2> <OutPorts = 1>
ST_1 : Operation 681 [1/1] (0.00ns) (grouped into LUT with out node head_ctx_ref_att_value_compute_done_1_3)   --->   "%or_ln142_1 = and i1 %and_ln142_1, i1 %not_sel_tmp45" [/home/luka/Scripting/ELEC_498-Capstone-LiteLM/HLS-Verilog/Scheduler_FSM/src-hls/Head_Helpers/head_helpers.cpp:142->/home/luka/Scripting/ELEC_498-Capstone-LiteLM/HLS-Verilog/Scheduler_FSM/src-hls/Head_Helpers/head_helpers.cpp:419]   --->   Operation 681 'and' 'or_ln142_1' <Predicate = (!icmp_ln418_1)> <Delay = 0.00> <CoreInst = "LogicGate">   --->   Core 74 'LogicGate' <Latency = 0> <II = 1> <Delay = 0.28> <FuncUnit> <Opcode : 'and' 'or' 'xor'> <InPorts = 2> <OutPorts = 1>
ST_1 : Operation 682 [1/1] (0.28ns) (out node of the LUT)   --->   "%head_ctx_ref_att_value_compute_done_1_3 = or i1 %head_ctx_ref_att_value_compute_done_1_1, i1 %or_ln142_1" [/home/luka/Scripting/ELEC_498-Capstone-LiteLM/HLS-Verilog/Scheduler_FSM/src-hls/Head_Helpers/head_helpers.cpp:396]   --->   Operation 682 'or' 'head_ctx_ref_att_value_compute_done_1_3' <Predicate = (!icmp_ln418_1)> <Delay = 0.28> <CoreInst = "LogicGate">   --->   Core 74 'LogicGate' <Latency = 0> <II = 1> <Delay = 0.28> <FuncUnit> <Opcode : 'and' 'or' 'xor'> <InPorts = 2> <OutPorts = 1>
ST_1 : Operation 683 [1/1] (0.00ns) (grouped into LUT with out node head_ctx_ref_head_requant_compute_done_1_3)   --->   "%or_ln143_1 = and i1 %and_ln143_1, i1 %not_sel_tmp45" [/home/luka/Scripting/ELEC_498-Capstone-LiteLM/HLS-Verilog/Scheduler_FSM/src-hls/Head_Helpers/head_helpers.cpp:143->/home/luka/Scripting/ELEC_498-Capstone-LiteLM/HLS-Verilog/Scheduler_FSM/src-hls/Head_Helpers/head_helpers.cpp:419]   --->   Operation 683 'and' 'or_ln143_1' <Predicate = (!icmp_ln418_1)> <Delay = 0.00> <CoreInst = "LogicGate">   --->   Core 74 'LogicGate' <Latency = 0> <II = 1> <Delay = 0.28> <FuncUnit> <Opcode : 'and' 'or' 'xor'> <InPorts = 2> <OutPorts = 1>
ST_1 : Operation 684 [1/1] (0.28ns) (out node of the LUT)   --->   "%head_ctx_ref_head_requant_compute_done_1_3 = or i1 %head_ctx_ref_head_requant_compute_done_1_1, i1 %or_ln143_1" [/home/luka/Scripting/ELEC_498-Capstone-LiteLM/HLS-Verilog/Scheduler_FSM/src-hls/Head_Helpers/head_helpers.cpp:396]   --->   Operation 684 'or' 'head_ctx_ref_head_requant_compute_done_1_3' <Predicate = (!icmp_ln418_1)> <Delay = 0.28> <CoreInst = "LogicGate">   --->   Core 74 'LogicGate' <Latency = 0> <II = 1> <Delay = 0.28> <FuncUnit> <Opcode : 'and' 'or' 'xor'> <InPorts = 2> <OutPorts = 1>
ST_1 : Operation 685 [1/1] (0.79ns)   --->   "%switch_ln147 = switch i4 %head_ctx_ref_phase_1_1, void %sw.bb.i.1, i4 13, void %sw.bb511.i.1, i4 1, void %sw.bb196.i.1, i4 2, void %sw.bb229.i.1, i4 3, void %sw.bb262.i.1, i4 4, void %sw.bb284.i.1, i4 5, void %sw.bb304.i.1, i4 6, void %sw.bb337.i.1, i4 7, void %sw.bb359.i.1, i4 8, void %sw.bb379.i.1, i4 9, void %sw.bb401.i.1, i4 10, void %sw.bb434.i.1, i4 11, void %sw.bb456.i.1, i4 12, void %sw.bb478.i.1" [/home/luka/Scripting/ELEC_498-Capstone-LiteLM/HLS-Verilog/Scheduler_FSM/src-hls/Head_Helpers/head_helpers.cpp:147->/home/luka/Scripting/ELEC_498-Capstone-LiteLM/HLS-Verilog/Scheduler_FSM/src-hls/Head_Helpers/head_helpers.cpp:419]   --->   Operation 685 'switch' 'switch_ln147' <Predicate = (!icmp_ln418_1)> <Delay = 0.79>
ST_1 : Operation 686 [1/1] (0.00ns) (grouped into LUT with out node or_ln355_1)   --->   "%xor_ln355_1 = xor i1 %head_ctx_ref_wl_ready_1_1, i1 1" [/home/luka/Scripting/ELEC_498-Capstone-LiteLM/HLS-Verilog/Scheduler_FSM/src-hls/Head_Helpers/head_helpers.cpp:355->/home/luka/Scripting/ELEC_498-Capstone-LiteLM/HLS-Verilog/Scheduler_FSM/src-hls/Head_Helpers/head_helpers.cpp:419]   --->   Operation 686 'xor' 'xor_ln355_1' <Predicate = (!icmp_ln418_1 & head_ctx_ref_phase_1_1 == 12)> <Delay = 0.00> <CoreInst = "LogicGate">   --->   Core 74 'LogicGate' <Latency = 0> <II = 1> <Delay = 0.28> <FuncUnit> <Opcode : 'and' 'or' 'xor'> <InPorts = 2> <OutPorts = 1>
ST_1 : Operation 687 [1/1] (0.28ns) (out node of the LUT)   --->   "%or_ln355_1 = or i1 %head_ctx_ref_att_value_started_1_1, i1 %xor_ln355_1" [/home/luka/Scripting/ELEC_498-Capstone-LiteLM/HLS-Verilog/Scheduler_FSM/src-hls/Head_Helpers/head_helpers.cpp:355->/home/luka/Scripting/ELEC_498-Capstone-LiteLM/HLS-Verilog/Scheduler_FSM/src-hls/Head_Helpers/head_helpers.cpp:419]   --->   Operation 687 'or' 'or_ln355_1' <Predicate = (!icmp_ln418_1 & head_ctx_ref_phase_1_1 == 12)> <Delay = 0.28> <CoreInst = "LogicGate">   --->   Core 74 'LogicGate' <Latency = 0> <II = 1> <Delay = 0.28> <FuncUnit> <Opcode : 'and' 'or' 'xor'> <InPorts = 2> <OutPorts = 1>
ST_1 : Operation 688 [1/1] (0.00ns)   --->   "%br_ln355 = br i1 %or_ln355_1, void %if.then482.i.1, void %if.else489.i.1" [/home/luka/Scripting/ELEC_498-Capstone-LiteLM/HLS-Verilog/Scheduler_FSM/src-hls/Head_Helpers/head_helpers.cpp:355->/home/luka/Scripting/ELEC_498-Capstone-LiteLM/HLS-Verilog/Scheduler_FSM/src-hls/Head_Helpers/head_helpers.cpp:419]   --->   Operation 688 'br' 'br_ln355' <Predicate = (!icmp_ln418_1 & head_ctx_ref_phase_1_1 == 12)> <Delay = 0.00>
ST_1 : Operation 689 [1/1] (0.00ns)   --->   "%or_ln21_14 = bitconcatenate i25 @_ssdm_op_BitConcatenate.i25.i1.i8.i8.i8, i1 1, i8 %trunc_ln21_1, i8 %empty, i8 7" [/home/luka/Scripting/ELEC_498-Capstone-LiteLM/HLS-Verilog/Scheduler_FSM/src-hls/Head_Helpers/head_helpers.cpp:21->/home/luka/Scripting/ELEC_498-Capstone-LiteLM/HLS-Verilog/Scheduler_FSM/src-hls/Head_Helpers/head_helpers.cpp:357->/home/luka/Scripting/ELEC_498-Capstone-LiteLM/HLS-Verilog/Scheduler_FSM/src-hls/Head_Helpers/head_helpers.cpp:419]   --->   Operation 689 'bitconcatenate' 'or_ln21_14' <Predicate = (!icmp_ln418_1 & head_ctx_ref_phase_1_1 == 12 & !or_ln355_1)> <Delay = 0.00>
ST_1 : Operation 690 [1/1] (0.00ns)   --->   "%sext_ln360_1 = sext i25 %or_ln21_14" [/home/luka/Scripting/ELEC_498-Capstone-LiteLM/HLS-Verilog/Scheduler_FSM/src-hls/Head_Helpers/head_helpers.cpp:360->/home/luka/Scripting/ELEC_498-Capstone-LiteLM/HLS-Verilog/Scheduler_FSM/src-hls/Head_Helpers/head_helpers.cpp:419]   --->   Operation 690 'sext' 'sext_ln360_1' <Predicate = (!icmp_ln418_1 & head_ctx_ref_phase_1_1 == 12 & !or_ln355_1)> <Delay = 0.00>
ST_1 : Operation 691 [1/1] (0.93ns)   --->   "%br_ln360 = br void %_Z15run_single_headR7HeadCtxib15ControlMemSpaceRb.exit.1" [/home/luka/Scripting/ELEC_498-Capstone-LiteLM/HLS-Verilog/Scheduler_FSM/src-hls/Head_Helpers/head_helpers.cpp:360->/home/luka/Scripting/ELEC_498-Capstone-LiteLM/HLS-Verilog/Scheduler_FSM/src-hls/Head_Helpers/head_helpers.cpp:419]   --->   Operation 691 'br' 'br_ln360' <Predicate = (!icmp_ln418_1 & head_ctx_ref_phase_1_1 == 12 & !or_ln355_1)> <Delay = 0.93>
ST_1 : Operation 692 [1/1] (0.28ns)   --->   "%and_ln362_1 = and i1 %head_ctx_ref_compute_ready_1_1, i1 %head_ctx_ref_att_value_dma_done_1_4" [/home/luka/Scripting/ELEC_498-Capstone-LiteLM/HLS-Verilog/Scheduler_FSM/src-hls/Head_Helpers/head_helpers.cpp:362->/home/luka/Scripting/ELEC_498-Capstone-LiteLM/HLS-Verilog/Scheduler_FSM/src-hls/Head_Helpers/head_helpers.cpp:419]   --->   Operation 692 'and' 'and_ln362_1' <Predicate = (!icmp_ln418_1 & head_ctx_ref_phase_1_1 == 12 & or_ln355_1)> <Delay = 0.28> <CoreInst = "LogicGate">   --->   Core 74 'LogicGate' <Latency = 0> <II = 1> <Delay = 0.28> <FuncUnit> <Opcode : 'and' 'or' 'xor'> <InPorts = 2> <OutPorts = 1>
ST_1 : Operation 693 [1/1] (0.00ns)   --->   "%br_ln362 = br i1 %and_ln362_1, void %if.else501.i.1, void %if.then493.i.1" [/home/luka/Scripting/ELEC_498-Capstone-LiteLM/HLS-Verilog/Scheduler_FSM/src-hls/Head_Helpers/head_helpers.cpp:362->/home/luka/Scripting/ELEC_498-Capstone-LiteLM/HLS-Verilog/Scheduler_FSM/src-hls/Head_Helpers/head_helpers.cpp:419]   --->   Operation 693 'br' 'br_ln362' <Predicate = (!icmp_ln418_1 & head_ctx_ref_phase_1_1 == 12 & or_ln355_1)> <Delay = 0.00>
ST_1 : Operation 694 [1/1] (0.28ns)   --->   "%and_ln366_1 = and i1 %head_ctx_ref_att_value_compute_done_1_3, i1 %head_ctx_ref_att_value_started_1_1" [/home/luka/Scripting/ELEC_498-Capstone-LiteLM/HLS-Verilog/Scheduler_FSM/src-hls/Head_Helpers/head_helpers.cpp:366->/home/luka/Scripting/ELEC_498-Capstone-LiteLM/HLS-Verilog/Scheduler_FSM/src-hls/Head_Helpers/head_helpers.cpp:419]   --->   Operation 694 'and' 'and_ln366_1' <Predicate = (!icmp_ln418_1 & head_ctx_ref_phase_1_1 == 12 & or_ln355_1 & !and_ln362_1)> <Delay = 0.28> <CoreInst = "LogicGate">   --->   Core 74 'LogicGate' <Latency = 0> <II = 1> <Delay = 0.28> <FuncUnit> <Opcode : 'and' 'or' 'xor'> <InPorts = 2> <OutPorts = 1>
ST_1 : Operation 695 [1/1] (0.20ns)   --->   "%select_ln366_1 = select i1 %and_ln366_1, i4 13, i4 12" [/home/luka/Scripting/ELEC_498-Capstone-LiteLM/HLS-Verilog/Scheduler_FSM/src-hls/Head_Helpers/head_helpers.cpp:366->/home/luka/Scripting/ELEC_498-Capstone-LiteLM/HLS-Verilog/Scheduler_FSM/src-hls/Head_Helpers/head_helpers.cpp:419]   --->   Operation 695 'select' 'select_ln366_1' <Predicate = (!icmp_ln418_1 & head_ctx_ref_phase_1_1 == 12 & or_ln355_1 & !and_ln362_1)> <Delay = 0.20> <CoreInst = "Sel">   --->   Core 73 'Sel' <Latency = 0> <II = 1> <Delay = 0.20> <FuncUnit> <Opcode : 'select'> <InPorts = 3> <OutPorts = 1>
ST_1 : Operation 696 [1/1] (0.28ns)   --->   "%xor_ln366_1 = xor i1 %and_ln366_1, i1 %head_ctx_ref_att_value_started_1_1" [/home/luka/Scripting/ELEC_498-Capstone-LiteLM/HLS-Verilog/Scheduler_FSM/src-hls/Head_Helpers/head_helpers.cpp:366->/home/luka/Scripting/ELEC_498-Capstone-LiteLM/HLS-Verilog/Scheduler_FSM/src-hls/Head_Helpers/head_helpers.cpp:419]   --->   Operation 696 'xor' 'xor_ln366_1' <Predicate = (!icmp_ln418_1 & head_ctx_ref_phase_1_1 == 12 & or_ln355_1 & !and_ln362_1)> <Delay = 0.28> <CoreInst = "LogicGate">   --->   Core 74 'LogicGate' <Latency = 0> <II = 1> <Delay = 0.28> <FuncUnit> <Opcode : 'and' 'or' 'xor'> <InPorts = 2> <OutPorts = 1>
ST_1 : Operation 697 [1/1] (0.93ns)   --->   "%br_ln366 = br void %_Z15run_single_headR7HeadCtxib15ControlMemSpaceRb.exit.1" [/home/luka/Scripting/ELEC_498-Capstone-LiteLM/HLS-Verilog/Scheduler_FSM/src-hls/Head_Helpers/head_helpers.cpp:366->/home/luka/Scripting/ELEC_498-Capstone-LiteLM/HLS-Verilog/Scheduler_FSM/src-hls/Head_Helpers/head_helpers.cpp:419]   --->   Operation 697 'br' 'br_ln366' <Predicate = (!icmp_ln418_1 & head_ctx_ref_phase_1_1 == 12 & or_ln355_1 & !and_ln362_1)> <Delay = 0.93>
ST_1 : Operation 698 [1/1] (0.00ns)   --->   "%or_ln12_20 = bitconcatenate i25 @_ssdm_op_BitConcatenate.i25.i1.i8.i8.i8, i1 1, i8 %trunc_ln21_1, i8 %empty, i8 12" [/home/luka/Scripting/ELEC_498-Capstone-LiteLM/HLS-Verilog/Scheduler_FSM/src-hls/Head_Helpers/head_helpers.cpp:12->/home/luka/Scripting/ELEC_498-Capstone-LiteLM/HLS-Verilog/Scheduler_FSM/src-hls/Head_Helpers/head_helpers.cpp:364->/home/luka/Scripting/ELEC_498-Capstone-LiteLM/HLS-Verilog/Scheduler_FSM/src-hls/Head_Helpers/head_helpers.cpp:419]   --->   Operation 698 'bitconcatenate' 'or_ln12_20' <Predicate = (!icmp_ln418_1 & head_ctx_ref_phase_1_1 == 12 & or_ln355_1 & and_ln362_1)> <Delay = 0.00>
ST_1 : Operation 699 [1/1] (0.00ns)   --->   "%sext_ln366_1 = sext i25 %or_ln12_20" [/home/luka/Scripting/ELEC_498-Capstone-LiteLM/HLS-Verilog/Scheduler_FSM/src-hls/Head_Helpers/head_helpers.cpp:366->/home/luka/Scripting/ELEC_498-Capstone-LiteLM/HLS-Verilog/Scheduler_FSM/src-hls/Head_Helpers/head_helpers.cpp:419]   --->   Operation 699 'sext' 'sext_ln366_1' <Predicate = (!icmp_ln418_1 & head_ctx_ref_phase_1_1 == 12 & or_ln355_1 & and_ln362_1)> <Delay = 0.00>
ST_1 : Operation 700 [1/1] (0.93ns)   --->   "%br_ln366 = br void %_Z15run_single_headR7HeadCtxib15ControlMemSpaceRb.exit.1" [/home/luka/Scripting/ELEC_498-Capstone-LiteLM/HLS-Verilog/Scheduler_FSM/src-hls/Head_Helpers/head_helpers.cpp:366->/home/luka/Scripting/ELEC_498-Capstone-LiteLM/HLS-Verilog/Scheduler_FSM/src-hls/Head_Helpers/head_helpers.cpp:419]   --->   Operation 700 'br' 'br_ln366' <Predicate = (!icmp_ln418_1 & head_ctx_ref_phase_1_1 == 12 & or_ln355_1 & and_ln362_1)> <Delay = 0.93>
ST_1 : Operation 701 [1/1] (0.00ns) (grouped into LUT with out node or_ln343_1)   --->   "%xor_ln343_1 = xor i1 %head_ctx_ref_compute_ready_1_1, i1 1" [/home/luka/Scripting/ELEC_498-Capstone-LiteLM/HLS-Verilog/Scheduler_FSM/src-hls/Head_Helpers/head_helpers.cpp:343->/home/luka/Scripting/ELEC_498-Capstone-LiteLM/HLS-Verilog/Scheduler_FSM/src-hls/Head_Helpers/head_helpers.cpp:419]   --->   Operation 701 'xor' 'xor_ln343_1' <Predicate = (!icmp_ln418_1 & head_ctx_ref_phase_1_1 == 11)> <Delay = 0.00> <CoreInst = "LogicGate">   --->   Core 74 'LogicGate' <Latency = 0> <II = 1> <Delay = 0.28> <FuncUnit> <Opcode : 'and' 'or' 'xor'> <InPorts = 2> <OutPorts = 1>
ST_1 : Operation 702 [1/1] (0.28ns) (out node of the LUT)   --->   "%or_ln343_1 = or i1 %head_ctx_ref_softmax_started_1_1, i1 %xor_ln343_1" [/home/luka/Scripting/ELEC_498-Capstone-LiteLM/HLS-Verilog/Scheduler_FSM/src-hls/Head_Helpers/head_helpers.cpp:343->/home/luka/Scripting/ELEC_498-Capstone-LiteLM/HLS-Verilog/Scheduler_FSM/src-hls/Head_Helpers/head_helpers.cpp:419]   --->   Operation 702 'or' 'or_ln343_1' <Predicate = (!icmp_ln418_1 & head_ctx_ref_phase_1_1 == 11)> <Delay = 0.28> <CoreInst = "LogicGate">   --->   Core 74 'LogicGate' <Latency = 0> <II = 1> <Delay = 0.28> <FuncUnit> <Opcode : 'and' 'or' 'xor'> <InPorts = 2> <OutPorts = 1>
ST_1 : Operation 703 [1/1] (0.00ns)   --->   "%br_ln343 = br i1 %or_ln343_1, void %if.then460.i.1, void %if.else469.i.1" [/home/luka/Scripting/ELEC_498-Capstone-LiteLM/HLS-Verilog/Scheduler_FSM/src-hls/Head_Helpers/head_helpers.cpp:343->/home/luka/Scripting/ELEC_498-Capstone-LiteLM/HLS-Verilog/Scheduler_FSM/src-hls/Head_Helpers/head_helpers.cpp:419]   --->   Operation 703 'br' 'br_ln343' <Predicate = (!icmp_ln418_1 & head_ctx_ref_phase_1_1 == 11)> <Delay = 0.00>
ST_1 : Operation 704 [1/1] (0.00ns)   --->   "%or_ln12_15 = bitconcatenate i25 @_ssdm_op_BitConcatenate.i25.i1.i8.i8.i8, i1 1, i8 %trunc_ln21_1, i8 %empty, i8 11" [/home/luka/Scripting/ELEC_498-Capstone-LiteLM/HLS-Verilog/Scheduler_FSM/src-hls/Head_Helpers/head_helpers.cpp:12->/home/luka/Scripting/ELEC_498-Capstone-LiteLM/HLS-Verilog/Scheduler_FSM/src-hls/Head_Helpers/head_helpers.cpp:345->/home/luka/Scripting/ELEC_498-Capstone-LiteLM/HLS-Verilog/Scheduler_FSM/src-hls/Head_Helpers/head_helpers.cpp:419]   --->   Operation 704 'bitconcatenate' 'or_ln12_15' <Predicate = (!icmp_ln418_1 & head_ctx_ref_phase_1_1 == 11 & !or_ln343_1)> <Delay = 0.00>
ST_1 : Operation 705 [1/1] (0.00ns)   --->   "%sext_ln348_1 = sext i25 %or_ln12_15" [/home/luka/Scripting/ELEC_498-Capstone-LiteLM/HLS-Verilog/Scheduler_FSM/src-hls/Head_Helpers/head_helpers.cpp:348->/home/luka/Scripting/ELEC_498-Capstone-LiteLM/HLS-Verilog/Scheduler_FSM/src-hls/Head_Helpers/head_helpers.cpp:419]   --->   Operation 705 'sext' 'sext_ln348_1' <Predicate = (!icmp_ln418_1 & head_ctx_ref_phase_1_1 == 11 & !or_ln343_1)> <Delay = 0.00>
ST_1 : Operation 706 [1/1] (0.93ns)   --->   "%br_ln348 = br void %_Z15run_single_headR7HeadCtxib15ControlMemSpaceRb.exit.1" [/home/luka/Scripting/ELEC_498-Capstone-LiteLM/HLS-Verilog/Scheduler_FSM/src-hls/Head_Helpers/head_helpers.cpp:348->/home/luka/Scripting/ELEC_498-Capstone-LiteLM/HLS-Verilog/Scheduler_FSM/src-hls/Head_Helpers/head_helpers.cpp:419]   --->   Operation 706 'br' 'br_ln348' <Predicate = (!icmp_ln418_1 & head_ctx_ref_phase_1_1 == 11 & !or_ln343_1)> <Delay = 0.93>
ST_1 : Operation 707 [1/1] (0.93ns)   --->   "%br_ln348 = br i1 %head_ctx_ref_softmax_compute_done_1_3, void %_Z15run_single_headR7HeadCtxib15ControlMemSpaceRb.exit.1, void %land.lhs.true471.i.1" [/home/luka/Scripting/ELEC_498-Capstone-LiteLM/HLS-Verilog/Scheduler_FSM/src-hls/Head_Helpers/head_helpers.cpp:348->/home/luka/Scripting/ELEC_498-Capstone-LiteLM/HLS-Verilog/Scheduler_FSM/src-hls/Head_Helpers/head_helpers.cpp:419]   --->   Operation 707 'br' 'br_ln348' <Predicate = (!icmp_ln418_1 & head_ctx_ref_phase_1_1 == 11 & or_ln343_1)> <Delay = 0.93>
ST_1 : Operation 708 [1/1] (0.39ns)   --->   "%select_ln348_1 = select i1 %head_ctx_ref_softmax_started_1_1, i4 12, i4 11" [/home/luka/Scripting/ELEC_498-Capstone-LiteLM/HLS-Verilog/Scheduler_FSM/src-hls/Head_Helpers/head_helpers.cpp:348->/home/luka/Scripting/ELEC_498-Capstone-LiteLM/HLS-Verilog/Scheduler_FSM/src-hls/Head_Helpers/head_helpers.cpp:419]   --->   Operation 708 'select' 'select_ln348_1' <Predicate = (!icmp_ln418_1 & head_ctx_ref_phase_1_1 == 11 & or_ln343_1 & head_ctx_ref_softmax_compute_done_1_3)> <Delay = 0.39> <CoreInst = "Sel">   --->   Core 73 'Sel' <Latency = 0> <II = 1> <Delay = 0.39> <FuncUnit> <Opcode : 'select'> <InPorts = 3> <OutPorts = 1>
ST_1 : Operation 709 [1/1] (0.93ns)   --->   "%br_ln348 = br void %_Z15run_single_headR7HeadCtxib15ControlMemSpaceRb.exit.1" [/home/luka/Scripting/ELEC_498-Capstone-LiteLM/HLS-Verilog/Scheduler_FSM/src-hls/Head_Helpers/head_helpers.cpp:348->/home/luka/Scripting/ELEC_498-Capstone-LiteLM/HLS-Verilog/Scheduler_FSM/src-hls/Head_Helpers/head_helpers.cpp:419]   --->   Operation 709 'br' 'br_ln348' <Predicate = (!icmp_ln418_1 & head_ctx_ref_phase_1_1 == 11 & or_ln343_1 & head_ctx_ref_softmax_compute_done_1_3)> <Delay = 0.93>
ST_1 : Operation 710 [1/1] (0.00ns) (grouped into LUT with out node or_ln331_1)   --->   "%xor_ln331_1 = xor i1 %head_ctx_ref_compute_ready_1_1, i1 1" [/home/luka/Scripting/ELEC_498-Capstone-LiteLM/HLS-Verilog/Scheduler_FSM/src-hls/Head_Helpers/head_helpers.cpp:331->/home/luka/Scripting/ELEC_498-Capstone-LiteLM/HLS-Verilog/Scheduler_FSM/src-hls/Head_Helpers/head_helpers.cpp:419]   --->   Operation 710 'xor' 'xor_ln331_1' <Predicate = (!icmp_ln418_1 & head_ctx_ref_phase_1_1 == 10)> <Delay = 0.00> <CoreInst = "LogicGate">   --->   Core 74 'LogicGate' <Latency = 0> <II = 1> <Delay = 0.28> <FuncUnit> <Opcode : 'and' 'or' 'xor'> <InPorts = 2> <OutPorts = 1>
ST_1 : Operation 711 [1/1] (0.28ns) (out node of the LUT)   --->   "%or_ln331_1 = or i1 %head_ctx_ref_val_scale_started_1_1, i1 %xor_ln331_1" [/home/luka/Scripting/ELEC_498-Capstone-LiteLM/HLS-Verilog/Scheduler_FSM/src-hls/Head_Helpers/head_helpers.cpp:331->/home/luka/Scripting/ELEC_498-Capstone-LiteLM/HLS-Verilog/Scheduler_FSM/src-hls/Head_Helpers/head_helpers.cpp:419]   --->   Operation 711 'or' 'or_ln331_1' <Predicate = (!icmp_ln418_1 & head_ctx_ref_phase_1_1 == 10)> <Delay = 0.28> <CoreInst = "LogicGate">   --->   Core 74 'LogicGate' <Latency = 0> <II = 1> <Delay = 0.28> <FuncUnit> <Opcode : 'and' 'or' 'xor'> <InPorts = 2> <OutPorts = 1>
ST_1 : Operation 712 [1/1] (0.00ns)   --->   "%br_ln331 = br i1 %or_ln331_1, void %if.then438.i.1, void %if.else447.i.1" [/home/luka/Scripting/ELEC_498-Capstone-LiteLM/HLS-Verilog/Scheduler_FSM/src-hls/Head_Helpers/head_helpers.cpp:331->/home/luka/Scripting/ELEC_498-Capstone-LiteLM/HLS-Verilog/Scheduler_FSM/src-hls/Head_Helpers/head_helpers.cpp:419]   --->   Operation 712 'br' 'br_ln331' <Predicate = (!icmp_ln418_1 & head_ctx_ref_phase_1_1 == 10)> <Delay = 0.00>
ST_1 : Operation 713 [1/1] (0.00ns)   --->   "%or_ln12_14 = bitconcatenate i25 @_ssdm_op_BitConcatenate.i25.i1.i8.i8.i8, i1 1, i8 %trunc_ln21_1, i8 %empty, i8 10" [/home/luka/Scripting/ELEC_498-Capstone-LiteLM/HLS-Verilog/Scheduler_FSM/src-hls/Head_Helpers/head_helpers.cpp:12->/home/luka/Scripting/ELEC_498-Capstone-LiteLM/HLS-Verilog/Scheduler_FSM/src-hls/Head_Helpers/head_helpers.cpp:333->/home/luka/Scripting/ELEC_498-Capstone-LiteLM/HLS-Verilog/Scheduler_FSM/src-hls/Head_Helpers/head_helpers.cpp:419]   --->   Operation 713 'bitconcatenate' 'or_ln12_14' <Predicate = (!icmp_ln418_1 & head_ctx_ref_phase_1_1 == 10 & !or_ln331_1)> <Delay = 0.00>
ST_1 : Operation 714 [1/1] (0.00ns)   --->   "%sext_ln336_1 = sext i25 %or_ln12_14" [/home/luka/Scripting/ELEC_498-Capstone-LiteLM/HLS-Verilog/Scheduler_FSM/src-hls/Head_Helpers/head_helpers.cpp:336->/home/luka/Scripting/ELEC_498-Capstone-LiteLM/HLS-Verilog/Scheduler_FSM/src-hls/Head_Helpers/head_helpers.cpp:419]   --->   Operation 714 'sext' 'sext_ln336_1' <Predicate = (!icmp_ln418_1 & head_ctx_ref_phase_1_1 == 10 & !or_ln331_1)> <Delay = 0.00>
ST_1 : Operation 715 [1/1] (0.93ns)   --->   "%br_ln336 = br void %_Z15run_single_headR7HeadCtxib15ControlMemSpaceRb.exit.1" [/home/luka/Scripting/ELEC_498-Capstone-LiteLM/HLS-Verilog/Scheduler_FSM/src-hls/Head_Helpers/head_helpers.cpp:336->/home/luka/Scripting/ELEC_498-Capstone-LiteLM/HLS-Verilog/Scheduler_FSM/src-hls/Head_Helpers/head_helpers.cpp:419]   --->   Operation 715 'br' 'br_ln336' <Predicate = (!icmp_ln418_1 & head_ctx_ref_phase_1_1 == 10 & !or_ln331_1)> <Delay = 0.93>
ST_1 : Operation 716 [1/1] (0.93ns)   --->   "%br_ln336 = br i1 %head_ctx_ref_val_scale_compute_done_1_3, void %_Z15run_single_headR7HeadCtxib15ControlMemSpaceRb.exit.1, void %land.lhs.true449.i.1" [/home/luka/Scripting/ELEC_498-Capstone-LiteLM/HLS-Verilog/Scheduler_FSM/src-hls/Head_Helpers/head_helpers.cpp:336->/home/luka/Scripting/ELEC_498-Capstone-LiteLM/HLS-Verilog/Scheduler_FSM/src-hls/Head_Helpers/head_helpers.cpp:419]   --->   Operation 716 'br' 'br_ln336' <Predicate = (!icmp_ln418_1 & head_ctx_ref_phase_1_1 == 10 & or_ln331_1)> <Delay = 0.93>
ST_1 : Operation 717 [1/1] (0.39ns)   --->   "%select_ln336_1 = select i1 %head_ctx_ref_val_scale_started_1_1, i4 11, i4 10" [/home/luka/Scripting/ELEC_498-Capstone-LiteLM/HLS-Verilog/Scheduler_FSM/src-hls/Head_Helpers/head_helpers.cpp:336->/home/luka/Scripting/ELEC_498-Capstone-LiteLM/HLS-Verilog/Scheduler_FSM/src-hls/Head_Helpers/head_helpers.cpp:419]   --->   Operation 717 'select' 'select_ln336_1' <Predicate = (!icmp_ln418_1 & head_ctx_ref_phase_1_1 == 10 & or_ln331_1 & head_ctx_ref_val_scale_compute_done_1_3)> <Delay = 0.39> <CoreInst = "Sel">   --->   Core 73 'Sel' <Latency = 0> <II = 1> <Delay = 0.39> <FuncUnit> <Opcode : 'select'> <InPorts = 3> <OutPorts = 1>
ST_1 : Operation 718 [1/1] (0.93ns)   --->   "%br_ln336 = br void %_Z15run_single_headR7HeadCtxib15ControlMemSpaceRb.exit.1" [/home/luka/Scripting/ELEC_498-Capstone-LiteLM/HLS-Verilog/Scheduler_FSM/src-hls/Head_Helpers/head_helpers.cpp:336->/home/luka/Scripting/ELEC_498-Capstone-LiteLM/HLS-Verilog/Scheduler_FSM/src-hls/Head_Helpers/head_helpers.cpp:419]   --->   Operation 718 'br' 'br_ln336' <Predicate = (!icmp_ln418_1 & head_ctx_ref_phase_1_1 == 10 & or_ln331_1 & head_ctx_ref_val_scale_compute_done_1_3)> <Delay = 0.93>
ST_1 : Operation 719 [1/1] (0.00ns) (grouped into LUT with out node or_ln313_1)   --->   "%xor_ln313_1 = xor i1 %head_ctx_ref_wl_ready_1_1, i1 1" [/home/luka/Scripting/ELEC_498-Capstone-LiteLM/HLS-Verilog/Scheduler_FSM/src-hls/Head_Helpers/head_helpers.cpp:313->/home/luka/Scripting/ELEC_498-Capstone-LiteLM/HLS-Verilog/Scheduler_FSM/src-hls/Head_Helpers/head_helpers.cpp:419]   --->   Operation 719 'xor' 'xor_ln313_1' <Predicate = (!icmp_ln418_1 & head_ctx_ref_phase_1_1 == 9)> <Delay = 0.00> <CoreInst = "LogicGate">   --->   Core 74 'LogicGate' <Latency = 0> <II = 1> <Delay = 0.28> <FuncUnit> <Opcode : 'and' 'or' 'xor'> <InPorts = 2> <OutPorts = 1>
ST_1 : Operation 720 [1/1] (0.28ns) (out node of the LUT)   --->   "%or_ln313_1 = or i1 %head_ctx_ref_att_scores_started_1_1, i1 %xor_ln313_1" [/home/luka/Scripting/ELEC_498-Capstone-LiteLM/HLS-Verilog/Scheduler_FSM/src-hls/Head_Helpers/head_helpers.cpp:313->/home/luka/Scripting/ELEC_498-Capstone-LiteLM/HLS-Verilog/Scheduler_FSM/src-hls/Head_Helpers/head_helpers.cpp:419]   --->   Operation 720 'or' 'or_ln313_1' <Predicate = (!icmp_ln418_1 & head_ctx_ref_phase_1_1 == 9)> <Delay = 0.28> <CoreInst = "LogicGate">   --->   Core 74 'LogicGate' <Latency = 0> <II = 1> <Delay = 0.28> <FuncUnit> <Opcode : 'and' 'or' 'xor'> <InPorts = 2> <OutPorts = 1>
ST_1 : Operation 721 [1/1] (0.00ns)   --->   "%br_ln313 = br i1 %or_ln313_1, void %if.then405.i.1, void %if.else412.i.1" [/home/luka/Scripting/ELEC_498-Capstone-LiteLM/HLS-Verilog/Scheduler_FSM/src-hls/Head_Helpers/head_helpers.cpp:313->/home/luka/Scripting/ELEC_498-Capstone-LiteLM/HLS-Verilog/Scheduler_FSM/src-hls/Head_Helpers/head_helpers.cpp:419]   --->   Operation 721 'br' 'br_ln313' <Predicate = (!icmp_ln418_1 & head_ctx_ref_phase_1_1 == 9)> <Delay = 0.00>
ST_1 : Operation 722 [1/1] (0.00ns)   --->   "%or_ln21_13 = bitconcatenate i25 @_ssdm_op_BitConcatenate.i25.i1.i8.i8.i8, i1 1, i8 %trunc_ln21_1, i8 %empty, i8 6" [/home/luka/Scripting/ELEC_498-Capstone-LiteLM/HLS-Verilog/Scheduler_FSM/src-hls/Head_Helpers/head_helpers.cpp:21->/home/luka/Scripting/ELEC_498-Capstone-LiteLM/HLS-Verilog/Scheduler_FSM/src-hls/Head_Helpers/head_helpers.cpp:315->/home/luka/Scripting/ELEC_498-Capstone-LiteLM/HLS-Verilog/Scheduler_FSM/src-hls/Head_Helpers/head_helpers.cpp:419]   --->   Operation 722 'bitconcatenate' 'or_ln21_13' <Predicate = (!icmp_ln418_1 & head_ctx_ref_phase_1_1 == 9 & !or_ln313_1)> <Delay = 0.00>
ST_1 : Operation 723 [1/1] (0.00ns)   --->   "%sext_ln318_1 = sext i25 %or_ln21_13" [/home/luka/Scripting/ELEC_498-Capstone-LiteLM/HLS-Verilog/Scheduler_FSM/src-hls/Head_Helpers/head_helpers.cpp:318->/home/luka/Scripting/ELEC_498-Capstone-LiteLM/HLS-Verilog/Scheduler_FSM/src-hls/Head_Helpers/head_helpers.cpp:419]   --->   Operation 723 'sext' 'sext_ln318_1' <Predicate = (!icmp_ln418_1 & head_ctx_ref_phase_1_1 == 9 & !or_ln313_1)> <Delay = 0.00>
ST_1 : Operation 724 [1/1] (0.93ns)   --->   "%br_ln318 = br void %_Z15run_single_headR7HeadCtxib15ControlMemSpaceRb.exit.1" [/home/luka/Scripting/ELEC_498-Capstone-LiteLM/HLS-Verilog/Scheduler_FSM/src-hls/Head_Helpers/head_helpers.cpp:318->/home/luka/Scripting/ELEC_498-Capstone-LiteLM/HLS-Verilog/Scheduler_FSM/src-hls/Head_Helpers/head_helpers.cpp:419]   --->   Operation 724 'br' 'br_ln318' <Predicate = (!icmp_ln418_1 & head_ctx_ref_phase_1_1 == 9 & !or_ln313_1)> <Delay = 0.93>
ST_1 : Operation 725 [1/1] (0.28ns)   --->   "%and_ln320_1 = and i1 %head_ctx_ref_compute_ready_1_1, i1 %head_ctx_ref_att_scores_dma_done_1_4" [/home/luka/Scripting/ELEC_498-Capstone-LiteLM/HLS-Verilog/Scheduler_FSM/src-hls/Head_Helpers/head_helpers.cpp:320->/home/luka/Scripting/ELEC_498-Capstone-LiteLM/HLS-Verilog/Scheduler_FSM/src-hls/Head_Helpers/head_helpers.cpp:419]   --->   Operation 725 'and' 'and_ln320_1' <Predicate = (!icmp_ln418_1 & head_ctx_ref_phase_1_1 == 9 & or_ln313_1)> <Delay = 0.28> <CoreInst = "LogicGate">   --->   Core 74 'LogicGate' <Latency = 0> <II = 1> <Delay = 0.28> <FuncUnit> <Opcode : 'and' 'or' 'xor'> <InPorts = 2> <OutPorts = 1>
ST_1 : Operation 726 [1/1] (0.00ns)   --->   "%br_ln320 = br i1 %and_ln320_1, void %if.else424.i.1, void %if.then416.i.1" [/home/luka/Scripting/ELEC_498-Capstone-LiteLM/HLS-Verilog/Scheduler_FSM/src-hls/Head_Helpers/head_helpers.cpp:320->/home/luka/Scripting/ELEC_498-Capstone-LiteLM/HLS-Verilog/Scheduler_FSM/src-hls/Head_Helpers/head_helpers.cpp:419]   --->   Operation 726 'br' 'br_ln320' <Predicate = (!icmp_ln418_1 & head_ctx_ref_phase_1_1 == 9 & or_ln313_1)> <Delay = 0.00>
ST_1 : Operation 727 [1/1] (0.28ns)   --->   "%and_ln324_1 = and i1 %head_ctx_ref_att_scores_compute_done_1_3, i1 %head_ctx_ref_att_scores_started_1_1" [/home/luka/Scripting/ELEC_498-Capstone-LiteLM/HLS-Verilog/Scheduler_FSM/src-hls/Head_Helpers/head_helpers.cpp:324->/home/luka/Scripting/ELEC_498-Capstone-LiteLM/HLS-Verilog/Scheduler_FSM/src-hls/Head_Helpers/head_helpers.cpp:419]   --->   Operation 727 'and' 'and_ln324_1' <Predicate = (!icmp_ln418_1 & head_ctx_ref_phase_1_1 == 9 & or_ln313_1 & !and_ln320_1)> <Delay = 0.28> <CoreInst = "LogicGate">   --->   Core 74 'LogicGate' <Latency = 0> <II = 1> <Delay = 0.28> <FuncUnit> <Opcode : 'and' 'or' 'xor'> <InPorts = 2> <OutPorts = 1>
ST_1 : Operation 728 [1/1] (0.39ns)   --->   "%select_ln324_1 = select i1 %and_ln324_1, i4 10, i4 9" [/home/luka/Scripting/ELEC_498-Capstone-LiteLM/HLS-Verilog/Scheduler_FSM/src-hls/Head_Helpers/head_helpers.cpp:324->/home/luka/Scripting/ELEC_498-Capstone-LiteLM/HLS-Verilog/Scheduler_FSM/src-hls/Head_Helpers/head_helpers.cpp:419]   --->   Operation 728 'select' 'select_ln324_1' <Predicate = (!icmp_ln418_1 & head_ctx_ref_phase_1_1 == 9 & or_ln313_1 & !and_ln320_1)> <Delay = 0.39> <CoreInst = "Sel">   --->   Core 73 'Sel' <Latency = 0> <II = 1> <Delay = 0.39> <FuncUnit> <Opcode : 'select'> <InPorts = 3> <OutPorts = 1>
ST_1 : Operation 729 [1/1] (0.28ns)   --->   "%xor_ln324_1 = xor i1 %and_ln324_1, i1 %head_ctx_ref_att_scores_started_1_1" [/home/luka/Scripting/ELEC_498-Capstone-LiteLM/HLS-Verilog/Scheduler_FSM/src-hls/Head_Helpers/head_helpers.cpp:324->/home/luka/Scripting/ELEC_498-Capstone-LiteLM/HLS-Verilog/Scheduler_FSM/src-hls/Head_Helpers/head_helpers.cpp:419]   --->   Operation 729 'xor' 'xor_ln324_1' <Predicate = (!icmp_ln418_1 & head_ctx_ref_phase_1_1 == 9 & or_ln313_1 & !and_ln320_1)> <Delay = 0.28> <CoreInst = "LogicGate">   --->   Core 74 'LogicGate' <Latency = 0> <II = 1> <Delay = 0.28> <FuncUnit> <Opcode : 'and' 'or' 'xor'> <InPorts = 2> <OutPorts = 1>
ST_1 : Operation 730 [1/1] (0.93ns)   --->   "%br_ln324 = br void %_Z15run_single_headR7HeadCtxib15ControlMemSpaceRb.exit.1" [/home/luka/Scripting/ELEC_498-Capstone-LiteLM/HLS-Verilog/Scheduler_FSM/src-hls/Head_Helpers/head_helpers.cpp:324->/home/luka/Scripting/ELEC_498-Capstone-LiteLM/HLS-Verilog/Scheduler_FSM/src-hls/Head_Helpers/head_helpers.cpp:419]   --->   Operation 730 'br' 'br_ln324' <Predicate = (!icmp_ln418_1 & head_ctx_ref_phase_1_1 == 9 & or_ln313_1 & !and_ln320_1)> <Delay = 0.93>
ST_1 : Operation 731 [1/1] (0.00ns)   --->   "%or_ln12_19 = bitconcatenate i25 @_ssdm_op_BitConcatenate.i25.i1.i8.i8.i8, i1 1, i8 %trunc_ln21_1, i8 %empty, i8 9" [/home/luka/Scripting/ELEC_498-Capstone-LiteLM/HLS-Verilog/Scheduler_FSM/src-hls/Head_Helpers/head_helpers.cpp:12->/home/luka/Scripting/ELEC_498-Capstone-LiteLM/HLS-Verilog/Scheduler_FSM/src-hls/Head_Helpers/head_helpers.cpp:322->/home/luka/Scripting/ELEC_498-Capstone-LiteLM/HLS-Verilog/Scheduler_FSM/src-hls/Head_Helpers/head_helpers.cpp:419]   --->   Operation 731 'bitconcatenate' 'or_ln12_19' <Predicate = (!icmp_ln418_1 & head_ctx_ref_phase_1_1 == 9 & or_ln313_1 & and_ln320_1)> <Delay = 0.00>
ST_1 : Operation 732 [1/1] (0.00ns)   --->   "%sext_ln324_1 = sext i25 %or_ln12_19" [/home/luka/Scripting/ELEC_498-Capstone-LiteLM/HLS-Verilog/Scheduler_FSM/src-hls/Head_Helpers/head_helpers.cpp:324->/home/luka/Scripting/ELEC_498-Capstone-LiteLM/HLS-Verilog/Scheduler_FSM/src-hls/Head_Helpers/head_helpers.cpp:419]   --->   Operation 732 'sext' 'sext_ln324_1' <Predicate = (!icmp_ln418_1 & head_ctx_ref_phase_1_1 == 9 & or_ln313_1 & and_ln320_1)> <Delay = 0.00>
ST_1 : Operation 733 [1/1] (0.93ns)   --->   "%br_ln324 = br void %_Z15run_single_headR7HeadCtxib15ControlMemSpaceRb.exit.1" [/home/luka/Scripting/ELEC_498-Capstone-LiteLM/HLS-Verilog/Scheduler_FSM/src-hls/Head_Helpers/head_helpers.cpp:324->/home/luka/Scripting/ELEC_498-Capstone-LiteLM/HLS-Verilog/Scheduler_FSM/src-hls/Head_Helpers/head_helpers.cpp:419]   --->   Operation 733 'br' 'br_ln324' <Predicate = (!icmp_ln418_1 & head_ctx_ref_phase_1_1 == 9 & or_ln313_1 & and_ln320_1)> <Delay = 0.93>
ST_1 : Operation 734 [1/1] (0.00ns) (grouped into LUT with out node or_ln301_1)   --->   "%xor_ln301_1 = xor i1 %head_ctx_ref_compute_ready_1_1, i1 1" [/home/luka/Scripting/ELEC_498-Capstone-LiteLM/HLS-Verilog/Scheduler_FSM/src-hls/Head_Helpers/head_helpers.cpp:301->/home/luka/Scripting/ELEC_498-Capstone-LiteLM/HLS-Verilog/Scheduler_FSM/src-hls/Head_Helpers/head_helpers.cpp:419]   --->   Operation 734 'xor' 'xor_ln301_1' <Predicate = (!icmp_ln418_1 & head_ctx_ref_phase_1_1 == 8)> <Delay = 0.00> <CoreInst = "LogicGate">   --->   Core 74 'LogicGate' <Latency = 0> <II = 1> <Delay = 0.28> <FuncUnit> <Opcode : 'and' 'or' 'xor'> <InPorts = 2> <OutPorts = 1>
ST_1 : Operation 735 [1/1] (0.28ns) (out node of the LUT)   --->   "%or_ln301_1 = or i1 %head_ctx_ref_requant_q_started_1_1, i1 %xor_ln301_1" [/home/luka/Scripting/ELEC_498-Capstone-LiteLM/HLS-Verilog/Scheduler_FSM/src-hls/Head_Helpers/head_helpers.cpp:301->/home/luka/Scripting/ELEC_498-Capstone-LiteLM/HLS-Verilog/Scheduler_FSM/src-hls/Head_Helpers/head_helpers.cpp:419]   --->   Operation 735 'or' 'or_ln301_1' <Predicate = (!icmp_ln418_1 & head_ctx_ref_phase_1_1 == 8)> <Delay = 0.28> <CoreInst = "LogicGate">   --->   Core 74 'LogicGate' <Latency = 0> <II = 1> <Delay = 0.28> <FuncUnit> <Opcode : 'and' 'or' 'xor'> <InPorts = 2> <OutPorts = 1>
ST_1 : Operation 736 [1/1] (0.00ns)   --->   "%br_ln301 = br i1 %or_ln301_1, void %if.then383.i.1, void %if.else392.i.1" [/home/luka/Scripting/ELEC_498-Capstone-LiteLM/HLS-Verilog/Scheduler_FSM/src-hls/Head_Helpers/head_helpers.cpp:301->/home/luka/Scripting/ELEC_498-Capstone-LiteLM/HLS-Verilog/Scheduler_FSM/src-hls/Head_Helpers/head_helpers.cpp:419]   --->   Operation 736 'br' 'br_ln301' <Predicate = (!icmp_ln418_1 & head_ctx_ref_phase_1_1 == 8)> <Delay = 0.00>
ST_1 : Operation 737 [1/1] (0.00ns)   --->   "%or_ln12_13 = bitconcatenate i25 @_ssdm_op_BitConcatenate.i25.i1.i8.i8.i8, i1 1, i8 %trunc_ln21_1, i8 %empty, i8 8" [/home/luka/Scripting/ELEC_498-Capstone-LiteLM/HLS-Verilog/Scheduler_FSM/src-hls/Head_Helpers/head_helpers.cpp:12->/home/luka/Scripting/ELEC_498-Capstone-LiteLM/HLS-Verilog/Scheduler_FSM/src-hls/Head_Helpers/head_helpers.cpp:303->/home/luka/Scripting/ELEC_498-Capstone-LiteLM/HLS-Verilog/Scheduler_FSM/src-hls/Head_Helpers/head_helpers.cpp:419]   --->   Operation 737 'bitconcatenate' 'or_ln12_13' <Predicate = (!icmp_ln418_1 & head_ctx_ref_phase_1_1 == 8 & !or_ln301_1)> <Delay = 0.00>
ST_1 : Operation 738 [1/1] (0.00ns)   --->   "%sext_ln306_1 = sext i25 %or_ln12_13" [/home/luka/Scripting/ELEC_498-Capstone-LiteLM/HLS-Verilog/Scheduler_FSM/src-hls/Head_Helpers/head_helpers.cpp:306->/home/luka/Scripting/ELEC_498-Capstone-LiteLM/HLS-Verilog/Scheduler_FSM/src-hls/Head_Helpers/head_helpers.cpp:419]   --->   Operation 738 'sext' 'sext_ln306_1' <Predicate = (!icmp_ln418_1 & head_ctx_ref_phase_1_1 == 8 & !or_ln301_1)> <Delay = 0.00>
ST_1 : Operation 739 [1/1] (0.93ns)   --->   "%br_ln306 = br void %_Z15run_single_headR7HeadCtxib15ControlMemSpaceRb.exit.1" [/home/luka/Scripting/ELEC_498-Capstone-LiteLM/HLS-Verilog/Scheduler_FSM/src-hls/Head_Helpers/head_helpers.cpp:306->/home/luka/Scripting/ELEC_498-Capstone-LiteLM/HLS-Verilog/Scheduler_FSM/src-hls/Head_Helpers/head_helpers.cpp:419]   --->   Operation 739 'br' 'br_ln306' <Predicate = (!icmp_ln418_1 & head_ctx_ref_phase_1_1 == 8 & !or_ln301_1)> <Delay = 0.93>
ST_1 : Operation 740 [1/1] (0.93ns)   --->   "%br_ln306 = br i1 %head_ctx_ref_requant_q_compute_done_1_3, void %_Z15run_single_headR7HeadCtxib15ControlMemSpaceRb.exit.1, void %land.lhs.true394.i.1" [/home/luka/Scripting/ELEC_498-Capstone-LiteLM/HLS-Verilog/Scheduler_FSM/src-hls/Head_Helpers/head_helpers.cpp:306->/home/luka/Scripting/ELEC_498-Capstone-LiteLM/HLS-Verilog/Scheduler_FSM/src-hls/Head_Helpers/head_helpers.cpp:419]   --->   Operation 740 'br' 'br_ln306' <Predicate = (!icmp_ln418_1 & head_ctx_ref_phase_1_1 == 8 & or_ln301_1)> <Delay = 0.93>
ST_1 : Operation 741 [1/1] (0.39ns)   --->   "%select_ln306_1 = select i1 %head_ctx_ref_requant_q_started_1_1, i4 9, i4 8" [/home/luka/Scripting/ELEC_498-Capstone-LiteLM/HLS-Verilog/Scheduler_FSM/src-hls/Head_Helpers/head_helpers.cpp:306->/home/luka/Scripting/ELEC_498-Capstone-LiteLM/HLS-Verilog/Scheduler_FSM/src-hls/Head_Helpers/head_helpers.cpp:419]   --->   Operation 741 'select' 'select_ln306_1' <Predicate = (!icmp_ln418_1 & head_ctx_ref_phase_1_1 == 8 & or_ln301_1 & head_ctx_ref_requant_q_compute_done_1_3)> <Delay = 0.39> <CoreInst = "Sel">   --->   Core 73 'Sel' <Latency = 0> <II = 1> <Delay = 0.39> <FuncUnit> <Opcode : 'select'> <InPorts = 3> <OutPorts = 1>
ST_1 : Operation 742 [1/1] (0.93ns)   --->   "%br_ln306 = br void %_Z15run_single_headR7HeadCtxib15ControlMemSpaceRb.exit.1" [/home/luka/Scripting/ELEC_498-Capstone-LiteLM/HLS-Verilog/Scheduler_FSM/src-hls/Head_Helpers/head_helpers.cpp:306->/home/luka/Scripting/ELEC_498-Capstone-LiteLM/HLS-Verilog/Scheduler_FSM/src-hls/Head_Helpers/head_helpers.cpp:419]   --->   Operation 742 'br' 'br_ln306' <Predicate = (!icmp_ln418_1 & head_ctx_ref_phase_1_1 == 8 & or_ln301_1 & head_ctx_ref_requant_q_compute_done_1_3)> <Delay = 0.93>
ST_1 : Operation 743 [1/1] (0.00ns) (grouped into LUT with out node or_ln289_1)   --->   "%xor_ln289_1 = xor i1 %head_ctx_ref_wl_ready_1_1, i1 1" [/home/luka/Scripting/ELEC_498-Capstone-LiteLM/HLS-Verilog/Scheduler_FSM/src-hls/Head_Helpers/head_helpers.cpp:289->/home/luka/Scripting/ELEC_498-Capstone-LiteLM/HLS-Verilog/Scheduler_FSM/src-hls/Head_Helpers/head_helpers.cpp:419]   --->   Operation 743 'xor' 'xor_ln289_1' <Predicate = (!icmp_ln418_1 & head_ctx_ref_phase_1_1 == 7)> <Delay = 0.00> <CoreInst = "LogicGate">   --->   Core 74 'LogicGate' <Latency = 0> <II = 1> <Delay = 0.28> <FuncUnit> <Opcode : 'and' 'or' 'xor'> <InPorts = 2> <OutPorts = 1>
ST_1 : Operation 744 [1/1] (0.28ns) (out node of the LUT)   --->   "%or_ln289_1 = or i1 %head_ctx_ref_v_writeback_started_1_1, i1 %xor_ln289_1" [/home/luka/Scripting/ELEC_498-Capstone-LiteLM/HLS-Verilog/Scheduler_FSM/src-hls/Head_Helpers/head_helpers.cpp:289->/home/luka/Scripting/ELEC_498-Capstone-LiteLM/HLS-Verilog/Scheduler_FSM/src-hls/Head_Helpers/head_helpers.cpp:419]   --->   Operation 744 'or' 'or_ln289_1' <Predicate = (!icmp_ln418_1 & head_ctx_ref_phase_1_1 == 7)> <Delay = 0.28> <CoreInst = "LogicGate">   --->   Core 74 'LogicGate' <Latency = 0> <II = 1> <Delay = 0.28> <FuncUnit> <Opcode : 'and' 'or' 'xor'> <InPorts = 2> <OutPorts = 1>
ST_1 : Operation 745 [1/1] (0.00ns)   --->   "%br_ln289 = br i1 %or_ln289_1, void %if.then363.i.1, void %if.else370.i.1" [/home/luka/Scripting/ELEC_498-Capstone-LiteLM/HLS-Verilog/Scheduler_FSM/src-hls/Head_Helpers/head_helpers.cpp:289->/home/luka/Scripting/ELEC_498-Capstone-LiteLM/HLS-Verilog/Scheduler_FSM/src-hls/Head_Helpers/head_helpers.cpp:419]   --->   Operation 745 'br' 'br_ln289' <Predicate = (!icmp_ln418_1 & head_ctx_ref_phase_1_1 == 7)> <Delay = 0.00>
ST_1 : Operation 746 [1/1] (0.00ns)   --->   "%or_ln21_12 = bitconcatenate i25 @_ssdm_op_BitConcatenate.i25.i1.i8.i8.i8, i1 1, i8 %trunc_ln21_1, i8 %empty, i8 5" [/home/luka/Scripting/ELEC_498-Capstone-LiteLM/HLS-Verilog/Scheduler_FSM/src-hls/Head_Helpers/head_helpers.cpp:21->/home/luka/Scripting/ELEC_498-Capstone-LiteLM/HLS-Verilog/Scheduler_FSM/src-hls/Head_Helpers/head_helpers.cpp:291->/home/luka/Scripting/ELEC_498-Capstone-LiteLM/HLS-Verilog/Scheduler_FSM/src-hls/Head_Helpers/head_helpers.cpp:419]   --->   Operation 746 'bitconcatenate' 'or_ln21_12' <Predicate = (!icmp_ln418_1 & head_ctx_ref_phase_1_1 == 7 & !or_ln289_1)> <Delay = 0.00>
ST_1 : Operation 747 [1/1] (0.00ns)   --->   "%sext_ln294_1 = sext i25 %or_ln21_12" [/home/luka/Scripting/ELEC_498-Capstone-LiteLM/HLS-Verilog/Scheduler_FSM/src-hls/Head_Helpers/head_helpers.cpp:294->/home/luka/Scripting/ELEC_498-Capstone-LiteLM/HLS-Verilog/Scheduler_FSM/src-hls/Head_Helpers/head_helpers.cpp:419]   --->   Operation 747 'sext' 'sext_ln294_1' <Predicate = (!icmp_ln418_1 & head_ctx_ref_phase_1_1 == 7 & !or_ln289_1)> <Delay = 0.00>
ST_1 : Operation 748 [1/1] (0.93ns)   --->   "%br_ln294 = br void %_Z15run_single_headR7HeadCtxib15ControlMemSpaceRb.exit.1" [/home/luka/Scripting/ELEC_498-Capstone-LiteLM/HLS-Verilog/Scheduler_FSM/src-hls/Head_Helpers/head_helpers.cpp:294->/home/luka/Scripting/ELEC_498-Capstone-LiteLM/HLS-Verilog/Scheduler_FSM/src-hls/Head_Helpers/head_helpers.cpp:419]   --->   Operation 748 'br' 'br_ln294' <Predicate = (!icmp_ln418_1 & head_ctx_ref_phase_1_1 == 7 & !or_ln289_1)> <Delay = 0.93>
ST_1 : Operation 749 [1/1] (0.28ns)   --->   "%and_ln294_1 = and i1 %head_ctx_ref_v_writeback_dma_done_1_4, i1 %head_ctx_ref_v_writeback_started_1_1" [/home/luka/Scripting/ELEC_498-Capstone-LiteLM/HLS-Verilog/Scheduler_FSM/src-hls/Head_Helpers/head_helpers.cpp:294->/home/luka/Scripting/ELEC_498-Capstone-LiteLM/HLS-Verilog/Scheduler_FSM/src-hls/Head_Helpers/head_helpers.cpp:419]   --->   Operation 749 'and' 'and_ln294_1' <Predicate = (!icmp_ln418_1 & head_ctx_ref_phase_1_1 == 7 & or_ln289_1)> <Delay = 0.28> <CoreInst = "LogicGate">   --->   Core 74 'LogicGate' <Latency = 0> <II = 1> <Delay = 0.28> <FuncUnit> <Opcode : 'and' 'or' 'xor'> <InPorts = 2> <OutPorts = 1>
ST_1 : Operation 750 [1/1] (0.39ns)   --->   "%select_ln294_1 = select i1 %and_ln294_1, i4 8, i4 7" [/home/luka/Scripting/ELEC_498-Capstone-LiteLM/HLS-Verilog/Scheduler_FSM/src-hls/Head_Helpers/head_helpers.cpp:294->/home/luka/Scripting/ELEC_498-Capstone-LiteLM/HLS-Verilog/Scheduler_FSM/src-hls/Head_Helpers/head_helpers.cpp:419]   --->   Operation 750 'select' 'select_ln294_1' <Predicate = (!icmp_ln418_1 & head_ctx_ref_phase_1_1 == 7 & or_ln289_1)> <Delay = 0.39> <CoreInst = "Sel">   --->   Core 73 'Sel' <Latency = 0> <II = 1> <Delay = 0.39> <FuncUnit> <Opcode : 'select'> <InPorts = 3> <OutPorts = 1>
ST_1 : Operation 751 [1/1] (0.28ns)   --->   "%xor_ln294_1 = xor i1 %and_ln294_1, i1 %head_ctx_ref_v_writeback_started_1_1" [/home/luka/Scripting/ELEC_498-Capstone-LiteLM/HLS-Verilog/Scheduler_FSM/src-hls/Head_Helpers/head_helpers.cpp:294->/home/luka/Scripting/ELEC_498-Capstone-LiteLM/HLS-Verilog/Scheduler_FSM/src-hls/Head_Helpers/head_helpers.cpp:419]   --->   Operation 751 'xor' 'xor_ln294_1' <Predicate = (!icmp_ln418_1 & head_ctx_ref_phase_1_1 == 7 & or_ln289_1)> <Delay = 0.28> <CoreInst = "LogicGate">   --->   Core 74 'LogicGate' <Latency = 0> <II = 1> <Delay = 0.28> <FuncUnit> <Opcode : 'and' 'or' 'xor'> <InPorts = 2> <OutPorts = 1>
ST_1 : Operation 752 [1/1] (0.93ns)   --->   "%br_ln294 = br void %_Z15run_single_headR7HeadCtxib15ControlMemSpaceRb.exit.1" [/home/luka/Scripting/ELEC_498-Capstone-LiteLM/HLS-Verilog/Scheduler_FSM/src-hls/Head_Helpers/head_helpers.cpp:294->/home/luka/Scripting/ELEC_498-Capstone-LiteLM/HLS-Verilog/Scheduler_FSM/src-hls/Head_Helpers/head_helpers.cpp:419]   --->   Operation 752 'br' 'br_ln294' <Predicate = (!icmp_ln418_1 & head_ctx_ref_phase_1_1 == 7 & or_ln289_1)> <Delay = 0.93>
ST_1 : Operation 753 [1/1] (0.00ns) (grouped into LUT with out node or_ln277_1)   --->   "%xor_ln277_1 = xor i1 %head_ctx_ref_compute_ready_1_1, i1 1" [/home/luka/Scripting/ELEC_498-Capstone-LiteLM/HLS-Verilog/Scheduler_FSM/src-hls/Head_Helpers/head_helpers.cpp:277->/home/luka/Scripting/ELEC_498-Capstone-LiteLM/HLS-Verilog/Scheduler_FSM/src-hls/Head_Helpers/head_helpers.cpp:419]   --->   Operation 753 'xor' 'xor_ln277_1' <Predicate = (!icmp_ln418_1 & head_ctx_ref_phase_1_1 == 6)> <Delay = 0.00> <CoreInst = "LogicGate">   --->   Core 74 'LogicGate' <Latency = 0> <II = 1> <Delay = 0.28> <FuncUnit> <Opcode : 'and' 'or' 'xor'> <InPorts = 2> <OutPorts = 1>
ST_1 : Operation 754 [1/1] (0.28ns) (out node of the LUT)   --->   "%or_ln277_1 = or i1 %head_ctx_ref_v_requant_started_1_1, i1 %xor_ln277_1" [/home/luka/Scripting/ELEC_498-Capstone-LiteLM/HLS-Verilog/Scheduler_FSM/src-hls/Head_Helpers/head_helpers.cpp:277->/home/luka/Scripting/ELEC_498-Capstone-LiteLM/HLS-Verilog/Scheduler_FSM/src-hls/Head_Helpers/head_helpers.cpp:419]   --->   Operation 754 'or' 'or_ln277_1' <Predicate = (!icmp_ln418_1 & head_ctx_ref_phase_1_1 == 6)> <Delay = 0.28> <CoreInst = "LogicGate">   --->   Core 74 'LogicGate' <Latency = 0> <II = 1> <Delay = 0.28> <FuncUnit> <Opcode : 'and' 'or' 'xor'> <InPorts = 2> <OutPorts = 1>
ST_1 : Operation 755 [1/1] (0.00ns)   --->   "%br_ln277 = br i1 %or_ln277_1, void %if.then341.i.1, void %if.else350.i.1" [/home/luka/Scripting/ELEC_498-Capstone-LiteLM/HLS-Verilog/Scheduler_FSM/src-hls/Head_Helpers/head_helpers.cpp:277->/home/luka/Scripting/ELEC_498-Capstone-LiteLM/HLS-Verilog/Scheduler_FSM/src-hls/Head_Helpers/head_helpers.cpp:419]   --->   Operation 755 'br' 'br_ln277' <Predicate = (!icmp_ln418_1 & head_ctx_ref_phase_1_1 == 6)> <Delay = 0.00>
ST_1 : Operation 756 [1/1] (0.00ns)   --->   "%or_ln12_12 = bitconcatenate i25 @_ssdm_op_BitConcatenate.i25.i1.i8.i8.i8, i1 1, i8 %trunc_ln21_1, i8 %empty, i8 7" [/home/luka/Scripting/ELEC_498-Capstone-LiteLM/HLS-Verilog/Scheduler_FSM/src-hls/Head_Helpers/head_helpers.cpp:12->/home/luka/Scripting/ELEC_498-Capstone-LiteLM/HLS-Verilog/Scheduler_FSM/src-hls/Head_Helpers/head_helpers.cpp:279->/home/luka/Scripting/ELEC_498-Capstone-LiteLM/HLS-Verilog/Scheduler_FSM/src-hls/Head_Helpers/head_helpers.cpp:419]   --->   Operation 756 'bitconcatenate' 'or_ln12_12' <Predicate = (!icmp_ln418_1 & head_ctx_ref_phase_1_1 == 6 & !or_ln277_1)> <Delay = 0.00>
ST_1 : Operation 757 [1/1] (0.00ns)   --->   "%sext_ln282_1 = sext i25 %or_ln12_12" [/home/luka/Scripting/ELEC_498-Capstone-LiteLM/HLS-Verilog/Scheduler_FSM/src-hls/Head_Helpers/head_helpers.cpp:282->/home/luka/Scripting/ELEC_498-Capstone-LiteLM/HLS-Verilog/Scheduler_FSM/src-hls/Head_Helpers/head_helpers.cpp:419]   --->   Operation 757 'sext' 'sext_ln282_1' <Predicate = (!icmp_ln418_1 & head_ctx_ref_phase_1_1 == 6 & !or_ln277_1)> <Delay = 0.00>
ST_1 : Operation 758 [1/1] (0.93ns)   --->   "%br_ln282 = br void %_Z15run_single_headR7HeadCtxib15ControlMemSpaceRb.exit.1" [/home/luka/Scripting/ELEC_498-Capstone-LiteLM/HLS-Verilog/Scheduler_FSM/src-hls/Head_Helpers/head_helpers.cpp:282->/home/luka/Scripting/ELEC_498-Capstone-LiteLM/HLS-Verilog/Scheduler_FSM/src-hls/Head_Helpers/head_helpers.cpp:419]   --->   Operation 758 'br' 'br_ln282' <Predicate = (!icmp_ln418_1 & head_ctx_ref_phase_1_1 == 6 & !or_ln277_1)> <Delay = 0.93>
ST_1 : Operation 759 [1/1] (0.93ns)   --->   "%br_ln282 = br i1 %head_ctx_ref_v_requant_compute_done_1_3, void %_Z15run_single_headR7HeadCtxib15ControlMemSpaceRb.exit.1, void %land.lhs.true352.i.1" [/home/luka/Scripting/ELEC_498-Capstone-LiteLM/HLS-Verilog/Scheduler_FSM/src-hls/Head_Helpers/head_helpers.cpp:282->/home/luka/Scripting/ELEC_498-Capstone-LiteLM/HLS-Verilog/Scheduler_FSM/src-hls/Head_Helpers/head_helpers.cpp:419]   --->   Operation 759 'br' 'br_ln282' <Predicate = (!icmp_ln418_1 & head_ctx_ref_phase_1_1 == 6 & or_ln277_1)> <Delay = 0.93>
ST_1 : Operation 760 [1/1] (0.39ns)   --->   "%select_ln282_1 = select i1 %head_ctx_ref_v_requant_started_1_1, i4 7, i4 6" [/home/luka/Scripting/ELEC_498-Capstone-LiteLM/HLS-Verilog/Scheduler_FSM/src-hls/Head_Helpers/head_helpers.cpp:282->/home/luka/Scripting/ELEC_498-Capstone-LiteLM/HLS-Verilog/Scheduler_FSM/src-hls/Head_Helpers/head_helpers.cpp:419]   --->   Operation 760 'select' 'select_ln282_1' <Predicate = (!icmp_ln418_1 & head_ctx_ref_phase_1_1 == 6 & or_ln277_1 & head_ctx_ref_v_requant_compute_done_1_3)> <Delay = 0.39> <CoreInst = "Sel">   --->   Core 73 'Sel' <Latency = 0> <II = 1> <Delay = 0.39> <FuncUnit> <Opcode : 'select'> <InPorts = 3> <OutPorts = 1>
ST_1 : Operation 761 [1/1] (0.93ns)   --->   "%br_ln282 = br void %_Z15run_single_headR7HeadCtxib15ControlMemSpaceRb.exit.1" [/home/luka/Scripting/ELEC_498-Capstone-LiteLM/HLS-Verilog/Scheduler_FSM/src-hls/Head_Helpers/head_helpers.cpp:282->/home/luka/Scripting/ELEC_498-Capstone-LiteLM/HLS-Verilog/Scheduler_FSM/src-hls/Head_Helpers/head_helpers.cpp:419]   --->   Operation 761 'br' 'br_ln282' <Predicate = (!icmp_ln418_1 & head_ctx_ref_phase_1_1 == 6 & or_ln277_1 & head_ctx_ref_v_requant_compute_done_1_3)> <Delay = 0.93>
ST_1 : Operation 762 [1/1] (0.00ns) (grouped into LUT with out node or_ln258_1)   --->   "%xor_ln258_1 = xor i1 %head_ctx_ref_wl_ready_1_1, i1 1" [/home/luka/Scripting/ELEC_498-Capstone-LiteLM/HLS-Verilog/Scheduler_FSM/src-hls/Head_Helpers/head_helpers.cpp:258->/home/luka/Scripting/ELEC_498-Capstone-LiteLM/HLS-Verilog/Scheduler_FSM/src-hls/Head_Helpers/head_helpers.cpp:419]   --->   Operation 762 'xor' 'xor_ln258_1' <Predicate = (!icmp_ln418_1 & head_ctx_ref_phase_1_1 == 5)> <Delay = 0.00> <CoreInst = "LogicGate">   --->   Core 74 'LogicGate' <Latency = 0> <II = 1> <Delay = 0.28> <FuncUnit> <Opcode : 'and' 'or' 'xor'> <InPorts = 2> <OutPorts = 1>
ST_1 : Operation 763 [1/1] (0.28ns) (out node of the LUT)   --->   "%or_ln258_1 = or i1 %head_ctx_ref_v_started_1_1, i1 %xor_ln258_1" [/home/luka/Scripting/ELEC_498-Capstone-LiteLM/HLS-Verilog/Scheduler_FSM/src-hls/Head_Helpers/head_helpers.cpp:258->/home/luka/Scripting/ELEC_498-Capstone-LiteLM/HLS-Verilog/Scheduler_FSM/src-hls/Head_Helpers/head_helpers.cpp:419]   --->   Operation 763 'or' 'or_ln258_1' <Predicate = (!icmp_ln418_1 & head_ctx_ref_phase_1_1 == 5)> <Delay = 0.28> <CoreInst = "LogicGate">   --->   Core 74 'LogicGate' <Latency = 0> <II = 1> <Delay = 0.28> <FuncUnit> <Opcode : 'and' 'or' 'xor'> <InPorts = 2> <OutPorts = 1>
ST_1 : Operation 764 [1/1] (0.00ns)   --->   "%br_ln258 = br i1 %or_ln258_1, void %if.then308.i.1, void %if.else315.i.1" [/home/luka/Scripting/ELEC_498-Capstone-LiteLM/HLS-Verilog/Scheduler_FSM/src-hls/Head_Helpers/head_helpers.cpp:258->/home/luka/Scripting/ELEC_498-Capstone-LiteLM/HLS-Verilog/Scheduler_FSM/src-hls/Head_Helpers/head_helpers.cpp:419]   --->   Operation 764 'br' 'br_ln258' <Predicate = (!icmp_ln418_1 & head_ctx_ref_phase_1_1 == 5)> <Delay = 0.00>
ST_1 : Operation 765 [1/1] (0.00ns)   --->   "%or_ln21_11 = bitconcatenate i25 @_ssdm_op_BitConcatenate.i25.i1.i8.i8.i8, i1 1, i8 %trunc_ln21_1, i8 %empty, i8 4" [/home/luka/Scripting/ELEC_498-Capstone-LiteLM/HLS-Verilog/Scheduler_FSM/src-hls/Head_Helpers/head_helpers.cpp:21->/home/luka/Scripting/ELEC_498-Capstone-LiteLM/HLS-Verilog/Scheduler_FSM/src-hls/Head_Helpers/head_helpers.cpp:260->/home/luka/Scripting/ELEC_498-Capstone-LiteLM/HLS-Verilog/Scheduler_FSM/src-hls/Head_Helpers/head_helpers.cpp:419]   --->   Operation 765 'bitconcatenate' 'or_ln21_11' <Predicate = (!icmp_ln418_1 & head_ctx_ref_phase_1_1 == 5 & !or_ln258_1)> <Delay = 0.00>
ST_1 : Operation 766 [1/1] (0.00ns)   --->   "%sext_ln263_1 = sext i25 %or_ln21_11" [/home/luka/Scripting/ELEC_498-Capstone-LiteLM/HLS-Verilog/Scheduler_FSM/src-hls/Head_Helpers/head_helpers.cpp:263->/home/luka/Scripting/ELEC_498-Capstone-LiteLM/HLS-Verilog/Scheduler_FSM/src-hls/Head_Helpers/head_helpers.cpp:419]   --->   Operation 766 'sext' 'sext_ln263_1' <Predicate = (!icmp_ln418_1 & head_ctx_ref_phase_1_1 == 5 & !or_ln258_1)> <Delay = 0.00>
ST_1 : Operation 767 [1/1] (0.93ns)   --->   "%br_ln263 = br void %_Z15run_single_headR7HeadCtxib15ControlMemSpaceRb.exit.1" [/home/luka/Scripting/ELEC_498-Capstone-LiteLM/HLS-Verilog/Scheduler_FSM/src-hls/Head_Helpers/head_helpers.cpp:263->/home/luka/Scripting/ELEC_498-Capstone-LiteLM/HLS-Verilog/Scheduler_FSM/src-hls/Head_Helpers/head_helpers.cpp:419]   --->   Operation 767 'br' 'br_ln263' <Predicate = (!icmp_ln418_1 & head_ctx_ref_phase_1_1 == 5 & !or_ln258_1)> <Delay = 0.93>
ST_1 : Operation 768 [1/1] (0.28ns)   --->   "%and_ln265_1 = and i1 %head_ctx_ref_compute_ready_1_1, i1 %head_ctx_ref_v_dma_done_1_4" [/home/luka/Scripting/ELEC_498-Capstone-LiteLM/HLS-Verilog/Scheduler_FSM/src-hls/Head_Helpers/head_helpers.cpp:265->/home/luka/Scripting/ELEC_498-Capstone-LiteLM/HLS-Verilog/Scheduler_FSM/src-hls/Head_Helpers/head_helpers.cpp:419]   --->   Operation 768 'and' 'and_ln265_1' <Predicate = (!icmp_ln418_1 & head_ctx_ref_phase_1_1 == 5 & or_ln258_1)> <Delay = 0.28> <CoreInst = "LogicGate">   --->   Core 74 'LogicGate' <Latency = 0> <II = 1> <Delay = 0.28> <FuncUnit> <Opcode : 'and' 'or' 'xor'> <InPorts = 2> <OutPorts = 1>
ST_1 : Operation 769 [1/1] (0.00ns)   --->   "%br_ln265 = br i1 %and_ln265_1, void %if.else327.i.1, void %if.then319.i.1" [/home/luka/Scripting/ELEC_498-Capstone-LiteLM/HLS-Verilog/Scheduler_FSM/src-hls/Head_Helpers/head_helpers.cpp:265->/home/luka/Scripting/ELEC_498-Capstone-LiteLM/HLS-Verilog/Scheduler_FSM/src-hls/Head_Helpers/head_helpers.cpp:419]   --->   Operation 769 'br' 'br_ln265' <Predicate = (!icmp_ln418_1 & head_ctx_ref_phase_1_1 == 5 & or_ln258_1)> <Delay = 0.00>
ST_1 : Operation 770 [1/1] (0.28ns)   --->   "%and_ln270_1 = and i1 %head_ctx_ref_v_compute_done_1_3, i1 %head_ctx_ref_v_started_1_1" [/home/luka/Scripting/ELEC_498-Capstone-LiteLM/HLS-Verilog/Scheduler_FSM/src-hls/Head_Helpers/head_helpers.cpp:270->/home/luka/Scripting/ELEC_498-Capstone-LiteLM/HLS-Verilog/Scheduler_FSM/src-hls/Head_Helpers/head_helpers.cpp:419]   --->   Operation 770 'and' 'and_ln270_1' <Predicate = (!icmp_ln418_1 & head_ctx_ref_phase_1_1 == 5 & or_ln258_1 & !and_ln265_1)> <Delay = 0.28> <CoreInst = "LogicGate">   --->   Core 74 'LogicGate' <Latency = 0> <II = 1> <Delay = 0.28> <FuncUnit> <Opcode : 'and' 'or' 'xor'> <InPorts = 2> <OutPorts = 1>
ST_1 : Operation 771 [1/1] (0.39ns)   --->   "%select_ln270_1 = select i1 %and_ln270_1, i4 6, i4 5" [/home/luka/Scripting/ELEC_498-Capstone-LiteLM/HLS-Verilog/Scheduler_FSM/src-hls/Head_Helpers/head_helpers.cpp:270->/home/luka/Scripting/ELEC_498-Capstone-LiteLM/HLS-Verilog/Scheduler_FSM/src-hls/Head_Helpers/head_helpers.cpp:419]   --->   Operation 771 'select' 'select_ln270_1' <Predicate = (!icmp_ln418_1 & head_ctx_ref_phase_1_1 == 5 & or_ln258_1 & !and_ln265_1)> <Delay = 0.39> <CoreInst = "Sel">   --->   Core 73 'Sel' <Latency = 0> <II = 1> <Delay = 0.39> <FuncUnit> <Opcode : 'select'> <InPorts = 3> <OutPorts = 1>
ST_1 : Operation 772 [1/1] (0.28ns)   --->   "%xor_ln270_1 = xor i1 %and_ln270_1, i1 %head_ctx_ref_v_started_1_1" [/home/luka/Scripting/ELEC_498-Capstone-LiteLM/HLS-Verilog/Scheduler_FSM/src-hls/Head_Helpers/head_helpers.cpp:270->/home/luka/Scripting/ELEC_498-Capstone-LiteLM/HLS-Verilog/Scheduler_FSM/src-hls/Head_Helpers/head_helpers.cpp:419]   --->   Operation 772 'xor' 'xor_ln270_1' <Predicate = (!icmp_ln418_1 & head_ctx_ref_phase_1_1 == 5 & or_ln258_1 & !and_ln265_1)> <Delay = 0.28> <CoreInst = "LogicGate">   --->   Core 74 'LogicGate' <Latency = 0> <II = 1> <Delay = 0.28> <FuncUnit> <Opcode : 'and' 'or' 'xor'> <InPorts = 2> <OutPorts = 1>
ST_1 : Operation 773 [1/1] (0.93ns)   --->   "%br_ln270 = br void %_Z15run_single_headR7HeadCtxib15ControlMemSpaceRb.exit.1" [/home/luka/Scripting/ELEC_498-Capstone-LiteLM/HLS-Verilog/Scheduler_FSM/src-hls/Head_Helpers/head_helpers.cpp:270->/home/luka/Scripting/ELEC_498-Capstone-LiteLM/HLS-Verilog/Scheduler_FSM/src-hls/Head_Helpers/head_helpers.cpp:419]   --->   Operation 773 'br' 'br_ln270' <Predicate = (!icmp_ln418_1 & head_ctx_ref_phase_1_1 == 5 & or_ln258_1 & !and_ln265_1)> <Delay = 0.93>
ST_1 : Operation 774 [1/1] (0.00ns)   --->   "%or_ln12_18 = bitconcatenate i25 @_ssdm_op_BitConcatenate.i25.i1.i8.i8.i8, i1 1, i8 %trunc_ln21_1, i8 %empty, i8 6" [/home/luka/Scripting/ELEC_498-Capstone-LiteLM/HLS-Verilog/Scheduler_FSM/src-hls/Head_Helpers/head_helpers.cpp:12->/home/luka/Scripting/ELEC_498-Capstone-LiteLM/HLS-Verilog/Scheduler_FSM/src-hls/Head_Helpers/head_helpers.cpp:267->/home/luka/Scripting/ELEC_498-Capstone-LiteLM/HLS-Verilog/Scheduler_FSM/src-hls/Head_Helpers/head_helpers.cpp:419]   --->   Operation 774 'bitconcatenate' 'or_ln12_18' <Predicate = (!icmp_ln418_1 & head_ctx_ref_phase_1_1 == 5 & or_ln258_1 & and_ln265_1)> <Delay = 0.00>
ST_1 : Operation 775 [1/1] (0.00ns)   --->   "%sext_ln269_1 = sext i25 %or_ln12_18" [/home/luka/Scripting/ELEC_498-Capstone-LiteLM/HLS-Verilog/Scheduler_FSM/src-hls/Head_Helpers/head_helpers.cpp:269->/home/luka/Scripting/ELEC_498-Capstone-LiteLM/HLS-Verilog/Scheduler_FSM/src-hls/Head_Helpers/head_helpers.cpp:419]   --->   Operation 775 'sext' 'sext_ln269_1' <Predicate = (!icmp_ln418_1 & head_ctx_ref_phase_1_1 == 5 & or_ln258_1 & and_ln265_1)> <Delay = 0.00>
ST_1 : Operation 776 [1/1] (0.93ns)   --->   "%br_ln269 = br void %_Z15run_single_headR7HeadCtxib15ControlMemSpaceRb.exit.1" [/home/luka/Scripting/ELEC_498-Capstone-LiteLM/HLS-Verilog/Scheduler_FSM/src-hls/Head_Helpers/head_helpers.cpp:269->/home/luka/Scripting/ELEC_498-Capstone-LiteLM/HLS-Verilog/Scheduler_FSM/src-hls/Head_Helpers/head_helpers.cpp:419]   --->   Operation 776 'br' 'br_ln269' <Predicate = (!icmp_ln418_1 & head_ctx_ref_phase_1_1 == 5 & or_ln258_1 & and_ln265_1)> <Delay = 0.93>
ST_1 : Operation 777 [1/1] (0.00ns) (grouped into LUT with out node or_ln246_1)   --->   "%xor_ln246_1 = xor i1 %head_ctx_ref_wl_ready_1_1, i1 1" [/home/luka/Scripting/ELEC_498-Capstone-LiteLM/HLS-Verilog/Scheduler_FSM/src-hls/Head_Helpers/head_helpers.cpp:246->/home/luka/Scripting/ELEC_498-Capstone-LiteLM/HLS-Verilog/Scheduler_FSM/src-hls/Head_Helpers/head_helpers.cpp:419]   --->   Operation 777 'xor' 'xor_ln246_1' <Predicate = (!icmp_ln418_1 & head_ctx_ref_phase_1_1 == 4)> <Delay = 0.00> <CoreInst = "LogicGate">   --->   Core 74 'LogicGate' <Latency = 0> <II = 1> <Delay = 0.28> <FuncUnit> <Opcode : 'and' 'or' 'xor'> <InPorts = 2> <OutPorts = 1>
ST_1 : Operation 778 [1/1] (0.28ns) (out node of the LUT)   --->   "%or_ln246_1 = or i1 %head_ctx_ref_k_writeback_started_1_1, i1 %xor_ln246_1" [/home/luka/Scripting/ELEC_498-Capstone-LiteLM/HLS-Verilog/Scheduler_FSM/src-hls/Head_Helpers/head_helpers.cpp:246->/home/luka/Scripting/ELEC_498-Capstone-LiteLM/HLS-Verilog/Scheduler_FSM/src-hls/Head_Helpers/head_helpers.cpp:419]   --->   Operation 778 'or' 'or_ln246_1' <Predicate = (!icmp_ln418_1 & head_ctx_ref_phase_1_1 == 4)> <Delay = 0.28> <CoreInst = "LogicGate">   --->   Core 74 'LogicGate' <Latency = 0> <II = 1> <Delay = 0.28> <FuncUnit> <Opcode : 'and' 'or' 'xor'> <InPorts = 2> <OutPorts = 1>
ST_1 : Operation 779 [1/1] (0.00ns)   --->   "%br_ln246 = br i1 %or_ln246_1, void %if.then288.i.1, void %if.else295.i.1" [/home/luka/Scripting/ELEC_498-Capstone-LiteLM/HLS-Verilog/Scheduler_FSM/src-hls/Head_Helpers/head_helpers.cpp:246->/home/luka/Scripting/ELEC_498-Capstone-LiteLM/HLS-Verilog/Scheduler_FSM/src-hls/Head_Helpers/head_helpers.cpp:419]   --->   Operation 779 'br' 'br_ln246' <Predicate = (!icmp_ln418_1 & head_ctx_ref_phase_1_1 == 4)> <Delay = 0.00>
ST_1 : Operation 780 [1/1] (0.00ns)   --->   "%or_ln21_10 = bitconcatenate i25 @_ssdm_op_BitConcatenate.i25.i1.i8.i8.i8, i1 1, i8 %trunc_ln21_1, i8 %empty, i8 3" [/home/luka/Scripting/ELEC_498-Capstone-LiteLM/HLS-Verilog/Scheduler_FSM/src-hls/Head_Helpers/head_helpers.cpp:21->/home/luka/Scripting/ELEC_498-Capstone-LiteLM/HLS-Verilog/Scheduler_FSM/src-hls/Head_Helpers/head_helpers.cpp:248->/home/luka/Scripting/ELEC_498-Capstone-LiteLM/HLS-Verilog/Scheduler_FSM/src-hls/Head_Helpers/head_helpers.cpp:419]   --->   Operation 780 'bitconcatenate' 'or_ln21_10' <Predicate = (!icmp_ln418_1 & head_ctx_ref_phase_1_1 == 4 & !or_ln246_1)> <Delay = 0.00>
ST_1 : Operation 781 [1/1] (0.00ns)   --->   "%sext_ln251_1 = sext i25 %or_ln21_10" [/home/luka/Scripting/ELEC_498-Capstone-LiteLM/HLS-Verilog/Scheduler_FSM/src-hls/Head_Helpers/head_helpers.cpp:251->/home/luka/Scripting/ELEC_498-Capstone-LiteLM/HLS-Verilog/Scheduler_FSM/src-hls/Head_Helpers/head_helpers.cpp:419]   --->   Operation 781 'sext' 'sext_ln251_1' <Predicate = (!icmp_ln418_1 & head_ctx_ref_phase_1_1 == 4 & !or_ln246_1)> <Delay = 0.00>
ST_1 : Operation 782 [1/1] (0.93ns)   --->   "%br_ln251 = br void %_Z15run_single_headR7HeadCtxib15ControlMemSpaceRb.exit.1" [/home/luka/Scripting/ELEC_498-Capstone-LiteLM/HLS-Verilog/Scheduler_FSM/src-hls/Head_Helpers/head_helpers.cpp:251->/home/luka/Scripting/ELEC_498-Capstone-LiteLM/HLS-Verilog/Scheduler_FSM/src-hls/Head_Helpers/head_helpers.cpp:419]   --->   Operation 782 'br' 'br_ln251' <Predicate = (!icmp_ln418_1 & head_ctx_ref_phase_1_1 == 4 & !or_ln246_1)> <Delay = 0.93>
ST_1 : Operation 783 [1/1] (0.28ns)   --->   "%and_ln251_1 = and i1 %head_ctx_ref_k_writeback_dma_done_1_4, i1 %head_ctx_ref_k_writeback_started_1_1" [/home/luka/Scripting/ELEC_498-Capstone-LiteLM/HLS-Verilog/Scheduler_FSM/src-hls/Head_Helpers/head_helpers.cpp:251->/home/luka/Scripting/ELEC_498-Capstone-LiteLM/HLS-Verilog/Scheduler_FSM/src-hls/Head_Helpers/head_helpers.cpp:419]   --->   Operation 783 'and' 'and_ln251_1' <Predicate = (!icmp_ln418_1 & head_ctx_ref_phase_1_1 == 4 & or_ln246_1)> <Delay = 0.28> <CoreInst = "LogicGate">   --->   Core 74 'LogicGate' <Latency = 0> <II = 1> <Delay = 0.28> <FuncUnit> <Opcode : 'and' 'or' 'xor'> <InPorts = 2> <OutPorts = 1>
ST_1 : Operation 784 [1/1] (0.39ns)   --->   "%select_ln251_1 = select i1 %and_ln251_1, i4 5, i4 4" [/home/luka/Scripting/ELEC_498-Capstone-LiteLM/HLS-Verilog/Scheduler_FSM/src-hls/Head_Helpers/head_helpers.cpp:251->/home/luka/Scripting/ELEC_498-Capstone-LiteLM/HLS-Verilog/Scheduler_FSM/src-hls/Head_Helpers/head_helpers.cpp:419]   --->   Operation 784 'select' 'select_ln251_1' <Predicate = (!icmp_ln418_1 & head_ctx_ref_phase_1_1 == 4 & or_ln246_1)> <Delay = 0.39> <CoreInst = "Sel">   --->   Core 73 'Sel' <Latency = 0> <II = 1> <Delay = 0.39> <FuncUnit> <Opcode : 'select'> <InPorts = 3> <OutPorts = 1>
ST_1 : Operation 785 [1/1] (0.28ns)   --->   "%xor_ln251_1 = xor i1 %and_ln251_1, i1 %head_ctx_ref_k_writeback_started_1_1" [/home/luka/Scripting/ELEC_498-Capstone-LiteLM/HLS-Verilog/Scheduler_FSM/src-hls/Head_Helpers/head_helpers.cpp:251->/home/luka/Scripting/ELEC_498-Capstone-LiteLM/HLS-Verilog/Scheduler_FSM/src-hls/Head_Helpers/head_helpers.cpp:419]   --->   Operation 785 'xor' 'xor_ln251_1' <Predicate = (!icmp_ln418_1 & head_ctx_ref_phase_1_1 == 4 & or_ln246_1)> <Delay = 0.28> <CoreInst = "LogicGate">   --->   Core 74 'LogicGate' <Latency = 0> <II = 1> <Delay = 0.28> <FuncUnit> <Opcode : 'and' 'or' 'xor'> <InPorts = 2> <OutPorts = 1>
ST_1 : Operation 786 [1/1] (0.93ns)   --->   "%br_ln251 = br void %_Z15run_single_headR7HeadCtxib15ControlMemSpaceRb.exit.1" [/home/luka/Scripting/ELEC_498-Capstone-LiteLM/HLS-Verilog/Scheduler_FSM/src-hls/Head_Helpers/head_helpers.cpp:251->/home/luka/Scripting/ELEC_498-Capstone-LiteLM/HLS-Verilog/Scheduler_FSM/src-hls/Head_Helpers/head_helpers.cpp:419]   --->   Operation 786 'br' 'br_ln251' <Predicate = (!icmp_ln418_1 & head_ctx_ref_phase_1_1 == 4 & or_ln246_1)> <Delay = 0.93>
ST_1 : Operation 787 [1/1] (0.00ns) (grouped into LUT with out node or_ln234_1)   --->   "%xor_ln234_1 = xor i1 %head_ctx_ref_compute_ready_1_1, i1 1" [/home/luka/Scripting/ELEC_498-Capstone-LiteLM/HLS-Verilog/Scheduler_FSM/src-hls/Head_Helpers/head_helpers.cpp:234->/home/luka/Scripting/ELEC_498-Capstone-LiteLM/HLS-Verilog/Scheduler_FSM/src-hls/Head_Helpers/head_helpers.cpp:419]   --->   Operation 787 'xor' 'xor_ln234_1' <Predicate = (!icmp_ln418_1 & head_ctx_ref_phase_1_1 == 3)> <Delay = 0.00> <CoreInst = "LogicGate">   --->   Core 74 'LogicGate' <Latency = 0> <II = 1> <Delay = 0.28> <FuncUnit> <Opcode : 'and' 'or' 'xor'> <InPorts = 2> <OutPorts = 1>
ST_1 : Operation 788 [1/1] (0.28ns) (out node of the LUT)   --->   "%or_ln234_1 = or i1 %head_ctx_ref_k_requant_started_1_1, i1 %xor_ln234_1" [/home/luka/Scripting/ELEC_498-Capstone-LiteLM/HLS-Verilog/Scheduler_FSM/src-hls/Head_Helpers/head_helpers.cpp:234->/home/luka/Scripting/ELEC_498-Capstone-LiteLM/HLS-Verilog/Scheduler_FSM/src-hls/Head_Helpers/head_helpers.cpp:419]   --->   Operation 788 'or' 'or_ln234_1' <Predicate = (!icmp_ln418_1 & head_ctx_ref_phase_1_1 == 3)> <Delay = 0.28> <CoreInst = "LogicGate">   --->   Core 74 'LogicGate' <Latency = 0> <II = 1> <Delay = 0.28> <FuncUnit> <Opcode : 'and' 'or' 'xor'> <InPorts = 2> <OutPorts = 1>
ST_1 : Operation 789 [1/1] (0.00ns)   --->   "%br_ln234 = br i1 %or_ln234_1, void %if.then266.i.1, void %if.else275.i.1" [/home/luka/Scripting/ELEC_498-Capstone-LiteLM/HLS-Verilog/Scheduler_FSM/src-hls/Head_Helpers/head_helpers.cpp:234->/home/luka/Scripting/ELEC_498-Capstone-LiteLM/HLS-Verilog/Scheduler_FSM/src-hls/Head_Helpers/head_helpers.cpp:419]   --->   Operation 789 'br' 'br_ln234' <Predicate = (!icmp_ln418_1 & head_ctx_ref_phase_1_1 == 3)> <Delay = 0.00>
ST_1 : Operation 790 [1/1] (0.00ns)   --->   "%or_ln12_11 = bitconcatenate i25 @_ssdm_op_BitConcatenate.i25.i1.i8.i8.i8, i1 1, i8 %trunc_ln21_1, i8 %empty, i8 5" [/home/luka/Scripting/ELEC_498-Capstone-LiteLM/HLS-Verilog/Scheduler_FSM/src-hls/Head_Helpers/head_helpers.cpp:12->/home/luka/Scripting/ELEC_498-Capstone-LiteLM/HLS-Verilog/Scheduler_FSM/src-hls/Head_Helpers/head_helpers.cpp:236->/home/luka/Scripting/ELEC_498-Capstone-LiteLM/HLS-Verilog/Scheduler_FSM/src-hls/Head_Helpers/head_helpers.cpp:419]   --->   Operation 790 'bitconcatenate' 'or_ln12_11' <Predicate = (!icmp_ln418_1 & head_ctx_ref_phase_1_1 == 3 & !or_ln234_1)> <Delay = 0.00>
ST_1 : Operation 791 [1/1] (0.00ns)   --->   "%sext_ln239_1 = sext i25 %or_ln12_11" [/home/luka/Scripting/ELEC_498-Capstone-LiteLM/HLS-Verilog/Scheduler_FSM/src-hls/Head_Helpers/head_helpers.cpp:239->/home/luka/Scripting/ELEC_498-Capstone-LiteLM/HLS-Verilog/Scheduler_FSM/src-hls/Head_Helpers/head_helpers.cpp:419]   --->   Operation 791 'sext' 'sext_ln239_1' <Predicate = (!icmp_ln418_1 & head_ctx_ref_phase_1_1 == 3 & !or_ln234_1)> <Delay = 0.00>
ST_1 : Operation 792 [1/1] (0.93ns)   --->   "%br_ln239 = br void %_Z15run_single_headR7HeadCtxib15ControlMemSpaceRb.exit.1" [/home/luka/Scripting/ELEC_498-Capstone-LiteLM/HLS-Verilog/Scheduler_FSM/src-hls/Head_Helpers/head_helpers.cpp:239->/home/luka/Scripting/ELEC_498-Capstone-LiteLM/HLS-Verilog/Scheduler_FSM/src-hls/Head_Helpers/head_helpers.cpp:419]   --->   Operation 792 'br' 'br_ln239' <Predicate = (!icmp_ln418_1 & head_ctx_ref_phase_1_1 == 3 & !or_ln234_1)> <Delay = 0.93>
ST_1 : Operation 793 [1/1] (0.93ns)   --->   "%br_ln239 = br i1 %head_ctx_ref_k_requant_compute_done_1_3, void %_Z15run_single_headR7HeadCtxib15ControlMemSpaceRb.exit.1, void %land.lhs.true277.i.1" [/home/luka/Scripting/ELEC_498-Capstone-LiteLM/HLS-Verilog/Scheduler_FSM/src-hls/Head_Helpers/head_helpers.cpp:239->/home/luka/Scripting/ELEC_498-Capstone-LiteLM/HLS-Verilog/Scheduler_FSM/src-hls/Head_Helpers/head_helpers.cpp:419]   --->   Operation 793 'br' 'br_ln239' <Predicate = (!icmp_ln418_1 & head_ctx_ref_phase_1_1 == 3 & or_ln234_1)> <Delay = 0.93>
ST_1 : Operation 794 [1/1] (0.39ns)   --->   "%select_ln239_1 = select i1 %head_ctx_ref_k_requant_started_1_1, i4 4, i4 3" [/home/luka/Scripting/ELEC_498-Capstone-LiteLM/HLS-Verilog/Scheduler_FSM/src-hls/Head_Helpers/head_helpers.cpp:239->/home/luka/Scripting/ELEC_498-Capstone-LiteLM/HLS-Verilog/Scheduler_FSM/src-hls/Head_Helpers/head_helpers.cpp:419]   --->   Operation 794 'select' 'select_ln239_1' <Predicate = (!icmp_ln418_1 & head_ctx_ref_phase_1_1 == 3 & or_ln234_1 & head_ctx_ref_k_requant_compute_done_1_3)> <Delay = 0.39> <CoreInst = "Sel">   --->   Core 73 'Sel' <Latency = 0> <II = 1> <Delay = 0.39> <FuncUnit> <Opcode : 'select'> <InPorts = 3> <OutPorts = 1>
ST_1 : Operation 795 [1/1] (0.93ns)   --->   "%br_ln239 = br void %_Z15run_single_headR7HeadCtxib15ControlMemSpaceRb.exit.1" [/home/luka/Scripting/ELEC_498-Capstone-LiteLM/HLS-Verilog/Scheduler_FSM/src-hls/Head_Helpers/head_helpers.cpp:239->/home/luka/Scripting/ELEC_498-Capstone-LiteLM/HLS-Verilog/Scheduler_FSM/src-hls/Head_Helpers/head_helpers.cpp:419]   --->   Operation 795 'br' 'br_ln239' <Predicate = (!icmp_ln418_1 & head_ctx_ref_phase_1_1 == 3 & or_ln234_1 & head_ctx_ref_k_requant_compute_done_1_3)> <Delay = 0.93>
ST_1 : Operation 796 [1/1] (0.00ns) (grouped into LUT with out node or_ln215_1)   --->   "%xor_ln215_1 = xor i1 %head_ctx_ref_wl_ready_1_1, i1 1" [/home/luka/Scripting/ELEC_498-Capstone-LiteLM/HLS-Verilog/Scheduler_FSM/src-hls/Head_Helpers/head_helpers.cpp:215->/home/luka/Scripting/ELEC_498-Capstone-LiteLM/HLS-Verilog/Scheduler_FSM/src-hls/Head_Helpers/head_helpers.cpp:419]   --->   Operation 796 'xor' 'xor_ln215_1' <Predicate = (!icmp_ln418_1 & head_ctx_ref_phase_1_1 == 2)> <Delay = 0.00> <CoreInst = "LogicGate">   --->   Core 74 'LogicGate' <Latency = 0> <II = 1> <Delay = 0.28> <FuncUnit> <Opcode : 'and' 'or' 'xor'> <InPorts = 2> <OutPorts = 1>
ST_1 : Operation 797 [1/1] (0.28ns) (out node of the LUT)   --->   "%or_ln215_1 = or i1 %head_ctx_ref_k_started_1_1, i1 %xor_ln215_1" [/home/luka/Scripting/ELEC_498-Capstone-LiteLM/HLS-Verilog/Scheduler_FSM/src-hls/Head_Helpers/head_helpers.cpp:215->/home/luka/Scripting/ELEC_498-Capstone-LiteLM/HLS-Verilog/Scheduler_FSM/src-hls/Head_Helpers/head_helpers.cpp:419]   --->   Operation 797 'or' 'or_ln215_1' <Predicate = (!icmp_ln418_1 & head_ctx_ref_phase_1_1 == 2)> <Delay = 0.28> <CoreInst = "LogicGate">   --->   Core 74 'LogicGate' <Latency = 0> <II = 1> <Delay = 0.28> <FuncUnit> <Opcode : 'and' 'or' 'xor'> <InPorts = 2> <OutPorts = 1>
ST_1 : Operation 798 [1/1] (0.00ns)   --->   "%br_ln215 = br i1 %or_ln215_1, void %if.then233.i.1, void %if.else240.i.1" [/home/luka/Scripting/ELEC_498-Capstone-LiteLM/HLS-Verilog/Scheduler_FSM/src-hls/Head_Helpers/head_helpers.cpp:215->/home/luka/Scripting/ELEC_498-Capstone-LiteLM/HLS-Verilog/Scheduler_FSM/src-hls/Head_Helpers/head_helpers.cpp:419]   --->   Operation 798 'br' 'br_ln215' <Predicate = (!icmp_ln418_1 & head_ctx_ref_phase_1_1 == 2)> <Delay = 0.00>
ST_1 : Operation 799 [1/1] (0.00ns)   --->   "%or_ln21_s = bitconcatenate i25 @_ssdm_op_BitConcatenate.i25.i1.i8.i8.i8, i1 1, i8 %trunc_ln21_1, i8 %empty, i8 2" [/home/luka/Scripting/ELEC_498-Capstone-LiteLM/HLS-Verilog/Scheduler_FSM/src-hls/Head_Helpers/head_helpers.cpp:21->/home/luka/Scripting/ELEC_498-Capstone-LiteLM/HLS-Verilog/Scheduler_FSM/src-hls/Head_Helpers/head_helpers.cpp:217->/home/luka/Scripting/ELEC_498-Capstone-LiteLM/HLS-Verilog/Scheduler_FSM/src-hls/Head_Helpers/head_helpers.cpp:419]   --->   Operation 799 'bitconcatenate' 'or_ln21_s' <Predicate = (!icmp_ln418_1 & head_ctx_ref_phase_1_1 == 2 & !or_ln215_1)> <Delay = 0.00>
ST_1 : Operation 800 [1/1] (0.00ns)   --->   "%sext_ln220_1 = sext i25 %or_ln21_s" [/home/luka/Scripting/ELEC_498-Capstone-LiteLM/HLS-Verilog/Scheduler_FSM/src-hls/Head_Helpers/head_helpers.cpp:220->/home/luka/Scripting/ELEC_498-Capstone-LiteLM/HLS-Verilog/Scheduler_FSM/src-hls/Head_Helpers/head_helpers.cpp:419]   --->   Operation 800 'sext' 'sext_ln220_1' <Predicate = (!icmp_ln418_1 & head_ctx_ref_phase_1_1 == 2 & !or_ln215_1)> <Delay = 0.00>
ST_1 : Operation 801 [1/1] (0.93ns)   --->   "%br_ln220 = br void %_Z15run_single_headR7HeadCtxib15ControlMemSpaceRb.exit.1" [/home/luka/Scripting/ELEC_498-Capstone-LiteLM/HLS-Verilog/Scheduler_FSM/src-hls/Head_Helpers/head_helpers.cpp:220->/home/luka/Scripting/ELEC_498-Capstone-LiteLM/HLS-Verilog/Scheduler_FSM/src-hls/Head_Helpers/head_helpers.cpp:419]   --->   Operation 801 'br' 'br_ln220' <Predicate = (!icmp_ln418_1 & head_ctx_ref_phase_1_1 == 2 & !or_ln215_1)> <Delay = 0.93>
ST_1 : Operation 802 [1/1] (0.28ns)   --->   "%and_ln222_1 = and i1 %head_ctx_ref_compute_ready_1_1, i1 %head_ctx_ref_k_dma_done_1_4" [/home/luka/Scripting/ELEC_498-Capstone-LiteLM/HLS-Verilog/Scheduler_FSM/src-hls/Head_Helpers/head_helpers.cpp:222->/home/luka/Scripting/ELEC_498-Capstone-LiteLM/HLS-Verilog/Scheduler_FSM/src-hls/Head_Helpers/head_helpers.cpp:419]   --->   Operation 802 'and' 'and_ln222_1' <Predicate = (!icmp_ln418_1 & head_ctx_ref_phase_1_1 == 2 & or_ln215_1)> <Delay = 0.28> <CoreInst = "LogicGate">   --->   Core 74 'LogicGate' <Latency = 0> <II = 1> <Delay = 0.28> <FuncUnit> <Opcode : 'and' 'or' 'xor'> <InPorts = 2> <OutPorts = 1>
ST_1 : Operation 803 [1/1] (0.00ns)   --->   "%br_ln222 = br i1 %and_ln222_1, void %if.else252.i.1, void %if.then244.i.1" [/home/luka/Scripting/ELEC_498-Capstone-LiteLM/HLS-Verilog/Scheduler_FSM/src-hls/Head_Helpers/head_helpers.cpp:222->/home/luka/Scripting/ELEC_498-Capstone-LiteLM/HLS-Verilog/Scheduler_FSM/src-hls/Head_Helpers/head_helpers.cpp:419]   --->   Operation 803 'br' 'br_ln222' <Predicate = (!icmp_ln418_1 & head_ctx_ref_phase_1_1 == 2 & or_ln215_1)> <Delay = 0.00>
ST_1 : Operation 804 [1/1] (0.28ns)   --->   "%and_ln227_1 = and i1 %head_ctx_ref_k_compute_done_1_3, i1 %head_ctx_ref_k_started_1_1" [/home/luka/Scripting/ELEC_498-Capstone-LiteLM/HLS-Verilog/Scheduler_FSM/src-hls/Head_Helpers/head_helpers.cpp:227->/home/luka/Scripting/ELEC_498-Capstone-LiteLM/HLS-Verilog/Scheduler_FSM/src-hls/Head_Helpers/head_helpers.cpp:419]   --->   Operation 804 'and' 'and_ln227_1' <Predicate = (!icmp_ln418_1 & head_ctx_ref_phase_1_1 == 2 & or_ln215_1 & !and_ln222_1)> <Delay = 0.28> <CoreInst = "LogicGate">   --->   Core 74 'LogicGate' <Latency = 0> <II = 1> <Delay = 0.28> <FuncUnit> <Opcode : 'and' 'or' 'xor'> <InPorts = 2> <OutPorts = 1>
ST_1 : Operation 805 [1/1] (0.20ns)   --->   "%select_ln227_1 = select i1 %and_ln227_1, i4 3, i4 2" [/home/luka/Scripting/ELEC_498-Capstone-LiteLM/HLS-Verilog/Scheduler_FSM/src-hls/Head_Helpers/head_helpers.cpp:227->/home/luka/Scripting/ELEC_498-Capstone-LiteLM/HLS-Verilog/Scheduler_FSM/src-hls/Head_Helpers/head_helpers.cpp:419]   --->   Operation 805 'select' 'select_ln227_1' <Predicate = (!icmp_ln418_1 & head_ctx_ref_phase_1_1 == 2 & or_ln215_1 & !and_ln222_1)> <Delay = 0.20> <CoreInst = "Sel">   --->   Core 73 'Sel' <Latency = 0> <II = 1> <Delay = 0.20> <FuncUnit> <Opcode : 'select'> <InPorts = 3> <OutPorts = 1>
ST_1 : Operation 806 [1/1] (0.28ns)   --->   "%xor_ln227_1 = xor i1 %and_ln227_1, i1 %head_ctx_ref_k_started_1_1" [/home/luka/Scripting/ELEC_498-Capstone-LiteLM/HLS-Verilog/Scheduler_FSM/src-hls/Head_Helpers/head_helpers.cpp:227->/home/luka/Scripting/ELEC_498-Capstone-LiteLM/HLS-Verilog/Scheduler_FSM/src-hls/Head_Helpers/head_helpers.cpp:419]   --->   Operation 806 'xor' 'xor_ln227_1' <Predicate = (!icmp_ln418_1 & head_ctx_ref_phase_1_1 == 2 & or_ln215_1 & !and_ln222_1)> <Delay = 0.28> <CoreInst = "LogicGate">   --->   Core 74 'LogicGate' <Latency = 0> <II = 1> <Delay = 0.28> <FuncUnit> <Opcode : 'and' 'or' 'xor'> <InPorts = 2> <OutPorts = 1>
ST_1 : Operation 807 [1/1] (0.93ns)   --->   "%br_ln227 = br void %_Z15run_single_headR7HeadCtxib15ControlMemSpaceRb.exit.1" [/home/luka/Scripting/ELEC_498-Capstone-LiteLM/HLS-Verilog/Scheduler_FSM/src-hls/Head_Helpers/head_helpers.cpp:227->/home/luka/Scripting/ELEC_498-Capstone-LiteLM/HLS-Verilog/Scheduler_FSM/src-hls/Head_Helpers/head_helpers.cpp:419]   --->   Operation 807 'br' 'br_ln227' <Predicate = (!icmp_ln418_1 & head_ctx_ref_phase_1_1 == 2 & or_ln215_1 & !and_ln222_1)> <Delay = 0.93>
ST_1 : Operation 808 [1/1] (0.00ns)   --->   "%or_ln12_17 = bitconcatenate i25 @_ssdm_op_BitConcatenate.i25.i1.i8.i8.i8, i1 1, i8 %trunc_ln21_1, i8 %empty, i8 4" [/home/luka/Scripting/ELEC_498-Capstone-LiteLM/HLS-Verilog/Scheduler_FSM/src-hls/Head_Helpers/head_helpers.cpp:12->/home/luka/Scripting/ELEC_498-Capstone-LiteLM/HLS-Verilog/Scheduler_FSM/src-hls/Head_Helpers/head_helpers.cpp:224->/home/luka/Scripting/ELEC_498-Capstone-LiteLM/HLS-Verilog/Scheduler_FSM/src-hls/Head_Helpers/head_helpers.cpp:419]   --->   Operation 808 'bitconcatenate' 'or_ln12_17' <Predicate = (!icmp_ln418_1 & head_ctx_ref_phase_1_1 == 2 & or_ln215_1 & and_ln222_1)> <Delay = 0.00>
ST_1 : Operation 809 [1/1] (0.00ns)   --->   "%sext_ln226_1 = sext i25 %or_ln12_17" [/home/luka/Scripting/ELEC_498-Capstone-LiteLM/HLS-Verilog/Scheduler_FSM/src-hls/Head_Helpers/head_helpers.cpp:226->/home/luka/Scripting/ELEC_498-Capstone-LiteLM/HLS-Verilog/Scheduler_FSM/src-hls/Head_Helpers/head_helpers.cpp:419]   --->   Operation 809 'sext' 'sext_ln226_1' <Predicate = (!icmp_ln418_1 & head_ctx_ref_phase_1_1 == 2 & or_ln215_1 & and_ln222_1)> <Delay = 0.00>
ST_1 : Operation 810 [1/1] (0.93ns)   --->   "%br_ln226 = br void %_Z15run_single_headR7HeadCtxib15ControlMemSpaceRb.exit.1" [/home/luka/Scripting/ELEC_498-Capstone-LiteLM/HLS-Verilog/Scheduler_FSM/src-hls/Head_Helpers/head_helpers.cpp:226->/home/luka/Scripting/ELEC_498-Capstone-LiteLM/HLS-Verilog/Scheduler_FSM/src-hls/Head_Helpers/head_helpers.cpp:419]   --->   Operation 810 'br' 'br_ln226' <Predicate = (!icmp_ln418_1 & head_ctx_ref_phase_1_1 == 2 & or_ln215_1 & and_ln222_1)> <Delay = 0.93>
ST_1 : Operation 811 [1/1] (0.00ns) (grouped into LUT with out node or_ln196_1)   --->   "%xor_ln196_1 = xor i1 %head_ctx_ref_wl_ready_1_1, i1 1" [/home/luka/Scripting/ELEC_498-Capstone-LiteLM/HLS-Verilog/Scheduler_FSM/src-hls/Head_Helpers/head_helpers.cpp:196->/home/luka/Scripting/ELEC_498-Capstone-LiteLM/HLS-Verilog/Scheduler_FSM/src-hls/Head_Helpers/head_helpers.cpp:419]   --->   Operation 811 'xor' 'xor_ln196_1' <Predicate = (!icmp_ln418_1 & head_ctx_ref_phase_1_1 == 1)> <Delay = 0.00> <CoreInst = "LogicGate">   --->   Core 74 'LogicGate' <Latency = 0> <II = 1> <Delay = 0.28> <FuncUnit> <Opcode : 'and' 'or' 'xor'> <InPorts = 2> <OutPorts = 1>
ST_1 : Operation 812 [1/1] (0.28ns) (out node of the LUT)   --->   "%or_ln196_1 = or i1 %head_ctx_ref_q_started_1_1, i1 %xor_ln196_1" [/home/luka/Scripting/ELEC_498-Capstone-LiteLM/HLS-Verilog/Scheduler_FSM/src-hls/Head_Helpers/head_helpers.cpp:196->/home/luka/Scripting/ELEC_498-Capstone-LiteLM/HLS-Verilog/Scheduler_FSM/src-hls/Head_Helpers/head_helpers.cpp:419]   --->   Operation 812 'or' 'or_ln196_1' <Predicate = (!icmp_ln418_1 & head_ctx_ref_phase_1_1 == 1)> <Delay = 0.28> <CoreInst = "LogicGate">   --->   Core 74 'LogicGate' <Latency = 0> <II = 1> <Delay = 0.28> <FuncUnit> <Opcode : 'and' 'or' 'xor'> <InPorts = 2> <OutPorts = 1>
ST_1 : Operation 813 [1/1] (0.00ns)   --->   "%br_ln196 = br i1 %or_ln196_1, void %if.then200.i.1, void %if.else207.i.1" [/home/luka/Scripting/ELEC_498-Capstone-LiteLM/HLS-Verilog/Scheduler_FSM/src-hls/Head_Helpers/head_helpers.cpp:196->/home/luka/Scripting/ELEC_498-Capstone-LiteLM/HLS-Verilog/Scheduler_FSM/src-hls/Head_Helpers/head_helpers.cpp:419]   --->   Operation 813 'br' 'br_ln196' <Predicate = (!icmp_ln418_1 & head_ctx_ref_phase_1_1 == 1)> <Delay = 0.00>
ST_1 : Operation 814 [1/1] (0.00ns)   --->   "%or_ln21_9 = bitconcatenate i25 @_ssdm_op_BitConcatenate.i25.i1.i8.i8.i8, i1 1, i8 %trunc_ln21_1, i8 %empty, i8 1" [/home/luka/Scripting/ELEC_498-Capstone-LiteLM/HLS-Verilog/Scheduler_FSM/src-hls/Head_Helpers/head_helpers.cpp:21->/home/luka/Scripting/ELEC_498-Capstone-LiteLM/HLS-Verilog/Scheduler_FSM/src-hls/Head_Helpers/head_helpers.cpp:198->/home/luka/Scripting/ELEC_498-Capstone-LiteLM/HLS-Verilog/Scheduler_FSM/src-hls/Head_Helpers/head_helpers.cpp:419]   --->   Operation 814 'bitconcatenate' 'or_ln21_9' <Predicate = (!icmp_ln418_1 & head_ctx_ref_phase_1_1 == 1 & !or_ln196_1)> <Delay = 0.00>
ST_1 : Operation 815 [1/1] (0.00ns)   --->   "%sext_ln201_1 = sext i25 %or_ln21_9" [/home/luka/Scripting/ELEC_498-Capstone-LiteLM/HLS-Verilog/Scheduler_FSM/src-hls/Head_Helpers/head_helpers.cpp:201->/home/luka/Scripting/ELEC_498-Capstone-LiteLM/HLS-Verilog/Scheduler_FSM/src-hls/Head_Helpers/head_helpers.cpp:419]   --->   Operation 815 'sext' 'sext_ln201_1' <Predicate = (!icmp_ln418_1 & head_ctx_ref_phase_1_1 == 1 & !or_ln196_1)> <Delay = 0.00>
ST_1 : Operation 816 [1/1] (0.93ns)   --->   "%br_ln201 = br void %_Z15run_single_headR7HeadCtxib15ControlMemSpaceRb.exit.1" [/home/luka/Scripting/ELEC_498-Capstone-LiteLM/HLS-Verilog/Scheduler_FSM/src-hls/Head_Helpers/head_helpers.cpp:201->/home/luka/Scripting/ELEC_498-Capstone-LiteLM/HLS-Verilog/Scheduler_FSM/src-hls/Head_Helpers/head_helpers.cpp:419]   --->   Operation 816 'br' 'br_ln201' <Predicate = (!icmp_ln418_1 & head_ctx_ref_phase_1_1 == 1 & !or_ln196_1)> <Delay = 0.93>
ST_1 : Operation 817 [1/1] (0.28ns)   --->   "%and_ln203_1 = and i1 %head_ctx_ref_compute_ready_1_1, i1 %head_ctx_ref_q_dma_done_1_4" [/home/luka/Scripting/ELEC_498-Capstone-LiteLM/HLS-Verilog/Scheduler_FSM/src-hls/Head_Helpers/head_helpers.cpp:203->/home/luka/Scripting/ELEC_498-Capstone-LiteLM/HLS-Verilog/Scheduler_FSM/src-hls/Head_Helpers/head_helpers.cpp:419]   --->   Operation 817 'and' 'and_ln203_1' <Predicate = (!icmp_ln418_1 & head_ctx_ref_phase_1_1 == 1 & or_ln196_1)> <Delay = 0.28> <CoreInst = "LogicGate">   --->   Core 74 'LogicGate' <Latency = 0> <II = 1> <Delay = 0.28> <FuncUnit> <Opcode : 'and' 'or' 'xor'> <InPorts = 2> <OutPorts = 1>
ST_1 : Operation 818 [1/1] (0.00ns)   --->   "%br_ln203 = br i1 %and_ln203_1, void %if.else219.i.1, void %if.then211.i.1" [/home/luka/Scripting/ELEC_498-Capstone-LiteLM/HLS-Verilog/Scheduler_FSM/src-hls/Head_Helpers/head_helpers.cpp:203->/home/luka/Scripting/ELEC_498-Capstone-LiteLM/HLS-Verilog/Scheduler_FSM/src-hls/Head_Helpers/head_helpers.cpp:419]   --->   Operation 818 'br' 'br_ln203' <Predicate = (!icmp_ln418_1 & head_ctx_ref_phase_1_1 == 1 & or_ln196_1)> <Delay = 0.00>
ST_1 : Operation 819 [1/1] (0.28ns)   --->   "%and_ln208_1 = and i1 %head_ctx_ref_q_compute_done_1_3, i1 %head_ctx_ref_q_started_1_1" [/home/luka/Scripting/ELEC_498-Capstone-LiteLM/HLS-Verilog/Scheduler_FSM/src-hls/Head_Helpers/head_helpers.cpp:208->/home/luka/Scripting/ELEC_498-Capstone-LiteLM/HLS-Verilog/Scheduler_FSM/src-hls/Head_Helpers/head_helpers.cpp:419]   --->   Operation 819 'and' 'and_ln208_1' <Predicate = (!icmp_ln418_1 & head_ctx_ref_phase_1_1 == 1 & or_ln196_1 & !and_ln203_1)> <Delay = 0.28> <CoreInst = "LogicGate">   --->   Core 74 'LogicGate' <Latency = 0> <II = 1> <Delay = 0.28> <FuncUnit> <Opcode : 'and' 'or' 'xor'> <InPorts = 2> <OutPorts = 1>
ST_1 : Operation 820 [1/1] (0.20ns)   --->   "%select_ln208_1 = select i1 %and_ln208_1, i4 2, i4 1" [/home/luka/Scripting/ELEC_498-Capstone-LiteLM/HLS-Verilog/Scheduler_FSM/src-hls/Head_Helpers/head_helpers.cpp:208->/home/luka/Scripting/ELEC_498-Capstone-LiteLM/HLS-Verilog/Scheduler_FSM/src-hls/Head_Helpers/head_helpers.cpp:419]   --->   Operation 820 'select' 'select_ln208_1' <Predicate = (!icmp_ln418_1 & head_ctx_ref_phase_1_1 == 1 & or_ln196_1 & !and_ln203_1)> <Delay = 0.20> <CoreInst = "Sel">   --->   Core 73 'Sel' <Latency = 0> <II = 1> <Delay = 0.20> <FuncUnit> <Opcode : 'select'> <InPorts = 3> <OutPorts = 1>
ST_1 : Operation 821 [1/1] (0.28ns)   --->   "%xor_ln208_1 = xor i1 %and_ln208_1, i1 %head_ctx_ref_q_started_1_1" [/home/luka/Scripting/ELEC_498-Capstone-LiteLM/HLS-Verilog/Scheduler_FSM/src-hls/Head_Helpers/head_helpers.cpp:208->/home/luka/Scripting/ELEC_498-Capstone-LiteLM/HLS-Verilog/Scheduler_FSM/src-hls/Head_Helpers/head_helpers.cpp:419]   --->   Operation 821 'xor' 'xor_ln208_1' <Predicate = (!icmp_ln418_1 & head_ctx_ref_phase_1_1 == 1 & or_ln196_1 & !and_ln203_1)> <Delay = 0.28> <CoreInst = "LogicGate">   --->   Core 74 'LogicGate' <Latency = 0> <II = 1> <Delay = 0.28> <FuncUnit> <Opcode : 'and' 'or' 'xor'> <InPorts = 2> <OutPorts = 1>
ST_1 : Operation 822 [1/1] (0.93ns)   --->   "%br_ln208 = br void %_Z15run_single_headR7HeadCtxib15ControlMemSpaceRb.exit.1" [/home/luka/Scripting/ELEC_498-Capstone-LiteLM/HLS-Verilog/Scheduler_FSM/src-hls/Head_Helpers/head_helpers.cpp:208->/home/luka/Scripting/ELEC_498-Capstone-LiteLM/HLS-Verilog/Scheduler_FSM/src-hls/Head_Helpers/head_helpers.cpp:419]   --->   Operation 822 'br' 'br_ln208' <Predicate = (!icmp_ln418_1 & head_ctx_ref_phase_1_1 == 1 & or_ln196_1 & !and_ln203_1)> <Delay = 0.93>
ST_1 : Operation 823 [1/1] (0.00ns)   --->   "%or_ln12_16 = bitconcatenate i25 @_ssdm_op_BitConcatenate.i25.i1.i8.i8.i8, i1 1, i8 %trunc_ln21_1, i8 %empty, i8 3" [/home/luka/Scripting/ELEC_498-Capstone-LiteLM/HLS-Verilog/Scheduler_FSM/src-hls/Head_Helpers/head_helpers.cpp:12->/home/luka/Scripting/ELEC_498-Capstone-LiteLM/HLS-Verilog/Scheduler_FSM/src-hls/Head_Helpers/head_helpers.cpp:205->/home/luka/Scripting/ELEC_498-Capstone-LiteLM/HLS-Verilog/Scheduler_FSM/src-hls/Head_Helpers/head_helpers.cpp:419]   --->   Operation 823 'bitconcatenate' 'or_ln12_16' <Predicate = (!icmp_ln418_1 & head_ctx_ref_phase_1_1 == 1 & or_ln196_1 & and_ln203_1)> <Delay = 0.00>
ST_1 : Operation 824 [1/1] (0.00ns)   --->   "%sext_ln207_1 = sext i25 %or_ln12_16" [/home/luka/Scripting/ELEC_498-Capstone-LiteLM/HLS-Verilog/Scheduler_FSM/src-hls/Head_Helpers/head_helpers.cpp:207->/home/luka/Scripting/ELEC_498-Capstone-LiteLM/HLS-Verilog/Scheduler_FSM/src-hls/Head_Helpers/head_helpers.cpp:419]   --->   Operation 824 'sext' 'sext_ln207_1' <Predicate = (!icmp_ln418_1 & head_ctx_ref_phase_1_1 == 1 & or_ln196_1 & and_ln203_1)> <Delay = 0.00>
ST_1 : Operation 825 [1/1] (0.93ns)   --->   "%br_ln207 = br void %_Z15run_single_headR7HeadCtxib15ControlMemSpaceRb.exit.1" [/home/luka/Scripting/ELEC_498-Capstone-LiteLM/HLS-Verilog/Scheduler_FSM/src-hls/Head_Helpers/head_helpers.cpp:207->/home/luka/Scripting/ELEC_498-Capstone-LiteLM/HLS-Verilog/Scheduler_FSM/src-hls/Head_Helpers/head_helpers.cpp:419]   --->   Operation 825 'br' 'br_ln207' <Predicate = (!icmp_ln418_1 & head_ctx_ref_phase_1_1 == 1 & or_ln196_1 & and_ln203_1)> <Delay = 0.93>
ST_1 : Operation 826 [1/1] (0.00ns) (grouped into LUT with out node or_ln373_1)   --->   "%xor_ln373_1 = xor i1 %head_ctx_ref_compute_ready_1_1, i1 1" [/home/luka/Scripting/ELEC_498-Capstone-LiteLM/HLS-Verilog/Scheduler_FSM/src-hls/Head_Helpers/head_helpers.cpp:373->/home/luka/Scripting/ELEC_498-Capstone-LiteLM/HLS-Verilog/Scheduler_FSM/src-hls/Head_Helpers/head_helpers.cpp:419]   --->   Operation 826 'xor' 'xor_ln373_1' <Predicate = (!icmp_ln418_1 & head_ctx_ref_phase_1_1 == 13)> <Delay = 0.00> <CoreInst = "LogicGate">   --->   Core 74 'LogicGate' <Latency = 0> <II = 1> <Delay = 0.28> <FuncUnit> <Opcode : 'and' 'or' 'xor'> <InPorts = 2> <OutPorts = 1>
ST_1 : Operation 827 [1/1] (0.28ns) (out node of the LUT)   --->   "%or_ln373_1 = or i1 %head_ctx_ref_head_requant_started_1_1, i1 %xor_ln373_1" [/home/luka/Scripting/ELEC_498-Capstone-LiteLM/HLS-Verilog/Scheduler_FSM/src-hls/Head_Helpers/head_helpers.cpp:373->/home/luka/Scripting/ELEC_498-Capstone-LiteLM/HLS-Verilog/Scheduler_FSM/src-hls/Head_Helpers/head_helpers.cpp:419]   --->   Operation 827 'or' 'or_ln373_1' <Predicate = (!icmp_ln418_1 & head_ctx_ref_phase_1_1 == 13)> <Delay = 0.28> <CoreInst = "LogicGate">   --->   Core 74 'LogicGate' <Latency = 0> <II = 1> <Delay = 0.28> <FuncUnit> <Opcode : 'and' 'or' 'xor'> <InPorts = 2> <OutPorts = 1>
ST_1 : Operation 828 [1/1] (0.00ns)   --->   "%br_ln373 = br i1 %or_ln373_1, void %if.then515.i.1, void %if.else524.i.1" [/home/luka/Scripting/ELEC_498-Capstone-LiteLM/HLS-Verilog/Scheduler_FSM/src-hls/Head_Helpers/head_helpers.cpp:373->/home/luka/Scripting/ELEC_498-Capstone-LiteLM/HLS-Verilog/Scheduler_FSM/src-hls/Head_Helpers/head_helpers.cpp:419]   --->   Operation 828 'br' 'br_ln373' <Predicate = (!icmp_ln418_1 & head_ctx_ref_phase_1_1 == 13)> <Delay = 0.00>
ST_1 : Operation 829 [1/1] (0.00ns)   --->   "%or_ln12_10 = bitconcatenate i25 @_ssdm_op_BitConcatenate.i25.i1.i8.i8.i8, i1 1, i8 %trunc_ln21_1, i8 %empty, i8 13" [/home/luka/Scripting/ELEC_498-Capstone-LiteLM/HLS-Verilog/Scheduler_FSM/src-hls/Head_Helpers/head_helpers.cpp:12->/home/luka/Scripting/ELEC_498-Capstone-LiteLM/HLS-Verilog/Scheduler_FSM/src-hls/Head_Helpers/head_helpers.cpp:375->/home/luka/Scripting/ELEC_498-Capstone-LiteLM/HLS-Verilog/Scheduler_FSM/src-hls/Head_Helpers/head_helpers.cpp:419]   --->   Operation 829 'bitconcatenate' 'or_ln12_10' <Predicate = (!icmp_ln418_1 & head_ctx_ref_phase_1_1 == 13 & !or_ln373_1)> <Delay = 0.00>
ST_1 : Operation 830 [1/1] (0.00ns)   --->   "%sext_ln378_1 = sext i25 %or_ln12_10" [/home/luka/Scripting/ELEC_498-Capstone-LiteLM/HLS-Verilog/Scheduler_FSM/src-hls/Head_Helpers/head_helpers.cpp:378->/home/luka/Scripting/ELEC_498-Capstone-LiteLM/HLS-Verilog/Scheduler_FSM/src-hls/Head_Helpers/head_helpers.cpp:419]   --->   Operation 830 'sext' 'sext_ln378_1' <Predicate = (!icmp_ln418_1 & head_ctx_ref_phase_1_1 == 13 & !or_ln373_1)> <Delay = 0.00>
ST_1 : Operation 831 [1/1] (0.93ns)   --->   "%br_ln378 = br void %_Z15run_single_headR7HeadCtxib15ControlMemSpaceRb.exit.1" [/home/luka/Scripting/ELEC_498-Capstone-LiteLM/HLS-Verilog/Scheduler_FSM/src-hls/Head_Helpers/head_helpers.cpp:378->/home/luka/Scripting/ELEC_498-Capstone-LiteLM/HLS-Verilog/Scheduler_FSM/src-hls/Head_Helpers/head_helpers.cpp:419]   --->   Operation 831 'br' 'br_ln378' <Predicate = (!icmp_ln418_1 & head_ctx_ref_phase_1_1 == 13 & !or_ln373_1)> <Delay = 0.93>
ST_1 : Operation 832 [1/1] (0.93ns)   --->   "%br_ln378 = br i1 %head_ctx_ref_head_requant_compute_done_1_3, void %_Z15run_single_headR7HeadCtxib15ControlMemSpaceRb.exit.1, void %land.lhs.true526.i.1" [/home/luka/Scripting/ELEC_498-Capstone-LiteLM/HLS-Verilog/Scheduler_FSM/src-hls/Head_Helpers/head_helpers.cpp:378->/home/luka/Scripting/ELEC_498-Capstone-LiteLM/HLS-Verilog/Scheduler_FSM/src-hls/Head_Helpers/head_helpers.cpp:419]   --->   Operation 832 'br' 'br_ln378' <Predicate = (!icmp_ln418_1 & head_ctx_ref_phase_1_1 == 13 & or_ln373_1)> <Delay = 0.93>
ST_1 : Operation 833 [1/1] (0.20ns)   --->   "%select_ln378_1 = select i1 %head_ctx_ref_head_requant_started_1_1, i4 14, i4 13" [/home/luka/Scripting/ELEC_498-Capstone-LiteLM/HLS-Verilog/Scheduler_FSM/src-hls/Head_Helpers/head_helpers.cpp:378->/home/luka/Scripting/ELEC_498-Capstone-LiteLM/HLS-Verilog/Scheduler_FSM/src-hls/Head_Helpers/head_helpers.cpp:419]   --->   Operation 833 'select' 'select_ln378_1' <Predicate = (!icmp_ln418_1 & head_ctx_ref_phase_1_1 == 13 & or_ln373_1 & head_ctx_ref_head_requant_compute_done_1_3)> <Delay = 0.20> <CoreInst = "Sel">   --->   Core 73 'Sel' <Latency = 0> <II = 1> <Delay = 0.20> <FuncUnit> <Opcode : 'select'> <InPorts = 3> <OutPorts = 1>
ST_1 : Operation 834 [1/1] (0.93ns)   --->   "%br_ln378 = br void %_Z15run_single_headR7HeadCtxib15ControlMemSpaceRb.exit.1" [/home/luka/Scripting/ELEC_498-Capstone-LiteLM/HLS-Verilog/Scheduler_FSM/src-hls/Head_Helpers/head_helpers.cpp:378->/home/luka/Scripting/ELEC_498-Capstone-LiteLM/HLS-Verilog/Scheduler_FSM/src-hls/Head_Helpers/head_helpers.cpp:419]   --->   Operation 834 'br' 'br_ln378' <Predicate = (!icmp_ln418_1 & head_ctx_ref_phase_1_1 == 13 & or_ln373_1 & head_ctx_ref_head_requant_compute_done_1_3)> <Delay = 0.93>
ST_1 : Operation 835 [1/1] (0.00ns)   --->   "%zext_ln149_1 = zext i1 %and_ln416_1" [/home/luka/Scripting/ELEC_498-Capstone-LiteLM/HLS-Verilog/Scheduler_FSM/src-hls/Head_Helpers/head_helpers.cpp:149->/home/luka/Scripting/ELEC_498-Capstone-LiteLM/HLS-Verilog/Scheduler_FSM/src-hls/Head_Helpers/head_helpers.cpp:419]   --->   Operation 835 'zext' 'zext_ln149_1' <Predicate = (!icmp_ln418_1 & head_ctx_ref_phase_1_1 == 15) | (!icmp_ln418_1 & head_ctx_ref_phase_1_1 == 14) | (!icmp_ln418_1 & head_ctx_ref_phase_1_1 == 0)> <Delay = 0.00>
ST_1 : Operation 836 [1/1] (0.28ns)   --->   "%xor_ln149_1 = xor i1 %and_ln416_1, i1 1" [/home/luka/Scripting/ELEC_498-Capstone-LiteLM/HLS-Verilog/Scheduler_FSM/src-hls/Head_Helpers/head_helpers.cpp:149->/home/luka/Scripting/ELEC_498-Capstone-LiteLM/HLS-Verilog/Scheduler_FSM/src-hls/Head_Helpers/head_helpers.cpp:419]   --->   Operation 836 'xor' 'xor_ln149_1' <Predicate = (!icmp_ln418_1 & head_ctx_ref_phase_1_1 == 15) | (!icmp_ln418_1 & head_ctx_ref_phase_1_1 == 14) | (!icmp_ln418_1 & head_ctx_ref_phase_1_1 == 0)> <Delay = 0.28> <CoreInst = "LogicGate">   --->   Core 74 'LogicGate' <Latency = 0> <II = 1> <Delay = 0.28> <FuncUnit> <Opcode : 'and' 'or' 'xor'> <InPorts = 2> <OutPorts = 1>
ST_1 : Operation 837 [1/1] (0.28ns)   --->   "%and_ln149_35 = and i1 %head_ctx_ref_compute_ready_1_1, i1 %xor_ln149_1" [/home/luka/Scripting/ELEC_498-Capstone-LiteLM/HLS-Verilog/Scheduler_FSM/src-hls/Head_Helpers/head_helpers.cpp:149->/home/luka/Scripting/ELEC_498-Capstone-LiteLM/HLS-Verilog/Scheduler_FSM/src-hls/Head_Helpers/head_helpers.cpp:419]   --->   Operation 837 'and' 'and_ln149_35' <Predicate = (!icmp_ln418_1 & head_ctx_ref_phase_1_1 == 15) | (!icmp_ln418_1 & head_ctx_ref_phase_1_1 == 14) | (!icmp_ln418_1 & head_ctx_ref_phase_1_1 == 0)> <Delay = 0.28> <CoreInst = "LogicGate">   --->   Core 74 'LogicGate' <Latency = 0> <II = 1> <Delay = 0.28> <FuncUnit> <Opcode : 'and' 'or' 'xor'> <InPorts = 2> <OutPorts = 1>
ST_1 : Operation 838 [1/1] (0.28ns)   --->   "%and_ln149_36 = and i1 %head_ctx_ref_compute_done_1_1, i1 %xor_ln149_1" [/home/luka/Scripting/ELEC_498-Capstone-LiteLM/HLS-Verilog/Scheduler_FSM/src-hls/Head_Helpers/head_helpers.cpp:149->/home/luka/Scripting/ELEC_498-Capstone-LiteLM/HLS-Verilog/Scheduler_FSM/src-hls/Head_Helpers/head_helpers.cpp:419]   --->   Operation 838 'and' 'and_ln149_36' <Predicate = (!icmp_ln418_1 & head_ctx_ref_phase_1_1 == 15) | (!icmp_ln418_1 & head_ctx_ref_phase_1_1 == 14) | (!icmp_ln418_1 & head_ctx_ref_phase_1_1 == 0)> <Delay = 0.28> <CoreInst = "LogicGate">   --->   Core 74 'LogicGate' <Latency = 0> <II = 1> <Delay = 0.28> <FuncUnit> <Opcode : 'and' 'or' 'xor'> <InPorts = 2> <OutPorts = 1>
ST_1 : Operation 839 [1/1] (0.28ns)   --->   "%and_ln149_37 = and i1 %head_ctx_ref_compute_start_1_2, i1 %xor_ln149_1" [/home/luka/Scripting/ELEC_498-Capstone-LiteLM/HLS-Verilog/Scheduler_FSM/src-hls/Head_Helpers/head_helpers.cpp:149->/home/luka/Scripting/ELEC_498-Capstone-LiteLM/HLS-Verilog/Scheduler_FSM/src-hls/Head_Helpers/head_helpers.cpp:419]   --->   Operation 839 'and' 'and_ln149_37' <Predicate = (!icmp_ln418_1 & head_ctx_ref_phase_1_1 == 15) | (!icmp_ln418_1 & head_ctx_ref_phase_1_1 == 14) | (!icmp_ln418_1 & head_ctx_ref_phase_1_1 == 0)> <Delay = 0.28> <CoreInst = "LogicGate">   --->   Core 74 'LogicGate' <Latency = 0> <II = 1> <Delay = 0.28> <FuncUnit> <Opcode : 'and' 'or' 'xor'> <InPorts = 2> <OutPorts = 1>
ST_1 : Operation 840 [1/1] (0.44ns)   --->   "%select_ln149_3 = select i1 %and_ln416_1, i32 %or_ln21_17_cast, i32 %packed_op_assign_1" [/home/luka/Scripting/ELEC_498-Capstone-LiteLM/HLS-Verilog/Scheduler_FSM/src-hls/Head_Helpers/head_helpers.cpp:149->/home/luka/Scripting/ELEC_498-Capstone-LiteLM/HLS-Verilog/Scheduler_FSM/src-hls/Head_Helpers/head_helpers.cpp:419]   --->   Operation 840 'select' 'select_ln149_3' <Predicate = (!icmp_ln418_1 & head_ctx_ref_phase_1_1 == 15) | (!icmp_ln418_1 & head_ctx_ref_phase_1_1 == 14) | (!icmp_ln418_1 & head_ctx_ref_phase_1_1 == 0)> <Delay = 0.44> <CoreInst = "Sel">   --->   Core 73 'Sel' <Latency = 0> <II = 1> <Delay = 0.44> <FuncUnit> <Opcode : 'select'> <InPorts = 3> <OutPorts = 1>
ST_1 : Operation 841 [1/1] (0.39ns)   --->   "%select_ln149_4 = select i1 %and_ln416_1, i4 0, i4 %head_ctx_ref_last_wl_addr_1_1" [/home/luka/Scripting/ELEC_498-Capstone-LiteLM/HLS-Verilog/Scheduler_FSM/src-hls/Head_Helpers/head_helpers.cpp:149->/home/luka/Scripting/ELEC_498-Capstone-LiteLM/HLS-Verilog/Scheduler_FSM/src-hls/Head_Helpers/head_helpers.cpp:419]   --->   Operation 841 'select' 'select_ln149_4' <Predicate = (!icmp_ln418_1 & head_ctx_ref_phase_1_1 == 15) | (!icmp_ln418_1 & head_ctx_ref_phase_1_1 == 14) | (!icmp_ln418_1 & head_ctx_ref_phase_1_1 == 0)> <Delay = 0.39> <CoreInst = "Sel">   --->   Core 73 'Sel' <Latency = 0> <II = 1> <Delay = 0.39> <FuncUnit> <Opcode : 'select'> <InPorts = 3> <OutPorts = 1>
ST_1 : Operation 842 [1/1] (0.28ns)   --->   "%and_ln149_38 = and i1 %head_ctx_ref_wl_start_1_2, i1 %xor_ln149_1" [/home/luka/Scripting/ELEC_498-Capstone-LiteLM/HLS-Verilog/Scheduler_FSM/src-hls/Head_Helpers/head_helpers.cpp:149->/home/luka/Scripting/ELEC_498-Capstone-LiteLM/HLS-Verilog/Scheduler_FSM/src-hls/Head_Helpers/head_helpers.cpp:419]   --->   Operation 842 'and' 'and_ln149_38' <Predicate = (!icmp_ln418_1 & head_ctx_ref_phase_1_1 == 15) | (!icmp_ln418_1 & head_ctx_ref_phase_1_1 == 14) | (!icmp_ln418_1 & head_ctx_ref_phase_1_1 == 0)> <Delay = 0.28> <CoreInst = "LogicGate">   --->   Core 74 'LogicGate' <Latency = 0> <II = 1> <Delay = 0.28> <FuncUnit> <Opcode : 'and' 'or' 'xor'> <InPorts = 2> <OutPorts = 1>
ST_1 : Operation 843 [1/1] (0.44ns)   --->   "%select_ln149_5 = select i1 %and_ln416_1, i32 %or_ln21_17_cast, i32 %head_ctx_ref_wl_instruction_1_2" [/home/luka/Scripting/ELEC_498-Capstone-LiteLM/HLS-Verilog/Scheduler_FSM/src-hls/Head_Helpers/head_helpers.cpp:149->/home/luka/Scripting/ELEC_498-Capstone-LiteLM/HLS-Verilog/Scheduler_FSM/src-hls/Head_Helpers/head_helpers.cpp:419]   --->   Operation 843 'select' 'select_ln149_5' <Predicate = (!icmp_ln418_1 & head_ctx_ref_phase_1_1 == 15) | (!icmp_ln418_1 & head_ctx_ref_phase_1_1 == 14) | (!icmp_ln418_1 & head_ctx_ref_phase_1_1 == 0)> <Delay = 0.44> <CoreInst = "Sel">   --->   Core 73 'Sel' <Latency = 0> <II = 1> <Delay = 0.44> <FuncUnit> <Opcode : 'select'> <InPorts = 3> <OutPorts = 1>
ST_1 : Operation 844 [1/1] (0.28ns)   --->   "%and_ln149_39 = and i1 %head_ctx_ref_q_started_1_1, i1 %xor_ln149_1" [/home/luka/Scripting/ELEC_498-Capstone-LiteLM/HLS-Verilog/Scheduler_FSM/src-hls/Head_Helpers/head_helpers.cpp:149->/home/luka/Scripting/ELEC_498-Capstone-LiteLM/HLS-Verilog/Scheduler_FSM/src-hls/Head_Helpers/head_helpers.cpp:419]   --->   Operation 844 'and' 'and_ln149_39' <Predicate = (!icmp_ln418_1 & head_ctx_ref_phase_1_1 == 15) | (!icmp_ln418_1 & head_ctx_ref_phase_1_1 == 14) | (!icmp_ln418_1 & head_ctx_ref_phase_1_1 == 0)> <Delay = 0.28> <CoreInst = "LogicGate">   --->   Core 74 'LogicGate' <Latency = 0> <II = 1> <Delay = 0.28> <FuncUnit> <Opcode : 'and' 'or' 'xor'> <InPorts = 2> <OutPorts = 1>
ST_1 : Operation 845 [1/1] (0.28ns)   --->   "%and_ln149_40 = and i1 %head_ctx_ref_k_started_1_1, i1 %xor_ln149_1" [/home/luka/Scripting/ELEC_498-Capstone-LiteLM/HLS-Verilog/Scheduler_FSM/src-hls/Head_Helpers/head_helpers.cpp:149->/home/luka/Scripting/ELEC_498-Capstone-LiteLM/HLS-Verilog/Scheduler_FSM/src-hls/Head_Helpers/head_helpers.cpp:419]   --->   Operation 845 'and' 'and_ln149_40' <Predicate = (!icmp_ln418_1 & head_ctx_ref_phase_1_1 == 15) | (!icmp_ln418_1 & head_ctx_ref_phase_1_1 == 14) | (!icmp_ln418_1 & head_ctx_ref_phase_1_1 == 0)> <Delay = 0.28> <CoreInst = "LogicGate">   --->   Core 74 'LogicGate' <Latency = 0> <II = 1> <Delay = 0.28> <FuncUnit> <Opcode : 'and' 'or' 'xor'> <InPorts = 2> <OutPorts = 1>
ST_1 : Operation 846 [1/1] (0.28ns)   --->   "%and_ln149_41 = and i1 %head_ctx_ref_k_requant_started_1_1, i1 %xor_ln149_1" [/home/luka/Scripting/ELEC_498-Capstone-LiteLM/HLS-Verilog/Scheduler_FSM/src-hls/Head_Helpers/head_helpers.cpp:149->/home/luka/Scripting/ELEC_498-Capstone-LiteLM/HLS-Verilog/Scheduler_FSM/src-hls/Head_Helpers/head_helpers.cpp:419]   --->   Operation 846 'and' 'and_ln149_41' <Predicate = (!icmp_ln418_1 & head_ctx_ref_phase_1_1 == 15) | (!icmp_ln418_1 & head_ctx_ref_phase_1_1 == 14) | (!icmp_ln418_1 & head_ctx_ref_phase_1_1 == 0)> <Delay = 0.28> <CoreInst = "LogicGate">   --->   Core 74 'LogicGate' <Latency = 0> <II = 1> <Delay = 0.28> <FuncUnit> <Opcode : 'and' 'or' 'xor'> <InPorts = 2> <OutPorts = 1>
ST_1 : Operation 847 [1/1] (0.28ns)   --->   "%and_ln149_42 = and i1 %head_ctx_ref_k_writeback_started_1_1, i1 %xor_ln149_1" [/home/luka/Scripting/ELEC_498-Capstone-LiteLM/HLS-Verilog/Scheduler_FSM/src-hls/Head_Helpers/head_helpers.cpp:149->/home/luka/Scripting/ELEC_498-Capstone-LiteLM/HLS-Verilog/Scheduler_FSM/src-hls/Head_Helpers/head_helpers.cpp:419]   --->   Operation 847 'and' 'and_ln149_42' <Predicate = (!icmp_ln418_1 & head_ctx_ref_phase_1_1 == 15) | (!icmp_ln418_1 & head_ctx_ref_phase_1_1 == 14) | (!icmp_ln418_1 & head_ctx_ref_phase_1_1 == 0)> <Delay = 0.28> <CoreInst = "LogicGate">   --->   Core 74 'LogicGate' <Latency = 0> <II = 1> <Delay = 0.28> <FuncUnit> <Opcode : 'and' 'or' 'xor'> <InPorts = 2> <OutPorts = 1>
ST_1 : Operation 848 [1/1] (0.28ns)   --->   "%and_ln149_43 = and i1 %head_ctx_ref_v_started_1_1, i1 %xor_ln149_1" [/home/luka/Scripting/ELEC_498-Capstone-LiteLM/HLS-Verilog/Scheduler_FSM/src-hls/Head_Helpers/head_helpers.cpp:149->/home/luka/Scripting/ELEC_498-Capstone-LiteLM/HLS-Verilog/Scheduler_FSM/src-hls/Head_Helpers/head_helpers.cpp:419]   --->   Operation 848 'and' 'and_ln149_43' <Predicate = (!icmp_ln418_1 & head_ctx_ref_phase_1_1 == 15) | (!icmp_ln418_1 & head_ctx_ref_phase_1_1 == 14) | (!icmp_ln418_1 & head_ctx_ref_phase_1_1 == 0)> <Delay = 0.28> <CoreInst = "LogicGate">   --->   Core 74 'LogicGate' <Latency = 0> <II = 1> <Delay = 0.28> <FuncUnit> <Opcode : 'and' 'or' 'xor'> <InPorts = 2> <OutPorts = 1>
ST_1 : Operation 849 [1/1] (0.28ns)   --->   "%and_ln149_44 = and i1 %head_ctx_ref_v_requant_started_1_1, i1 %xor_ln149_1" [/home/luka/Scripting/ELEC_498-Capstone-LiteLM/HLS-Verilog/Scheduler_FSM/src-hls/Head_Helpers/head_helpers.cpp:149->/home/luka/Scripting/ELEC_498-Capstone-LiteLM/HLS-Verilog/Scheduler_FSM/src-hls/Head_Helpers/head_helpers.cpp:419]   --->   Operation 849 'and' 'and_ln149_44' <Predicate = (!icmp_ln418_1 & head_ctx_ref_phase_1_1 == 15) | (!icmp_ln418_1 & head_ctx_ref_phase_1_1 == 14) | (!icmp_ln418_1 & head_ctx_ref_phase_1_1 == 0)> <Delay = 0.28> <CoreInst = "LogicGate">   --->   Core 74 'LogicGate' <Latency = 0> <II = 1> <Delay = 0.28> <FuncUnit> <Opcode : 'and' 'or' 'xor'> <InPorts = 2> <OutPorts = 1>
ST_1 : Operation 850 [1/1] (0.28ns)   --->   "%and_ln149_45 = and i1 %head_ctx_ref_v_writeback_started_1_1, i1 %xor_ln149_1" [/home/luka/Scripting/ELEC_498-Capstone-LiteLM/HLS-Verilog/Scheduler_FSM/src-hls/Head_Helpers/head_helpers.cpp:149->/home/luka/Scripting/ELEC_498-Capstone-LiteLM/HLS-Verilog/Scheduler_FSM/src-hls/Head_Helpers/head_helpers.cpp:419]   --->   Operation 850 'and' 'and_ln149_45' <Predicate = (!icmp_ln418_1 & head_ctx_ref_phase_1_1 == 15) | (!icmp_ln418_1 & head_ctx_ref_phase_1_1 == 14) | (!icmp_ln418_1 & head_ctx_ref_phase_1_1 == 0)> <Delay = 0.28> <CoreInst = "LogicGate">   --->   Core 74 'LogicGate' <Latency = 0> <II = 1> <Delay = 0.28> <FuncUnit> <Opcode : 'and' 'or' 'xor'> <InPorts = 2> <OutPorts = 1>
ST_1 : Operation 851 [1/1] (0.28ns)   --->   "%and_ln149_46 = and i1 %head_ctx_ref_requant_q_started_1_1, i1 %xor_ln149_1" [/home/luka/Scripting/ELEC_498-Capstone-LiteLM/HLS-Verilog/Scheduler_FSM/src-hls/Head_Helpers/head_helpers.cpp:149->/home/luka/Scripting/ELEC_498-Capstone-LiteLM/HLS-Verilog/Scheduler_FSM/src-hls/Head_Helpers/head_helpers.cpp:419]   --->   Operation 851 'and' 'and_ln149_46' <Predicate = (!icmp_ln418_1 & head_ctx_ref_phase_1_1 == 15) | (!icmp_ln418_1 & head_ctx_ref_phase_1_1 == 14) | (!icmp_ln418_1 & head_ctx_ref_phase_1_1 == 0)> <Delay = 0.28> <CoreInst = "LogicGate">   --->   Core 74 'LogicGate' <Latency = 0> <II = 1> <Delay = 0.28> <FuncUnit> <Opcode : 'and' 'or' 'xor'> <InPorts = 2> <OutPorts = 1>
ST_1 : Operation 852 [1/1] (0.28ns)   --->   "%and_ln149_47 = and i1 %head_ctx_ref_att_scores_started_1_1, i1 %xor_ln149_1" [/home/luka/Scripting/ELEC_498-Capstone-LiteLM/HLS-Verilog/Scheduler_FSM/src-hls/Head_Helpers/head_helpers.cpp:149->/home/luka/Scripting/ELEC_498-Capstone-LiteLM/HLS-Verilog/Scheduler_FSM/src-hls/Head_Helpers/head_helpers.cpp:419]   --->   Operation 852 'and' 'and_ln149_47' <Predicate = (!icmp_ln418_1 & head_ctx_ref_phase_1_1 == 15) | (!icmp_ln418_1 & head_ctx_ref_phase_1_1 == 14) | (!icmp_ln418_1 & head_ctx_ref_phase_1_1 == 0)> <Delay = 0.28> <CoreInst = "LogicGate">   --->   Core 74 'LogicGate' <Latency = 0> <II = 1> <Delay = 0.28> <FuncUnit> <Opcode : 'and' 'or' 'xor'> <InPorts = 2> <OutPorts = 1>
ST_1 : Operation 853 [1/1] (0.28ns)   --->   "%and_ln149_48 = and i1 %head_ctx_ref_val_scale_started_1_1, i1 %xor_ln149_1" [/home/luka/Scripting/ELEC_498-Capstone-LiteLM/HLS-Verilog/Scheduler_FSM/src-hls/Head_Helpers/head_helpers.cpp:149->/home/luka/Scripting/ELEC_498-Capstone-LiteLM/HLS-Verilog/Scheduler_FSM/src-hls/Head_Helpers/head_helpers.cpp:419]   --->   Operation 853 'and' 'and_ln149_48' <Predicate = (!icmp_ln418_1 & head_ctx_ref_phase_1_1 == 15) | (!icmp_ln418_1 & head_ctx_ref_phase_1_1 == 14) | (!icmp_ln418_1 & head_ctx_ref_phase_1_1 == 0)> <Delay = 0.28> <CoreInst = "LogicGate">   --->   Core 74 'LogicGate' <Latency = 0> <II = 1> <Delay = 0.28> <FuncUnit> <Opcode : 'and' 'or' 'xor'> <InPorts = 2> <OutPorts = 1>
ST_1 : Operation 854 [1/1] (0.28ns)   --->   "%and_ln149_49 = and i1 %head_ctx_ref_softmax_started_1_1, i1 %xor_ln149_1" [/home/luka/Scripting/ELEC_498-Capstone-LiteLM/HLS-Verilog/Scheduler_FSM/src-hls/Head_Helpers/head_helpers.cpp:149->/home/luka/Scripting/ELEC_498-Capstone-LiteLM/HLS-Verilog/Scheduler_FSM/src-hls/Head_Helpers/head_helpers.cpp:419]   --->   Operation 854 'and' 'and_ln149_49' <Predicate = (!icmp_ln418_1 & head_ctx_ref_phase_1_1 == 15) | (!icmp_ln418_1 & head_ctx_ref_phase_1_1 == 14) | (!icmp_ln418_1 & head_ctx_ref_phase_1_1 == 0)> <Delay = 0.28> <CoreInst = "LogicGate">   --->   Core 74 'LogicGate' <Latency = 0> <II = 1> <Delay = 0.28> <FuncUnit> <Opcode : 'and' 'or' 'xor'> <InPorts = 2> <OutPorts = 1>
ST_1 : Operation 855 [1/1] (0.28ns)   --->   "%and_ln149_50 = and i1 %head_ctx_ref_att_value_started_1_1, i1 %xor_ln149_1" [/home/luka/Scripting/ELEC_498-Capstone-LiteLM/HLS-Verilog/Scheduler_FSM/src-hls/Head_Helpers/head_helpers.cpp:149->/home/luka/Scripting/ELEC_498-Capstone-LiteLM/HLS-Verilog/Scheduler_FSM/src-hls/Head_Helpers/head_helpers.cpp:419]   --->   Operation 855 'and' 'and_ln149_50' <Predicate = (!icmp_ln418_1 & head_ctx_ref_phase_1_1 == 15) | (!icmp_ln418_1 & head_ctx_ref_phase_1_1 == 14) | (!icmp_ln418_1 & head_ctx_ref_phase_1_1 == 0)> <Delay = 0.28> <CoreInst = "LogicGate">   --->   Core 74 'LogicGate' <Latency = 0> <II = 1> <Delay = 0.28> <FuncUnit> <Opcode : 'and' 'or' 'xor'> <InPorts = 2> <OutPorts = 1>
ST_1 : Operation 856 [1/1] (0.28ns)   --->   "%and_ln149_51 = and i1 %head_ctx_ref_head_requant_started_1_1, i1 %xor_ln149_1" [/home/luka/Scripting/ELEC_498-Capstone-LiteLM/HLS-Verilog/Scheduler_FSM/src-hls/Head_Helpers/head_helpers.cpp:149->/home/luka/Scripting/ELEC_498-Capstone-LiteLM/HLS-Verilog/Scheduler_FSM/src-hls/Head_Helpers/head_helpers.cpp:419]   --->   Operation 856 'and' 'and_ln149_51' <Predicate = (!icmp_ln418_1 & head_ctx_ref_phase_1_1 == 15) | (!icmp_ln418_1 & head_ctx_ref_phase_1_1 == 14) | (!icmp_ln418_1 & head_ctx_ref_phase_1_1 == 0)> <Delay = 0.28> <CoreInst = "LogicGate">   --->   Core 74 'LogicGate' <Latency = 0> <II = 1> <Delay = 0.28> <FuncUnit> <Opcode : 'and' 'or' 'xor'> <InPorts = 2> <OutPorts = 1>
ST_1 : Operation 857 [1/1] (0.28ns)   --->   "%and_ln149_52 = and i1 %head_ctx_ref_q_compute_done_1_3, i1 %xor_ln149_1" [/home/luka/Scripting/ELEC_498-Capstone-LiteLM/HLS-Verilog/Scheduler_FSM/src-hls/Head_Helpers/head_helpers.cpp:149->/home/luka/Scripting/ELEC_498-Capstone-LiteLM/HLS-Verilog/Scheduler_FSM/src-hls/Head_Helpers/head_helpers.cpp:419]   --->   Operation 857 'and' 'and_ln149_52' <Predicate = (!icmp_ln418_1 & head_ctx_ref_phase_1_1 == 15) | (!icmp_ln418_1 & head_ctx_ref_phase_1_1 == 14) | (!icmp_ln418_1 & head_ctx_ref_phase_1_1 == 0)> <Delay = 0.28> <CoreInst = "LogicGate">   --->   Core 74 'LogicGate' <Latency = 0> <II = 1> <Delay = 0.28> <FuncUnit> <Opcode : 'and' 'or' 'xor'> <InPorts = 2> <OutPorts = 1>
ST_1 : Operation 858 [1/1] (0.28ns)   --->   "%and_ln149_53 = and i1 %head_ctx_ref_k_compute_done_1_3, i1 %xor_ln149_1" [/home/luka/Scripting/ELEC_498-Capstone-LiteLM/HLS-Verilog/Scheduler_FSM/src-hls/Head_Helpers/head_helpers.cpp:149->/home/luka/Scripting/ELEC_498-Capstone-LiteLM/HLS-Verilog/Scheduler_FSM/src-hls/Head_Helpers/head_helpers.cpp:419]   --->   Operation 858 'and' 'and_ln149_53' <Predicate = (!icmp_ln418_1 & head_ctx_ref_phase_1_1 == 15) | (!icmp_ln418_1 & head_ctx_ref_phase_1_1 == 14) | (!icmp_ln418_1 & head_ctx_ref_phase_1_1 == 0)> <Delay = 0.28> <CoreInst = "LogicGate">   --->   Core 74 'LogicGate' <Latency = 0> <II = 1> <Delay = 0.28> <FuncUnit> <Opcode : 'and' 'or' 'xor'> <InPorts = 2> <OutPorts = 1>
ST_1 : Operation 859 [1/1] (0.28ns)   --->   "%and_ln149_54 = and i1 %head_ctx_ref_k_requant_compute_done_1_3, i1 %xor_ln149_1" [/home/luka/Scripting/ELEC_498-Capstone-LiteLM/HLS-Verilog/Scheduler_FSM/src-hls/Head_Helpers/head_helpers.cpp:149->/home/luka/Scripting/ELEC_498-Capstone-LiteLM/HLS-Verilog/Scheduler_FSM/src-hls/Head_Helpers/head_helpers.cpp:419]   --->   Operation 859 'and' 'and_ln149_54' <Predicate = (!icmp_ln418_1 & head_ctx_ref_phase_1_1 == 15) | (!icmp_ln418_1 & head_ctx_ref_phase_1_1 == 14) | (!icmp_ln418_1 & head_ctx_ref_phase_1_1 == 0)> <Delay = 0.28> <CoreInst = "LogicGate">   --->   Core 74 'LogicGate' <Latency = 0> <II = 1> <Delay = 0.28> <FuncUnit> <Opcode : 'and' 'or' 'xor'> <InPorts = 2> <OutPorts = 1>
ST_1 : Operation 860 [1/1] (0.28ns)   --->   "%and_ln149_55 = and i1 %head_ctx_ref_v_compute_done_1_3, i1 %xor_ln149_1" [/home/luka/Scripting/ELEC_498-Capstone-LiteLM/HLS-Verilog/Scheduler_FSM/src-hls/Head_Helpers/head_helpers.cpp:149->/home/luka/Scripting/ELEC_498-Capstone-LiteLM/HLS-Verilog/Scheduler_FSM/src-hls/Head_Helpers/head_helpers.cpp:419]   --->   Operation 860 'and' 'and_ln149_55' <Predicate = (!icmp_ln418_1 & head_ctx_ref_phase_1_1 == 15) | (!icmp_ln418_1 & head_ctx_ref_phase_1_1 == 14) | (!icmp_ln418_1 & head_ctx_ref_phase_1_1 == 0)> <Delay = 0.28> <CoreInst = "LogicGate">   --->   Core 74 'LogicGate' <Latency = 0> <II = 1> <Delay = 0.28> <FuncUnit> <Opcode : 'and' 'or' 'xor'> <InPorts = 2> <OutPorts = 1>
ST_1 : Operation 861 [1/1] (0.28ns)   --->   "%and_ln149_56 = and i1 %head_ctx_ref_v_requant_compute_done_1_3, i1 %xor_ln149_1" [/home/luka/Scripting/ELEC_498-Capstone-LiteLM/HLS-Verilog/Scheduler_FSM/src-hls/Head_Helpers/head_helpers.cpp:149->/home/luka/Scripting/ELEC_498-Capstone-LiteLM/HLS-Verilog/Scheduler_FSM/src-hls/Head_Helpers/head_helpers.cpp:419]   --->   Operation 861 'and' 'and_ln149_56' <Predicate = (!icmp_ln418_1 & head_ctx_ref_phase_1_1 == 15) | (!icmp_ln418_1 & head_ctx_ref_phase_1_1 == 14) | (!icmp_ln418_1 & head_ctx_ref_phase_1_1 == 0)> <Delay = 0.28> <CoreInst = "LogicGate">   --->   Core 74 'LogicGate' <Latency = 0> <II = 1> <Delay = 0.28> <FuncUnit> <Opcode : 'and' 'or' 'xor'> <InPorts = 2> <OutPorts = 1>
ST_1 : Operation 862 [1/1] (0.28ns)   --->   "%and_ln149_57 = and i1 %head_ctx_ref_requant_q_compute_done_1_3, i1 %xor_ln149_1" [/home/luka/Scripting/ELEC_498-Capstone-LiteLM/HLS-Verilog/Scheduler_FSM/src-hls/Head_Helpers/head_helpers.cpp:149->/home/luka/Scripting/ELEC_498-Capstone-LiteLM/HLS-Verilog/Scheduler_FSM/src-hls/Head_Helpers/head_helpers.cpp:419]   --->   Operation 862 'and' 'and_ln149_57' <Predicate = (!icmp_ln418_1 & head_ctx_ref_phase_1_1 == 15) | (!icmp_ln418_1 & head_ctx_ref_phase_1_1 == 14) | (!icmp_ln418_1 & head_ctx_ref_phase_1_1 == 0)> <Delay = 0.28> <CoreInst = "LogicGate">   --->   Core 74 'LogicGate' <Latency = 0> <II = 1> <Delay = 0.28> <FuncUnit> <Opcode : 'and' 'or' 'xor'> <InPorts = 2> <OutPorts = 1>
ST_1 : Operation 863 [1/1] (0.28ns)   --->   "%and_ln149_58 = and i1 %head_ctx_ref_att_scores_compute_done_1_3, i1 %xor_ln149_1" [/home/luka/Scripting/ELEC_498-Capstone-LiteLM/HLS-Verilog/Scheduler_FSM/src-hls/Head_Helpers/head_helpers.cpp:149->/home/luka/Scripting/ELEC_498-Capstone-LiteLM/HLS-Verilog/Scheduler_FSM/src-hls/Head_Helpers/head_helpers.cpp:419]   --->   Operation 863 'and' 'and_ln149_58' <Predicate = (!icmp_ln418_1 & head_ctx_ref_phase_1_1 == 15) | (!icmp_ln418_1 & head_ctx_ref_phase_1_1 == 14) | (!icmp_ln418_1 & head_ctx_ref_phase_1_1 == 0)> <Delay = 0.28> <CoreInst = "LogicGate">   --->   Core 74 'LogicGate' <Latency = 0> <II = 1> <Delay = 0.28> <FuncUnit> <Opcode : 'and' 'or' 'xor'> <InPorts = 2> <OutPorts = 1>
ST_1 : Operation 864 [1/1] (0.28ns)   --->   "%and_ln149_59 = and i1 %head_ctx_ref_val_scale_compute_done_1_3, i1 %xor_ln149_1" [/home/luka/Scripting/ELEC_498-Capstone-LiteLM/HLS-Verilog/Scheduler_FSM/src-hls/Head_Helpers/head_helpers.cpp:149->/home/luka/Scripting/ELEC_498-Capstone-LiteLM/HLS-Verilog/Scheduler_FSM/src-hls/Head_Helpers/head_helpers.cpp:419]   --->   Operation 864 'and' 'and_ln149_59' <Predicate = (!icmp_ln418_1 & head_ctx_ref_phase_1_1 == 15) | (!icmp_ln418_1 & head_ctx_ref_phase_1_1 == 14) | (!icmp_ln418_1 & head_ctx_ref_phase_1_1 == 0)> <Delay = 0.28> <CoreInst = "LogicGate">   --->   Core 74 'LogicGate' <Latency = 0> <II = 1> <Delay = 0.28> <FuncUnit> <Opcode : 'and' 'or' 'xor'> <InPorts = 2> <OutPorts = 1>
ST_1 : Operation 865 [1/1] (0.28ns)   --->   "%and_ln149_60 = and i1 %head_ctx_ref_softmax_compute_done_1_3, i1 %xor_ln149_1" [/home/luka/Scripting/ELEC_498-Capstone-LiteLM/HLS-Verilog/Scheduler_FSM/src-hls/Head_Helpers/head_helpers.cpp:149->/home/luka/Scripting/ELEC_498-Capstone-LiteLM/HLS-Verilog/Scheduler_FSM/src-hls/Head_Helpers/head_helpers.cpp:419]   --->   Operation 865 'and' 'and_ln149_60' <Predicate = (!icmp_ln418_1 & head_ctx_ref_phase_1_1 == 15) | (!icmp_ln418_1 & head_ctx_ref_phase_1_1 == 14) | (!icmp_ln418_1 & head_ctx_ref_phase_1_1 == 0)> <Delay = 0.28> <CoreInst = "LogicGate">   --->   Core 74 'LogicGate' <Latency = 0> <II = 1> <Delay = 0.28> <FuncUnit> <Opcode : 'and' 'or' 'xor'> <InPorts = 2> <OutPorts = 1>
ST_1 : Operation 866 [1/1] (0.28ns)   --->   "%and_ln149_61 = and i1 %head_ctx_ref_att_value_compute_done_1_3, i1 %xor_ln149_1" [/home/luka/Scripting/ELEC_498-Capstone-LiteLM/HLS-Verilog/Scheduler_FSM/src-hls/Head_Helpers/head_helpers.cpp:149->/home/luka/Scripting/ELEC_498-Capstone-LiteLM/HLS-Verilog/Scheduler_FSM/src-hls/Head_Helpers/head_helpers.cpp:419]   --->   Operation 866 'and' 'and_ln149_61' <Predicate = (!icmp_ln418_1 & head_ctx_ref_phase_1_1 == 15) | (!icmp_ln418_1 & head_ctx_ref_phase_1_1 == 14) | (!icmp_ln418_1 & head_ctx_ref_phase_1_1 == 0)> <Delay = 0.28> <CoreInst = "LogicGate">   --->   Core 74 'LogicGate' <Latency = 0> <II = 1> <Delay = 0.28> <FuncUnit> <Opcode : 'and' 'or' 'xor'> <InPorts = 2> <OutPorts = 1>
ST_1 : Operation 867 [1/1] (0.28ns)   --->   "%and_ln149_62 = and i1 %head_ctx_ref_head_requant_compute_done_1_3, i1 %xor_ln149_1" [/home/luka/Scripting/ELEC_498-Capstone-LiteLM/HLS-Verilog/Scheduler_FSM/src-hls/Head_Helpers/head_helpers.cpp:149->/home/luka/Scripting/ELEC_498-Capstone-LiteLM/HLS-Verilog/Scheduler_FSM/src-hls/Head_Helpers/head_helpers.cpp:419]   --->   Operation 867 'and' 'and_ln149_62' <Predicate = (!icmp_ln418_1 & head_ctx_ref_phase_1_1 == 15) | (!icmp_ln418_1 & head_ctx_ref_phase_1_1 == 14) | (!icmp_ln418_1 & head_ctx_ref_phase_1_1 == 0)> <Delay = 0.28> <CoreInst = "LogicGate">   --->   Core 74 'LogicGate' <Latency = 0> <II = 1> <Delay = 0.28> <FuncUnit> <Opcode : 'and' 'or' 'xor'> <InPorts = 2> <OutPorts = 1>
ST_1 : Operation 868 [1/1] (0.28ns)   --->   "%and_ln149_63 = and i1 %head_ctx_ref_q_dma_done_1_4, i1 %xor_ln149_1" [/home/luka/Scripting/ELEC_498-Capstone-LiteLM/HLS-Verilog/Scheduler_FSM/src-hls/Head_Helpers/head_helpers.cpp:149->/home/luka/Scripting/ELEC_498-Capstone-LiteLM/HLS-Verilog/Scheduler_FSM/src-hls/Head_Helpers/head_helpers.cpp:419]   --->   Operation 868 'and' 'and_ln149_63' <Predicate = (!icmp_ln418_1 & head_ctx_ref_phase_1_1 == 15) | (!icmp_ln418_1 & head_ctx_ref_phase_1_1 == 14) | (!icmp_ln418_1 & head_ctx_ref_phase_1_1 == 0)> <Delay = 0.28> <CoreInst = "LogicGate">   --->   Core 74 'LogicGate' <Latency = 0> <II = 1> <Delay = 0.28> <FuncUnit> <Opcode : 'and' 'or' 'xor'> <InPorts = 2> <OutPorts = 1>
ST_1 : Operation 869 [1/1] (0.28ns)   --->   "%and_ln149_64 = and i1 %head_ctx_ref_k_dma_done_1_4, i1 %xor_ln149_1" [/home/luka/Scripting/ELEC_498-Capstone-LiteLM/HLS-Verilog/Scheduler_FSM/src-hls/Head_Helpers/head_helpers.cpp:149->/home/luka/Scripting/ELEC_498-Capstone-LiteLM/HLS-Verilog/Scheduler_FSM/src-hls/Head_Helpers/head_helpers.cpp:419]   --->   Operation 869 'and' 'and_ln149_64' <Predicate = (!icmp_ln418_1 & head_ctx_ref_phase_1_1 == 15) | (!icmp_ln418_1 & head_ctx_ref_phase_1_1 == 14) | (!icmp_ln418_1 & head_ctx_ref_phase_1_1 == 0)> <Delay = 0.28> <CoreInst = "LogicGate">   --->   Core 74 'LogicGate' <Latency = 0> <II = 1> <Delay = 0.28> <FuncUnit> <Opcode : 'and' 'or' 'xor'> <InPorts = 2> <OutPorts = 1>
ST_1 : Operation 870 [1/1] (0.28ns)   --->   "%and_ln149_65 = and i1 %head_ctx_ref_k_writeback_dma_done_1_4, i1 %xor_ln149_1" [/home/luka/Scripting/ELEC_498-Capstone-LiteLM/HLS-Verilog/Scheduler_FSM/src-hls/Head_Helpers/head_helpers.cpp:149->/home/luka/Scripting/ELEC_498-Capstone-LiteLM/HLS-Verilog/Scheduler_FSM/src-hls/Head_Helpers/head_helpers.cpp:419]   --->   Operation 870 'and' 'and_ln149_65' <Predicate = (!icmp_ln418_1 & head_ctx_ref_phase_1_1 == 15) | (!icmp_ln418_1 & head_ctx_ref_phase_1_1 == 14) | (!icmp_ln418_1 & head_ctx_ref_phase_1_1 == 0)> <Delay = 0.28> <CoreInst = "LogicGate">   --->   Core 74 'LogicGate' <Latency = 0> <II = 1> <Delay = 0.28> <FuncUnit> <Opcode : 'and' 'or' 'xor'> <InPorts = 2> <OutPorts = 1>
ST_1 : Operation 871 [1/1] (0.28ns)   --->   "%and_ln149_66 = and i1 %head_ctx_ref_v_dma_done_1_4, i1 %xor_ln149_1" [/home/luka/Scripting/ELEC_498-Capstone-LiteLM/HLS-Verilog/Scheduler_FSM/src-hls/Head_Helpers/head_helpers.cpp:149->/home/luka/Scripting/ELEC_498-Capstone-LiteLM/HLS-Verilog/Scheduler_FSM/src-hls/Head_Helpers/head_helpers.cpp:419]   --->   Operation 871 'and' 'and_ln149_66' <Predicate = (!icmp_ln418_1 & head_ctx_ref_phase_1_1 == 15) | (!icmp_ln418_1 & head_ctx_ref_phase_1_1 == 14) | (!icmp_ln418_1 & head_ctx_ref_phase_1_1 == 0)> <Delay = 0.28> <CoreInst = "LogicGate">   --->   Core 74 'LogicGate' <Latency = 0> <II = 1> <Delay = 0.28> <FuncUnit> <Opcode : 'and' 'or' 'xor'> <InPorts = 2> <OutPorts = 1>
ST_1 : Operation 872 [1/1] (0.28ns)   --->   "%and_ln149_67 = and i1 %head_ctx_ref_v_writeback_dma_done_1_4, i1 %xor_ln149_1" [/home/luka/Scripting/ELEC_498-Capstone-LiteLM/HLS-Verilog/Scheduler_FSM/src-hls/Head_Helpers/head_helpers.cpp:149->/home/luka/Scripting/ELEC_498-Capstone-LiteLM/HLS-Verilog/Scheduler_FSM/src-hls/Head_Helpers/head_helpers.cpp:419]   --->   Operation 872 'and' 'and_ln149_67' <Predicate = (!icmp_ln418_1 & head_ctx_ref_phase_1_1 == 15) | (!icmp_ln418_1 & head_ctx_ref_phase_1_1 == 14) | (!icmp_ln418_1 & head_ctx_ref_phase_1_1 == 0)> <Delay = 0.28> <CoreInst = "LogicGate">   --->   Core 74 'LogicGate' <Latency = 0> <II = 1> <Delay = 0.28> <FuncUnit> <Opcode : 'and' 'or' 'xor'> <InPorts = 2> <OutPorts = 1>
ST_1 : Operation 873 [1/1] (0.28ns)   --->   "%and_ln149_68 = and i1 %head_ctx_ref_att_scores_dma_done_1_4, i1 %xor_ln149_1" [/home/luka/Scripting/ELEC_498-Capstone-LiteLM/HLS-Verilog/Scheduler_FSM/src-hls/Head_Helpers/head_helpers.cpp:149->/home/luka/Scripting/ELEC_498-Capstone-LiteLM/HLS-Verilog/Scheduler_FSM/src-hls/Head_Helpers/head_helpers.cpp:419]   --->   Operation 873 'and' 'and_ln149_68' <Predicate = (!icmp_ln418_1 & head_ctx_ref_phase_1_1 == 15) | (!icmp_ln418_1 & head_ctx_ref_phase_1_1 == 14) | (!icmp_ln418_1 & head_ctx_ref_phase_1_1 == 0)> <Delay = 0.28> <CoreInst = "LogicGate">   --->   Core 74 'LogicGate' <Latency = 0> <II = 1> <Delay = 0.28> <FuncUnit> <Opcode : 'and' 'or' 'xor'> <InPorts = 2> <OutPorts = 1>
ST_1 : Operation 874 [1/1] (0.28ns)   --->   "%and_ln149_69 = and i1 %head_ctx_ref_att_value_dma_done_1_4, i1 %xor_ln149_1" [/home/luka/Scripting/ELEC_498-Capstone-LiteLM/HLS-Verilog/Scheduler_FSM/src-hls/Head_Helpers/head_helpers.cpp:149->/home/luka/Scripting/ELEC_498-Capstone-LiteLM/HLS-Verilog/Scheduler_FSM/src-hls/Head_Helpers/head_helpers.cpp:419]   --->   Operation 874 'and' 'and_ln149_69' <Predicate = (!icmp_ln418_1 & head_ctx_ref_phase_1_1 == 15) | (!icmp_ln418_1 & head_ctx_ref_phase_1_1 == 14) | (!icmp_ln418_1 & head_ctx_ref_phase_1_1 == 0)> <Delay = 0.28> <CoreInst = "LogicGate">   --->   Core 74 'LogicGate' <Latency = 0> <II = 1> <Delay = 0.28> <FuncUnit> <Opcode : 'and' 'or' 'xor'> <InPorts = 2> <OutPorts = 1>
ST_1 : Operation 875 [1/1] (0.93ns)   --->   "%br_ln149 = br void %_Z15run_single_headR7HeadCtxib15ControlMemSpaceRb.exit.1" [/home/luka/Scripting/ELEC_498-Capstone-LiteLM/HLS-Verilog/Scheduler_FSM/src-hls/Head_Helpers/head_helpers.cpp:149->/home/luka/Scripting/ELEC_498-Capstone-LiteLM/HLS-Verilog/Scheduler_FSM/src-hls/Head_Helpers/head_helpers.cpp:419]   --->   Operation 875 'br' 'br_ln149' <Predicate = (!icmp_ln418_1 & head_ctx_ref_phase_1_1 == 15) | (!icmp_ln418_1 & head_ctx_ref_phase_1_1 == 14) | (!icmp_ln418_1 & head_ctx_ref_phase_1_1 == 0)> <Delay = 0.93>
ST_1 : Operation 876 [1/1] (0.00ns)   --->   "%head_ctx_ref_phase_1_2 = phi i4 13, void %if.else524.i.1, i4 13, void %if.then515.i.1, i4 12, void %if.then493.i.1, i4 12, void %if.then482.i.1, i4 11, void %if.else469.i.1, i4 11, void %if.then460.i.1, i4 10, void %if.else447.i.1, i4 10, void %if.then438.i.1, i4 9, void %if.then416.i.1, i4 9, void %if.then405.i.1, i4 8, void %if.else392.i.1, i4 8, void %if.then383.i.1, i4 7, void %if.then363.i.1, i4 6, void %if.else350.i.1, i4 6, void %if.then341.i.1, i4 5, void %if.then319.i.1, i4 5, void %if.then308.i.1, i4 4, void %if.then288.i.1, i4 3, void %if.else275.i.1, i4 3, void %if.then266.i.1, i4 2, void %if.then244.i.1, i4 2, void %if.then233.i.1, i4 1, void %if.then211.i.1, i4 1, void %if.then200.i.1, i4 %select_ln378_1, void %land.lhs.true526.i.1, i4 %select_ln366_1, void %if.else501.i.1, i4 %select_ln348_1, void %land.lhs.true471.i.1, i4 %select_ln336_1, void %land.lhs.true449.i.1, i4 %select_ln324_1, void %if.else424.i.1, i4 %select_ln306_1, void %land.lhs.true394.i.1, i4 %select_ln294_1, void %if.else370.i.1, i4 %select_ln282_1, void %land.lhs.true352.i.1, i4 %select_ln270_1, void %if.else327.i.1, i4 %select_ln251_1, void %if.else295.i.1, i4 %select_ln239_1, void %land.lhs.true277.i.1, i4 %select_ln227_1, void %if.else252.i.1, i4 %select_ln208_1, void %if.else219.i.1, i4 %zext_ln149_1, void %sw.bb.i.1" [/home/luka/Scripting/ELEC_498-Capstone-LiteLM/HLS-Verilog/Scheduler_FSM/src-hls/Head_Helpers/head_helpers.cpp:378->/home/luka/Scripting/ELEC_498-Capstone-LiteLM/HLS-Verilog/Scheduler_FSM/src-hls/Head_Helpers/head_helpers.cpp:419]   --->   Operation 876 'phi' 'head_ctx_ref_phase_1_2' <Predicate = (!icmp_ln418_1)> <Delay = 0.00>
ST_1 : Operation 877 [1/1] (0.00ns)   --->   "%head_ctx_ref_compute_ready_1_2 = phi i1 %head_ctx_ref_compute_ready_1_1, void %if.else524.i.1, i1 1, void %if.then515.i.1, i1 1, void %if.then493.i.1, i1 %head_ctx_ref_compute_ready_1_1, void %if.then482.i.1, i1 %head_ctx_ref_compute_ready_1_1, void %if.else469.i.1, i1 1, void %if.then460.i.1, i1 %head_ctx_ref_compute_ready_1_1, void %if.else447.i.1, i1 1, void %if.then438.i.1, i1 1, void %if.then416.i.1, i1 %head_ctx_ref_compute_ready_1_1, void %if.then405.i.1, i1 %head_ctx_ref_compute_ready_1_1, void %if.else392.i.1, i1 1, void %if.then383.i.1, i1 %head_ctx_ref_compute_ready_1_1, void %if.then363.i.1, i1 %head_ctx_ref_compute_ready_1_1, void %if.else350.i.1, i1 1, void %if.then341.i.1, i1 1, void %if.then319.i.1, i1 %head_ctx_ref_compute_ready_1_1, void %if.then308.i.1, i1 %head_ctx_ref_compute_ready_1_1, void %if.then288.i.1, i1 %head_ctx_ref_compute_ready_1_1, void %if.else275.i.1, i1 1, void %if.then266.i.1, i1 1, void %if.then244.i.1, i1 %head_ctx_ref_compute_ready_1_1, void %if.then233.i.1, i1 1, void %if.then211.i.1, i1 %head_ctx_ref_compute_ready_1_1, void %if.then200.i.1, i1 %head_ctx_ref_compute_ready_1_1, void %land.lhs.true526.i.1, i1 %head_ctx_ref_compute_ready_1_1, void %if.else501.i.1, i1 %head_ctx_ref_compute_ready_1_1, void %land.lhs.true471.i.1, i1 %head_ctx_ref_compute_ready_1_1, void %land.lhs.true449.i.1, i1 %head_ctx_ref_compute_ready_1_1, void %if.else424.i.1, i1 %head_ctx_ref_compute_ready_1_1, void %land.lhs.true394.i.1, i1 %head_ctx_ref_compute_ready_1_1, void %if.else370.i.1, i1 %head_ctx_ref_compute_ready_1_1, void %land.lhs.true352.i.1, i1 %head_ctx_ref_compute_ready_1_1, void %if.else327.i.1, i1 %head_ctx_ref_compute_ready_1_1, void %if.else295.i.1, i1 %head_ctx_ref_compute_ready_1_1, void %land.lhs.true277.i.1, i1 %head_ctx_ref_compute_ready_1_1, void %if.else252.i.1, i1 %head_ctx_ref_compute_ready_1_1, void %if.else219.i.1, i1 %and_ln149_35, void %sw.bb.i.1" [/home/luka/Scripting/ELEC_498-Capstone-LiteLM/HLS-Verilog/Scheduler_FSM/src-hls/Head_Helpers/head_helpers.cpp:396]   --->   Operation 877 'phi' 'head_ctx_ref_compute_ready_1_2' <Predicate = (!icmp_ln418_1)> <Delay = 0.00>
ST_1 : Operation 878 [1/1] (0.00ns)   --->   "%head_ctx_ref_compute_done_1_2 = phi i1 %head_ctx_ref_compute_done_1_1, void %if.else524.i.1, i1 %head_ctx_ref_compute_done_1_1, void %if.then515.i.1, i1 %head_ctx_ref_compute_done_1_1, void %if.then493.i.1, i1 %head_ctx_ref_compute_done_1_1, void %if.then482.i.1, i1 %head_ctx_ref_compute_done_1_1, void %if.else469.i.1, i1 %head_ctx_ref_compute_done_1_1, void %if.then460.i.1, i1 %head_ctx_ref_compute_done_1_1, void %if.else447.i.1, i1 %head_ctx_ref_compute_done_1_1, void %if.then438.i.1, i1 %head_ctx_ref_compute_done_1_1, void %if.then416.i.1, i1 %head_ctx_ref_compute_done_1_1, void %if.then405.i.1, i1 %head_ctx_ref_compute_done_1_1, void %if.else392.i.1, i1 %head_ctx_ref_compute_done_1_1, void %if.then383.i.1, i1 %head_ctx_ref_compute_done_1_1, void %if.then363.i.1, i1 %head_ctx_ref_compute_done_1_1, void %if.else350.i.1, i1 %head_ctx_ref_compute_done_1_1, void %if.then341.i.1, i1 %head_ctx_ref_compute_done_1_1, void %if.then319.i.1, i1 %head_ctx_ref_compute_done_1_1, void %if.then308.i.1, i1 %head_ctx_ref_compute_done_1_1, void %if.then288.i.1, i1 %head_ctx_ref_compute_done_1_1, void %if.else275.i.1, i1 %head_ctx_ref_compute_done_1_1, void %if.then266.i.1, i1 %head_ctx_ref_compute_done_1_1, void %if.then244.i.1, i1 %head_ctx_ref_compute_done_1_1, void %if.then233.i.1, i1 %head_ctx_ref_compute_done_1_1, void %if.then211.i.1, i1 %head_ctx_ref_compute_done_1_1, void %if.then200.i.1, i1 %head_ctx_ref_compute_done_1_1, void %land.lhs.true526.i.1, i1 %head_ctx_ref_compute_done_1_1, void %if.else501.i.1, i1 %head_ctx_ref_compute_done_1_1, void %land.lhs.true471.i.1, i1 %head_ctx_ref_compute_done_1_1, void %land.lhs.true449.i.1, i1 %head_ctx_ref_compute_done_1_1, void %if.else424.i.1, i1 %head_ctx_ref_compute_done_1_1, void %land.lhs.true394.i.1, i1 %head_ctx_ref_compute_done_1_1, void %if.else370.i.1, i1 %head_ctx_ref_compute_done_1_1, void %land.lhs.true352.i.1, i1 %head_ctx_ref_compute_done_1_1, void %if.else327.i.1, i1 %head_ctx_ref_compute_done_1_1, void %if.else295.i.1, i1 %head_ctx_ref_compute_done_1_1, void %land.lhs.true277.i.1, i1 %head_ctx_ref_compute_done_1_1, void %if.else252.i.1, i1 %head_ctx_ref_compute_done_1_1, void %if.else219.i.1, i1 %and_ln149_36, void %sw.bb.i.1" [/home/luka/Scripting/ELEC_498-Capstone-LiteLM/HLS-Verilog/Scheduler_FSM/src-hls/Head_Helpers/head_helpers.cpp:396]   --->   Operation 878 'phi' 'head_ctx_ref_compute_done_1_2' <Predicate = (!icmp_ln418_1)> <Delay = 0.00>
ST_1 : Operation 879 [1/1] (0.00ns)   --->   "%head_ctx_ref_compute_start_1_3 = phi i1 %head_ctx_ref_compute_start_1_2, void %if.else524.i.1, i1 1, void %if.then515.i.1, i1 1, void %if.then493.i.1, i1 %head_ctx_ref_compute_start_1_2, void %if.then482.i.1, i1 %head_ctx_ref_compute_start_1_2, void %if.else469.i.1, i1 1, void %if.then460.i.1, i1 %head_ctx_ref_compute_start_1_2, void %if.else447.i.1, i1 1, void %if.then438.i.1, i1 1, void %if.then416.i.1, i1 %head_ctx_ref_compute_start_1_2, void %if.then405.i.1, i1 %head_ctx_ref_compute_start_1_2, void %if.else392.i.1, i1 1, void %if.then383.i.1, i1 %head_ctx_ref_compute_start_1_2, void %if.then363.i.1, i1 %head_ctx_ref_compute_start_1_2, void %if.else350.i.1, i1 1, void %if.then341.i.1, i1 1, void %if.then319.i.1, i1 %head_ctx_ref_compute_start_1_2, void %if.then308.i.1, i1 %head_ctx_ref_compute_start_1_2, void %if.then288.i.1, i1 %head_ctx_ref_compute_start_1_2, void %if.else275.i.1, i1 1, void %if.then266.i.1, i1 1, void %if.then244.i.1, i1 %head_ctx_ref_compute_start_1_2, void %if.then233.i.1, i1 1, void %if.then211.i.1, i1 %head_ctx_ref_compute_start_1_2, void %if.then200.i.1, i1 %head_ctx_ref_compute_start_1_2, void %land.lhs.true526.i.1, i1 %head_ctx_ref_compute_start_1_2, void %if.else501.i.1, i1 %head_ctx_ref_compute_start_1_2, void %land.lhs.true471.i.1, i1 %head_ctx_ref_compute_start_1_2, void %land.lhs.true449.i.1, i1 %head_ctx_ref_compute_start_1_2, void %if.else424.i.1, i1 %head_ctx_ref_compute_start_1_2, void %land.lhs.true394.i.1, i1 %head_ctx_ref_compute_start_1_2, void %if.else370.i.1, i1 %head_ctx_ref_compute_start_1_2, void %land.lhs.true352.i.1, i1 %head_ctx_ref_compute_start_1_2, void %if.else327.i.1, i1 %head_ctx_ref_compute_start_1_2, void %if.else295.i.1, i1 %head_ctx_ref_compute_start_1_2, void %land.lhs.true277.i.1, i1 %head_ctx_ref_compute_start_1_2, void %if.else252.i.1, i1 %head_ctx_ref_compute_start_1_2, void %if.else219.i.1, i1 %and_ln149_37, void %sw.bb.i.1" [/home/luka/Scripting/ELEC_498-Capstone-LiteLM/HLS-Verilog/Scheduler_FSM/src-hls/Head_Helpers/head_helpers.cpp:396]   --->   Operation 879 'phi' 'head_ctx_ref_compute_start_1_3' <Predicate = (!icmp_ln418_1)> <Delay = 0.00>
ST_1 : Operation 880 [1/1] (0.00ns)   --->   "%head_ctx_ref_compute_op_1_3 = phi i32 %head_ctx_ref_compute_op_1_2, void %if.else524.i.1, i32 %sext_ln378_1, void %if.then515.i.1, i32 %sext_ln366_1, void %if.then493.i.1, i32 %head_ctx_ref_compute_op_1_2, void %if.then482.i.1, i32 %head_ctx_ref_compute_op_1_2, void %if.else469.i.1, i32 %sext_ln348_1, void %if.then460.i.1, i32 %head_ctx_ref_compute_op_1_2, void %if.else447.i.1, i32 %sext_ln336_1, void %if.then438.i.1, i32 %sext_ln324_1, void %if.then416.i.1, i32 %head_ctx_ref_compute_op_1_2, void %if.then405.i.1, i32 %head_ctx_ref_compute_op_1_2, void %if.else392.i.1, i32 %sext_ln306_1, void %if.then383.i.1, i32 %head_ctx_ref_compute_op_1_2, void %if.then363.i.1, i32 %head_ctx_ref_compute_op_1_2, void %if.else350.i.1, i32 %sext_ln282_1, void %if.then341.i.1, i32 %sext_ln269_1, void %if.then319.i.1, i32 %head_ctx_ref_compute_op_1_2, void %if.then308.i.1, i32 %head_ctx_ref_compute_op_1_2, void %if.then288.i.1, i32 %head_ctx_ref_compute_op_1_2, void %if.else275.i.1, i32 %sext_ln239_1, void %if.then266.i.1, i32 %sext_ln226_1, void %if.then244.i.1, i32 %head_ctx_ref_compute_op_1_2, void %if.then233.i.1, i32 %sext_ln207_1, void %if.then211.i.1, i32 %head_ctx_ref_compute_op_1_2, void %if.then200.i.1, i32 %head_ctx_ref_compute_op_1_2, void %land.lhs.true526.i.1, i32 %head_ctx_ref_compute_op_1_2, void %if.else501.i.1, i32 %head_ctx_ref_compute_op_1_2, void %land.lhs.true471.i.1, i32 %head_ctx_ref_compute_op_1_2, void %land.lhs.true449.i.1, i32 %head_ctx_ref_compute_op_1_2, void %if.else424.i.1, i32 %head_ctx_ref_compute_op_1_2, void %land.lhs.true394.i.1, i32 %head_ctx_ref_compute_op_1_2, void %if.else370.i.1, i32 %head_ctx_ref_compute_op_1_2, void %land.lhs.true352.i.1, i32 %head_ctx_ref_compute_op_1_2, void %if.else327.i.1, i32 %head_ctx_ref_compute_op_1_2, void %if.else295.i.1, i32 %head_ctx_ref_compute_op_1_2, void %land.lhs.true277.i.1, i32 %head_ctx_ref_compute_op_1_2, void %if.else252.i.1, i32 %head_ctx_ref_compute_op_1_2, void %if.else219.i.1, i32 %head_ctx_ref_compute_op_1_2, void %sw.bb.i.1" [/home/luka/Scripting/ELEC_498-Capstone-LiteLM/HLS-Verilog/Scheduler_FSM/src-hls/Head_Helpers/head_helpers.cpp:105->/home/luka/Scripting/ELEC_498-Capstone-LiteLM/HLS-Verilog/Scheduler_FSM/src-hls/Head_Helpers/head_helpers.cpp:419]   --->   Operation 880 'phi' 'head_ctx_ref_compute_op_1_3' <Predicate = (!icmp_ln418_1)> <Delay = 0.00>
ST_1 : Operation 881 [1/1] (0.00ns)   --->   "%head_ctx_ref_last_compute_op_1_2 = phi i32 %packed_op_assign_1, void %if.else524.i.1, i32 %sext_ln378_1, void %if.then515.i.1, i32 %sext_ln366_1, void %if.then493.i.1, i32 %packed_op_assign_1, void %if.then482.i.1, i32 %packed_op_assign_1, void %if.else469.i.1, i32 %sext_ln348_1, void %if.then460.i.1, i32 %packed_op_assign_1, void %if.else447.i.1, i32 %sext_ln336_1, void %if.then438.i.1, i32 %sext_ln324_1, void %if.then416.i.1, i32 %packed_op_assign_1, void %if.then405.i.1, i32 %packed_op_assign_1, void %if.else392.i.1, i32 %sext_ln306_1, void %if.then383.i.1, i32 %packed_op_assign_1, void %if.then363.i.1, i32 %packed_op_assign_1, void %if.else350.i.1, i32 %sext_ln282_1, void %if.then341.i.1, i32 %sext_ln269_1, void %if.then319.i.1, i32 %packed_op_assign_1, void %if.then308.i.1, i32 %packed_op_assign_1, void %if.then288.i.1, i32 %packed_op_assign_1, void %if.else275.i.1, i32 %sext_ln239_1, void %if.then266.i.1, i32 %sext_ln226_1, void %if.then244.i.1, i32 %packed_op_assign_1, void %if.then233.i.1, i32 %sext_ln207_1, void %if.then211.i.1, i32 %packed_op_assign_1, void %if.then200.i.1, i32 %packed_op_assign_1, void %land.lhs.true526.i.1, i32 %packed_op_assign_1, void %if.else501.i.1, i32 %packed_op_assign_1, void %land.lhs.true471.i.1, i32 %packed_op_assign_1, void %land.lhs.true449.i.1, i32 %packed_op_assign_1, void %if.else424.i.1, i32 %packed_op_assign_1, void %land.lhs.true394.i.1, i32 %packed_op_assign_1, void %if.else370.i.1, i32 %packed_op_assign_1, void %land.lhs.true352.i.1, i32 %packed_op_assign_1, void %if.else327.i.1, i32 %packed_op_assign_1, void %if.else295.i.1, i32 %packed_op_assign_1, void %land.lhs.true277.i.1, i32 %packed_op_assign_1, void %if.else252.i.1, i32 %packed_op_assign_1, void %if.else219.i.1, i32 %select_ln149_3, void %sw.bb.i.1" [/home/luka/Scripting/ELEC_498-Capstone-LiteLM/HLS-Verilog/Scheduler_FSM/src-hls/Head_Helpers/head_helpers.cpp:396]   --->   Operation 881 'phi' 'head_ctx_ref_last_compute_op_1_2' <Predicate = (!icmp_ln418_1)> <Delay = 0.00>
ST_1 : Operation 882 [1/1] (0.00ns)   --->   "%head_ctx_ref_last_wl_addr_1_2 = phi i4 %head_ctx_ref_last_wl_addr_1_1, void %if.else524.i.1, i4 %head_ctx_ref_last_wl_addr_1_1, void %if.then515.i.1, i4 %head_ctx_ref_last_wl_addr_1_1, void %if.then493.i.1, i4 7, void %if.then482.i.1, i4 %head_ctx_ref_last_wl_addr_1_1, void %if.else469.i.1, i4 %head_ctx_ref_last_wl_addr_1_1, void %if.then460.i.1, i4 %head_ctx_ref_last_wl_addr_1_1, void %if.else447.i.1, i4 %head_ctx_ref_last_wl_addr_1_1, void %if.then438.i.1, i4 %head_ctx_ref_last_wl_addr_1_1, void %if.then416.i.1, i4 6, void %if.then405.i.1, i4 %head_ctx_ref_last_wl_addr_1_1, void %if.else392.i.1, i4 %head_ctx_ref_last_wl_addr_1_1, void %if.then383.i.1, i4 5, void %if.then363.i.1, i4 %head_ctx_ref_last_wl_addr_1_1, void %if.else350.i.1, i4 %head_ctx_ref_last_wl_addr_1_1, void %if.then341.i.1, i4 %head_ctx_ref_last_wl_addr_1_1, void %if.then319.i.1, i4 4, void %if.then308.i.1, i4 3, void %if.then288.i.1, i4 %head_ctx_ref_last_wl_addr_1_1, void %if.else275.i.1, i4 %head_ctx_ref_last_wl_addr_1_1, void %if.then266.i.1, i4 %head_ctx_ref_last_wl_addr_1_1, void %if.then244.i.1, i4 2, void %if.then233.i.1, i4 %head_ctx_ref_last_wl_addr_1_1, void %if.then211.i.1, i4 1, void %if.then200.i.1, i4 %head_ctx_ref_last_wl_addr_1_1, void %land.lhs.true526.i.1, i4 %head_ctx_ref_last_wl_addr_1_1, void %if.else501.i.1, i4 %head_ctx_ref_last_wl_addr_1_1, void %land.lhs.true471.i.1, i4 %head_ctx_ref_last_wl_addr_1_1, void %land.lhs.true449.i.1, i4 %head_ctx_ref_last_wl_addr_1_1, void %if.else424.i.1, i4 %head_ctx_ref_last_wl_addr_1_1, void %land.lhs.true394.i.1, i4 %head_ctx_ref_last_wl_addr_1_1, void %if.else370.i.1, i4 %head_ctx_ref_last_wl_addr_1_1, void %land.lhs.true352.i.1, i4 %head_ctx_ref_last_wl_addr_1_1, void %if.else327.i.1, i4 %head_ctx_ref_last_wl_addr_1_1, void %if.else295.i.1, i4 %head_ctx_ref_last_wl_addr_1_1, void %land.lhs.true277.i.1, i4 %head_ctx_ref_last_wl_addr_1_1, void %if.else252.i.1, i4 %head_ctx_ref_last_wl_addr_1_1, void %if.else219.i.1, i4 %select_ln149_4, void %sw.bb.i.1" [/home/luka/Scripting/ELEC_498-Capstone-LiteLM/HLS-Verilog/Scheduler_FSM/src-hls/Head_Helpers/head_helpers.cpp:396]   --->   Operation 882 'phi' 'head_ctx_ref_last_wl_addr_1_2' <Predicate = (!icmp_ln418_1)> <Delay = 0.00>
ST_1 : Operation 883 [1/1] (0.00ns)   --->   "%head_ctx_ref_wl_start_1_3 = phi i1 %head_ctx_ref_wl_start_1_2, void %if.else524.i.1, i1 %head_ctx_ref_wl_start_1_2, void %if.then515.i.1, i1 %head_ctx_ref_wl_start_1_2, void %if.then493.i.1, i1 1, void %if.then482.i.1, i1 %head_ctx_ref_wl_start_1_2, void %if.else469.i.1, i1 %head_ctx_ref_wl_start_1_2, void %if.then460.i.1, i1 %head_ctx_ref_wl_start_1_2, void %if.else447.i.1, i1 %head_ctx_ref_wl_start_1_2, void %if.then438.i.1, i1 %head_ctx_ref_wl_start_1_2, void %if.then416.i.1, i1 1, void %if.then405.i.1, i1 %head_ctx_ref_wl_start_1_2, void %if.else392.i.1, i1 %head_ctx_ref_wl_start_1_2, void %if.then383.i.1, i1 1, void %if.then363.i.1, i1 %head_ctx_ref_wl_start_1_2, void %if.else350.i.1, i1 %head_ctx_ref_wl_start_1_2, void %if.then341.i.1, i1 %head_ctx_ref_wl_start_1_2, void %if.then319.i.1, i1 1, void %if.then308.i.1, i1 1, void %if.then288.i.1, i1 %head_ctx_ref_wl_start_1_2, void %if.else275.i.1, i1 %head_ctx_ref_wl_start_1_2, void %if.then266.i.1, i1 %head_ctx_ref_wl_start_1_2, void %if.then244.i.1, i1 1, void %if.then233.i.1, i1 %head_ctx_ref_wl_start_1_2, void %if.then211.i.1, i1 1, void %if.then200.i.1, i1 %head_ctx_ref_wl_start_1_2, void %land.lhs.true526.i.1, i1 %head_ctx_ref_wl_start_1_2, void %if.else501.i.1, i1 %head_ctx_ref_wl_start_1_2, void %land.lhs.true471.i.1, i1 %head_ctx_ref_wl_start_1_2, void %land.lhs.true449.i.1, i1 %head_ctx_ref_wl_start_1_2, void %if.else424.i.1, i1 %head_ctx_ref_wl_start_1_2, void %land.lhs.true394.i.1, i1 %head_ctx_ref_wl_start_1_2, void %if.else370.i.1, i1 %head_ctx_ref_wl_start_1_2, void %land.lhs.true352.i.1, i1 %head_ctx_ref_wl_start_1_2, void %if.else327.i.1, i1 %head_ctx_ref_wl_start_1_2, void %if.else295.i.1, i1 %head_ctx_ref_wl_start_1_2, void %land.lhs.true277.i.1, i1 %head_ctx_ref_wl_start_1_2, void %if.else252.i.1, i1 %head_ctx_ref_wl_start_1_2, void %if.else219.i.1, i1 %and_ln149_38, void %sw.bb.i.1" [/home/luka/Scripting/ELEC_498-Capstone-LiteLM/HLS-Verilog/Scheduler_FSM/src-hls/Head_Helpers/head_helpers.cpp:396]   --->   Operation 883 'phi' 'head_ctx_ref_wl_start_1_3' <Predicate = (!icmp_ln418_1)> <Delay = 0.00>
ST_1 : Operation 884 [1/1] (0.00ns)   --->   "%head_ctx_ref_wl_instruction_1_3 = phi i32 %head_ctx_ref_wl_instruction_1_2, void %if.else524.i.1, i32 %head_ctx_ref_wl_instruction_1_2, void %if.then515.i.1, i32 %head_ctx_ref_wl_instruction_1_2, void %if.then493.i.1, i32 %sext_ln360_1, void %if.then482.i.1, i32 %head_ctx_ref_wl_instruction_1_2, void %if.else469.i.1, i32 %head_ctx_ref_wl_instruction_1_2, void %if.then460.i.1, i32 %head_ctx_ref_wl_instruction_1_2, void %if.else447.i.1, i32 %head_ctx_ref_wl_instruction_1_2, void %if.then438.i.1, i32 %head_ctx_ref_wl_instruction_1_2, void %if.then416.i.1, i32 %sext_ln318_1, void %if.then405.i.1, i32 %head_ctx_ref_wl_instruction_1_2, void %if.else392.i.1, i32 %head_ctx_ref_wl_instruction_1_2, void %if.then383.i.1, i32 %sext_ln294_1, void %if.then363.i.1, i32 %head_ctx_ref_wl_instruction_1_2, void %if.else350.i.1, i32 %head_ctx_ref_wl_instruction_1_2, void %if.then341.i.1, i32 %head_ctx_ref_wl_instruction_1_2, void %if.then319.i.1, i32 %sext_ln263_1, void %if.then308.i.1, i32 %sext_ln251_1, void %if.then288.i.1, i32 %head_ctx_ref_wl_instruction_1_2, void %if.else275.i.1, i32 %head_ctx_ref_wl_instruction_1_2, void %if.then266.i.1, i32 %head_ctx_ref_wl_instruction_1_2, void %if.then244.i.1, i32 %sext_ln220_1, void %if.then233.i.1, i32 %head_ctx_ref_wl_instruction_1_2, void %if.then211.i.1, i32 %sext_ln201_1, void %if.then200.i.1, i32 %head_ctx_ref_wl_instruction_1_2, void %land.lhs.true526.i.1, i32 %head_ctx_ref_wl_instruction_1_2, void %if.else501.i.1, i32 %head_ctx_ref_wl_instruction_1_2, void %land.lhs.true471.i.1, i32 %head_ctx_ref_wl_instruction_1_2, void %land.lhs.true449.i.1, i32 %head_ctx_ref_wl_instruction_1_2, void %if.else424.i.1, i32 %head_ctx_ref_wl_instruction_1_2, void %land.lhs.true394.i.1, i32 %head_ctx_ref_wl_instruction_1_2, void %if.else370.i.1, i32 %head_ctx_ref_wl_instruction_1_2, void %land.lhs.true352.i.1, i32 %head_ctx_ref_wl_instruction_1_2, void %if.else327.i.1, i32 %head_ctx_ref_wl_instruction_1_2, void %if.else295.i.1, i32 %head_ctx_ref_wl_instruction_1_2, void %land.lhs.true277.i.1, i32 %head_ctx_ref_wl_instruction_1_2, void %if.else252.i.1, i32 %head_ctx_ref_wl_instruction_1_2, void %if.else219.i.1, i32 %select_ln149_5, void %sw.bb.i.1" [/home/luka/Scripting/ELEC_498-Capstone-LiteLM/HLS-Verilog/Scheduler_FSM/src-hls/Head_Helpers/head_helpers.cpp:100->/home/luka/Scripting/ELEC_498-Capstone-LiteLM/HLS-Verilog/Scheduler_FSM/src-hls/Head_Helpers/head_helpers.cpp:419]   --->   Operation 884 'phi' 'head_ctx_ref_wl_instruction_1_3' <Predicate = (!icmp_ln418_1)> <Delay = 0.00>
ST_1 : Operation 885 [1/1] (0.00ns)   --->   "%head_ctx_ref_q_started_1_2 = phi i1 %head_ctx_ref_q_started_1_1, void %if.else524.i.1, i1 %head_ctx_ref_q_started_1_1, void %if.then515.i.1, i1 %head_ctx_ref_q_started_1_1, void %if.then493.i.1, i1 %head_ctx_ref_q_started_1_1, void %if.then482.i.1, i1 %head_ctx_ref_q_started_1_1, void %if.else469.i.1, i1 %head_ctx_ref_q_started_1_1, void %if.then460.i.1, i1 %head_ctx_ref_q_started_1_1, void %if.else447.i.1, i1 %head_ctx_ref_q_started_1_1, void %if.then438.i.1, i1 %head_ctx_ref_q_started_1_1, void %if.then416.i.1, i1 %head_ctx_ref_q_started_1_1, void %if.then405.i.1, i1 %head_ctx_ref_q_started_1_1, void %if.else392.i.1, i1 %head_ctx_ref_q_started_1_1, void %if.then383.i.1, i1 %head_ctx_ref_q_started_1_1, void %if.then363.i.1, i1 %head_ctx_ref_q_started_1_1, void %if.else350.i.1, i1 %head_ctx_ref_q_started_1_1, void %if.then341.i.1, i1 %head_ctx_ref_q_started_1_1, void %if.then319.i.1, i1 %head_ctx_ref_q_started_1_1, void %if.then308.i.1, i1 %head_ctx_ref_q_started_1_1, void %if.then288.i.1, i1 %head_ctx_ref_q_started_1_1, void %if.else275.i.1, i1 %head_ctx_ref_q_started_1_1, void %if.then266.i.1, i1 %head_ctx_ref_q_started_1_1, void %if.then244.i.1, i1 %head_ctx_ref_q_started_1_1, void %if.then233.i.1, i1 %head_ctx_ref_q_started_1_1, void %if.then211.i.1, i1 1, void %if.then200.i.1, i1 %head_ctx_ref_q_started_1_1, void %land.lhs.true526.i.1, i1 %head_ctx_ref_q_started_1_1, void %if.else501.i.1, i1 %head_ctx_ref_q_started_1_1, void %land.lhs.true471.i.1, i1 %head_ctx_ref_q_started_1_1, void %land.lhs.true449.i.1, i1 %head_ctx_ref_q_started_1_1, void %if.else424.i.1, i1 %head_ctx_ref_q_started_1_1, void %land.lhs.true394.i.1, i1 %head_ctx_ref_q_started_1_1, void %if.else370.i.1, i1 %head_ctx_ref_q_started_1_1, void %land.lhs.true352.i.1, i1 %head_ctx_ref_q_started_1_1, void %if.else327.i.1, i1 %head_ctx_ref_q_started_1_1, void %if.else295.i.1, i1 %head_ctx_ref_q_started_1_1, void %land.lhs.true277.i.1, i1 %head_ctx_ref_q_started_1_1, void %if.else252.i.1, i1 %xor_ln208_1, void %if.else219.i.1, i1 %and_ln149_39, void %sw.bb.i.1" [/home/luka/Scripting/ELEC_498-Capstone-LiteLM/HLS-Verilog/Scheduler_FSM/src-hls/Head_Helpers/head_helpers.cpp:396]   --->   Operation 885 'phi' 'head_ctx_ref_q_started_1_2' <Predicate = (!icmp_ln418_1)> <Delay = 0.00>
ST_1 : Operation 886 [1/1] (0.00ns)   --->   "%head_ctx_ref_k_started_1_2 = phi i1 %head_ctx_ref_k_started_1_1, void %if.else524.i.1, i1 %head_ctx_ref_k_started_1_1, void %if.then515.i.1, i1 %head_ctx_ref_k_started_1_1, void %if.then493.i.1, i1 %head_ctx_ref_k_started_1_1, void %if.then482.i.1, i1 %head_ctx_ref_k_started_1_1, void %if.else469.i.1, i1 %head_ctx_ref_k_started_1_1, void %if.then460.i.1, i1 %head_ctx_ref_k_started_1_1, void %if.else447.i.1, i1 %head_ctx_ref_k_started_1_1, void %if.then438.i.1, i1 %head_ctx_ref_k_started_1_1, void %if.then416.i.1, i1 %head_ctx_ref_k_started_1_1, void %if.then405.i.1, i1 %head_ctx_ref_k_started_1_1, void %if.else392.i.1, i1 %head_ctx_ref_k_started_1_1, void %if.then383.i.1, i1 %head_ctx_ref_k_started_1_1, void %if.then363.i.1, i1 %head_ctx_ref_k_started_1_1, void %if.else350.i.1, i1 %head_ctx_ref_k_started_1_1, void %if.then341.i.1, i1 %head_ctx_ref_k_started_1_1, void %if.then319.i.1, i1 %head_ctx_ref_k_started_1_1, void %if.then308.i.1, i1 %head_ctx_ref_k_started_1_1, void %if.then288.i.1, i1 %head_ctx_ref_k_started_1_1, void %if.else275.i.1, i1 %head_ctx_ref_k_started_1_1, void %if.then266.i.1, i1 %head_ctx_ref_k_started_1_1, void %if.then244.i.1, i1 1, void %if.then233.i.1, i1 %head_ctx_ref_k_started_1_1, void %if.then211.i.1, i1 %head_ctx_ref_k_started_1_1, void %if.then200.i.1, i1 %head_ctx_ref_k_started_1_1, void %land.lhs.true526.i.1, i1 %head_ctx_ref_k_started_1_1, void %if.else501.i.1, i1 %head_ctx_ref_k_started_1_1, void %land.lhs.true471.i.1, i1 %head_ctx_ref_k_started_1_1, void %land.lhs.true449.i.1, i1 %head_ctx_ref_k_started_1_1, void %if.else424.i.1, i1 %head_ctx_ref_k_started_1_1, void %land.lhs.true394.i.1, i1 %head_ctx_ref_k_started_1_1, void %if.else370.i.1, i1 %head_ctx_ref_k_started_1_1, void %land.lhs.true352.i.1, i1 %head_ctx_ref_k_started_1_1, void %if.else327.i.1, i1 %head_ctx_ref_k_started_1_1, void %if.else295.i.1, i1 %head_ctx_ref_k_started_1_1, void %land.lhs.true277.i.1, i1 %xor_ln227_1, void %if.else252.i.1, i1 %head_ctx_ref_k_started_1_1, void %if.else219.i.1, i1 %and_ln149_40, void %sw.bb.i.1" [/home/luka/Scripting/ELEC_498-Capstone-LiteLM/HLS-Verilog/Scheduler_FSM/src-hls/Head_Helpers/head_helpers.cpp:396]   --->   Operation 886 'phi' 'head_ctx_ref_k_started_1_2' <Predicate = (!icmp_ln418_1)> <Delay = 0.00>
ST_1 : Operation 887 [1/1] (0.00ns)   --->   "%head_ctx_ref_k_requant_started_1_2 = phi i1 %head_ctx_ref_k_requant_started_1_1, void %if.else524.i.1, i1 %head_ctx_ref_k_requant_started_1_1, void %if.then515.i.1, i1 %head_ctx_ref_k_requant_started_1_1, void %if.then493.i.1, i1 %head_ctx_ref_k_requant_started_1_1, void %if.then482.i.1, i1 %head_ctx_ref_k_requant_started_1_1, void %if.else469.i.1, i1 %head_ctx_ref_k_requant_started_1_1, void %if.then460.i.1, i1 %head_ctx_ref_k_requant_started_1_1, void %if.else447.i.1, i1 %head_ctx_ref_k_requant_started_1_1, void %if.then438.i.1, i1 %head_ctx_ref_k_requant_started_1_1, void %if.then416.i.1, i1 %head_ctx_ref_k_requant_started_1_1, void %if.then405.i.1, i1 %head_ctx_ref_k_requant_started_1_1, void %if.else392.i.1, i1 %head_ctx_ref_k_requant_started_1_1, void %if.then383.i.1, i1 %head_ctx_ref_k_requant_started_1_1, void %if.then363.i.1, i1 %head_ctx_ref_k_requant_started_1_1, void %if.else350.i.1, i1 %head_ctx_ref_k_requant_started_1_1, void %if.then341.i.1, i1 %head_ctx_ref_k_requant_started_1_1, void %if.then319.i.1, i1 %head_ctx_ref_k_requant_started_1_1, void %if.then308.i.1, i1 %head_ctx_ref_k_requant_started_1_1, void %if.then288.i.1, i1 %head_ctx_ref_k_requant_started_1_1, void %if.else275.i.1, i1 1, void %if.then266.i.1, i1 %head_ctx_ref_k_requant_started_1_1, void %if.then244.i.1, i1 %head_ctx_ref_k_requant_started_1_1, void %if.then233.i.1, i1 %head_ctx_ref_k_requant_started_1_1, void %if.then211.i.1, i1 %head_ctx_ref_k_requant_started_1_1, void %if.then200.i.1, i1 %head_ctx_ref_k_requant_started_1_1, void %land.lhs.true526.i.1, i1 %head_ctx_ref_k_requant_started_1_1, void %if.else501.i.1, i1 %head_ctx_ref_k_requant_started_1_1, void %land.lhs.true471.i.1, i1 %head_ctx_ref_k_requant_started_1_1, void %land.lhs.true449.i.1, i1 %head_ctx_ref_k_requant_started_1_1, void %if.else424.i.1, i1 %head_ctx_ref_k_requant_started_1_1, void %land.lhs.true394.i.1, i1 %head_ctx_ref_k_requant_started_1_1, void %if.else370.i.1, i1 %head_ctx_ref_k_requant_started_1_1, void %land.lhs.true352.i.1, i1 %head_ctx_ref_k_requant_started_1_1, void %if.else327.i.1, i1 %head_ctx_ref_k_requant_started_1_1, void %if.else295.i.1, i1 0, void %land.lhs.true277.i.1, i1 %head_ctx_ref_k_requant_started_1_1, void %if.else252.i.1, i1 %head_ctx_ref_k_requant_started_1_1, void %if.else219.i.1, i1 %and_ln149_41, void %sw.bb.i.1" [/home/luka/Scripting/ELEC_498-Capstone-LiteLM/HLS-Verilog/Scheduler_FSM/src-hls/Head_Helpers/head_helpers.cpp:396]   --->   Operation 887 'phi' 'head_ctx_ref_k_requant_started_1_2' <Predicate = (!icmp_ln418_1)> <Delay = 0.00>
ST_1 : Operation 888 [1/1] (0.00ns)   --->   "%head_ctx_ref_k_writeback_started_1_2 = phi i1 %head_ctx_ref_k_writeback_started_1_1, void %if.else524.i.1, i1 %head_ctx_ref_k_writeback_started_1_1, void %if.then515.i.1, i1 %head_ctx_ref_k_writeback_started_1_1, void %if.then493.i.1, i1 %head_ctx_ref_k_writeback_started_1_1, void %if.then482.i.1, i1 %head_ctx_ref_k_writeback_started_1_1, void %if.else469.i.1, i1 %head_ctx_ref_k_writeback_started_1_1, void %if.then460.i.1, i1 %head_ctx_ref_k_writeback_started_1_1, void %if.else447.i.1, i1 %head_ctx_ref_k_writeback_started_1_1, void %if.then438.i.1, i1 %head_ctx_ref_k_writeback_started_1_1, void %if.then416.i.1, i1 %head_ctx_ref_k_writeback_started_1_1, void %if.then405.i.1, i1 %head_ctx_ref_k_writeback_started_1_1, void %if.else392.i.1, i1 %head_ctx_ref_k_writeback_started_1_1, void %if.then383.i.1, i1 %head_ctx_ref_k_writeback_started_1_1, void %if.then363.i.1, i1 %head_ctx_ref_k_writeback_started_1_1, void %if.else350.i.1, i1 %head_ctx_ref_k_writeback_started_1_1, void %if.then341.i.1, i1 %head_ctx_ref_k_writeback_started_1_1, void %if.then319.i.1, i1 %head_ctx_ref_k_writeback_started_1_1, void %if.then308.i.1, i1 1, void %if.then288.i.1, i1 %head_ctx_ref_k_writeback_started_1_1, void %if.else275.i.1, i1 %head_ctx_ref_k_writeback_started_1_1, void %if.then266.i.1, i1 %head_ctx_ref_k_writeback_started_1_1, void %if.then244.i.1, i1 %head_ctx_ref_k_writeback_started_1_1, void %if.then233.i.1, i1 %head_ctx_ref_k_writeback_started_1_1, void %if.then211.i.1, i1 %head_ctx_ref_k_writeback_started_1_1, void %if.then200.i.1, i1 %head_ctx_ref_k_writeback_started_1_1, void %land.lhs.true526.i.1, i1 %head_ctx_ref_k_writeback_started_1_1, void %if.else501.i.1, i1 %head_ctx_ref_k_writeback_started_1_1, void %land.lhs.true471.i.1, i1 %head_ctx_ref_k_writeback_started_1_1, void %land.lhs.true449.i.1, i1 %head_ctx_ref_k_writeback_started_1_1, void %if.else424.i.1, i1 %head_ctx_ref_k_writeback_started_1_1, void %land.lhs.true394.i.1, i1 %head_ctx_ref_k_writeback_started_1_1, void %if.else370.i.1, i1 %head_ctx_ref_k_writeback_started_1_1, void %land.lhs.true352.i.1, i1 %head_ctx_ref_k_writeback_started_1_1, void %if.else327.i.1, i1 %xor_ln251_1, void %if.else295.i.1, i1 %head_ctx_ref_k_writeback_started_1_1, void %land.lhs.true277.i.1, i1 %head_ctx_ref_k_writeback_started_1_1, void %if.else252.i.1, i1 %head_ctx_ref_k_writeback_started_1_1, void %if.else219.i.1, i1 %and_ln149_42, void %sw.bb.i.1" [/home/luka/Scripting/ELEC_498-Capstone-LiteLM/HLS-Verilog/Scheduler_FSM/src-hls/Head_Helpers/head_helpers.cpp:396]   --->   Operation 888 'phi' 'head_ctx_ref_k_writeback_started_1_2' <Predicate = (!icmp_ln418_1)> <Delay = 0.00>
ST_1 : Operation 889 [1/1] (0.00ns)   --->   "%head_ctx_ref_v_started_1_2 = phi i1 %head_ctx_ref_v_started_1_1, void %if.else524.i.1, i1 %head_ctx_ref_v_started_1_1, void %if.then515.i.1, i1 %head_ctx_ref_v_started_1_1, void %if.then493.i.1, i1 %head_ctx_ref_v_started_1_1, void %if.then482.i.1, i1 %head_ctx_ref_v_started_1_1, void %if.else469.i.1, i1 %head_ctx_ref_v_started_1_1, void %if.then460.i.1, i1 %head_ctx_ref_v_started_1_1, void %if.else447.i.1, i1 %head_ctx_ref_v_started_1_1, void %if.then438.i.1, i1 %head_ctx_ref_v_started_1_1, void %if.then416.i.1, i1 %head_ctx_ref_v_started_1_1, void %if.then405.i.1, i1 %head_ctx_ref_v_started_1_1, void %if.else392.i.1, i1 %head_ctx_ref_v_started_1_1, void %if.then383.i.1, i1 %head_ctx_ref_v_started_1_1, void %if.then363.i.1, i1 %head_ctx_ref_v_started_1_1, void %if.else350.i.1, i1 %head_ctx_ref_v_started_1_1, void %if.then341.i.1, i1 %head_ctx_ref_v_started_1_1, void %if.then319.i.1, i1 1, void %if.then308.i.1, i1 %head_ctx_ref_v_started_1_1, void %if.then288.i.1, i1 %head_ctx_ref_v_started_1_1, void %if.else275.i.1, i1 %head_ctx_ref_v_started_1_1, void %if.then266.i.1, i1 %head_ctx_ref_v_started_1_1, void %if.then244.i.1, i1 %head_ctx_ref_v_started_1_1, void %if.then233.i.1, i1 %head_ctx_ref_v_started_1_1, void %if.then211.i.1, i1 %head_ctx_ref_v_started_1_1, void %if.then200.i.1, i1 %head_ctx_ref_v_started_1_1, void %land.lhs.true526.i.1, i1 %head_ctx_ref_v_started_1_1, void %if.else501.i.1, i1 %head_ctx_ref_v_started_1_1, void %land.lhs.true471.i.1, i1 %head_ctx_ref_v_started_1_1, void %land.lhs.true449.i.1, i1 %head_ctx_ref_v_started_1_1, void %if.else424.i.1, i1 %head_ctx_ref_v_started_1_1, void %land.lhs.true394.i.1, i1 %head_ctx_ref_v_started_1_1, void %if.else370.i.1, i1 %head_ctx_ref_v_started_1_1, void %land.lhs.true352.i.1, i1 %xor_ln270_1, void %if.else327.i.1, i1 %head_ctx_ref_v_started_1_1, void %if.else295.i.1, i1 %head_ctx_ref_v_started_1_1, void %land.lhs.true277.i.1, i1 %head_ctx_ref_v_started_1_1, void %if.else252.i.1, i1 %head_ctx_ref_v_started_1_1, void %if.else219.i.1, i1 %and_ln149_43, void %sw.bb.i.1" [/home/luka/Scripting/ELEC_498-Capstone-LiteLM/HLS-Verilog/Scheduler_FSM/src-hls/Head_Helpers/head_helpers.cpp:396]   --->   Operation 889 'phi' 'head_ctx_ref_v_started_1_2' <Predicate = (!icmp_ln418_1)> <Delay = 0.00>
ST_1 : Operation 890 [1/1] (0.00ns)   --->   "%head_ctx_ref_v_requant_started_1_2 = phi i1 %head_ctx_ref_v_requant_started_1_1, void %if.else524.i.1, i1 %head_ctx_ref_v_requant_started_1_1, void %if.then515.i.1, i1 %head_ctx_ref_v_requant_started_1_1, void %if.then493.i.1, i1 %head_ctx_ref_v_requant_started_1_1, void %if.then482.i.1, i1 %head_ctx_ref_v_requant_started_1_1, void %if.else469.i.1, i1 %head_ctx_ref_v_requant_started_1_1, void %if.then460.i.1, i1 %head_ctx_ref_v_requant_started_1_1, void %if.else447.i.1, i1 %head_ctx_ref_v_requant_started_1_1, void %if.then438.i.1, i1 %head_ctx_ref_v_requant_started_1_1, void %if.then416.i.1, i1 %head_ctx_ref_v_requant_started_1_1, void %if.then405.i.1, i1 %head_ctx_ref_v_requant_started_1_1, void %if.else392.i.1, i1 %head_ctx_ref_v_requant_started_1_1, void %if.then383.i.1, i1 %head_ctx_ref_v_requant_started_1_1, void %if.then363.i.1, i1 %head_ctx_ref_v_requant_started_1_1, void %if.else350.i.1, i1 1, void %if.then341.i.1, i1 %head_ctx_ref_v_requant_started_1_1, void %if.then319.i.1, i1 %head_ctx_ref_v_requant_started_1_1, void %if.then308.i.1, i1 %head_ctx_ref_v_requant_started_1_1, void %if.then288.i.1, i1 %head_ctx_ref_v_requant_started_1_1, void %if.else275.i.1, i1 %head_ctx_ref_v_requant_started_1_1, void %if.then266.i.1, i1 %head_ctx_ref_v_requant_started_1_1, void %if.then244.i.1, i1 %head_ctx_ref_v_requant_started_1_1, void %if.then233.i.1, i1 %head_ctx_ref_v_requant_started_1_1, void %if.then211.i.1, i1 %head_ctx_ref_v_requant_started_1_1, void %if.then200.i.1, i1 %head_ctx_ref_v_requant_started_1_1, void %land.lhs.true526.i.1, i1 %head_ctx_ref_v_requant_started_1_1, void %if.else501.i.1, i1 %head_ctx_ref_v_requant_started_1_1, void %land.lhs.true471.i.1, i1 %head_ctx_ref_v_requant_started_1_1, void %land.lhs.true449.i.1, i1 %head_ctx_ref_v_requant_started_1_1, void %if.else424.i.1, i1 %head_ctx_ref_v_requant_started_1_1, void %land.lhs.true394.i.1, i1 %head_ctx_ref_v_requant_started_1_1, void %if.else370.i.1, i1 0, void %land.lhs.true352.i.1, i1 %head_ctx_ref_v_requant_started_1_1, void %if.else327.i.1, i1 %head_ctx_ref_v_requant_started_1_1, void %if.else295.i.1, i1 %head_ctx_ref_v_requant_started_1_1, void %land.lhs.true277.i.1, i1 %head_ctx_ref_v_requant_started_1_1, void %if.else252.i.1, i1 %head_ctx_ref_v_requant_started_1_1, void %if.else219.i.1, i1 %and_ln149_44, void %sw.bb.i.1" [/home/luka/Scripting/ELEC_498-Capstone-LiteLM/HLS-Verilog/Scheduler_FSM/src-hls/Head_Helpers/head_helpers.cpp:396]   --->   Operation 890 'phi' 'head_ctx_ref_v_requant_started_1_2' <Predicate = (!icmp_ln418_1)> <Delay = 0.00>
ST_1 : Operation 891 [1/1] (0.00ns)   --->   "%head_ctx_ref_v_writeback_started_1_2 = phi i1 %head_ctx_ref_v_writeback_started_1_1, void %if.else524.i.1, i1 %head_ctx_ref_v_writeback_started_1_1, void %if.then515.i.1, i1 %head_ctx_ref_v_writeback_started_1_1, void %if.then493.i.1, i1 %head_ctx_ref_v_writeback_started_1_1, void %if.then482.i.1, i1 %head_ctx_ref_v_writeback_started_1_1, void %if.else469.i.1, i1 %head_ctx_ref_v_writeback_started_1_1, void %if.then460.i.1, i1 %head_ctx_ref_v_writeback_started_1_1, void %if.else447.i.1, i1 %head_ctx_ref_v_writeback_started_1_1, void %if.then438.i.1, i1 %head_ctx_ref_v_writeback_started_1_1, void %if.then416.i.1, i1 %head_ctx_ref_v_writeback_started_1_1, void %if.then405.i.1, i1 %head_ctx_ref_v_writeback_started_1_1, void %if.else392.i.1, i1 %head_ctx_ref_v_writeback_started_1_1, void %if.then383.i.1, i1 1, void %if.then363.i.1, i1 %head_ctx_ref_v_writeback_started_1_1, void %if.else350.i.1, i1 %head_ctx_ref_v_writeback_started_1_1, void %if.then341.i.1, i1 %head_ctx_ref_v_writeback_started_1_1, void %if.then319.i.1, i1 %head_ctx_ref_v_writeback_started_1_1, void %if.then308.i.1, i1 %head_ctx_ref_v_writeback_started_1_1, void %if.then288.i.1, i1 %head_ctx_ref_v_writeback_started_1_1, void %if.else275.i.1, i1 %head_ctx_ref_v_writeback_started_1_1, void %if.then266.i.1, i1 %head_ctx_ref_v_writeback_started_1_1, void %if.then244.i.1, i1 %head_ctx_ref_v_writeback_started_1_1, void %if.then233.i.1, i1 %head_ctx_ref_v_writeback_started_1_1, void %if.then211.i.1, i1 %head_ctx_ref_v_writeback_started_1_1, void %if.then200.i.1, i1 %head_ctx_ref_v_writeback_started_1_1, void %land.lhs.true526.i.1, i1 %head_ctx_ref_v_writeback_started_1_1, void %if.else501.i.1, i1 %head_ctx_ref_v_writeback_started_1_1, void %land.lhs.true471.i.1, i1 %head_ctx_ref_v_writeback_started_1_1, void %land.lhs.true449.i.1, i1 %head_ctx_ref_v_writeback_started_1_1, void %if.else424.i.1, i1 %head_ctx_ref_v_writeback_started_1_1, void %land.lhs.true394.i.1, i1 %xor_ln294_1, void %if.else370.i.1, i1 %head_ctx_ref_v_writeback_started_1_1, void %land.lhs.true352.i.1, i1 %head_ctx_ref_v_writeback_started_1_1, void %if.else327.i.1, i1 %head_ctx_ref_v_writeback_started_1_1, void %if.else295.i.1, i1 %head_ctx_ref_v_writeback_started_1_1, void %land.lhs.true277.i.1, i1 %head_ctx_ref_v_writeback_started_1_1, void %if.else252.i.1, i1 %head_ctx_ref_v_writeback_started_1_1, void %if.else219.i.1, i1 %and_ln149_45, void %sw.bb.i.1" [/home/luka/Scripting/ELEC_498-Capstone-LiteLM/HLS-Verilog/Scheduler_FSM/src-hls/Head_Helpers/head_helpers.cpp:396]   --->   Operation 891 'phi' 'head_ctx_ref_v_writeback_started_1_2' <Predicate = (!icmp_ln418_1)> <Delay = 0.00>
ST_1 : Operation 892 [1/1] (0.00ns)   --->   "%head_ctx_ref_requant_q_started_1_2 = phi i1 %head_ctx_ref_requant_q_started_1_1, void %if.else524.i.1, i1 %head_ctx_ref_requant_q_started_1_1, void %if.then515.i.1, i1 %head_ctx_ref_requant_q_started_1_1, void %if.then493.i.1, i1 %head_ctx_ref_requant_q_started_1_1, void %if.then482.i.1, i1 %head_ctx_ref_requant_q_started_1_1, void %if.else469.i.1, i1 %head_ctx_ref_requant_q_started_1_1, void %if.then460.i.1, i1 %head_ctx_ref_requant_q_started_1_1, void %if.else447.i.1, i1 %head_ctx_ref_requant_q_started_1_1, void %if.then438.i.1, i1 %head_ctx_ref_requant_q_started_1_1, void %if.then416.i.1, i1 %head_ctx_ref_requant_q_started_1_1, void %if.then405.i.1, i1 %head_ctx_ref_requant_q_started_1_1, void %if.else392.i.1, i1 1, void %if.then383.i.1, i1 %head_ctx_ref_requant_q_started_1_1, void %if.then363.i.1, i1 %head_ctx_ref_requant_q_started_1_1, void %if.else350.i.1, i1 %head_ctx_ref_requant_q_started_1_1, void %if.then341.i.1, i1 %head_ctx_ref_requant_q_started_1_1, void %if.then319.i.1, i1 %head_ctx_ref_requant_q_started_1_1, void %if.then308.i.1, i1 %head_ctx_ref_requant_q_started_1_1, void %if.then288.i.1, i1 %head_ctx_ref_requant_q_started_1_1, void %if.else275.i.1, i1 %head_ctx_ref_requant_q_started_1_1, void %if.then266.i.1, i1 %head_ctx_ref_requant_q_started_1_1, void %if.then244.i.1, i1 %head_ctx_ref_requant_q_started_1_1, void %if.then233.i.1, i1 %head_ctx_ref_requant_q_started_1_1, void %if.then211.i.1, i1 %head_ctx_ref_requant_q_started_1_1, void %if.then200.i.1, i1 %head_ctx_ref_requant_q_started_1_1, void %land.lhs.true526.i.1, i1 %head_ctx_ref_requant_q_started_1_1, void %if.else501.i.1, i1 %head_ctx_ref_requant_q_started_1_1, void %land.lhs.true471.i.1, i1 %head_ctx_ref_requant_q_started_1_1, void %land.lhs.true449.i.1, i1 %head_ctx_ref_requant_q_started_1_1, void %if.else424.i.1, i1 0, void %land.lhs.true394.i.1, i1 %head_ctx_ref_requant_q_started_1_1, void %if.else370.i.1, i1 %head_ctx_ref_requant_q_started_1_1, void %land.lhs.true352.i.1, i1 %head_ctx_ref_requant_q_started_1_1, void %if.else327.i.1, i1 %head_ctx_ref_requant_q_started_1_1, void %if.else295.i.1, i1 %head_ctx_ref_requant_q_started_1_1, void %land.lhs.true277.i.1, i1 %head_ctx_ref_requant_q_started_1_1, void %if.else252.i.1, i1 %head_ctx_ref_requant_q_started_1_1, void %if.else219.i.1, i1 %and_ln149_46, void %sw.bb.i.1" [/home/luka/Scripting/ELEC_498-Capstone-LiteLM/HLS-Verilog/Scheduler_FSM/src-hls/Head_Helpers/head_helpers.cpp:396]   --->   Operation 892 'phi' 'head_ctx_ref_requant_q_started_1_2' <Predicate = (!icmp_ln418_1)> <Delay = 0.00>
ST_1 : Operation 893 [1/1] (0.00ns)   --->   "%head_ctx_ref_att_scores_started_1_2 = phi i1 %head_ctx_ref_att_scores_started_1_1, void %if.else524.i.1, i1 %head_ctx_ref_att_scores_started_1_1, void %if.then515.i.1, i1 %head_ctx_ref_att_scores_started_1_1, void %if.then493.i.1, i1 %head_ctx_ref_att_scores_started_1_1, void %if.then482.i.1, i1 %head_ctx_ref_att_scores_started_1_1, void %if.else469.i.1, i1 %head_ctx_ref_att_scores_started_1_1, void %if.then460.i.1, i1 %head_ctx_ref_att_scores_started_1_1, void %if.else447.i.1, i1 %head_ctx_ref_att_scores_started_1_1, void %if.then438.i.1, i1 %head_ctx_ref_att_scores_started_1_1, void %if.then416.i.1, i1 1, void %if.then405.i.1, i1 %head_ctx_ref_att_scores_started_1_1, void %if.else392.i.1, i1 %head_ctx_ref_att_scores_started_1_1, void %if.then383.i.1, i1 %head_ctx_ref_att_scores_started_1_1, void %if.then363.i.1, i1 %head_ctx_ref_att_scores_started_1_1, void %if.else350.i.1, i1 %head_ctx_ref_att_scores_started_1_1, void %if.then341.i.1, i1 %head_ctx_ref_att_scores_started_1_1, void %if.then319.i.1, i1 %head_ctx_ref_att_scores_started_1_1, void %if.then308.i.1, i1 %head_ctx_ref_att_scores_started_1_1, void %if.then288.i.1, i1 %head_ctx_ref_att_scores_started_1_1, void %if.else275.i.1, i1 %head_ctx_ref_att_scores_started_1_1, void %if.then266.i.1, i1 %head_ctx_ref_att_scores_started_1_1, void %if.then244.i.1, i1 %head_ctx_ref_att_scores_started_1_1, void %if.then233.i.1, i1 %head_ctx_ref_att_scores_started_1_1, void %if.then211.i.1, i1 %head_ctx_ref_att_scores_started_1_1, void %if.then200.i.1, i1 %head_ctx_ref_att_scores_started_1_1, void %land.lhs.true526.i.1, i1 %head_ctx_ref_att_scores_started_1_1, void %if.else501.i.1, i1 %head_ctx_ref_att_scores_started_1_1, void %land.lhs.true471.i.1, i1 %head_ctx_ref_att_scores_started_1_1, void %land.lhs.true449.i.1, i1 %xor_ln324_1, void %if.else424.i.1, i1 %head_ctx_ref_att_scores_started_1_1, void %land.lhs.true394.i.1, i1 %head_ctx_ref_att_scores_started_1_1, void %if.else370.i.1, i1 %head_ctx_ref_att_scores_started_1_1, void %land.lhs.true352.i.1, i1 %head_ctx_ref_att_scores_started_1_1, void %if.else327.i.1, i1 %head_ctx_ref_att_scores_started_1_1, void %if.else295.i.1, i1 %head_ctx_ref_att_scores_started_1_1, void %land.lhs.true277.i.1, i1 %head_ctx_ref_att_scores_started_1_1, void %if.else252.i.1, i1 %head_ctx_ref_att_scores_started_1_1, void %if.else219.i.1, i1 %and_ln149_47, void %sw.bb.i.1" [/home/luka/Scripting/ELEC_498-Capstone-LiteLM/HLS-Verilog/Scheduler_FSM/src-hls/Head_Helpers/head_helpers.cpp:396]   --->   Operation 893 'phi' 'head_ctx_ref_att_scores_started_1_2' <Predicate = (!icmp_ln418_1)> <Delay = 0.00>
ST_1 : Operation 894 [1/1] (0.00ns)   --->   "%head_ctx_ref_val_scale_started_1_2 = phi i1 %head_ctx_ref_val_scale_started_1_1, void %if.else524.i.1, i1 %head_ctx_ref_val_scale_started_1_1, void %if.then515.i.1, i1 %head_ctx_ref_val_scale_started_1_1, void %if.then493.i.1, i1 %head_ctx_ref_val_scale_started_1_1, void %if.then482.i.1, i1 %head_ctx_ref_val_scale_started_1_1, void %if.else469.i.1, i1 %head_ctx_ref_val_scale_started_1_1, void %if.then460.i.1, i1 %head_ctx_ref_val_scale_started_1_1, void %if.else447.i.1, i1 1, void %if.then438.i.1, i1 %head_ctx_ref_val_scale_started_1_1, void %if.then416.i.1, i1 %head_ctx_ref_val_scale_started_1_1, void %if.then405.i.1, i1 %head_ctx_ref_val_scale_started_1_1, void %if.else392.i.1, i1 %head_ctx_ref_val_scale_started_1_1, void %if.then383.i.1, i1 %head_ctx_ref_val_scale_started_1_1, void %if.then363.i.1, i1 %head_ctx_ref_val_scale_started_1_1, void %if.else350.i.1, i1 %head_ctx_ref_val_scale_started_1_1, void %if.then341.i.1, i1 %head_ctx_ref_val_scale_started_1_1, void %if.then319.i.1, i1 %head_ctx_ref_val_scale_started_1_1, void %if.then308.i.1, i1 %head_ctx_ref_val_scale_started_1_1, void %if.then288.i.1, i1 %head_ctx_ref_val_scale_started_1_1, void %if.else275.i.1, i1 %head_ctx_ref_val_scale_started_1_1, void %if.then266.i.1, i1 %head_ctx_ref_val_scale_started_1_1, void %if.then244.i.1, i1 %head_ctx_ref_val_scale_started_1_1, void %if.then233.i.1, i1 %head_ctx_ref_val_scale_started_1_1, void %if.then211.i.1, i1 %head_ctx_ref_val_scale_started_1_1, void %if.then200.i.1, i1 %head_ctx_ref_val_scale_started_1_1, void %land.lhs.true526.i.1, i1 %head_ctx_ref_val_scale_started_1_1, void %if.else501.i.1, i1 %head_ctx_ref_val_scale_started_1_1, void %land.lhs.true471.i.1, i1 0, void %land.lhs.true449.i.1, i1 %head_ctx_ref_val_scale_started_1_1, void %if.else424.i.1, i1 %head_ctx_ref_val_scale_started_1_1, void %land.lhs.true394.i.1, i1 %head_ctx_ref_val_scale_started_1_1, void %if.else370.i.1, i1 %head_ctx_ref_val_scale_started_1_1, void %land.lhs.true352.i.1, i1 %head_ctx_ref_val_scale_started_1_1, void %if.else327.i.1, i1 %head_ctx_ref_val_scale_started_1_1, void %if.else295.i.1, i1 %head_ctx_ref_val_scale_started_1_1, void %land.lhs.true277.i.1, i1 %head_ctx_ref_val_scale_started_1_1, void %if.else252.i.1, i1 %head_ctx_ref_val_scale_started_1_1, void %if.else219.i.1, i1 %and_ln149_48, void %sw.bb.i.1" [/home/luka/Scripting/ELEC_498-Capstone-LiteLM/HLS-Verilog/Scheduler_FSM/src-hls/Head_Helpers/head_helpers.cpp:396]   --->   Operation 894 'phi' 'head_ctx_ref_val_scale_started_1_2' <Predicate = (!icmp_ln418_1)> <Delay = 0.00>
ST_1 : Operation 895 [1/1] (0.00ns)   --->   "%head_ctx_ref_softmax_started_1_2 = phi i1 %head_ctx_ref_softmax_started_1_1, void %if.else524.i.1, i1 %head_ctx_ref_softmax_started_1_1, void %if.then515.i.1, i1 %head_ctx_ref_softmax_started_1_1, void %if.then493.i.1, i1 %head_ctx_ref_softmax_started_1_1, void %if.then482.i.1, i1 %head_ctx_ref_softmax_started_1_1, void %if.else469.i.1, i1 1, void %if.then460.i.1, i1 %head_ctx_ref_softmax_started_1_1, void %if.else447.i.1, i1 %head_ctx_ref_softmax_started_1_1, void %if.then438.i.1, i1 %head_ctx_ref_softmax_started_1_1, void %if.then416.i.1, i1 %head_ctx_ref_softmax_started_1_1, void %if.then405.i.1, i1 %head_ctx_ref_softmax_started_1_1, void %if.else392.i.1, i1 %head_ctx_ref_softmax_started_1_1, void %if.then383.i.1, i1 %head_ctx_ref_softmax_started_1_1, void %if.then363.i.1, i1 %head_ctx_ref_softmax_started_1_1, void %if.else350.i.1, i1 %head_ctx_ref_softmax_started_1_1, void %if.then341.i.1, i1 %head_ctx_ref_softmax_started_1_1, void %if.then319.i.1, i1 %head_ctx_ref_softmax_started_1_1, void %if.then308.i.1, i1 %head_ctx_ref_softmax_started_1_1, void %if.then288.i.1, i1 %head_ctx_ref_softmax_started_1_1, void %if.else275.i.1, i1 %head_ctx_ref_softmax_started_1_1, void %if.then266.i.1, i1 %head_ctx_ref_softmax_started_1_1, void %if.then244.i.1, i1 %head_ctx_ref_softmax_started_1_1, void %if.then233.i.1, i1 %head_ctx_ref_softmax_started_1_1, void %if.then211.i.1, i1 %head_ctx_ref_softmax_started_1_1, void %if.then200.i.1, i1 %head_ctx_ref_softmax_started_1_1, void %land.lhs.true526.i.1, i1 %head_ctx_ref_softmax_started_1_1, void %if.else501.i.1, i1 0, void %land.lhs.true471.i.1, i1 %head_ctx_ref_softmax_started_1_1, void %land.lhs.true449.i.1, i1 %head_ctx_ref_softmax_started_1_1, void %if.else424.i.1, i1 %head_ctx_ref_softmax_started_1_1, void %land.lhs.true394.i.1, i1 %head_ctx_ref_softmax_started_1_1, void %if.else370.i.1, i1 %head_ctx_ref_softmax_started_1_1, void %land.lhs.true352.i.1, i1 %head_ctx_ref_softmax_started_1_1, void %if.else327.i.1, i1 %head_ctx_ref_softmax_started_1_1, void %if.else295.i.1, i1 %head_ctx_ref_softmax_started_1_1, void %land.lhs.true277.i.1, i1 %head_ctx_ref_softmax_started_1_1, void %if.else252.i.1, i1 %head_ctx_ref_softmax_started_1_1, void %if.else219.i.1, i1 %and_ln149_49, void %sw.bb.i.1" [/home/luka/Scripting/ELEC_498-Capstone-LiteLM/HLS-Verilog/Scheduler_FSM/src-hls/Head_Helpers/head_helpers.cpp:396]   --->   Operation 895 'phi' 'head_ctx_ref_softmax_started_1_2' <Predicate = (!icmp_ln418_1)> <Delay = 0.00>
ST_1 : Operation 896 [1/1] (0.00ns)   --->   "%head_ctx_ref_att_value_started_1_2 = phi i1 %head_ctx_ref_att_value_started_1_1, void %if.else524.i.1, i1 %head_ctx_ref_att_value_started_1_1, void %if.then515.i.1, i1 %head_ctx_ref_att_value_started_1_1, void %if.then493.i.1, i1 1, void %if.then482.i.1, i1 %head_ctx_ref_att_value_started_1_1, void %if.else469.i.1, i1 %head_ctx_ref_att_value_started_1_1, void %if.then460.i.1, i1 %head_ctx_ref_att_value_started_1_1, void %if.else447.i.1, i1 %head_ctx_ref_att_value_started_1_1, void %if.then438.i.1, i1 %head_ctx_ref_att_value_started_1_1, void %if.then416.i.1, i1 %head_ctx_ref_att_value_started_1_1, void %if.then405.i.1, i1 %head_ctx_ref_att_value_started_1_1, void %if.else392.i.1, i1 %head_ctx_ref_att_value_started_1_1, void %if.then383.i.1, i1 %head_ctx_ref_att_value_started_1_1, void %if.then363.i.1, i1 %head_ctx_ref_att_value_started_1_1, void %if.else350.i.1, i1 %head_ctx_ref_att_value_started_1_1, void %if.then341.i.1, i1 %head_ctx_ref_att_value_started_1_1, void %if.then319.i.1, i1 %head_ctx_ref_att_value_started_1_1, void %if.then308.i.1, i1 %head_ctx_ref_att_value_started_1_1, void %if.then288.i.1, i1 %head_ctx_ref_att_value_started_1_1, void %if.else275.i.1, i1 %head_ctx_ref_att_value_started_1_1, void %if.then266.i.1, i1 %head_ctx_ref_att_value_started_1_1, void %if.then244.i.1, i1 %head_ctx_ref_att_value_started_1_1, void %if.then233.i.1, i1 %head_ctx_ref_att_value_started_1_1, void %if.then211.i.1, i1 %head_ctx_ref_att_value_started_1_1, void %if.then200.i.1, i1 %head_ctx_ref_att_value_started_1_1, void %land.lhs.true526.i.1, i1 %xor_ln366_1, void %if.else501.i.1, i1 %head_ctx_ref_att_value_started_1_1, void %land.lhs.true471.i.1, i1 %head_ctx_ref_att_value_started_1_1, void %land.lhs.true449.i.1, i1 %head_ctx_ref_att_value_started_1_1, void %if.else424.i.1, i1 %head_ctx_ref_att_value_started_1_1, void %land.lhs.true394.i.1, i1 %head_ctx_ref_att_value_started_1_1, void %if.else370.i.1, i1 %head_ctx_ref_att_value_started_1_1, void %land.lhs.true352.i.1, i1 %head_ctx_ref_att_value_started_1_1, void %if.else327.i.1, i1 %head_ctx_ref_att_value_started_1_1, void %if.else295.i.1, i1 %head_ctx_ref_att_value_started_1_1, void %land.lhs.true277.i.1, i1 %head_ctx_ref_att_value_started_1_1, void %if.else252.i.1, i1 %head_ctx_ref_att_value_started_1_1, void %if.else219.i.1, i1 %and_ln149_50, void %sw.bb.i.1" [/home/luka/Scripting/ELEC_498-Capstone-LiteLM/HLS-Verilog/Scheduler_FSM/src-hls/Head_Helpers/head_helpers.cpp:396]   --->   Operation 896 'phi' 'head_ctx_ref_att_value_started_1_2' <Predicate = (!icmp_ln418_1)> <Delay = 0.00>
ST_1 : Operation 897 [1/1] (0.00ns)   --->   "%head_ctx_ref_head_requant_started_1_2 = phi i1 %head_ctx_ref_head_requant_started_1_1, void %if.else524.i.1, i1 1, void %if.then515.i.1, i1 %head_ctx_ref_head_requant_started_1_1, void %if.then493.i.1, i1 %head_ctx_ref_head_requant_started_1_1, void %if.then482.i.1, i1 %head_ctx_ref_head_requant_started_1_1, void %if.else469.i.1, i1 %head_ctx_ref_head_requant_started_1_1, void %if.then460.i.1, i1 %head_ctx_ref_head_requant_started_1_1, void %if.else447.i.1, i1 %head_ctx_ref_head_requant_started_1_1, void %if.then438.i.1, i1 %head_ctx_ref_head_requant_started_1_1, void %if.then416.i.1, i1 %head_ctx_ref_head_requant_started_1_1, void %if.then405.i.1, i1 %head_ctx_ref_head_requant_started_1_1, void %if.else392.i.1, i1 %head_ctx_ref_head_requant_started_1_1, void %if.then383.i.1, i1 %head_ctx_ref_head_requant_started_1_1, void %if.then363.i.1, i1 %head_ctx_ref_head_requant_started_1_1, void %if.else350.i.1, i1 %head_ctx_ref_head_requant_started_1_1, void %if.then341.i.1, i1 %head_ctx_ref_head_requant_started_1_1, void %if.then319.i.1, i1 %head_ctx_ref_head_requant_started_1_1, void %if.then308.i.1, i1 %head_ctx_ref_head_requant_started_1_1, void %if.then288.i.1, i1 %head_ctx_ref_head_requant_started_1_1, void %if.else275.i.1, i1 %head_ctx_ref_head_requant_started_1_1, void %if.then266.i.1, i1 %head_ctx_ref_head_requant_started_1_1, void %if.then244.i.1, i1 %head_ctx_ref_head_requant_started_1_1, void %if.then233.i.1, i1 %head_ctx_ref_head_requant_started_1_1, void %if.then211.i.1, i1 %head_ctx_ref_head_requant_started_1_1, void %if.then200.i.1, i1 0, void %land.lhs.true526.i.1, i1 %head_ctx_ref_head_requant_started_1_1, void %if.else501.i.1, i1 %head_ctx_ref_head_requant_started_1_1, void %land.lhs.true471.i.1, i1 %head_ctx_ref_head_requant_started_1_1, void %land.lhs.true449.i.1, i1 %head_ctx_ref_head_requant_started_1_1, void %if.else424.i.1, i1 %head_ctx_ref_head_requant_started_1_1, void %land.lhs.true394.i.1, i1 %head_ctx_ref_head_requant_started_1_1, void %if.else370.i.1, i1 %head_ctx_ref_head_requant_started_1_1, void %land.lhs.true352.i.1, i1 %head_ctx_ref_head_requant_started_1_1, void %if.else327.i.1, i1 %head_ctx_ref_head_requant_started_1_1, void %if.else295.i.1, i1 %head_ctx_ref_head_requant_started_1_1, void %land.lhs.true277.i.1, i1 %head_ctx_ref_head_requant_started_1_1, void %if.else252.i.1, i1 %head_ctx_ref_head_requant_started_1_1, void %if.else219.i.1, i1 %and_ln149_51, void %sw.bb.i.1" [/home/luka/Scripting/ELEC_498-Capstone-LiteLM/HLS-Verilog/Scheduler_FSM/src-hls/Head_Helpers/head_helpers.cpp:396]   --->   Operation 897 'phi' 'head_ctx_ref_head_requant_started_1_2' <Predicate = (!icmp_ln418_1)> <Delay = 0.00>
ST_1 : Operation 898 [1/1] (0.00ns)   --->   "%head_ctx_ref_q_compute_done_1_4 = phi i1 %head_ctx_ref_q_compute_done_1_3, void %if.else524.i.1, i1 %head_ctx_ref_q_compute_done_1_3, void %if.then515.i.1, i1 %head_ctx_ref_q_compute_done_1_3, void %if.then493.i.1, i1 %head_ctx_ref_q_compute_done_1_3, void %if.then482.i.1, i1 %head_ctx_ref_q_compute_done_1_3, void %if.else469.i.1, i1 %head_ctx_ref_q_compute_done_1_3, void %if.then460.i.1, i1 %head_ctx_ref_q_compute_done_1_3, void %if.else447.i.1, i1 %head_ctx_ref_q_compute_done_1_3, void %if.then438.i.1, i1 %head_ctx_ref_q_compute_done_1_3, void %if.then416.i.1, i1 %head_ctx_ref_q_compute_done_1_3, void %if.then405.i.1, i1 %head_ctx_ref_q_compute_done_1_3, void %if.else392.i.1, i1 %head_ctx_ref_q_compute_done_1_3, void %if.then383.i.1, i1 %head_ctx_ref_q_compute_done_1_3, void %if.then363.i.1, i1 %head_ctx_ref_q_compute_done_1_3, void %if.else350.i.1, i1 %head_ctx_ref_q_compute_done_1_3, void %if.then341.i.1, i1 %head_ctx_ref_q_compute_done_1_3, void %if.then319.i.1, i1 %head_ctx_ref_q_compute_done_1_3, void %if.then308.i.1, i1 %head_ctx_ref_q_compute_done_1_3, void %if.then288.i.1, i1 %head_ctx_ref_q_compute_done_1_3, void %if.else275.i.1, i1 %head_ctx_ref_q_compute_done_1_3, void %if.then266.i.1, i1 %head_ctx_ref_q_compute_done_1_3, void %if.then244.i.1, i1 %head_ctx_ref_q_compute_done_1_3, void %if.then233.i.1, i1 %head_ctx_ref_q_compute_done_1_3, void %if.then211.i.1, i1 %head_ctx_ref_q_compute_done_1_3, void %if.then200.i.1, i1 %head_ctx_ref_q_compute_done_1_3, void %land.lhs.true526.i.1, i1 %head_ctx_ref_q_compute_done_1_3, void %if.else501.i.1, i1 %head_ctx_ref_q_compute_done_1_3, void %land.lhs.true471.i.1, i1 %head_ctx_ref_q_compute_done_1_3, void %land.lhs.true449.i.1, i1 %head_ctx_ref_q_compute_done_1_3, void %if.else424.i.1, i1 %head_ctx_ref_q_compute_done_1_3, void %land.lhs.true394.i.1, i1 %head_ctx_ref_q_compute_done_1_3, void %if.else370.i.1, i1 %head_ctx_ref_q_compute_done_1_3, void %land.lhs.true352.i.1, i1 %head_ctx_ref_q_compute_done_1_3, void %if.else327.i.1, i1 %head_ctx_ref_q_compute_done_1_3, void %if.else295.i.1, i1 %head_ctx_ref_q_compute_done_1_3, void %land.lhs.true277.i.1, i1 %head_ctx_ref_q_compute_done_1_3, void %if.else252.i.1, i1 %head_ctx_ref_q_compute_done_1_3, void %if.else219.i.1, i1 %and_ln149_52, void %sw.bb.i.1" [/home/luka/Scripting/ELEC_498-Capstone-LiteLM/HLS-Verilog/Scheduler_FSM/src-hls/Head_Helpers/head_helpers.cpp:396]   --->   Operation 898 'phi' 'head_ctx_ref_q_compute_done_1_4' <Predicate = (!icmp_ln418_1)> <Delay = 0.00>
ST_1 : Operation 899 [1/1] (0.00ns)   --->   "%head_ctx_ref_k_compute_done_1_4 = phi i1 %head_ctx_ref_k_compute_done_1_3, void %if.else524.i.1, i1 %head_ctx_ref_k_compute_done_1_3, void %if.then515.i.1, i1 %head_ctx_ref_k_compute_done_1_3, void %if.then493.i.1, i1 %head_ctx_ref_k_compute_done_1_3, void %if.then482.i.1, i1 %head_ctx_ref_k_compute_done_1_3, void %if.else469.i.1, i1 %head_ctx_ref_k_compute_done_1_3, void %if.then460.i.1, i1 %head_ctx_ref_k_compute_done_1_3, void %if.else447.i.1, i1 %head_ctx_ref_k_compute_done_1_3, void %if.then438.i.1, i1 %head_ctx_ref_k_compute_done_1_3, void %if.then416.i.1, i1 %head_ctx_ref_k_compute_done_1_3, void %if.then405.i.1, i1 %head_ctx_ref_k_compute_done_1_3, void %if.else392.i.1, i1 %head_ctx_ref_k_compute_done_1_3, void %if.then383.i.1, i1 %head_ctx_ref_k_compute_done_1_3, void %if.then363.i.1, i1 %head_ctx_ref_k_compute_done_1_3, void %if.else350.i.1, i1 %head_ctx_ref_k_compute_done_1_3, void %if.then341.i.1, i1 %head_ctx_ref_k_compute_done_1_3, void %if.then319.i.1, i1 %head_ctx_ref_k_compute_done_1_3, void %if.then308.i.1, i1 %head_ctx_ref_k_compute_done_1_3, void %if.then288.i.1, i1 %head_ctx_ref_k_compute_done_1_3, void %if.else275.i.1, i1 %head_ctx_ref_k_compute_done_1_3, void %if.then266.i.1, i1 %head_ctx_ref_k_compute_done_1_3, void %if.then244.i.1, i1 %head_ctx_ref_k_compute_done_1_3, void %if.then233.i.1, i1 %head_ctx_ref_k_compute_done_1_3, void %if.then211.i.1, i1 %head_ctx_ref_k_compute_done_1_3, void %if.then200.i.1, i1 %head_ctx_ref_k_compute_done_1_3, void %land.lhs.true526.i.1, i1 %head_ctx_ref_k_compute_done_1_3, void %if.else501.i.1, i1 %head_ctx_ref_k_compute_done_1_3, void %land.lhs.true471.i.1, i1 %head_ctx_ref_k_compute_done_1_3, void %land.lhs.true449.i.1, i1 %head_ctx_ref_k_compute_done_1_3, void %if.else424.i.1, i1 %head_ctx_ref_k_compute_done_1_3, void %land.lhs.true394.i.1, i1 %head_ctx_ref_k_compute_done_1_3, void %if.else370.i.1, i1 %head_ctx_ref_k_compute_done_1_3, void %land.lhs.true352.i.1, i1 %head_ctx_ref_k_compute_done_1_3, void %if.else327.i.1, i1 %head_ctx_ref_k_compute_done_1_3, void %if.else295.i.1, i1 %head_ctx_ref_k_compute_done_1_3, void %land.lhs.true277.i.1, i1 %head_ctx_ref_k_compute_done_1_3, void %if.else252.i.1, i1 %head_ctx_ref_k_compute_done_1_3, void %if.else219.i.1, i1 %and_ln149_53, void %sw.bb.i.1" [/home/luka/Scripting/ELEC_498-Capstone-LiteLM/HLS-Verilog/Scheduler_FSM/src-hls/Head_Helpers/head_helpers.cpp:396]   --->   Operation 899 'phi' 'head_ctx_ref_k_compute_done_1_4' <Predicate = (!icmp_ln418_1)> <Delay = 0.00>
ST_1 : Operation 900 [1/1] (0.00ns)   --->   "%head_ctx_ref_k_requant_compute_done_1_4 = phi i1 %head_ctx_ref_k_requant_compute_done_1_3, void %if.else524.i.1, i1 %head_ctx_ref_k_requant_compute_done_1_3, void %if.then515.i.1, i1 %head_ctx_ref_k_requant_compute_done_1_3, void %if.then493.i.1, i1 %head_ctx_ref_k_requant_compute_done_1_3, void %if.then482.i.1, i1 %head_ctx_ref_k_requant_compute_done_1_3, void %if.else469.i.1, i1 %head_ctx_ref_k_requant_compute_done_1_3, void %if.then460.i.1, i1 %head_ctx_ref_k_requant_compute_done_1_3, void %if.else447.i.1, i1 %head_ctx_ref_k_requant_compute_done_1_3, void %if.then438.i.1, i1 %head_ctx_ref_k_requant_compute_done_1_3, void %if.then416.i.1, i1 %head_ctx_ref_k_requant_compute_done_1_3, void %if.then405.i.1, i1 %head_ctx_ref_k_requant_compute_done_1_3, void %if.else392.i.1, i1 %head_ctx_ref_k_requant_compute_done_1_3, void %if.then383.i.1, i1 %head_ctx_ref_k_requant_compute_done_1_3, void %if.then363.i.1, i1 %head_ctx_ref_k_requant_compute_done_1_3, void %if.else350.i.1, i1 %head_ctx_ref_k_requant_compute_done_1_3, void %if.then341.i.1, i1 %head_ctx_ref_k_requant_compute_done_1_3, void %if.then319.i.1, i1 %head_ctx_ref_k_requant_compute_done_1_3, void %if.then308.i.1, i1 %head_ctx_ref_k_requant_compute_done_1_3, void %if.then288.i.1, i1 %head_ctx_ref_k_requant_compute_done_1_3, void %if.else275.i.1, i1 %head_ctx_ref_k_requant_compute_done_1_3, void %if.then266.i.1, i1 %head_ctx_ref_k_requant_compute_done_1_3, void %if.then244.i.1, i1 %head_ctx_ref_k_requant_compute_done_1_3, void %if.then233.i.1, i1 %head_ctx_ref_k_requant_compute_done_1_3, void %if.then211.i.1, i1 %head_ctx_ref_k_requant_compute_done_1_3, void %if.then200.i.1, i1 %head_ctx_ref_k_requant_compute_done_1_3, void %land.lhs.true526.i.1, i1 %head_ctx_ref_k_requant_compute_done_1_3, void %if.else501.i.1, i1 %head_ctx_ref_k_requant_compute_done_1_3, void %land.lhs.true471.i.1, i1 %head_ctx_ref_k_requant_compute_done_1_3, void %land.lhs.true449.i.1, i1 %head_ctx_ref_k_requant_compute_done_1_3, void %if.else424.i.1, i1 %head_ctx_ref_k_requant_compute_done_1_3, void %land.lhs.true394.i.1, i1 %head_ctx_ref_k_requant_compute_done_1_3, void %if.else370.i.1, i1 %head_ctx_ref_k_requant_compute_done_1_3, void %land.lhs.true352.i.1, i1 %head_ctx_ref_k_requant_compute_done_1_3, void %if.else327.i.1, i1 %head_ctx_ref_k_requant_compute_done_1_3, void %if.else295.i.1, i1 1, void %land.lhs.true277.i.1, i1 %head_ctx_ref_k_requant_compute_done_1_3, void %if.else252.i.1, i1 %head_ctx_ref_k_requant_compute_done_1_3, void %if.else219.i.1, i1 %and_ln149_54, void %sw.bb.i.1" [/home/luka/Scripting/ELEC_498-Capstone-LiteLM/HLS-Verilog/Scheduler_FSM/src-hls/Head_Helpers/head_helpers.cpp:396]   --->   Operation 900 'phi' 'head_ctx_ref_k_requant_compute_done_1_4' <Predicate = (!icmp_ln418_1)> <Delay = 0.00>
ST_1 : Operation 901 [1/1] (0.00ns)   --->   "%head_ctx_ref_v_compute_done_1_4 = phi i1 %head_ctx_ref_v_compute_done_1_3, void %if.else524.i.1, i1 %head_ctx_ref_v_compute_done_1_3, void %if.then515.i.1, i1 %head_ctx_ref_v_compute_done_1_3, void %if.then493.i.1, i1 %head_ctx_ref_v_compute_done_1_3, void %if.then482.i.1, i1 %head_ctx_ref_v_compute_done_1_3, void %if.else469.i.1, i1 %head_ctx_ref_v_compute_done_1_3, void %if.then460.i.1, i1 %head_ctx_ref_v_compute_done_1_3, void %if.else447.i.1, i1 %head_ctx_ref_v_compute_done_1_3, void %if.then438.i.1, i1 %head_ctx_ref_v_compute_done_1_3, void %if.then416.i.1, i1 %head_ctx_ref_v_compute_done_1_3, void %if.then405.i.1, i1 %head_ctx_ref_v_compute_done_1_3, void %if.else392.i.1, i1 %head_ctx_ref_v_compute_done_1_3, void %if.then383.i.1, i1 %head_ctx_ref_v_compute_done_1_3, void %if.then363.i.1, i1 %head_ctx_ref_v_compute_done_1_3, void %if.else350.i.1, i1 %head_ctx_ref_v_compute_done_1_3, void %if.then341.i.1, i1 %head_ctx_ref_v_compute_done_1_3, void %if.then319.i.1, i1 %head_ctx_ref_v_compute_done_1_3, void %if.then308.i.1, i1 %head_ctx_ref_v_compute_done_1_3, void %if.then288.i.1, i1 %head_ctx_ref_v_compute_done_1_3, void %if.else275.i.1, i1 %head_ctx_ref_v_compute_done_1_3, void %if.then266.i.1, i1 %head_ctx_ref_v_compute_done_1_3, void %if.then244.i.1, i1 %head_ctx_ref_v_compute_done_1_3, void %if.then233.i.1, i1 %head_ctx_ref_v_compute_done_1_3, void %if.then211.i.1, i1 %head_ctx_ref_v_compute_done_1_3, void %if.then200.i.1, i1 %head_ctx_ref_v_compute_done_1_3, void %land.lhs.true526.i.1, i1 %head_ctx_ref_v_compute_done_1_3, void %if.else501.i.1, i1 %head_ctx_ref_v_compute_done_1_3, void %land.lhs.true471.i.1, i1 %head_ctx_ref_v_compute_done_1_3, void %land.lhs.true449.i.1, i1 %head_ctx_ref_v_compute_done_1_3, void %if.else424.i.1, i1 %head_ctx_ref_v_compute_done_1_3, void %land.lhs.true394.i.1, i1 %head_ctx_ref_v_compute_done_1_3, void %if.else370.i.1, i1 %head_ctx_ref_v_compute_done_1_3, void %land.lhs.true352.i.1, i1 %head_ctx_ref_v_compute_done_1_3, void %if.else327.i.1, i1 %head_ctx_ref_v_compute_done_1_3, void %if.else295.i.1, i1 %head_ctx_ref_v_compute_done_1_3, void %land.lhs.true277.i.1, i1 %head_ctx_ref_v_compute_done_1_3, void %if.else252.i.1, i1 %head_ctx_ref_v_compute_done_1_3, void %if.else219.i.1, i1 %and_ln149_55, void %sw.bb.i.1" [/home/luka/Scripting/ELEC_498-Capstone-LiteLM/HLS-Verilog/Scheduler_FSM/src-hls/Head_Helpers/head_helpers.cpp:396]   --->   Operation 901 'phi' 'head_ctx_ref_v_compute_done_1_4' <Predicate = (!icmp_ln418_1)> <Delay = 0.00>
ST_1 : Operation 902 [1/1] (0.00ns)   --->   "%head_ctx_ref_v_requant_compute_done_1_4 = phi i1 %head_ctx_ref_v_requant_compute_done_1_3, void %if.else524.i.1, i1 %head_ctx_ref_v_requant_compute_done_1_3, void %if.then515.i.1, i1 %head_ctx_ref_v_requant_compute_done_1_3, void %if.then493.i.1, i1 %head_ctx_ref_v_requant_compute_done_1_3, void %if.then482.i.1, i1 %head_ctx_ref_v_requant_compute_done_1_3, void %if.else469.i.1, i1 %head_ctx_ref_v_requant_compute_done_1_3, void %if.then460.i.1, i1 %head_ctx_ref_v_requant_compute_done_1_3, void %if.else447.i.1, i1 %head_ctx_ref_v_requant_compute_done_1_3, void %if.then438.i.1, i1 %head_ctx_ref_v_requant_compute_done_1_3, void %if.then416.i.1, i1 %head_ctx_ref_v_requant_compute_done_1_3, void %if.then405.i.1, i1 %head_ctx_ref_v_requant_compute_done_1_3, void %if.else392.i.1, i1 %head_ctx_ref_v_requant_compute_done_1_3, void %if.then383.i.1, i1 %head_ctx_ref_v_requant_compute_done_1_3, void %if.then363.i.1, i1 %head_ctx_ref_v_requant_compute_done_1_3, void %if.else350.i.1, i1 %head_ctx_ref_v_requant_compute_done_1_3, void %if.then341.i.1, i1 %head_ctx_ref_v_requant_compute_done_1_3, void %if.then319.i.1, i1 %head_ctx_ref_v_requant_compute_done_1_3, void %if.then308.i.1, i1 %head_ctx_ref_v_requant_compute_done_1_3, void %if.then288.i.1, i1 %head_ctx_ref_v_requant_compute_done_1_3, void %if.else275.i.1, i1 %head_ctx_ref_v_requant_compute_done_1_3, void %if.then266.i.1, i1 %head_ctx_ref_v_requant_compute_done_1_3, void %if.then244.i.1, i1 %head_ctx_ref_v_requant_compute_done_1_3, void %if.then233.i.1, i1 %head_ctx_ref_v_requant_compute_done_1_3, void %if.then211.i.1, i1 %head_ctx_ref_v_requant_compute_done_1_3, void %if.then200.i.1, i1 %head_ctx_ref_v_requant_compute_done_1_3, void %land.lhs.true526.i.1, i1 %head_ctx_ref_v_requant_compute_done_1_3, void %if.else501.i.1, i1 %head_ctx_ref_v_requant_compute_done_1_3, void %land.lhs.true471.i.1, i1 %head_ctx_ref_v_requant_compute_done_1_3, void %land.lhs.true449.i.1, i1 %head_ctx_ref_v_requant_compute_done_1_3, void %if.else424.i.1, i1 %head_ctx_ref_v_requant_compute_done_1_3, void %land.lhs.true394.i.1, i1 %head_ctx_ref_v_requant_compute_done_1_3, void %if.else370.i.1, i1 1, void %land.lhs.true352.i.1, i1 %head_ctx_ref_v_requant_compute_done_1_3, void %if.else327.i.1, i1 %head_ctx_ref_v_requant_compute_done_1_3, void %if.else295.i.1, i1 %head_ctx_ref_v_requant_compute_done_1_3, void %land.lhs.true277.i.1, i1 %head_ctx_ref_v_requant_compute_done_1_3, void %if.else252.i.1, i1 %head_ctx_ref_v_requant_compute_done_1_3, void %if.else219.i.1, i1 %and_ln149_56, void %sw.bb.i.1" [/home/luka/Scripting/ELEC_498-Capstone-LiteLM/HLS-Verilog/Scheduler_FSM/src-hls/Head_Helpers/head_helpers.cpp:396]   --->   Operation 902 'phi' 'head_ctx_ref_v_requant_compute_done_1_4' <Predicate = (!icmp_ln418_1)> <Delay = 0.00>
ST_1 : Operation 903 [1/1] (0.00ns)   --->   "%head_ctx_ref_requant_q_compute_done_1_4 = phi i1 %head_ctx_ref_requant_q_compute_done_1_3, void %if.else524.i.1, i1 %head_ctx_ref_requant_q_compute_done_1_3, void %if.then515.i.1, i1 %head_ctx_ref_requant_q_compute_done_1_3, void %if.then493.i.1, i1 %head_ctx_ref_requant_q_compute_done_1_3, void %if.then482.i.1, i1 %head_ctx_ref_requant_q_compute_done_1_3, void %if.else469.i.1, i1 %head_ctx_ref_requant_q_compute_done_1_3, void %if.then460.i.1, i1 %head_ctx_ref_requant_q_compute_done_1_3, void %if.else447.i.1, i1 %head_ctx_ref_requant_q_compute_done_1_3, void %if.then438.i.1, i1 %head_ctx_ref_requant_q_compute_done_1_3, void %if.then416.i.1, i1 %head_ctx_ref_requant_q_compute_done_1_3, void %if.then405.i.1, i1 %head_ctx_ref_requant_q_compute_done_1_3, void %if.else392.i.1, i1 %head_ctx_ref_requant_q_compute_done_1_3, void %if.then383.i.1, i1 %head_ctx_ref_requant_q_compute_done_1_3, void %if.then363.i.1, i1 %head_ctx_ref_requant_q_compute_done_1_3, void %if.else350.i.1, i1 %head_ctx_ref_requant_q_compute_done_1_3, void %if.then341.i.1, i1 %head_ctx_ref_requant_q_compute_done_1_3, void %if.then319.i.1, i1 %head_ctx_ref_requant_q_compute_done_1_3, void %if.then308.i.1, i1 %head_ctx_ref_requant_q_compute_done_1_3, void %if.then288.i.1, i1 %head_ctx_ref_requant_q_compute_done_1_3, void %if.else275.i.1, i1 %head_ctx_ref_requant_q_compute_done_1_3, void %if.then266.i.1, i1 %head_ctx_ref_requant_q_compute_done_1_3, void %if.then244.i.1, i1 %head_ctx_ref_requant_q_compute_done_1_3, void %if.then233.i.1, i1 %head_ctx_ref_requant_q_compute_done_1_3, void %if.then211.i.1, i1 %head_ctx_ref_requant_q_compute_done_1_3, void %if.then200.i.1, i1 %head_ctx_ref_requant_q_compute_done_1_3, void %land.lhs.true526.i.1, i1 %head_ctx_ref_requant_q_compute_done_1_3, void %if.else501.i.1, i1 %head_ctx_ref_requant_q_compute_done_1_3, void %land.lhs.true471.i.1, i1 %head_ctx_ref_requant_q_compute_done_1_3, void %land.lhs.true449.i.1, i1 %head_ctx_ref_requant_q_compute_done_1_3, void %if.else424.i.1, i1 1, void %land.lhs.true394.i.1, i1 %head_ctx_ref_requant_q_compute_done_1_3, void %if.else370.i.1, i1 %head_ctx_ref_requant_q_compute_done_1_3, void %land.lhs.true352.i.1, i1 %head_ctx_ref_requant_q_compute_done_1_3, void %if.else327.i.1, i1 %head_ctx_ref_requant_q_compute_done_1_3, void %if.else295.i.1, i1 %head_ctx_ref_requant_q_compute_done_1_3, void %land.lhs.true277.i.1, i1 %head_ctx_ref_requant_q_compute_done_1_3, void %if.else252.i.1, i1 %head_ctx_ref_requant_q_compute_done_1_3, void %if.else219.i.1, i1 %and_ln149_57, void %sw.bb.i.1" [/home/luka/Scripting/ELEC_498-Capstone-LiteLM/HLS-Verilog/Scheduler_FSM/src-hls/Head_Helpers/head_helpers.cpp:396]   --->   Operation 903 'phi' 'head_ctx_ref_requant_q_compute_done_1_4' <Predicate = (!icmp_ln418_1)> <Delay = 0.00>
ST_1 : Operation 904 [1/1] (0.00ns)   --->   "%head_ctx_ref_att_scores_compute_done_1_4 = phi i1 %head_ctx_ref_att_scores_compute_done_1_3, void %if.else524.i.1, i1 %head_ctx_ref_att_scores_compute_done_1_3, void %if.then515.i.1, i1 %head_ctx_ref_att_scores_compute_done_1_3, void %if.then493.i.1, i1 %head_ctx_ref_att_scores_compute_done_1_3, void %if.then482.i.1, i1 %head_ctx_ref_att_scores_compute_done_1_3, void %if.else469.i.1, i1 %head_ctx_ref_att_scores_compute_done_1_3, void %if.then460.i.1, i1 %head_ctx_ref_att_scores_compute_done_1_3, void %if.else447.i.1, i1 %head_ctx_ref_att_scores_compute_done_1_3, void %if.then438.i.1, i1 %head_ctx_ref_att_scores_compute_done_1_3, void %if.then416.i.1, i1 %head_ctx_ref_att_scores_compute_done_1_3, void %if.then405.i.1, i1 %head_ctx_ref_att_scores_compute_done_1_3, void %if.else392.i.1, i1 %head_ctx_ref_att_scores_compute_done_1_3, void %if.then383.i.1, i1 %head_ctx_ref_att_scores_compute_done_1_3, void %if.then363.i.1, i1 %head_ctx_ref_att_scores_compute_done_1_3, void %if.else350.i.1, i1 %head_ctx_ref_att_scores_compute_done_1_3, void %if.then341.i.1, i1 %head_ctx_ref_att_scores_compute_done_1_3, void %if.then319.i.1, i1 %head_ctx_ref_att_scores_compute_done_1_3, void %if.then308.i.1, i1 %head_ctx_ref_att_scores_compute_done_1_3, void %if.then288.i.1, i1 %head_ctx_ref_att_scores_compute_done_1_3, void %if.else275.i.1, i1 %head_ctx_ref_att_scores_compute_done_1_3, void %if.then266.i.1, i1 %head_ctx_ref_att_scores_compute_done_1_3, void %if.then244.i.1, i1 %head_ctx_ref_att_scores_compute_done_1_3, void %if.then233.i.1, i1 %head_ctx_ref_att_scores_compute_done_1_3, void %if.then211.i.1, i1 %head_ctx_ref_att_scores_compute_done_1_3, void %if.then200.i.1, i1 %head_ctx_ref_att_scores_compute_done_1_3, void %land.lhs.true526.i.1, i1 %head_ctx_ref_att_scores_compute_done_1_3, void %if.else501.i.1, i1 %head_ctx_ref_att_scores_compute_done_1_3, void %land.lhs.true471.i.1, i1 %head_ctx_ref_att_scores_compute_done_1_3, void %land.lhs.true449.i.1, i1 %head_ctx_ref_att_scores_compute_done_1_3, void %if.else424.i.1, i1 %head_ctx_ref_att_scores_compute_done_1_3, void %land.lhs.true394.i.1, i1 %head_ctx_ref_att_scores_compute_done_1_3, void %if.else370.i.1, i1 %head_ctx_ref_att_scores_compute_done_1_3, void %land.lhs.true352.i.1, i1 %head_ctx_ref_att_scores_compute_done_1_3, void %if.else327.i.1, i1 %head_ctx_ref_att_scores_compute_done_1_3, void %if.else295.i.1, i1 %head_ctx_ref_att_scores_compute_done_1_3, void %land.lhs.true277.i.1, i1 %head_ctx_ref_att_scores_compute_done_1_3, void %if.else252.i.1, i1 %head_ctx_ref_att_scores_compute_done_1_3, void %if.else219.i.1, i1 %and_ln149_58, void %sw.bb.i.1" [/home/luka/Scripting/ELEC_498-Capstone-LiteLM/HLS-Verilog/Scheduler_FSM/src-hls/Head_Helpers/head_helpers.cpp:396]   --->   Operation 904 'phi' 'head_ctx_ref_att_scores_compute_done_1_4' <Predicate = (!icmp_ln418_1)> <Delay = 0.00>
ST_1 : Operation 905 [1/1] (0.00ns)   --->   "%head_ctx_ref_val_scale_compute_done_1_4 = phi i1 %head_ctx_ref_val_scale_compute_done_1_3, void %if.else524.i.1, i1 %head_ctx_ref_val_scale_compute_done_1_3, void %if.then515.i.1, i1 %head_ctx_ref_val_scale_compute_done_1_3, void %if.then493.i.1, i1 %head_ctx_ref_val_scale_compute_done_1_3, void %if.then482.i.1, i1 %head_ctx_ref_val_scale_compute_done_1_3, void %if.else469.i.1, i1 %head_ctx_ref_val_scale_compute_done_1_3, void %if.then460.i.1, i1 %head_ctx_ref_val_scale_compute_done_1_3, void %if.else447.i.1, i1 %head_ctx_ref_val_scale_compute_done_1_3, void %if.then438.i.1, i1 %head_ctx_ref_val_scale_compute_done_1_3, void %if.then416.i.1, i1 %head_ctx_ref_val_scale_compute_done_1_3, void %if.then405.i.1, i1 %head_ctx_ref_val_scale_compute_done_1_3, void %if.else392.i.1, i1 %head_ctx_ref_val_scale_compute_done_1_3, void %if.then383.i.1, i1 %head_ctx_ref_val_scale_compute_done_1_3, void %if.then363.i.1, i1 %head_ctx_ref_val_scale_compute_done_1_3, void %if.else350.i.1, i1 %head_ctx_ref_val_scale_compute_done_1_3, void %if.then341.i.1, i1 %head_ctx_ref_val_scale_compute_done_1_3, void %if.then319.i.1, i1 %head_ctx_ref_val_scale_compute_done_1_3, void %if.then308.i.1, i1 %head_ctx_ref_val_scale_compute_done_1_3, void %if.then288.i.1, i1 %head_ctx_ref_val_scale_compute_done_1_3, void %if.else275.i.1, i1 %head_ctx_ref_val_scale_compute_done_1_3, void %if.then266.i.1, i1 %head_ctx_ref_val_scale_compute_done_1_3, void %if.then244.i.1, i1 %head_ctx_ref_val_scale_compute_done_1_3, void %if.then233.i.1, i1 %head_ctx_ref_val_scale_compute_done_1_3, void %if.then211.i.1, i1 %head_ctx_ref_val_scale_compute_done_1_3, void %if.then200.i.1, i1 %head_ctx_ref_val_scale_compute_done_1_3, void %land.lhs.true526.i.1, i1 %head_ctx_ref_val_scale_compute_done_1_3, void %if.else501.i.1, i1 %head_ctx_ref_val_scale_compute_done_1_3, void %land.lhs.true471.i.1, i1 1, void %land.lhs.true449.i.1, i1 %head_ctx_ref_val_scale_compute_done_1_3, void %if.else424.i.1, i1 %head_ctx_ref_val_scale_compute_done_1_3, void %land.lhs.true394.i.1, i1 %head_ctx_ref_val_scale_compute_done_1_3, void %if.else370.i.1, i1 %head_ctx_ref_val_scale_compute_done_1_3, void %land.lhs.true352.i.1, i1 %head_ctx_ref_val_scale_compute_done_1_3, void %if.else327.i.1, i1 %head_ctx_ref_val_scale_compute_done_1_3, void %if.else295.i.1, i1 %head_ctx_ref_val_scale_compute_done_1_3, void %land.lhs.true277.i.1, i1 %head_ctx_ref_val_scale_compute_done_1_3, void %if.else252.i.1, i1 %head_ctx_ref_val_scale_compute_done_1_3, void %if.else219.i.1, i1 %and_ln149_59, void %sw.bb.i.1" [/home/luka/Scripting/ELEC_498-Capstone-LiteLM/HLS-Verilog/Scheduler_FSM/src-hls/Head_Helpers/head_helpers.cpp:396]   --->   Operation 905 'phi' 'head_ctx_ref_val_scale_compute_done_1_4' <Predicate = (!icmp_ln418_1)> <Delay = 0.00>
ST_1 : Operation 906 [1/1] (0.00ns)   --->   "%head_ctx_ref_softmax_compute_done_1_4 = phi i1 %head_ctx_ref_softmax_compute_done_1_3, void %if.else524.i.1, i1 %head_ctx_ref_softmax_compute_done_1_3, void %if.then515.i.1, i1 %head_ctx_ref_softmax_compute_done_1_3, void %if.then493.i.1, i1 %head_ctx_ref_softmax_compute_done_1_3, void %if.then482.i.1, i1 %head_ctx_ref_softmax_compute_done_1_3, void %if.else469.i.1, i1 %head_ctx_ref_softmax_compute_done_1_3, void %if.then460.i.1, i1 %head_ctx_ref_softmax_compute_done_1_3, void %if.else447.i.1, i1 %head_ctx_ref_softmax_compute_done_1_3, void %if.then438.i.1, i1 %head_ctx_ref_softmax_compute_done_1_3, void %if.then416.i.1, i1 %head_ctx_ref_softmax_compute_done_1_3, void %if.then405.i.1, i1 %head_ctx_ref_softmax_compute_done_1_3, void %if.else392.i.1, i1 %head_ctx_ref_softmax_compute_done_1_3, void %if.then383.i.1, i1 %head_ctx_ref_softmax_compute_done_1_3, void %if.then363.i.1, i1 %head_ctx_ref_softmax_compute_done_1_3, void %if.else350.i.1, i1 %head_ctx_ref_softmax_compute_done_1_3, void %if.then341.i.1, i1 %head_ctx_ref_softmax_compute_done_1_3, void %if.then319.i.1, i1 %head_ctx_ref_softmax_compute_done_1_3, void %if.then308.i.1, i1 %head_ctx_ref_softmax_compute_done_1_3, void %if.then288.i.1, i1 %head_ctx_ref_softmax_compute_done_1_3, void %if.else275.i.1, i1 %head_ctx_ref_softmax_compute_done_1_3, void %if.then266.i.1, i1 %head_ctx_ref_softmax_compute_done_1_3, void %if.then244.i.1, i1 %head_ctx_ref_softmax_compute_done_1_3, void %if.then233.i.1, i1 %head_ctx_ref_softmax_compute_done_1_3, void %if.then211.i.1, i1 %head_ctx_ref_softmax_compute_done_1_3, void %if.then200.i.1, i1 %head_ctx_ref_softmax_compute_done_1_3, void %land.lhs.true526.i.1, i1 %head_ctx_ref_softmax_compute_done_1_3, void %if.else501.i.1, i1 1, void %land.lhs.true471.i.1, i1 %head_ctx_ref_softmax_compute_done_1_3, void %land.lhs.true449.i.1, i1 %head_ctx_ref_softmax_compute_done_1_3, void %if.else424.i.1, i1 %head_ctx_ref_softmax_compute_done_1_3, void %land.lhs.true394.i.1, i1 %head_ctx_ref_softmax_compute_done_1_3, void %if.else370.i.1, i1 %head_ctx_ref_softmax_compute_done_1_3, void %land.lhs.true352.i.1, i1 %head_ctx_ref_softmax_compute_done_1_3, void %if.else327.i.1, i1 %head_ctx_ref_softmax_compute_done_1_3, void %if.else295.i.1, i1 %head_ctx_ref_softmax_compute_done_1_3, void %land.lhs.true277.i.1, i1 %head_ctx_ref_softmax_compute_done_1_3, void %if.else252.i.1, i1 %head_ctx_ref_softmax_compute_done_1_3, void %if.else219.i.1, i1 %and_ln149_60, void %sw.bb.i.1" [/home/luka/Scripting/ELEC_498-Capstone-LiteLM/HLS-Verilog/Scheduler_FSM/src-hls/Head_Helpers/head_helpers.cpp:396]   --->   Operation 906 'phi' 'head_ctx_ref_softmax_compute_done_1_4' <Predicate = (!icmp_ln418_1)> <Delay = 0.00>
ST_1 : Operation 907 [1/1] (0.00ns)   --->   "%head_ctx_ref_att_value_compute_done_1_4 = phi i1 %head_ctx_ref_att_value_compute_done_1_3, void %if.else524.i.1, i1 %head_ctx_ref_att_value_compute_done_1_3, void %if.then515.i.1, i1 %head_ctx_ref_att_value_compute_done_1_3, void %if.then493.i.1, i1 %head_ctx_ref_att_value_compute_done_1_3, void %if.then482.i.1, i1 %head_ctx_ref_att_value_compute_done_1_3, void %if.else469.i.1, i1 %head_ctx_ref_att_value_compute_done_1_3, void %if.then460.i.1, i1 %head_ctx_ref_att_value_compute_done_1_3, void %if.else447.i.1, i1 %head_ctx_ref_att_value_compute_done_1_3, void %if.then438.i.1, i1 %head_ctx_ref_att_value_compute_done_1_3, void %if.then416.i.1, i1 %head_ctx_ref_att_value_compute_done_1_3, void %if.then405.i.1, i1 %head_ctx_ref_att_value_compute_done_1_3, void %if.else392.i.1, i1 %head_ctx_ref_att_value_compute_done_1_3, void %if.then383.i.1, i1 %head_ctx_ref_att_value_compute_done_1_3, void %if.then363.i.1, i1 %head_ctx_ref_att_value_compute_done_1_3, void %if.else350.i.1, i1 %head_ctx_ref_att_value_compute_done_1_3, void %if.then341.i.1, i1 %head_ctx_ref_att_value_compute_done_1_3, void %if.then319.i.1, i1 %head_ctx_ref_att_value_compute_done_1_3, void %if.then308.i.1, i1 %head_ctx_ref_att_value_compute_done_1_3, void %if.then288.i.1, i1 %head_ctx_ref_att_value_compute_done_1_3, void %if.else275.i.1, i1 %head_ctx_ref_att_value_compute_done_1_3, void %if.then266.i.1, i1 %head_ctx_ref_att_value_compute_done_1_3, void %if.then244.i.1, i1 %head_ctx_ref_att_value_compute_done_1_3, void %if.then233.i.1, i1 %head_ctx_ref_att_value_compute_done_1_3, void %if.then211.i.1, i1 %head_ctx_ref_att_value_compute_done_1_3, void %if.then200.i.1, i1 %head_ctx_ref_att_value_compute_done_1_3, void %land.lhs.true526.i.1, i1 %head_ctx_ref_att_value_compute_done_1_3, void %if.else501.i.1, i1 %head_ctx_ref_att_value_compute_done_1_3, void %land.lhs.true471.i.1, i1 %head_ctx_ref_att_value_compute_done_1_3, void %land.lhs.true449.i.1, i1 %head_ctx_ref_att_value_compute_done_1_3, void %if.else424.i.1, i1 %head_ctx_ref_att_value_compute_done_1_3, void %land.lhs.true394.i.1, i1 %head_ctx_ref_att_value_compute_done_1_3, void %if.else370.i.1, i1 %head_ctx_ref_att_value_compute_done_1_3, void %land.lhs.true352.i.1, i1 %head_ctx_ref_att_value_compute_done_1_3, void %if.else327.i.1, i1 %head_ctx_ref_att_value_compute_done_1_3, void %if.else295.i.1, i1 %head_ctx_ref_att_value_compute_done_1_3, void %land.lhs.true277.i.1, i1 %head_ctx_ref_att_value_compute_done_1_3, void %if.else252.i.1, i1 %head_ctx_ref_att_value_compute_done_1_3, void %if.else219.i.1, i1 %and_ln149_61, void %sw.bb.i.1" [/home/luka/Scripting/ELEC_498-Capstone-LiteLM/HLS-Verilog/Scheduler_FSM/src-hls/Head_Helpers/head_helpers.cpp:396]   --->   Operation 907 'phi' 'head_ctx_ref_att_value_compute_done_1_4' <Predicate = (!icmp_ln418_1)> <Delay = 0.00>
ST_1 : Operation 908 [1/1] (0.00ns)   --->   "%head_ctx_ref_head_requant_compute_done_1_4 = phi i1 %head_ctx_ref_head_requant_compute_done_1_3, void %if.else524.i.1, i1 %head_ctx_ref_head_requant_compute_done_1_3, void %if.then515.i.1, i1 %head_ctx_ref_head_requant_compute_done_1_3, void %if.then493.i.1, i1 %head_ctx_ref_head_requant_compute_done_1_3, void %if.then482.i.1, i1 %head_ctx_ref_head_requant_compute_done_1_3, void %if.else469.i.1, i1 %head_ctx_ref_head_requant_compute_done_1_3, void %if.then460.i.1, i1 %head_ctx_ref_head_requant_compute_done_1_3, void %if.else447.i.1, i1 %head_ctx_ref_head_requant_compute_done_1_3, void %if.then438.i.1, i1 %head_ctx_ref_head_requant_compute_done_1_3, void %if.then416.i.1, i1 %head_ctx_ref_head_requant_compute_done_1_3, void %if.then405.i.1, i1 %head_ctx_ref_head_requant_compute_done_1_3, void %if.else392.i.1, i1 %head_ctx_ref_head_requant_compute_done_1_3, void %if.then383.i.1, i1 %head_ctx_ref_head_requant_compute_done_1_3, void %if.then363.i.1, i1 %head_ctx_ref_head_requant_compute_done_1_3, void %if.else350.i.1, i1 %head_ctx_ref_head_requant_compute_done_1_3, void %if.then341.i.1, i1 %head_ctx_ref_head_requant_compute_done_1_3, void %if.then319.i.1, i1 %head_ctx_ref_head_requant_compute_done_1_3, void %if.then308.i.1, i1 %head_ctx_ref_head_requant_compute_done_1_3, void %if.then288.i.1, i1 %head_ctx_ref_head_requant_compute_done_1_3, void %if.else275.i.1, i1 %head_ctx_ref_head_requant_compute_done_1_3, void %if.then266.i.1, i1 %head_ctx_ref_head_requant_compute_done_1_3, void %if.then244.i.1, i1 %head_ctx_ref_head_requant_compute_done_1_3, void %if.then233.i.1, i1 %head_ctx_ref_head_requant_compute_done_1_3, void %if.then211.i.1, i1 %head_ctx_ref_head_requant_compute_done_1_3, void %if.then200.i.1, i1 1, void %land.lhs.true526.i.1, i1 %head_ctx_ref_head_requant_compute_done_1_3, void %if.else501.i.1, i1 %head_ctx_ref_head_requant_compute_done_1_3, void %land.lhs.true471.i.1, i1 %head_ctx_ref_head_requant_compute_done_1_3, void %land.lhs.true449.i.1, i1 %head_ctx_ref_head_requant_compute_done_1_3, void %if.else424.i.1, i1 %head_ctx_ref_head_requant_compute_done_1_3, void %land.lhs.true394.i.1, i1 %head_ctx_ref_head_requant_compute_done_1_3, void %if.else370.i.1, i1 %head_ctx_ref_head_requant_compute_done_1_3, void %land.lhs.true352.i.1, i1 %head_ctx_ref_head_requant_compute_done_1_3, void %if.else327.i.1, i1 %head_ctx_ref_head_requant_compute_done_1_3, void %if.else295.i.1, i1 %head_ctx_ref_head_requant_compute_done_1_3, void %land.lhs.true277.i.1, i1 %head_ctx_ref_head_requant_compute_done_1_3, void %if.else252.i.1, i1 %head_ctx_ref_head_requant_compute_done_1_3, void %if.else219.i.1, i1 %and_ln149_62, void %sw.bb.i.1" [/home/luka/Scripting/ELEC_498-Capstone-LiteLM/HLS-Verilog/Scheduler_FSM/src-hls/Head_Helpers/head_helpers.cpp:396]   --->   Operation 908 'phi' 'head_ctx_ref_head_requant_compute_done_1_4' <Predicate = (!icmp_ln418_1)> <Delay = 0.00>
ST_1 : Operation 909 [1/1] (0.00ns)   --->   "%head_ctx_ref_q_dma_done_1_5 = phi i1 %head_ctx_ref_q_dma_done_1_4, void %if.else524.i.1, i1 %head_ctx_ref_q_dma_done_1_4, void %if.then515.i.1, i1 %head_ctx_ref_q_dma_done_1_4, void %if.then493.i.1, i1 %head_ctx_ref_q_dma_done_1_4, void %if.then482.i.1, i1 %head_ctx_ref_q_dma_done_1_4, void %if.else469.i.1, i1 %head_ctx_ref_q_dma_done_1_4, void %if.then460.i.1, i1 %head_ctx_ref_q_dma_done_1_4, void %if.else447.i.1, i1 %head_ctx_ref_q_dma_done_1_4, void %if.then438.i.1, i1 %head_ctx_ref_q_dma_done_1_4, void %if.then416.i.1, i1 %head_ctx_ref_q_dma_done_1_4, void %if.then405.i.1, i1 %head_ctx_ref_q_dma_done_1_4, void %if.else392.i.1, i1 %head_ctx_ref_q_dma_done_1_4, void %if.then383.i.1, i1 %head_ctx_ref_q_dma_done_1_4, void %if.then363.i.1, i1 %head_ctx_ref_q_dma_done_1_4, void %if.else350.i.1, i1 %head_ctx_ref_q_dma_done_1_4, void %if.then341.i.1, i1 %head_ctx_ref_q_dma_done_1_4, void %if.then319.i.1, i1 %head_ctx_ref_q_dma_done_1_4, void %if.then308.i.1, i1 %head_ctx_ref_q_dma_done_1_4, void %if.then288.i.1, i1 %head_ctx_ref_q_dma_done_1_4, void %if.else275.i.1, i1 %head_ctx_ref_q_dma_done_1_4, void %if.then266.i.1, i1 %head_ctx_ref_q_dma_done_1_4, void %if.then244.i.1, i1 %head_ctx_ref_q_dma_done_1_4, void %if.then233.i.1, i1 1, void %if.then211.i.1, i1 %head_ctx_ref_q_dma_done_1_4, void %if.then200.i.1, i1 %head_ctx_ref_q_dma_done_1_4, void %land.lhs.true526.i.1, i1 %head_ctx_ref_q_dma_done_1_4, void %if.else501.i.1, i1 %head_ctx_ref_q_dma_done_1_4, void %land.lhs.true471.i.1, i1 %head_ctx_ref_q_dma_done_1_4, void %land.lhs.true449.i.1, i1 %head_ctx_ref_q_dma_done_1_4, void %if.else424.i.1, i1 %head_ctx_ref_q_dma_done_1_4, void %land.lhs.true394.i.1, i1 %head_ctx_ref_q_dma_done_1_4, void %if.else370.i.1, i1 %head_ctx_ref_q_dma_done_1_4, void %land.lhs.true352.i.1, i1 %head_ctx_ref_q_dma_done_1_4, void %if.else327.i.1, i1 %head_ctx_ref_q_dma_done_1_4, void %if.else295.i.1, i1 %head_ctx_ref_q_dma_done_1_4, void %land.lhs.true277.i.1, i1 %head_ctx_ref_q_dma_done_1_4, void %if.else252.i.1, i1 %head_ctx_ref_q_dma_done_1_4, void %if.else219.i.1, i1 %and_ln149_63, void %sw.bb.i.1" [/home/luka/Scripting/ELEC_498-Capstone-LiteLM/HLS-Verilog/Scheduler_FSM/src-hls/Head_Helpers/head_helpers.cpp:111->/home/luka/Scripting/ELEC_498-Capstone-LiteLM/HLS-Verilog/Scheduler_FSM/src-hls/Head_Helpers/head_helpers.cpp:419]   --->   Operation 909 'phi' 'head_ctx_ref_q_dma_done_1_5' <Predicate = (!icmp_ln418_1)> <Delay = 0.00>
ST_1 : Operation 910 [1/1] (0.00ns)   --->   "%head_ctx_ref_k_dma_done_1_5 = phi i1 %head_ctx_ref_k_dma_done_1_4, void %if.else524.i.1, i1 %head_ctx_ref_k_dma_done_1_4, void %if.then515.i.1, i1 %head_ctx_ref_k_dma_done_1_4, void %if.then493.i.1, i1 %head_ctx_ref_k_dma_done_1_4, void %if.then482.i.1, i1 %head_ctx_ref_k_dma_done_1_4, void %if.else469.i.1, i1 %head_ctx_ref_k_dma_done_1_4, void %if.then460.i.1, i1 %head_ctx_ref_k_dma_done_1_4, void %if.else447.i.1, i1 %head_ctx_ref_k_dma_done_1_4, void %if.then438.i.1, i1 %head_ctx_ref_k_dma_done_1_4, void %if.then416.i.1, i1 %head_ctx_ref_k_dma_done_1_4, void %if.then405.i.1, i1 %head_ctx_ref_k_dma_done_1_4, void %if.else392.i.1, i1 %head_ctx_ref_k_dma_done_1_4, void %if.then383.i.1, i1 %head_ctx_ref_k_dma_done_1_4, void %if.then363.i.1, i1 %head_ctx_ref_k_dma_done_1_4, void %if.else350.i.1, i1 %head_ctx_ref_k_dma_done_1_4, void %if.then341.i.1, i1 %head_ctx_ref_k_dma_done_1_4, void %if.then319.i.1, i1 %head_ctx_ref_k_dma_done_1_4, void %if.then308.i.1, i1 %head_ctx_ref_k_dma_done_1_4, void %if.then288.i.1, i1 %head_ctx_ref_k_dma_done_1_4, void %if.else275.i.1, i1 %head_ctx_ref_k_dma_done_1_4, void %if.then266.i.1, i1 1, void %if.then244.i.1, i1 %head_ctx_ref_k_dma_done_1_4, void %if.then233.i.1, i1 %head_ctx_ref_k_dma_done_1_4, void %if.then211.i.1, i1 %head_ctx_ref_k_dma_done_1_4, void %if.then200.i.1, i1 %head_ctx_ref_k_dma_done_1_4, void %land.lhs.true526.i.1, i1 %head_ctx_ref_k_dma_done_1_4, void %if.else501.i.1, i1 %head_ctx_ref_k_dma_done_1_4, void %land.lhs.true471.i.1, i1 %head_ctx_ref_k_dma_done_1_4, void %land.lhs.true449.i.1, i1 %head_ctx_ref_k_dma_done_1_4, void %if.else424.i.1, i1 %head_ctx_ref_k_dma_done_1_4, void %land.lhs.true394.i.1, i1 %head_ctx_ref_k_dma_done_1_4, void %if.else370.i.1, i1 %head_ctx_ref_k_dma_done_1_4, void %land.lhs.true352.i.1, i1 %head_ctx_ref_k_dma_done_1_4, void %if.else327.i.1, i1 %head_ctx_ref_k_dma_done_1_4, void %if.else295.i.1, i1 %head_ctx_ref_k_dma_done_1_4, void %land.lhs.true277.i.1, i1 %head_ctx_ref_k_dma_done_1_4, void %if.else252.i.1, i1 %head_ctx_ref_k_dma_done_1_4, void %if.else219.i.1, i1 %and_ln149_64, void %sw.bb.i.1" [/home/luka/Scripting/ELEC_498-Capstone-LiteLM/HLS-Verilog/Scheduler_FSM/src-hls/Head_Helpers/head_helpers.cpp:111->/home/luka/Scripting/ELEC_498-Capstone-LiteLM/HLS-Verilog/Scheduler_FSM/src-hls/Head_Helpers/head_helpers.cpp:419]   --->   Operation 910 'phi' 'head_ctx_ref_k_dma_done_1_5' <Predicate = (!icmp_ln418_1)> <Delay = 0.00>
ST_1 : Operation 911 [1/1] (0.00ns)   --->   "%head_ctx_ref_k_writeback_dma_done_1_5 = phi i1 %head_ctx_ref_k_writeback_dma_done_1_4, void %if.else524.i.1, i1 %head_ctx_ref_k_writeback_dma_done_1_4, void %if.then515.i.1, i1 %head_ctx_ref_k_writeback_dma_done_1_4, void %if.then493.i.1, i1 %head_ctx_ref_k_writeback_dma_done_1_4, void %if.then482.i.1, i1 %head_ctx_ref_k_writeback_dma_done_1_4, void %if.else469.i.1, i1 %head_ctx_ref_k_writeback_dma_done_1_4, void %if.then460.i.1, i1 %head_ctx_ref_k_writeback_dma_done_1_4, void %if.else447.i.1, i1 %head_ctx_ref_k_writeback_dma_done_1_4, void %if.then438.i.1, i1 %head_ctx_ref_k_writeback_dma_done_1_4, void %if.then416.i.1, i1 %head_ctx_ref_k_writeback_dma_done_1_4, void %if.then405.i.1, i1 %head_ctx_ref_k_writeback_dma_done_1_4, void %if.else392.i.1, i1 %head_ctx_ref_k_writeback_dma_done_1_4, void %if.then383.i.1, i1 %head_ctx_ref_k_writeback_dma_done_1_4, void %if.then363.i.1, i1 %head_ctx_ref_k_writeback_dma_done_1_4, void %if.else350.i.1, i1 %head_ctx_ref_k_writeback_dma_done_1_4, void %if.then341.i.1, i1 %head_ctx_ref_k_writeback_dma_done_1_4, void %if.then319.i.1, i1 %head_ctx_ref_k_writeback_dma_done_1_4, void %if.then308.i.1, i1 %head_ctx_ref_k_writeback_dma_done_1_4, void %if.then288.i.1, i1 %head_ctx_ref_k_writeback_dma_done_1_4, void %if.else275.i.1, i1 %head_ctx_ref_k_writeback_dma_done_1_4, void %if.then266.i.1, i1 %head_ctx_ref_k_writeback_dma_done_1_4, void %if.then244.i.1, i1 %head_ctx_ref_k_writeback_dma_done_1_4, void %if.then233.i.1, i1 %head_ctx_ref_k_writeback_dma_done_1_4, void %if.then211.i.1, i1 %head_ctx_ref_k_writeback_dma_done_1_4, void %if.then200.i.1, i1 %head_ctx_ref_k_writeback_dma_done_1_4, void %land.lhs.true526.i.1, i1 %head_ctx_ref_k_writeback_dma_done_1_4, void %if.else501.i.1, i1 %head_ctx_ref_k_writeback_dma_done_1_4, void %land.lhs.true471.i.1, i1 %head_ctx_ref_k_writeback_dma_done_1_4, void %land.lhs.true449.i.1, i1 %head_ctx_ref_k_writeback_dma_done_1_4, void %if.else424.i.1, i1 %head_ctx_ref_k_writeback_dma_done_1_4, void %land.lhs.true394.i.1, i1 %head_ctx_ref_k_writeback_dma_done_1_4, void %if.else370.i.1, i1 %head_ctx_ref_k_writeback_dma_done_1_4, void %land.lhs.true352.i.1, i1 %head_ctx_ref_k_writeback_dma_done_1_4, void %if.else327.i.1, i1 %head_ctx_ref_k_writeback_dma_done_1_4, void %if.else295.i.1, i1 %head_ctx_ref_k_writeback_dma_done_1_4, void %land.lhs.true277.i.1, i1 %head_ctx_ref_k_writeback_dma_done_1_4, void %if.else252.i.1, i1 %head_ctx_ref_k_writeback_dma_done_1_4, void %if.else219.i.1, i1 %and_ln149_65, void %sw.bb.i.1" [/home/luka/Scripting/ELEC_498-Capstone-LiteLM/HLS-Verilog/Scheduler_FSM/src-hls/Head_Helpers/head_helpers.cpp:111->/home/luka/Scripting/ELEC_498-Capstone-LiteLM/HLS-Verilog/Scheduler_FSM/src-hls/Head_Helpers/head_helpers.cpp:419]   --->   Operation 911 'phi' 'head_ctx_ref_k_writeback_dma_done_1_5' <Predicate = (!icmp_ln418_1)> <Delay = 0.00>
ST_1 : Operation 912 [1/1] (0.00ns)   --->   "%head_ctx_ref_v_dma_done_1_5 = phi i1 %head_ctx_ref_v_dma_done_1_4, void %if.else524.i.1, i1 %head_ctx_ref_v_dma_done_1_4, void %if.then515.i.1, i1 %head_ctx_ref_v_dma_done_1_4, void %if.then493.i.1, i1 %head_ctx_ref_v_dma_done_1_4, void %if.then482.i.1, i1 %head_ctx_ref_v_dma_done_1_4, void %if.else469.i.1, i1 %head_ctx_ref_v_dma_done_1_4, void %if.then460.i.1, i1 %head_ctx_ref_v_dma_done_1_4, void %if.else447.i.1, i1 %head_ctx_ref_v_dma_done_1_4, void %if.then438.i.1, i1 %head_ctx_ref_v_dma_done_1_4, void %if.then416.i.1, i1 %head_ctx_ref_v_dma_done_1_4, void %if.then405.i.1, i1 %head_ctx_ref_v_dma_done_1_4, void %if.else392.i.1, i1 %head_ctx_ref_v_dma_done_1_4, void %if.then383.i.1, i1 %head_ctx_ref_v_dma_done_1_4, void %if.then363.i.1, i1 %head_ctx_ref_v_dma_done_1_4, void %if.else350.i.1, i1 %head_ctx_ref_v_dma_done_1_4, void %if.then341.i.1, i1 1, void %if.then319.i.1, i1 %head_ctx_ref_v_dma_done_1_4, void %if.then308.i.1, i1 %head_ctx_ref_v_dma_done_1_4, void %if.then288.i.1, i1 %head_ctx_ref_v_dma_done_1_4, void %if.else275.i.1, i1 %head_ctx_ref_v_dma_done_1_4, void %if.then266.i.1, i1 %head_ctx_ref_v_dma_done_1_4, void %if.then244.i.1, i1 %head_ctx_ref_v_dma_done_1_4, void %if.then233.i.1, i1 %head_ctx_ref_v_dma_done_1_4, void %if.then211.i.1, i1 %head_ctx_ref_v_dma_done_1_4, void %if.then200.i.1, i1 %head_ctx_ref_v_dma_done_1_4, void %land.lhs.true526.i.1, i1 %head_ctx_ref_v_dma_done_1_4, void %if.else501.i.1, i1 %head_ctx_ref_v_dma_done_1_4, void %land.lhs.true471.i.1, i1 %head_ctx_ref_v_dma_done_1_4, void %land.lhs.true449.i.1, i1 %head_ctx_ref_v_dma_done_1_4, void %if.else424.i.1, i1 %head_ctx_ref_v_dma_done_1_4, void %land.lhs.true394.i.1, i1 %head_ctx_ref_v_dma_done_1_4, void %if.else370.i.1, i1 %head_ctx_ref_v_dma_done_1_4, void %land.lhs.true352.i.1, i1 %head_ctx_ref_v_dma_done_1_4, void %if.else327.i.1, i1 %head_ctx_ref_v_dma_done_1_4, void %if.else295.i.1, i1 %head_ctx_ref_v_dma_done_1_4, void %land.lhs.true277.i.1, i1 %head_ctx_ref_v_dma_done_1_4, void %if.else252.i.1, i1 %head_ctx_ref_v_dma_done_1_4, void %if.else219.i.1, i1 %and_ln149_66, void %sw.bb.i.1" [/home/luka/Scripting/ELEC_498-Capstone-LiteLM/HLS-Verilog/Scheduler_FSM/src-hls/Head_Helpers/head_helpers.cpp:111->/home/luka/Scripting/ELEC_498-Capstone-LiteLM/HLS-Verilog/Scheduler_FSM/src-hls/Head_Helpers/head_helpers.cpp:419]   --->   Operation 912 'phi' 'head_ctx_ref_v_dma_done_1_5' <Predicate = (!icmp_ln418_1)> <Delay = 0.00>
ST_1 : Operation 913 [1/1] (0.00ns)   --->   "%head_ctx_ref_v_writeback_dma_done_1_5 = phi i1 %head_ctx_ref_v_writeback_dma_done_1_4, void %if.else524.i.1, i1 %head_ctx_ref_v_writeback_dma_done_1_4, void %if.then515.i.1, i1 %head_ctx_ref_v_writeback_dma_done_1_4, void %if.then493.i.1, i1 %head_ctx_ref_v_writeback_dma_done_1_4, void %if.then482.i.1, i1 %head_ctx_ref_v_writeback_dma_done_1_4, void %if.else469.i.1, i1 %head_ctx_ref_v_writeback_dma_done_1_4, void %if.then460.i.1, i1 %head_ctx_ref_v_writeback_dma_done_1_4, void %if.else447.i.1, i1 %head_ctx_ref_v_writeback_dma_done_1_4, void %if.then438.i.1, i1 %head_ctx_ref_v_writeback_dma_done_1_4, void %if.then416.i.1, i1 %head_ctx_ref_v_writeback_dma_done_1_4, void %if.then405.i.1, i1 %head_ctx_ref_v_writeback_dma_done_1_4, void %if.else392.i.1, i1 %head_ctx_ref_v_writeback_dma_done_1_4, void %if.then383.i.1, i1 %head_ctx_ref_v_writeback_dma_done_1_4, void %if.then363.i.1, i1 %head_ctx_ref_v_writeback_dma_done_1_4, void %if.else350.i.1, i1 %head_ctx_ref_v_writeback_dma_done_1_4, void %if.then341.i.1, i1 %head_ctx_ref_v_writeback_dma_done_1_4, void %if.then319.i.1, i1 %head_ctx_ref_v_writeback_dma_done_1_4, void %if.then308.i.1, i1 %head_ctx_ref_v_writeback_dma_done_1_4, void %if.then288.i.1, i1 %head_ctx_ref_v_writeback_dma_done_1_4, void %if.else275.i.1, i1 %head_ctx_ref_v_writeback_dma_done_1_4, void %if.then266.i.1, i1 %head_ctx_ref_v_writeback_dma_done_1_4, void %if.then244.i.1, i1 %head_ctx_ref_v_writeback_dma_done_1_4, void %if.then233.i.1, i1 %head_ctx_ref_v_writeback_dma_done_1_4, void %if.then211.i.1, i1 %head_ctx_ref_v_writeback_dma_done_1_4, void %if.then200.i.1, i1 %head_ctx_ref_v_writeback_dma_done_1_4, void %land.lhs.true526.i.1, i1 %head_ctx_ref_v_writeback_dma_done_1_4, void %if.else501.i.1, i1 %head_ctx_ref_v_writeback_dma_done_1_4, void %land.lhs.true471.i.1, i1 %head_ctx_ref_v_writeback_dma_done_1_4, void %land.lhs.true449.i.1, i1 %head_ctx_ref_v_writeback_dma_done_1_4, void %if.else424.i.1, i1 %head_ctx_ref_v_writeback_dma_done_1_4, void %land.lhs.true394.i.1, i1 %head_ctx_ref_v_writeback_dma_done_1_4, void %if.else370.i.1, i1 %head_ctx_ref_v_writeback_dma_done_1_4, void %land.lhs.true352.i.1, i1 %head_ctx_ref_v_writeback_dma_done_1_4, void %if.else327.i.1, i1 %head_ctx_ref_v_writeback_dma_done_1_4, void %if.else295.i.1, i1 %head_ctx_ref_v_writeback_dma_done_1_4, void %land.lhs.true277.i.1, i1 %head_ctx_ref_v_writeback_dma_done_1_4, void %if.else252.i.1, i1 %head_ctx_ref_v_writeback_dma_done_1_4, void %if.else219.i.1, i1 %and_ln149_67, void %sw.bb.i.1" [/home/luka/Scripting/ELEC_498-Capstone-LiteLM/HLS-Verilog/Scheduler_FSM/src-hls/Head_Helpers/head_helpers.cpp:111->/home/luka/Scripting/ELEC_498-Capstone-LiteLM/HLS-Verilog/Scheduler_FSM/src-hls/Head_Helpers/head_helpers.cpp:419]   --->   Operation 913 'phi' 'head_ctx_ref_v_writeback_dma_done_1_5' <Predicate = (!icmp_ln418_1)> <Delay = 0.00>
ST_1 : Operation 914 [1/1] (0.00ns)   --->   "%head_ctx_ref_att_scores_dma_done_1_5 = phi i1 %head_ctx_ref_att_scores_dma_done_1_4, void %if.else524.i.1, i1 %head_ctx_ref_att_scores_dma_done_1_4, void %if.then515.i.1, i1 %head_ctx_ref_att_scores_dma_done_1_4, void %if.then493.i.1, i1 %head_ctx_ref_att_scores_dma_done_1_4, void %if.then482.i.1, i1 %head_ctx_ref_att_scores_dma_done_1_4, void %if.else469.i.1, i1 %head_ctx_ref_att_scores_dma_done_1_4, void %if.then460.i.1, i1 %head_ctx_ref_att_scores_dma_done_1_4, void %if.else447.i.1, i1 %head_ctx_ref_att_scores_dma_done_1_4, void %if.then438.i.1, i1 1, void %if.then416.i.1, i1 %head_ctx_ref_att_scores_dma_done_1_4, void %if.then405.i.1, i1 %head_ctx_ref_att_scores_dma_done_1_4, void %if.else392.i.1, i1 %head_ctx_ref_att_scores_dma_done_1_4, void %if.then383.i.1, i1 %head_ctx_ref_att_scores_dma_done_1_4, void %if.then363.i.1, i1 %head_ctx_ref_att_scores_dma_done_1_4, void %if.else350.i.1, i1 %head_ctx_ref_att_scores_dma_done_1_4, void %if.then341.i.1, i1 %head_ctx_ref_att_scores_dma_done_1_4, void %if.then319.i.1, i1 %head_ctx_ref_att_scores_dma_done_1_4, void %if.then308.i.1, i1 %head_ctx_ref_att_scores_dma_done_1_4, void %if.then288.i.1, i1 %head_ctx_ref_att_scores_dma_done_1_4, void %if.else275.i.1, i1 %head_ctx_ref_att_scores_dma_done_1_4, void %if.then266.i.1, i1 %head_ctx_ref_att_scores_dma_done_1_4, void %if.then244.i.1, i1 %head_ctx_ref_att_scores_dma_done_1_4, void %if.then233.i.1, i1 %head_ctx_ref_att_scores_dma_done_1_4, void %if.then211.i.1, i1 %head_ctx_ref_att_scores_dma_done_1_4, void %if.then200.i.1, i1 %head_ctx_ref_att_scores_dma_done_1_4, void %land.lhs.true526.i.1, i1 %head_ctx_ref_att_scores_dma_done_1_4, void %if.else501.i.1, i1 %head_ctx_ref_att_scores_dma_done_1_4, void %land.lhs.true471.i.1, i1 %head_ctx_ref_att_scores_dma_done_1_4, void %land.lhs.true449.i.1, i1 %head_ctx_ref_att_scores_dma_done_1_4, void %if.else424.i.1, i1 %head_ctx_ref_att_scores_dma_done_1_4, void %land.lhs.true394.i.1, i1 %head_ctx_ref_att_scores_dma_done_1_4, void %if.else370.i.1, i1 %head_ctx_ref_att_scores_dma_done_1_4, void %land.lhs.true352.i.1, i1 %head_ctx_ref_att_scores_dma_done_1_4, void %if.else327.i.1, i1 %head_ctx_ref_att_scores_dma_done_1_4, void %if.else295.i.1, i1 %head_ctx_ref_att_scores_dma_done_1_4, void %land.lhs.true277.i.1, i1 %head_ctx_ref_att_scores_dma_done_1_4, void %if.else252.i.1, i1 %head_ctx_ref_att_scores_dma_done_1_4, void %if.else219.i.1, i1 %and_ln149_68, void %sw.bb.i.1" [/home/luka/Scripting/ELEC_498-Capstone-LiteLM/HLS-Verilog/Scheduler_FSM/src-hls/Head_Helpers/head_helpers.cpp:111->/home/luka/Scripting/ELEC_498-Capstone-LiteLM/HLS-Verilog/Scheduler_FSM/src-hls/Head_Helpers/head_helpers.cpp:419]   --->   Operation 914 'phi' 'head_ctx_ref_att_scores_dma_done_1_5' <Predicate = (!icmp_ln418_1)> <Delay = 0.00>
ST_1 : Operation 915 [1/1] (0.00ns)   --->   "%head_ctx_ref_att_value_dma_done_1_5 = phi i1 %head_ctx_ref_att_value_dma_done_1_4, void %if.else524.i.1, i1 %head_ctx_ref_att_value_dma_done_1_4, void %if.then515.i.1, i1 1, void %if.then493.i.1, i1 %head_ctx_ref_att_value_dma_done_1_4, void %if.then482.i.1, i1 %head_ctx_ref_att_value_dma_done_1_4, void %if.else469.i.1, i1 %head_ctx_ref_att_value_dma_done_1_4, void %if.then460.i.1, i1 %head_ctx_ref_att_value_dma_done_1_4, void %if.else447.i.1, i1 %head_ctx_ref_att_value_dma_done_1_4, void %if.then438.i.1, i1 %head_ctx_ref_att_value_dma_done_1_4, void %if.then416.i.1, i1 %head_ctx_ref_att_value_dma_done_1_4, void %if.then405.i.1, i1 %head_ctx_ref_att_value_dma_done_1_4, void %if.else392.i.1, i1 %head_ctx_ref_att_value_dma_done_1_4, void %if.then383.i.1, i1 %head_ctx_ref_att_value_dma_done_1_4, void %if.then363.i.1, i1 %head_ctx_ref_att_value_dma_done_1_4, void %if.else350.i.1, i1 %head_ctx_ref_att_value_dma_done_1_4, void %if.then341.i.1, i1 %head_ctx_ref_att_value_dma_done_1_4, void %if.then319.i.1, i1 %head_ctx_ref_att_value_dma_done_1_4, void %if.then308.i.1, i1 %head_ctx_ref_att_value_dma_done_1_4, void %if.then288.i.1, i1 %head_ctx_ref_att_value_dma_done_1_4, void %if.else275.i.1, i1 %head_ctx_ref_att_value_dma_done_1_4, void %if.then266.i.1, i1 %head_ctx_ref_att_value_dma_done_1_4, void %if.then244.i.1, i1 %head_ctx_ref_att_value_dma_done_1_4, void %if.then233.i.1, i1 %head_ctx_ref_att_value_dma_done_1_4, void %if.then211.i.1, i1 %head_ctx_ref_att_value_dma_done_1_4, void %if.then200.i.1, i1 %head_ctx_ref_att_value_dma_done_1_4, void %land.lhs.true526.i.1, i1 %head_ctx_ref_att_value_dma_done_1_4, void %if.else501.i.1, i1 %head_ctx_ref_att_value_dma_done_1_4, void %land.lhs.true471.i.1, i1 %head_ctx_ref_att_value_dma_done_1_4, void %land.lhs.true449.i.1, i1 %head_ctx_ref_att_value_dma_done_1_4, void %if.else424.i.1, i1 %head_ctx_ref_att_value_dma_done_1_4, void %land.lhs.true394.i.1, i1 %head_ctx_ref_att_value_dma_done_1_4, void %if.else370.i.1, i1 %head_ctx_ref_att_value_dma_done_1_4, void %land.lhs.true352.i.1, i1 %head_ctx_ref_att_value_dma_done_1_4, void %if.else327.i.1, i1 %head_ctx_ref_att_value_dma_done_1_4, void %if.else295.i.1, i1 %head_ctx_ref_att_value_dma_done_1_4, void %land.lhs.true277.i.1, i1 %head_ctx_ref_att_value_dma_done_1_4, void %if.else252.i.1, i1 %head_ctx_ref_att_value_dma_done_1_4, void %if.else219.i.1, i1 %and_ln149_69, void %sw.bb.i.1" [/home/luka/Scripting/ELEC_498-Capstone-LiteLM/HLS-Verilog/Scheduler_FSM/src-hls/Head_Helpers/head_helpers.cpp:111->/home/luka/Scripting/ELEC_498-Capstone-LiteLM/HLS-Verilog/Scheduler_FSM/src-hls/Head_Helpers/head_helpers.cpp:419]   --->   Operation 915 'phi' 'head_ctx_ref_att_value_dma_done_1_5' <Predicate = (!icmp_ln418_1)> <Delay = 0.00>
ST_1 : Operation 916 [1/1] (0.79ns)   --->   "%head_done_1 = icmp_eq  i4 %head_ctx_ref_phase_1_2, i4 14" [/home/luka/Scripting/ELEC_498-Capstone-LiteLM/HLS-Verilog/Scheduler_FSM/src-hls/Head_Helpers/head_helpers.cpp:390->/home/luka/Scripting/ELEC_498-Capstone-LiteLM/HLS-Verilog/Scheduler_FSM/src-hls/Head_Helpers/head_helpers.cpp:419]   --->   Operation 916 'icmp' 'head_done_1' <Predicate = (!icmp_ln418_1)> <Delay = 0.79> <CoreInst = "Cmp">   --->   Core 9 'Cmp' <Latency = 0> <II = 1> <Delay = 0.79> <FuncUnit> <Opcode : 'seteq' 'setne' 'setle' 'setge' 'setlt' 'setgt'> <InPorts = 2> <OutPorts = 1>
ST_1 : Operation 917 [1/1] (0.28ns)   --->   "%and_ln425 = and i1 %head_done_1, i1 %group_finished" [/home/luka/Scripting/ELEC_498-Capstone-LiteLM/HLS-Verilog/Scheduler_FSM/src-hls/Head_Helpers/head_helpers.cpp:425]   --->   Operation 917 'and' 'and_ln425' <Predicate = (!icmp_ln418_1)> <Delay = 0.28> <CoreInst = "LogicGate">   --->   Core 74 'LogicGate' <Latency = 0> <II = 1> <Delay = 0.28> <FuncUnit> <Opcode : 'and' 'or' 'xor'> <InPorts = 2> <OutPorts = 1>
ST_1 : Operation 918 [1/1] (0.42ns)   --->   "%br_ln425 = br void %for.end" [/home/luka/Scripting/ELEC_498-Capstone-LiteLM/HLS-Verilog/Scheduler_FSM/src-hls/Head_Helpers/head_helpers.cpp:425]   --->   Operation 918 'br' 'br_ln425' <Predicate = (!icmp_ln418_1)> <Delay = 0.42>
ST_1 : Operation 919 [1/1] (0.00ns)   --->   "%head_ctx_ref_layer_stamp_1_0 = phi i32 %p_read_86, void %for.inc, i32 %head_ctx_ref_layer_stamp_1_1, void %_Z15run_single_headR7HeadCtxib15ControlMemSpaceRb.exit.1" [/home/luka/Scripting/ELEC_498-Capstone-LiteLM/HLS-Verilog/Scheduler_FSM/src-hls/Head_Helpers/head_helpers.cpp:396]   --->   Operation 919 'phi' 'head_ctx_ref_layer_stamp_1_0' <Predicate = true> <Delay = 0.00>
ST_1 : Operation 920 [1/1] (0.00ns)   --->   "%head_ctx_ref_phase_1_0 = phi i4 %head_ctx_ref_phase_read_1, void %for.inc, i4 %head_ctx_ref_phase_1_2, void %_Z15run_single_headR7HeadCtxib15ControlMemSpaceRb.exit.1" [/home/luka/Scripting/ELEC_498-Capstone-LiteLM/HLS-Verilog/Scheduler_FSM/src-hls/Head_Helpers/head_helpers.cpp:396]   --->   Operation 920 'phi' 'head_ctx_ref_phase_1_0' <Predicate = true> <Delay = 0.00>
ST_1 : Operation 921 [1/1] (0.00ns)   --->   "%head_ctx_ref_compute_ready_1_0 = phi i1 %p_read_82, void %for.inc, i1 %head_ctx_ref_compute_ready_1_2, void %_Z15run_single_headR7HeadCtxib15ControlMemSpaceRb.exit.1" [/home/luka/Scripting/ELEC_498-Capstone-LiteLM/HLS-Verilog/Scheduler_FSM/src-hls/Head_Helpers/head_helpers.cpp:396]   --->   Operation 921 'phi' 'head_ctx_ref_compute_ready_1_0' <Predicate = true> <Delay = 0.00>
ST_1 : Operation 922 [1/1] (0.00ns)   --->   "%head_ctx_ref_compute_done_1_0 = phi i1 %p_read_80, void %for.inc, i1 %head_ctx_ref_compute_done_1_2, void %_Z15run_single_headR7HeadCtxib15ControlMemSpaceRb.exit.1" [/home/luka/Scripting/ELEC_498-Capstone-LiteLM/HLS-Verilog/Scheduler_FSM/src-hls/Head_Helpers/head_helpers.cpp:396]   --->   Operation 922 'phi' 'head_ctx_ref_compute_done_1_0' <Predicate = true> <Delay = 0.00>
ST_1 : Operation 923 [1/1] (0.00ns)   --->   "%head_ctx_ref_compute_start_1_0 = phi i1 %p_read_78, void %for.inc, i1 %head_ctx_ref_compute_start_1_3, void %_Z15run_single_headR7HeadCtxib15ControlMemSpaceRb.exit.1" [/home/luka/Scripting/ELEC_498-Capstone-LiteLM/HLS-Verilog/Scheduler_FSM/src-hls/Head_Helpers/head_helpers.cpp:396]   --->   Operation 923 'phi' 'head_ctx_ref_compute_start_1_0' <Predicate = true> <Delay = 0.00>
ST_1 : Operation 924 [1/1] (0.00ns)   --->   "%head_ctx_ref_compute_op_1_0 = phi i32 %p_read_76, void %for.inc, i32 %head_ctx_ref_compute_op_1_3, void %_Z15run_single_headR7HeadCtxib15ControlMemSpaceRb.exit.1" [/home/luka/Scripting/ELEC_498-Capstone-LiteLM/HLS-Verilog/Scheduler_FSM/src-hls/Head_Helpers/head_helpers.cpp:396]   --->   Operation 924 'phi' 'head_ctx_ref_compute_op_1_0' <Predicate = true> <Delay = 0.00>
ST_1 : Operation 925 [1/1] (0.00ns)   --->   "%head_ctx_ref_last_compute_op_1_0 = phi i32 %p_read_74, void %for.inc, i32 %head_ctx_ref_last_compute_op_1_2, void %_Z15run_single_headR7HeadCtxib15ControlMemSpaceRb.exit.1" [/home/luka/Scripting/ELEC_498-Capstone-LiteLM/HLS-Verilog/Scheduler_FSM/src-hls/Head_Helpers/head_helpers.cpp:396]   --->   Operation 925 'phi' 'head_ctx_ref_last_compute_op_1_0' <Predicate = true> <Delay = 0.00>
ST_1 : Operation 926 [1/1] (0.00ns)   --->   "%head_ctx_ref_last_wl_addr_1_0 = phi i4 %head_ctx_ref_last_wl_addr_read_1, void %for.inc, i4 %head_ctx_ref_last_wl_addr_1_2, void %_Z15run_single_headR7HeadCtxib15ControlMemSpaceRb.exit.1" [/home/luka/Scripting/ELEC_498-Capstone-LiteLM/HLS-Verilog/Scheduler_FSM/src-hls/Head_Helpers/head_helpers.cpp:396]   --->   Operation 926 'phi' 'head_ctx_ref_last_wl_addr_1_0' <Predicate = true> <Delay = 0.00>
ST_1 : Operation 927 [1/1] (0.00ns)   --->   "%head_ctx_ref_wl_ready_1_0 = phi i1 %p_read_72, void %for.inc, i1 %head_ctx_ref_wl_ready_1_1, void %_Z15run_single_headR7HeadCtxib15ControlMemSpaceRb.exit.1" [/home/luka/Scripting/ELEC_498-Capstone-LiteLM/HLS-Verilog/Scheduler_FSM/src-hls/Head_Helpers/head_helpers.cpp:396]   --->   Operation 927 'phi' 'head_ctx_ref_wl_ready_1_0' <Predicate = true> <Delay = 0.00>
ST_1 : Operation 928 [1/1] (0.00ns)   --->   "%head_ctx_ref_wl_start_1_0 = phi i1 %p_read_70, void %for.inc, i1 %head_ctx_ref_wl_start_1_3, void %_Z15run_single_headR7HeadCtxib15ControlMemSpaceRb.exit.1" [/home/luka/Scripting/ELEC_498-Capstone-LiteLM/HLS-Verilog/Scheduler_FSM/src-hls/Head_Helpers/head_helpers.cpp:396]   --->   Operation 928 'phi' 'head_ctx_ref_wl_start_1_0' <Predicate = true> <Delay = 0.00>
ST_1 : Operation 929 [1/1] (0.00ns)   --->   "%head_ctx_ref_wl_instruction_1_0 = phi i32 %p_read_68, void %for.inc, i32 %head_ctx_ref_wl_instruction_1_3, void %_Z15run_single_headR7HeadCtxib15ControlMemSpaceRb.exit.1" [/home/luka/Scripting/ELEC_498-Capstone-LiteLM/HLS-Verilog/Scheduler_FSM/src-hls/Head_Helpers/head_helpers.cpp:396]   --->   Operation 929 'phi' 'head_ctx_ref_wl_instruction_1_0' <Predicate = true> <Delay = 0.00>
ST_1 : Operation 930 [1/1] (0.00ns)   --->   "%head_ctx_ref_dma_done_1_0 = phi i1 %p_read_66, void %for.inc, i1 %head_ctx_ref_dma_done_1_1, void %_Z15run_single_headR7HeadCtxib15ControlMemSpaceRb.exit.1" [/home/luka/Scripting/ELEC_498-Capstone-LiteLM/HLS-Verilog/Scheduler_FSM/src-hls/Head_Helpers/head_helpers.cpp:396]   --->   Operation 930 'phi' 'head_ctx_ref_dma_done_1_0' <Predicate = true> <Delay = 0.00>
ST_1 : Operation 931 [1/1] (0.00ns)   --->   "%head_ctx_ref_start_head_1_0 = phi i1 %and_ln416_1, void %for.inc, i1 %head_ctx_ref_start_head_1_1, void %_Z15run_single_headR7HeadCtxib15ControlMemSpaceRb.exit.1" [/home/luka/Scripting/ELEC_498-Capstone-LiteLM/HLS-Verilog/Scheduler_FSM/src-hls/Head_Helpers/head_helpers.cpp:416]   --->   Operation 931 'phi' 'head_ctx_ref_start_head_1_0' <Predicate = true> <Delay = 0.00>
ST_1 : Operation 932 [1/1] (0.00ns)   --->   "%head_ctx_ref_q_started_1_0 = phi i1 %p_read_64, void %for.inc, i1 %head_ctx_ref_q_started_1_2, void %_Z15run_single_headR7HeadCtxib15ControlMemSpaceRb.exit.1" [/home/luka/Scripting/ELEC_498-Capstone-LiteLM/HLS-Verilog/Scheduler_FSM/src-hls/Head_Helpers/head_helpers.cpp:396]   --->   Operation 932 'phi' 'head_ctx_ref_q_started_1_0' <Predicate = true> <Delay = 0.00>
ST_1 : Operation 933 [1/1] (0.00ns)   --->   "%head_ctx_ref_k_started_1_0 = phi i1 %p_read_62, void %for.inc, i1 %head_ctx_ref_k_started_1_2, void %_Z15run_single_headR7HeadCtxib15ControlMemSpaceRb.exit.1" [/home/luka/Scripting/ELEC_498-Capstone-LiteLM/HLS-Verilog/Scheduler_FSM/src-hls/Head_Helpers/head_helpers.cpp:396]   --->   Operation 933 'phi' 'head_ctx_ref_k_started_1_0' <Predicate = true> <Delay = 0.00>
ST_1 : Operation 934 [1/1] (0.00ns)   --->   "%head_ctx_ref_k_requant_started_1_0 = phi i1 %p_read_60, void %for.inc, i1 %head_ctx_ref_k_requant_started_1_2, void %_Z15run_single_headR7HeadCtxib15ControlMemSpaceRb.exit.1" [/home/luka/Scripting/ELEC_498-Capstone-LiteLM/HLS-Verilog/Scheduler_FSM/src-hls/Head_Helpers/head_helpers.cpp:396]   --->   Operation 934 'phi' 'head_ctx_ref_k_requant_started_1_0' <Predicate = true> <Delay = 0.00>
ST_1 : Operation 935 [1/1] (0.00ns)   --->   "%head_ctx_ref_k_writeback_started_1_0 = phi i1 %p_read_58, void %for.inc, i1 %head_ctx_ref_k_writeback_started_1_2, void %_Z15run_single_headR7HeadCtxib15ControlMemSpaceRb.exit.1" [/home/luka/Scripting/ELEC_498-Capstone-LiteLM/HLS-Verilog/Scheduler_FSM/src-hls/Head_Helpers/head_helpers.cpp:396]   --->   Operation 935 'phi' 'head_ctx_ref_k_writeback_started_1_0' <Predicate = true> <Delay = 0.00>
ST_1 : Operation 936 [1/1] (0.00ns)   --->   "%head_ctx_ref_v_started_1_0 = phi i1 %p_read_56, void %for.inc, i1 %head_ctx_ref_v_started_1_2, void %_Z15run_single_headR7HeadCtxib15ControlMemSpaceRb.exit.1" [/home/luka/Scripting/ELEC_498-Capstone-LiteLM/HLS-Verilog/Scheduler_FSM/src-hls/Head_Helpers/head_helpers.cpp:396]   --->   Operation 936 'phi' 'head_ctx_ref_v_started_1_0' <Predicate = true> <Delay = 0.00>
ST_1 : Operation 937 [1/1] (0.00ns)   --->   "%head_ctx_ref_v_requant_started_1_0 = phi i1 %p_read_54, void %for.inc, i1 %head_ctx_ref_v_requant_started_1_2, void %_Z15run_single_headR7HeadCtxib15ControlMemSpaceRb.exit.1" [/home/luka/Scripting/ELEC_498-Capstone-LiteLM/HLS-Verilog/Scheduler_FSM/src-hls/Head_Helpers/head_helpers.cpp:396]   --->   Operation 937 'phi' 'head_ctx_ref_v_requant_started_1_0' <Predicate = true> <Delay = 0.00>
ST_1 : Operation 938 [1/1] (0.00ns)   --->   "%head_ctx_ref_v_writeback_started_1_0 = phi i1 %p_read_52, void %for.inc, i1 %head_ctx_ref_v_writeback_started_1_2, void %_Z15run_single_headR7HeadCtxib15ControlMemSpaceRb.exit.1" [/home/luka/Scripting/ELEC_498-Capstone-LiteLM/HLS-Verilog/Scheduler_FSM/src-hls/Head_Helpers/head_helpers.cpp:396]   --->   Operation 938 'phi' 'head_ctx_ref_v_writeback_started_1_0' <Predicate = true> <Delay = 0.00>
ST_1 : Operation 939 [1/1] (0.00ns)   --->   "%head_ctx_ref_requant_q_started_1_0 = phi i1 %p_read_50, void %for.inc, i1 %head_ctx_ref_requant_q_started_1_2, void %_Z15run_single_headR7HeadCtxib15ControlMemSpaceRb.exit.1" [/home/luka/Scripting/ELEC_498-Capstone-LiteLM/HLS-Verilog/Scheduler_FSM/src-hls/Head_Helpers/head_helpers.cpp:396]   --->   Operation 939 'phi' 'head_ctx_ref_requant_q_started_1_0' <Predicate = true> <Delay = 0.00>
ST_1 : Operation 940 [1/1] (0.00ns)   --->   "%head_ctx_ref_att_scores_started_1_0 = phi i1 %p_read_48, void %for.inc, i1 %head_ctx_ref_att_scores_started_1_2, void %_Z15run_single_headR7HeadCtxib15ControlMemSpaceRb.exit.1" [/home/luka/Scripting/ELEC_498-Capstone-LiteLM/HLS-Verilog/Scheduler_FSM/src-hls/Head_Helpers/head_helpers.cpp:396]   --->   Operation 940 'phi' 'head_ctx_ref_att_scores_started_1_0' <Predicate = true> <Delay = 0.00>
ST_1 : Operation 941 [1/1] (0.00ns)   --->   "%head_ctx_ref_val_scale_started_1_0 = phi i1 %p_read_46, void %for.inc, i1 %head_ctx_ref_val_scale_started_1_2, void %_Z15run_single_headR7HeadCtxib15ControlMemSpaceRb.exit.1" [/home/luka/Scripting/ELEC_498-Capstone-LiteLM/HLS-Verilog/Scheduler_FSM/src-hls/Head_Helpers/head_helpers.cpp:396]   --->   Operation 941 'phi' 'head_ctx_ref_val_scale_started_1_0' <Predicate = true> <Delay = 0.00>
ST_1 : Operation 942 [1/1] (0.00ns)   --->   "%head_ctx_ref_softmax_started_1_0 = phi i1 %p_read_44, void %for.inc, i1 %head_ctx_ref_softmax_started_1_2, void %_Z15run_single_headR7HeadCtxib15ControlMemSpaceRb.exit.1" [/home/luka/Scripting/ELEC_498-Capstone-LiteLM/HLS-Verilog/Scheduler_FSM/src-hls/Head_Helpers/head_helpers.cpp:396]   --->   Operation 942 'phi' 'head_ctx_ref_softmax_started_1_0' <Predicate = true> <Delay = 0.00>
ST_1 : Operation 943 [1/1] (0.00ns)   --->   "%head_ctx_ref_att_value_started_1_0 = phi i1 %p_read_42, void %for.inc, i1 %head_ctx_ref_att_value_started_1_2, void %_Z15run_single_headR7HeadCtxib15ControlMemSpaceRb.exit.1" [/home/luka/Scripting/ELEC_498-Capstone-LiteLM/HLS-Verilog/Scheduler_FSM/src-hls/Head_Helpers/head_helpers.cpp:396]   --->   Operation 943 'phi' 'head_ctx_ref_att_value_started_1_0' <Predicate = true> <Delay = 0.00>
ST_1 : Operation 944 [1/1] (0.00ns)   --->   "%head_ctx_ref_head_requant_started_1_0 = phi i1 %p_read_40, void %for.inc, i1 %head_ctx_ref_head_requant_started_1_2, void %_Z15run_single_headR7HeadCtxib15ControlMemSpaceRb.exit.1" [/home/luka/Scripting/ELEC_498-Capstone-LiteLM/HLS-Verilog/Scheduler_FSM/src-hls/Head_Helpers/head_helpers.cpp:396]   --->   Operation 944 'phi' 'head_ctx_ref_head_requant_started_1_0' <Predicate = true> <Delay = 0.00>
ST_1 : Operation 945 [1/1] (0.00ns)   --->   "%head_ctx_ref_q_compute_done_1_0 = phi i1 %p_read_38, void %for.inc, i1 %head_ctx_ref_q_compute_done_1_4, void %_Z15run_single_headR7HeadCtxib15ControlMemSpaceRb.exit.1" [/home/luka/Scripting/ELEC_498-Capstone-LiteLM/HLS-Verilog/Scheduler_FSM/src-hls/Head_Helpers/head_helpers.cpp:396]   --->   Operation 945 'phi' 'head_ctx_ref_q_compute_done_1_0' <Predicate = true> <Delay = 0.00>
ST_1 : Operation 946 [1/1] (0.00ns)   --->   "%head_ctx_ref_k_compute_done_1_0 = phi i1 %p_read_36, void %for.inc, i1 %head_ctx_ref_k_compute_done_1_4, void %_Z15run_single_headR7HeadCtxib15ControlMemSpaceRb.exit.1" [/home/luka/Scripting/ELEC_498-Capstone-LiteLM/HLS-Verilog/Scheduler_FSM/src-hls/Head_Helpers/head_helpers.cpp:396]   --->   Operation 946 'phi' 'head_ctx_ref_k_compute_done_1_0' <Predicate = true> <Delay = 0.00>
ST_1 : Operation 947 [1/1] (0.00ns)   --->   "%head_ctx_ref_k_requant_compute_done_1_0 = phi i1 %p_read_34, void %for.inc, i1 %head_ctx_ref_k_requant_compute_done_1_4, void %_Z15run_single_headR7HeadCtxib15ControlMemSpaceRb.exit.1" [/home/luka/Scripting/ELEC_498-Capstone-LiteLM/HLS-Verilog/Scheduler_FSM/src-hls/Head_Helpers/head_helpers.cpp:396]   --->   Operation 947 'phi' 'head_ctx_ref_k_requant_compute_done_1_0' <Predicate = true> <Delay = 0.00>
ST_1 : Operation 948 [1/1] (0.00ns)   --->   "%head_ctx_ref_v_compute_done_1_0 = phi i1 %p_read_32, void %for.inc, i1 %head_ctx_ref_v_compute_done_1_4, void %_Z15run_single_headR7HeadCtxib15ControlMemSpaceRb.exit.1" [/home/luka/Scripting/ELEC_498-Capstone-LiteLM/HLS-Verilog/Scheduler_FSM/src-hls/Head_Helpers/head_helpers.cpp:396]   --->   Operation 948 'phi' 'head_ctx_ref_v_compute_done_1_0' <Predicate = true> <Delay = 0.00>
ST_1 : Operation 949 [1/1] (0.00ns)   --->   "%head_ctx_ref_v_requant_compute_done_1_0 = phi i1 %p_read_30, void %for.inc, i1 %head_ctx_ref_v_requant_compute_done_1_4, void %_Z15run_single_headR7HeadCtxib15ControlMemSpaceRb.exit.1" [/home/luka/Scripting/ELEC_498-Capstone-LiteLM/HLS-Verilog/Scheduler_FSM/src-hls/Head_Helpers/head_helpers.cpp:396]   --->   Operation 949 'phi' 'head_ctx_ref_v_requant_compute_done_1_0' <Predicate = true> <Delay = 0.00>
ST_1 : Operation 950 [1/1] (0.00ns)   --->   "%head_ctx_ref_requant_q_compute_done_1_0 = phi i1 %p_read_28, void %for.inc, i1 %head_ctx_ref_requant_q_compute_done_1_4, void %_Z15run_single_headR7HeadCtxib15ControlMemSpaceRb.exit.1" [/home/luka/Scripting/ELEC_498-Capstone-LiteLM/HLS-Verilog/Scheduler_FSM/src-hls/Head_Helpers/head_helpers.cpp:396]   --->   Operation 950 'phi' 'head_ctx_ref_requant_q_compute_done_1_0' <Predicate = true> <Delay = 0.00>
ST_1 : Operation 951 [1/1] (0.00ns)   --->   "%head_ctx_ref_att_scores_compute_done_1_0 = phi i1 %p_read_26, void %for.inc, i1 %head_ctx_ref_att_scores_compute_done_1_4, void %_Z15run_single_headR7HeadCtxib15ControlMemSpaceRb.exit.1" [/home/luka/Scripting/ELEC_498-Capstone-LiteLM/HLS-Verilog/Scheduler_FSM/src-hls/Head_Helpers/head_helpers.cpp:396]   --->   Operation 951 'phi' 'head_ctx_ref_att_scores_compute_done_1_0' <Predicate = true> <Delay = 0.00>
ST_1 : Operation 952 [1/1] (0.00ns)   --->   "%head_ctx_ref_val_scale_compute_done_1_0 = phi i1 %p_read_24, void %for.inc, i1 %head_ctx_ref_val_scale_compute_done_1_4, void %_Z15run_single_headR7HeadCtxib15ControlMemSpaceRb.exit.1" [/home/luka/Scripting/ELEC_498-Capstone-LiteLM/HLS-Verilog/Scheduler_FSM/src-hls/Head_Helpers/head_helpers.cpp:396]   --->   Operation 952 'phi' 'head_ctx_ref_val_scale_compute_done_1_0' <Predicate = true> <Delay = 0.00>
ST_1 : Operation 953 [1/1] (0.00ns)   --->   "%head_ctx_ref_softmax_compute_done_1_0 = phi i1 %p_read_22, void %for.inc, i1 %head_ctx_ref_softmax_compute_done_1_4, void %_Z15run_single_headR7HeadCtxib15ControlMemSpaceRb.exit.1" [/home/luka/Scripting/ELEC_498-Capstone-LiteLM/HLS-Verilog/Scheduler_FSM/src-hls/Head_Helpers/head_helpers.cpp:396]   --->   Operation 953 'phi' 'head_ctx_ref_softmax_compute_done_1_0' <Predicate = true> <Delay = 0.00>
ST_1 : Operation 954 [1/1] (0.00ns)   --->   "%head_ctx_ref_att_value_compute_done_1_0 = phi i1 %p_read_20, void %for.inc, i1 %head_ctx_ref_att_value_compute_done_1_4, void %_Z15run_single_headR7HeadCtxib15ControlMemSpaceRb.exit.1" [/home/luka/Scripting/ELEC_498-Capstone-LiteLM/HLS-Verilog/Scheduler_FSM/src-hls/Head_Helpers/head_helpers.cpp:396]   --->   Operation 954 'phi' 'head_ctx_ref_att_value_compute_done_1_0' <Predicate = true> <Delay = 0.00>
ST_1 : Operation 955 [1/1] (0.00ns)   --->   "%head_ctx_ref_head_requant_compute_done_1_0 = phi i1 %p_read_18, void %for.inc, i1 %head_ctx_ref_head_requant_compute_done_1_4, void %_Z15run_single_headR7HeadCtxib15ControlMemSpaceRb.exit.1" [/home/luka/Scripting/ELEC_498-Capstone-LiteLM/HLS-Verilog/Scheduler_FSM/src-hls/Head_Helpers/head_helpers.cpp:396]   --->   Operation 955 'phi' 'head_ctx_ref_head_requant_compute_done_1_0' <Predicate = true> <Delay = 0.00>
ST_1 : Operation 956 [1/1] (0.00ns)   --->   "%head_ctx_ref_q_dma_done_1_0 = phi i1 %p_read_16, void %for.inc, i1 %head_ctx_ref_q_dma_done_1_5, void %_Z15run_single_headR7HeadCtxib15ControlMemSpaceRb.exit.1" [/home/luka/Scripting/ELEC_498-Capstone-LiteLM/HLS-Verilog/Scheduler_FSM/src-hls/Head_Helpers/head_helpers.cpp:396]   --->   Operation 956 'phi' 'head_ctx_ref_q_dma_done_1_0' <Predicate = true> <Delay = 0.00>
ST_1 : Operation 957 [1/1] (0.00ns)   --->   "%head_ctx_ref_k_dma_done_1_0 = phi i1 %p_read_14, void %for.inc, i1 %head_ctx_ref_k_dma_done_1_5, void %_Z15run_single_headR7HeadCtxib15ControlMemSpaceRb.exit.1" [/home/luka/Scripting/ELEC_498-Capstone-LiteLM/HLS-Verilog/Scheduler_FSM/src-hls/Head_Helpers/head_helpers.cpp:396]   --->   Operation 957 'phi' 'head_ctx_ref_k_dma_done_1_0' <Predicate = true> <Delay = 0.00>
ST_1 : Operation 958 [1/1] (0.00ns)   --->   "%head_ctx_ref_k_writeback_dma_done_1_0 = phi i1 %p_read_12, void %for.inc, i1 %head_ctx_ref_k_writeback_dma_done_1_5, void %_Z15run_single_headR7HeadCtxib15ControlMemSpaceRb.exit.1" [/home/luka/Scripting/ELEC_498-Capstone-LiteLM/HLS-Verilog/Scheduler_FSM/src-hls/Head_Helpers/head_helpers.cpp:396]   --->   Operation 958 'phi' 'head_ctx_ref_k_writeback_dma_done_1_0' <Predicate = true> <Delay = 0.00>
ST_1 : Operation 959 [1/1] (0.00ns)   --->   "%head_ctx_ref_v_dma_done_1_0 = phi i1 %p_read_10, void %for.inc, i1 %head_ctx_ref_v_dma_done_1_5, void %_Z15run_single_headR7HeadCtxib15ControlMemSpaceRb.exit.1" [/home/luka/Scripting/ELEC_498-Capstone-LiteLM/HLS-Verilog/Scheduler_FSM/src-hls/Head_Helpers/head_helpers.cpp:396]   --->   Operation 959 'phi' 'head_ctx_ref_v_dma_done_1_0' <Predicate = true> <Delay = 0.00>
ST_1 : Operation 960 [1/1] (0.00ns)   --->   "%head_ctx_ref_v_writeback_dma_done_1_0 = phi i1 %p_read_8, void %for.inc, i1 %head_ctx_ref_v_writeback_dma_done_1_5, void %_Z15run_single_headR7HeadCtxib15ControlMemSpaceRb.exit.1" [/home/luka/Scripting/ELEC_498-Capstone-LiteLM/HLS-Verilog/Scheduler_FSM/src-hls/Head_Helpers/head_helpers.cpp:396]   --->   Operation 960 'phi' 'head_ctx_ref_v_writeback_dma_done_1_0' <Predicate = true> <Delay = 0.00>
ST_1 : Operation 961 [1/1] (0.00ns)   --->   "%head_ctx_ref_att_scores_dma_done_1_0 = phi i1 %p_read_6, void %for.inc, i1 %head_ctx_ref_att_scores_dma_done_1_5, void %_Z15run_single_headR7HeadCtxib15ControlMemSpaceRb.exit.1" [/home/luka/Scripting/ELEC_498-Capstone-LiteLM/HLS-Verilog/Scheduler_FSM/src-hls/Head_Helpers/head_helpers.cpp:396]   --->   Operation 961 'phi' 'head_ctx_ref_att_scores_dma_done_1_0' <Predicate = true> <Delay = 0.00>
ST_1 : Operation 962 [1/1] (0.00ns)   --->   "%head_ctx_ref_att_value_dma_done_1_0 = phi i1 %p_read_4, void %for.inc, i1 %head_ctx_ref_att_value_dma_done_1_5, void %_Z15run_single_headR7HeadCtxib15ControlMemSpaceRb.exit.1" [/home/luka/Scripting/ELEC_498-Capstone-LiteLM/HLS-Verilog/Scheduler_FSM/src-hls/Head_Helpers/head_helpers.cpp:396]   --->   Operation 962 'phi' 'head_ctx_ref_att_value_dma_done_1_0' <Predicate = true> <Delay = 0.00>
ST_1 : Operation 963 [1/1] (0.00ns)   --->   "%group_finished_1 = phi i1 %group_finished, void %for.inc, i1 %and_ln425, void %_Z15run_single_headR7HeadCtxib15ControlMemSpaceRb.exit.1"   --->   Operation 963 'phi' 'group_finished_1' <Predicate = true> <Delay = 0.00>
ST_1 : Operation 964 [1/1] (0.00ns)   --->   "%zext_ln404_2 = zext i4 %head_ctx_ref_last_wl_addr_1_0" [/home/luka/Scripting/ELEC_498-Capstone-LiteLM/HLS-Verilog/Scheduler_FSM/src-hls/Head_Helpers/head_helpers.cpp:404]   --->   Operation 964 'zext' 'zext_ln404_2' <Predicate = true> <Delay = 0.00>
ST_1 : Operation 965 [1/1] (0.00ns)   --->   "%zext_ln404_3 = zext i4 %head_ctx_ref_phase_1_0" [/home/luka/Scripting/ELEC_498-Capstone-LiteLM/HLS-Verilog/Scheduler_FSM/src-hls/Head_Helpers/head_helpers.cpp:404]   --->   Operation 965 'zext' 'zext_ln404_3' <Predicate = true> <Delay = 0.00>
ST_1 : Operation 966 [1/1] (0.00ns)   --->   "%mrv = insertvalue i429 <undef>, i1 %group_finished_1" [/home/luka/Scripting/ELEC_498-Capstone-LiteLM/HLS-Verilog/Scheduler_FSM/src-hls/Head_Helpers/head_helpers.cpp:430]   --->   Operation 966 'insertvalue' 'mrv' <Predicate = true> <Delay = 0.00>
ST_1 : Operation 967 [1/1] (0.00ns)   --->   "%mrv_1 = insertvalue i429 %mrv, i32 %head_ctx_ref_layer_stamp_0_1" [/home/luka/Scripting/ELEC_498-Capstone-LiteLM/HLS-Verilog/Scheduler_FSM/src-hls/Head_Helpers/head_helpers.cpp:430]   --->   Operation 967 'insertvalue' 'mrv_1' <Predicate = true> <Delay = 0.00>
ST_1 : Operation 968 [1/1] (0.00ns)   --->   "%mrv_2 = insertvalue i429 %mrv_1, i32 %head_ctx_ref_layer_stamp_1_0" [/home/luka/Scripting/ELEC_498-Capstone-LiteLM/HLS-Verilog/Scheduler_FSM/src-hls/Head_Helpers/head_helpers.cpp:430]   --->   Operation 968 'insertvalue' 'mrv_2' <Predicate = true> <Delay = 0.00>
ST_1 : Operation 969 [1/1] (0.00ns)   --->   "%mrv_3 = insertvalue i429 %mrv_2, i32 %p_read_85" [/home/luka/Scripting/ELEC_498-Capstone-LiteLM/HLS-Verilog/Scheduler_FSM/src-hls/Head_Helpers/head_helpers.cpp:430]   --->   Operation 969 'insertvalue' 'mrv_3' <Predicate = true> <Delay = 0.00>
ST_1 : Operation 970 [1/1] (0.00ns)   --->   "%mrv_4 = insertvalue i429 %mrv_3, i32 %p_read_84" [/home/luka/Scripting/ELEC_498-Capstone-LiteLM/HLS-Verilog/Scheduler_FSM/src-hls/Head_Helpers/head_helpers.cpp:430]   --->   Operation 970 'insertvalue' 'mrv_4' <Predicate = true> <Delay = 0.00>
ST_1 : Operation 971 [1/1] (0.00ns)   --->   "%mrv_5 = insertvalue i429 %mrv_4, i8 %zext_ln404_1" [/home/luka/Scripting/ELEC_498-Capstone-LiteLM/HLS-Verilog/Scheduler_FSM/src-hls/Head_Helpers/head_helpers.cpp:430]   --->   Operation 971 'insertvalue' 'mrv_5' <Predicate = true> <Delay = 0.00>
ST_1 : Operation 972 [1/1] (0.00ns)   --->   "%mrv_6 = insertvalue i429 %mrv_5, i8 %zext_ln404_3" [/home/luka/Scripting/ELEC_498-Capstone-LiteLM/HLS-Verilog/Scheduler_FSM/src-hls/Head_Helpers/head_helpers.cpp:430]   --->   Operation 972 'insertvalue' 'mrv_6' <Predicate = true> <Delay = 0.00>
ST_1 : Operation 973 [1/1] (0.00ns)   --->   "%mrv_7 = insertvalue i429 %mrv_6, i1 %head_ctx_ref_compute_ready_0_2" [/home/luka/Scripting/ELEC_498-Capstone-LiteLM/HLS-Verilog/Scheduler_FSM/src-hls/Head_Helpers/head_helpers.cpp:430]   --->   Operation 973 'insertvalue' 'mrv_7' <Predicate = true> <Delay = 0.00>
ST_1 : Operation 974 [1/1] (0.00ns)   --->   "%mrv_8 = insertvalue i429 %mrv_7, i1 %head_ctx_ref_compute_ready_1_0" [/home/luka/Scripting/ELEC_498-Capstone-LiteLM/HLS-Verilog/Scheduler_FSM/src-hls/Head_Helpers/head_helpers.cpp:430]   --->   Operation 974 'insertvalue' 'mrv_8' <Predicate = true> <Delay = 0.00>
ST_1 : Operation 975 [1/1] (0.00ns)   --->   "%mrv_9 = insertvalue i429 %mrv_8, i1 %head_ctx_ref_compute_done_0_2" [/home/luka/Scripting/ELEC_498-Capstone-LiteLM/HLS-Verilog/Scheduler_FSM/src-hls/Head_Helpers/head_helpers.cpp:430]   --->   Operation 975 'insertvalue' 'mrv_9' <Predicate = true> <Delay = 0.00>
ST_1 : Operation 976 [1/1] (0.00ns)   --->   "%mrv_10 = insertvalue i429 %mrv_9, i1 %head_ctx_ref_compute_done_1_0" [/home/luka/Scripting/ELEC_498-Capstone-LiteLM/HLS-Verilog/Scheduler_FSM/src-hls/Head_Helpers/head_helpers.cpp:430]   --->   Operation 976 'insertvalue' 'mrv_10' <Predicate = true> <Delay = 0.00>
ST_1 : Operation 977 [1/1] (0.00ns)   --->   "%mrv_11 = insertvalue i429 %mrv_10, i1 %head_ctx_ref_compute_start_0_3" [/home/luka/Scripting/ELEC_498-Capstone-LiteLM/HLS-Verilog/Scheduler_FSM/src-hls/Head_Helpers/head_helpers.cpp:430]   --->   Operation 977 'insertvalue' 'mrv_11' <Predicate = true> <Delay = 0.00>
ST_1 : Operation 978 [1/1] (0.00ns)   --->   "%mrv_12 = insertvalue i429 %mrv_11, i1 %head_ctx_ref_compute_start_1_0" [/home/luka/Scripting/ELEC_498-Capstone-LiteLM/HLS-Verilog/Scheduler_FSM/src-hls/Head_Helpers/head_helpers.cpp:430]   --->   Operation 978 'insertvalue' 'mrv_12' <Predicate = true> <Delay = 0.00>
ST_1 : Operation 979 [1/1] (0.00ns)   --->   "%mrv_13 = insertvalue i429 %mrv_12, i32 %head_ctx_ref_compute_op_0_3" [/home/luka/Scripting/ELEC_498-Capstone-LiteLM/HLS-Verilog/Scheduler_FSM/src-hls/Head_Helpers/head_helpers.cpp:430]   --->   Operation 979 'insertvalue' 'mrv_13' <Predicate = true> <Delay = 0.00>
ST_1 : Operation 980 [1/1] (0.00ns)   --->   "%mrv_14 = insertvalue i429 %mrv_13, i32 %head_ctx_ref_compute_op_1_0" [/home/luka/Scripting/ELEC_498-Capstone-LiteLM/HLS-Verilog/Scheduler_FSM/src-hls/Head_Helpers/head_helpers.cpp:430]   --->   Operation 980 'insertvalue' 'mrv_14' <Predicate = true> <Delay = 0.00>
ST_1 : Operation 981 [1/1] (0.00ns)   --->   "%mrv_15 = insertvalue i429 %mrv_14, i32 %head_ctx_ref_last_compute_op_0_2" [/home/luka/Scripting/ELEC_498-Capstone-LiteLM/HLS-Verilog/Scheduler_FSM/src-hls/Head_Helpers/head_helpers.cpp:430]   --->   Operation 981 'insertvalue' 'mrv_15' <Predicate = true> <Delay = 0.00>
ST_1 : Operation 982 [1/1] (0.00ns)   --->   "%mrv_16 = insertvalue i429 %mrv_15, i32 %head_ctx_ref_last_compute_op_1_0" [/home/luka/Scripting/ELEC_498-Capstone-LiteLM/HLS-Verilog/Scheduler_FSM/src-hls/Head_Helpers/head_helpers.cpp:430]   --->   Operation 982 'insertvalue' 'mrv_16' <Predicate = true> <Delay = 0.00>
ST_1 : Operation 983 [1/1] (0.00ns)   --->   "%mrv_17 = insertvalue i429 %mrv_16, i8 %zext_ln404" [/home/luka/Scripting/ELEC_498-Capstone-LiteLM/HLS-Verilog/Scheduler_FSM/src-hls/Head_Helpers/head_helpers.cpp:430]   --->   Operation 983 'insertvalue' 'mrv_17' <Predicate = true> <Delay = 0.00>
ST_1 : Operation 984 [1/1] (0.00ns)   --->   "%mrv_18 = insertvalue i429 %mrv_17, i8 %zext_ln404_2" [/home/luka/Scripting/ELEC_498-Capstone-LiteLM/HLS-Verilog/Scheduler_FSM/src-hls/Head_Helpers/head_helpers.cpp:430]   --->   Operation 984 'insertvalue' 'mrv_18' <Predicate = true> <Delay = 0.00>
ST_1 : Operation 985 [1/1] (0.00ns)   --->   "%mrv_19 = insertvalue i429 %mrv_18, i1 %head_ctx_ref_wl_ready_0_1" [/home/luka/Scripting/ELEC_498-Capstone-LiteLM/HLS-Verilog/Scheduler_FSM/src-hls/Head_Helpers/head_helpers.cpp:430]   --->   Operation 985 'insertvalue' 'mrv_19' <Predicate = true> <Delay = 0.00>
ST_1 : Operation 986 [1/1] (0.00ns)   --->   "%mrv_20 = insertvalue i429 %mrv_19, i1 %head_ctx_ref_wl_ready_1_0" [/home/luka/Scripting/ELEC_498-Capstone-LiteLM/HLS-Verilog/Scheduler_FSM/src-hls/Head_Helpers/head_helpers.cpp:430]   --->   Operation 986 'insertvalue' 'mrv_20' <Predicate = true> <Delay = 0.00>
ST_1 : Operation 987 [1/1] (0.00ns)   --->   "%mrv_21 = insertvalue i429 %mrv_20, i1 %head_ctx_ref_wl_start_0_3" [/home/luka/Scripting/ELEC_498-Capstone-LiteLM/HLS-Verilog/Scheduler_FSM/src-hls/Head_Helpers/head_helpers.cpp:430]   --->   Operation 987 'insertvalue' 'mrv_21' <Predicate = true> <Delay = 0.00>
ST_1 : Operation 988 [1/1] (0.00ns)   --->   "%mrv_22 = insertvalue i429 %mrv_21, i1 %head_ctx_ref_wl_start_1_0" [/home/luka/Scripting/ELEC_498-Capstone-LiteLM/HLS-Verilog/Scheduler_FSM/src-hls/Head_Helpers/head_helpers.cpp:430]   --->   Operation 988 'insertvalue' 'mrv_22' <Predicate = true> <Delay = 0.00>
ST_1 : Operation 989 [1/1] (0.00ns)   --->   "%mrv_23 = insertvalue i429 %mrv_22, i32 %head_ctx_ref_wl_instruction_0_3" [/home/luka/Scripting/ELEC_498-Capstone-LiteLM/HLS-Verilog/Scheduler_FSM/src-hls/Head_Helpers/head_helpers.cpp:430]   --->   Operation 989 'insertvalue' 'mrv_23' <Predicate = true> <Delay = 0.00>
ST_1 : Operation 990 [1/1] (0.00ns)   --->   "%mrv_24 = insertvalue i429 %mrv_23, i32 %head_ctx_ref_wl_instruction_1_0" [/home/luka/Scripting/ELEC_498-Capstone-LiteLM/HLS-Verilog/Scheduler_FSM/src-hls/Head_Helpers/head_helpers.cpp:430]   --->   Operation 990 'insertvalue' 'mrv_24' <Predicate = true> <Delay = 0.00>
ST_1 : Operation 991 [1/1] (0.00ns)   --->   "%mrv_25 = insertvalue i429 %mrv_24, i1 %head_ctx_ref_dma_done_0_1" [/home/luka/Scripting/ELEC_498-Capstone-LiteLM/HLS-Verilog/Scheduler_FSM/src-hls/Head_Helpers/head_helpers.cpp:430]   --->   Operation 991 'insertvalue' 'mrv_25' <Predicate = true> <Delay = 0.00>
ST_1 : Operation 992 [1/1] (0.00ns)   --->   "%mrv_26 = insertvalue i429 %mrv_25, i1 %head_ctx_ref_dma_done_1_0" [/home/luka/Scripting/ELEC_498-Capstone-LiteLM/HLS-Verilog/Scheduler_FSM/src-hls/Head_Helpers/head_helpers.cpp:430]   --->   Operation 992 'insertvalue' 'mrv_26' <Predicate = true> <Delay = 0.00>
ST_1 : Operation 993 [1/1] (0.00ns)   --->   "%mrv_27 = insertvalue i429 %mrv_26, i1 %head_ctx_ref_start_head_0_1" [/home/luka/Scripting/ELEC_498-Capstone-LiteLM/HLS-Verilog/Scheduler_FSM/src-hls/Head_Helpers/head_helpers.cpp:430]   --->   Operation 993 'insertvalue' 'mrv_27' <Predicate = true> <Delay = 0.00>
ST_1 : Operation 994 [1/1] (0.00ns)   --->   "%mrv_28 = insertvalue i429 %mrv_27, i1 %head_ctx_ref_start_head_1_0" [/home/luka/Scripting/ELEC_498-Capstone-LiteLM/HLS-Verilog/Scheduler_FSM/src-hls/Head_Helpers/head_helpers.cpp:430]   --->   Operation 994 'insertvalue' 'mrv_28' <Predicate = true> <Delay = 0.00>
ST_1 : Operation 995 [1/1] (0.00ns)   --->   "%mrv_29 = insertvalue i429 %mrv_28, i1 %head_ctx_ref_q_started_0_2" [/home/luka/Scripting/ELEC_498-Capstone-LiteLM/HLS-Verilog/Scheduler_FSM/src-hls/Head_Helpers/head_helpers.cpp:430]   --->   Operation 995 'insertvalue' 'mrv_29' <Predicate = true> <Delay = 0.00>
ST_1 : Operation 996 [1/1] (0.00ns)   --->   "%mrv_30 = insertvalue i429 %mrv_29, i1 %head_ctx_ref_q_started_1_0" [/home/luka/Scripting/ELEC_498-Capstone-LiteLM/HLS-Verilog/Scheduler_FSM/src-hls/Head_Helpers/head_helpers.cpp:430]   --->   Operation 996 'insertvalue' 'mrv_30' <Predicate = true> <Delay = 0.00>
ST_1 : Operation 997 [1/1] (0.00ns)   --->   "%mrv_31 = insertvalue i429 %mrv_30, i1 %head_ctx_ref_k_started_0_2" [/home/luka/Scripting/ELEC_498-Capstone-LiteLM/HLS-Verilog/Scheduler_FSM/src-hls/Head_Helpers/head_helpers.cpp:430]   --->   Operation 997 'insertvalue' 'mrv_31' <Predicate = true> <Delay = 0.00>
ST_1 : Operation 998 [1/1] (0.00ns)   --->   "%mrv_32 = insertvalue i429 %mrv_31, i1 %head_ctx_ref_k_started_1_0" [/home/luka/Scripting/ELEC_498-Capstone-LiteLM/HLS-Verilog/Scheduler_FSM/src-hls/Head_Helpers/head_helpers.cpp:430]   --->   Operation 998 'insertvalue' 'mrv_32' <Predicate = true> <Delay = 0.00>
ST_1 : Operation 999 [1/1] (0.00ns)   --->   "%mrv_33 = insertvalue i429 %mrv_32, i1 %head_ctx_ref_k_requant_started_0_2" [/home/luka/Scripting/ELEC_498-Capstone-LiteLM/HLS-Verilog/Scheduler_FSM/src-hls/Head_Helpers/head_helpers.cpp:430]   --->   Operation 999 'insertvalue' 'mrv_33' <Predicate = true> <Delay = 0.00>
ST_1 : Operation 1000 [1/1] (0.00ns)   --->   "%mrv_34 = insertvalue i429 %mrv_33, i1 %head_ctx_ref_k_requant_started_1_0" [/home/luka/Scripting/ELEC_498-Capstone-LiteLM/HLS-Verilog/Scheduler_FSM/src-hls/Head_Helpers/head_helpers.cpp:430]   --->   Operation 1000 'insertvalue' 'mrv_34' <Predicate = true> <Delay = 0.00>
ST_1 : Operation 1001 [1/1] (0.00ns)   --->   "%mrv_35 = insertvalue i429 %mrv_34, i1 %head_ctx_ref_k_writeback_started_0_2" [/home/luka/Scripting/ELEC_498-Capstone-LiteLM/HLS-Verilog/Scheduler_FSM/src-hls/Head_Helpers/head_helpers.cpp:430]   --->   Operation 1001 'insertvalue' 'mrv_35' <Predicate = true> <Delay = 0.00>
ST_1 : Operation 1002 [1/1] (0.00ns)   --->   "%mrv_36 = insertvalue i429 %mrv_35, i1 %head_ctx_ref_k_writeback_started_1_0" [/home/luka/Scripting/ELEC_498-Capstone-LiteLM/HLS-Verilog/Scheduler_FSM/src-hls/Head_Helpers/head_helpers.cpp:430]   --->   Operation 1002 'insertvalue' 'mrv_36' <Predicate = true> <Delay = 0.00>
ST_1 : Operation 1003 [1/1] (0.00ns)   --->   "%mrv_37 = insertvalue i429 %mrv_36, i1 %head_ctx_ref_v_started_0_2" [/home/luka/Scripting/ELEC_498-Capstone-LiteLM/HLS-Verilog/Scheduler_FSM/src-hls/Head_Helpers/head_helpers.cpp:430]   --->   Operation 1003 'insertvalue' 'mrv_37' <Predicate = true> <Delay = 0.00>
ST_1 : Operation 1004 [1/1] (0.00ns)   --->   "%mrv_38 = insertvalue i429 %mrv_37, i1 %head_ctx_ref_v_started_1_0" [/home/luka/Scripting/ELEC_498-Capstone-LiteLM/HLS-Verilog/Scheduler_FSM/src-hls/Head_Helpers/head_helpers.cpp:430]   --->   Operation 1004 'insertvalue' 'mrv_38' <Predicate = true> <Delay = 0.00>
ST_1 : Operation 1005 [1/1] (0.00ns)   --->   "%mrv_39 = insertvalue i429 %mrv_38, i1 %head_ctx_ref_v_requant_started_0_2" [/home/luka/Scripting/ELEC_498-Capstone-LiteLM/HLS-Verilog/Scheduler_FSM/src-hls/Head_Helpers/head_helpers.cpp:430]   --->   Operation 1005 'insertvalue' 'mrv_39' <Predicate = true> <Delay = 0.00>
ST_1 : Operation 1006 [1/1] (0.00ns)   --->   "%mrv_40 = insertvalue i429 %mrv_39, i1 %head_ctx_ref_v_requant_started_1_0" [/home/luka/Scripting/ELEC_498-Capstone-LiteLM/HLS-Verilog/Scheduler_FSM/src-hls/Head_Helpers/head_helpers.cpp:430]   --->   Operation 1006 'insertvalue' 'mrv_40' <Predicate = true> <Delay = 0.00>
ST_1 : Operation 1007 [1/1] (0.00ns)   --->   "%mrv_41 = insertvalue i429 %mrv_40, i1 %head_ctx_ref_v_writeback_started_0_2" [/home/luka/Scripting/ELEC_498-Capstone-LiteLM/HLS-Verilog/Scheduler_FSM/src-hls/Head_Helpers/head_helpers.cpp:430]   --->   Operation 1007 'insertvalue' 'mrv_41' <Predicate = true> <Delay = 0.00>
ST_1 : Operation 1008 [1/1] (0.00ns)   --->   "%mrv_42 = insertvalue i429 %mrv_41, i1 %head_ctx_ref_v_writeback_started_1_0" [/home/luka/Scripting/ELEC_498-Capstone-LiteLM/HLS-Verilog/Scheduler_FSM/src-hls/Head_Helpers/head_helpers.cpp:430]   --->   Operation 1008 'insertvalue' 'mrv_42' <Predicate = true> <Delay = 0.00>
ST_1 : Operation 1009 [1/1] (0.00ns)   --->   "%mrv_43 = insertvalue i429 %mrv_42, i1 %head_ctx_ref_requant_q_started_0_2" [/home/luka/Scripting/ELEC_498-Capstone-LiteLM/HLS-Verilog/Scheduler_FSM/src-hls/Head_Helpers/head_helpers.cpp:430]   --->   Operation 1009 'insertvalue' 'mrv_43' <Predicate = true> <Delay = 0.00>
ST_1 : Operation 1010 [1/1] (0.00ns)   --->   "%mrv_s = insertvalue i429 %mrv_43, i1 %head_ctx_ref_requant_q_started_1_0" [/home/luka/Scripting/ELEC_498-Capstone-LiteLM/HLS-Verilog/Scheduler_FSM/src-hls/Head_Helpers/head_helpers.cpp:430]   --->   Operation 1010 'insertvalue' 'mrv_s' <Predicate = true> <Delay = 0.00>
ST_1 : Operation 1011 [1/1] (0.00ns)   --->   "%mrv_44 = insertvalue i429 %mrv_s, i1 %head_ctx_ref_att_scores_started_0_2" [/home/luka/Scripting/ELEC_498-Capstone-LiteLM/HLS-Verilog/Scheduler_FSM/src-hls/Head_Helpers/head_helpers.cpp:430]   --->   Operation 1011 'insertvalue' 'mrv_44' <Predicate = true> <Delay = 0.00>
ST_1 : Operation 1012 [1/1] (0.00ns)   --->   "%mrv_45 = insertvalue i429 %mrv_44, i1 %head_ctx_ref_att_scores_started_1_0" [/home/luka/Scripting/ELEC_498-Capstone-LiteLM/HLS-Verilog/Scheduler_FSM/src-hls/Head_Helpers/head_helpers.cpp:430]   --->   Operation 1012 'insertvalue' 'mrv_45' <Predicate = true> <Delay = 0.00>
ST_1 : Operation 1013 [1/1] (0.00ns)   --->   "%mrv_46 = insertvalue i429 %mrv_45, i1 %head_ctx_ref_val_scale_started_0_2" [/home/luka/Scripting/ELEC_498-Capstone-LiteLM/HLS-Verilog/Scheduler_FSM/src-hls/Head_Helpers/head_helpers.cpp:430]   --->   Operation 1013 'insertvalue' 'mrv_46' <Predicate = true> <Delay = 0.00>
ST_1 : Operation 1014 [1/1] (0.00ns)   --->   "%mrv_47 = insertvalue i429 %mrv_46, i1 %head_ctx_ref_val_scale_started_1_0" [/home/luka/Scripting/ELEC_498-Capstone-LiteLM/HLS-Verilog/Scheduler_FSM/src-hls/Head_Helpers/head_helpers.cpp:430]   --->   Operation 1014 'insertvalue' 'mrv_47' <Predicate = true> <Delay = 0.00>
ST_1 : Operation 1015 [1/1] (0.00ns)   --->   "%mrv_48 = insertvalue i429 %mrv_47, i1 %head_ctx_ref_softmax_started_0_2" [/home/luka/Scripting/ELEC_498-Capstone-LiteLM/HLS-Verilog/Scheduler_FSM/src-hls/Head_Helpers/head_helpers.cpp:430]   --->   Operation 1015 'insertvalue' 'mrv_48' <Predicate = true> <Delay = 0.00>
ST_1 : Operation 1016 [1/1] (0.00ns)   --->   "%mrv_49 = insertvalue i429 %mrv_48, i1 %head_ctx_ref_softmax_started_1_0" [/home/luka/Scripting/ELEC_498-Capstone-LiteLM/HLS-Verilog/Scheduler_FSM/src-hls/Head_Helpers/head_helpers.cpp:430]   --->   Operation 1016 'insertvalue' 'mrv_49' <Predicate = true> <Delay = 0.00>
ST_1 : Operation 1017 [1/1] (0.00ns)   --->   "%mrv_50 = insertvalue i429 %mrv_49, i1 %head_ctx_ref_att_value_started_0_2" [/home/luka/Scripting/ELEC_498-Capstone-LiteLM/HLS-Verilog/Scheduler_FSM/src-hls/Head_Helpers/head_helpers.cpp:430]   --->   Operation 1017 'insertvalue' 'mrv_50' <Predicate = true> <Delay = 0.00>
ST_1 : Operation 1018 [1/1] (0.00ns)   --->   "%mrv_51 = insertvalue i429 %mrv_50, i1 %head_ctx_ref_att_value_started_1_0" [/home/luka/Scripting/ELEC_498-Capstone-LiteLM/HLS-Verilog/Scheduler_FSM/src-hls/Head_Helpers/head_helpers.cpp:430]   --->   Operation 1018 'insertvalue' 'mrv_51' <Predicate = true> <Delay = 0.00>
ST_1 : Operation 1019 [1/1] (0.00ns)   --->   "%mrv_52 = insertvalue i429 %mrv_51, i1 %head_ctx_ref_head_requant_started_0_2" [/home/luka/Scripting/ELEC_498-Capstone-LiteLM/HLS-Verilog/Scheduler_FSM/src-hls/Head_Helpers/head_helpers.cpp:430]   --->   Operation 1019 'insertvalue' 'mrv_52' <Predicate = true> <Delay = 0.00>
ST_1 : Operation 1020 [1/1] (0.00ns)   --->   "%mrv_53 = insertvalue i429 %mrv_52, i1 %head_ctx_ref_head_requant_started_1_0" [/home/luka/Scripting/ELEC_498-Capstone-LiteLM/HLS-Verilog/Scheduler_FSM/src-hls/Head_Helpers/head_helpers.cpp:430]   --->   Operation 1020 'insertvalue' 'mrv_53' <Predicate = true> <Delay = 0.00>
ST_1 : Operation 1021 [1/1] (0.00ns)   --->   "%mrv_54 = insertvalue i429 %mrv_53, i1 %head_ctx_ref_q_compute_done_0_4" [/home/luka/Scripting/ELEC_498-Capstone-LiteLM/HLS-Verilog/Scheduler_FSM/src-hls/Head_Helpers/head_helpers.cpp:430]   --->   Operation 1021 'insertvalue' 'mrv_54' <Predicate = true> <Delay = 0.00>
ST_1 : Operation 1022 [1/1] (0.00ns)   --->   "%mrv_55 = insertvalue i429 %mrv_54, i1 %head_ctx_ref_q_compute_done_1_0" [/home/luka/Scripting/ELEC_498-Capstone-LiteLM/HLS-Verilog/Scheduler_FSM/src-hls/Head_Helpers/head_helpers.cpp:430]   --->   Operation 1022 'insertvalue' 'mrv_55' <Predicate = true> <Delay = 0.00>
ST_1 : Operation 1023 [1/1] (0.00ns)   --->   "%mrv_56 = insertvalue i429 %mrv_55, i1 %head_ctx_ref_k_compute_done_0_4" [/home/luka/Scripting/ELEC_498-Capstone-LiteLM/HLS-Verilog/Scheduler_FSM/src-hls/Head_Helpers/head_helpers.cpp:430]   --->   Operation 1023 'insertvalue' 'mrv_56' <Predicate = true> <Delay = 0.00>
ST_1 : Operation 1024 [1/1] (0.00ns)   --->   "%mrv_57 = insertvalue i429 %mrv_56, i1 %head_ctx_ref_k_compute_done_1_0" [/home/luka/Scripting/ELEC_498-Capstone-LiteLM/HLS-Verilog/Scheduler_FSM/src-hls/Head_Helpers/head_helpers.cpp:430]   --->   Operation 1024 'insertvalue' 'mrv_57' <Predicate = true> <Delay = 0.00>
ST_1 : Operation 1025 [1/1] (0.00ns)   --->   "%mrv_58 = insertvalue i429 %mrv_57, i1 %head_ctx_ref_k_requant_compute_done_0_4" [/home/luka/Scripting/ELEC_498-Capstone-LiteLM/HLS-Verilog/Scheduler_FSM/src-hls/Head_Helpers/head_helpers.cpp:430]   --->   Operation 1025 'insertvalue' 'mrv_58' <Predicate = true> <Delay = 0.00>
ST_1 : Operation 1026 [1/1] (0.00ns)   --->   "%mrv_59 = insertvalue i429 %mrv_58, i1 %head_ctx_ref_k_requant_compute_done_1_0" [/home/luka/Scripting/ELEC_498-Capstone-LiteLM/HLS-Verilog/Scheduler_FSM/src-hls/Head_Helpers/head_helpers.cpp:430]   --->   Operation 1026 'insertvalue' 'mrv_59' <Predicate = true> <Delay = 0.00>
ST_1 : Operation 1027 [1/1] (0.00ns)   --->   "%mrv_60 = insertvalue i429 %mrv_59, i1 %head_ctx_ref_v_compute_done_0_4" [/home/luka/Scripting/ELEC_498-Capstone-LiteLM/HLS-Verilog/Scheduler_FSM/src-hls/Head_Helpers/head_helpers.cpp:430]   --->   Operation 1027 'insertvalue' 'mrv_60' <Predicate = true> <Delay = 0.00>
ST_1 : Operation 1028 [1/1] (0.00ns)   --->   "%mrv_61 = insertvalue i429 %mrv_60, i1 %head_ctx_ref_v_compute_done_1_0" [/home/luka/Scripting/ELEC_498-Capstone-LiteLM/HLS-Verilog/Scheduler_FSM/src-hls/Head_Helpers/head_helpers.cpp:430]   --->   Operation 1028 'insertvalue' 'mrv_61' <Predicate = true> <Delay = 0.00>
ST_1 : Operation 1029 [1/1] (0.00ns)   --->   "%mrv_62 = insertvalue i429 %mrv_61, i1 %head_ctx_ref_v_requant_compute_done_0_4" [/home/luka/Scripting/ELEC_498-Capstone-LiteLM/HLS-Verilog/Scheduler_FSM/src-hls/Head_Helpers/head_helpers.cpp:430]   --->   Operation 1029 'insertvalue' 'mrv_62' <Predicate = true> <Delay = 0.00>
ST_1 : Operation 1030 [1/1] (0.00ns)   --->   "%mrv_63 = insertvalue i429 %mrv_62, i1 %head_ctx_ref_v_requant_compute_done_1_0" [/home/luka/Scripting/ELEC_498-Capstone-LiteLM/HLS-Verilog/Scheduler_FSM/src-hls/Head_Helpers/head_helpers.cpp:430]   --->   Operation 1030 'insertvalue' 'mrv_63' <Predicate = true> <Delay = 0.00>
ST_1 : Operation 1031 [1/1] (0.00ns)   --->   "%mrv_64 = insertvalue i429 %mrv_63, i1 %head_ctx_ref_requant_q_compute_done_0_4" [/home/luka/Scripting/ELEC_498-Capstone-LiteLM/HLS-Verilog/Scheduler_FSM/src-hls/Head_Helpers/head_helpers.cpp:430]   --->   Operation 1031 'insertvalue' 'mrv_64' <Predicate = true> <Delay = 0.00>
ST_1 : Operation 1032 [1/1] (0.00ns)   --->   "%mrv_65 = insertvalue i429 %mrv_64, i1 %head_ctx_ref_requant_q_compute_done_1_0" [/home/luka/Scripting/ELEC_498-Capstone-LiteLM/HLS-Verilog/Scheduler_FSM/src-hls/Head_Helpers/head_helpers.cpp:430]   --->   Operation 1032 'insertvalue' 'mrv_65' <Predicate = true> <Delay = 0.00>
ST_1 : Operation 1033 [1/1] (0.00ns)   --->   "%mrv_66 = insertvalue i429 %mrv_65, i1 %head_ctx_ref_att_scores_compute_done_0_4" [/home/luka/Scripting/ELEC_498-Capstone-LiteLM/HLS-Verilog/Scheduler_FSM/src-hls/Head_Helpers/head_helpers.cpp:430]   --->   Operation 1033 'insertvalue' 'mrv_66' <Predicate = true> <Delay = 0.00>
ST_1 : Operation 1034 [1/1] (0.00ns)   --->   "%mrv_67 = insertvalue i429 %mrv_66, i1 %head_ctx_ref_att_scores_compute_done_1_0" [/home/luka/Scripting/ELEC_498-Capstone-LiteLM/HLS-Verilog/Scheduler_FSM/src-hls/Head_Helpers/head_helpers.cpp:430]   --->   Operation 1034 'insertvalue' 'mrv_67' <Predicate = true> <Delay = 0.00>
ST_1 : Operation 1035 [1/1] (0.00ns)   --->   "%mrv_68 = insertvalue i429 %mrv_67, i1 %head_ctx_ref_val_scale_compute_done_0_4" [/home/luka/Scripting/ELEC_498-Capstone-LiteLM/HLS-Verilog/Scheduler_FSM/src-hls/Head_Helpers/head_helpers.cpp:430]   --->   Operation 1035 'insertvalue' 'mrv_68' <Predicate = true> <Delay = 0.00>
ST_1 : Operation 1036 [1/1] (0.00ns)   --->   "%mrv_69 = insertvalue i429 %mrv_68, i1 %head_ctx_ref_val_scale_compute_done_1_0" [/home/luka/Scripting/ELEC_498-Capstone-LiteLM/HLS-Verilog/Scheduler_FSM/src-hls/Head_Helpers/head_helpers.cpp:430]   --->   Operation 1036 'insertvalue' 'mrv_69' <Predicate = true> <Delay = 0.00>
ST_1 : Operation 1037 [1/1] (0.00ns)   --->   "%mrv_70 = insertvalue i429 %mrv_69, i1 %head_ctx_ref_softmax_compute_done_0_4" [/home/luka/Scripting/ELEC_498-Capstone-LiteLM/HLS-Verilog/Scheduler_FSM/src-hls/Head_Helpers/head_helpers.cpp:430]   --->   Operation 1037 'insertvalue' 'mrv_70' <Predicate = true> <Delay = 0.00>
ST_1 : Operation 1038 [1/1] (0.00ns)   --->   "%mrv_71 = insertvalue i429 %mrv_70, i1 %head_ctx_ref_softmax_compute_done_1_0" [/home/luka/Scripting/ELEC_498-Capstone-LiteLM/HLS-Verilog/Scheduler_FSM/src-hls/Head_Helpers/head_helpers.cpp:430]   --->   Operation 1038 'insertvalue' 'mrv_71' <Predicate = true> <Delay = 0.00>
ST_1 : Operation 1039 [1/1] (0.00ns)   --->   "%mrv_72 = insertvalue i429 %mrv_71, i1 %head_ctx_ref_att_value_compute_done_0_4" [/home/luka/Scripting/ELEC_498-Capstone-LiteLM/HLS-Verilog/Scheduler_FSM/src-hls/Head_Helpers/head_helpers.cpp:430]   --->   Operation 1039 'insertvalue' 'mrv_72' <Predicate = true> <Delay = 0.00>
ST_1 : Operation 1040 [1/1] (0.00ns)   --->   "%mrv_73 = insertvalue i429 %mrv_72, i1 %head_ctx_ref_att_value_compute_done_1_0" [/home/luka/Scripting/ELEC_498-Capstone-LiteLM/HLS-Verilog/Scheduler_FSM/src-hls/Head_Helpers/head_helpers.cpp:430]   --->   Operation 1040 'insertvalue' 'mrv_73' <Predicate = true> <Delay = 0.00>
ST_1 : Operation 1041 [1/1] (0.00ns)   --->   "%mrv_74 = insertvalue i429 %mrv_73, i1 %head_ctx_ref_head_requant_compute_done_0_4" [/home/luka/Scripting/ELEC_498-Capstone-LiteLM/HLS-Verilog/Scheduler_FSM/src-hls/Head_Helpers/head_helpers.cpp:430]   --->   Operation 1041 'insertvalue' 'mrv_74' <Predicate = true> <Delay = 0.00>
ST_1 : Operation 1042 [1/1] (0.00ns)   --->   "%mrv_75 = insertvalue i429 %mrv_74, i1 %head_ctx_ref_head_requant_compute_done_1_0" [/home/luka/Scripting/ELEC_498-Capstone-LiteLM/HLS-Verilog/Scheduler_FSM/src-hls/Head_Helpers/head_helpers.cpp:430]   --->   Operation 1042 'insertvalue' 'mrv_75' <Predicate = true> <Delay = 0.00>
ST_1 : Operation 1043 [1/1] (0.00ns)   --->   "%mrv_76 = insertvalue i429 %mrv_75, i1 %head_ctx_ref_q_dma_done_0_5" [/home/luka/Scripting/ELEC_498-Capstone-LiteLM/HLS-Verilog/Scheduler_FSM/src-hls/Head_Helpers/head_helpers.cpp:430]   --->   Operation 1043 'insertvalue' 'mrv_76' <Predicate = true> <Delay = 0.00>
ST_1 : Operation 1044 [1/1] (0.00ns)   --->   "%mrv_77 = insertvalue i429 %mrv_76, i1 %head_ctx_ref_q_dma_done_1_0" [/home/luka/Scripting/ELEC_498-Capstone-LiteLM/HLS-Verilog/Scheduler_FSM/src-hls/Head_Helpers/head_helpers.cpp:430]   --->   Operation 1044 'insertvalue' 'mrv_77' <Predicate = true> <Delay = 0.00>
ST_1 : Operation 1045 [1/1] (0.00ns)   --->   "%mrv_78 = insertvalue i429 %mrv_77, i1 %head_ctx_ref_k_dma_done_0_5" [/home/luka/Scripting/ELEC_498-Capstone-LiteLM/HLS-Verilog/Scheduler_FSM/src-hls/Head_Helpers/head_helpers.cpp:430]   --->   Operation 1045 'insertvalue' 'mrv_78' <Predicate = true> <Delay = 0.00>
ST_1 : Operation 1046 [1/1] (0.00ns)   --->   "%mrv_79 = insertvalue i429 %mrv_78, i1 %head_ctx_ref_k_dma_done_1_0" [/home/luka/Scripting/ELEC_498-Capstone-LiteLM/HLS-Verilog/Scheduler_FSM/src-hls/Head_Helpers/head_helpers.cpp:430]   --->   Operation 1046 'insertvalue' 'mrv_79' <Predicate = true> <Delay = 0.00>
ST_1 : Operation 1047 [1/1] (0.00ns)   --->   "%mrv_80 = insertvalue i429 %mrv_79, i1 %head_ctx_ref_k_writeback_dma_done_0_5" [/home/luka/Scripting/ELEC_498-Capstone-LiteLM/HLS-Verilog/Scheduler_FSM/src-hls/Head_Helpers/head_helpers.cpp:430]   --->   Operation 1047 'insertvalue' 'mrv_80' <Predicate = true> <Delay = 0.00>
ST_1 : Operation 1048 [1/1] (0.00ns)   --->   "%mrv_81 = insertvalue i429 %mrv_80, i1 %head_ctx_ref_k_writeback_dma_done_1_0" [/home/luka/Scripting/ELEC_498-Capstone-LiteLM/HLS-Verilog/Scheduler_FSM/src-hls/Head_Helpers/head_helpers.cpp:430]   --->   Operation 1048 'insertvalue' 'mrv_81' <Predicate = true> <Delay = 0.00>
ST_1 : Operation 1049 [1/1] (0.00ns)   --->   "%mrv_82 = insertvalue i429 %mrv_81, i1 %head_ctx_ref_v_dma_done_0_5" [/home/luka/Scripting/ELEC_498-Capstone-LiteLM/HLS-Verilog/Scheduler_FSM/src-hls/Head_Helpers/head_helpers.cpp:430]   --->   Operation 1049 'insertvalue' 'mrv_82' <Predicate = true> <Delay = 0.00>
ST_1 : Operation 1050 [1/1] (0.00ns)   --->   "%mrv_83 = insertvalue i429 %mrv_82, i1 %head_ctx_ref_v_dma_done_1_0" [/home/luka/Scripting/ELEC_498-Capstone-LiteLM/HLS-Verilog/Scheduler_FSM/src-hls/Head_Helpers/head_helpers.cpp:430]   --->   Operation 1050 'insertvalue' 'mrv_83' <Predicate = true> <Delay = 0.00>
ST_1 : Operation 1051 [1/1] (0.00ns)   --->   "%mrv_84 = insertvalue i429 %mrv_83, i1 %head_ctx_ref_v_writeback_dma_done_0_5" [/home/luka/Scripting/ELEC_498-Capstone-LiteLM/HLS-Verilog/Scheduler_FSM/src-hls/Head_Helpers/head_helpers.cpp:430]   --->   Operation 1051 'insertvalue' 'mrv_84' <Predicate = true> <Delay = 0.00>
ST_1 : Operation 1052 [1/1] (0.00ns)   --->   "%mrv_85 = insertvalue i429 %mrv_84, i1 %head_ctx_ref_v_writeback_dma_done_1_0" [/home/luka/Scripting/ELEC_498-Capstone-LiteLM/HLS-Verilog/Scheduler_FSM/src-hls/Head_Helpers/head_helpers.cpp:430]   --->   Operation 1052 'insertvalue' 'mrv_85' <Predicate = true> <Delay = 0.00>
ST_1 : Operation 1053 [1/1] (0.00ns)   --->   "%mrv_86 = insertvalue i429 %mrv_85, i1 %head_ctx_ref_att_scores_dma_done_0_5" [/home/luka/Scripting/ELEC_498-Capstone-LiteLM/HLS-Verilog/Scheduler_FSM/src-hls/Head_Helpers/head_helpers.cpp:430]   --->   Operation 1053 'insertvalue' 'mrv_86' <Predicate = true> <Delay = 0.00>
ST_1 : Operation 1054 [1/1] (0.00ns)   --->   "%mrv_87 = insertvalue i429 %mrv_86, i1 %head_ctx_ref_att_scores_dma_done_1_0" [/home/luka/Scripting/ELEC_498-Capstone-LiteLM/HLS-Verilog/Scheduler_FSM/src-hls/Head_Helpers/head_helpers.cpp:430]   --->   Operation 1054 'insertvalue' 'mrv_87' <Predicate = true> <Delay = 0.00>
ST_1 : Operation 1055 [1/1] (0.00ns)   --->   "%mrv_88 = insertvalue i429 %mrv_87, i1 %head_ctx_ref_att_value_dma_done_0_5" [/home/luka/Scripting/ELEC_498-Capstone-LiteLM/HLS-Verilog/Scheduler_FSM/src-hls/Head_Helpers/head_helpers.cpp:430]   --->   Operation 1055 'insertvalue' 'mrv_88' <Predicate = true> <Delay = 0.00>
ST_1 : Operation 1056 [1/1] (0.00ns)   --->   "%mrv_89 = insertvalue i429 %mrv_88, i1 %head_ctx_ref_att_value_dma_done_1_0" [/home/luka/Scripting/ELEC_498-Capstone-LiteLM/HLS-Verilog/Scheduler_FSM/src-hls/Head_Helpers/head_helpers.cpp:430]   --->   Operation 1056 'insertvalue' 'mrv_89' <Predicate = true> <Delay = 0.00>
ST_1 : Operation 1057 [1/1] (0.00ns)   --->   "%ret_ln430 = ret i429 %mrv_89" [/home/luka/Scripting/ELEC_498-Capstone-LiteLM/HLS-Verilog/Scheduler_FSM/src-hls/Head_Helpers/head_helpers.cpp:430]   --->   Operation 1057 'ret' 'ret_ln430' <Predicate = true> <Delay = 0.00>


============================================================
+ Verbose Summary: Timing violations
============================================================
Target clock period: 10.000ns, clock uncertainty: 2.700ns.

 <State 1>: 6.076ns
The critical path consists of the following:
	wire read operation ('ctx.layer_stamp', /home/luka/Scripting/ELEC_498-Capstone-LiteLM/HLS-Verilog/Scheduler_FSM/src-hls/Head_Helpers/head_helpers.cpp:396) on port 'layer_idx' (/home/luka/Scripting/ELEC_498-Capstone-LiteLM/HLS-Verilog/Scheduler_FSM/src-hls/Head_Helpers/head_helpers.cpp:396) [92]  (0.000 ns)
	'icmp' operation 1 bit ('icmp_ln97', /home/luka/Scripting/ELEC_498-Capstone-LiteLM/HLS-Verilog/Scheduler_FSM/src-hls/Head_Helpers/head_helpers.cpp:97->/home/luka/Scripting/ELEC_498-Capstone-LiteLM/HLS-Verilog/Scheduler_FSM/src-hls/Head_Helpers/head_helpers.cpp:419) [187]  (1.016 ns)
	multiplexor before 'phi' operation 4 bit ('head_ctx_ref_last_wl_addr_0_0', /home/luka/Scripting/ELEC_498-Capstone-LiteLM/HLS-Verilog/Scheduler_FSM/src-hls/Head_Helpers/head_helpers.cpp:396) with incoming values : ('head_ctx_ref.last_wl_addr', /home/luka/Scripting/ELEC_498-Capstone-LiteLM/HLS-Verilog/Scheduler_FSM/src-hls/Head_Helpers/head_helpers.cpp:396) [202]  (0.427 ns)
	'phi' operation 4 bit ('head_ctx_ref_last_wl_addr_0_0', /home/luka/Scripting/ELEC_498-Capstone-LiteLM/HLS-Verilog/Scheduler_FSM/src-hls/Head_Helpers/head_helpers.cpp:396) with incoming values : ('head_ctx_ref.last_wl_addr', /home/luka/Scripting/ELEC_498-Capstone-LiteLM/HLS-Verilog/Scheduler_FSM/src-hls/Head_Helpers/head_helpers.cpp:396) [202]  (0.000 ns)
	'icmp' operation 1 bit ('icmp_ln114', /home/luka/Scripting/ELEC_498-Capstone-LiteLM/HLS-Verilog/Scheduler_FSM/src-hls/Head_Helpers/head_helpers.cpp:114->/home/luka/Scripting/ELEC_498-Capstone-LiteLM/HLS-Verilog/Scheduler_FSM/src-hls/Head_Helpers/head_helpers.cpp:419) [272]  (0.797 ns)
	'and' operation 1 bit ('and_ln114', /home/luka/Scripting/ELEC_498-Capstone-LiteLM/HLS-Verilog/Scheduler_FSM/src-hls/Head_Helpers/head_helpers.cpp:114->/home/luka/Scripting/ELEC_498-Capstone-LiteLM/HLS-Verilog/Scheduler_FSM/src-hls/Head_Helpers/head_helpers.cpp:419) [273]  (0.000 ns)
	'or' operation 1 bit ('or_ln114', /home/luka/Scripting/ELEC_498-Capstone-LiteLM/HLS-Verilog/Scheduler_FSM/src-hls/Head_Helpers/head_helpers.cpp:114->/home/luka/Scripting/ELEC_498-Capstone-LiteLM/HLS-Verilog/Scheduler_FSM/src-hls/Head_Helpers/head_helpers.cpp:419) [274]  (0.000 ns)
	'select' operation 1 bit ('head_ctx_ref_k_writeback_dma_done_0_3', /home/luka/Scripting/ELEC_498-Capstone-LiteLM/HLS-Verilog/Scheduler_FSM/src-hls/Head_Helpers/head_helpers.cpp:111->/home/luka/Scripting/ELEC_498-Capstone-LiteLM/HLS-Verilog/Scheduler_FSM/src-hls/Head_Helpers/head_helpers.cpp:419) [289]  (0.287 ns)
	'and' operation 1 bit ('and_ln251', /home/luka/Scripting/ELEC_498-Capstone-LiteLM/HLS-Verilog/Scheduler_FSM/src-hls/Head_Helpers/head_helpers.cpp:251->/home/luka/Scripting/ELEC_498-Capstone-LiteLM/HLS-Verilog/Scheduler_FSM/src-hls/Head_Helpers/head_helpers.cpp:419) [476]  (0.287 ns)
	'select' operation 4 bit ('select_ln251', /home/luka/Scripting/ELEC_498-Capstone-LiteLM/HLS-Verilog/Scheduler_FSM/src-hls/Head_Helpers/head_helpers.cpp:251->/home/luka/Scripting/ELEC_498-Capstone-LiteLM/HLS-Verilog/Scheduler_FSM/src-hls/Head_Helpers/head_helpers.cpp:419) [477]  (0.391 ns)
	multiplexor before 'phi' operation 4 bit ('head_ctx_ref_phase_0_1', /home/luka/Scripting/ELEC_498-Capstone-LiteLM/HLS-Verilog/Scheduler_FSM/src-hls/Head_Helpers/head_helpers.cpp:208->/home/luka/Scripting/ELEC_498-Capstone-LiteLM/HLS-Verilog/Scheduler_FSM/src-hls/Head_Helpers/head_helpers.cpp:419) with incoming values : ('select_ln366', /home/luka/Scripting/ELEC_498-Capstone-LiteLM/HLS-Verilog/Scheduler_FSM/src-hls/Head_Helpers/head_helpers.cpp:366->/home/luka/Scripting/ELEC_498-Capstone-LiteLM/HLS-Verilog/Scheduler_FSM/src-hls/Head_Helpers/head_helpers.cpp:419) ('select_ln348', /home/luka/Scripting/ELEC_498-Capstone-LiteLM/HLS-Verilog/Scheduler_FSM/src-hls/Head_Helpers/head_helpers.cpp:348->/home/luka/Scripting/ELEC_498-Capstone-LiteLM/HLS-Verilog/Scheduler_FSM/src-hls/Head_Helpers/head_helpers.cpp:419) ('select_ln336', /home/luka/Scripting/ELEC_498-Capstone-LiteLM/HLS-Verilog/Scheduler_FSM/src-hls/Head_Helpers/head_helpers.cpp:336->/home/luka/Scripting/ELEC_498-Capstone-LiteLM/HLS-Verilog/Scheduler_FSM/src-hls/Head_Helpers/head_helpers.cpp:419) ('select_ln324', /home/luka/Scripting/ELEC_498-Capstone-LiteLM/HLS-Verilog/Scheduler_FSM/src-hls/Head_Helpers/head_helpers.cpp:324->/home/luka/Scripting/ELEC_498-Capstone-LiteLM/HLS-Verilog/Scheduler_FSM/src-hls/Head_Helpers/head_helpers.cpp:419) ('select_ln306', /home/luka/Scripting/ELEC_498-Capstone-LiteLM/HLS-Verilog/Scheduler_FSM/src-hls/Head_Helpers/head_helpers.cpp:306->/home/luka/Scripting/ELEC_498-Capstone-LiteLM/HLS-Verilog/Scheduler_FSM/src-hls/Head_Helpers/head_helpers.cpp:419) ('select_ln294', /home/luka/Scripting/ELEC_498-Capstone-LiteLM/HLS-Verilog/Scheduler_FSM/src-hls/Head_Helpers/head_helpers.cpp:294->/home/luka/Scripting/ELEC_498-Capstone-LiteLM/HLS-Verilog/Scheduler_FSM/src-hls/Head_Helpers/head_helpers.cpp:419) ('select_ln282', /home/luka/Scripting/ELEC_498-Capstone-LiteLM/HLS-Verilog/Scheduler_FSM/src-hls/Head_Helpers/head_helpers.cpp:282->/home/luka/Scripting/ELEC_498-Capstone-LiteLM/HLS-Verilog/Scheduler_FSM/src-hls/Head_Helpers/head_helpers.cpp:419) ('select_ln270', /home/luka/Scripting/ELEC_498-Capstone-LiteLM/HLS-Verilog/Scheduler_FSM/src-hls/Head_Helpers/head_helpers.cpp:270->/home/luka/Scripting/ELEC_498-Capstone-LiteLM/HLS-Verilog/Scheduler_FSM/src-hls/Head_Helpers/head_helpers.cpp:419) ('select_ln251', /home/luka/Scripting/ELEC_498-Capstone-LiteLM/HLS-Verilog/Scheduler_FSM/src-hls/Head_Helpers/head_helpers.cpp:251->/home/luka/Scripting/ELEC_498-Capstone-LiteLM/HLS-Verilog/Scheduler_FSM/src-hls/Head_Helpers/head_helpers.cpp:419) ('select_ln239', /home/luka/Scripting/ELEC_498-Capstone-LiteLM/HLS-Verilog/Scheduler_FSM/src-hls/Head_Helpers/head_helpers.cpp:239->/home/luka/Scripting/ELEC_498-Capstone-LiteLM/HLS-Verilog/Scheduler_FSM/src-hls/Head_Helpers/head_helpers.cpp:419) ('select_ln227', /home/luka/Scripting/ELEC_498-Capstone-LiteLM/HLS-Verilog/Scheduler_FSM/src-hls/Head_Helpers/head_helpers.cpp:227->/home/luka/Scripting/ELEC_498-Capstone-LiteLM/HLS-Verilog/Scheduler_FSM/src-hls/Head_Helpers/head_helpers.cpp:419) ('select_ln208', /home/luka/Scripting/ELEC_498-Capstone-LiteLM/HLS-Verilog/Scheduler_FSM/src-hls/Head_Helpers/head_helpers.cpp:208->/home/luka/Scripting/ELEC_498-Capstone-LiteLM/HLS-Verilog/Scheduler_FSM/src-hls/Head_Helpers/head_helpers.cpp:419) ('select_ln378', /home/luka/Scripting/ELEC_498-Capstone-LiteLM/HLS-Verilog/Scheduler_FSM/src-hls/Head_Helpers/head_helpers.cpp:378->/home/luka/Scripting/ELEC_498-Capstone-LiteLM/HLS-Verilog/Scheduler_FSM/src-hls/Head_Helpers/head_helpers.cpp:419) ('zext_ln149', /home/luka/Scripting/ELEC_498-Capstone-LiteLM/HLS-Verilog/Scheduler_FSM/src-hls/Head_Helpers/head_helpers.cpp:149->/home/luka/Scripting/ELEC_498-Capstone-LiteLM/HLS-Verilog/Scheduler_FSM/src-hls/Head_Helpers/head_helpers.cpp:419) [589]  (0.933 ns)
	'phi' operation 4 bit ('head_ctx_ref_phase_0_1', /home/luka/Scripting/ELEC_498-Capstone-LiteLM/HLS-Verilog/Scheduler_FSM/src-hls/Head_Helpers/head_helpers.cpp:208->/home/luka/Scripting/ELEC_498-Capstone-LiteLM/HLS-Verilog/Scheduler_FSM/src-hls/Head_Helpers/head_helpers.cpp:419) with incoming values : ('select_ln366', /home/luka/Scripting/ELEC_498-Capstone-LiteLM/HLS-Verilog/Scheduler_FSM/src-hls/Head_Helpers/head_helpers.cpp:366->/home/luka/Scripting/ELEC_498-Capstone-LiteLM/HLS-Verilog/Scheduler_FSM/src-hls/Head_Helpers/head_helpers.cpp:419) ('select_ln348', /home/luka/Scripting/ELEC_498-Capstone-LiteLM/HLS-Verilog/Scheduler_FSM/src-hls/Head_Helpers/head_helpers.cpp:348->/home/luka/Scripting/ELEC_498-Capstone-LiteLM/HLS-Verilog/Scheduler_FSM/src-hls/Head_Helpers/head_helpers.cpp:419) ('select_ln336', /home/luka/Scripting/ELEC_498-Capstone-LiteLM/HLS-Verilog/Scheduler_FSM/src-hls/Head_Helpers/head_helpers.cpp:336->/home/luka/Scripting/ELEC_498-Capstone-LiteLM/HLS-Verilog/Scheduler_FSM/src-hls/Head_Helpers/head_helpers.cpp:419) ('select_ln324', /home/luka/Scripting/ELEC_498-Capstone-LiteLM/HLS-Verilog/Scheduler_FSM/src-hls/Head_Helpers/head_helpers.cpp:324->/home/luka/Scripting/ELEC_498-Capstone-LiteLM/HLS-Verilog/Scheduler_FSM/src-hls/Head_Helpers/head_helpers.cpp:419) ('select_ln306', /home/luka/Scripting/ELEC_498-Capstone-LiteLM/HLS-Verilog/Scheduler_FSM/src-hls/Head_Helpers/head_helpers.cpp:306->/home/luka/Scripting/ELEC_498-Capstone-LiteLM/HLS-Verilog/Scheduler_FSM/src-hls/Head_Helpers/head_helpers.cpp:419) ('select_ln294', /home/luka/Scripting/ELEC_498-Capstone-LiteLM/HLS-Verilog/Scheduler_FSM/src-hls/Head_Helpers/head_helpers.cpp:294->/home/luka/Scripting/ELEC_498-Capstone-LiteLM/HLS-Verilog/Scheduler_FSM/src-hls/Head_Helpers/head_helpers.cpp:419) ('select_ln282', /home/luka/Scripting/ELEC_498-Capstone-LiteLM/HLS-Verilog/Scheduler_FSM/src-hls/Head_Helpers/head_helpers.cpp:282->/home/luka/Scripting/ELEC_498-Capstone-LiteLM/HLS-Verilog/Scheduler_FSM/src-hls/Head_Helpers/head_helpers.cpp:419) ('select_ln270', /home/luka/Scripting/ELEC_498-Capstone-LiteLM/HLS-Verilog/Scheduler_FSM/src-hls/Head_Helpers/head_helpers.cpp:270->/home/luka/Scripting/ELEC_498-Capstone-LiteLM/HLS-Verilog/Scheduler_FSM/src-hls/Head_Helpers/head_helpers.cpp:419) ('select_ln251', /home/luka/Scripting/ELEC_498-Capstone-LiteLM/HLS-Verilog/Scheduler_FSM/src-hls/Head_Helpers/head_helpers.cpp:251->/home/luka/Scripting/ELEC_498-Capstone-LiteLM/HLS-Verilog/Scheduler_FSM/src-hls/Head_Helpers/head_helpers.cpp:419) ('select_ln239', /home/luka/Scripting/ELEC_498-Capstone-LiteLM/HLS-Verilog/Scheduler_FSM/src-hls/Head_Helpers/head_helpers.cpp:239->/home/luka/Scripting/ELEC_498-Capstone-LiteLM/HLS-Verilog/Scheduler_FSM/src-hls/Head_Helpers/head_helpers.cpp:419) ('select_ln227', /home/luka/Scripting/ELEC_498-Capstone-LiteLM/HLS-Verilog/Scheduler_FSM/src-hls/Head_Helpers/head_helpers.cpp:227->/home/luka/Scripting/ELEC_498-Capstone-LiteLM/HLS-Verilog/Scheduler_FSM/src-hls/Head_Helpers/head_helpers.cpp:419) ('select_ln208', /home/luka/Scripting/ELEC_498-Capstone-LiteLM/HLS-Verilog/Scheduler_FSM/src-hls/Head_Helpers/head_helpers.cpp:208->/home/luka/Scripting/ELEC_498-Capstone-LiteLM/HLS-Verilog/Scheduler_FSM/src-hls/Head_Helpers/head_helpers.cpp:419) ('select_ln378', /home/luka/Scripting/ELEC_498-Capstone-LiteLM/HLS-Verilog/Scheduler_FSM/src-hls/Head_Helpers/head_helpers.cpp:378->/home/luka/Scripting/ELEC_498-Capstone-LiteLM/HLS-Verilog/Scheduler_FSM/src-hls/Head_Helpers/head_helpers.cpp:419) ('zext_ln149', /home/luka/Scripting/ELEC_498-Capstone-LiteLM/HLS-Verilog/Scheduler_FSM/src-hls/Head_Helpers/head_helpers.cpp:149->/home/luka/Scripting/ELEC_498-Capstone-LiteLM/HLS-Verilog/Scheduler_FSM/src-hls/Head_Helpers/head_helpers.cpp:419) [589]  (0.000 ns)
	'icmp' operation 1 bit ('head_done', /home/luka/Scripting/ELEC_498-Capstone-LiteLM/HLS-Verilog/Scheduler_FSM/src-hls/Head_Helpers/head_helpers.cpp:390->/home/luka/Scripting/ELEC_498-Capstone-LiteLM/HLS-Verilog/Scheduler_FSM/src-hls/Head_Helpers/head_helpers.cpp:419) [629]  (0.797 ns)
	multiplexor before 'phi' operation 1 bit ('head_done') with incoming values : ('head_done', /home/luka/Scripting/ELEC_498-Capstone-LiteLM/HLS-Verilog/Scheduler_FSM/src-hls/Head_Helpers/head_helpers.cpp:390->/home/luka/Scripting/ELEC_498-Capstone-LiteLM/HLS-Verilog/Scheduler_FSM/src-hls/Head_Helpers/head_helpers.cpp:419) [676]  (0.427 ns)
	'phi' operation 1 bit ('head_done') with incoming values : ('head_done', /home/luka/Scripting/ELEC_498-Capstone-LiteLM/HLS-Verilog/Scheduler_FSM/src-hls/Head_Helpers/head_helpers.cpp:390->/home/luka/Scripting/ELEC_498-Capstone-LiteLM/HLS-Verilog/Scheduler_FSM/src-hls/Head_Helpers/head_helpers.cpp:419) [676]  (0.000 ns)
	'and' operation 1 bit ('and_ln425', /home/luka/Scripting/ELEC_498-Capstone-LiteLM/HLS-Verilog/Scheduler_FSM/src-hls/Head_Helpers/head_helpers.cpp:425) [1127]  (0.287 ns)
	multiplexor before 'phi' operation 1 bit ('group_finished') with incoming values : ('head_done', /home/luka/Scripting/ELEC_498-Capstone-LiteLM/HLS-Verilog/Scheduler_FSM/src-hls/Head_Helpers/head_helpers.cpp:390->/home/luka/Scripting/ELEC_498-Capstone-LiteLM/HLS-Verilog/Scheduler_FSM/src-hls/Head_Helpers/head_helpers.cpp:419) ('and_ln425', /home/luka/Scripting/ELEC_498-Capstone-LiteLM/HLS-Verilog/Scheduler_FSM/src-hls/Head_Helpers/head_helpers.cpp:425) [1174]  (0.427 ns)
	'phi' operation 1 bit ('group_finished') with incoming values : ('head_done', /home/luka/Scripting/ELEC_498-Capstone-LiteLM/HLS-Verilog/Scheduler_FSM/src-hls/Head_Helpers/head_helpers.cpp:390->/home/luka/Scripting/ELEC_498-Capstone-LiteLM/HLS-Verilog/Scheduler_FSM/src-hls/Head_Helpers/head_helpers.cpp:419) ('and_ln425', /home/luka/Scripting/ELEC_498-Capstone-LiteLM/HLS-Verilog/Scheduler_FSM/src-hls/Head_Helpers/head_helpers.cpp:425) [1174]  (0.000 ns)


============================================================
+ Verbose Summary: Binding
============================================================
N/A
* FSMD analyzer results:
  - Output states:
 - Input state : 
  - Chain level:
	State 1


============================================================
+ Verbose Summary: Datapath Resource usage 
============================================================
N/A
