

================================================================
== Vitis HLS Report for 'REQUANT_D_MODEL_int32_to_int8'
================================================================
* Date:           Tue Feb  3 19:41:30 2026

* Version:        2025.1 (Build 6135595 on May 21 2025)
* Project:        transformer_top
* Solution:       hls (Vivado IP Flow Target)
* Product family: zynquplus
* Target device:  xck26-sfvc784-2LV-c


================================================================
== Performance Estimates
================================================================
+ Timing: 
    * Summary: 
    +--------+----------+----------+------------+
    |  Clock |  Target  | Estimated| Uncertainty|
    +--------+----------+----------+------------+
    |ap_clk  |  10.00 ns|  6.041 ns|     2.70 ns|
    +--------+----------+----------+------------+

+ Latency: 
    * Summary: 
    +---------+---------+-----------+-----------+-----+-----+---------+
    |  Latency (cycles) |   Latency (absolute)  |  Interval | Pipeline|
    |   min   |   max   |    min    |    max    | min | max |   Type  |
    +---------+---------+-----------+-----------+-----+-----+---------+
    |        1|        1|  10.000 ns|  10.000 ns|    1|    1|       no|
    +---------+---------+-----------+-----------+-----+-----+---------+

    + Detail: 
        * Instance: 
        N/A

        * Loop: 
        N/A

============================================================
+ Verbose Summary: Synthesis Manager
============================================================
InlineROM: 1
ExposeGlobal: 0
============================================================
+ Verbose Summary: CDFG Model
============================================================
IsTopModel: 0
ResetActiveHigh: 1
IsCombinational: 0
IsDatapathOnly: 0
HasWiredReturn: 1
HasMFsm: 0
HasVarLatency: 1
IsPipeline: 0
IsRtlPipelined: 0
IsInstanceOverlapped: 0
IsDontTouch: 0
HasImplIP: 0
IsGatedGlobalClock: 0


============================================================
+ Verbose Summary: Schedule
============================================================
* Number of FSM states : 2
* Pipeline : 0
* Dataflow Pipeline: 0

* FSM state transitions: 
1 --> 2 
2 --> 

* FSM state operations: 

State 1 <SV = 0> <Delay = 6.04>
ST_1 : Operation 3 [1/1] (0.00ns)   --->   "%n_read = read i32 @_ssdm_op_Read.ap_auto.i32, i32 %n" [/home/luka/Scripting/ELEC_498-Capstone-LiteLM/HLS-Verilog/Transformer_logic/src-hls/compute_controller.cpp:65]   --->   Operation 3 'read' 'n_read' <Predicate = true> <Delay = 0.00>
ST_1 : Operation 4 [1/1] (0.00ns)   --->   "%M_read = read i32 @_ssdm_op_Read.ap_auto.i32, i32 %M" [/home/luka/Scripting/ELEC_498-Capstone-LiteLM/HLS-Verilog/Transformer_logic/src-hls/compute_controller.cpp:65]   --->   Operation 4 'read' 'M_read' <Predicate = true> <Delay = 0.00>
ST_1 : Operation 5 [1/1] (0.00ns)   --->   "%conv1 = sext i32 %M_read" [/home/luka/Scripting/ELEC_498-Capstone-LiteLM/HLS-Verilog/Transformer_logic/src-hls/compute_controller.cpp:65]   --->   Operation 5 'sext' 'conv1' <Predicate = true> <Delay = 0.00>
ST_1 : Operation 6 [1/1] (1.01ns)   --->   "%sub = add i32 %n_read, i32 4294967295" [/home/luka/Scripting/ELEC_498-Capstone-LiteLM/HLS-Verilog/Transformer_logic/src-hls/compute_controller.cpp:65]   --->   Operation 6 'add' 'sub' <Predicate = true> <Delay = 1.01> <CoreInst = "Adder">   --->   Core 1 'Adder' <Latency = 0> <II = 1> <Delay = 1.01> <FuncUnit> <Opcode : 'add' 'sub'> <InPorts = 2> <OutPorts = 1>
ST_1 : Operation 7 [1/1] (0.00ns)   --->   "%sh_prom = zext i32 %sub" [/home/luka/Scripting/ELEC_498-Capstone-LiteLM/HLS-Verilog/Transformer_logic/src-hls/compute_controller.cpp:65]   --->   Operation 7 'zext' 'sh_prom' <Predicate = true> <Delay = 0.00>
ST_1 : Operation 8 [1/1] (1.38ns)   --->   "%rounded = shl i64 1, i64 %sh_prom" [/home/luka/Scripting/ELEC_498-Capstone-LiteLM/HLS-Verilog/Transformer_logic/src-hls/compute_controller.cpp:65]   --->   Operation 8 'shl' 'rounded' <Predicate = true> <Delay = 1.38> <CoreInst = "Shifter">   --->   Core 75 'Shifter' <Latency = 0> <II = 1> <Delay = 1.38> <FuncUnit> <Opcode : 'shl' 'lshr' 'ashr'> <InPorts = 2> <OutPorts = 1>
ST_1 : Operation 9 [1/1] (0.00ns)   --->   "%sh_prom2 = zext i32 %n_read" [/home/luka/Scripting/ELEC_498-Capstone-LiteLM/HLS-Verilog/Transformer_logic/src-hls/compute_controller.cpp:65]   --->   Operation 9 'zext' 'sh_prom2' <Predicate = true> <Delay = 0.00>
ST_1 : Operation 10 [1/1] (0.00ns)   --->   "%compute_controller_ControlMemSpace_bool_unsigned_int_bool_bool_bool_bool_573 = load i32 %compute_controller_ControlMemSpace_bool_unsigned_int_bool_bool_bool_bool_49" [/home/luka/Scripting/ELEC_498-Capstone-LiteLM/HLS-Verilog/Transformer_logic/src-hls/compute_controller.cpp:98]   --->   Operation 10 'load' 'compute_controller_ControlMemSpace_bool_unsigned_int_bool_bool_bool_bool_573' <Predicate = true> <Delay = 0.00>
ST_1 : Operation 11 [1/1] (0.00ns)   --->   "%sext_ln98 = sext i32 %compute_controller_ControlMemSpace_bool_unsigned_int_bool_bool_bool_bool_573" [/home/luka/Scripting/ELEC_498-Capstone-LiteLM/HLS-Verilog/Transformer_logic/src-hls/compute_controller.cpp:98]   --->   Operation 11 'sext' 'sext_ln98' <Predicate = true> <Delay = 0.00>
ST_1 : Operation 12 [1/1] (3.42ns)   --->   "%product = mul i64 %sext_ln98, i64 %conv1" [/home/luka/Scripting/ELEC_498-Capstone-LiteLM/HLS-Verilog/Transformer_logic/src-hls/compute_controller.cpp:98]   --->   Operation 12 'mul' 'product' <Predicate = true> <Delay = 3.42> <CoreInst = "Multiplier">   --->   Core 3 'Multiplier' <Latency = 0> <II = 1> <Delay = 3.42> <FuncUnit> <Opcode : 'mul'> <InPorts = 2> <OutPorts = 1>
ST_1 : Operation 13 [1/1] (1.08ns)   --->   "%add_ln100 = add i64 %product, i64 %rounded" [/home/luka/Scripting/ELEC_498-Capstone-LiteLM/HLS-Verilog/Transformer_logic/src-hls/compute_controller.cpp:100]   --->   Operation 13 'add' 'add_ln100' <Predicate = true> <Delay = 1.08> <CoreInst = "Adder">   --->   Core 1 'Adder' <Latency = 0> <II = 1> <Delay = 1.08> <FuncUnit> <Opcode : 'add' 'sub'> <InPorts = 2> <OutPorts = 1>
ST_1 : Operation 14 [1/1] (1.53ns)   --->   "%ashr_ln100 = ashr i64 %add_ln100, i64 %sh_prom2" [/home/luka/Scripting/ELEC_498-Capstone-LiteLM/HLS-Verilog/Transformer_logic/src-hls/compute_controller.cpp:100]   --->   Operation 14 'ashr' 'ashr_ln100' <Predicate = true> <Delay = 1.53> <CoreInst = "Shifter">   --->   Core 75 'Shifter' <Latency = 0> <II = 1> <Delay = 1.53> <FuncUnit> <Opcode : 'shl' 'lshr' 'ashr'> <InPorts = 2> <OutPorts = 1>
ST_1 : Operation 15 [1/1] (0.00ns)   --->   "%scaled = trunc i64 %ashr_ln100" [/home/luka/Scripting/ELEC_498-Capstone-LiteLM/HLS-Verilog/Transformer_logic/src-hls/compute_controller.cpp:100]   --->   Operation 15 'trunc' 'scaled' <Predicate = true> <Delay = 0.00>
ST_1 : Operation 16 [1/1] (0.00ns)   --->   "%compute_controller_ControlMemSpace_bool_unsigned_int_bool_bool_bool_bool_574 = load i32 %compute_controller_ControlMemSpace_bool_unsigned_int_bool_bool_bool_bool_48" [/home/luka/Scripting/ELEC_498-Capstone-LiteLM/HLS-Verilog/Transformer_logic/src-hls/compute_controller.cpp:98]   --->   Operation 16 'load' 'compute_controller_ControlMemSpace_bool_unsigned_int_bool_bool_bool_bool_574' <Predicate = true> <Delay = 0.00>
ST_1 : Operation 17 [1/1] (0.00ns)   --->   "%sext_ln98_1 = sext i32 %compute_controller_ControlMemSpace_bool_unsigned_int_bool_bool_bool_bool_574" [/home/luka/Scripting/ELEC_498-Capstone-LiteLM/HLS-Verilog/Transformer_logic/src-hls/compute_controller.cpp:98]   --->   Operation 17 'sext' 'sext_ln98_1' <Predicate = true> <Delay = 0.00>
ST_1 : Operation 18 [1/1] (3.42ns)   --->   "%product_16 = mul i64 %sext_ln98_1, i64 %conv1" [/home/luka/Scripting/ELEC_498-Capstone-LiteLM/HLS-Verilog/Transformer_logic/src-hls/compute_controller.cpp:98]   --->   Operation 18 'mul' 'product_16' <Predicate = true> <Delay = 3.42> <CoreInst = "Multiplier">   --->   Core 3 'Multiplier' <Latency = 0> <II = 1> <Delay = 3.42> <FuncUnit> <Opcode : 'mul'> <InPorts = 2> <OutPorts = 1>
ST_1 : Operation 19 [1/1] (1.08ns)   --->   "%add_ln100_1 = add i64 %product_16, i64 %rounded" [/home/luka/Scripting/ELEC_498-Capstone-LiteLM/HLS-Verilog/Transformer_logic/src-hls/compute_controller.cpp:100]   --->   Operation 19 'add' 'add_ln100_1' <Predicate = true> <Delay = 1.08> <CoreInst = "Adder">   --->   Core 1 'Adder' <Latency = 0> <II = 1> <Delay = 1.08> <FuncUnit> <Opcode : 'add' 'sub'> <InPorts = 2> <OutPorts = 1>
ST_1 : Operation 20 [1/1] (1.53ns)   --->   "%ashr_ln100_1 = ashr i64 %add_ln100_1, i64 %sh_prom2" [/home/luka/Scripting/ELEC_498-Capstone-LiteLM/HLS-Verilog/Transformer_logic/src-hls/compute_controller.cpp:100]   --->   Operation 20 'ashr' 'ashr_ln100_1' <Predicate = true> <Delay = 1.53> <CoreInst = "Shifter">   --->   Core 75 'Shifter' <Latency = 0> <II = 1> <Delay = 1.53> <FuncUnit> <Opcode : 'shl' 'lshr' 'ashr'> <InPorts = 2> <OutPorts = 1>
ST_1 : Operation 21 [1/1] (0.00ns)   --->   "%scaled_31 = trunc i64 %ashr_ln100_1" [/home/luka/Scripting/ELEC_498-Capstone-LiteLM/HLS-Verilog/Transformer_logic/src-hls/compute_controller.cpp:100]   --->   Operation 21 'trunc' 'scaled_31' <Predicate = true> <Delay = 0.00>
ST_1 : Operation 22 [1/1] (0.00ns)   --->   "%compute_controller_ControlMemSpace_bool_unsigned_int_bool_bool_bool_bool_575 = load i32 %compute_controller_ControlMemSpace_bool_unsigned_int_bool_bool_bool_bool_47" [/home/luka/Scripting/ELEC_498-Capstone-LiteLM/HLS-Verilog/Transformer_logic/src-hls/compute_controller.cpp:98]   --->   Operation 22 'load' 'compute_controller_ControlMemSpace_bool_unsigned_int_bool_bool_bool_bool_575' <Predicate = true> <Delay = 0.00>
ST_1 : Operation 23 [1/1] (0.00ns)   --->   "%sext_ln98_2 = sext i32 %compute_controller_ControlMemSpace_bool_unsigned_int_bool_bool_bool_bool_575" [/home/luka/Scripting/ELEC_498-Capstone-LiteLM/HLS-Verilog/Transformer_logic/src-hls/compute_controller.cpp:98]   --->   Operation 23 'sext' 'sext_ln98_2' <Predicate = true> <Delay = 0.00>
ST_1 : Operation 24 [1/1] (3.42ns)   --->   "%product_17 = mul i64 %sext_ln98_2, i64 %conv1" [/home/luka/Scripting/ELEC_498-Capstone-LiteLM/HLS-Verilog/Transformer_logic/src-hls/compute_controller.cpp:98]   --->   Operation 24 'mul' 'product_17' <Predicate = true> <Delay = 3.42> <CoreInst = "Multiplier">   --->   Core 3 'Multiplier' <Latency = 0> <II = 1> <Delay = 3.42> <FuncUnit> <Opcode : 'mul'> <InPorts = 2> <OutPorts = 1>
ST_1 : Operation 25 [1/1] (1.08ns)   --->   "%add_ln100_2 = add i64 %product_17, i64 %rounded" [/home/luka/Scripting/ELEC_498-Capstone-LiteLM/HLS-Verilog/Transformer_logic/src-hls/compute_controller.cpp:100]   --->   Operation 25 'add' 'add_ln100_2' <Predicate = true> <Delay = 1.08> <CoreInst = "Adder">   --->   Core 1 'Adder' <Latency = 0> <II = 1> <Delay = 1.08> <FuncUnit> <Opcode : 'add' 'sub'> <InPorts = 2> <OutPorts = 1>
ST_1 : Operation 26 [1/1] (1.53ns)   --->   "%ashr_ln100_2 = ashr i64 %add_ln100_2, i64 %sh_prom2" [/home/luka/Scripting/ELEC_498-Capstone-LiteLM/HLS-Verilog/Transformer_logic/src-hls/compute_controller.cpp:100]   --->   Operation 26 'ashr' 'ashr_ln100_2' <Predicate = true> <Delay = 1.53> <CoreInst = "Shifter">   --->   Core 75 'Shifter' <Latency = 0> <II = 1> <Delay = 1.53> <FuncUnit> <Opcode : 'shl' 'lshr' 'ashr'> <InPorts = 2> <OutPorts = 1>
ST_1 : Operation 27 [1/1] (0.00ns)   --->   "%scaled_32 = trunc i64 %ashr_ln100_2" [/home/luka/Scripting/ELEC_498-Capstone-LiteLM/HLS-Verilog/Transformer_logic/src-hls/compute_controller.cpp:100]   --->   Operation 27 'trunc' 'scaled_32' <Predicate = true> <Delay = 0.00>
ST_1 : Operation 28 [1/1] (0.00ns)   --->   "%compute_controller_ControlMemSpace_bool_unsigned_int_bool_bool_bool_bool_576 = load i32 %compute_controller_ControlMemSpace_bool_unsigned_int_bool_bool_bool_bool_46" [/home/luka/Scripting/ELEC_498-Capstone-LiteLM/HLS-Verilog/Transformer_logic/src-hls/compute_controller.cpp:98]   --->   Operation 28 'load' 'compute_controller_ControlMemSpace_bool_unsigned_int_bool_bool_bool_bool_576' <Predicate = true> <Delay = 0.00>
ST_1 : Operation 29 [1/1] (0.00ns)   --->   "%sext_ln98_3 = sext i32 %compute_controller_ControlMemSpace_bool_unsigned_int_bool_bool_bool_bool_576" [/home/luka/Scripting/ELEC_498-Capstone-LiteLM/HLS-Verilog/Transformer_logic/src-hls/compute_controller.cpp:98]   --->   Operation 29 'sext' 'sext_ln98_3' <Predicate = true> <Delay = 0.00>
ST_1 : Operation 30 [1/1] (3.42ns)   --->   "%product_18 = mul i64 %sext_ln98_3, i64 %conv1" [/home/luka/Scripting/ELEC_498-Capstone-LiteLM/HLS-Verilog/Transformer_logic/src-hls/compute_controller.cpp:98]   --->   Operation 30 'mul' 'product_18' <Predicate = true> <Delay = 3.42> <CoreInst = "Multiplier">   --->   Core 3 'Multiplier' <Latency = 0> <II = 1> <Delay = 3.42> <FuncUnit> <Opcode : 'mul'> <InPorts = 2> <OutPorts = 1>
ST_1 : Operation 31 [1/1] (1.08ns)   --->   "%add_ln100_3 = add i64 %product_18, i64 %rounded" [/home/luka/Scripting/ELEC_498-Capstone-LiteLM/HLS-Verilog/Transformer_logic/src-hls/compute_controller.cpp:100]   --->   Operation 31 'add' 'add_ln100_3' <Predicate = true> <Delay = 1.08> <CoreInst = "Adder">   --->   Core 1 'Adder' <Latency = 0> <II = 1> <Delay = 1.08> <FuncUnit> <Opcode : 'add' 'sub'> <InPorts = 2> <OutPorts = 1>
ST_1 : Operation 32 [1/1] (1.53ns)   --->   "%ashr_ln100_3 = ashr i64 %add_ln100_3, i64 %sh_prom2" [/home/luka/Scripting/ELEC_498-Capstone-LiteLM/HLS-Verilog/Transformer_logic/src-hls/compute_controller.cpp:100]   --->   Operation 32 'ashr' 'ashr_ln100_3' <Predicate = true> <Delay = 1.53> <CoreInst = "Shifter">   --->   Core 75 'Shifter' <Latency = 0> <II = 1> <Delay = 1.53> <FuncUnit> <Opcode : 'shl' 'lshr' 'ashr'> <InPorts = 2> <OutPorts = 1>
ST_1 : Operation 33 [1/1] (0.00ns)   --->   "%scaled_33 = trunc i64 %ashr_ln100_3" [/home/luka/Scripting/ELEC_498-Capstone-LiteLM/HLS-Verilog/Transformer_logic/src-hls/compute_controller.cpp:100]   --->   Operation 33 'trunc' 'scaled_33' <Predicate = true> <Delay = 0.00>
ST_1 : Operation 34 [1/1] (0.00ns)   --->   "%compute_controller_ControlMemSpace_bool_unsigned_int_bool_bool_bool_bool_577 = load i32 %compute_controller_ControlMemSpace_bool_unsigned_int_bool_bool_bool_bool_45" [/home/luka/Scripting/ELEC_498-Capstone-LiteLM/HLS-Verilog/Transformer_logic/src-hls/compute_controller.cpp:98]   --->   Operation 34 'load' 'compute_controller_ControlMemSpace_bool_unsigned_int_bool_bool_bool_bool_577' <Predicate = true> <Delay = 0.00>
ST_1 : Operation 35 [1/1] (0.00ns)   --->   "%sext_ln98_4 = sext i32 %compute_controller_ControlMemSpace_bool_unsigned_int_bool_bool_bool_bool_577" [/home/luka/Scripting/ELEC_498-Capstone-LiteLM/HLS-Verilog/Transformer_logic/src-hls/compute_controller.cpp:98]   --->   Operation 35 'sext' 'sext_ln98_4' <Predicate = true> <Delay = 0.00>
ST_1 : Operation 36 [1/1] (3.42ns)   --->   "%product_19 = mul i64 %sext_ln98_4, i64 %conv1" [/home/luka/Scripting/ELEC_498-Capstone-LiteLM/HLS-Verilog/Transformer_logic/src-hls/compute_controller.cpp:98]   --->   Operation 36 'mul' 'product_19' <Predicate = true> <Delay = 3.42> <CoreInst = "Multiplier">   --->   Core 3 'Multiplier' <Latency = 0> <II = 1> <Delay = 3.42> <FuncUnit> <Opcode : 'mul'> <InPorts = 2> <OutPorts = 1>
ST_1 : Operation 37 [1/1] (1.08ns)   --->   "%add_ln100_4 = add i64 %product_19, i64 %rounded" [/home/luka/Scripting/ELEC_498-Capstone-LiteLM/HLS-Verilog/Transformer_logic/src-hls/compute_controller.cpp:100]   --->   Operation 37 'add' 'add_ln100_4' <Predicate = true> <Delay = 1.08> <CoreInst = "Adder">   --->   Core 1 'Adder' <Latency = 0> <II = 1> <Delay = 1.08> <FuncUnit> <Opcode : 'add' 'sub'> <InPorts = 2> <OutPorts = 1>
ST_1 : Operation 38 [1/1] (1.53ns)   --->   "%ashr_ln100_4 = ashr i64 %add_ln100_4, i64 %sh_prom2" [/home/luka/Scripting/ELEC_498-Capstone-LiteLM/HLS-Verilog/Transformer_logic/src-hls/compute_controller.cpp:100]   --->   Operation 38 'ashr' 'ashr_ln100_4' <Predicate = true> <Delay = 1.53> <CoreInst = "Shifter">   --->   Core 75 'Shifter' <Latency = 0> <II = 1> <Delay = 1.53> <FuncUnit> <Opcode : 'shl' 'lshr' 'ashr'> <InPorts = 2> <OutPorts = 1>
ST_1 : Operation 39 [1/1] (0.00ns)   --->   "%scaled_34 = trunc i64 %ashr_ln100_4" [/home/luka/Scripting/ELEC_498-Capstone-LiteLM/HLS-Verilog/Transformer_logic/src-hls/compute_controller.cpp:100]   --->   Operation 39 'trunc' 'scaled_34' <Predicate = true> <Delay = 0.00>
ST_1 : Operation 40 [1/1] (0.00ns)   --->   "%compute_controller_ControlMemSpace_bool_unsigned_int_bool_bool_bool_bool_578 = load i32 %compute_controller_ControlMemSpace_bool_unsigned_int_bool_bool_bool_bool_44" [/home/luka/Scripting/ELEC_498-Capstone-LiteLM/HLS-Verilog/Transformer_logic/src-hls/compute_controller.cpp:98]   --->   Operation 40 'load' 'compute_controller_ControlMemSpace_bool_unsigned_int_bool_bool_bool_bool_578' <Predicate = true> <Delay = 0.00>
ST_1 : Operation 41 [1/1] (0.00ns)   --->   "%sext_ln98_5 = sext i32 %compute_controller_ControlMemSpace_bool_unsigned_int_bool_bool_bool_bool_578" [/home/luka/Scripting/ELEC_498-Capstone-LiteLM/HLS-Verilog/Transformer_logic/src-hls/compute_controller.cpp:98]   --->   Operation 41 'sext' 'sext_ln98_5' <Predicate = true> <Delay = 0.00>
ST_1 : Operation 42 [1/1] (3.42ns)   --->   "%product_20 = mul i64 %sext_ln98_5, i64 %conv1" [/home/luka/Scripting/ELEC_498-Capstone-LiteLM/HLS-Verilog/Transformer_logic/src-hls/compute_controller.cpp:98]   --->   Operation 42 'mul' 'product_20' <Predicate = true> <Delay = 3.42> <CoreInst = "Multiplier">   --->   Core 3 'Multiplier' <Latency = 0> <II = 1> <Delay = 3.42> <FuncUnit> <Opcode : 'mul'> <InPorts = 2> <OutPorts = 1>
ST_1 : Operation 43 [1/1] (1.08ns)   --->   "%add_ln100_5 = add i64 %product_20, i64 %rounded" [/home/luka/Scripting/ELEC_498-Capstone-LiteLM/HLS-Verilog/Transformer_logic/src-hls/compute_controller.cpp:100]   --->   Operation 43 'add' 'add_ln100_5' <Predicate = true> <Delay = 1.08> <CoreInst = "Adder">   --->   Core 1 'Adder' <Latency = 0> <II = 1> <Delay = 1.08> <FuncUnit> <Opcode : 'add' 'sub'> <InPorts = 2> <OutPorts = 1>
ST_1 : Operation 44 [1/1] (1.53ns)   --->   "%ashr_ln100_5 = ashr i64 %add_ln100_5, i64 %sh_prom2" [/home/luka/Scripting/ELEC_498-Capstone-LiteLM/HLS-Verilog/Transformer_logic/src-hls/compute_controller.cpp:100]   --->   Operation 44 'ashr' 'ashr_ln100_5' <Predicate = true> <Delay = 1.53> <CoreInst = "Shifter">   --->   Core 75 'Shifter' <Latency = 0> <II = 1> <Delay = 1.53> <FuncUnit> <Opcode : 'shl' 'lshr' 'ashr'> <InPorts = 2> <OutPorts = 1>
ST_1 : Operation 45 [1/1] (0.00ns)   --->   "%scaled_35 = trunc i64 %ashr_ln100_5" [/home/luka/Scripting/ELEC_498-Capstone-LiteLM/HLS-Verilog/Transformer_logic/src-hls/compute_controller.cpp:100]   --->   Operation 45 'trunc' 'scaled_35' <Predicate = true> <Delay = 0.00>
ST_1 : Operation 46 [1/1] (0.00ns)   --->   "%compute_controller_ControlMemSpace_bool_unsigned_int_bool_bool_bool_bool_579 = load i32 %compute_controller_ControlMemSpace_bool_unsigned_int_bool_bool_bool_bool_43" [/home/luka/Scripting/ELEC_498-Capstone-LiteLM/HLS-Verilog/Transformer_logic/src-hls/compute_controller.cpp:98]   --->   Operation 46 'load' 'compute_controller_ControlMemSpace_bool_unsigned_int_bool_bool_bool_bool_579' <Predicate = true> <Delay = 0.00>
ST_1 : Operation 47 [1/1] (0.00ns)   --->   "%sext_ln98_6 = sext i32 %compute_controller_ControlMemSpace_bool_unsigned_int_bool_bool_bool_bool_579" [/home/luka/Scripting/ELEC_498-Capstone-LiteLM/HLS-Verilog/Transformer_logic/src-hls/compute_controller.cpp:98]   --->   Operation 47 'sext' 'sext_ln98_6' <Predicate = true> <Delay = 0.00>
ST_1 : Operation 48 [1/1] (3.42ns)   --->   "%product_21 = mul i64 %sext_ln98_6, i64 %conv1" [/home/luka/Scripting/ELEC_498-Capstone-LiteLM/HLS-Verilog/Transformer_logic/src-hls/compute_controller.cpp:98]   --->   Operation 48 'mul' 'product_21' <Predicate = true> <Delay = 3.42> <CoreInst = "Multiplier">   --->   Core 3 'Multiplier' <Latency = 0> <II = 1> <Delay = 3.42> <FuncUnit> <Opcode : 'mul'> <InPorts = 2> <OutPorts = 1>
ST_1 : Operation 49 [1/1] (1.08ns)   --->   "%add_ln100_6 = add i64 %product_21, i64 %rounded" [/home/luka/Scripting/ELEC_498-Capstone-LiteLM/HLS-Verilog/Transformer_logic/src-hls/compute_controller.cpp:100]   --->   Operation 49 'add' 'add_ln100_6' <Predicate = true> <Delay = 1.08> <CoreInst = "Adder">   --->   Core 1 'Adder' <Latency = 0> <II = 1> <Delay = 1.08> <FuncUnit> <Opcode : 'add' 'sub'> <InPorts = 2> <OutPorts = 1>
ST_1 : Operation 50 [1/1] (1.53ns)   --->   "%ashr_ln100_6 = ashr i64 %add_ln100_6, i64 %sh_prom2" [/home/luka/Scripting/ELEC_498-Capstone-LiteLM/HLS-Verilog/Transformer_logic/src-hls/compute_controller.cpp:100]   --->   Operation 50 'ashr' 'ashr_ln100_6' <Predicate = true> <Delay = 1.53> <CoreInst = "Shifter">   --->   Core 75 'Shifter' <Latency = 0> <II = 1> <Delay = 1.53> <FuncUnit> <Opcode : 'shl' 'lshr' 'ashr'> <InPorts = 2> <OutPorts = 1>
ST_1 : Operation 51 [1/1] (0.00ns)   --->   "%scaled_36 = trunc i64 %ashr_ln100_6" [/home/luka/Scripting/ELEC_498-Capstone-LiteLM/HLS-Verilog/Transformer_logic/src-hls/compute_controller.cpp:100]   --->   Operation 51 'trunc' 'scaled_36' <Predicate = true> <Delay = 0.00>
ST_1 : Operation 52 [1/1] (0.00ns)   --->   "%compute_controller_ControlMemSpace_bool_unsigned_int_bool_bool_bool_bool_580 = load i32 %compute_controller_ControlMemSpace_bool_unsigned_int_bool_bool_bool_bool_42" [/home/luka/Scripting/ELEC_498-Capstone-LiteLM/HLS-Verilog/Transformer_logic/src-hls/compute_controller.cpp:98]   --->   Operation 52 'load' 'compute_controller_ControlMemSpace_bool_unsigned_int_bool_bool_bool_bool_580' <Predicate = true> <Delay = 0.00>
ST_1 : Operation 53 [1/1] (0.00ns)   --->   "%sext_ln98_7 = sext i32 %compute_controller_ControlMemSpace_bool_unsigned_int_bool_bool_bool_bool_580" [/home/luka/Scripting/ELEC_498-Capstone-LiteLM/HLS-Verilog/Transformer_logic/src-hls/compute_controller.cpp:98]   --->   Operation 53 'sext' 'sext_ln98_7' <Predicate = true> <Delay = 0.00>
ST_1 : Operation 54 [1/1] (3.42ns)   --->   "%product_22 = mul i64 %sext_ln98_7, i64 %conv1" [/home/luka/Scripting/ELEC_498-Capstone-LiteLM/HLS-Verilog/Transformer_logic/src-hls/compute_controller.cpp:98]   --->   Operation 54 'mul' 'product_22' <Predicate = true> <Delay = 3.42> <CoreInst = "Multiplier">   --->   Core 3 'Multiplier' <Latency = 0> <II = 1> <Delay = 3.42> <FuncUnit> <Opcode : 'mul'> <InPorts = 2> <OutPorts = 1>
ST_1 : Operation 55 [1/1] (1.08ns)   --->   "%add_ln100_7 = add i64 %product_22, i64 %rounded" [/home/luka/Scripting/ELEC_498-Capstone-LiteLM/HLS-Verilog/Transformer_logic/src-hls/compute_controller.cpp:100]   --->   Operation 55 'add' 'add_ln100_7' <Predicate = true> <Delay = 1.08> <CoreInst = "Adder">   --->   Core 1 'Adder' <Latency = 0> <II = 1> <Delay = 1.08> <FuncUnit> <Opcode : 'add' 'sub'> <InPorts = 2> <OutPorts = 1>
ST_1 : Operation 56 [1/1] (1.53ns)   --->   "%ashr_ln100_7 = ashr i64 %add_ln100_7, i64 %sh_prom2" [/home/luka/Scripting/ELEC_498-Capstone-LiteLM/HLS-Verilog/Transformer_logic/src-hls/compute_controller.cpp:100]   --->   Operation 56 'ashr' 'ashr_ln100_7' <Predicate = true> <Delay = 1.53> <CoreInst = "Shifter">   --->   Core 75 'Shifter' <Latency = 0> <II = 1> <Delay = 1.53> <FuncUnit> <Opcode : 'shl' 'lshr' 'ashr'> <InPorts = 2> <OutPorts = 1>
ST_1 : Operation 57 [1/1] (0.00ns)   --->   "%scaled_37 = trunc i64 %ashr_ln100_7" [/home/luka/Scripting/ELEC_498-Capstone-LiteLM/HLS-Verilog/Transformer_logic/src-hls/compute_controller.cpp:100]   --->   Operation 57 'trunc' 'scaled_37' <Predicate = true> <Delay = 0.00>
ST_1 : Operation 58 [1/1] (0.00ns)   --->   "%compute_controller_ControlMemSpace_bool_unsigned_int_bool_bool_bool_bool_581 = load i32 %compute_controller_ControlMemSpace_bool_unsigned_int_bool_bool_bool_bool_41" [/home/luka/Scripting/ELEC_498-Capstone-LiteLM/HLS-Verilog/Transformer_logic/src-hls/compute_controller.cpp:98]   --->   Operation 58 'load' 'compute_controller_ControlMemSpace_bool_unsigned_int_bool_bool_bool_bool_581' <Predicate = true> <Delay = 0.00>
ST_1 : Operation 59 [1/1] (0.00ns)   --->   "%sext_ln98_8 = sext i32 %compute_controller_ControlMemSpace_bool_unsigned_int_bool_bool_bool_bool_581" [/home/luka/Scripting/ELEC_498-Capstone-LiteLM/HLS-Verilog/Transformer_logic/src-hls/compute_controller.cpp:98]   --->   Operation 59 'sext' 'sext_ln98_8' <Predicate = true> <Delay = 0.00>
ST_1 : Operation 60 [1/1] (3.42ns)   --->   "%product_23 = mul i64 %sext_ln98_8, i64 %conv1" [/home/luka/Scripting/ELEC_498-Capstone-LiteLM/HLS-Verilog/Transformer_logic/src-hls/compute_controller.cpp:98]   --->   Operation 60 'mul' 'product_23' <Predicate = true> <Delay = 3.42> <CoreInst = "Multiplier">   --->   Core 3 'Multiplier' <Latency = 0> <II = 1> <Delay = 3.42> <FuncUnit> <Opcode : 'mul'> <InPorts = 2> <OutPorts = 1>
ST_1 : Operation 61 [1/1] (1.08ns)   --->   "%add_ln100_8 = add i64 %product_23, i64 %rounded" [/home/luka/Scripting/ELEC_498-Capstone-LiteLM/HLS-Verilog/Transformer_logic/src-hls/compute_controller.cpp:100]   --->   Operation 61 'add' 'add_ln100_8' <Predicate = true> <Delay = 1.08> <CoreInst = "Adder">   --->   Core 1 'Adder' <Latency = 0> <II = 1> <Delay = 1.08> <FuncUnit> <Opcode : 'add' 'sub'> <InPorts = 2> <OutPorts = 1>
ST_1 : Operation 62 [1/1] (1.53ns)   --->   "%ashr_ln100_8 = ashr i64 %add_ln100_8, i64 %sh_prom2" [/home/luka/Scripting/ELEC_498-Capstone-LiteLM/HLS-Verilog/Transformer_logic/src-hls/compute_controller.cpp:100]   --->   Operation 62 'ashr' 'ashr_ln100_8' <Predicate = true> <Delay = 1.53> <CoreInst = "Shifter">   --->   Core 75 'Shifter' <Latency = 0> <II = 1> <Delay = 1.53> <FuncUnit> <Opcode : 'shl' 'lshr' 'ashr'> <InPorts = 2> <OutPorts = 1>
ST_1 : Operation 63 [1/1] (0.00ns)   --->   "%scaled_38 = trunc i64 %ashr_ln100_8" [/home/luka/Scripting/ELEC_498-Capstone-LiteLM/HLS-Verilog/Transformer_logic/src-hls/compute_controller.cpp:100]   --->   Operation 63 'trunc' 'scaled_38' <Predicate = true> <Delay = 0.00>
ST_1 : Operation 64 [1/1] (0.00ns)   --->   "%compute_controller_ControlMemSpace_bool_unsigned_int_bool_bool_bool_bool_582 = load i32 %compute_controller_ControlMemSpace_bool_unsigned_int_bool_bool_bool_bool_40" [/home/luka/Scripting/ELEC_498-Capstone-LiteLM/HLS-Verilog/Transformer_logic/src-hls/compute_controller.cpp:98]   --->   Operation 64 'load' 'compute_controller_ControlMemSpace_bool_unsigned_int_bool_bool_bool_bool_582' <Predicate = true> <Delay = 0.00>
ST_1 : Operation 65 [1/1] (0.00ns)   --->   "%sext_ln98_9 = sext i32 %compute_controller_ControlMemSpace_bool_unsigned_int_bool_bool_bool_bool_582" [/home/luka/Scripting/ELEC_498-Capstone-LiteLM/HLS-Verilog/Transformer_logic/src-hls/compute_controller.cpp:98]   --->   Operation 65 'sext' 'sext_ln98_9' <Predicate = true> <Delay = 0.00>
ST_1 : Operation 66 [1/1] (3.42ns)   --->   "%product_24 = mul i64 %sext_ln98_9, i64 %conv1" [/home/luka/Scripting/ELEC_498-Capstone-LiteLM/HLS-Verilog/Transformer_logic/src-hls/compute_controller.cpp:98]   --->   Operation 66 'mul' 'product_24' <Predicate = true> <Delay = 3.42> <CoreInst = "Multiplier">   --->   Core 3 'Multiplier' <Latency = 0> <II = 1> <Delay = 3.42> <FuncUnit> <Opcode : 'mul'> <InPorts = 2> <OutPorts = 1>
ST_1 : Operation 67 [1/1] (1.08ns)   --->   "%add_ln100_9 = add i64 %product_24, i64 %rounded" [/home/luka/Scripting/ELEC_498-Capstone-LiteLM/HLS-Verilog/Transformer_logic/src-hls/compute_controller.cpp:100]   --->   Operation 67 'add' 'add_ln100_9' <Predicate = true> <Delay = 1.08> <CoreInst = "Adder">   --->   Core 1 'Adder' <Latency = 0> <II = 1> <Delay = 1.08> <FuncUnit> <Opcode : 'add' 'sub'> <InPorts = 2> <OutPorts = 1>
ST_1 : Operation 68 [1/1] (1.53ns)   --->   "%ashr_ln100_9 = ashr i64 %add_ln100_9, i64 %sh_prom2" [/home/luka/Scripting/ELEC_498-Capstone-LiteLM/HLS-Verilog/Transformer_logic/src-hls/compute_controller.cpp:100]   --->   Operation 68 'ashr' 'ashr_ln100_9' <Predicate = true> <Delay = 1.53> <CoreInst = "Shifter">   --->   Core 75 'Shifter' <Latency = 0> <II = 1> <Delay = 1.53> <FuncUnit> <Opcode : 'shl' 'lshr' 'ashr'> <InPorts = 2> <OutPorts = 1>
ST_1 : Operation 69 [1/1] (0.00ns)   --->   "%scaled_39 = trunc i64 %ashr_ln100_9" [/home/luka/Scripting/ELEC_498-Capstone-LiteLM/HLS-Verilog/Transformer_logic/src-hls/compute_controller.cpp:100]   --->   Operation 69 'trunc' 'scaled_39' <Predicate = true> <Delay = 0.00>
ST_1 : Operation 70 [1/1] (0.00ns)   --->   "%p_ZZ18compute_controller15ControlMemSpacebjRbS0_bS0_S0_RjPKhPhR12ComputeStateS1_R_282 = load i32 %p_ZZ18compute_controller15ControlMemSpacebjRbS0_bS0_S0_RjPKhPhR12ComputeStateS1_R_47" [/home/luka/Scripting/ELEC_498-Capstone-LiteLM/HLS-Verilog/Transformer_logic/src-hls/compute_controller.cpp:98]   --->   Operation 70 'load' 'p_ZZ18compute_controller15ControlMemSpacebjRbS0_bS0_S0_RjPKhPhR12ComputeStateS1_R_282' <Predicate = true> <Delay = 0.00>
ST_1 : Operation 71 [1/1] (0.00ns)   --->   "%sext_ln98_10 = sext i32 %p_ZZ18compute_controller15ControlMemSpacebjRbS0_bS0_S0_RjPKhPhR12ComputeStateS1_R_282" [/home/luka/Scripting/ELEC_498-Capstone-LiteLM/HLS-Verilog/Transformer_logic/src-hls/compute_controller.cpp:98]   --->   Operation 71 'sext' 'sext_ln98_10' <Predicate = true> <Delay = 0.00>
ST_1 : Operation 72 [1/1] (3.42ns)   --->   "%product_25 = mul i64 %sext_ln98_10, i64 %conv1" [/home/luka/Scripting/ELEC_498-Capstone-LiteLM/HLS-Verilog/Transformer_logic/src-hls/compute_controller.cpp:98]   --->   Operation 72 'mul' 'product_25' <Predicate = true> <Delay = 3.42> <CoreInst = "Multiplier">   --->   Core 3 'Multiplier' <Latency = 0> <II = 1> <Delay = 3.42> <FuncUnit> <Opcode : 'mul'> <InPorts = 2> <OutPorts = 1>
ST_1 : Operation 73 [1/1] (1.08ns)   --->   "%add_ln100_10 = add i64 %product_25, i64 %rounded" [/home/luka/Scripting/ELEC_498-Capstone-LiteLM/HLS-Verilog/Transformer_logic/src-hls/compute_controller.cpp:100]   --->   Operation 73 'add' 'add_ln100_10' <Predicate = true> <Delay = 1.08> <CoreInst = "Adder">   --->   Core 1 'Adder' <Latency = 0> <II = 1> <Delay = 1.08> <FuncUnit> <Opcode : 'add' 'sub'> <InPorts = 2> <OutPorts = 1>
ST_1 : Operation 74 [1/1] (1.53ns)   --->   "%ashr_ln100_10 = ashr i64 %add_ln100_10, i64 %sh_prom2" [/home/luka/Scripting/ELEC_498-Capstone-LiteLM/HLS-Verilog/Transformer_logic/src-hls/compute_controller.cpp:100]   --->   Operation 74 'ashr' 'ashr_ln100_10' <Predicate = true> <Delay = 1.53> <CoreInst = "Shifter">   --->   Core 75 'Shifter' <Latency = 0> <II = 1> <Delay = 1.53> <FuncUnit> <Opcode : 'shl' 'lshr' 'ashr'> <InPorts = 2> <OutPorts = 1>
ST_1 : Operation 75 [1/1] (0.00ns)   --->   "%scaled_40 = trunc i64 %ashr_ln100_10" [/home/luka/Scripting/ELEC_498-Capstone-LiteLM/HLS-Verilog/Transformer_logic/src-hls/compute_controller.cpp:100]   --->   Operation 75 'trunc' 'scaled_40' <Predicate = true> <Delay = 0.00>
ST_1 : Operation 76 [1/1] (0.00ns)   --->   "%p_ZZ18compute_controller15ControlMemSpacebjRbS0_bS0_S0_RjPKhPhR12ComputeStateS1_R_283 = load i32 %p_ZZ18compute_controller15ControlMemSpacebjRbS0_bS0_S0_RjPKhPhR12ComputeStateS1_R_46" [/home/luka/Scripting/ELEC_498-Capstone-LiteLM/HLS-Verilog/Transformer_logic/src-hls/compute_controller.cpp:98]   --->   Operation 76 'load' 'p_ZZ18compute_controller15ControlMemSpacebjRbS0_bS0_S0_RjPKhPhR12ComputeStateS1_R_283' <Predicate = true> <Delay = 0.00>
ST_1 : Operation 77 [1/1] (0.00ns)   --->   "%sext_ln98_11 = sext i32 %p_ZZ18compute_controller15ControlMemSpacebjRbS0_bS0_S0_RjPKhPhR12ComputeStateS1_R_283" [/home/luka/Scripting/ELEC_498-Capstone-LiteLM/HLS-Verilog/Transformer_logic/src-hls/compute_controller.cpp:98]   --->   Operation 77 'sext' 'sext_ln98_11' <Predicate = true> <Delay = 0.00>
ST_1 : Operation 78 [1/1] (3.42ns)   --->   "%product_26 = mul i64 %sext_ln98_11, i64 %conv1" [/home/luka/Scripting/ELEC_498-Capstone-LiteLM/HLS-Verilog/Transformer_logic/src-hls/compute_controller.cpp:98]   --->   Operation 78 'mul' 'product_26' <Predicate = true> <Delay = 3.42> <CoreInst = "Multiplier">   --->   Core 3 'Multiplier' <Latency = 0> <II = 1> <Delay = 3.42> <FuncUnit> <Opcode : 'mul'> <InPorts = 2> <OutPorts = 1>
ST_1 : Operation 79 [1/1] (1.08ns)   --->   "%add_ln100_11 = add i64 %product_26, i64 %rounded" [/home/luka/Scripting/ELEC_498-Capstone-LiteLM/HLS-Verilog/Transformer_logic/src-hls/compute_controller.cpp:100]   --->   Operation 79 'add' 'add_ln100_11' <Predicate = true> <Delay = 1.08> <CoreInst = "Adder">   --->   Core 1 'Adder' <Latency = 0> <II = 1> <Delay = 1.08> <FuncUnit> <Opcode : 'add' 'sub'> <InPorts = 2> <OutPorts = 1>
ST_1 : Operation 80 [1/1] (1.53ns)   --->   "%ashr_ln100_11 = ashr i64 %add_ln100_11, i64 %sh_prom2" [/home/luka/Scripting/ELEC_498-Capstone-LiteLM/HLS-Verilog/Transformer_logic/src-hls/compute_controller.cpp:100]   --->   Operation 80 'ashr' 'ashr_ln100_11' <Predicate = true> <Delay = 1.53> <CoreInst = "Shifter">   --->   Core 75 'Shifter' <Latency = 0> <II = 1> <Delay = 1.53> <FuncUnit> <Opcode : 'shl' 'lshr' 'ashr'> <InPorts = 2> <OutPorts = 1>
ST_1 : Operation 81 [1/1] (0.00ns)   --->   "%scaled_41 = trunc i64 %ashr_ln100_11" [/home/luka/Scripting/ELEC_498-Capstone-LiteLM/HLS-Verilog/Transformer_logic/src-hls/compute_controller.cpp:100]   --->   Operation 81 'trunc' 'scaled_41' <Predicate = true> <Delay = 0.00>
ST_1 : Operation 82 [1/1] (0.00ns)   --->   "%p_ZZ18compute_controller15ControlMemSpacebjRbS0_bS0_S0_RjPKhPhR12ComputeStateS1_R_284 = load i32 %p_ZZ18compute_controller15ControlMemSpacebjRbS0_bS0_S0_RjPKhPhR12ComputeStateS1_R_45" [/home/luka/Scripting/ELEC_498-Capstone-LiteLM/HLS-Verilog/Transformer_logic/src-hls/compute_controller.cpp:98]   --->   Operation 82 'load' 'p_ZZ18compute_controller15ControlMemSpacebjRbS0_bS0_S0_RjPKhPhR12ComputeStateS1_R_284' <Predicate = true> <Delay = 0.00>
ST_1 : Operation 83 [1/1] (0.00ns)   --->   "%sext_ln98_12 = sext i32 %p_ZZ18compute_controller15ControlMemSpacebjRbS0_bS0_S0_RjPKhPhR12ComputeStateS1_R_284" [/home/luka/Scripting/ELEC_498-Capstone-LiteLM/HLS-Verilog/Transformer_logic/src-hls/compute_controller.cpp:98]   --->   Operation 83 'sext' 'sext_ln98_12' <Predicate = true> <Delay = 0.00>
ST_1 : Operation 84 [1/1] (3.42ns)   --->   "%product_27 = mul i64 %sext_ln98_12, i64 %conv1" [/home/luka/Scripting/ELEC_498-Capstone-LiteLM/HLS-Verilog/Transformer_logic/src-hls/compute_controller.cpp:98]   --->   Operation 84 'mul' 'product_27' <Predicate = true> <Delay = 3.42> <CoreInst = "Multiplier">   --->   Core 3 'Multiplier' <Latency = 0> <II = 1> <Delay = 3.42> <FuncUnit> <Opcode : 'mul'> <InPorts = 2> <OutPorts = 1>
ST_1 : Operation 85 [1/1] (1.08ns)   --->   "%add_ln100_12 = add i64 %product_27, i64 %rounded" [/home/luka/Scripting/ELEC_498-Capstone-LiteLM/HLS-Verilog/Transformer_logic/src-hls/compute_controller.cpp:100]   --->   Operation 85 'add' 'add_ln100_12' <Predicate = true> <Delay = 1.08> <CoreInst = "Adder">   --->   Core 1 'Adder' <Latency = 0> <II = 1> <Delay = 1.08> <FuncUnit> <Opcode : 'add' 'sub'> <InPorts = 2> <OutPorts = 1>
ST_1 : Operation 86 [1/1] (1.53ns)   --->   "%ashr_ln100_12 = ashr i64 %add_ln100_12, i64 %sh_prom2" [/home/luka/Scripting/ELEC_498-Capstone-LiteLM/HLS-Verilog/Transformer_logic/src-hls/compute_controller.cpp:100]   --->   Operation 86 'ashr' 'ashr_ln100_12' <Predicate = true> <Delay = 1.53> <CoreInst = "Shifter">   --->   Core 75 'Shifter' <Latency = 0> <II = 1> <Delay = 1.53> <FuncUnit> <Opcode : 'shl' 'lshr' 'ashr'> <InPorts = 2> <OutPorts = 1>
ST_1 : Operation 87 [1/1] (0.00ns)   --->   "%scaled_42 = trunc i64 %ashr_ln100_12" [/home/luka/Scripting/ELEC_498-Capstone-LiteLM/HLS-Verilog/Transformer_logic/src-hls/compute_controller.cpp:100]   --->   Operation 87 'trunc' 'scaled_42' <Predicate = true> <Delay = 0.00>
ST_1 : Operation 88 [1/1] (0.00ns)   --->   "%p_ZZ18compute_controller15ControlMemSpacebjRbS0_bS0_S0_RjPKhPhR12ComputeStateS1_R_285 = load i32 %p_ZZ18compute_controller15ControlMemSpacebjRbS0_bS0_S0_RjPKhPhR12ComputeStateS1_R_44" [/home/luka/Scripting/ELEC_498-Capstone-LiteLM/HLS-Verilog/Transformer_logic/src-hls/compute_controller.cpp:98]   --->   Operation 88 'load' 'p_ZZ18compute_controller15ControlMemSpacebjRbS0_bS0_S0_RjPKhPhR12ComputeStateS1_R_285' <Predicate = true> <Delay = 0.00>
ST_1 : Operation 89 [1/1] (0.00ns)   --->   "%sext_ln98_13 = sext i32 %p_ZZ18compute_controller15ControlMemSpacebjRbS0_bS0_S0_RjPKhPhR12ComputeStateS1_R_285" [/home/luka/Scripting/ELEC_498-Capstone-LiteLM/HLS-Verilog/Transformer_logic/src-hls/compute_controller.cpp:98]   --->   Operation 89 'sext' 'sext_ln98_13' <Predicate = true> <Delay = 0.00>
ST_1 : Operation 90 [1/1] (3.42ns)   --->   "%product_28 = mul i64 %sext_ln98_13, i64 %conv1" [/home/luka/Scripting/ELEC_498-Capstone-LiteLM/HLS-Verilog/Transformer_logic/src-hls/compute_controller.cpp:98]   --->   Operation 90 'mul' 'product_28' <Predicate = true> <Delay = 3.42> <CoreInst = "Multiplier">   --->   Core 3 'Multiplier' <Latency = 0> <II = 1> <Delay = 3.42> <FuncUnit> <Opcode : 'mul'> <InPorts = 2> <OutPorts = 1>
ST_1 : Operation 91 [1/1] (1.08ns)   --->   "%add_ln100_13 = add i64 %product_28, i64 %rounded" [/home/luka/Scripting/ELEC_498-Capstone-LiteLM/HLS-Verilog/Transformer_logic/src-hls/compute_controller.cpp:100]   --->   Operation 91 'add' 'add_ln100_13' <Predicate = true> <Delay = 1.08> <CoreInst = "Adder">   --->   Core 1 'Adder' <Latency = 0> <II = 1> <Delay = 1.08> <FuncUnit> <Opcode : 'add' 'sub'> <InPorts = 2> <OutPorts = 1>
ST_1 : Operation 92 [1/1] (1.53ns)   --->   "%ashr_ln100_13 = ashr i64 %add_ln100_13, i64 %sh_prom2" [/home/luka/Scripting/ELEC_498-Capstone-LiteLM/HLS-Verilog/Transformer_logic/src-hls/compute_controller.cpp:100]   --->   Operation 92 'ashr' 'ashr_ln100_13' <Predicate = true> <Delay = 1.53> <CoreInst = "Shifter">   --->   Core 75 'Shifter' <Latency = 0> <II = 1> <Delay = 1.53> <FuncUnit> <Opcode : 'shl' 'lshr' 'ashr'> <InPorts = 2> <OutPorts = 1>
ST_1 : Operation 93 [1/1] (0.00ns)   --->   "%scaled_43 = trunc i64 %ashr_ln100_13" [/home/luka/Scripting/ELEC_498-Capstone-LiteLM/HLS-Verilog/Transformer_logic/src-hls/compute_controller.cpp:100]   --->   Operation 93 'trunc' 'scaled_43' <Predicate = true> <Delay = 0.00>
ST_1 : Operation 94 [1/1] (0.00ns)   --->   "%p_ZZ18compute_controller15ControlMemSpacebjRbS0_bS0_S0_RjPKhPhR12ComputeStateS1_R_286 = load i32 %p_ZZ18compute_controller15ControlMemSpacebjRbS0_bS0_S0_RjPKhPhR12ComputeStateS1_R_43" [/home/luka/Scripting/ELEC_498-Capstone-LiteLM/HLS-Verilog/Transformer_logic/src-hls/compute_controller.cpp:98]   --->   Operation 94 'load' 'p_ZZ18compute_controller15ControlMemSpacebjRbS0_bS0_S0_RjPKhPhR12ComputeStateS1_R_286' <Predicate = true> <Delay = 0.00>
ST_1 : Operation 95 [1/1] (0.00ns)   --->   "%sext_ln98_14 = sext i32 %p_ZZ18compute_controller15ControlMemSpacebjRbS0_bS0_S0_RjPKhPhR12ComputeStateS1_R_286" [/home/luka/Scripting/ELEC_498-Capstone-LiteLM/HLS-Verilog/Transformer_logic/src-hls/compute_controller.cpp:98]   --->   Operation 95 'sext' 'sext_ln98_14' <Predicate = true> <Delay = 0.00>
ST_1 : Operation 96 [1/1] (3.42ns)   --->   "%product_29 = mul i64 %sext_ln98_14, i64 %conv1" [/home/luka/Scripting/ELEC_498-Capstone-LiteLM/HLS-Verilog/Transformer_logic/src-hls/compute_controller.cpp:98]   --->   Operation 96 'mul' 'product_29' <Predicate = true> <Delay = 3.42> <CoreInst = "Multiplier">   --->   Core 3 'Multiplier' <Latency = 0> <II = 1> <Delay = 3.42> <FuncUnit> <Opcode : 'mul'> <InPorts = 2> <OutPorts = 1>
ST_1 : Operation 97 [1/1] (1.08ns)   --->   "%add_ln100_14 = add i64 %product_29, i64 %rounded" [/home/luka/Scripting/ELEC_498-Capstone-LiteLM/HLS-Verilog/Transformer_logic/src-hls/compute_controller.cpp:100]   --->   Operation 97 'add' 'add_ln100_14' <Predicate = true> <Delay = 1.08> <CoreInst = "Adder">   --->   Core 1 'Adder' <Latency = 0> <II = 1> <Delay = 1.08> <FuncUnit> <Opcode : 'add' 'sub'> <InPorts = 2> <OutPorts = 1>
ST_1 : Operation 98 [1/1] (1.53ns)   --->   "%ashr_ln100_14 = ashr i64 %add_ln100_14, i64 %sh_prom2" [/home/luka/Scripting/ELEC_498-Capstone-LiteLM/HLS-Verilog/Transformer_logic/src-hls/compute_controller.cpp:100]   --->   Operation 98 'ashr' 'ashr_ln100_14' <Predicate = true> <Delay = 1.53> <CoreInst = "Shifter">   --->   Core 75 'Shifter' <Latency = 0> <II = 1> <Delay = 1.53> <FuncUnit> <Opcode : 'shl' 'lshr' 'ashr'> <InPorts = 2> <OutPorts = 1>
ST_1 : Operation 99 [1/1] (0.00ns)   --->   "%scaled_44 = trunc i64 %ashr_ln100_14" [/home/luka/Scripting/ELEC_498-Capstone-LiteLM/HLS-Verilog/Transformer_logic/src-hls/compute_controller.cpp:100]   --->   Operation 99 'trunc' 'scaled_44' <Predicate = true> <Delay = 0.00>
ST_1 : Operation 100 [1/1] (0.00ns)   --->   "%p_ZZ18compute_controller15ControlMemSpacebjRbS0_bS0_S0_RjPKhPhR12ComputeStateS1_R_287 = load i32 %p_ZZ18compute_controller15ControlMemSpacebjRbS0_bS0_S0_RjPKhPhR12ComputeStateS1_R_42" [/home/luka/Scripting/ELEC_498-Capstone-LiteLM/HLS-Verilog/Transformer_logic/src-hls/compute_controller.cpp:98]   --->   Operation 100 'load' 'p_ZZ18compute_controller15ControlMemSpacebjRbS0_bS0_S0_RjPKhPhR12ComputeStateS1_R_287' <Predicate = true> <Delay = 0.00>
ST_1 : Operation 101 [1/1] (0.00ns)   --->   "%sext_ln98_15 = sext i32 %p_ZZ18compute_controller15ControlMemSpacebjRbS0_bS0_S0_RjPKhPhR12ComputeStateS1_R_287" [/home/luka/Scripting/ELEC_498-Capstone-LiteLM/HLS-Verilog/Transformer_logic/src-hls/compute_controller.cpp:98]   --->   Operation 101 'sext' 'sext_ln98_15' <Predicate = true> <Delay = 0.00>
ST_1 : Operation 102 [1/1] (3.42ns)   --->   "%product_15 = mul i64 %sext_ln98_15, i64 %conv1" [/home/luka/Scripting/ELEC_498-Capstone-LiteLM/HLS-Verilog/Transformer_logic/src-hls/compute_controller.cpp:98]   --->   Operation 102 'mul' 'product_15' <Predicate = true> <Delay = 3.42> <CoreInst = "Multiplier">   --->   Core 3 'Multiplier' <Latency = 0> <II = 1> <Delay = 3.42> <FuncUnit> <Opcode : 'mul'> <InPorts = 2> <OutPorts = 1>
ST_1 : Operation 103 [1/1] (1.08ns)   --->   "%add_ln100_15 = add i64 %product_15, i64 %rounded" [/home/luka/Scripting/ELEC_498-Capstone-LiteLM/HLS-Verilog/Transformer_logic/src-hls/compute_controller.cpp:100]   --->   Operation 103 'add' 'add_ln100_15' <Predicate = true> <Delay = 1.08> <CoreInst = "Adder">   --->   Core 1 'Adder' <Latency = 0> <II = 1> <Delay = 1.08> <FuncUnit> <Opcode : 'add' 'sub'> <InPorts = 2> <OutPorts = 1>
ST_1 : Operation 104 [1/1] (1.53ns)   --->   "%ashr_ln100_15 = ashr i64 %add_ln100_15, i64 %sh_prom2" [/home/luka/Scripting/ELEC_498-Capstone-LiteLM/HLS-Verilog/Transformer_logic/src-hls/compute_controller.cpp:100]   --->   Operation 104 'ashr' 'ashr_ln100_15' <Predicate = true> <Delay = 1.53> <CoreInst = "Shifter">   --->   Core 75 'Shifter' <Latency = 0> <II = 1> <Delay = 1.53> <FuncUnit> <Opcode : 'shl' 'lshr' 'ashr'> <InPorts = 2> <OutPorts = 1>
ST_1 : Operation 105 [1/1] (0.00ns)   --->   "%scaled_30 = trunc i64 %ashr_ln100_15" [/home/luka/Scripting/ELEC_498-Capstone-LiteLM/HLS-Verilog/Transformer_logic/src-hls/compute_controller.cpp:100]   --->   Operation 105 'trunc' 'scaled_30' <Predicate = true> <Delay = 0.00>

State 2 <SV = 1> <Delay = 2.42>
ST_2 : Operation 106 [1/1] (0.00ns)   --->   "%z_out_read = read i32 @_ssdm_op_Read.ap_auto.i32, i32 %z_out" [/home/luka/Scripting/ELEC_498-Capstone-LiteLM/HLS-Verilog/Transformer_logic/src-hls/compute_controller.cpp:65]   --->   Operation 106 'read' 'z_out_read' <Predicate = true> <Delay = 0.00>
ST_2 : Operation 107 [1/1] (1.01ns)   --->   "%shifted = add i32 %scaled, i32 %z_out_read" [/home/luka/Scripting/ELEC_498-Capstone-LiteLM/HLS-Verilog/Transformer_logic/src-hls/compute_controller.cpp:101]   --->   Operation 107 'add' 'shifted' <Predicate = true> <Delay = 1.01> <CoreInst = "Adder">   --->   Core 1 'Adder' <Latency = 0> <II = 1> <Delay = 1.01> <FuncUnit> <Opcode : 'add' 'sub'> <InPorts = 2> <OutPorts = 1>
ST_2 : Operation 108 [1/1] (0.00ns)   --->   "%tmp = partselect i25 @_ssdm_op_PartSelect.i25.i32.i32.i32, i32 %shifted, i32 7, i32 31" [/home/luka/Scripting/ELEC_498-Capstone-LiteLM/HLS-Verilog/Transformer_logic/src-hls/compute_controller.cpp:103]   --->   Operation 108 'partselect' 'tmp' <Predicate = true> <Delay = 0.00>
ST_2 : Operation 109 [1/1] (0.94ns)   --->   "%icmp_ln103 = icmp_sgt  i25 %tmp, i25 0" [/home/luka/Scripting/ELEC_498-Capstone-LiteLM/HLS-Verilog/Transformer_logic/src-hls/compute_controller.cpp:103]   --->   Operation 109 'icmp' 'icmp_ln103' <Predicate = true> <Delay = 0.94> <CoreInst = "Cmp">   --->   Core 9 'Cmp' <Latency = 0> <II = 1> <Delay = 0.94> <FuncUnit> <Opcode : 'seteq' 'setne' 'setle' 'setge' 'setlt' 'setgt'> <InPorts = 2> <OutPorts = 1>
ST_2 : Operation 110 [1/1] (1.01ns)   --->   "%icmp_ln105 = icmp_slt  i32 %shifted, i32 4294967168" [/home/luka/Scripting/ELEC_498-Capstone-LiteLM/HLS-Verilog/Transformer_logic/src-hls/compute_controller.cpp:105]   --->   Operation 110 'icmp' 'icmp_ln105' <Predicate = true> <Delay = 1.01> <CoreInst = "Cmp">   --->   Core 9 'Cmp' <Latency = 0> <II = 1> <Delay = 1.01> <FuncUnit> <Opcode : 'seteq' 'setne' 'setle' 'setge' 'setlt' 'setgt'> <InPorts = 2> <OutPorts = 1>
ST_2 : Operation 111 [1/1] (0.00ns) (grouped into LUT with out node select_ln103)   --->   "%trunc_ln108 = trunc i32 %shifted" [/home/luka/Scripting/ELEC_498-Capstone-LiteLM/HLS-Verilog/Transformer_logic/src-hls/compute_controller.cpp:108]   --->   Operation 111 'trunc' 'trunc_ln108' <Predicate = true> <Delay = 0.00>
ST_2 : Operation 112 [1/1] (0.00ns) (grouped into LUT with out node select_ln103)   --->   "%select_ln103_16 = select i1 %icmp_ln103, i8 127, i8 128" [/home/luka/Scripting/ELEC_498-Capstone-LiteLM/HLS-Verilog/Transformer_logic/src-hls/compute_controller.cpp:103]   --->   Operation 112 'select' 'select_ln103_16' <Predicate = true> <Delay = 0.00> <CoreInst = "Sel">   --->   Core 73 'Sel' <Latency = 0> <II = 1> <Delay = 0.39> <FuncUnit> <Opcode : 'select'> <InPorts = 3> <OutPorts = 1>
ST_2 : Operation 113 [1/1] (0.00ns) (grouped into LUT with out node select_ln103)   --->   "%or_ln103 = or i1 %icmp_ln103, i1 %icmp_ln105" [/home/luka/Scripting/ELEC_498-Capstone-LiteLM/HLS-Verilog/Transformer_logic/src-hls/compute_controller.cpp:103]   --->   Operation 113 'or' 'or_ln103' <Predicate = true> <Delay = 0.00> <CoreInst = "LogicGate">   --->   Core 74 'LogicGate' <Latency = 0> <II = 1> <Delay = 0.28> <FuncUnit> <Opcode : 'and' 'or' 'xor'> <InPorts = 2> <OutPorts = 1>
ST_2 : Operation 114 [1/1] (0.39ns) (out node of the LUT)   --->   "%select_ln103 = select i1 %or_ln103, i8 %select_ln103_16, i8 %trunc_ln108" [/home/luka/Scripting/ELEC_498-Capstone-LiteLM/HLS-Verilog/Transformer_logic/src-hls/compute_controller.cpp:103]   --->   Operation 114 'select' 'select_ln103' <Predicate = true> <Delay = 0.39> <CoreInst = "Sel">   --->   Core 73 'Sel' <Latency = 0> <II = 1> <Delay = 0.39> <FuncUnit> <Opcode : 'select'> <InPorts = 3> <OutPorts = 1>
ST_2 : Operation 115 [1/1] (1.01ns)   --->   "%shifted_16 = add i32 %scaled_31, i32 %z_out_read" [/home/luka/Scripting/ELEC_498-Capstone-LiteLM/HLS-Verilog/Transformer_logic/src-hls/compute_controller.cpp:101]   --->   Operation 115 'add' 'shifted_16' <Predicate = true> <Delay = 1.01> <CoreInst = "Adder">   --->   Core 1 'Adder' <Latency = 0> <II = 1> <Delay = 1.01> <FuncUnit> <Opcode : 'add' 'sub'> <InPorts = 2> <OutPorts = 1>
ST_2 : Operation 116 [1/1] (0.00ns)   --->   "%tmp_187 = partselect i25 @_ssdm_op_PartSelect.i25.i32.i32.i32, i32 %shifted_16, i32 7, i32 31" [/home/luka/Scripting/ELEC_498-Capstone-LiteLM/HLS-Verilog/Transformer_logic/src-hls/compute_controller.cpp:103]   --->   Operation 116 'partselect' 'tmp_187' <Predicate = true> <Delay = 0.00>
ST_2 : Operation 117 [1/1] (0.94ns)   --->   "%icmp_ln103_1 = icmp_sgt  i25 %tmp_187, i25 0" [/home/luka/Scripting/ELEC_498-Capstone-LiteLM/HLS-Verilog/Transformer_logic/src-hls/compute_controller.cpp:103]   --->   Operation 117 'icmp' 'icmp_ln103_1' <Predicate = true> <Delay = 0.94> <CoreInst = "Cmp">   --->   Core 9 'Cmp' <Latency = 0> <II = 1> <Delay = 0.94> <FuncUnit> <Opcode : 'seteq' 'setne' 'setle' 'setge' 'setlt' 'setgt'> <InPorts = 2> <OutPorts = 1>
ST_2 : Operation 118 [1/1] (1.01ns)   --->   "%icmp_ln105_1 = icmp_slt  i32 %shifted_16, i32 4294967168" [/home/luka/Scripting/ELEC_498-Capstone-LiteLM/HLS-Verilog/Transformer_logic/src-hls/compute_controller.cpp:105]   --->   Operation 118 'icmp' 'icmp_ln105_1' <Predicate = true> <Delay = 1.01> <CoreInst = "Cmp">   --->   Core 9 'Cmp' <Latency = 0> <II = 1> <Delay = 1.01> <FuncUnit> <Opcode : 'seteq' 'setne' 'setle' 'setge' 'setlt' 'setgt'> <InPorts = 2> <OutPorts = 1>
ST_2 : Operation 119 [1/1] (0.00ns) (grouped into LUT with out node select_ln103_1)   --->   "%trunc_ln108_1 = trunc i32 %shifted_16" [/home/luka/Scripting/ELEC_498-Capstone-LiteLM/HLS-Verilog/Transformer_logic/src-hls/compute_controller.cpp:108]   --->   Operation 119 'trunc' 'trunc_ln108_1' <Predicate = true> <Delay = 0.00>
ST_2 : Operation 120 [1/1] (0.00ns) (grouped into LUT with out node select_ln103_1)   --->   "%select_ln103_17 = select i1 %icmp_ln103_1, i8 127, i8 128" [/home/luka/Scripting/ELEC_498-Capstone-LiteLM/HLS-Verilog/Transformer_logic/src-hls/compute_controller.cpp:103]   --->   Operation 120 'select' 'select_ln103_17' <Predicate = true> <Delay = 0.00> <CoreInst = "Sel">   --->   Core 73 'Sel' <Latency = 0> <II = 1> <Delay = 0.39> <FuncUnit> <Opcode : 'select'> <InPorts = 3> <OutPorts = 1>
ST_2 : Operation 121 [1/1] (0.00ns) (grouped into LUT with out node select_ln103_1)   --->   "%or_ln103_1 = or i1 %icmp_ln103_1, i1 %icmp_ln105_1" [/home/luka/Scripting/ELEC_498-Capstone-LiteLM/HLS-Verilog/Transformer_logic/src-hls/compute_controller.cpp:103]   --->   Operation 121 'or' 'or_ln103_1' <Predicate = true> <Delay = 0.00> <CoreInst = "LogicGate">   --->   Core 74 'LogicGate' <Latency = 0> <II = 1> <Delay = 0.28> <FuncUnit> <Opcode : 'and' 'or' 'xor'> <InPorts = 2> <OutPorts = 1>
ST_2 : Operation 122 [1/1] (0.39ns) (out node of the LUT)   --->   "%select_ln103_1 = select i1 %or_ln103_1, i8 %select_ln103_17, i8 %trunc_ln108_1" [/home/luka/Scripting/ELEC_498-Capstone-LiteLM/HLS-Verilog/Transformer_logic/src-hls/compute_controller.cpp:103]   --->   Operation 122 'select' 'select_ln103_1' <Predicate = true> <Delay = 0.39> <CoreInst = "Sel">   --->   Core 73 'Sel' <Latency = 0> <II = 1> <Delay = 0.39> <FuncUnit> <Opcode : 'select'> <InPorts = 3> <OutPorts = 1>
ST_2 : Operation 123 [1/1] (1.01ns)   --->   "%shifted_17 = add i32 %scaled_32, i32 %z_out_read" [/home/luka/Scripting/ELEC_498-Capstone-LiteLM/HLS-Verilog/Transformer_logic/src-hls/compute_controller.cpp:101]   --->   Operation 123 'add' 'shifted_17' <Predicate = true> <Delay = 1.01> <CoreInst = "Adder">   --->   Core 1 'Adder' <Latency = 0> <II = 1> <Delay = 1.01> <FuncUnit> <Opcode : 'add' 'sub'> <InPorts = 2> <OutPorts = 1>
ST_2 : Operation 124 [1/1] (0.00ns)   --->   "%tmp_188 = partselect i25 @_ssdm_op_PartSelect.i25.i32.i32.i32, i32 %shifted_17, i32 7, i32 31" [/home/luka/Scripting/ELEC_498-Capstone-LiteLM/HLS-Verilog/Transformer_logic/src-hls/compute_controller.cpp:103]   --->   Operation 124 'partselect' 'tmp_188' <Predicate = true> <Delay = 0.00>
ST_2 : Operation 125 [1/1] (0.94ns)   --->   "%icmp_ln103_2 = icmp_sgt  i25 %tmp_188, i25 0" [/home/luka/Scripting/ELEC_498-Capstone-LiteLM/HLS-Verilog/Transformer_logic/src-hls/compute_controller.cpp:103]   --->   Operation 125 'icmp' 'icmp_ln103_2' <Predicate = true> <Delay = 0.94> <CoreInst = "Cmp">   --->   Core 9 'Cmp' <Latency = 0> <II = 1> <Delay = 0.94> <FuncUnit> <Opcode : 'seteq' 'setne' 'setle' 'setge' 'setlt' 'setgt'> <InPorts = 2> <OutPorts = 1>
ST_2 : Operation 126 [1/1] (1.01ns)   --->   "%icmp_ln105_2 = icmp_slt  i32 %shifted_17, i32 4294967168" [/home/luka/Scripting/ELEC_498-Capstone-LiteLM/HLS-Verilog/Transformer_logic/src-hls/compute_controller.cpp:105]   --->   Operation 126 'icmp' 'icmp_ln105_2' <Predicate = true> <Delay = 1.01> <CoreInst = "Cmp">   --->   Core 9 'Cmp' <Latency = 0> <II = 1> <Delay = 1.01> <FuncUnit> <Opcode : 'seteq' 'setne' 'setle' 'setge' 'setlt' 'setgt'> <InPorts = 2> <OutPorts = 1>
ST_2 : Operation 127 [1/1] (0.00ns) (grouped into LUT with out node select_ln103_2)   --->   "%trunc_ln108_2 = trunc i32 %shifted_17" [/home/luka/Scripting/ELEC_498-Capstone-LiteLM/HLS-Verilog/Transformer_logic/src-hls/compute_controller.cpp:108]   --->   Operation 127 'trunc' 'trunc_ln108_2' <Predicate = true> <Delay = 0.00>
ST_2 : Operation 128 [1/1] (0.00ns) (grouped into LUT with out node select_ln103_2)   --->   "%select_ln103_18 = select i1 %icmp_ln103_2, i8 127, i8 128" [/home/luka/Scripting/ELEC_498-Capstone-LiteLM/HLS-Verilog/Transformer_logic/src-hls/compute_controller.cpp:103]   --->   Operation 128 'select' 'select_ln103_18' <Predicate = true> <Delay = 0.00> <CoreInst = "Sel">   --->   Core 73 'Sel' <Latency = 0> <II = 1> <Delay = 0.39> <FuncUnit> <Opcode : 'select'> <InPorts = 3> <OutPorts = 1>
ST_2 : Operation 129 [1/1] (0.00ns) (grouped into LUT with out node select_ln103_2)   --->   "%or_ln103_2 = or i1 %icmp_ln103_2, i1 %icmp_ln105_2" [/home/luka/Scripting/ELEC_498-Capstone-LiteLM/HLS-Verilog/Transformer_logic/src-hls/compute_controller.cpp:103]   --->   Operation 129 'or' 'or_ln103_2' <Predicate = true> <Delay = 0.00> <CoreInst = "LogicGate">   --->   Core 74 'LogicGate' <Latency = 0> <II = 1> <Delay = 0.28> <FuncUnit> <Opcode : 'and' 'or' 'xor'> <InPorts = 2> <OutPorts = 1>
ST_2 : Operation 130 [1/1] (0.39ns) (out node of the LUT)   --->   "%select_ln103_2 = select i1 %or_ln103_2, i8 %select_ln103_18, i8 %trunc_ln108_2" [/home/luka/Scripting/ELEC_498-Capstone-LiteLM/HLS-Verilog/Transformer_logic/src-hls/compute_controller.cpp:103]   --->   Operation 130 'select' 'select_ln103_2' <Predicate = true> <Delay = 0.39> <CoreInst = "Sel">   --->   Core 73 'Sel' <Latency = 0> <II = 1> <Delay = 0.39> <FuncUnit> <Opcode : 'select'> <InPorts = 3> <OutPorts = 1>
ST_2 : Operation 131 [1/1] (1.01ns)   --->   "%shifted_18 = add i32 %scaled_33, i32 %z_out_read" [/home/luka/Scripting/ELEC_498-Capstone-LiteLM/HLS-Verilog/Transformer_logic/src-hls/compute_controller.cpp:101]   --->   Operation 131 'add' 'shifted_18' <Predicate = true> <Delay = 1.01> <CoreInst = "Adder">   --->   Core 1 'Adder' <Latency = 0> <II = 1> <Delay = 1.01> <FuncUnit> <Opcode : 'add' 'sub'> <InPorts = 2> <OutPorts = 1>
ST_2 : Operation 132 [1/1] (0.00ns)   --->   "%tmp_189 = partselect i25 @_ssdm_op_PartSelect.i25.i32.i32.i32, i32 %shifted_18, i32 7, i32 31" [/home/luka/Scripting/ELEC_498-Capstone-LiteLM/HLS-Verilog/Transformer_logic/src-hls/compute_controller.cpp:103]   --->   Operation 132 'partselect' 'tmp_189' <Predicate = true> <Delay = 0.00>
ST_2 : Operation 133 [1/1] (0.94ns)   --->   "%icmp_ln103_3 = icmp_sgt  i25 %tmp_189, i25 0" [/home/luka/Scripting/ELEC_498-Capstone-LiteLM/HLS-Verilog/Transformer_logic/src-hls/compute_controller.cpp:103]   --->   Operation 133 'icmp' 'icmp_ln103_3' <Predicate = true> <Delay = 0.94> <CoreInst = "Cmp">   --->   Core 9 'Cmp' <Latency = 0> <II = 1> <Delay = 0.94> <FuncUnit> <Opcode : 'seteq' 'setne' 'setle' 'setge' 'setlt' 'setgt'> <InPorts = 2> <OutPorts = 1>
ST_2 : Operation 134 [1/1] (1.01ns)   --->   "%icmp_ln105_3 = icmp_slt  i32 %shifted_18, i32 4294967168" [/home/luka/Scripting/ELEC_498-Capstone-LiteLM/HLS-Verilog/Transformer_logic/src-hls/compute_controller.cpp:105]   --->   Operation 134 'icmp' 'icmp_ln105_3' <Predicate = true> <Delay = 1.01> <CoreInst = "Cmp">   --->   Core 9 'Cmp' <Latency = 0> <II = 1> <Delay = 1.01> <FuncUnit> <Opcode : 'seteq' 'setne' 'setle' 'setge' 'setlt' 'setgt'> <InPorts = 2> <OutPorts = 1>
ST_2 : Operation 135 [1/1] (0.00ns) (grouped into LUT with out node select_ln103_3)   --->   "%trunc_ln108_3 = trunc i32 %shifted_18" [/home/luka/Scripting/ELEC_498-Capstone-LiteLM/HLS-Verilog/Transformer_logic/src-hls/compute_controller.cpp:108]   --->   Operation 135 'trunc' 'trunc_ln108_3' <Predicate = true> <Delay = 0.00>
ST_2 : Operation 136 [1/1] (0.00ns) (grouped into LUT with out node select_ln103_3)   --->   "%select_ln103_19 = select i1 %icmp_ln103_3, i8 127, i8 128" [/home/luka/Scripting/ELEC_498-Capstone-LiteLM/HLS-Verilog/Transformer_logic/src-hls/compute_controller.cpp:103]   --->   Operation 136 'select' 'select_ln103_19' <Predicate = true> <Delay = 0.00> <CoreInst = "Sel">   --->   Core 73 'Sel' <Latency = 0> <II = 1> <Delay = 0.39> <FuncUnit> <Opcode : 'select'> <InPorts = 3> <OutPorts = 1>
ST_2 : Operation 137 [1/1] (0.00ns) (grouped into LUT with out node select_ln103_3)   --->   "%or_ln103_3 = or i1 %icmp_ln103_3, i1 %icmp_ln105_3" [/home/luka/Scripting/ELEC_498-Capstone-LiteLM/HLS-Verilog/Transformer_logic/src-hls/compute_controller.cpp:103]   --->   Operation 137 'or' 'or_ln103_3' <Predicate = true> <Delay = 0.00> <CoreInst = "LogicGate">   --->   Core 74 'LogicGate' <Latency = 0> <II = 1> <Delay = 0.28> <FuncUnit> <Opcode : 'and' 'or' 'xor'> <InPorts = 2> <OutPorts = 1>
ST_2 : Operation 138 [1/1] (0.39ns) (out node of the LUT)   --->   "%select_ln103_3 = select i1 %or_ln103_3, i8 %select_ln103_19, i8 %trunc_ln108_3" [/home/luka/Scripting/ELEC_498-Capstone-LiteLM/HLS-Verilog/Transformer_logic/src-hls/compute_controller.cpp:103]   --->   Operation 138 'select' 'select_ln103_3' <Predicate = true> <Delay = 0.39> <CoreInst = "Sel">   --->   Core 73 'Sel' <Latency = 0> <II = 1> <Delay = 0.39> <FuncUnit> <Opcode : 'select'> <InPorts = 3> <OutPorts = 1>
ST_2 : Operation 139 [1/1] (1.01ns)   --->   "%shifted_19 = add i32 %scaled_34, i32 %z_out_read" [/home/luka/Scripting/ELEC_498-Capstone-LiteLM/HLS-Verilog/Transformer_logic/src-hls/compute_controller.cpp:101]   --->   Operation 139 'add' 'shifted_19' <Predicate = true> <Delay = 1.01> <CoreInst = "Adder">   --->   Core 1 'Adder' <Latency = 0> <II = 1> <Delay = 1.01> <FuncUnit> <Opcode : 'add' 'sub'> <InPorts = 2> <OutPorts = 1>
ST_2 : Operation 140 [1/1] (0.00ns)   --->   "%tmp_190 = partselect i25 @_ssdm_op_PartSelect.i25.i32.i32.i32, i32 %shifted_19, i32 7, i32 31" [/home/luka/Scripting/ELEC_498-Capstone-LiteLM/HLS-Verilog/Transformer_logic/src-hls/compute_controller.cpp:103]   --->   Operation 140 'partselect' 'tmp_190' <Predicate = true> <Delay = 0.00>
ST_2 : Operation 141 [1/1] (0.94ns)   --->   "%icmp_ln103_4 = icmp_sgt  i25 %tmp_190, i25 0" [/home/luka/Scripting/ELEC_498-Capstone-LiteLM/HLS-Verilog/Transformer_logic/src-hls/compute_controller.cpp:103]   --->   Operation 141 'icmp' 'icmp_ln103_4' <Predicate = true> <Delay = 0.94> <CoreInst = "Cmp">   --->   Core 9 'Cmp' <Latency = 0> <II = 1> <Delay = 0.94> <FuncUnit> <Opcode : 'seteq' 'setne' 'setle' 'setge' 'setlt' 'setgt'> <InPorts = 2> <OutPorts = 1>
ST_2 : Operation 142 [1/1] (1.01ns)   --->   "%icmp_ln105_4 = icmp_slt  i32 %shifted_19, i32 4294967168" [/home/luka/Scripting/ELEC_498-Capstone-LiteLM/HLS-Verilog/Transformer_logic/src-hls/compute_controller.cpp:105]   --->   Operation 142 'icmp' 'icmp_ln105_4' <Predicate = true> <Delay = 1.01> <CoreInst = "Cmp">   --->   Core 9 'Cmp' <Latency = 0> <II = 1> <Delay = 1.01> <FuncUnit> <Opcode : 'seteq' 'setne' 'setle' 'setge' 'setlt' 'setgt'> <InPorts = 2> <OutPorts = 1>
ST_2 : Operation 143 [1/1] (0.00ns) (grouped into LUT with out node select_ln103_4)   --->   "%trunc_ln108_4 = trunc i32 %shifted_19" [/home/luka/Scripting/ELEC_498-Capstone-LiteLM/HLS-Verilog/Transformer_logic/src-hls/compute_controller.cpp:108]   --->   Operation 143 'trunc' 'trunc_ln108_4' <Predicate = true> <Delay = 0.00>
ST_2 : Operation 144 [1/1] (0.00ns) (grouped into LUT with out node select_ln103_4)   --->   "%select_ln103_20 = select i1 %icmp_ln103_4, i8 127, i8 128" [/home/luka/Scripting/ELEC_498-Capstone-LiteLM/HLS-Verilog/Transformer_logic/src-hls/compute_controller.cpp:103]   --->   Operation 144 'select' 'select_ln103_20' <Predicate = true> <Delay = 0.00> <CoreInst = "Sel">   --->   Core 73 'Sel' <Latency = 0> <II = 1> <Delay = 0.39> <FuncUnit> <Opcode : 'select'> <InPorts = 3> <OutPorts = 1>
ST_2 : Operation 145 [1/1] (0.00ns) (grouped into LUT with out node select_ln103_4)   --->   "%or_ln103_4 = or i1 %icmp_ln103_4, i1 %icmp_ln105_4" [/home/luka/Scripting/ELEC_498-Capstone-LiteLM/HLS-Verilog/Transformer_logic/src-hls/compute_controller.cpp:103]   --->   Operation 145 'or' 'or_ln103_4' <Predicate = true> <Delay = 0.00> <CoreInst = "LogicGate">   --->   Core 74 'LogicGate' <Latency = 0> <II = 1> <Delay = 0.28> <FuncUnit> <Opcode : 'and' 'or' 'xor'> <InPorts = 2> <OutPorts = 1>
ST_2 : Operation 146 [1/1] (0.39ns) (out node of the LUT)   --->   "%select_ln103_4 = select i1 %or_ln103_4, i8 %select_ln103_20, i8 %trunc_ln108_4" [/home/luka/Scripting/ELEC_498-Capstone-LiteLM/HLS-Verilog/Transformer_logic/src-hls/compute_controller.cpp:103]   --->   Operation 146 'select' 'select_ln103_4' <Predicate = true> <Delay = 0.39> <CoreInst = "Sel">   --->   Core 73 'Sel' <Latency = 0> <II = 1> <Delay = 0.39> <FuncUnit> <Opcode : 'select'> <InPorts = 3> <OutPorts = 1>
ST_2 : Operation 147 [1/1] (1.01ns)   --->   "%shifted_20 = add i32 %scaled_35, i32 %z_out_read" [/home/luka/Scripting/ELEC_498-Capstone-LiteLM/HLS-Verilog/Transformer_logic/src-hls/compute_controller.cpp:101]   --->   Operation 147 'add' 'shifted_20' <Predicate = true> <Delay = 1.01> <CoreInst = "Adder">   --->   Core 1 'Adder' <Latency = 0> <II = 1> <Delay = 1.01> <FuncUnit> <Opcode : 'add' 'sub'> <InPorts = 2> <OutPorts = 1>
ST_2 : Operation 148 [1/1] (0.00ns)   --->   "%tmp_191 = partselect i25 @_ssdm_op_PartSelect.i25.i32.i32.i32, i32 %shifted_20, i32 7, i32 31" [/home/luka/Scripting/ELEC_498-Capstone-LiteLM/HLS-Verilog/Transformer_logic/src-hls/compute_controller.cpp:103]   --->   Operation 148 'partselect' 'tmp_191' <Predicate = true> <Delay = 0.00>
ST_2 : Operation 149 [1/1] (0.94ns)   --->   "%icmp_ln103_5 = icmp_sgt  i25 %tmp_191, i25 0" [/home/luka/Scripting/ELEC_498-Capstone-LiteLM/HLS-Verilog/Transformer_logic/src-hls/compute_controller.cpp:103]   --->   Operation 149 'icmp' 'icmp_ln103_5' <Predicate = true> <Delay = 0.94> <CoreInst = "Cmp">   --->   Core 9 'Cmp' <Latency = 0> <II = 1> <Delay = 0.94> <FuncUnit> <Opcode : 'seteq' 'setne' 'setle' 'setge' 'setlt' 'setgt'> <InPorts = 2> <OutPorts = 1>
ST_2 : Operation 150 [1/1] (1.01ns)   --->   "%icmp_ln105_5 = icmp_slt  i32 %shifted_20, i32 4294967168" [/home/luka/Scripting/ELEC_498-Capstone-LiteLM/HLS-Verilog/Transformer_logic/src-hls/compute_controller.cpp:105]   --->   Operation 150 'icmp' 'icmp_ln105_5' <Predicate = true> <Delay = 1.01> <CoreInst = "Cmp">   --->   Core 9 'Cmp' <Latency = 0> <II = 1> <Delay = 1.01> <FuncUnit> <Opcode : 'seteq' 'setne' 'setle' 'setge' 'setlt' 'setgt'> <InPorts = 2> <OutPorts = 1>
ST_2 : Operation 151 [1/1] (0.00ns) (grouped into LUT with out node select_ln103_5)   --->   "%trunc_ln108_5 = trunc i32 %shifted_20" [/home/luka/Scripting/ELEC_498-Capstone-LiteLM/HLS-Verilog/Transformer_logic/src-hls/compute_controller.cpp:108]   --->   Operation 151 'trunc' 'trunc_ln108_5' <Predicate = true> <Delay = 0.00>
ST_2 : Operation 152 [1/1] (0.00ns) (grouped into LUT with out node select_ln103_5)   --->   "%select_ln103_21 = select i1 %icmp_ln103_5, i8 127, i8 128" [/home/luka/Scripting/ELEC_498-Capstone-LiteLM/HLS-Verilog/Transformer_logic/src-hls/compute_controller.cpp:103]   --->   Operation 152 'select' 'select_ln103_21' <Predicate = true> <Delay = 0.00> <CoreInst = "Sel">   --->   Core 73 'Sel' <Latency = 0> <II = 1> <Delay = 0.39> <FuncUnit> <Opcode : 'select'> <InPorts = 3> <OutPorts = 1>
ST_2 : Operation 153 [1/1] (0.00ns) (grouped into LUT with out node select_ln103_5)   --->   "%or_ln103_5 = or i1 %icmp_ln103_5, i1 %icmp_ln105_5" [/home/luka/Scripting/ELEC_498-Capstone-LiteLM/HLS-Verilog/Transformer_logic/src-hls/compute_controller.cpp:103]   --->   Operation 153 'or' 'or_ln103_5' <Predicate = true> <Delay = 0.00> <CoreInst = "LogicGate">   --->   Core 74 'LogicGate' <Latency = 0> <II = 1> <Delay = 0.28> <FuncUnit> <Opcode : 'and' 'or' 'xor'> <InPorts = 2> <OutPorts = 1>
ST_2 : Operation 154 [1/1] (0.39ns) (out node of the LUT)   --->   "%select_ln103_5 = select i1 %or_ln103_5, i8 %select_ln103_21, i8 %trunc_ln108_5" [/home/luka/Scripting/ELEC_498-Capstone-LiteLM/HLS-Verilog/Transformer_logic/src-hls/compute_controller.cpp:103]   --->   Operation 154 'select' 'select_ln103_5' <Predicate = true> <Delay = 0.39> <CoreInst = "Sel">   --->   Core 73 'Sel' <Latency = 0> <II = 1> <Delay = 0.39> <FuncUnit> <Opcode : 'select'> <InPorts = 3> <OutPorts = 1>
ST_2 : Operation 155 [1/1] (1.01ns)   --->   "%shifted_21 = add i32 %scaled_36, i32 %z_out_read" [/home/luka/Scripting/ELEC_498-Capstone-LiteLM/HLS-Verilog/Transformer_logic/src-hls/compute_controller.cpp:101]   --->   Operation 155 'add' 'shifted_21' <Predicate = true> <Delay = 1.01> <CoreInst = "Adder">   --->   Core 1 'Adder' <Latency = 0> <II = 1> <Delay = 1.01> <FuncUnit> <Opcode : 'add' 'sub'> <InPorts = 2> <OutPorts = 1>
ST_2 : Operation 156 [1/1] (0.00ns)   --->   "%tmp_192 = partselect i25 @_ssdm_op_PartSelect.i25.i32.i32.i32, i32 %shifted_21, i32 7, i32 31" [/home/luka/Scripting/ELEC_498-Capstone-LiteLM/HLS-Verilog/Transformer_logic/src-hls/compute_controller.cpp:103]   --->   Operation 156 'partselect' 'tmp_192' <Predicate = true> <Delay = 0.00>
ST_2 : Operation 157 [1/1] (0.94ns)   --->   "%icmp_ln103_6 = icmp_sgt  i25 %tmp_192, i25 0" [/home/luka/Scripting/ELEC_498-Capstone-LiteLM/HLS-Verilog/Transformer_logic/src-hls/compute_controller.cpp:103]   --->   Operation 157 'icmp' 'icmp_ln103_6' <Predicate = true> <Delay = 0.94> <CoreInst = "Cmp">   --->   Core 9 'Cmp' <Latency = 0> <II = 1> <Delay = 0.94> <FuncUnit> <Opcode : 'seteq' 'setne' 'setle' 'setge' 'setlt' 'setgt'> <InPorts = 2> <OutPorts = 1>
ST_2 : Operation 158 [1/1] (1.01ns)   --->   "%icmp_ln105_6 = icmp_slt  i32 %shifted_21, i32 4294967168" [/home/luka/Scripting/ELEC_498-Capstone-LiteLM/HLS-Verilog/Transformer_logic/src-hls/compute_controller.cpp:105]   --->   Operation 158 'icmp' 'icmp_ln105_6' <Predicate = true> <Delay = 1.01> <CoreInst = "Cmp">   --->   Core 9 'Cmp' <Latency = 0> <II = 1> <Delay = 1.01> <FuncUnit> <Opcode : 'seteq' 'setne' 'setle' 'setge' 'setlt' 'setgt'> <InPorts = 2> <OutPorts = 1>
ST_2 : Operation 159 [1/1] (0.00ns) (grouped into LUT with out node select_ln103_6)   --->   "%trunc_ln108_6 = trunc i32 %shifted_21" [/home/luka/Scripting/ELEC_498-Capstone-LiteLM/HLS-Verilog/Transformer_logic/src-hls/compute_controller.cpp:108]   --->   Operation 159 'trunc' 'trunc_ln108_6' <Predicate = true> <Delay = 0.00>
ST_2 : Operation 160 [1/1] (0.00ns) (grouped into LUT with out node select_ln103_6)   --->   "%select_ln103_22 = select i1 %icmp_ln103_6, i8 127, i8 128" [/home/luka/Scripting/ELEC_498-Capstone-LiteLM/HLS-Verilog/Transformer_logic/src-hls/compute_controller.cpp:103]   --->   Operation 160 'select' 'select_ln103_22' <Predicate = true> <Delay = 0.00> <CoreInst = "Sel">   --->   Core 73 'Sel' <Latency = 0> <II = 1> <Delay = 0.39> <FuncUnit> <Opcode : 'select'> <InPorts = 3> <OutPorts = 1>
ST_2 : Operation 161 [1/1] (0.00ns) (grouped into LUT with out node select_ln103_6)   --->   "%or_ln103_6 = or i1 %icmp_ln103_6, i1 %icmp_ln105_6" [/home/luka/Scripting/ELEC_498-Capstone-LiteLM/HLS-Verilog/Transformer_logic/src-hls/compute_controller.cpp:103]   --->   Operation 161 'or' 'or_ln103_6' <Predicate = true> <Delay = 0.00> <CoreInst = "LogicGate">   --->   Core 74 'LogicGate' <Latency = 0> <II = 1> <Delay = 0.28> <FuncUnit> <Opcode : 'and' 'or' 'xor'> <InPorts = 2> <OutPorts = 1>
ST_2 : Operation 162 [1/1] (0.39ns) (out node of the LUT)   --->   "%select_ln103_6 = select i1 %or_ln103_6, i8 %select_ln103_22, i8 %trunc_ln108_6" [/home/luka/Scripting/ELEC_498-Capstone-LiteLM/HLS-Verilog/Transformer_logic/src-hls/compute_controller.cpp:103]   --->   Operation 162 'select' 'select_ln103_6' <Predicate = true> <Delay = 0.39> <CoreInst = "Sel">   --->   Core 73 'Sel' <Latency = 0> <II = 1> <Delay = 0.39> <FuncUnit> <Opcode : 'select'> <InPorts = 3> <OutPorts = 1>
ST_2 : Operation 163 [1/1] (1.01ns)   --->   "%shifted_22 = add i32 %scaled_37, i32 %z_out_read" [/home/luka/Scripting/ELEC_498-Capstone-LiteLM/HLS-Verilog/Transformer_logic/src-hls/compute_controller.cpp:101]   --->   Operation 163 'add' 'shifted_22' <Predicate = true> <Delay = 1.01> <CoreInst = "Adder">   --->   Core 1 'Adder' <Latency = 0> <II = 1> <Delay = 1.01> <FuncUnit> <Opcode : 'add' 'sub'> <InPorts = 2> <OutPorts = 1>
ST_2 : Operation 164 [1/1] (0.00ns)   --->   "%tmp_193 = partselect i25 @_ssdm_op_PartSelect.i25.i32.i32.i32, i32 %shifted_22, i32 7, i32 31" [/home/luka/Scripting/ELEC_498-Capstone-LiteLM/HLS-Verilog/Transformer_logic/src-hls/compute_controller.cpp:103]   --->   Operation 164 'partselect' 'tmp_193' <Predicate = true> <Delay = 0.00>
ST_2 : Operation 165 [1/1] (0.94ns)   --->   "%icmp_ln103_7 = icmp_sgt  i25 %tmp_193, i25 0" [/home/luka/Scripting/ELEC_498-Capstone-LiteLM/HLS-Verilog/Transformer_logic/src-hls/compute_controller.cpp:103]   --->   Operation 165 'icmp' 'icmp_ln103_7' <Predicate = true> <Delay = 0.94> <CoreInst = "Cmp">   --->   Core 9 'Cmp' <Latency = 0> <II = 1> <Delay = 0.94> <FuncUnit> <Opcode : 'seteq' 'setne' 'setle' 'setge' 'setlt' 'setgt'> <InPorts = 2> <OutPorts = 1>
ST_2 : Operation 166 [1/1] (1.01ns)   --->   "%icmp_ln105_7 = icmp_slt  i32 %shifted_22, i32 4294967168" [/home/luka/Scripting/ELEC_498-Capstone-LiteLM/HLS-Verilog/Transformer_logic/src-hls/compute_controller.cpp:105]   --->   Operation 166 'icmp' 'icmp_ln105_7' <Predicate = true> <Delay = 1.01> <CoreInst = "Cmp">   --->   Core 9 'Cmp' <Latency = 0> <II = 1> <Delay = 1.01> <FuncUnit> <Opcode : 'seteq' 'setne' 'setle' 'setge' 'setlt' 'setgt'> <InPorts = 2> <OutPorts = 1>
ST_2 : Operation 167 [1/1] (0.00ns) (grouped into LUT with out node select_ln103_7)   --->   "%trunc_ln108_7 = trunc i32 %shifted_22" [/home/luka/Scripting/ELEC_498-Capstone-LiteLM/HLS-Verilog/Transformer_logic/src-hls/compute_controller.cpp:108]   --->   Operation 167 'trunc' 'trunc_ln108_7' <Predicate = true> <Delay = 0.00>
ST_2 : Operation 168 [1/1] (0.00ns) (grouped into LUT with out node select_ln103_7)   --->   "%select_ln103_23 = select i1 %icmp_ln103_7, i8 127, i8 128" [/home/luka/Scripting/ELEC_498-Capstone-LiteLM/HLS-Verilog/Transformer_logic/src-hls/compute_controller.cpp:103]   --->   Operation 168 'select' 'select_ln103_23' <Predicate = true> <Delay = 0.00> <CoreInst = "Sel">   --->   Core 73 'Sel' <Latency = 0> <II = 1> <Delay = 0.39> <FuncUnit> <Opcode : 'select'> <InPorts = 3> <OutPorts = 1>
ST_2 : Operation 169 [1/1] (0.00ns) (grouped into LUT with out node select_ln103_7)   --->   "%or_ln103_7 = or i1 %icmp_ln103_7, i1 %icmp_ln105_7" [/home/luka/Scripting/ELEC_498-Capstone-LiteLM/HLS-Verilog/Transformer_logic/src-hls/compute_controller.cpp:103]   --->   Operation 169 'or' 'or_ln103_7' <Predicate = true> <Delay = 0.00> <CoreInst = "LogicGate">   --->   Core 74 'LogicGate' <Latency = 0> <II = 1> <Delay = 0.28> <FuncUnit> <Opcode : 'and' 'or' 'xor'> <InPorts = 2> <OutPorts = 1>
ST_2 : Operation 170 [1/1] (0.39ns) (out node of the LUT)   --->   "%select_ln103_7 = select i1 %or_ln103_7, i8 %select_ln103_23, i8 %trunc_ln108_7" [/home/luka/Scripting/ELEC_498-Capstone-LiteLM/HLS-Verilog/Transformer_logic/src-hls/compute_controller.cpp:103]   --->   Operation 170 'select' 'select_ln103_7' <Predicate = true> <Delay = 0.39> <CoreInst = "Sel">   --->   Core 73 'Sel' <Latency = 0> <II = 1> <Delay = 0.39> <FuncUnit> <Opcode : 'select'> <InPorts = 3> <OutPorts = 1>
ST_2 : Operation 171 [1/1] (1.01ns)   --->   "%shifted_23 = add i32 %scaled_38, i32 %z_out_read" [/home/luka/Scripting/ELEC_498-Capstone-LiteLM/HLS-Verilog/Transformer_logic/src-hls/compute_controller.cpp:101]   --->   Operation 171 'add' 'shifted_23' <Predicate = true> <Delay = 1.01> <CoreInst = "Adder">   --->   Core 1 'Adder' <Latency = 0> <II = 1> <Delay = 1.01> <FuncUnit> <Opcode : 'add' 'sub'> <InPorts = 2> <OutPorts = 1>
ST_2 : Operation 172 [1/1] (0.00ns)   --->   "%tmp_194 = partselect i25 @_ssdm_op_PartSelect.i25.i32.i32.i32, i32 %shifted_23, i32 7, i32 31" [/home/luka/Scripting/ELEC_498-Capstone-LiteLM/HLS-Verilog/Transformer_logic/src-hls/compute_controller.cpp:103]   --->   Operation 172 'partselect' 'tmp_194' <Predicate = true> <Delay = 0.00>
ST_2 : Operation 173 [1/1] (0.94ns)   --->   "%icmp_ln103_8 = icmp_sgt  i25 %tmp_194, i25 0" [/home/luka/Scripting/ELEC_498-Capstone-LiteLM/HLS-Verilog/Transformer_logic/src-hls/compute_controller.cpp:103]   --->   Operation 173 'icmp' 'icmp_ln103_8' <Predicate = true> <Delay = 0.94> <CoreInst = "Cmp">   --->   Core 9 'Cmp' <Latency = 0> <II = 1> <Delay = 0.94> <FuncUnit> <Opcode : 'seteq' 'setne' 'setle' 'setge' 'setlt' 'setgt'> <InPorts = 2> <OutPorts = 1>
ST_2 : Operation 174 [1/1] (1.01ns)   --->   "%icmp_ln105_8 = icmp_slt  i32 %shifted_23, i32 4294967168" [/home/luka/Scripting/ELEC_498-Capstone-LiteLM/HLS-Verilog/Transformer_logic/src-hls/compute_controller.cpp:105]   --->   Operation 174 'icmp' 'icmp_ln105_8' <Predicate = true> <Delay = 1.01> <CoreInst = "Cmp">   --->   Core 9 'Cmp' <Latency = 0> <II = 1> <Delay = 1.01> <FuncUnit> <Opcode : 'seteq' 'setne' 'setle' 'setge' 'setlt' 'setgt'> <InPorts = 2> <OutPorts = 1>
ST_2 : Operation 175 [1/1] (0.00ns) (grouped into LUT with out node select_ln103_8)   --->   "%trunc_ln108_8 = trunc i32 %shifted_23" [/home/luka/Scripting/ELEC_498-Capstone-LiteLM/HLS-Verilog/Transformer_logic/src-hls/compute_controller.cpp:108]   --->   Operation 175 'trunc' 'trunc_ln108_8' <Predicate = true> <Delay = 0.00>
ST_2 : Operation 176 [1/1] (0.00ns) (grouped into LUT with out node select_ln103_8)   --->   "%select_ln103_24 = select i1 %icmp_ln103_8, i8 127, i8 128" [/home/luka/Scripting/ELEC_498-Capstone-LiteLM/HLS-Verilog/Transformer_logic/src-hls/compute_controller.cpp:103]   --->   Operation 176 'select' 'select_ln103_24' <Predicate = true> <Delay = 0.00> <CoreInst = "Sel">   --->   Core 73 'Sel' <Latency = 0> <II = 1> <Delay = 0.39> <FuncUnit> <Opcode : 'select'> <InPorts = 3> <OutPorts = 1>
ST_2 : Operation 177 [1/1] (0.00ns) (grouped into LUT with out node select_ln103_8)   --->   "%or_ln103_8 = or i1 %icmp_ln103_8, i1 %icmp_ln105_8" [/home/luka/Scripting/ELEC_498-Capstone-LiteLM/HLS-Verilog/Transformer_logic/src-hls/compute_controller.cpp:103]   --->   Operation 177 'or' 'or_ln103_8' <Predicate = true> <Delay = 0.00> <CoreInst = "LogicGate">   --->   Core 74 'LogicGate' <Latency = 0> <II = 1> <Delay = 0.28> <FuncUnit> <Opcode : 'and' 'or' 'xor'> <InPorts = 2> <OutPorts = 1>
ST_2 : Operation 178 [1/1] (0.39ns) (out node of the LUT)   --->   "%select_ln103_8 = select i1 %or_ln103_8, i8 %select_ln103_24, i8 %trunc_ln108_8" [/home/luka/Scripting/ELEC_498-Capstone-LiteLM/HLS-Verilog/Transformer_logic/src-hls/compute_controller.cpp:103]   --->   Operation 178 'select' 'select_ln103_8' <Predicate = true> <Delay = 0.39> <CoreInst = "Sel">   --->   Core 73 'Sel' <Latency = 0> <II = 1> <Delay = 0.39> <FuncUnit> <Opcode : 'select'> <InPorts = 3> <OutPorts = 1>
ST_2 : Operation 179 [1/1] (1.01ns)   --->   "%shifted_24 = add i32 %scaled_39, i32 %z_out_read" [/home/luka/Scripting/ELEC_498-Capstone-LiteLM/HLS-Verilog/Transformer_logic/src-hls/compute_controller.cpp:101]   --->   Operation 179 'add' 'shifted_24' <Predicate = true> <Delay = 1.01> <CoreInst = "Adder">   --->   Core 1 'Adder' <Latency = 0> <II = 1> <Delay = 1.01> <FuncUnit> <Opcode : 'add' 'sub'> <InPorts = 2> <OutPorts = 1>
ST_2 : Operation 180 [1/1] (0.00ns)   --->   "%tmp_195 = partselect i25 @_ssdm_op_PartSelect.i25.i32.i32.i32, i32 %shifted_24, i32 7, i32 31" [/home/luka/Scripting/ELEC_498-Capstone-LiteLM/HLS-Verilog/Transformer_logic/src-hls/compute_controller.cpp:103]   --->   Operation 180 'partselect' 'tmp_195' <Predicate = true> <Delay = 0.00>
ST_2 : Operation 181 [1/1] (0.94ns)   --->   "%icmp_ln103_9 = icmp_sgt  i25 %tmp_195, i25 0" [/home/luka/Scripting/ELEC_498-Capstone-LiteLM/HLS-Verilog/Transformer_logic/src-hls/compute_controller.cpp:103]   --->   Operation 181 'icmp' 'icmp_ln103_9' <Predicate = true> <Delay = 0.94> <CoreInst = "Cmp">   --->   Core 9 'Cmp' <Latency = 0> <II = 1> <Delay = 0.94> <FuncUnit> <Opcode : 'seteq' 'setne' 'setle' 'setge' 'setlt' 'setgt'> <InPorts = 2> <OutPorts = 1>
ST_2 : Operation 182 [1/1] (1.01ns)   --->   "%icmp_ln105_9 = icmp_slt  i32 %shifted_24, i32 4294967168" [/home/luka/Scripting/ELEC_498-Capstone-LiteLM/HLS-Verilog/Transformer_logic/src-hls/compute_controller.cpp:105]   --->   Operation 182 'icmp' 'icmp_ln105_9' <Predicate = true> <Delay = 1.01> <CoreInst = "Cmp">   --->   Core 9 'Cmp' <Latency = 0> <II = 1> <Delay = 1.01> <FuncUnit> <Opcode : 'seteq' 'setne' 'setle' 'setge' 'setlt' 'setgt'> <InPorts = 2> <OutPorts = 1>
ST_2 : Operation 183 [1/1] (0.00ns) (grouped into LUT with out node select_ln103_9)   --->   "%trunc_ln108_9 = trunc i32 %shifted_24" [/home/luka/Scripting/ELEC_498-Capstone-LiteLM/HLS-Verilog/Transformer_logic/src-hls/compute_controller.cpp:108]   --->   Operation 183 'trunc' 'trunc_ln108_9' <Predicate = true> <Delay = 0.00>
ST_2 : Operation 184 [1/1] (0.00ns) (grouped into LUT with out node select_ln103_9)   --->   "%select_ln103_25 = select i1 %icmp_ln103_9, i8 127, i8 128" [/home/luka/Scripting/ELEC_498-Capstone-LiteLM/HLS-Verilog/Transformer_logic/src-hls/compute_controller.cpp:103]   --->   Operation 184 'select' 'select_ln103_25' <Predicate = true> <Delay = 0.00> <CoreInst = "Sel">   --->   Core 73 'Sel' <Latency = 0> <II = 1> <Delay = 0.39> <FuncUnit> <Opcode : 'select'> <InPorts = 3> <OutPorts = 1>
ST_2 : Operation 185 [1/1] (0.00ns) (grouped into LUT with out node select_ln103_9)   --->   "%or_ln103_9 = or i1 %icmp_ln103_9, i1 %icmp_ln105_9" [/home/luka/Scripting/ELEC_498-Capstone-LiteLM/HLS-Verilog/Transformer_logic/src-hls/compute_controller.cpp:103]   --->   Operation 185 'or' 'or_ln103_9' <Predicate = true> <Delay = 0.00> <CoreInst = "LogicGate">   --->   Core 74 'LogicGate' <Latency = 0> <II = 1> <Delay = 0.28> <FuncUnit> <Opcode : 'and' 'or' 'xor'> <InPorts = 2> <OutPorts = 1>
ST_2 : Operation 186 [1/1] (0.39ns) (out node of the LUT)   --->   "%select_ln103_9 = select i1 %or_ln103_9, i8 %select_ln103_25, i8 %trunc_ln108_9" [/home/luka/Scripting/ELEC_498-Capstone-LiteLM/HLS-Verilog/Transformer_logic/src-hls/compute_controller.cpp:103]   --->   Operation 186 'select' 'select_ln103_9' <Predicate = true> <Delay = 0.39> <CoreInst = "Sel">   --->   Core 73 'Sel' <Latency = 0> <II = 1> <Delay = 0.39> <FuncUnit> <Opcode : 'select'> <InPorts = 3> <OutPorts = 1>
ST_2 : Operation 187 [1/1] (1.01ns)   --->   "%shifted_25 = add i32 %scaled_40, i32 %z_out_read" [/home/luka/Scripting/ELEC_498-Capstone-LiteLM/HLS-Verilog/Transformer_logic/src-hls/compute_controller.cpp:101]   --->   Operation 187 'add' 'shifted_25' <Predicate = true> <Delay = 1.01> <CoreInst = "Adder">   --->   Core 1 'Adder' <Latency = 0> <II = 1> <Delay = 1.01> <FuncUnit> <Opcode : 'add' 'sub'> <InPorts = 2> <OutPorts = 1>
ST_2 : Operation 188 [1/1] (0.00ns)   --->   "%tmp_196 = partselect i25 @_ssdm_op_PartSelect.i25.i32.i32.i32, i32 %shifted_25, i32 7, i32 31" [/home/luka/Scripting/ELEC_498-Capstone-LiteLM/HLS-Verilog/Transformer_logic/src-hls/compute_controller.cpp:103]   --->   Operation 188 'partselect' 'tmp_196' <Predicate = true> <Delay = 0.00>
ST_2 : Operation 189 [1/1] (0.94ns)   --->   "%icmp_ln103_10 = icmp_sgt  i25 %tmp_196, i25 0" [/home/luka/Scripting/ELEC_498-Capstone-LiteLM/HLS-Verilog/Transformer_logic/src-hls/compute_controller.cpp:103]   --->   Operation 189 'icmp' 'icmp_ln103_10' <Predicate = true> <Delay = 0.94> <CoreInst = "Cmp">   --->   Core 9 'Cmp' <Latency = 0> <II = 1> <Delay = 0.94> <FuncUnit> <Opcode : 'seteq' 'setne' 'setle' 'setge' 'setlt' 'setgt'> <InPorts = 2> <OutPorts = 1>
ST_2 : Operation 190 [1/1] (1.01ns)   --->   "%icmp_ln105_10 = icmp_slt  i32 %shifted_25, i32 4294967168" [/home/luka/Scripting/ELEC_498-Capstone-LiteLM/HLS-Verilog/Transformer_logic/src-hls/compute_controller.cpp:105]   --->   Operation 190 'icmp' 'icmp_ln105_10' <Predicate = true> <Delay = 1.01> <CoreInst = "Cmp">   --->   Core 9 'Cmp' <Latency = 0> <II = 1> <Delay = 1.01> <FuncUnit> <Opcode : 'seteq' 'setne' 'setle' 'setge' 'setlt' 'setgt'> <InPorts = 2> <OutPorts = 1>
ST_2 : Operation 191 [1/1] (0.00ns) (grouped into LUT with out node select_ln103_10)   --->   "%trunc_ln108_10 = trunc i32 %shifted_25" [/home/luka/Scripting/ELEC_498-Capstone-LiteLM/HLS-Verilog/Transformer_logic/src-hls/compute_controller.cpp:108]   --->   Operation 191 'trunc' 'trunc_ln108_10' <Predicate = true> <Delay = 0.00>
ST_2 : Operation 192 [1/1] (0.00ns) (grouped into LUT with out node select_ln103_10)   --->   "%select_ln103_26 = select i1 %icmp_ln103_10, i8 127, i8 128" [/home/luka/Scripting/ELEC_498-Capstone-LiteLM/HLS-Verilog/Transformer_logic/src-hls/compute_controller.cpp:103]   --->   Operation 192 'select' 'select_ln103_26' <Predicate = true> <Delay = 0.00> <CoreInst = "Sel">   --->   Core 73 'Sel' <Latency = 0> <II = 1> <Delay = 0.39> <FuncUnit> <Opcode : 'select'> <InPorts = 3> <OutPorts = 1>
ST_2 : Operation 193 [1/1] (0.00ns) (grouped into LUT with out node select_ln103_10)   --->   "%or_ln103_10 = or i1 %icmp_ln103_10, i1 %icmp_ln105_10" [/home/luka/Scripting/ELEC_498-Capstone-LiteLM/HLS-Verilog/Transformer_logic/src-hls/compute_controller.cpp:103]   --->   Operation 193 'or' 'or_ln103_10' <Predicate = true> <Delay = 0.00> <CoreInst = "LogicGate">   --->   Core 74 'LogicGate' <Latency = 0> <II = 1> <Delay = 0.28> <FuncUnit> <Opcode : 'and' 'or' 'xor'> <InPorts = 2> <OutPorts = 1>
ST_2 : Operation 194 [1/1] (0.39ns) (out node of the LUT)   --->   "%select_ln103_10 = select i1 %or_ln103_10, i8 %select_ln103_26, i8 %trunc_ln108_10" [/home/luka/Scripting/ELEC_498-Capstone-LiteLM/HLS-Verilog/Transformer_logic/src-hls/compute_controller.cpp:103]   --->   Operation 194 'select' 'select_ln103_10' <Predicate = true> <Delay = 0.39> <CoreInst = "Sel">   --->   Core 73 'Sel' <Latency = 0> <II = 1> <Delay = 0.39> <FuncUnit> <Opcode : 'select'> <InPorts = 3> <OutPorts = 1>
ST_2 : Operation 195 [1/1] (1.01ns)   --->   "%shifted_26 = add i32 %scaled_41, i32 %z_out_read" [/home/luka/Scripting/ELEC_498-Capstone-LiteLM/HLS-Verilog/Transformer_logic/src-hls/compute_controller.cpp:101]   --->   Operation 195 'add' 'shifted_26' <Predicate = true> <Delay = 1.01> <CoreInst = "Adder">   --->   Core 1 'Adder' <Latency = 0> <II = 1> <Delay = 1.01> <FuncUnit> <Opcode : 'add' 'sub'> <InPorts = 2> <OutPorts = 1>
ST_2 : Operation 196 [1/1] (0.00ns)   --->   "%tmp_197 = partselect i25 @_ssdm_op_PartSelect.i25.i32.i32.i32, i32 %shifted_26, i32 7, i32 31" [/home/luka/Scripting/ELEC_498-Capstone-LiteLM/HLS-Verilog/Transformer_logic/src-hls/compute_controller.cpp:103]   --->   Operation 196 'partselect' 'tmp_197' <Predicate = true> <Delay = 0.00>
ST_2 : Operation 197 [1/1] (0.94ns)   --->   "%icmp_ln103_11 = icmp_sgt  i25 %tmp_197, i25 0" [/home/luka/Scripting/ELEC_498-Capstone-LiteLM/HLS-Verilog/Transformer_logic/src-hls/compute_controller.cpp:103]   --->   Operation 197 'icmp' 'icmp_ln103_11' <Predicate = true> <Delay = 0.94> <CoreInst = "Cmp">   --->   Core 9 'Cmp' <Latency = 0> <II = 1> <Delay = 0.94> <FuncUnit> <Opcode : 'seteq' 'setne' 'setle' 'setge' 'setlt' 'setgt'> <InPorts = 2> <OutPorts = 1>
ST_2 : Operation 198 [1/1] (1.01ns)   --->   "%icmp_ln105_11 = icmp_slt  i32 %shifted_26, i32 4294967168" [/home/luka/Scripting/ELEC_498-Capstone-LiteLM/HLS-Verilog/Transformer_logic/src-hls/compute_controller.cpp:105]   --->   Operation 198 'icmp' 'icmp_ln105_11' <Predicate = true> <Delay = 1.01> <CoreInst = "Cmp">   --->   Core 9 'Cmp' <Latency = 0> <II = 1> <Delay = 1.01> <FuncUnit> <Opcode : 'seteq' 'setne' 'setle' 'setge' 'setlt' 'setgt'> <InPorts = 2> <OutPorts = 1>
ST_2 : Operation 199 [1/1] (0.00ns) (grouped into LUT with out node select_ln103_11)   --->   "%trunc_ln108_11 = trunc i32 %shifted_26" [/home/luka/Scripting/ELEC_498-Capstone-LiteLM/HLS-Verilog/Transformer_logic/src-hls/compute_controller.cpp:108]   --->   Operation 199 'trunc' 'trunc_ln108_11' <Predicate = true> <Delay = 0.00>
ST_2 : Operation 200 [1/1] (0.00ns) (grouped into LUT with out node select_ln103_11)   --->   "%select_ln103_27 = select i1 %icmp_ln103_11, i8 127, i8 128" [/home/luka/Scripting/ELEC_498-Capstone-LiteLM/HLS-Verilog/Transformer_logic/src-hls/compute_controller.cpp:103]   --->   Operation 200 'select' 'select_ln103_27' <Predicate = true> <Delay = 0.00> <CoreInst = "Sel">   --->   Core 73 'Sel' <Latency = 0> <II = 1> <Delay = 0.39> <FuncUnit> <Opcode : 'select'> <InPorts = 3> <OutPorts = 1>
ST_2 : Operation 201 [1/1] (0.00ns) (grouped into LUT with out node select_ln103_11)   --->   "%or_ln103_11 = or i1 %icmp_ln103_11, i1 %icmp_ln105_11" [/home/luka/Scripting/ELEC_498-Capstone-LiteLM/HLS-Verilog/Transformer_logic/src-hls/compute_controller.cpp:103]   --->   Operation 201 'or' 'or_ln103_11' <Predicate = true> <Delay = 0.00> <CoreInst = "LogicGate">   --->   Core 74 'LogicGate' <Latency = 0> <II = 1> <Delay = 0.28> <FuncUnit> <Opcode : 'and' 'or' 'xor'> <InPorts = 2> <OutPorts = 1>
ST_2 : Operation 202 [1/1] (0.39ns) (out node of the LUT)   --->   "%select_ln103_11 = select i1 %or_ln103_11, i8 %select_ln103_27, i8 %trunc_ln108_11" [/home/luka/Scripting/ELEC_498-Capstone-LiteLM/HLS-Verilog/Transformer_logic/src-hls/compute_controller.cpp:103]   --->   Operation 202 'select' 'select_ln103_11' <Predicate = true> <Delay = 0.39> <CoreInst = "Sel">   --->   Core 73 'Sel' <Latency = 0> <II = 1> <Delay = 0.39> <FuncUnit> <Opcode : 'select'> <InPorts = 3> <OutPorts = 1>
ST_2 : Operation 203 [1/1] (1.01ns)   --->   "%shifted_27 = add i32 %scaled_42, i32 %z_out_read" [/home/luka/Scripting/ELEC_498-Capstone-LiteLM/HLS-Verilog/Transformer_logic/src-hls/compute_controller.cpp:101]   --->   Operation 203 'add' 'shifted_27' <Predicate = true> <Delay = 1.01> <CoreInst = "Adder">   --->   Core 1 'Adder' <Latency = 0> <II = 1> <Delay = 1.01> <FuncUnit> <Opcode : 'add' 'sub'> <InPorts = 2> <OutPorts = 1>
ST_2 : Operation 204 [1/1] (0.00ns)   --->   "%tmp_198 = partselect i25 @_ssdm_op_PartSelect.i25.i32.i32.i32, i32 %shifted_27, i32 7, i32 31" [/home/luka/Scripting/ELEC_498-Capstone-LiteLM/HLS-Verilog/Transformer_logic/src-hls/compute_controller.cpp:103]   --->   Operation 204 'partselect' 'tmp_198' <Predicate = true> <Delay = 0.00>
ST_2 : Operation 205 [1/1] (0.94ns)   --->   "%icmp_ln103_12 = icmp_sgt  i25 %tmp_198, i25 0" [/home/luka/Scripting/ELEC_498-Capstone-LiteLM/HLS-Verilog/Transformer_logic/src-hls/compute_controller.cpp:103]   --->   Operation 205 'icmp' 'icmp_ln103_12' <Predicate = true> <Delay = 0.94> <CoreInst = "Cmp">   --->   Core 9 'Cmp' <Latency = 0> <II = 1> <Delay = 0.94> <FuncUnit> <Opcode : 'seteq' 'setne' 'setle' 'setge' 'setlt' 'setgt'> <InPorts = 2> <OutPorts = 1>
ST_2 : Operation 206 [1/1] (1.01ns)   --->   "%icmp_ln105_12 = icmp_slt  i32 %shifted_27, i32 4294967168" [/home/luka/Scripting/ELEC_498-Capstone-LiteLM/HLS-Verilog/Transformer_logic/src-hls/compute_controller.cpp:105]   --->   Operation 206 'icmp' 'icmp_ln105_12' <Predicate = true> <Delay = 1.01> <CoreInst = "Cmp">   --->   Core 9 'Cmp' <Latency = 0> <II = 1> <Delay = 1.01> <FuncUnit> <Opcode : 'seteq' 'setne' 'setle' 'setge' 'setlt' 'setgt'> <InPorts = 2> <OutPorts = 1>
ST_2 : Operation 207 [1/1] (0.00ns) (grouped into LUT with out node select_ln103_12)   --->   "%trunc_ln108_12 = trunc i32 %shifted_27" [/home/luka/Scripting/ELEC_498-Capstone-LiteLM/HLS-Verilog/Transformer_logic/src-hls/compute_controller.cpp:108]   --->   Operation 207 'trunc' 'trunc_ln108_12' <Predicate = true> <Delay = 0.00>
ST_2 : Operation 208 [1/1] (0.00ns) (grouped into LUT with out node select_ln103_12)   --->   "%select_ln103_28 = select i1 %icmp_ln103_12, i8 127, i8 128" [/home/luka/Scripting/ELEC_498-Capstone-LiteLM/HLS-Verilog/Transformer_logic/src-hls/compute_controller.cpp:103]   --->   Operation 208 'select' 'select_ln103_28' <Predicate = true> <Delay = 0.00> <CoreInst = "Sel">   --->   Core 73 'Sel' <Latency = 0> <II = 1> <Delay = 0.39> <FuncUnit> <Opcode : 'select'> <InPorts = 3> <OutPorts = 1>
ST_2 : Operation 209 [1/1] (0.00ns) (grouped into LUT with out node select_ln103_12)   --->   "%or_ln103_12 = or i1 %icmp_ln103_12, i1 %icmp_ln105_12" [/home/luka/Scripting/ELEC_498-Capstone-LiteLM/HLS-Verilog/Transformer_logic/src-hls/compute_controller.cpp:103]   --->   Operation 209 'or' 'or_ln103_12' <Predicate = true> <Delay = 0.00> <CoreInst = "LogicGate">   --->   Core 74 'LogicGate' <Latency = 0> <II = 1> <Delay = 0.28> <FuncUnit> <Opcode : 'and' 'or' 'xor'> <InPorts = 2> <OutPorts = 1>
ST_2 : Operation 210 [1/1] (0.39ns) (out node of the LUT)   --->   "%select_ln103_12 = select i1 %or_ln103_12, i8 %select_ln103_28, i8 %trunc_ln108_12" [/home/luka/Scripting/ELEC_498-Capstone-LiteLM/HLS-Verilog/Transformer_logic/src-hls/compute_controller.cpp:103]   --->   Operation 210 'select' 'select_ln103_12' <Predicate = true> <Delay = 0.39> <CoreInst = "Sel">   --->   Core 73 'Sel' <Latency = 0> <II = 1> <Delay = 0.39> <FuncUnit> <Opcode : 'select'> <InPorts = 3> <OutPorts = 1>
ST_2 : Operation 211 [1/1] (1.01ns)   --->   "%shifted_28 = add i32 %scaled_43, i32 %z_out_read" [/home/luka/Scripting/ELEC_498-Capstone-LiteLM/HLS-Verilog/Transformer_logic/src-hls/compute_controller.cpp:101]   --->   Operation 211 'add' 'shifted_28' <Predicate = true> <Delay = 1.01> <CoreInst = "Adder">   --->   Core 1 'Adder' <Latency = 0> <II = 1> <Delay = 1.01> <FuncUnit> <Opcode : 'add' 'sub'> <InPorts = 2> <OutPorts = 1>
ST_2 : Operation 212 [1/1] (0.00ns)   --->   "%tmp_199 = partselect i25 @_ssdm_op_PartSelect.i25.i32.i32.i32, i32 %shifted_28, i32 7, i32 31" [/home/luka/Scripting/ELEC_498-Capstone-LiteLM/HLS-Verilog/Transformer_logic/src-hls/compute_controller.cpp:103]   --->   Operation 212 'partselect' 'tmp_199' <Predicate = true> <Delay = 0.00>
ST_2 : Operation 213 [1/1] (0.94ns)   --->   "%icmp_ln103_13 = icmp_sgt  i25 %tmp_199, i25 0" [/home/luka/Scripting/ELEC_498-Capstone-LiteLM/HLS-Verilog/Transformer_logic/src-hls/compute_controller.cpp:103]   --->   Operation 213 'icmp' 'icmp_ln103_13' <Predicate = true> <Delay = 0.94> <CoreInst = "Cmp">   --->   Core 9 'Cmp' <Latency = 0> <II = 1> <Delay = 0.94> <FuncUnit> <Opcode : 'seteq' 'setne' 'setle' 'setge' 'setlt' 'setgt'> <InPorts = 2> <OutPorts = 1>
ST_2 : Operation 214 [1/1] (1.01ns)   --->   "%icmp_ln105_13 = icmp_slt  i32 %shifted_28, i32 4294967168" [/home/luka/Scripting/ELEC_498-Capstone-LiteLM/HLS-Verilog/Transformer_logic/src-hls/compute_controller.cpp:105]   --->   Operation 214 'icmp' 'icmp_ln105_13' <Predicate = true> <Delay = 1.01> <CoreInst = "Cmp">   --->   Core 9 'Cmp' <Latency = 0> <II = 1> <Delay = 1.01> <FuncUnit> <Opcode : 'seteq' 'setne' 'setle' 'setge' 'setlt' 'setgt'> <InPorts = 2> <OutPorts = 1>
ST_2 : Operation 215 [1/1] (0.00ns) (grouped into LUT with out node select_ln103_13)   --->   "%trunc_ln108_13 = trunc i32 %shifted_28" [/home/luka/Scripting/ELEC_498-Capstone-LiteLM/HLS-Verilog/Transformer_logic/src-hls/compute_controller.cpp:108]   --->   Operation 215 'trunc' 'trunc_ln108_13' <Predicate = true> <Delay = 0.00>
ST_2 : Operation 216 [1/1] (0.00ns) (grouped into LUT with out node select_ln103_13)   --->   "%select_ln103_29 = select i1 %icmp_ln103_13, i8 127, i8 128" [/home/luka/Scripting/ELEC_498-Capstone-LiteLM/HLS-Verilog/Transformer_logic/src-hls/compute_controller.cpp:103]   --->   Operation 216 'select' 'select_ln103_29' <Predicate = true> <Delay = 0.00> <CoreInst = "Sel">   --->   Core 73 'Sel' <Latency = 0> <II = 1> <Delay = 0.39> <FuncUnit> <Opcode : 'select'> <InPorts = 3> <OutPorts = 1>
ST_2 : Operation 217 [1/1] (0.00ns) (grouped into LUT with out node select_ln103_13)   --->   "%or_ln103_13 = or i1 %icmp_ln103_13, i1 %icmp_ln105_13" [/home/luka/Scripting/ELEC_498-Capstone-LiteLM/HLS-Verilog/Transformer_logic/src-hls/compute_controller.cpp:103]   --->   Operation 217 'or' 'or_ln103_13' <Predicate = true> <Delay = 0.00> <CoreInst = "LogicGate">   --->   Core 74 'LogicGate' <Latency = 0> <II = 1> <Delay = 0.28> <FuncUnit> <Opcode : 'and' 'or' 'xor'> <InPorts = 2> <OutPorts = 1>
ST_2 : Operation 218 [1/1] (0.39ns) (out node of the LUT)   --->   "%select_ln103_13 = select i1 %or_ln103_13, i8 %select_ln103_29, i8 %trunc_ln108_13" [/home/luka/Scripting/ELEC_498-Capstone-LiteLM/HLS-Verilog/Transformer_logic/src-hls/compute_controller.cpp:103]   --->   Operation 218 'select' 'select_ln103_13' <Predicate = true> <Delay = 0.39> <CoreInst = "Sel">   --->   Core 73 'Sel' <Latency = 0> <II = 1> <Delay = 0.39> <FuncUnit> <Opcode : 'select'> <InPorts = 3> <OutPorts = 1>
ST_2 : Operation 219 [1/1] (1.01ns)   --->   "%shifted_29 = add i32 %scaled_44, i32 %z_out_read" [/home/luka/Scripting/ELEC_498-Capstone-LiteLM/HLS-Verilog/Transformer_logic/src-hls/compute_controller.cpp:101]   --->   Operation 219 'add' 'shifted_29' <Predicate = true> <Delay = 1.01> <CoreInst = "Adder">   --->   Core 1 'Adder' <Latency = 0> <II = 1> <Delay = 1.01> <FuncUnit> <Opcode : 'add' 'sub'> <InPorts = 2> <OutPorts = 1>
ST_2 : Operation 220 [1/1] (0.00ns)   --->   "%tmp_200 = partselect i25 @_ssdm_op_PartSelect.i25.i32.i32.i32, i32 %shifted_29, i32 7, i32 31" [/home/luka/Scripting/ELEC_498-Capstone-LiteLM/HLS-Verilog/Transformer_logic/src-hls/compute_controller.cpp:103]   --->   Operation 220 'partselect' 'tmp_200' <Predicate = true> <Delay = 0.00>
ST_2 : Operation 221 [1/1] (0.94ns)   --->   "%icmp_ln103_14 = icmp_sgt  i25 %tmp_200, i25 0" [/home/luka/Scripting/ELEC_498-Capstone-LiteLM/HLS-Verilog/Transformer_logic/src-hls/compute_controller.cpp:103]   --->   Operation 221 'icmp' 'icmp_ln103_14' <Predicate = true> <Delay = 0.94> <CoreInst = "Cmp">   --->   Core 9 'Cmp' <Latency = 0> <II = 1> <Delay = 0.94> <FuncUnit> <Opcode : 'seteq' 'setne' 'setle' 'setge' 'setlt' 'setgt'> <InPorts = 2> <OutPorts = 1>
ST_2 : Operation 222 [1/1] (1.01ns)   --->   "%icmp_ln105_14 = icmp_slt  i32 %shifted_29, i32 4294967168" [/home/luka/Scripting/ELEC_498-Capstone-LiteLM/HLS-Verilog/Transformer_logic/src-hls/compute_controller.cpp:105]   --->   Operation 222 'icmp' 'icmp_ln105_14' <Predicate = true> <Delay = 1.01> <CoreInst = "Cmp">   --->   Core 9 'Cmp' <Latency = 0> <II = 1> <Delay = 1.01> <FuncUnit> <Opcode : 'seteq' 'setne' 'setle' 'setge' 'setlt' 'setgt'> <InPorts = 2> <OutPorts = 1>
ST_2 : Operation 223 [1/1] (0.00ns) (grouped into LUT with out node select_ln103_14)   --->   "%trunc_ln108_14 = trunc i32 %shifted_29" [/home/luka/Scripting/ELEC_498-Capstone-LiteLM/HLS-Verilog/Transformer_logic/src-hls/compute_controller.cpp:108]   --->   Operation 223 'trunc' 'trunc_ln108_14' <Predicate = true> <Delay = 0.00>
ST_2 : Operation 224 [1/1] (0.00ns) (grouped into LUT with out node select_ln103_14)   --->   "%select_ln103_30 = select i1 %icmp_ln103_14, i8 127, i8 128" [/home/luka/Scripting/ELEC_498-Capstone-LiteLM/HLS-Verilog/Transformer_logic/src-hls/compute_controller.cpp:103]   --->   Operation 224 'select' 'select_ln103_30' <Predicate = true> <Delay = 0.00> <CoreInst = "Sel">   --->   Core 73 'Sel' <Latency = 0> <II = 1> <Delay = 0.39> <FuncUnit> <Opcode : 'select'> <InPorts = 3> <OutPorts = 1>
ST_2 : Operation 225 [1/1] (0.00ns) (grouped into LUT with out node select_ln103_14)   --->   "%or_ln103_14 = or i1 %icmp_ln103_14, i1 %icmp_ln105_14" [/home/luka/Scripting/ELEC_498-Capstone-LiteLM/HLS-Verilog/Transformer_logic/src-hls/compute_controller.cpp:103]   --->   Operation 225 'or' 'or_ln103_14' <Predicate = true> <Delay = 0.00> <CoreInst = "LogicGate">   --->   Core 74 'LogicGate' <Latency = 0> <II = 1> <Delay = 0.28> <FuncUnit> <Opcode : 'and' 'or' 'xor'> <InPorts = 2> <OutPorts = 1>
ST_2 : Operation 226 [1/1] (0.39ns) (out node of the LUT)   --->   "%select_ln103_14 = select i1 %or_ln103_14, i8 %select_ln103_30, i8 %trunc_ln108_14" [/home/luka/Scripting/ELEC_498-Capstone-LiteLM/HLS-Verilog/Transformer_logic/src-hls/compute_controller.cpp:103]   --->   Operation 226 'select' 'select_ln103_14' <Predicate = true> <Delay = 0.39> <CoreInst = "Sel">   --->   Core 73 'Sel' <Latency = 0> <II = 1> <Delay = 0.39> <FuncUnit> <Opcode : 'select'> <InPorts = 3> <OutPorts = 1>
ST_2 : Operation 227 [1/1] (1.01ns)   --->   "%shifted_15 = add i32 %scaled_30, i32 %z_out_read" [/home/luka/Scripting/ELEC_498-Capstone-LiteLM/HLS-Verilog/Transformer_logic/src-hls/compute_controller.cpp:101]   --->   Operation 227 'add' 'shifted_15' <Predicate = true> <Delay = 1.01> <CoreInst = "Adder">   --->   Core 1 'Adder' <Latency = 0> <II = 1> <Delay = 1.01> <FuncUnit> <Opcode : 'add' 'sub'> <InPorts = 2> <OutPorts = 1>
ST_2 : Operation 228 [1/1] (0.00ns)   --->   "%tmp_201 = partselect i25 @_ssdm_op_PartSelect.i25.i32.i32.i32, i32 %shifted_15, i32 7, i32 31" [/home/luka/Scripting/ELEC_498-Capstone-LiteLM/HLS-Verilog/Transformer_logic/src-hls/compute_controller.cpp:103]   --->   Operation 228 'partselect' 'tmp_201' <Predicate = true> <Delay = 0.00>
ST_2 : Operation 229 [1/1] (0.94ns)   --->   "%icmp_ln103_15 = icmp_sgt  i25 %tmp_201, i25 0" [/home/luka/Scripting/ELEC_498-Capstone-LiteLM/HLS-Verilog/Transformer_logic/src-hls/compute_controller.cpp:103]   --->   Operation 229 'icmp' 'icmp_ln103_15' <Predicate = true> <Delay = 0.94> <CoreInst = "Cmp">   --->   Core 9 'Cmp' <Latency = 0> <II = 1> <Delay = 0.94> <FuncUnit> <Opcode : 'seteq' 'setne' 'setle' 'setge' 'setlt' 'setgt'> <InPorts = 2> <OutPorts = 1>
ST_2 : Operation 230 [1/1] (1.01ns)   --->   "%icmp_ln105_15 = icmp_slt  i32 %shifted_15, i32 4294967168" [/home/luka/Scripting/ELEC_498-Capstone-LiteLM/HLS-Verilog/Transformer_logic/src-hls/compute_controller.cpp:105]   --->   Operation 230 'icmp' 'icmp_ln105_15' <Predicate = true> <Delay = 1.01> <CoreInst = "Cmp">   --->   Core 9 'Cmp' <Latency = 0> <II = 1> <Delay = 1.01> <FuncUnit> <Opcode : 'seteq' 'setne' 'setle' 'setge' 'setlt' 'setgt'> <InPorts = 2> <OutPorts = 1>
ST_2 : Operation 231 [1/1] (0.00ns) (grouped into LUT with out node select_ln103_15)   --->   "%trunc_ln108_15 = trunc i32 %shifted_15" [/home/luka/Scripting/ELEC_498-Capstone-LiteLM/HLS-Verilog/Transformer_logic/src-hls/compute_controller.cpp:108]   --->   Operation 231 'trunc' 'trunc_ln108_15' <Predicate = true> <Delay = 0.00>
ST_2 : Operation 232 [1/1] (0.00ns) (grouped into LUT with out node select_ln103_15)   --->   "%select_ln103_31 = select i1 %icmp_ln103_15, i8 127, i8 128" [/home/luka/Scripting/ELEC_498-Capstone-LiteLM/HLS-Verilog/Transformer_logic/src-hls/compute_controller.cpp:103]   --->   Operation 232 'select' 'select_ln103_31' <Predicate = true> <Delay = 0.00> <CoreInst = "Sel">   --->   Core 73 'Sel' <Latency = 0> <II = 1> <Delay = 0.39> <FuncUnit> <Opcode : 'select'> <InPorts = 3> <OutPorts = 1>
ST_2 : Operation 233 [1/1] (0.00ns) (grouped into LUT with out node select_ln103_15)   --->   "%or_ln103_15 = or i1 %icmp_ln103_15, i1 %icmp_ln105_15" [/home/luka/Scripting/ELEC_498-Capstone-LiteLM/HLS-Verilog/Transformer_logic/src-hls/compute_controller.cpp:103]   --->   Operation 233 'or' 'or_ln103_15' <Predicate = true> <Delay = 0.00> <CoreInst = "LogicGate">   --->   Core 74 'LogicGate' <Latency = 0> <II = 1> <Delay = 0.28> <FuncUnit> <Opcode : 'and' 'or' 'xor'> <InPorts = 2> <OutPorts = 1>
ST_2 : Operation 234 [1/1] (0.39ns) (out node of the LUT)   --->   "%select_ln103_15 = select i1 %or_ln103_15, i8 %select_ln103_31, i8 %trunc_ln108_15" [/home/luka/Scripting/ELEC_498-Capstone-LiteLM/HLS-Verilog/Transformer_logic/src-hls/compute_controller.cpp:103]   --->   Operation 234 'select' 'select_ln103_15' <Predicate = true> <Delay = 0.39> <CoreInst = "Sel">   --->   Core 73 'Sel' <Latency = 0> <II = 1> <Delay = 0.39> <FuncUnit> <Opcode : 'select'> <InPorts = 3> <OutPorts = 1>
ST_2 : Operation 235 [1/1] (0.00ns)   --->   "%store_ln103 = store i8 %select_ln103, i8 %compute_controller_ControlMemSpace_bool_unsigned_int_bool_bool_bool_bool_29" [/home/luka/Scripting/ELEC_498-Capstone-LiteLM/HLS-Verilog/Transformer_logic/src-hls/compute_controller.cpp:103]   --->   Operation 235 'store' 'store_ln103' <Predicate = true> <Delay = 0.00>
ST_2 : Operation 236 [1/1] (0.00ns)   --->   "%store_ln103 = store i8 %select_ln103_1, i8 %compute_controller_ControlMemSpace_bool_unsigned_int_bool_bool_bool_bool_28" [/home/luka/Scripting/ELEC_498-Capstone-LiteLM/HLS-Verilog/Transformer_logic/src-hls/compute_controller.cpp:103]   --->   Operation 236 'store' 'store_ln103' <Predicate = true> <Delay = 0.00>
ST_2 : Operation 237 [1/1] (0.00ns)   --->   "%store_ln103 = store i8 %select_ln103_2, i8 %compute_controller_ControlMemSpace_bool_unsigned_int_bool_bool_bool_bool_27" [/home/luka/Scripting/ELEC_498-Capstone-LiteLM/HLS-Verilog/Transformer_logic/src-hls/compute_controller.cpp:103]   --->   Operation 237 'store' 'store_ln103' <Predicate = true> <Delay = 0.00>
ST_2 : Operation 238 [1/1] (0.00ns)   --->   "%store_ln103 = store i8 %select_ln103_3, i8 %compute_controller_ControlMemSpace_bool_unsigned_int_bool_bool_bool_bool_26" [/home/luka/Scripting/ELEC_498-Capstone-LiteLM/HLS-Verilog/Transformer_logic/src-hls/compute_controller.cpp:103]   --->   Operation 238 'store' 'store_ln103' <Predicate = true> <Delay = 0.00>
ST_2 : Operation 239 [1/1] (0.00ns)   --->   "%store_ln103 = store i8 %select_ln103_4, i8 %compute_controller_ControlMemSpace_bool_unsigned_int_bool_bool_bool_bool_25" [/home/luka/Scripting/ELEC_498-Capstone-LiteLM/HLS-Verilog/Transformer_logic/src-hls/compute_controller.cpp:103]   --->   Operation 239 'store' 'store_ln103' <Predicate = true> <Delay = 0.00>
ST_2 : Operation 240 [1/1] (0.00ns)   --->   "%store_ln103 = store i8 %select_ln103_5, i8 %compute_controller_ControlMemSpace_bool_unsigned_int_bool_bool_bool_bool_24" [/home/luka/Scripting/ELEC_498-Capstone-LiteLM/HLS-Verilog/Transformer_logic/src-hls/compute_controller.cpp:103]   --->   Operation 240 'store' 'store_ln103' <Predicate = true> <Delay = 0.00>
ST_2 : Operation 241 [1/1] (0.00ns)   --->   "%store_ln103 = store i8 %select_ln103_6, i8 %compute_controller_ControlMemSpace_bool_unsigned_int_bool_bool_bool_bool_23" [/home/luka/Scripting/ELEC_498-Capstone-LiteLM/HLS-Verilog/Transformer_logic/src-hls/compute_controller.cpp:103]   --->   Operation 241 'store' 'store_ln103' <Predicate = true> <Delay = 0.00>
ST_2 : Operation 242 [1/1] (0.00ns)   --->   "%store_ln103 = store i8 %select_ln103_7, i8 %compute_controller_ControlMemSpace_bool_unsigned_int_bool_bool_bool_bool_22" [/home/luka/Scripting/ELEC_498-Capstone-LiteLM/HLS-Verilog/Transformer_logic/src-hls/compute_controller.cpp:103]   --->   Operation 242 'store' 'store_ln103' <Predicate = true> <Delay = 0.00>
ST_2 : Operation 243 [1/1] (0.00ns)   --->   "%store_ln103 = store i8 %select_ln103_8, i8 %compute_controller_ControlMemSpace_bool_unsigned_int_bool_bool_bool_bool_21" [/home/luka/Scripting/ELEC_498-Capstone-LiteLM/HLS-Verilog/Transformer_logic/src-hls/compute_controller.cpp:103]   --->   Operation 243 'store' 'store_ln103' <Predicate = true> <Delay = 0.00>
ST_2 : Operation 244 [1/1] (0.00ns)   --->   "%store_ln103 = store i8 %select_ln103_9, i8 %compute_controller_ControlMemSpace_bool_unsigned_int_bool_bool_bool_bool_20" [/home/luka/Scripting/ELEC_498-Capstone-LiteLM/HLS-Verilog/Transformer_logic/src-hls/compute_controller.cpp:103]   --->   Operation 244 'store' 'store_ln103' <Predicate = true> <Delay = 0.00>
ST_2 : Operation 245 [1/1] (0.00ns)   --->   "%store_ln103 = store i8 %select_ln103_10, i8 %p_ZZ18compute_controller15ControlMemSpacebjRbS0_bS0_S0_RjPKhPhR12ComputeStateS1_R_53" [/home/luka/Scripting/ELEC_498-Capstone-LiteLM/HLS-Verilog/Transformer_logic/src-hls/compute_controller.cpp:103]   --->   Operation 245 'store' 'store_ln103' <Predicate = true> <Delay = 0.00>
ST_2 : Operation 246 [1/1] (0.00ns)   --->   "%store_ln103 = store i8 %select_ln103_11, i8 %p_ZZ18compute_controller15ControlMemSpacebjRbS0_bS0_S0_RjPKhPhR12ComputeStateS1_R_52" [/home/luka/Scripting/ELEC_498-Capstone-LiteLM/HLS-Verilog/Transformer_logic/src-hls/compute_controller.cpp:103]   --->   Operation 246 'store' 'store_ln103' <Predicate = true> <Delay = 0.00>
ST_2 : Operation 247 [1/1] (0.00ns)   --->   "%store_ln103 = store i8 %select_ln103_12, i8 %p_ZZ18compute_controller15ControlMemSpacebjRbS0_bS0_S0_RjPKhPhR12ComputeStateS1_R_51" [/home/luka/Scripting/ELEC_498-Capstone-LiteLM/HLS-Verilog/Transformer_logic/src-hls/compute_controller.cpp:103]   --->   Operation 247 'store' 'store_ln103' <Predicate = true> <Delay = 0.00>
ST_2 : Operation 248 [1/1] (0.00ns)   --->   "%store_ln103 = store i8 %select_ln103_13, i8 %p_ZZ18compute_controller15ControlMemSpacebjRbS0_bS0_S0_RjPKhPhR12ComputeStateS1_R_50" [/home/luka/Scripting/ELEC_498-Capstone-LiteLM/HLS-Verilog/Transformer_logic/src-hls/compute_controller.cpp:103]   --->   Operation 248 'store' 'store_ln103' <Predicate = true> <Delay = 0.00>
ST_2 : Operation 249 [1/1] (0.00ns)   --->   "%store_ln103 = store i8 %select_ln103_14, i8 %p_ZZ18compute_controller15ControlMemSpacebjRbS0_bS0_S0_RjPKhPhR12ComputeStateS1_R_49" [/home/luka/Scripting/ELEC_498-Capstone-LiteLM/HLS-Verilog/Transformer_logic/src-hls/compute_controller.cpp:103]   --->   Operation 249 'store' 'store_ln103' <Predicate = true> <Delay = 0.00>
ST_2 : Operation 250 [1/1] (0.00ns)   --->   "%store_ln103 = store i8 %select_ln103_15, i8 %p_ZZ18compute_controller15ControlMemSpacebjRbS0_bS0_S0_RjPKhPhR12ComputeStateS1_R_48" [/home/luka/Scripting/ELEC_498-Capstone-LiteLM/HLS-Verilog/Transformer_logic/src-hls/compute_controller.cpp:103]   --->   Operation 250 'store' 'store_ln103' <Predicate = true> <Delay = 0.00>
ST_2 : Operation 251 [1/1] (0.00ns)   --->   "%ret_ln111 = ret" [/home/luka/Scripting/ELEC_498-Capstone-LiteLM/HLS-Verilog/Transformer_logic/src-hls/compute_controller.cpp:111]   --->   Operation 251 'ret' 'ret_ln111' <Predicate = true> <Delay = 0.00>


============================================================
+ Verbose Summary: Timing violations
============================================================
Target clock period: 10.000ns, clock uncertainty: 2.700ns.

 <State 1>: 6.041ns
The critical path consists of the following:
	wire read operation ('M', /home/luka/Scripting/ELEC_498-Capstone-LiteLM/HLS-Verilog/Transformer_logic/src-hls/compute_controller.cpp:65) on port 'M' (/home/luka/Scripting/ELEC_498-Capstone-LiteLM/HLS-Verilog/Transformer_logic/src-hls/compute_controller.cpp:65) [38]  (0.000 ns)
	'mul' operation 64 bit ('product', /home/luka/Scripting/ELEC_498-Capstone-LiteLM/HLS-Verilog/Transformer_logic/src-hls/compute_controller.cpp:98) [46]  (3.420 ns)
	'add' operation 64 bit ('add_ln100', /home/luka/Scripting/ELEC_498-Capstone-LiteLM/HLS-Verilog/Transformer_logic/src-hls/compute_controller.cpp:100) [47]  (1.085 ns)
	'ashr' operation 64 bit ('ashr_ln100', /home/luka/Scripting/ELEC_498-Capstone-LiteLM/HLS-Verilog/Transformer_logic/src-hls/compute_controller.cpp:100) [48]  (1.536 ns)

 <State 2>: 2.425ns
The critical path consists of the following:
	wire read operation ('z_out', /home/luka/Scripting/ELEC_498-Capstone-LiteLM/HLS-Verilog/Transformer_logic/src-hls/compute_controller.cpp:65) on port 'z_out' (/home/luka/Scripting/ELEC_498-Capstone-LiteLM/HLS-Verilog/Transformer_logic/src-hls/compute_controller.cpp:65) [36]  (0.000 ns)
	'add' operation 32 bit ('shifted', /home/luka/Scripting/ELEC_498-Capstone-LiteLM/HLS-Verilog/Transformer_logic/src-hls/compute_controller.cpp:101) [50]  (1.016 ns)
	'icmp' operation 1 bit ('icmp_ln105', /home/luka/Scripting/ELEC_498-Capstone-LiteLM/HLS-Verilog/Transformer_logic/src-hls/compute_controller.cpp:105) [53]  (1.016 ns)
	'or' operation 1 bit ('or_ln103', /home/luka/Scripting/ELEC_498-Capstone-LiteLM/HLS-Verilog/Transformer_logic/src-hls/compute_controller.cpp:103) [56]  (0.000 ns)
	'select' operation 8 bit ('select_ln103', /home/luka/Scripting/ELEC_498-Capstone-LiteLM/HLS-Verilog/Transformer_logic/src-hls/compute_controller.cpp:103) [57]  (0.393 ns)


============================================================
+ Verbose Summary: Binding
============================================================
N/A
* FSMD analyzer results:
  - Output states:
 - Input state : 
  - Chain level:
	State 1
	State 2


============================================================
+ Verbose Summary: Datapath Resource usage 
============================================================
N/A
