

================================================================
== Vitis HLS Report for 'sqrt_fixed_32_19_s'
================================================================
* Date:           Tue Feb  3 19:41:29 2026

* Version:        2025.1 (Build 6135595 on May 21 2025)
* Project:        transformer_top
* Solution:       hls (Vivado IP Flow Target)
* Product family: zynquplus
* Target device:  xck26-sfvc784-2LV-c


================================================================
== Performance Estimates
================================================================
+ Timing: 
    * Summary: 
    +--------+----------+----------+------------+
    |  Clock |  Target  | Estimated| Uncertainty|
    +--------+----------+----------+------------+
    |ap_clk  |  10.00 ns|  7.145 ns|     2.70 ns|
    +--------+----------+----------+------------+

+ Latency: 
    * Summary: 
    +---------+---------+-----------+-----------+-----+-----+---------+
    |  Latency (cycles) |   Latency (absolute)  |  Interval | Pipeline|
    |   min   |   max   |    min    |    max    | min | max |   Type  |
    +---------+---------+-----------+-----------+-----+-----+---------+
    |        5|        5|  50.000 ns|  50.000 ns|    1|    1|      yes|
    +---------+---------+-----------+-----------+-----+-----+---------+

    + Detail: 
        * Instance: 
        N/A

        * Loop: 
        N/A

============================================================
+ Verbose Summary: Synthesis Manager
============================================================
InlineROM: 1
ExposeGlobal: 0
============================================================
+ Verbose Summary: CDFG Model
============================================================
IsTopModel: 0
ResetActiveHigh: 1
IsCombinational: 0
IsDatapathOnly: 0
HasWiredReturn: 1
HasMFsm: 2
HasVarLatency: 0
IsPipeline: 1
IsRtlPipelined: 1
IsInstanceOverlapped: 0
IsDontTouch: 0
HasImplIP: 0
IsGatedGlobalClock: 0

+ Individual pipeline summary: 
  * Pipeline-0: initiation interval (II) = 1, depth = 6


============================================================
+ Verbose Summary: Schedule
============================================================
* Number of FSM states : 6
* Pipeline : 1
  Pipeline-0 : II = 1, D = 6, States = { 1 2 3 4 5 6 }
* Dataflow Pipeline: 0

* FSM state transitions: 
1 --> 2 
2 --> 3 
3 --> 4 
4 --> 5 
5 --> 6 
6 --> 

* FSM state operations: 

State 1 <SV = 0> <Delay = 6.91>
ST_1 : Operation 7 [1/1] (0.00ns)   --->   "%x_read = read i32 @_ssdm_op_Read.ap_auto.i32, i32 %x" [/tools/Xilinx/2025.1/Vitis/common/technology/autopilot/etc/hls_sqrt_apfixed.h:19]   --->   Operation 7 'read' 'x_read' <Predicate = true> <Delay = 0.00>
ST_1 : Operation 8 [1/1] (0.00ns)   --->   "%tmp_22 = partselect i19 @_ssdm_op_PartSelect.i19.i32.i32.i32, i32 %x_read, i32 13, i32 31" [/tools/Xilinx/2025.1/Vitis/common/technology/autopilot/etc/hls_sqrt_apfixed.h:212]   --->   Operation 8 'partselect' 'tmp_22' <Predicate = true> <Delay = 0.00>
ST_1 : Operation 9 [1/1] (0.00ns)   --->   "%zext_ln212 = zext i19 %tmp_22" [/tools/Xilinx/2025.1/Vitis/common/technology/autopilot/etc/hls_sqrt_apfixed.h:212]   --->   Operation 9 'zext' 'zext_ln212' <Predicate = true> <Delay = 0.00>
ST_1 : Operation 10 [1/1] (0.00ns)   --->   "%trunc_ln213 = trunc i32 %x_read" [/tools/Xilinx/2025.1/Vitis/common/technology/autopilot/etc/hls_sqrt_apfixed.h:213]   --->   Operation 10 'trunc' 'trunc_ln213' <Predicate = true> <Delay = 0.00>
ST_1 : Operation 11 [1/1] (0.00ns)   --->   "%tmp_1 = partselect i3 @_ssdm_op_PartSelect.i3.i32.i32.i32, i32 %x_read, i32 29, i32 31" [/tools/Xilinx/2025.1/Vitis/common/technology/autopilot/etc/hls_sqrt_apfixed.h:258]   --->   Operation 11 'partselect' 'tmp_1' <Predicate = true> <Delay = 0.00>
ST_1 : Operation 12 [1/1] (0.00ns)   --->   "%zext_ln258 = zext i3 %tmp_1" [/tools/Xilinx/2025.1/Vitis/common/technology/autopilot/etc/hls_sqrt_apfixed.h:258]   --->   Operation 12 'zext' 'zext_ln258' <Predicate = true> <Delay = 0.00>
ST_1 : Operation 13 [1/1] (0.67ns)   --->   "%icmp_ln258 = icmp_eq  i3 %tmp_1, i3 0" [/tools/Xilinx/2025.1/Vitis/common/technology/autopilot/etc/hls_sqrt_apfixed.h:258]   --->   Operation 13 'icmp' 'icmp_ln258' <Predicate = true> <Delay = 0.67> <CoreInst = "Cmp">   --->   Core 9 'Cmp' <Latency = 0> <II = 1> <Delay = 0.67> <FuncUnit> <Opcode : 'seteq' 'setne' 'setle' 'setge' 'setlt' 'setgt'> <InPorts = 2> <OutPorts = 1>
ST_1 : Operation 14 [1/1] (0.67ns)   --->   "%add_ln263 = add i4 %zext_ln258, i4 15" [/tools/Xilinx/2025.1/Vitis/common/technology/autopilot/etc/hls_sqrt_apfixed.h:263]   --->   Operation 14 'add' 'add_ln263' <Predicate = true> <Delay = 0.67> <CoreInst = "Adder">   --->   Core 1 'Adder' <Latency = 0> <II = 1> <Delay = 0.67> <FuncUnit> <Opcode : 'add' 'sub'> <InPorts = 2> <OutPorts = 1>
ST_1 : Operation 15 [1/1] (0.00ns)   --->   "%x_l_I = partset i22 @_ssdm_op_PartSet.i22.i22.i4.i32, i22 %zext_ln212, i4 %add_ln263, i32 16" [/tools/Xilinx/2025.1/Vitis/common/technology/autopilot/etc/hls_sqrt_apfixed.h:263]   --->   Operation 15 'partset' 'x_l_I' <Predicate = true> <Delay = 0.00>
ST_1 : Operation 16 [1/1] (0.34ns)   --->   "%x_l_I_1 = select i1 %icmp_ln258, i22 %zext_ln212, i22 %x_l_I" [/tools/Xilinx/2025.1/Vitis/common/technology/autopilot/etc/hls_sqrt_apfixed.h:258]   --->   Operation 16 'select' 'x_l_I_1' <Predicate = true> <Delay = 0.34> <CoreInst = "Sel">   --->   Core 73 'Sel' <Latency = 0> <II = 1> <Delay = 0.34> <FuncUnit> <Opcode : 'select'> <InPorts = 3> <OutPorts = 1>
ST_1 : Operation 17 [1/1] (0.40ns)   --->   "%select_ln216 = select i1 %icmp_ln258, i10 0, i10 256" [/tools/Xilinx/2025.1/Vitis/common/technology/autopilot/etc/hls_sqrt_apfixed.h:216]   --->   Operation 17 'select' 'select_ln216' <Predicate = true> <Delay = 0.40> <CoreInst = "Sel">   --->   Core 73 'Sel' <Latency = 0> <II = 1> <Delay = 0.40> <FuncUnit> <Opcode : 'select'> <InPorts = 3> <OutPorts = 1>
ST_1 : Operation 18 [1/1] (0.17ns)   --->   "%select_ln216_1 = select i1 %icmp_ln258, i2 0, i2 2" [/tools/Xilinx/2025.1/Vitis/common/technology/autopilot/etc/hls_sqrt_apfixed.h:216]   --->   Operation 18 'select' 'select_ln216_1' <Predicate = true> <Delay = 0.17> <CoreInst = "Sel">   --->   Core 73 'Sel' <Latency = 0> <II = 1> <Delay = 0.17> <FuncUnit> <Opcode : 'select'> <InPorts = 3> <OutPorts = 1>
ST_1 : Operation 19 [1/1] (0.00ns)   --->   "%tmp_3 = bitconcatenate i3 @_ssdm_op_BitConcatenate.i3.i2.i1, i2 %select_ln216_1, i1 1" [/tools/Xilinx/2025.1/Vitis/common/technology/autopilot/etc/hls_sqrt_apfixed.h:253]   --->   Operation 19 'bitconcatenate' 'tmp_3' <Predicate = true> <Delay = 0.00>
ST_1 : Operation 20 [1/1] (0.00ns)   --->   "%tmp_2 = partselect i5 @_ssdm_op_PartSelect.i5.i22.i32, i22 %x_l_I_1, i32 14" [/tools/Xilinx/2025.1/Vitis/common/technology/autopilot/etc/hls_sqrt_apfixed.h:258]   --->   Operation 20 'partselect' 'tmp_2' <Predicate = true> <Delay = 0.00>
ST_1 : Operation 21 [1/1] (0.00ns)   --->   "%zext_ln258_1 = zext i3 %tmp_3" [/tools/Xilinx/2025.1/Vitis/common/technology/autopilot/etc/hls_sqrt_apfixed.h:258]   --->   Operation 21 'zext' 'zext_ln258_1' <Predicate = true> <Delay = 0.00>
ST_1 : Operation 22 [1/1] (0.78ns)   --->   "%icmp_ln258_1 = icmp_ult  i5 %tmp_2, i5 %zext_ln258_1" [/tools/Xilinx/2025.1/Vitis/common/technology/autopilot/etc/hls_sqrt_apfixed.h:258]   --->   Operation 22 'icmp' 'icmp_ln258_1' <Predicate = true> <Delay = 0.78> <CoreInst = "Cmp">   --->   Core 9 'Cmp' <Latency = 0> <II = 1> <Delay = 0.78> <FuncUnit> <Opcode : 'seteq' 'setne' 'setle' 'setge' 'setlt' 'setgt'> <InPorts = 2> <OutPorts = 1>
ST_1 : Operation 23 [1/1] (0.78ns)   --->   "%sub_ln263 = sub i5 %tmp_2, i5 %zext_ln258_1" [/tools/Xilinx/2025.1/Vitis/common/technology/autopilot/etc/hls_sqrt_apfixed.h:263]   --->   Operation 23 'sub' 'sub_ln263' <Predicate = true> <Delay = 0.78> <CoreInst = "Adder">   --->   Core 1 'Adder' <Latency = 0> <II = 1> <Delay = 0.78> <FuncUnit> <Opcode : 'add' 'sub'> <InPorts = 2> <OutPorts = 1>
ST_1 : Operation 24 [1/1] (0.00ns)   --->   "%x_l_I_2 = partset i22 @_ssdm_op_PartSet.i22.i22.i5.i32, i22 %x_l_I_1, i5 %sub_ln263, i32 14" [/tools/Xilinx/2025.1/Vitis/common/technology/autopilot/etc/hls_sqrt_apfixed.h:263]   --->   Operation 24 'partset' 'x_l_I_2' <Predicate = true> <Delay = 0.00>
ST_1 : Operation 25 [1/1] (0.00ns)   --->   "%res_I = bitset i10 @_ssdm_op_BitSet.i10.i10.i32.i1, i10 %select_ln216, i32 7, i1 1" [/tools/Xilinx/2025.1/Vitis/common/technology/autopilot/etc/hls_sqrt_apfixed.h:268]   --->   Operation 25 'bitset' 'res_I' <Predicate = true> <Delay = 0.00>
ST_1 : Operation 26 [1/1] (0.34ns)   --->   "%x_l_I_5 = select i1 %icmp_ln258_1, i22 %x_l_I_1, i22 %x_l_I_2" [/tools/Xilinx/2025.1/Vitis/common/technology/autopilot/etc/hls_sqrt_apfixed.h:258]   --->   Operation 26 'select' 'x_l_I_5' <Predicate = true> <Delay = 0.34> <CoreInst = "Sel">   --->   Core 73 'Sel' <Latency = 0> <II = 1> <Delay = 0.34> <FuncUnit> <Opcode : 'select'> <InPorts = 3> <OutPorts = 1>
ST_1 : Operation 27 [1/1] (0.40ns)   --->   "%res_I_1 = select i1 %icmp_ln258_1, i10 %select_ln216, i10 %res_I" [/tools/Xilinx/2025.1/Vitis/common/technology/autopilot/etc/hls_sqrt_apfixed.h:258]   --->   Operation 27 'select' 'res_I_1' <Predicate = true> <Delay = 0.40> <CoreInst = "Sel">   --->   Core 73 'Sel' <Latency = 0> <II = 1> <Delay = 0.40> <FuncUnit> <Opcode : 'select'> <InPorts = 3> <OutPorts = 1>
ST_1 : Operation 28 [1/1] (0.00ns)   --->   "%tmp_5 = partselect i4 @_ssdm_op_PartSelect.i4.i10.i32, i10 %res_I_1, i32 6" [/tools/Xilinx/2025.1/Vitis/common/technology/autopilot/etc/hls_sqrt_apfixed.h:249]   --->   Operation 28 'partselect' 'tmp_5' <Predicate = true> <Delay = 0.00>
ST_1 : Operation 29 [1/1] (0.00ns)   --->   "%tmp_4 = bitconcatenate i5 @_ssdm_op_BitConcatenate.i5.i4.i1, i4 %tmp_5, i1 1" [/tools/Xilinx/2025.1/Vitis/common/technology/autopilot/etc/hls_sqrt_apfixed.h:253]   --->   Operation 29 'bitconcatenate' 'tmp_4' <Predicate = true> <Delay = 0.00>
ST_1 : Operation 30 [1/1] (0.00ns)   --->   "%tmp_8 = partselect i6 @_ssdm_op_PartSelect.i6.i22.i32, i22 %x_l_I_5, i32 12" [/tools/Xilinx/2025.1/Vitis/common/technology/autopilot/etc/hls_sqrt_apfixed.h:258]   --->   Operation 30 'partselect' 'tmp_8' <Predicate = true> <Delay = 0.00>
ST_1 : Operation 31 [1/1] (0.00ns)   --->   "%zext_ln258_2 = zext i5 %tmp_4" [/tools/Xilinx/2025.1/Vitis/common/technology/autopilot/etc/hls_sqrt_apfixed.h:258]   --->   Operation 31 'zext' 'zext_ln258_2' <Predicate = true> <Delay = 0.00>
ST_1 : Operation 32 [1/1] (0.78ns)   --->   "%icmp_ln258_2 = icmp_ult  i6 %tmp_8, i6 %zext_ln258_2" [/tools/Xilinx/2025.1/Vitis/common/technology/autopilot/etc/hls_sqrt_apfixed.h:258]   --->   Operation 32 'icmp' 'icmp_ln258_2' <Predicate = true> <Delay = 0.78> <CoreInst = "Cmp">   --->   Core 9 'Cmp' <Latency = 0> <II = 1> <Delay = 0.78> <FuncUnit> <Opcode : 'seteq' 'setne' 'setle' 'setge' 'setlt' 'setgt'> <InPorts = 2> <OutPorts = 1>
ST_1 : Operation 33 [1/1] (0.78ns)   --->   "%sub_ln263_1 = sub i6 %tmp_8, i6 %zext_ln258_2" [/tools/Xilinx/2025.1/Vitis/common/technology/autopilot/etc/hls_sqrt_apfixed.h:263]   --->   Operation 33 'sub' 'sub_ln263_1' <Predicate = true> <Delay = 0.78> <CoreInst = "Adder">   --->   Core 1 'Adder' <Latency = 0> <II = 1> <Delay = 0.78> <FuncUnit> <Opcode : 'add' 'sub'> <InPorts = 2> <OutPorts = 1>
ST_1 : Operation 34 [1/1] (0.00ns)   --->   "%x_l_I_6 = partset i22 @_ssdm_op_PartSet.i22.i22.i6.i32, i22 %x_l_I_5, i6 %sub_ln263_1, i32 12" [/tools/Xilinx/2025.1/Vitis/common/technology/autopilot/etc/hls_sqrt_apfixed.h:263]   --->   Operation 34 'partset' 'x_l_I_6' <Predicate = true> <Delay = 0.00>
ST_1 : Operation 35 [1/1] (0.00ns)   --->   "%res_I_2 = bitset i10 @_ssdm_op_BitSet.i10.i10.i32.i1, i10 %res_I_1, i32 6, i1 1" [/tools/Xilinx/2025.1/Vitis/common/technology/autopilot/etc/hls_sqrt_apfixed.h:268]   --->   Operation 35 'bitset' 'res_I_2' <Predicate = true> <Delay = 0.00>
ST_1 : Operation 36 [1/1] (0.34ns)   --->   "%x_l_I_7 = select i1 %icmp_ln258_2, i22 %x_l_I_5, i22 %x_l_I_6" [/tools/Xilinx/2025.1/Vitis/common/technology/autopilot/etc/hls_sqrt_apfixed.h:258]   --->   Operation 36 'select' 'x_l_I_7' <Predicate = true> <Delay = 0.34> <CoreInst = "Sel">   --->   Core 73 'Sel' <Latency = 0> <II = 1> <Delay = 0.34> <FuncUnit> <Opcode : 'select'> <InPorts = 3> <OutPorts = 1>
ST_1 : Operation 37 [1/1] (0.40ns)   --->   "%res_I_3 = select i1 %icmp_ln258_2, i10 %res_I_1, i10 %res_I_2" [/tools/Xilinx/2025.1/Vitis/common/technology/autopilot/etc/hls_sqrt_apfixed.h:258]   --->   Operation 37 'select' 'res_I_3' <Predicate = true> <Delay = 0.40> <CoreInst = "Sel">   --->   Core 73 'Sel' <Latency = 0> <II = 1> <Delay = 0.40> <FuncUnit> <Opcode : 'select'> <InPorts = 3> <OutPorts = 1>
ST_1 : Operation 38 [1/1] (0.00ns)   --->   "%tmp_6 = partselect i5 @_ssdm_op_PartSelect.i5.i10.i32, i10 %res_I_3, i32 5" [/tools/Xilinx/2025.1/Vitis/common/technology/autopilot/etc/hls_sqrt_apfixed.h:249]   --->   Operation 38 'partselect' 'tmp_6' <Predicate = true> <Delay = 0.00>
ST_1 : Operation 39 [1/1] (0.00ns)   --->   "%tmp_7 = bitconcatenate i6 @_ssdm_op_BitConcatenate.i6.i5.i1, i5 %tmp_6, i1 1" [/tools/Xilinx/2025.1/Vitis/common/technology/autopilot/etc/hls_sqrt_apfixed.h:253]   --->   Operation 39 'bitconcatenate' 'tmp_7' <Predicate = true> <Delay = 0.00>
ST_1 : Operation 40 [1/1] (0.00ns)   --->   "%tmp_9 = partselect i7 @_ssdm_op_PartSelect.i7.i22.i32, i22 %x_l_I_7, i32 10" [/tools/Xilinx/2025.1/Vitis/common/technology/autopilot/etc/hls_sqrt_apfixed.h:258]   --->   Operation 40 'partselect' 'tmp_9' <Predicate = true> <Delay = 0.00>
ST_1 : Operation 41 [1/1] (0.00ns)   --->   "%zext_ln258_3 = zext i6 %tmp_7" [/tools/Xilinx/2025.1/Vitis/common/technology/autopilot/etc/hls_sqrt_apfixed.h:258]   --->   Operation 41 'zext' 'zext_ln258_3' <Predicate = true> <Delay = 0.00>
ST_1 : Operation 42 [1/1] (0.77ns)   --->   "%icmp_ln258_3 = icmp_ult  i7 %tmp_9, i7 %zext_ln258_3" [/tools/Xilinx/2025.1/Vitis/common/technology/autopilot/etc/hls_sqrt_apfixed.h:258]   --->   Operation 42 'icmp' 'icmp_ln258_3' <Predicate = true> <Delay = 0.77> <CoreInst = "Cmp">   --->   Core 9 'Cmp' <Latency = 0> <II = 1> <Delay = 0.77> <FuncUnit> <Opcode : 'seteq' 'setne' 'setle' 'setge' 'setlt' 'setgt'> <InPorts = 2> <OutPorts = 1>
ST_1 : Operation 43 [1/1] (0.77ns)   --->   "%sub_ln263_2 = sub i7 %tmp_9, i7 %zext_ln258_3" [/tools/Xilinx/2025.1/Vitis/common/technology/autopilot/etc/hls_sqrt_apfixed.h:263]   --->   Operation 43 'sub' 'sub_ln263_2' <Predicate = true> <Delay = 0.77> <CoreInst = "Adder">   --->   Core 1 'Adder' <Latency = 0> <II = 1> <Delay = 0.77> <FuncUnit> <Opcode : 'add' 'sub'> <InPorts = 2> <OutPorts = 1>
ST_1 : Operation 44 [1/1] (0.00ns)   --->   "%x_l_I_8 = partset i22 @_ssdm_op_PartSet.i22.i22.i7.i32, i22 %x_l_I_7, i7 %sub_ln263_2, i32 10" [/tools/Xilinx/2025.1/Vitis/common/technology/autopilot/etc/hls_sqrt_apfixed.h:263]   --->   Operation 44 'partset' 'x_l_I_8' <Predicate = true> <Delay = 0.00>
ST_1 : Operation 45 [1/1] (0.00ns)   --->   "%res_I_4 = bitset i10 @_ssdm_op_BitSet.i10.i10.i32.i1, i10 %res_I_3, i32 5, i1 1" [/tools/Xilinx/2025.1/Vitis/common/technology/autopilot/etc/hls_sqrt_apfixed.h:268]   --->   Operation 45 'bitset' 'res_I_4' <Predicate = true> <Delay = 0.00>
ST_1 : Operation 46 [1/1] (0.34ns)   --->   "%x_l_I_9 = select i1 %icmp_ln258_3, i22 %x_l_I_7, i22 %x_l_I_8" [/tools/Xilinx/2025.1/Vitis/common/technology/autopilot/etc/hls_sqrt_apfixed.h:258]   --->   Operation 46 'select' 'x_l_I_9' <Predicate = true> <Delay = 0.34> <CoreInst = "Sel">   --->   Core 73 'Sel' <Latency = 0> <II = 1> <Delay = 0.34> <FuncUnit> <Opcode : 'select'> <InPorts = 3> <OutPorts = 1>
ST_1 : Operation 47 [1/1] (0.40ns)   --->   "%res_I_5 = select i1 %icmp_ln258_3, i10 %res_I_3, i10 %res_I_4" [/tools/Xilinx/2025.1/Vitis/common/technology/autopilot/etc/hls_sqrt_apfixed.h:258]   --->   Operation 47 'select' 'res_I_5' <Predicate = true> <Delay = 0.40> <CoreInst = "Sel">   --->   Core 73 'Sel' <Latency = 0> <II = 1> <Delay = 0.40> <FuncUnit> <Opcode : 'select'> <InPorts = 3> <OutPorts = 1>
ST_1 : Operation 48 [1/1] (0.00ns)   --->   "%tmp_s = partselect i6 @_ssdm_op_PartSelect.i6.i10.i32, i10 %res_I_5, i32 4" [/tools/Xilinx/2025.1/Vitis/common/technology/autopilot/etc/hls_sqrt_apfixed.h:249]   --->   Operation 48 'partselect' 'tmp_s' <Predicate = true> <Delay = 0.00>
ST_1 : Operation 49 [1/1] (0.00ns)   --->   "%tmp_10 = bitconcatenate i7 @_ssdm_op_BitConcatenate.i7.i6.i1, i6 %tmp_s, i1 1" [/tools/Xilinx/2025.1/Vitis/common/technology/autopilot/etc/hls_sqrt_apfixed.h:253]   --->   Operation 49 'bitconcatenate' 'tmp_10' <Predicate = true> <Delay = 0.00>
ST_1 : Operation 50 [1/1] (0.00ns)   --->   "%tmp_11 = partselect i8 @_ssdm_op_PartSelect.i8.i22.i32, i22 %x_l_I_9, i32 8" [/tools/Xilinx/2025.1/Vitis/common/technology/autopilot/etc/hls_sqrt_apfixed.h:258]   --->   Operation 50 'partselect' 'tmp_11' <Predicate = true> <Delay = 0.00>
ST_1 : Operation 51 [1/1] (0.00ns)   --->   "%zext_ln258_4 = zext i7 %tmp_10" [/tools/Xilinx/2025.1/Vitis/common/technology/autopilot/etc/hls_sqrt_apfixed.h:258]   --->   Operation 51 'zext' 'zext_ln258_4' <Predicate = true> <Delay = 0.00>
ST_1 : Operation 52 [1/1] (0.76ns)   --->   "%icmp_ln258_4 = icmp_ult  i8 %tmp_11, i8 %zext_ln258_4" [/tools/Xilinx/2025.1/Vitis/common/technology/autopilot/etc/hls_sqrt_apfixed.h:258]   --->   Operation 52 'icmp' 'icmp_ln258_4' <Predicate = true> <Delay = 0.76> <CoreInst = "Cmp">   --->   Core 9 'Cmp' <Latency = 0> <II = 1> <Delay = 0.76> <FuncUnit> <Opcode : 'seteq' 'setne' 'setle' 'setge' 'setlt' 'setgt'> <InPorts = 2> <OutPorts = 1>
ST_1 : Operation 53 [1/1] (0.76ns)   --->   "%sub_ln263_3 = sub i8 %tmp_11, i8 %zext_ln258_4" [/tools/Xilinx/2025.1/Vitis/common/technology/autopilot/etc/hls_sqrt_apfixed.h:263]   --->   Operation 53 'sub' 'sub_ln263_3' <Predicate = true> <Delay = 0.76> <CoreInst = "Adder">   --->   Core 1 'Adder' <Latency = 0> <II = 1> <Delay = 0.76> <FuncUnit> <Opcode : 'add' 'sub'> <InPorts = 2> <OutPorts = 1>
ST_1 : Operation 54 [1/1] (0.00ns)   --->   "%x_l_I_10 = partset i22 @_ssdm_op_PartSet.i22.i22.i8.i32, i22 %x_l_I_9, i8 %sub_ln263_3, i32 8" [/tools/Xilinx/2025.1/Vitis/common/technology/autopilot/etc/hls_sqrt_apfixed.h:263]   --->   Operation 54 'partset' 'x_l_I_10' <Predicate = true> <Delay = 0.00>
ST_1 : Operation 55 [1/1] (0.00ns)   --->   "%res_I_6 = bitset i10 @_ssdm_op_BitSet.i10.i10.i32.i1, i10 %res_I_5, i32 4, i1 1" [/tools/Xilinx/2025.1/Vitis/common/technology/autopilot/etc/hls_sqrt_apfixed.h:268]   --->   Operation 55 'bitset' 'res_I_6' <Predicate = true> <Delay = 0.00>
ST_1 : Operation 56 [1/1] (0.34ns)   --->   "%x_l_I_11 = select i1 %icmp_ln258_4, i22 %x_l_I_9, i22 %x_l_I_10" [/tools/Xilinx/2025.1/Vitis/common/technology/autopilot/etc/hls_sqrt_apfixed.h:258]   --->   Operation 56 'select' 'x_l_I_11' <Predicate = true> <Delay = 0.34> <CoreInst = "Sel">   --->   Core 73 'Sel' <Latency = 0> <II = 1> <Delay = 0.34> <FuncUnit> <Opcode : 'select'> <InPorts = 3> <OutPorts = 1>
ST_1 : Operation 57 [1/1] (0.40ns)   --->   "%res_I_7 = select i1 %icmp_ln258_4, i10 %res_I_5, i10 %res_I_6" [/tools/Xilinx/2025.1/Vitis/common/technology/autopilot/etc/hls_sqrt_apfixed.h:258]   --->   Operation 57 'select' 'res_I_7' <Predicate = true> <Delay = 0.40> <CoreInst = "Sel">   --->   Core 73 'Sel' <Latency = 0> <II = 1> <Delay = 0.40> <FuncUnit> <Opcode : 'select'> <InPorts = 3> <OutPorts = 1>
ST_1 : Operation 58 [1/1] (0.00ns)   --->   "%tmp_12 = partselect i7 @_ssdm_op_PartSelect.i7.i10.i32, i10 %res_I_7, i32 3" [/tools/Xilinx/2025.1/Vitis/common/technology/autopilot/etc/hls_sqrt_apfixed.h:249]   --->   Operation 58 'partselect' 'tmp_12' <Predicate = true> <Delay = 0.00>
ST_1 : Operation 59 [1/1] (0.00ns)   --->   "%tmp_13 = bitconcatenate i8 @_ssdm_op_BitConcatenate.i8.i7.i1, i7 %tmp_12, i1 1" [/tools/Xilinx/2025.1/Vitis/common/technology/autopilot/etc/hls_sqrt_apfixed.h:253]   --->   Operation 59 'bitconcatenate' 'tmp_13' <Predicate = true> <Delay = 0.00>
ST_1 : Operation 60 [1/1] (0.00ns)   --->   "%tmp_14 = partselect i9 @_ssdm_op_PartSelect.i9.i22.i32, i22 %x_l_I_11, i32 6" [/tools/Xilinx/2025.1/Vitis/common/technology/autopilot/etc/hls_sqrt_apfixed.h:258]   --->   Operation 60 'partselect' 'tmp_14' <Predicate = true> <Delay = 0.00>
ST_1 : Operation 61 [1/1] (0.00ns)   --->   "%zext_ln258_5 = zext i8 %tmp_13" [/tools/Xilinx/2025.1/Vitis/common/technology/autopilot/etc/hls_sqrt_apfixed.h:258]   --->   Operation 61 'zext' 'zext_ln258_5' <Predicate = true> <Delay = 0.00>
ST_1 : Operation 62 [1/1] (0.77ns)   --->   "%icmp_ln258_5 = icmp_ult  i9 %tmp_14, i9 %zext_ln258_5" [/tools/Xilinx/2025.1/Vitis/common/technology/autopilot/etc/hls_sqrt_apfixed.h:258]   --->   Operation 62 'icmp' 'icmp_ln258_5' <Predicate = true> <Delay = 0.77> <CoreInst = "Cmp">   --->   Core 9 'Cmp' <Latency = 0> <II = 1> <Delay = 0.77> <FuncUnit> <Opcode : 'seteq' 'setne' 'setle' 'setge' 'setlt' 'setgt'> <InPorts = 2> <OutPorts = 1>
ST_1 : Operation 63 [1/1] (0.77ns)   --->   "%sub_ln263_4 = sub i9 %tmp_14, i9 %zext_ln258_5" [/tools/Xilinx/2025.1/Vitis/common/technology/autopilot/etc/hls_sqrt_apfixed.h:263]   --->   Operation 63 'sub' 'sub_ln263_4' <Predicate = true> <Delay = 0.77> <CoreInst = "Adder">   --->   Core 1 'Adder' <Latency = 0> <II = 1> <Delay = 0.77> <FuncUnit> <Opcode : 'add' 'sub'> <InPorts = 2> <OutPorts = 1>
ST_1 : Operation 64 [1/1] (0.00ns)   --->   "%x_l_I_12 = partset i22 @_ssdm_op_PartSet.i22.i22.i9.i32, i22 %x_l_I_11, i9 %sub_ln263_4, i32 6" [/tools/Xilinx/2025.1/Vitis/common/technology/autopilot/etc/hls_sqrt_apfixed.h:263]   --->   Operation 64 'partset' 'x_l_I_12' <Predicate = true> <Delay = 0.00>
ST_1 : Operation 65 [1/1] (0.00ns)   --->   "%res_I_8 = bitset i10 @_ssdm_op_BitSet.i10.i10.i32.i1, i10 %res_I_7, i32 3, i1 1" [/tools/Xilinx/2025.1/Vitis/common/technology/autopilot/etc/hls_sqrt_apfixed.h:268]   --->   Operation 65 'bitset' 'res_I_8' <Predicate = true> <Delay = 0.00>
ST_1 : Operation 66 [1/1] (0.34ns)   --->   "%x_l_I_13 = select i1 %icmp_ln258_5, i22 %x_l_I_11, i22 %x_l_I_12" [/tools/Xilinx/2025.1/Vitis/common/technology/autopilot/etc/hls_sqrt_apfixed.h:258]   --->   Operation 66 'select' 'x_l_I_13' <Predicate = true> <Delay = 0.34> <CoreInst = "Sel">   --->   Core 73 'Sel' <Latency = 0> <II = 1> <Delay = 0.34> <FuncUnit> <Opcode : 'select'> <InPorts = 3> <OutPorts = 1>
ST_1 : Operation 67 [1/1] (0.40ns)   --->   "%res_I_9 = select i1 %icmp_ln258_5, i10 %res_I_7, i10 %res_I_8" [/tools/Xilinx/2025.1/Vitis/common/technology/autopilot/etc/hls_sqrt_apfixed.h:258]   --->   Operation 67 'select' 'res_I_9' <Predicate = true> <Delay = 0.40> <CoreInst = "Sel">   --->   Core 73 'Sel' <Latency = 0> <II = 1> <Delay = 0.40> <FuncUnit> <Opcode : 'select'> <InPorts = 3> <OutPorts = 1>
ST_1 : Operation 68 [1/1] (0.00ns)   --->   "%tmp_15 = partselect i8 @_ssdm_op_PartSelect.i8.i10.i32, i10 %res_I_9, i32 2" [/tools/Xilinx/2025.1/Vitis/common/technology/autopilot/etc/hls_sqrt_apfixed.h:249]   --->   Operation 68 'partselect' 'tmp_15' <Predicate = true> <Delay = 0.00>
ST_1 : Operation 69 [1/1] (0.00ns)   --->   "%tmp_17 = partselect i10 @_ssdm_op_PartSelect.i10.i22.i32, i22 %x_l_I_13, i32 4" [/tools/Xilinx/2025.1/Vitis/common/technology/autopilot/etc/hls_sqrt_apfixed.h:258]   --->   Operation 69 'partselect' 'tmp_17' <Predicate = true> <Delay = 0.00>
ST_1 : Operation 70 [1/1] (0.00ns)   --->   "%tmp_57 = partselect i2 @_ssdm_op_PartSelect.i2.i32.i32.i32, i32 %x_read, i32 11, i32 12" [/tools/Xilinx/2025.1/Vitis/common/technology/autopilot/etc/hls_sqrt_apfixed.h:295]   --->   Operation 70 'partselect' 'tmp_57' <Predicate = true> <Delay = 0.00>

State 2 <SV = 1> <Delay = 7.14>
ST_2 : Operation 71 [1/1] (0.00ns)   --->   "%x_l_FH_27 = bitconcatenate i14 @_ssdm_op_BitConcatenate.i14.i13.i1, i13 %trunc_ln213, i1 0" [/tools/Xilinx/2025.1/Vitis/common/technology/autopilot/etc/hls_sqrt_apfixed.h:308]   --->   Operation 71 'bitconcatenate' 'x_l_FH_27' <Predicate = true> <Delay = 0.00>
ST_2 : Operation 72 [1/1] (0.00ns)   --->   "%tmp_16 = bitconcatenate i9 @_ssdm_op_BitConcatenate.i9.i8.i1, i8 %tmp_15, i1 1" [/tools/Xilinx/2025.1/Vitis/common/technology/autopilot/etc/hls_sqrt_apfixed.h:253]   --->   Operation 72 'bitconcatenate' 'tmp_16' <Predicate = true> <Delay = 0.00>
ST_2 : Operation 73 [1/1] (0.00ns)   --->   "%zext_ln258_6 = zext i9 %tmp_16" [/tools/Xilinx/2025.1/Vitis/common/technology/autopilot/etc/hls_sqrt_apfixed.h:258]   --->   Operation 73 'zext' 'zext_ln258_6' <Predicate = true> <Delay = 0.00>
ST_2 : Operation 74 [1/1] (0.78ns)   --->   "%icmp_ln258_6 = icmp_ult  i10 %tmp_17, i10 %zext_ln258_6" [/tools/Xilinx/2025.1/Vitis/common/technology/autopilot/etc/hls_sqrt_apfixed.h:258]   --->   Operation 74 'icmp' 'icmp_ln258_6' <Predicate = true> <Delay = 0.78> <CoreInst = "Cmp">   --->   Core 9 'Cmp' <Latency = 0> <II = 1> <Delay = 0.78> <FuncUnit> <Opcode : 'seteq' 'setne' 'setle' 'setge' 'setlt' 'setgt'> <InPorts = 2> <OutPorts = 1>
ST_2 : Operation 75 [1/1] (0.78ns)   --->   "%sub_ln263_5 = sub i10 %tmp_17, i10 %zext_ln258_6" [/tools/Xilinx/2025.1/Vitis/common/technology/autopilot/etc/hls_sqrt_apfixed.h:263]   --->   Operation 75 'sub' 'sub_ln263_5' <Predicate = true> <Delay = 0.78> <CoreInst = "Adder">   --->   Core 1 'Adder' <Latency = 0> <II = 1> <Delay = 0.78> <FuncUnit> <Opcode : 'add' 'sub'> <InPorts = 2> <OutPorts = 1>
ST_2 : Operation 76 [1/1] (0.00ns)   --->   "%x_l_I_14 = partset i22 @_ssdm_op_PartSet.i22.i22.i10.i32, i22 %x_l_I_13, i10 %sub_ln263_5, i32 4" [/tools/Xilinx/2025.1/Vitis/common/technology/autopilot/etc/hls_sqrt_apfixed.h:263]   --->   Operation 76 'partset' 'x_l_I_14' <Predicate = true> <Delay = 0.00>
ST_2 : Operation 77 [1/1] (0.00ns)   --->   "%res_I_10 = bitset i10 @_ssdm_op_BitSet.i10.i10.i32.i1, i10 %res_I_9, i32 2, i1 1" [/tools/Xilinx/2025.1/Vitis/common/technology/autopilot/etc/hls_sqrt_apfixed.h:268]   --->   Operation 77 'bitset' 'res_I_10' <Predicate = true> <Delay = 0.00>
ST_2 : Operation 78 [1/1] (0.34ns)   --->   "%x_l_I_15 = select i1 %icmp_ln258_6, i22 %x_l_I_13, i22 %x_l_I_14" [/tools/Xilinx/2025.1/Vitis/common/technology/autopilot/etc/hls_sqrt_apfixed.h:258]   --->   Operation 78 'select' 'x_l_I_15' <Predicate = true> <Delay = 0.34> <CoreInst = "Sel">   --->   Core 73 'Sel' <Latency = 0> <II = 1> <Delay = 0.34> <FuncUnit> <Opcode : 'select'> <InPorts = 3> <OutPorts = 1>
ST_2 : Operation 79 [1/1] (0.40ns)   --->   "%res_I_11 = select i1 %icmp_ln258_6, i10 %res_I_9, i10 %res_I_10" [/tools/Xilinx/2025.1/Vitis/common/technology/autopilot/etc/hls_sqrt_apfixed.h:258]   --->   Operation 79 'select' 'res_I_11' <Predicate = true> <Delay = 0.40> <CoreInst = "Sel">   --->   Core 73 'Sel' <Latency = 0> <II = 1> <Delay = 0.40> <FuncUnit> <Opcode : 'select'> <InPorts = 3> <OutPorts = 1>
ST_2 : Operation 80 [1/1] (0.00ns)   --->   "%tmp_18 = partselect i9 @_ssdm_op_PartSelect.i9.i10.i32, i10 %res_I_11, i32 1" [/tools/Xilinx/2025.1/Vitis/common/technology/autopilot/etc/hls_sqrt_apfixed.h:249]   --->   Operation 80 'partselect' 'tmp_18' <Predicate = true> <Delay = 0.00>
ST_2 : Operation 81 [1/1] (0.00ns)   --->   "%tmp_19 = bitconcatenate i10 @_ssdm_op_BitConcatenate.i10.i9.i1, i9 %tmp_18, i1 1" [/tools/Xilinx/2025.1/Vitis/common/technology/autopilot/etc/hls_sqrt_apfixed.h:253]   --->   Operation 81 'bitconcatenate' 'tmp_19' <Predicate = true> <Delay = 0.00>
ST_2 : Operation 82 [1/1] (0.00ns)   --->   "%tmp_20 = partselect i11 @_ssdm_op_PartSelect.i11.i22.i32, i22 %x_l_I_15, i32 2" [/tools/Xilinx/2025.1/Vitis/common/technology/autopilot/etc/hls_sqrt_apfixed.h:258]   --->   Operation 82 'partselect' 'tmp_20' <Predicate = true> <Delay = 0.00>
ST_2 : Operation 83 [1/1] (0.00ns)   --->   "%zext_ln258_7 = zext i10 %tmp_19" [/tools/Xilinx/2025.1/Vitis/common/technology/autopilot/etc/hls_sqrt_apfixed.h:258]   --->   Operation 83 'zext' 'zext_ln258_7' <Predicate = true> <Delay = 0.00>
ST_2 : Operation 84 [1/1] (0.79ns)   --->   "%icmp_ln258_7 = icmp_ult  i11 %tmp_20, i11 %zext_ln258_7" [/tools/Xilinx/2025.1/Vitis/common/technology/autopilot/etc/hls_sqrt_apfixed.h:258]   --->   Operation 84 'icmp' 'icmp_ln258_7' <Predicate = true> <Delay = 0.79> <CoreInst = "Cmp">   --->   Core 9 'Cmp' <Latency = 0> <II = 1> <Delay = 0.79> <FuncUnit> <Opcode : 'seteq' 'setne' 'setle' 'setge' 'setlt' 'setgt'> <InPorts = 2> <OutPorts = 1>
ST_2 : Operation 85 [1/1] (0.79ns)   --->   "%sub_ln263_6 = sub i11 %tmp_20, i11 %zext_ln258_7" [/tools/Xilinx/2025.1/Vitis/common/technology/autopilot/etc/hls_sqrt_apfixed.h:263]   --->   Operation 85 'sub' 'sub_ln263_6' <Predicate = true> <Delay = 0.79> <CoreInst = "Adder">   --->   Core 1 'Adder' <Latency = 0> <II = 1> <Delay = 0.79> <FuncUnit> <Opcode : 'add' 'sub'> <InPorts = 2> <OutPorts = 1>
ST_2 : Operation 86 [1/1] (0.00ns)   --->   "%x_l_I_16 = partset i22 @_ssdm_op_PartSet.i22.i22.i11.i32, i22 %x_l_I_15, i11 %sub_ln263_6, i32 2" [/tools/Xilinx/2025.1/Vitis/common/technology/autopilot/etc/hls_sqrt_apfixed.h:263]   --->   Operation 86 'partset' 'x_l_I_16' <Predicate = true> <Delay = 0.00>
ST_2 : Operation 87 [1/1] (0.00ns)   --->   "%res_I_12 = bitset i10 @_ssdm_op_BitSet.i10.i10.i32.i1, i10 %res_I_11, i32 1, i1 1" [/tools/Xilinx/2025.1/Vitis/common/technology/autopilot/etc/hls_sqrt_apfixed.h:268]   --->   Operation 87 'bitset' 'res_I_12' <Predicate = true> <Delay = 0.00>
ST_2 : Operation 88 [1/1] (0.34ns)   --->   "%x_l_I_17 = select i1 %icmp_ln258_7, i22 %x_l_I_15, i22 %x_l_I_16" [/tools/Xilinx/2025.1/Vitis/common/technology/autopilot/etc/hls_sqrt_apfixed.h:258]   --->   Operation 88 'select' 'x_l_I_17' <Predicate = true> <Delay = 0.34> <CoreInst = "Sel">   --->   Core 73 'Sel' <Latency = 0> <II = 1> <Delay = 0.34> <FuncUnit> <Opcode : 'select'> <InPorts = 3> <OutPorts = 1>
ST_2 : Operation 89 [1/1] (0.40ns)   --->   "%res_I_13 = select i1 %icmp_ln258_7, i10 %res_I_11, i10 %res_I_12" [/tools/Xilinx/2025.1/Vitis/common/technology/autopilot/etc/hls_sqrt_apfixed.h:258]   --->   Operation 89 'select' 'res_I_13' <Predicate = true> <Delay = 0.40> <CoreInst = "Sel">   --->   Core 73 'Sel' <Latency = 0> <II = 1> <Delay = 0.40> <FuncUnit> <Opcode : 'select'> <InPorts = 3> <OutPorts = 1>
ST_2 : Operation 90 [1/1] (0.00ns)   --->   "%tmp_21 = bitconcatenate i11 @_ssdm_op_BitConcatenate.i11.i10.i1, i10 %res_I_13, i1 1" [/tools/Xilinx/2025.1/Vitis/common/technology/autopilot/etc/hls_sqrt_apfixed.h:253]   --->   Operation 90 'bitconcatenate' 'tmp_21' <Predicate = true> <Delay = 0.00>
ST_2 : Operation 91 [1/1] (0.00ns)   --->   "%trunc_ln258 = trunc i22 %x_l_I_17" [/tools/Xilinx/2025.1/Vitis/common/technology/autopilot/etc/hls_sqrt_apfixed.h:258]   --->   Operation 91 'trunc' 'trunc_ln258' <Predicate = true> <Delay = 0.00>
ST_2 : Operation 92 [1/1] (0.00ns)   --->   "%zext_ln258_8 = zext i11 %tmp_21" [/tools/Xilinx/2025.1/Vitis/common/technology/autopilot/etc/hls_sqrt_apfixed.h:258]   --->   Operation 92 'zext' 'zext_ln258_8' <Predicate = true> <Delay = 0.00>
ST_2 : Operation 93 [1/1] (0.80ns)   --->   "%icmp_ln258_8 = icmp_ult  i12 %trunc_ln258, i12 %zext_ln258_8" [/tools/Xilinx/2025.1/Vitis/common/technology/autopilot/etc/hls_sqrt_apfixed.h:258]   --->   Operation 93 'icmp' 'icmp_ln258_8' <Predicate = true> <Delay = 0.80> <CoreInst = "Cmp">   --->   Core 9 'Cmp' <Latency = 0> <II = 1> <Delay = 0.80> <FuncUnit> <Opcode : 'seteq' 'setne' 'setle' 'setge' 'setlt' 'setgt'> <InPorts = 2> <OutPorts = 1>
ST_2 : Operation 94 [1/1] (0.80ns)   --->   "%sub_ln263_7 = sub i12 %trunc_ln258, i12 %zext_ln258_8" [/tools/Xilinx/2025.1/Vitis/common/technology/autopilot/etc/hls_sqrt_apfixed.h:263]   --->   Operation 94 'sub' 'sub_ln263_7' <Predicate = true> <Delay = 0.80> <CoreInst = "Adder">   --->   Core 1 'Adder' <Latency = 0> <II = 1> <Delay = 0.80> <FuncUnit> <Opcode : 'add' 'sub'> <InPorts = 2> <OutPorts = 1>
ST_2 : Operation 95 [1/1] (0.00ns)   --->   "%x_l_I_18 = partset i22 @_ssdm_op_PartSet.i22.i22.i12.i32, i22 %x_l_I_17, i12 %sub_ln263_7, i32 0" [/tools/Xilinx/2025.1/Vitis/common/technology/autopilot/etc/hls_sqrt_apfixed.h:263]   --->   Operation 95 'partset' 'x_l_I_18' <Predicate = true> <Delay = 0.00>
ST_2 : Operation 96 [1/1] (0.00ns)   --->   "%res_I_14 = bitset i10 @_ssdm_op_BitSet.i10.i10.i32.i1, i10 %res_I_13, i32 0, i1 1" [/tools/Xilinx/2025.1/Vitis/common/technology/autopilot/etc/hls_sqrt_apfixed.h:268]   --->   Operation 96 'bitset' 'res_I_14' <Predicate = true> <Delay = 0.00>
ST_2 : Operation 97 [1/1] (0.34ns)   --->   "%x_l_I_19 = select i1 %icmp_ln258_8, i22 %x_l_I_17, i22 %x_l_I_18" [/tools/Xilinx/2025.1/Vitis/common/technology/autopilot/etc/hls_sqrt_apfixed.h:258]   --->   Operation 97 'select' 'x_l_I_19' <Predicate = true> <Delay = 0.34> <CoreInst = "Sel">   --->   Core 73 'Sel' <Latency = 0> <II = 1> <Delay = 0.34> <FuncUnit> <Opcode : 'select'> <InPorts = 3> <OutPorts = 1>
ST_2 : Operation 98 [1/1] (0.40ns)   --->   "%res_I_15 = select i1 %icmp_ln258_8, i10 %res_I_13, i10 %res_I_14" [/tools/Xilinx/2025.1/Vitis/common/technology/autopilot/etc/hls_sqrt_apfixed.h:258]   --->   Operation 98 'select' 'res_I_15' <Predicate = true> <Delay = 0.40> <CoreInst = "Sel">   --->   Core 73 'Sel' <Latency = 0> <II = 1> <Delay = 0.40> <FuncUnit> <Opcode : 'select'> <InPorts = 3> <OutPorts = 1>
ST_2 : Operation 99 [1/1] (0.00ns)   --->   "%zext_ln295 = zext i10 %res_I_15" [/tools/Xilinx/2025.1/Vitis/common/technology/autopilot/etc/hls_sqrt_apfixed.h:295]   --->   Operation 99 'zext' 'zext_ln295' <Predicate = true> <Delay = 0.00>
ST_2 : Operation 100 [1/1] (0.91ns)   --->   "%icmp_ln295 = icmp_ugt  i22 %x_l_I_19, i22 %zext_ln295" [/tools/Xilinx/2025.1/Vitis/common/technology/autopilot/etc/hls_sqrt_apfixed.h:295]   --->   Operation 100 'icmp' 'icmp_ln295' <Predicate = true> <Delay = 0.91> <CoreInst = "Cmp">   --->   Core 9 'Cmp' <Latency = 0> <II = 1> <Delay = 0.91> <FuncUnit> <Opcode : 'seteq' 'setne' 'setle' 'setge' 'setlt' 'setgt'> <InPorts = 2> <OutPorts = 1>
ST_2 : Operation 101 [1/1] (0.91ns)   --->   "%icmp_ln295_1 = icmp_eq  i22 %x_l_I_19, i22 %zext_ln295" [/tools/Xilinx/2025.1/Vitis/common/technology/autopilot/etc/hls_sqrt_apfixed.h:295]   --->   Operation 101 'icmp' 'icmp_ln295_1' <Predicate = true> <Delay = 0.91> <CoreInst = "Cmp">   --->   Core 9 'Cmp' <Latency = 0> <II = 1> <Delay = 0.91> <FuncUnit> <Opcode : 'seteq' 'setne' 'setle' 'setge' 'setlt' 'setgt'> <InPorts = 2> <OutPorts = 1>
ST_2 : Operation 102 [1/1] (0.54ns)   --->   "%icmp_ln295_2 = icmp_ne  i2 %tmp_57, i2 0" [/tools/Xilinx/2025.1/Vitis/common/technology/autopilot/etc/hls_sqrt_apfixed.h:295]   --->   Operation 102 'icmp' 'icmp_ln295_2' <Predicate = true> <Delay = 0.54> <CoreInst = "Cmp">   --->   Core 9 'Cmp' <Latency = 0> <II = 1> <Delay = 0.54> <FuncUnit> <Opcode : 'seteq' 'setne' 'setle' 'setge' 'setlt' 'setgt'> <InPorts = 2> <OutPorts = 1>
ST_2 : Operation 103 [1/1] (0.00ns) (grouped into LUT with out node or_ln295)   --->   "%and_ln295 = and i1 %icmp_ln295_1, i1 %icmp_ln295_2" [/tools/Xilinx/2025.1/Vitis/common/technology/autopilot/etc/hls_sqrt_apfixed.h:295]   --->   Operation 103 'and' 'and_ln295' <Predicate = true> <Delay = 0.00> <CoreInst = "LogicGate">   --->   Core 74 'LogicGate' <Latency = 0> <II = 1> <Delay = 0.28> <FuncUnit> <Opcode : 'and' 'or' 'xor'> <InPorts = 2> <OutPorts = 1>
ST_2 : Operation 104 [1/1] (0.54ns)   --->   "%icmp_ln308 = icmp_eq  i2 %tmp_57, i2 0" [/tools/Xilinx/2025.1/Vitis/common/technology/autopilot/etc/hls_sqrt_apfixed.h:308]   --->   Operation 104 'icmp' 'icmp_ln308' <Predicate = true> <Delay = 0.54> <CoreInst = "Cmp">   --->   Core 9 'Cmp' <Latency = 0> <II = 1> <Delay = 0.54> <FuncUnit> <Opcode : 'seteq' 'setne' 'setle' 'setge' 'setlt' 'setgt'> <InPorts = 2> <OutPorts = 1>
ST_2 : Operation 105 [1/1] (0.91ns)   --->   "%x_l_I_20 = add i22 %x_l_I_19, i22 4194303" [/tools/Xilinx/2025.1/Vitis/common/technology/autopilot/etc/hls_sqrt_apfixed.h:316]   --->   Operation 105 'add' 'x_l_I_20' <Predicate = true> <Delay = 0.91> <CoreInst = "Adder">   --->   Core 1 'Adder' <Latency = 0> <II = 1> <Delay = 0.91> <FuncUnit> <Opcode : 'add' 'sub'> <InPorts = 2> <OutPorts = 1>
ST_2 : Operation 106 [1/1] (0.00ns) (grouped into LUT with out node x_l_I_21)   --->   "%x_l_I_3 = select i1 %icmp_ln308, i22 %x_l_I_20, i22 %x_l_I_19" [/tools/Xilinx/2025.1/Vitis/common/technology/autopilot/etc/hls_sqrt_apfixed.h:308]   --->   Operation 106 'select' 'x_l_I_3' <Predicate = true> <Delay = 0.00> <CoreInst = "Sel">   --->   Core 73 'Sel' <Latency = 0> <II = 1> <Delay = 0.34> <FuncUnit> <Opcode : 'select'> <InPorts = 3> <OutPorts = 1>
ST_2 : Operation 107 [1/1] (0.83ns)   --->   "%x_l_FH = add i14 %x_l_FH_27, i14 12288" [/tools/Xilinx/2025.1/Vitis/common/technology/autopilot/etc/hls_sqrt_apfixed.h:319]   --->   Operation 107 'add' 'x_l_FH' <Predicate = true> <Delay = 0.83> <CoreInst = "Adder">   --->   Core 1 'Adder' <Latency = 0> <II = 1> <Delay = 0.83> <FuncUnit> <Opcode : 'add' 'sub'> <InPorts = 2> <OutPorts = 1>
ST_2 : Operation 108 [1/1] (0.91ns) (out node of the LUT)   --->   "%x_l_I_21 = sub i22 %x_l_I_3, i22 %zext_ln295" [/tools/Xilinx/2025.1/Vitis/common/technology/autopilot/etc/hls_sqrt_apfixed.h:317]   --->   Operation 108 'sub' 'x_l_I_21' <Predicate = true> <Delay = 0.91> <CoreInst = "Adder">   --->   Core 1 'Adder' <Latency = 0> <II = 1> <Delay = 0.91> <FuncUnit> <Opcode : 'add' 'sub'> <InPorts = 2> <OutPorts = 1>
ST_2 : Operation 109 [1/1] (0.28ns) (out node of the LUT)   --->   "%or_ln295 = or i1 %icmp_ln295, i1 %and_ln295" [/tools/Xilinx/2025.1/Vitis/common/technology/autopilot/etc/hls_sqrt_apfixed.h:295]   --->   Operation 109 'or' 'or_ln295' <Predicate = true> <Delay = 0.28> <CoreInst = "LogicGate">   --->   Core 74 'LogicGate' <Latency = 0> <II = 1> <Delay = 0.28> <FuncUnit> <Opcode : 'and' 'or' 'xor'> <InPorts = 2> <OutPorts = 1>
ST_2 : Operation 110 [1/1] (0.34ns)   --->   "%x_l_I_4 = select i1 %or_ln295, i22 %x_l_I_21, i22 %x_l_I_19" [/tools/Xilinx/2025.1/Vitis/common/technology/autopilot/etc/hls_sqrt_apfixed.h:295]   --->   Operation 110 'select' 'x_l_I_4' <Predicate = true> <Delay = 0.34> <CoreInst = "Sel">   --->   Core 73 'Sel' <Latency = 0> <II = 1> <Delay = 0.34> <FuncUnit> <Opcode : 'select'> <InPorts = 3> <OutPorts = 1>
ST_2 : Operation 111 [1/1] (0.23ns)   --->   "%x_l_FH_28 = select i1 %or_ln295, i14 %x_l_FH, i14 %x_l_FH_27" [/tools/Xilinx/2025.1/Vitis/common/technology/autopilot/etc/hls_sqrt_apfixed.h:308]   --->   Operation 111 'select' 'x_l_FH_28' <Predicate = true> <Delay = 0.23> <CoreInst = "Sel">   --->   Core 73 'Sel' <Latency = 0> <II = 1> <Delay = 0.23> <FuncUnit> <Opcode : 'select'> <InPorts = 3> <OutPorts = 1>
ST_2 : Operation 112 [1/1] (0.23ns)   --->   "%res_FH = select i1 %or_ln295, i14 8192, i14 0" [/tools/Xilinx/2025.1/Vitis/common/technology/autopilot/etc/hls_sqrt_apfixed.h:295]   --->   Operation 112 'select' 'res_FH' <Predicate = true> <Delay = 0.23> <CoreInst = "Sel">   --->   Core 73 'Sel' <Latency = 0> <II = 1> <Delay = 0.23> <FuncUnit> <Opcode : 'select'> <InPorts = 3> <OutPorts = 1>
ST_2 : Operation 113 [1/1] (0.00ns)   --->   "%tmp_23 = partselect i2 @_ssdm_op_PartSelect.i2.i14.i32, i14 %res_FH, i32 12" [/tools/Xilinx/2025.1/Vitis/common/technology/autopilot/etc/hls_sqrt_apfixed.h:279]   --->   Operation 113 'partselect' 'tmp_23' <Predicate = true> <Delay = 0.00>
ST_2 : Operation 114 [1/1] (0.00ns)   --->   "%trunc_ln283 = trunc i10 %res_I_15" [/tools/Xilinx/2025.1/Vitis/common/technology/autopilot/etc/hls_sqrt_apfixed.h:283]   --->   Operation 114 'trunc' 'trunc_ln283' <Predicate = true> <Delay = 0.00>
ST_2 : Operation 115 [1/1] (0.00ns)   --->   "%mul_FH = bitconcatenate i14 @_ssdm_op_BitConcatenate.i14.i1.i2.i11, i1 %trunc_ln283, i2 %tmp_23, i11 1024" [/tools/Xilinx/2025.1/Vitis/common/technology/autopilot/etc/hls_sqrt_apfixed.h:285]   --->   Operation 115 'bitconcatenate' 'mul_FH' <Predicate = true> <Delay = 0.00>
ST_2 : Operation 116 [1/1] (0.00ns)   --->   "%tmp_29 = partselect i9 @_ssdm_op_PartSelect.i9.i10.i32.i32, i10 %res_I_15, i32 1, i32 9" [/tools/Xilinx/2025.1/Vitis/common/technology/autopilot/etc/hls_sqrt_apfixed.h:295]   --->   Operation 116 'partselect' 'tmp_29' <Predicate = true> <Delay = 0.00>
ST_2 : Operation 117 [1/1] (0.00ns)   --->   "%zext_ln295_1 = zext i9 %tmp_29" [/tools/Xilinx/2025.1/Vitis/common/technology/autopilot/etc/hls_sqrt_apfixed.h:295]   --->   Operation 117 'zext' 'zext_ln295_1' <Predicate = true> <Delay = 0.00>
ST_2 : Operation 118 [1/1] (0.91ns)   --->   "%icmp_ln295_3 = icmp_ugt  i22 %x_l_I_4, i22 %zext_ln295_1" [/tools/Xilinx/2025.1/Vitis/common/technology/autopilot/etc/hls_sqrt_apfixed.h:295]   --->   Operation 118 'icmp' 'icmp_ln295_3' <Predicate = true> <Delay = 0.91> <CoreInst = "Cmp">   --->   Core 9 'Cmp' <Latency = 0> <II = 1> <Delay = 0.91> <FuncUnit> <Opcode : 'seteq' 'setne' 'setle' 'setge' 'setlt' 'setgt'> <InPorts = 2> <OutPorts = 1>
ST_2 : Operation 119 [1/1] (0.91ns)   --->   "%icmp_ln295_4 = icmp_eq  i22 %x_l_I_4, i22 %zext_ln295_1" [/tools/Xilinx/2025.1/Vitis/common/technology/autopilot/etc/hls_sqrt_apfixed.h:295]   --->   Operation 119 'icmp' 'icmp_ln295_4' <Predicate = true> <Delay = 0.91> <CoreInst = "Cmp">   --->   Core 9 'Cmp' <Latency = 0> <II = 1> <Delay = 0.91> <FuncUnit> <Opcode : 'seteq' 'setne' 'setle' 'setge' 'setlt' 'setgt'> <InPorts = 2> <OutPorts = 1>
ST_2 : Operation 120 [1/1] (0.83ns)   --->   "%icmp_ln295_5 = icmp_ult  i14 %x_l_FH_28, i14 %mul_FH" [/tools/Xilinx/2025.1/Vitis/common/technology/autopilot/etc/hls_sqrt_apfixed.h:295]   --->   Operation 120 'icmp' 'icmp_ln295_5' <Predicate = true> <Delay = 0.83> <CoreInst = "Cmp">   --->   Core 9 'Cmp' <Latency = 0> <II = 1> <Delay = 0.83> <FuncUnit> <Opcode : 'seteq' 'setne' 'setle' 'setge' 'setlt' 'setgt'> <InPorts = 2> <OutPorts = 1>
ST_2 : Operation 121 [1/1] (0.00ns) (grouped into LUT with out node or_ln295_1)   --->   "%xor_ln295 = xor i1 %icmp_ln295_5, i1 1" [/tools/Xilinx/2025.1/Vitis/common/technology/autopilot/etc/hls_sqrt_apfixed.h:295]   --->   Operation 121 'xor' 'xor_ln295' <Predicate = true> <Delay = 0.00> <CoreInst = "LogicGate">   --->   Core 74 'LogicGate' <Latency = 0> <II = 1> <Delay = 0.28> <FuncUnit> <Opcode : 'and' 'or' 'xor'> <InPorts = 2> <OutPorts = 1>
ST_2 : Operation 122 [1/1] (0.00ns) (grouped into LUT with out node or_ln295_1)   --->   "%and_ln295_1 = and i1 %icmp_ln295_4, i1 %xor_ln295" [/tools/Xilinx/2025.1/Vitis/common/technology/autopilot/etc/hls_sqrt_apfixed.h:295]   --->   Operation 122 'and' 'and_ln295_1' <Predicate = true> <Delay = 0.00> <CoreInst = "LogicGate">   --->   Core 74 'LogicGate' <Latency = 0> <II = 1> <Delay = 0.28> <FuncUnit> <Opcode : 'and' 'or' 'xor'> <InPorts = 2> <OutPorts = 1>
ST_2 : Operation 123 [1/1] (0.83ns)   --->   "%icmp_ln308_1 = icmp_ult  i14 %x_l_FH_28, i14 %mul_FH" [/tools/Xilinx/2025.1/Vitis/common/technology/autopilot/etc/hls_sqrt_apfixed.h:308]   --->   Operation 123 'icmp' 'icmp_ln308_1' <Predicate = true> <Delay = 0.83> <CoreInst = "Cmp">   --->   Core 9 'Cmp' <Latency = 0> <II = 1> <Delay = 0.83> <FuncUnit> <Opcode : 'seteq' 'setne' 'setle' 'setge' 'setlt' 'setgt'> <InPorts = 2> <OutPorts = 1>
ST_2 : Operation 124 [1/1] (0.91ns)   --->   "%x_l_I_22 = add i22 %x_l_I_4, i22 4194303" [/tools/Xilinx/2025.1/Vitis/common/technology/autopilot/etc/hls_sqrt_apfixed.h:316]   --->   Operation 124 'add' 'x_l_I_22' <Predicate = true> <Delay = 0.91> <CoreInst = "Adder">   --->   Core 1 'Adder' <Latency = 0> <II = 1> <Delay = 0.91> <FuncUnit> <Opcode : 'add' 'sub'> <InPorts = 2> <OutPorts = 1>
ST_2 : Operation 125 [1/1] (0.83ns)   --->   "%x_l_FH_3 = sub i14 %x_l_FH_28, i14 %mul_FH" [/tools/Xilinx/2025.1/Vitis/common/technology/autopilot/etc/hls_sqrt_apfixed.h:319]   --->   Operation 125 'sub' 'x_l_FH_3' <Predicate = true> <Delay = 0.83> <CoreInst = "Adder">   --->   Core 1 'Adder' <Latency = 0> <II = 1> <Delay = 0.83> <FuncUnit> <Opcode : 'add' 'sub'> <InPorts = 2> <OutPorts = 1>
ST_2 : Operation 126 [1/1] (0.28ns) (out node of the LUT)   --->   "%or_ln295_1 = or i1 %icmp_ln295_3, i1 %and_ln295_1" [/tools/Xilinx/2025.1/Vitis/common/technology/autopilot/etc/hls_sqrt_apfixed.h:295]   --->   Operation 126 'or' 'or_ln295_1' <Predicate = true> <Delay = 0.28> <CoreInst = "LogicGate">   --->   Core 74 'LogicGate' <Latency = 0> <II = 1> <Delay = 0.28> <FuncUnit> <Opcode : 'and' 'or' 'xor'> <InPorts = 2> <OutPorts = 1>
ST_2 : Operation 127 [1/1] (0.23ns)   --->   "%x_l_FH_29 = select i1 %or_ln295_1, i14 %x_l_FH_3, i14 %x_l_FH_28" [/tools/Xilinx/2025.1/Vitis/common/technology/autopilot/etc/hls_sqrt_apfixed.h:308]   --->   Operation 127 'select' 'x_l_FH_29' <Predicate = true> <Delay = 0.23> <CoreInst = "Sel">   --->   Core 73 'Sel' <Latency = 0> <II = 1> <Delay = 0.23> <FuncUnit> <Opcode : 'select'> <InPorts = 3> <OutPorts = 1>
ST_2 : Operation 128 [1/1] (0.00ns)   --->   "%trunc_ln283_1 = trunc i10 %res_I_15" [/tools/Xilinx/2025.1/Vitis/common/technology/autopilot/etc/hls_sqrt_apfixed.h:283]   --->   Operation 128 'trunc' 'trunc_ln283_1' <Predicate = true> <Delay = 0.00>
ST_2 : Operation 129 [1/1] (0.00ns)   --->   "%tmp_30 = partselect i8 @_ssdm_op_PartSelect.i8.i10.i32.i32, i10 %res_I_15, i32 2, i32 9" [/tools/Xilinx/2025.1/Vitis/common/technology/autopilot/etc/hls_sqrt_apfixed.h:295]   --->   Operation 129 'partselect' 'tmp_30' <Predicate = true> <Delay = 0.00>
ST_2 : Operation 130 [1/1] (0.00ns)   --->   "%trunc_ln283_2 = trunc i10 %res_I_15" [/tools/Xilinx/2025.1/Vitis/common/technology/autopilot/etc/hls_sqrt_apfixed.h:283]   --->   Operation 130 'trunc' 'trunc_ln283_2' <Predicate = true> <Delay = 0.00>
ST_2 : Operation 131 [1/1] (0.00ns)   --->   "%tmp_31 = partselect i7 @_ssdm_op_PartSelect.i7.i10.i32.i32, i10 %res_I_15, i32 3, i32 9" [/tools/Xilinx/2025.1/Vitis/common/technology/autopilot/etc/hls_sqrt_apfixed.h:295]   --->   Operation 131 'partselect' 'tmp_31' <Predicate = true> <Delay = 0.00>
ST_2 : Operation 132 [1/1] (0.00ns)   --->   "%trunc_ln283_3 = trunc i10 %res_I_15" [/tools/Xilinx/2025.1/Vitis/common/technology/autopilot/etc/hls_sqrt_apfixed.h:283]   --->   Operation 132 'trunc' 'trunc_ln283_3' <Predicate = true> <Delay = 0.00>
ST_2 : Operation 133 [1/1] (0.00ns)   --->   "%tmp_33 = partselect i6 @_ssdm_op_PartSelect.i6.i10.i32.i32, i10 %res_I_15, i32 4, i32 9" [/tools/Xilinx/2025.1/Vitis/common/technology/autopilot/etc/hls_sqrt_apfixed.h:295]   --->   Operation 133 'partselect' 'tmp_33' <Predicate = true> <Delay = 0.00>
ST_2 : Operation 134 [1/1] (0.00ns)   --->   "%trunc_ln283_4 = trunc i10 %res_I_15" [/tools/Xilinx/2025.1/Vitis/common/technology/autopilot/etc/hls_sqrt_apfixed.h:283]   --->   Operation 134 'trunc' 'trunc_ln283_4' <Predicate = true> <Delay = 0.00>
ST_2 : Operation 135 [1/1] (0.00ns)   --->   "%tmp_35 = partselect i5 @_ssdm_op_PartSelect.i5.i10.i32.i32, i10 %res_I_15, i32 5, i32 9" [/tools/Xilinx/2025.1/Vitis/common/technology/autopilot/etc/hls_sqrt_apfixed.h:295]   --->   Operation 135 'partselect' 'tmp_35' <Predicate = true> <Delay = 0.00>
ST_2 : Operation 136 [1/1] (0.00ns)   --->   "%trunc_ln283_5 = trunc i10 %res_I_15" [/tools/Xilinx/2025.1/Vitis/common/technology/autopilot/etc/hls_sqrt_apfixed.h:283]   --->   Operation 136 'trunc' 'trunc_ln283_5' <Predicate = true> <Delay = 0.00>
ST_2 : Operation 137 [1/1] (0.00ns)   --->   "%tmp_37 = partselect i4 @_ssdm_op_PartSelect.i4.i10.i32.i32, i10 %res_I_15, i32 6, i32 9" [/tools/Xilinx/2025.1/Vitis/common/technology/autopilot/etc/hls_sqrt_apfixed.h:295]   --->   Operation 137 'partselect' 'tmp_37' <Predicate = true> <Delay = 0.00>
ST_2 : Operation 138 [1/1] (0.00ns)   --->   "%trunc_ln283_6 = trunc i10 %res_I_15" [/tools/Xilinx/2025.1/Vitis/common/technology/autopilot/etc/hls_sqrt_apfixed.h:283]   --->   Operation 138 'trunc' 'trunc_ln283_6' <Predicate = true> <Delay = 0.00>
ST_2 : Operation 139 [1/1] (0.00ns)   --->   "%tmp_41 = partselect i3 @_ssdm_op_PartSelect.i3.i10.i32.i32, i10 %res_I_15, i32 7, i32 9" [/tools/Xilinx/2025.1/Vitis/common/technology/autopilot/etc/hls_sqrt_apfixed.h:295]   --->   Operation 139 'partselect' 'tmp_41' <Predicate = true> <Delay = 0.00>
ST_2 : Operation 140 [1/1] (0.00ns)   --->   "%trunc_ln283_7 = trunc i10 %res_I_15" [/tools/Xilinx/2025.1/Vitis/common/technology/autopilot/etc/hls_sqrt_apfixed.h:283]   --->   Operation 140 'trunc' 'trunc_ln283_7' <Predicate = true> <Delay = 0.00>
ST_2 : Operation 141 [1/1] (0.00ns)   --->   "%tmp_43 = partselect i2 @_ssdm_op_PartSelect.i2.i10.i32.i32, i10 %res_I_15, i32 8, i32 9" [/tools/Xilinx/2025.1/Vitis/common/technology/autopilot/etc/hls_sqrt_apfixed.h:295]   --->   Operation 141 'partselect' 'tmp_43' <Predicate = true> <Delay = 0.00>
ST_2 : Operation 142 [1/1] (0.00ns)   --->   "%trunc_ln283_8 = trunc i10 %res_I_15" [/tools/Xilinx/2025.1/Vitis/common/technology/autopilot/etc/hls_sqrt_apfixed.h:283]   --->   Operation 142 'trunc' 'trunc_ln283_8' <Predicate = true> <Delay = 0.00>
ST_2 : Operation 143 [1/1] (0.00ns)   --->   "%tmp_67 = bitselect i1 @_ssdm_op_BitSelect.i1.i10.i32, i10 %res_I_15, i32 9" [/tools/Xilinx/2025.1/Vitis/common/technology/autopilot/etc/hls_sqrt_apfixed.h:295]   --->   Operation 143 'bitselect' 'tmp_67' <Predicate = true> <Delay = 0.00>

State 3 <SV = 2> <Delay = 7.02>
ST_3 : Operation 144 [1/1] (0.00ns) (grouped into LUT with out node x_l_I_24)   --->   "%x_l_I_23 = select i1 %icmp_ln308_1, i22 %x_l_I_22, i22 %x_l_I_4" [/tools/Xilinx/2025.1/Vitis/common/technology/autopilot/etc/hls_sqrt_apfixed.h:308]   --->   Operation 144 'select' 'x_l_I_23' <Predicate = (or_ln295_1)> <Delay = 0.00> <CoreInst = "Sel">   --->   Core 73 'Sel' <Latency = 0> <II = 1> <Delay = 0.34> <FuncUnit> <Opcode : 'select'> <InPorts = 3> <OutPorts = 1>
ST_3 : Operation 145 [1/1] (0.91ns) (out node of the LUT)   --->   "%x_l_I_24 = sub i22 %x_l_I_23, i22 %zext_ln295_1" [/tools/Xilinx/2025.1/Vitis/common/technology/autopilot/etc/hls_sqrt_apfixed.h:317]   --->   Operation 145 'sub' 'x_l_I_24' <Predicate = (or_ln295_1)> <Delay = 0.91> <CoreInst = "Adder">   --->   Core 1 'Adder' <Latency = 0> <II = 1> <Delay = 0.91> <FuncUnit> <Opcode : 'add' 'sub'> <InPorts = 2> <OutPorts = 1>
ST_3 : Operation 146 [1/1] (0.00ns)   --->   "%res_FH_1 = bitset i14 @_ssdm_op_BitSet.i14.i14.i32.i1, i14 %res_FH, i32 12, i1 1" [/tools/Xilinx/2025.1/Vitis/common/technology/autopilot/etc/hls_sqrt_apfixed.h:329]   --->   Operation 146 'bitset' 'res_FH_1' <Predicate = (or_ln295_1)> <Delay = 0.00>
ST_3 : Operation 147 [1/1] (0.34ns)   --->   "%x_l_I_25 = select i1 %or_ln295_1, i22 %x_l_I_24, i22 %x_l_I_4" [/tools/Xilinx/2025.1/Vitis/common/technology/autopilot/etc/hls_sqrt_apfixed.h:295]   --->   Operation 147 'select' 'x_l_I_25' <Predicate = true> <Delay = 0.34> <CoreInst = "Sel">   --->   Core 73 'Sel' <Latency = 0> <II = 1> <Delay = 0.34> <FuncUnit> <Opcode : 'select'> <InPorts = 3> <OutPorts = 1>
ST_3 : Operation 148 [1/1] (0.23ns)   --->   "%res_FH_2 = select i1 %or_ln295_1, i14 %res_FH_1, i14 %res_FH" [/tools/Xilinx/2025.1/Vitis/common/technology/autopilot/etc/hls_sqrt_apfixed.h:295]   --->   Operation 148 'select' 'res_FH_2' <Predicate = true> <Delay = 0.23> <CoreInst = "Sel">   --->   Core 73 'Sel' <Latency = 0> <II = 1> <Delay = 0.23> <FuncUnit> <Opcode : 'select'> <InPorts = 3> <OutPorts = 1>
ST_3 : Operation 149 [1/1] (0.00ns)   --->   "%tmp_24 = partselect i3 @_ssdm_op_PartSelect.i3.i14.i32, i14 %res_FH_2, i32 11" [/tools/Xilinx/2025.1/Vitis/common/technology/autopilot/etc/hls_sqrt_apfixed.h:279]   --->   Operation 149 'partselect' 'tmp_24' <Predicate = true> <Delay = 0.00>
ST_3 : Operation 150 [1/1] (0.00ns)   --->   "%mul_FH_1 = bitconcatenate i14 @_ssdm_op_BitConcatenate.i14.i2.i3.i9, i2 %trunc_ln283_1, i3 %tmp_24, i9 256" [/tools/Xilinx/2025.1/Vitis/common/technology/autopilot/etc/hls_sqrt_apfixed.h:285]   --->   Operation 150 'bitconcatenate' 'mul_FH_1' <Predicate = true> <Delay = 0.00>
ST_3 : Operation 151 [1/1] (0.00ns)   --->   "%zext_ln295_2 = zext i8 %tmp_30" [/tools/Xilinx/2025.1/Vitis/common/technology/autopilot/etc/hls_sqrt_apfixed.h:295]   --->   Operation 151 'zext' 'zext_ln295_2' <Predicate = true> <Delay = 0.00>
ST_3 : Operation 152 [1/1] (0.91ns)   --->   "%icmp_ln295_6 = icmp_ugt  i22 %x_l_I_25, i22 %zext_ln295_2" [/tools/Xilinx/2025.1/Vitis/common/technology/autopilot/etc/hls_sqrt_apfixed.h:295]   --->   Operation 152 'icmp' 'icmp_ln295_6' <Predicate = true> <Delay = 0.91> <CoreInst = "Cmp">   --->   Core 9 'Cmp' <Latency = 0> <II = 1> <Delay = 0.91> <FuncUnit> <Opcode : 'seteq' 'setne' 'setle' 'setge' 'setlt' 'setgt'> <InPorts = 2> <OutPorts = 1>
ST_3 : Operation 153 [1/1] (0.91ns)   --->   "%icmp_ln295_7 = icmp_eq  i22 %x_l_I_25, i22 %zext_ln295_2" [/tools/Xilinx/2025.1/Vitis/common/technology/autopilot/etc/hls_sqrt_apfixed.h:295]   --->   Operation 153 'icmp' 'icmp_ln295_7' <Predicate = true> <Delay = 0.91> <CoreInst = "Cmp">   --->   Core 9 'Cmp' <Latency = 0> <II = 1> <Delay = 0.91> <FuncUnit> <Opcode : 'seteq' 'setne' 'setle' 'setge' 'setlt' 'setgt'> <InPorts = 2> <OutPorts = 1>
ST_3 : Operation 154 [1/1] (0.83ns)   --->   "%icmp_ln295_8 = icmp_ult  i14 %x_l_FH_29, i14 %mul_FH_1" [/tools/Xilinx/2025.1/Vitis/common/technology/autopilot/etc/hls_sqrt_apfixed.h:295]   --->   Operation 154 'icmp' 'icmp_ln295_8' <Predicate = true> <Delay = 0.83> <CoreInst = "Cmp">   --->   Core 9 'Cmp' <Latency = 0> <II = 1> <Delay = 0.83> <FuncUnit> <Opcode : 'seteq' 'setne' 'setle' 'setge' 'setlt' 'setgt'> <InPorts = 2> <OutPorts = 1>
ST_3 : Operation 155 [1/1] (0.00ns) (grouped into LUT with out node or_ln295_2)   --->   "%xor_ln295_1 = xor i1 %icmp_ln295_8, i1 1" [/tools/Xilinx/2025.1/Vitis/common/technology/autopilot/etc/hls_sqrt_apfixed.h:295]   --->   Operation 155 'xor' 'xor_ln295_1' <Predicate = true> <Delay = 0.00> <CoreInst = "LogicGate">   --->   Core 74 'LogicGate' <Latency = 0> <II = 1> <Delay = 0.28> <FuncUnit> <Opcode : 'and' 'or' 'xor'> <InPorts = 2> <OutPorts = 1>
ST_3 : Operation 156 [1/1] (0.00ns) (grouped into LUT with out node or_ln295_2)   --->   "%and_ln295_2 = and i1 %icmp_ln295_7, i1 %xor_ln295_1" [/tools/Xilinx/2025.1/Vitis/common/technology/autopilot/etc/hls_sqrt_apfixed.h:295]   --->   Operation 156 'and' 'and_ln295_2' <Predicate = true> <Delay = 0.00> <CoreInst = "LogicGate">   --->   Core 74 'LogicGate' <Latency = 0> <II = 1> <Delay = 0.28> <FuncUnit> <Opcode : 'and' 'or' 'xor'> <InPorts = 2> <OutPorts = 1>
ST_3 : Operation 157 [1/1] (0.83ns)   --->   "%icmp_ln308_2 = icmp_ult  i14 %x_l_FH_29, i14 %mul_FH_1" [/tools/Xilinx/2025.1/Vitis/common/technology/autopilot/etc/hls_sqrt_apfixed.h:308]   --->   Operation 157 'icmp' 'icmp_ln308_2' <Predicate = true> <Delay = 0.83> <CoreInst = "Cmp">   --->   Core 9 'Cmp' <Latency = 0> <II = 1> <Delay = 0.83> <FuncUnit> <Opcode : 'seteq' 'setne' 'setle' 'setge' 'setlt' 'setgt'> <InPorts = 2> <OutPorts = 1>
ST_3 : Operation 158 [1/1] (0.91ns)   --->   "%x_l_I_26 = add i22 %x_l_I_25, i22 4194303" [/tools/Xilinx/2025.1/Vitis/common/technology/autopilot/etc/hls_sqrt_apfixed.h:316]   --->   Operation 158 'add' 'x_l_I_26' <Predicate = true> <Delay = 0.91> <CoreInst = "Adder">   --->   Core 1 'Adder' <Latency = 0> <II = 1> <Delay = 0.91> <FuncUnit> <Opcode : 'add' 'sub'> <InPorts = 2> <OutPorts = 1>
ST_3 : Operation 159 [1/1] (0.00ns) (grouped into LUT with out node x_l_I_28)   --->   "%x_l_I_27 = select i1 %icmp_ln308_2, i22 %x_l_I_26, i22 %x_l_I_25" [/tools/Xilinx/2025.1/Vitis/common/technology/autopilot/etc/hls_sqrt_apfixed.h:308]   --->   Operation 159 'select' 'x_l_I_27' <Predicate = true> <Delay = 0.00> <CoreInst = "Sel">   --->   Core 73 'Sel' <Latency = 0> <II = 1> <Delay = 0.34> <FuncUnit> <Opcode : 'select'> <InPorts = 3> <OutPorts = 1>
ST_3 : Operation 160 [1/1] (0.83ns)   --->   "%x_l_FH_5 = sub i14 %x_l_FH_29, i14 %mul_FH_1" [/tools/Xilinx/2025.1/Vitis/common/technology/autopilot/etc/hls_sqrt_apfixed.h:319]   --->   Operation 160 'sub' 'x_l_FH_5' <Predicate = true> <Delay = 0.83> <CoreInst = "Adder">   --->   Core 1 'Adder' <Latency = 0> <II = 1> <Delay = 0.83> <FuncUnit> <Opcode : 'add' 'sub'> <InPorts = 2> <OutPorts = 1>
ST_3 : Operation 161 [1/1] (0.91ns) (out node of the LUT)   --->   "%x_l_I_28 = sub i22 %x_l_I_27, i22 %zext_ln295_2" [/tools/Xilinx/2025.1/Vitis/common/technology/autopilot/etc/hls_sqrt_apfixed.h:317]   --->   Operation 161 'sub' 'x_l_I_28' <Predicate = true> <Delay = 0.91> <CoreInst = "Adder">   --->   Core 1 'Adder' <Latency = 0> <II = 1> <Delay = 0.91> <FuncUnit> <Opcode : 'add' 'sub'> <InPorts = 2> <OutPorts = 1>
ST_3 : Operation 162 [1/1] (0.00ns)   --->   "%res_FH_3 = bitset i14 @_ssdm_op_BitSet.i14.i14.i32.i1, i14 %res_FH_2, i32 11, i1 1" [/tools/Xilinx/2025.1/Vitis/common/technology/autopilot/etc/hls_sqrt_apfixed.h:329]   --->   Operation 162 'bitset' 'res_FH_3' <Predicate = true> <Delay = 0.00>
ST_3 : Operation 163 [1/1] (0.28ns) (out node of the LUT)   --->   "%or_ln295_2 = or i1 %icmp_ln295_6, i1 %and_ln295_2" [/tools/Xilinx/2025.1/Vitis/common/technology/autopilot/etc/hls_sqrt_apfixed.h:295]   --->   Operation 163 'or' 'or_ln295_2' <Predicate = true> <Delay = 0.28> <CoreInst = "LogicGate">   --->   Core 74 'LogicGate' <Latency = 0> <II = 1> <Delay = 0.28> <FuncUnit> <Opcode : 'and' 'or' 'xor'> <InPorts = 2> <OutPorts = 1>
ST_3 : Operation 164 [1/1] (0.34ns)   --->   "%x_l_I_29 = select i1 %or_ln295_2, i22 %x_l_I_28, i22 %x_l_I_25" [/tools/Xilinx/2025.1/Vitis/common/technology/autopilot/etc/hls_sqrt_apfixed.h:295]   --->   Operation 164 'select' 'x_l_I_29' <Predicate = true> <Delay = 0.34> <CoreInst = "Sel">   --->   Core 73 'Sel' <Latency = 0> <II = 1> <Delay = 0.34> <FuncUnit> <Opcode : 'select'> <InPorts = 3> <OutPorts = 1>
ST_3 : Operation 165 [1/1] (0.23ns)   --->   "%x_l_FH_30 = select i1 %or_ln295_2, i14 %x_l_FH_5, i14 %x_l_FH_29" [/tools/Xilinx/2025.1/Vitis/common/technology/autopilot/etc/hls_sqrt_apfixed.h:308]   --->   Operation 165 'select' 'x_l_FH_30' <Predicate = true> <Delay = 0.23> <CoreInst = "Sel">   --->   Core 73 'Sel' <Latency = 0> <II = 1> <Delay = 0.23> <FuncUnit> <Opcode : 'select'> <InPorts = 3> <OutPorts = 1>
ST_3 : Operation 166 [1/1] (0.23ns)   --->   "%res_FH_4 = select i1 %or_ln295_2, i14 %res_FH_3, i14 %res_FH_2" [/tools/Xilinx/2025.1/Vitis/common/technology/autopilot/etc/hls_sqrt_apfixed.h:295]   --->   Operation 166 'select' 'res_FH_4' <Predicate = true> <Delay = 0.23> <CoreInst = "Sel">   --->   Core 73 'Sel' <Latency = 0> <II = 1> <Delay = 0.23> <FuncUnit> <Opcode : 'select'> <InPorts = 3> <OutPorts = 1>
ST_3 : Operation 167 [1/1] (0.00ns)   --->   "%tmp_25 = partselect i4 @_ssdm_op_PartSelect.i4.i14.i32, i14 %res_FH_4, i32 10" [/tools/Xilinx/2025.1/Vitis/common/technology/autopilot/etc/hls_sqrt_apfixed.h:279]   --->   Operation 167 'partselect' 'tmp_25' <Predicate = true> <Delay = 0.00>
ST_3 : Operation 168 [1/1] (0.00ns)   --->   "%mul_FH_2 = bitconcatenate i14 @_ssdm_op_BitConcatenate.i14.i3.i4.i7, i3 %trunc_ln283_2, i4 %tmp_25, i7 64" [/tools/Xilinx/2025.1/Vitis/common/technology/autopilot/etc/hls_sqrt_apfixed.h:285]   --->   Operation 168 'bitconcatenate' 'mul_FH_2' <Predicate = true> <Delay = 0.00>
ST_3 : Operation 169 [1/1] (0.00ns)   --->   "%zext_ln295_3 = zext i7 %tmp_31" [/tools/Xilinx/2025.1/Vitis/common/technology/autopilot/etc/hls_sqrt_apfixed.h:295]   --->   Operation 169 'zext' 'zext_ln295_3' <Predicate = true> <Delay = 0.00>
ST_3 : Operation 170 [1/1] (0.91ns)   --->   "%icmp_ln295_9 = icmp_ugt  i22 %x_l_I_29, i22 %zext_ln295_3" [/tools/Xilinx/2025.1/Vitis/common/technology/autopilot/etc/hls_sqrt_apfixed.h:295]   --->   Operation 170 'icmp' 'icmp_ln295_9' <Predicate = true> <Delay = 0.91> <CoreInst = "Cmp">   --->   Core 9 'Cmp' <Latency = 0> <II = 1> <Delay = 0.91> <FuncUnit> <Opcode : 'seteq' 'setne' 'setle' 'setge' 'setlt' 'setgt'> <InPorts = 2> <OutPorts = 1>
ST_3 : Operation 171 [1/1] (0.91ns)   --->   "%icmp_ln295_10 = icmp_eq  i22 %x_l_I_29, i22 %zext_ln295_3" [/tools/Xilinx/2025.1/Vitis/common/technology/autopilot/etc/hls_sqrt_apfixed.h:295]   --->   Operation 171 'icmp' 'icmp_ln295_10' <Predicate = true> <Delay = 0.91> <CoreInst = "Cmp">   --->   Core 9 'Cmp' <Latency = 0> <II = 1> <Delay = 0.91> <FuncUnit> <Opcode : 'seteq' 'setne' 'setle' 'setge' 'setlt' 'setgt'> <InPorts = 2> <OutPorts = 1>
ST_3 : Operation 172 [1/1] (0.83ns)   --->   "%icmp_ln295_11 = icmp_ult  i14 %x_l_FH_30, i14 %mul_FH_2" [/tools/Xilinx/2025.1/Vitis/common/technology/autopilot/etc/hls_sqrt_apfixed.h:295]   --->   Operation 172 'icmp' 'icmp_ln295_11' <Predicate = true> <Delay = 0.83> <CoreInst = "Cmp">   --->   Core 9 'Cmp' <Latency = 0> <II = 1> <Delay = 0.83> <FuncUnit> <Opcode : 'seteq' 'setne' 'setle' 'setge' 'setlt' 'setgt'> <InPorts = 2> <OutPorts = 1>
ST_3 : Operation 173 [1/1] (0.00ns) (grouped into LUT with out node or_ln295_3)   --->   "%xor_ln295_2 = xor i1 %icmp_ln295_11, i1 1" [/tools/Xilinx/2025.1/Vitis/common/technology/autopilot/etc/hls_sqrt_apfixed.h:295]   --->   Operation 173 'xor' 'xor_ln295_2' <Predicate = true> <Delay = 0.00> <CoreInst = "LogicGate">   --->   Core 74 'LogicGate' <Latency = 0> <II = 1> <Delay = 0.28> <FuncUnit> <Opcode : 'and' 'or' 'xor'> <InPorts = 2> <OutPorts = 1>
ST_3 : Operation 174 [1/1] (0.00ns) (grouped into LUT with out node or_ln295_3)   --->   "%and_ln295_3 = and i1 %icmp_ln295_10, i1 %xor_ln295_2" [/tools/Xilinx/2025.1/Vitis/common/technology/autopilot/etc/hls_sqrt_apfixed.h:295]   --->   Operation 174 'and' 'and_ln295_3' <Predicate = true> <Delay = 0.00> <CoreInst = "LogicGate">   --->   Core 74 'LogicGate' <Latency = 0> <II = 1> <Delay = 0.28> <FuncUnit> <Opcode : 'and' 'or' 'xor'> <InPorts = 2> <OutPorts = 1>
ST_3 : Operation 175 [1/1] (0.83ns)   --->   "%icmp_ln308_3 = icmp_ult  i14 %x_l_FH_30, i14 %mul_FH_2" [/tools/Xilinx/2025.1/Vitis/common/technology/autopilot/etc/hls_sqrt_apfixed.h:308]   --->   Operation 175 'icmp' 'icmp_ln308_3' <Predicate = true> <Delay = 0.83> <CoreInst = "Cmp">   --->   Core 9 'Cmp' <Latency = 0> <II = 1> <Delay = 0.83> <FuncUnit> <Opcode : 'seteq' 'setne' 'setle' 'setge' 'setlt' 'setgt'> <InPorts = 2> <OutPorts = 1>
ST_3 : Operation 176 [1/1] (0.91ns)   --->   "%x_l_I_30 = add i22 %x_l_I_29, i22 4194303" [/tools/Xilinx/2025.1/Vitis/common/technology/autopilot/etc/hls_sqrt_apfixed.h:316]   --->   Operation 176 'add' 'x_l_I_30' <Predicate = true> <Delay = 0.91> <CoreInst = "Adder">   --->   Core 1 'Adder' <Latency = 0> <II = 1> <Delay = 0.91> <FuncUnit> <Opcode : 'add' 'sub'> <InPorts = 2> <OutPorts = 1>
ST_3 : Operation 177 [1/1] (0.00ns) (grouped into LUT with out node x_l_I_32)   --->   "%x_l_I_31 = select i1 %icmp_ln308_3, i22 %x_l_I_30, i22 %x_l_I_29" [/tools/Xilinx/2025.1/Vitis/common/technology/autopilot/etc/hls_sqrt_apfixed.h:308]   --->   Operation 177 'select' 'x_l_I_31' <Predicate = true> <Delay = 0.00> <CoreInst = "Sel">   --->   Core 73 'Sel' <Latency = 0> <II = 1> <Delay = 0.34> <FuncUnit> <Opcode : 'select'> <InPorts = 3> <OutPorts = 1>
ST_3 : Operation 178 [1/1] (0.83ns)   --->   "%x_l_FH_7 = sub i14 %x_l_FH_30, i14 %mul_FH_2" [/tools/Xilinx/2025.1/Vitis/common/technology/autopilot/etc/hls_sqrt_apfixed.h:319]   --->   Operation 178 'sub' 'x_l_FH_7' <Predicate = true> <Delay = 0.83> <CoreInst = "Adder">   --->   Core 1 'Adder' <Latency = 0> <II = 1> <Delay = 0.83> <FuncUnit> <Opcode : 'add' 'sub'> <InPorts = 2> <OutPorts = 1>
ST_3 : Operation 179 [1/1] (0.91ns) (out node of the LUT)   --->   "%x_l_I_32 = sub i22 %x_l_I_31, i22 %zext_ln295_3" [/tools/Xilinx/2025.1/Vitis/common/technology/autopilot/etc/hls_sqrt_apfixed.h:317]   --->   Operation 179 'sub' 'x_l_I_32' <Predicate = true> <Delay = 0.91> <CoreInst = "Adder">   --->   Core 1 'Adder' <Latency = 0> <II = 1> <Delay = 0.91> <FuncUnit> <Opcode : 'add' 'sub'> <InPorts = 2> <OutPorts = 1>
ST_3 : Operation 180 [1/1] (0.00ns)   --->   "%res_FH_5 = bitset i14 @_ssdm_op_BitSet.i14.i14.i32.i1, i14 %res_FH_4, i32 10, i1 1" [/tools/Xilinx/2025.1/Vitis/common/technology/autopilot/etc/hls_sqrt_apfixed.h:329]   --->   Operation 180 'bitset' 'res_FH_5' <Predicate = true> <Delay = 0.00>
ST_3 : Operation 181 [1/1] (0.28ns) (out node of the LUT)   --->   "%or_ln295_3 = or i1 %icmp_ln295_9, i1 %and_ln295_3" [/tools/Xilinx/2025.1/Vitis/common/technology/autopilot/etc/hls_sqrt_apfixed.h:295]   --->   Operation 181 'or' 'or_ln295_3' <Predicate = true> <Delay = 0.28> <CoreInst = "LogicGate">   --->   Core 74 'LogicGate' <Latency = 0> <II = 1> <Delay = 0.28> <FuncUnit> <Opcode : 'and' 'or' 'xor'> <InPorts = 2> <OutPorts = 1>
ST_3 : Operation 182 [1/1] (0.34ns)   --->   "%x_l_I_33 = select i1 %or_ln295_3, i22 %x_l_I_32, i22 %x_l_I_29" [/tools/Xilinx/2025.1/Vitis/common/technology/autopilot/etc/hls_sqrt_apfixed.h:295]   --->   Operation 182 'select' 'x_l_I_33' <Predicate = true> <Delay = 0.34> <CoreInst = "Sel">   --->   Core 73 'Sel' <Latency = 0> <II = 1> <Delay = 0.34> <FuncUnit> <Opcode : 'select'> <InPorts = 3> <OutPorts = 1>
ST_3 : Operation 183 [1/1] (0.23ns)   --->   "%x_l_FH_31 = select i1 %or_ln295_3, i14 %x_l_FH_7, i14 %x_l_FH_30" [/tools/Xilinx/2025.1/Vitis/common/technology/autopilot/etc/hls_sqrt_apfixed.h:308]   --->   Operation 183 'select' 'x_l_FH_31' <Predicate = true> <Delay = 0.23> <CoreInst = "Sel">   --->   Core 73 'Sel' <Latency = 0> <II = 1> <Delay = 0.23> <FuncUnit> <Opcode : 'select'> <InPorts = 3> <OutPorts = 1>
ST_3 : Operation 184 [1/1] (0.23ns)   --->   "%res_FH_6 = select i1 %or_ln295_3, i14 %res_FH_5, i14 %res_FH_4" [/tools/Xilinx/2025.1/Vitis/common/technology/autopilot/etc/hls_sqrt_apfixed.h:295]   --->   Operation 184 'select' 'res_FH_6' <Predicate = true> <Delay = 0.23> <CoreInst = "Sel">   --->   Core 73 'Sel' <Latency = 0> <II = 1> <Delay = 0.23> <FuncUnit> <Opcode : 'select'> <InPorts = 3> <OutPorts = 1>
ST_3 : Operation 185 [1/1] (0.00ns)   --->   "%tmp_26 = partselect i5 @_ssdm_op_PartSelect.i5.i14.i32, i14 %res_FH_6, i32 9" [/tools/Xilinx/2025.1/Vitis/common/technology/autopilot/etc/hls_sqrt_apfixed.h:279]   --->   Operation 185 'partselect' 'tmp_26' <Predicate = true> <Delay = 0.00>
ST_3 : Operation 186 [1/1] (0.00ns)   --->   "%mul_FH_3 = bitconcatenate i14 @_ssdm_op_BitConcatenate.i14.i4.i5.i5, i4 %trunc_ln283_3, i5 %tmp_26, i5 16" [/tools/Xilinx/2025.1/Vitis/common/technology/autopilot/etc/hls_sqrt_apfixed.h:285]   --->   Operation 186 'bitconcatenate' 'mul_FH_3' <Predicate = true> <Delay = 0.00>
ST_3 : Operation 187 [1/1] (0.00ns)   --->   "%zext_ln295_4 = zext i6 %tmp_33" [/tools/Xilinx/2025.1/Vitis/common/technology/autopilot/etc/hls_sqrt_apfixed.h:295]   --->   Operation 187 'zext' 'zext_ln295_4' <Predicate = true> <Delay = 0.00>
ST_3 : Operation 188 [1/1] (0.91ns)   --->   "%icmp_ln295_12 = icmp_ugt  i22 %x_l_I_33, i22 %zext_ln295_4" [/tools/Xilinx/2025.1/Vitis/common/technology/autopilot/etc/hls_sqrt_apfixed.h:295]   --->   Operation 188 'icmp' 'icmp_ln295_12' <Predicate = true> <Delay = 0.91> <CoreInst = "Cmp">   --->   Core 9 'Cmp' <Latency = 0> <II = 1> <Delay = 0.91> <FuncUnit> <Opcode : 'seteq' 'setne' 'setle' 'setge' 'setlt' 'setgt'> <InPorts = 2> <OutPorts = 1>
ST_3 : Operation 189 [1/1] (0.91ns)   --->   "%icmp_ln295_13 = icmp_eq  i22 %x_l_I_33, i22 %zext_ln295_4" [/tools/Xilinx/2025.1/Vitis/common/technology/autopilot/etc/hls_sqrt_apfixed.h:295]   --->   Operation 189 'icmp' 'icmp_ln295_13' <Predicate = true> <Delay = 0.91> <CoreInst = "Cmp">   --->   Core 9 'Cmp' <Latency = 0> <II = 1> <Delay = 0.91> <FuncUnit> <Opcode : 'seteq' 'setne' 'setle' 'setge' 'setlt' 'setgt'> <InPorts = 2> <OutPorts = 1>
ST_3 : Operation 190 [1/1] (0.83ns)   --->   "%icmp_ln295_14 = icmp_ult  i14 %x_l_FH_31, i14 %mul_FH_3" [/tools/Xilinx/2025.1/Vitis/common/technology/autopilot/etc/hls_sqrt_apfixed.h:295]   --->   Operation 190 'icmp' 'icmp_ln295_14' <Predicate = true> <Delay = 0.83> <CoreInst = "Cmp">   --->   Core 9 'Cmp' <Latency = 0> <II = 1> <Delay = 0.83> <FuncUnit> <Opcode : 'seteq' 'setne' 'setle' 'setge' 'setlt' 'setgt'> <InPorts = 2> <OutPorts = 1>
ST_3 : Operation 191 [1/1] (0.00ns) (grouped into LUT with out node or_ln295_4)   --->   "%xor_ln295_3 = xor i1 %icmp_ln295_14, i1 1" [/tools/Xilinx/2025.1/Vitis/common/technology/autopilot/etc/hls_sqrt_apfixed.h:295]   --->   Operation 191 'xor' 'xor_ln295_3' <Predicate = true> <Delay = 0.00> <CoreInst = "LogicGate">   --->   Core 74 'LogicGate' <Latency = 0> <II = 1> <Delay = 0.28> <FuncUnit> <Opcode : 'and' 'or' 'xor'> <InPorts = 2> <OutPorts = 1>
ST_3 : Operation 192 [1/1] (0.00ns) (grouped into LUT with out node or_ln295_4)   --->   "%and_ln295_4 = and i1 %icmp_ln295_13, i1 %xor_ln295_3" [/tools/Xilinx/2025.1/Vitis/common/technology/autopilot/etc/hls_sqrt_apfixed.h:295]   --->   Operation 192 'and' 'and_ln295_4' <Predicate = true> <Delay = 0.00> <CoreInst = "LogicGate">   --->   Core 74 'LogicGate' <Latency = 0> <II = 1> <Delay = 0.28> <FuncUnit> <Opcode : 'and' 'or' 'xor'> <InPorts = 2> <OutPorts = 1>
ST_3 : Operation 193 [1/1] (0.83ns)   --->   "%icmp_ln308_4 = icmp_ult  i14 %x_l_FH_31, i14 %mul_FH_3" [/tools/Xilinx/2025.1/Vitis/common/technology/autopilot/etc/hls_sqrt_apfixed.h:308]   --->   Operation 193 'icmp' 'icmp_ln308_4' <Predicate = true> <Delay = 0.83> <CoreInst = "Cmp">   --->   Core 9 'Cmp' <Latency = 0> <II = 1> <Delay = 0.83> <FuncUnit> <Opcode : 'seteq' 'setne' 'setle' 'setge' 'setlt' 'setgt'> <InPorts = 2> <OutPorts = 1>
ST_3 : Operation 194 [1/1] (0.91ns)   --->   "%x_l_I_34 = add i22 %x_l_I_33, i22 4194303" [/tools/Xilinx/2025.1/Vitis/common/technology/autopilot/etc/hls_sqrt_apfixed.h:316]   --->   Operation 194 'add' 'x_l_I_34' <Predicate = true> <Delay = 0.91> <CoreInst = "Adder">   --->   Core 1 'Adder' <Latency = 0> <II = 1> <Delay = 0.91> <FuncUnit> <Opcode : 'add' 'sub'> <InPorts = 2> <OutPorts = 1>
ST_3 : Operation 195 [1/1] (0.83ns)   --->   "%x_l_FH_9 = sub i14 %x_l_FH_31, i14 %mul_FH_3" [/tools/Xilinx/2025.1/Vitis/common/technology/autopilot/etc/hls_sqrt_apfixed.h:319]   --->   Operation 195 'sub' 'x_l_FH_9' <Predicate = true> <Delay = 0.83> <CoreInst = "Adder">   --->   Core 1 'Adder' <Latency = 0> <II = 1> <Delay = 0.83> <FuncUnit> <Opcode : 'add' 'sub'> <InPorts = 2> <OutPorts = 1>
ST_3 : Operation 196 [1/1] (0.28ns) (out node of the LUT)   --->   "%or_ln295_4 = or i1 %icmp_ln295_12, i1 %and_ln295_4" [/tools/Xilinx/2025.1/Vitis/common/technology/autopilot/etc/hls_sqrt_apfixed.h:295]   --->   Operation 196 'or' 'or_ln295_4' <Predicate = true> <Delay = 0.28> <CoreInst = "LogicGate">   --->   Core 74 'LogicGate' <Latency = 0> <II = 1> <Delay = 0.28> <FuncUnit> <Opcode : 'and' 'or' 'xor'> <InPorts = 2> <OutPorts = 1>
ST_3 : Operation 197 [1/1] (0.23ns)   --->   "%x_l_FH_32 = select i1 %or_ln295_4, i14 %x_l_FH_9, i14 %x_l_FH_31" [/tools/Xilinx/2025.1/Vitis/common/technology/autopilot/etc/hls_sqrt_apfixed.h:308]   --->   Operation 197 'select' 'x_l_FH_32' <Predicate = true> <Delay = 0.23> <CoreInst = "Sel">   --->   Core 73 'Sel' <Latency = 0> <II = 1> <Delay = 0.23> <FuncUnit> <Opcode : 'select'> <InPorts = 3> <OutPorts = 1>

State 4 <SV = 3> <Delay = 7.02>
ST_4 : Operation 198 [1/1] (0.00ns) (grouped into LUT with out node x_l_I_36)   --->   "%x_l_I_35 = select i1 %icmp_ln308_4, i22 %x_l_I_34, i22 %x_l_I_33" [/tools/Xilinx/2025.1/Vitis/common/technology/autopilot/etc/hls_sqrt_apfixed.h:308]   --->   Operation 198 'select' 'x_l_I_35' <Predicate = (or_ln295_4)> <Delay = 0.00> <CoreInst = "Sel">   --->   Core 73 'Sel' <Latency = 0> <II = 1> <Delay = 0.34> <FuncUnit> <Opcode : 'select'> <InPorts = 3> <OutPorts = 1>
ST_4 : Operation 199 [1/1] (0.91ns) (out node of the LUT)   --->   "%x_l_I_36 = sub i22 %x_l_I_35, i22 %zext_ln295_4" [/tools/Xilinx/2025.1/Vitis/common/technology/autopilot/etc/hls_sqrt_apfixed.h:317]   --->   Operation 199 'sub' 'x_l_I_36' <Predicate = (or_ln295_4)> <Delay = 0.91> <CoreInst = "Adder">   --->   Core 1 'Adder' <Latency = 0> <II = 1> <Delay = 0.91> <FuncUnit> <Opcode : 'add' 'sub'> <InPorts = 2> <OutPorts = 1>
ST_4 : Operation 200 [1/1] (0.00ns)   --->   "%res_FH_7 = bitset i14 @_ssdm_op_BitSet.i14.i14.i32.i1, i14 %res_FH_6, i32 9, i1 1" [/tools/Xilinx/2025.1/Vitis/common/technology/autopilot/etc/hls_sqrt_apfixed.h:329]   --->   Operation 200 'bitset' 'res_FH_7' <Predicate = (or_ln295_4)> <Delay = 0.00>
ST_4 : Operation 201 [1/1] (0.34ns)   --->   "%x_l_I_37 = select i1 %or_ln295_4, i22 %x_l_I_36, i22 %x_l_I_33" [/tools/Xilinx/2025.1/Vitis/common/technology/autopilot/etc/hls_sqrt_apfixed.h:295]   --->   Operation 201 'select' 'x_l_I_37' <Predicate = true> <Delay = 0.34> <CoreInst = "Sel">   --->   Core 73 'Sel' <Latency = 0> <II = 1> <Delay = 0.34> <FuncUnit> <Opcode : 'select'> <InPorts = 3> <OutPorts = 1>
ST_4 : Operation 202 [1/1] (0.23ns)   --->   "%res_FH_8 = select i1 %or_ln295_4, i14 %res_FH_7, i14 %res_FH_6" [/tools/Xilinx/2025.1/Vitis/common/technology/autopilot/etc/hls_sqrt_apfixed.h:295]   --->   Operation 202 'select' 'res_FH_8' <Predicate = true> <Delay = 0.23> <CoreInst = "Sel">   --->   Core 73 'Sel' <Latency = 0> <II = 1> <Delay = 0.23> <FuncUnit> <Opcode : 'select'> <InPorts = 3> <OutPorts = 1>
ST_4 : Operation 203 [1/1] (0.00ns)   --->   "%tmp_27 = partselect i6 @_ssdm_op_PartSelect.i6.i14.i32, i14 %res_FH_8, i32 8" [/tools/Xilinx/2025.1/Vitis/common/technology/autopilot/etc/hls_sqrt_apfixed.h:279]   --->   Operation 203 'partselect' 'tmp_27' <Predicate = true> <Delay = 0.00>
ST_4 : Operation 204 [1/1] (0.00ns)   --->   "%mul_FH_4 = bitconcatenate i14 @_ssdm_op_BitConcatenate.i14.i5.i6.i3, i5 %trunc_ln283_4, i6 %tmp_27, i3 4" [/tools/Xilinx/2025.1/Vitis/common/technology/autopilot/etc/hls_sqrt_apfixed.h:285]   --->   Operation 204 'bitconcatenate' 'mul_FH_4' <Predicate = true> <Delay = 0.00>
ST_4 : Operation 205 [1/1] (0.00ns)   --->   "%zext_ln295_5 = zext i5 %tmp_35" [/tools/Xilinx/2025.1/Vitis/common/technology/autopilot/etc/hls_sqrt_apfixed.h:295]   --->   Operation 205 'zext' 'zext_ln295_5' <Predicate = true> <Delay = 0.00>
ST_4 : Operation 206 [1/1] (0.91ns)   --->   "%icmp_ln295_15 = icmp_ugt  i22 %x_l_I_37, i22 %zext_ln295_5" [/tools/Xilinx/2025.1/Vitis/common/technology/autopilot/etc/hls_sqrt_apfixed.h:295]   --->   Operation 206 'icmp' 'icmp_ln295_15' <Predicate = true> <Delay = 0.91> <CoreInst = "Cmp">   --->   Core 9 'Cmp' <Latency = 0> <II = 1> <Delay = 0.91> <FuncUnit> <Opcode : 'seteq' 'setne' 'setle' 'setge' 'setlt' 'setgt'> <InPorts = 2> <OutPorts = 1>
ST_4 : Operation 207 [1/1] (0.91ns)   --->   "%icmp_ln295_16 = icmp_eq  i22 %x_l_I_37, i22 %zext_ln295_5" [/tools/Xilinx/2025.1/Vitis/common/technology/autopilot/etc/hls_sqrt_apfixed.h:295]   --->   Operation 207 'icmp' 'icmp_ln295_16' <Predicate = true> <Delay = 0.91> <CoreInst = "Cmp">   --->   Core 9 'Cmp' <Latency = 0> <II = 1> <Delay = 0.91> <FuncUnit> <Opcode : 'seteq' 'setne' 'setle' 'setge' 'setlt' 'setgt'> <InPorts = 2> <OutPorts = 1>
ST_4 : Operation 208 [1/1] (0.83ns)   --->   "%icmp_ln295_17 = icmp_ult  i14 %x_l_FH_32, i14 %mul_FH_4" [/tools/Xilinx/2025.1/Vitis/common/technology/autopilot/etc/hls_sqrt_apfixed.h:295]   --->   Operation 208 'icmp' 'icmp_ln295_17' <Predicate = true> <Delay = 0.83> <CoreInst = "Cmp">   --->   Core 9 'Cmp' <Latency = 0> <II = 1> <Delay = 0.83> <FuncUnit> <Opcode : 'seteq' 'setne' 'setle' 'setge' 'setlt' 'setgt'> <InPorts = 2> <OutPorts = 1>
ST_4 : Operation 209 [1/1] (0.00ns) (grouped into LUT with out node or_ln295_5)   --->   "%xor_ln295_4 = xor i1 %icmp_ln295_17, i1 1" [/tools/Xilinx/2025.1/Vitis/common/technology/autopilot/etc/hls_sqrt_apfixed.h:295]   --->   Operation 209 'xor' 'xor_ln295_4' <Predicate = true> <Delay = 0.00> <CoreInst = "LogicGate">   --->   Core 74 'LogicGate' <Latency = 0> <II = 1> <Delay = 0.28> <FuncUnit> <Opcode : 'and' 'or' 'xor'> <InPorts = 2> <OutPorts = 1>
ST_4 : Operation 210 [1/1] (0.00ns) (grouped into LUT with out node or_ln295_5)   --->   "%and_ln295_5 = and i1 %icmp_ln295_16, i1 %xor_ln295_4" [/tools/Xilinx/2025.1/Vitis/common/technology/autopilot/etc/hls_sqrt_apfixed.h:295]   --->   Operation 210 'and' 'and_ln295_5' <Predicate = true> <Delay = 0.00> <CoreInst = "LogicGate">   --->   Core 74 'LogicGate' <Latency = 0> <II = 1> <Delay = 0.28> <FuncUnit> <Opcode : 'and' 'or' 'xor'> <InPorts = 2> <OutPorts = 1>
ST_4 : Operation 211 [1/1] (0.83ns)   --->   "%icmp_ln308_5 = icmp_ult  i14 %x_l_FH_32, i14 %mul_FH_4" [/tools/Xilinx/2025.1/Vitis/common/technology/autopilot/etc/hls_sqrt_apfixed.h:308]   --->   Operation 211 'icmp' 'icmp_ln308_5' <Predicate = true> <Delay = 0.83> <CoreInst = "Cmp">   --->   Core 9 'Cmp' <Latency = 0> <II = 1> <Delay = 0.83> <FuncUnit> <Opcode : 'seteq' 'setne' 'setle' 'setge' 'setlt' 'setgt'> <InPorts = 2> <OutPorts = 1>
ST_4 : Operation 212 [1/1] (0.91ns)   --->   "%x_l_I_38 = add i22 %x_l_I_37, i22 4194303" [/tools/Xilinx/2025.1/Vitis/common/technology/autopilot/etc/hls_sqrt_apfixed.h:316]   --->   Operation 212 'add' 'x_l_I_38' <Predicate = true> <Delay = 0.91> <CoreInst = "Adder">   --->   Core 1 'Adder' <Latency = 0> <II = 1> <Delay = 0.91> <FuncUnit> <Opcode : 'add' 'sub'> <InPorts = 2> <OutPorts = 1>
ST_4 : Operation 213 [1/1] (0.00ns) (grouped into LUT with out node x_l_I_40)   --->   "%x_l_I_39 = select i1 %icmp_ln308_5, i22 %x_l_I_38, i22 %x_l_I_37" [/tools/Xilinx/2025.1/Vitis/common/technology/autopilot/etc/hls_sqrt_apfixed.h:308]   --->   Operation 213 'select' 'x_l_I_39' <Predicate = true> <Delay = 0.00> <CoreInst = "Sel">   --->   Core 73 'Sel' <Latency = 0> <II = 1> <Delay = 0.34> <FuncUnit> <Opcode : 'select'> <InPorts = 3> <OutPorts = 1>
ST_4 : Operation 214 [1/1] (0.83ns)   --->   "%x_l_FH_11 = sub i14 %x_l_FH_32, i14 %mul_FH_4" [/tools/Xilinx/2025.1/Vitis/common/technology/autopilot/etc/hls_sqrt_apfixed.h:319]   --->   Operation 214 'sub' 'x_l_FH_11' <Predicate = true> <Delay = 0.83> <CoreInst = "Adder">   --->   Core 1 'Adder' <Latency = 0> <II = 1> <Delay = 0.83> <FuncUnit> <Opcode : 'add' 'sub'> <InPorts = 2> <OutPorts = 1>
ST_4 : Operation 215 [1/1] (0.91ns) (out node of the LUT)   --->   "%x_l_I_40 = sub i22 %x_l_I_39, i22 %zext_ln295_5" [/tools/Xilinx/2025.1/Vitis/common/technology/autopilot/etc/hls_sqrt_apfixed.h:317]   --->   Operation 215 'sub' 'x_l_I_40' <Predicate = true> <Delay = 0.91> <CoreInst = "Adder">   --->   Core 1 'Adder' <Latency = 0> <II = 1> <Delay = 0.91> <FuncUnit> <Opcode : 'add' 'sub'> <InPorts = 2> <OutPorts = 1>
ST_4 : Operation 216 [1/1] (0.00ns)   --->   "%res_FH_9 = bitset i14 @_ssdm_op_BitSet.i14.i14.i32.i1, i14 %res_FH_8, i32 8, i1 1" [/tools/Xilinx/2025.1/Vitis/common/technology/autopilot/etc/hls_sqrt_apfixed.h:329]   --->   Operation 216 'bitset' 'res_FH_9' <Predicate = true> <Delay = 0.00>
ST_4 : Operation 217 [1/1] (0.28ns) (out node of the LUT)   --->   "%or_ln295_5 = or i1 %icmp_ln295_15, i1 %and_ln295_5" [/tools/Xilinx/2025.1/Vitis/common/technology/autopilot/etc/hls_sqrt_apfixed.h:295]   --->   Operation 217 'or' 'or_ln295_5' <Predicate = true> <Delay = 0.28> <CoreInst = "LogicGate">   --->   Core 74 'LogicGate' <Latency = 0> <II = 1> <Delay = 0.28> <FuncUnit> <Opcode : 'and' 'or' 'xor'> <InPorts = 2> <OutPorts = 1>
ST_4 : Operation 218 [1/1] (0.34ns)   --->   "%x_l_I_41 = select i1 %or_ln295_5, i22 %x_l_I_40, i22 %x_l_I_37" [/tools/Xilinx/2025.1/Vitis/common/technology/autopilot/etc/hls_sqrt_apfixed.h:295]   --->   Operation 218 'select' 'x_l_I_41' <Predicate = true> <Delay = 0.34> <CoreInst = "Sel">   --->   Core 73 'Sel' <Latency = 0> <II = 1> <Delay = 0.34> <FuncUnit> <Opcode : 'select'> <InPorts = 3> <OutPorts = 1>
ST_4 : Operation 219 [1/1] (0.23ns)   --->   "%x_l_FH_33 = select i1 %or_ln295_5, i14 %x_l_FH_11, i14 %x_l_FH_32" [/tools/Xilinx/2025.1/Vitis/common/technology/autopilot/etc/hls_sqrt_apfixed.h:308]   --->   Operation 219 'select' 'x_l_FH_33' <Predicate = true> <Delay = 0.23> <CoreInst = "Sel">   --->   Core 73 'Sel' <Latency = 0> <II = 1> <Delay = 0.23> <FuncUnit> <Opcode : 'select'> <InPorts = 3> <OutPorts = 1>
ST_4 : Operation 220 [1/1] (0.23ns)   --->   "%res_FH_10 = select i1 %or_ln295_5, i14 %res_FH_9, i14 %res_FH_8" [/tools/Xilinx/2025.1/Vitis/common/technology/autopilot/etc/hls_sqrt_apfixed.h:295]   --->   Operation 220 'select' 'res_FH_10' <Predicate = true> <Delay = 0.23> <CoreInst = "Sel">   --->   Core 73 'Sel' <Latency = 0> <II = 1> <Delay = 0.23> <FuncUnit> <Opcode : 'select'> <InPorts = 3> <OutPorts = 1>
ST_4 : Operation 221 [1/1] (0.00ns)   --->   "%tmp_28 = partselect i7 @_ssdm_op_PartSelect.i7.i14.i32, i14 %res_FH_10, i32 7" [/tools/Xilinx/2025.1/Vitis/common/technology/autopilot/etc/hls_sqrt_apfixed.h:279]   --->   Operation 221 'partselect' 'tmp_28' <Predicate = true> <Delay = 0.00>
ST_4 : Operation 222 [1/1] (0.00ns)   --->   "%mul_FH_5 = bitconcatenate i14 @_ssdm_op_BitConcatenate.i14.i6.i7.i1, i6 %trunc_ln283_5, i7 %tmp_28, i1 1" [/tools/Xilinx/2025.1/Vitis/common/technology/autopilot/etc/hls_sqrt_apfixed.h:285]   --->   Operation 222 'bitconcatenate' 'mul_FH_5' <Predicate = true> <Delay = 0.00>
ST_4 : Operation 223 [1/1] (0.00ns)   --->   "%zext_ln295_6 = zext i4 %tmp_37" [/tools/Xilinx/2025.1/Vitis/common/technology/autopilot/etc/hls_sqrt_apfixed.h:295]   --->   Operation 223 'zext' 'zext_ln295_6' <Predicate = true> <Delay = 0.00>
ST_4 : Operation 224 [1/1] (0.91ns)   --->   "%icmp_ln295_18 = icmp_ugt  i22 %x_l_I_41, i22 %zext_ln295_6" [/tools/Xilinx/2025.1/Vitis/common/technology/autopilot/etc/hls_sqrt_apfixed.h:295]   --->   Operation 224 'icmp' 'icmp_ln295_18' <Predicate = true> <Delay = 0.91> <CoreInst = "Cmp">   --->   Core 9 'Cmp' <Latency = 0> <II = 1> <Delay = 0.91> <FuncUnit> <Opcode : 'seteq' 'setne' 'setle' 'setge' 'setlt' 'setgt'> <InPorts = 2> <OutPorts = 1>
ST_4 : Operation 225 [1/1] (0.91ns)   --->   "%icmp_ln295_19 = icmp_eq  i22 %x_l_I_41, i22 %zext_ln295_6" [/tools/Xilinx/2025.1/Vitis/common/technology/autopilot/etc/hls_sqrt_apfixed.h:295]   --->   Operation 225 'icmp' 'icmp_ln295_19' <Predicate = true> <Delay = 0.91> <CoreInst = "Cmp">   --->   Core 9 'Cmp' <Latency = 0> <II = 1> <Delay = 0.91> <FuncUnit> <Opcode : 'seteq' 'setne' 'setle' 'setge' 'setlt' 'setgt'> <InPorts = 2> <OutPorts = 1>
ST_4 : Operation 226 [1/1] (0.83ns)   --->   "%icmp_ln295_20 = icmp_ult  i14 %x_l_FH_33, i14 %mul_FH_5" [/tools/Xilinx/2025.1/Vitis/common/technology/autopilot/etc/hls_sqrt_apfixed.h:295]   --->   Operation 226 'icmp' 'icmp_ln295_20' <Predicate = true> <Delay = 0.83> <CoreInst = "Cmp">   --->   Core 9 'Cmp' <Latency = 0> <II = 1> <Delay = 0.83> <FuncUnit> <Opcode : 'seteq' 'setne' 'setle' 'setge' 'setlt' 'setgt'> <InPorts = 2> <OutPorts = 1>
ST_4 : Operation 227 [1/1] (0.00ns) (grouped into LUT with out node or_ln295_6)   --->   "%xor_ln295_5 = xor i1 %icmp_ln295_20, i1 1" [/tools/Xilinx/2025.1/Vitis/common/technology/autopilot/etc/hls_sqrt_apfixed.h:295]   --->   Operation 227 'xor' 'xor_ln295_5' <Predicate = true> <Delay = 0.00> <CoreInst = "LogicGate">   --->   Core 74 'LogicGate' <Latency = 0> <II = 1> <Delay = 0.28> <FuncUnit> <Opcode : 'and' 'or' 'xor'> <InPorts = 2> <OutPorts = 1>
ST_4 : Operation 228 [1/1] (0.00ns) (grouped into LUT with out node or_ln295_6)   --->   "%and_ln295_6 = and i1 %icmp_ln295_19, i1 %xor_ln295_5" [/tools/Xilinx/2025.1/Vitis/common/technology/autopilot/etc/hls_sqrt_apfixed.h:295]   --->   Operation 228 'and' 'and_ln295_6' <Predicate = true> <Delay = 0.00> <CoreInst = "LogicGate">   --->   Core 74 'LogicGate' <Latency = 0> <II = 1> <Delay = 0.28> <FuncUnit> <Opcode : 'and' 'or' 'xor'> <InPorts = 2> <OutPorts = 1>
ST_4 : Operation 229 [1/1] (0.83ns)   --->   "%icmp_ln308_6 = icmp_ult  i14 %x_l_FH_33, i14 %mul_FH_5" [/tools/Xilinx/2025.1/Vitis/common/technology/autopilot/etc/hls_sqrt_apfixed.h:308]   --->   Operation 229 'icmp' 'icmp_ln308_6' <Predicate = true> <Delay = 0.83> <CoreInst = "Cmp">   --->   Core 9 'Cmp' <Latency = 0> <II = 1> <Delay = 0.83> <FuncUnit> <Opcode : 'seteq' 'setne' 'setle' 'setge' 'setlt' 'setgt'> <InPorts = 2> <OutPorts = 1>
ST_4 : Operation 230 [1/1] (0.91ns)   --->   "%x_l_I_42 = add i22 %x_l_I_41, i22 4194303" [/tools/Xilinx/2025.1/Vitis/common/technology/autopilot/etc/hls_sqrt_apfixed.h:316]   --->   Operation 230 'add' 'x_l_I_42' <Predicate = true> <Delay = 0.91> <CoreInst = "Adder">   --->   Core 1 'Adder' <Latency = 0> <II = 1> <Delay = 0.91> <FuncUnit> <Opcode : 'add' 'sub'> <InPorts = 2> <OutPorts = 1>
ST_4 : Operation 231 [1/1] (0.00ns) (grouped into LUT with out node x_l_I_44)   --->   "%x_l_I_43 = select i1 %icmp_ln308_6, i22 %x_l_I_42, i22 %x_l_I_41" [/tools/Xilinx/2025.1/Vitis/common/technology/autopilot/etc/hls_sqrt_apfixed.h:308]   --->   Operation 231 'select' 'x_l_I_43' <Predicate = true> <Delay = 0.00> <CoreInst = "Sel">   --->   Core 73 'Sel' <Latency = 0> <II = 1> <Delay = 0.34> <FuncUnit> <Opcode : 'select'> <InPorts = 3> <OutPorts = 1>
ST_4 : Operation 232 [1/1] (0.83ns)   --->   "%x_l_FH_13 = sub i14 %x_l_FH_33, i14 %mul_FH_5" [/tools/Xilinx/2025.1/Vitis/common/technology/autopilot/etc/hls_sqrt_apfixed.h:319]   --->   Operation 232 'sub' 'x_l_FH_13' <Predicate = true> <Delay = 0.83> <CoreInst = "Adder">   --->   Core 1 'Adder' <Latency = 0> <II = 1> <Delay = 0.83> <FuncUnit> <Opcode : 'add' 'sub'> <InPorts = 2> <OutPorts = 1>
ST_4 : Operation 233 [1/1] (0.91ns) (out node of the LUT)   --->   "%x_l_I_44 = sub i22 %x_l_I_43, i22 %zext_ln295_6" [/tools/Xilinx/2025.1/Vitis/common/technology/autopilot/etc/hls_sqrt_apfixed.h:317]   --->   Operation 233 'sub' 'x_l_I_44' <Predicate = true> <Delay = 0.91> <CoreInst = "Adder">   --->   Core 1 'Adder' <Latency = 0> <II = 1> <Delay = 0.91> <FuncUnit> <Opcode : 'add' 'sub'> <InPorts = 2> <OutPorts = 1>
ST_4 : Operation 234 [1/1] (0.00ns)   --->   "%res_FH_11 = bitset i14 @_ssdm_op_BitSet.i14.i14.i32.i1, i14 %res_FH_10, i32 7, i1 1" [/tools/Xilinx/2025.1/Vitis/common/technology/autopilot/etc/hls_sqrt_apfixed.h:329]   --->   Operation 234 'bitset' 'res_FH_11' <Predicate = true> <Delay = 0.00>
ST_4 : Operation 235 [1/1] (0.28ns) (out node of the LUT)   --->   "%or_ln295_6 = or i1 %icmp_ln295_18, i1 %and_ln295_6" [/tools/Xilinx/2025.1/Vitis/common/technology/autopilot/etc/hls_sqrt_apfixed.h:295]   --->   Operation 235 'or' 'or_ln295_6' <Predicate = true> <Delay = 0.28> <CoreInst = "LogicGate">   --->   Core 74 'LogicGate' <Latency = 0> <II = 1> <Delay = 0.28> <FuncUnit> <Opcode : 'and' 'or' 'xor'> <InPorts = 2> <OutPorts = 1>
ST_4 : Operation 236 [1/1] (0.34ns)   --->   "%x_l_I_45 = select i1 %or_ln295_6, i22 %x_l_I_44, i22 %x_l_I_41" [/tools/Xilinx/2025.1/Vitis/common/technology/autopilot/etc/hls_sqrt_apfixed.h:295]   --->   Operation 236 'select' 'x_l_I_45' <Predicate = true> <Delay = 0.34> <CoreInst = "Sel">   --->   Core 73 'Sel' <Latency = 0> <II = 1> <Delay = 0.34> <FuncUnit> <Opcode : 'select'> <InPorts = 3> <OutPorts = 1>
ST_4 : Operation 237 [1/1] (0.23ns)   --->   "%x_l_FH_34 = select i1 %or_ln295_6, i14 %x_l_FH_13, i14 %x_l_FH_33" [/tools/Xilinx/2025.1/Vitis/common/technology/autopilot/etc/hls_sqrt_apfixed.h:308]   --->   Operation 237 'select' 'x_l_FH_34' <Predicate = true> <Delay = 0.23> <CoreInst = "Sel">   --->   Core 73 'Sel' <Latency = 0> <II = 1> <Delay = 0.23> <FuncUnit> <Opcode : 'select'> <InPorts = 3> <OutPorts = 1>
ST_4 : Operation 238 [1/1] (0.23ns)   --->   "%res_FH_12 = select i1 %or_ln295_6, i14 %res_FH_11, i14 %res_FH_10" [/tools/Xilinx/2025.1/Vitis/common/technology/autopilot/etc/hls_sqrt_apfixed.h:295]   --->   Operation 238 'select' 'res_FH_12' <Predicate = true> <Delay = 0.23> <CoreInst = "Sel">   --->   Core 73 'Sel' <Latency = 0> <II = 1> <Delay = 0.23> <FuncUnit> <Opcode : 'select'> <InPorts = 3> <OutPorts = 1>
ST_4 : Operation 239 [1/1] (0.00ns)   --->   "%tmp_64 = bitselect i1 @_ssdm_op_BitSelect.i1.i14.i32, i14 %res_FH_12, i32 6" [/tools/Xilinx/2025.1/Vitis/common/technology/autopilot/etc/hls_sqrt_apfixed.h:283]   --->   Operation 239 'bitselect' 'tmp_64' <Predicate = true> <Delay = 0.00>
ST_4 : Operation 240 [1/1] (0.00ns)   --->   "%tmp_39 = partselect i7 @_ssdm_op_PartSelect.i7.i14.i32.i32, i14 %res_FH_12, i32 7, i32 13" [/tools/Xilinx/2025.1/Vitis/common/technology/autopilot/etc/hls_sqrt_apfixed.h:285]   --->   Operation 240 'partselect' 'tmp_39' <Predicate = true> <Delay = 0.00>
ST_4 : Operation 241 [1/1] (0.00ns)   --->   "%mul_FH_6 = bitconcatenate i14 @_ssdm_op_BitConcatenate.i14.i7.i7, i7 %trunc_ln283_6, i7 %tmp_39" [/tools/Xilinx/2025.1/Vitis/common/technology/autopilot/etc/hls_sqrt_apfixed.h:285]   --->   Operation 241 'bitconcatenate' 'mul_FH_6' <Predicate = true> <Delay = 0.00>
ST_4 : Operation 242 [1/1] (0.00ns)   --->   "%zext_ln295_7 = zext i3 %tmp_41" [/tools/Xilinx/2025.1/Vitis/common/technology/autopilot/etc/hls_sqrt_apfixed.h:295]   --->   Operation 242 'zext' 'zext_ln295_7' <Predicate = true> <Delay = 0.00>
ST_4 : Operation 243 [1/1] (0.91ns)   --->   "%icmp_ln295_21 = icmp_ugt  i22 %x_l_I_45, i22 %zext_ln295_7" [/tools/Xilinx/2025.1/Vitis/common/technology/autopilot/etc/hls_sqrt_apfixed.h:295]   --->   Operation 243 'icmp' 'icmp_ln295_21' <Predicate = true> <Delay = 0.91> <CoreInst = "Cmp">   --->   Core 9 'Cmp' <Latency = 0> <II = 1> <Delay = 0.91> <FuncUnit> <Opcode : 'seteq' 'setne' 'setle' 'setge' 'setlt' 'setgt'> <InPorts = 2> <OutPorts = 1>
ST_4 : Operation 244 [1/1] (0.91ns)   --->   "%icmp_ln295_22 = icmp_eq  i22 %x_l_I_45, i22 %zext_ln295_7" [/tools/Xilinx/2025.1/Vitis/common/technology/autopilot/etc/hls_sqrt_apfixed.h:295]   --->   Operation 244 'icmp' 'icmp_ln295_22' <Predicate = true> <Delay = 0.91> <CoreInst = "Cmp">   --->   Core 9 'Cmp' <Latency = 0> <II = 1> <Delay = 0.91> <FuncUnit> <Opcode : 'seteq' 'setne' 'setle' 'setge' 'setlt' 'setgt'> <InPorts = 2> <OutPorts = 1>
ST_4 : Operation 245 [1/1] (0.83ns)   --->   "%icmp_ln295_23 = icmp_ugt  i14 %x_l_FH_34, i14 %mul_FH_6" [/tools/Xilinx/2025.1/Vitis/common/technology/autopilot/etc/hls_sqrt_apfixed.h:295]   --->   Operation 245 'icmp' 'icmp_ln295_23' <Predicate = true> <Delay = 0.83> <CoreInst = "Cmp">   --->   Core 9 'Cmp' <Latency = 0> <II = 1> <Delay = 0.83> <FuncUnit> <Opcode : 'seteq' 'setne' 'setle' 'setge' 'setlt' 'setgt'> <InPorts = 2> <OutPorts = 1>
ST_4 : Operation 246 [1/1] (0.00ns) (grouped into LUT with out node or_ln295_7)   --->   "%and_ln295_7 = and i1 %icmp_ln295_22, i1 %icmp_ln295_23" [/tools/Xilinx/2025.1/Vitis/common/technology/autopilot/etc/hls_sqrt_apfixed.h:295]   --->   Operation 246 'and' 'and_ln295_7' <Predicate = true> <Delay = 0.00> <CoreInst = "LogicGate">   --->   Core 74 'LogicGate' <Latency = 0> <II = 1> <Delay = 0.28> <FuncUnit> <Opcode : 'and' 'or' 'xor'> <InPorts = 2> <OutPorts = 1>
ST_4 : Operation 247 [1/1] (0.91ns)   --->   "%x_l_I_46 = add i22 %x_l_I_45, i22 4194303" [/tools/Xilinx/2025.1/Vitis/common/technology/autopilot/etc/hls_sqrt_apfixed.h:316]   --->   Operation 247 'add' 'x_l_I_46' <Predicate = true> <Delay = 0.91> <CoreInst = "Adder">   --->   Core 1 'Adder' <Latency = 0> <II = 1> <Delay = 0.91> <FuncUnit> <Opcode : 'add' 'sub'> <InPorts = 2> <OutPorts = 1>
ST_4 : Operation 248 [1/1] (0.00ns) (grouped into LUT with out node x_l_FH_15)   --->   "%xor_ln319 = xor i14 %mul_FH_6, i14 16383" [/tools/Xilinx/2025.1/Vitis/common/technology/autopilot/etc/hls_sqrt_apfixed.h:319]   --->   Operation 248 'xor' 'xor_ln319' <Predicate = true> <Delay = 0.00> <CoreInst = "LogicGate">   --->   Core 74 'LogicGate' <Latency = 0> <II = 1> <Delay = 0.35> <FuncUnit> <Opcode : 'and' 'or' 'xor'> <InPorts = 2> <OutPorts = 1>
ST_4 : Operation 249 [1/1] (0.83ns) (out node of the LUT)   --->   "%x_l_FH_15 = add i14 %x_l_FH_34, i14 %xor_ln319" [/tools/Xilinx/2025.1/Vitis/common/technology/autopilot/etc/hls_sqrt_apfixed.h:319]   --->   Operation 249 'add' 'x_l_FH_15' <Predicate = true> <Delay = 0.83> <CoreInst = "Adder">   --->   Core 1 'Adder' <Latency = 0> <II = 1> <Delay = 0.83> <FuncUnit> <Opcode : 'add' 'sub'> <InPorts = 2> <OutPorts = 1>
ST_4 : Operation 250 [1/1] (0.28ns) (out node of the LUT)   --->   "%or_ln295_7 = or i1 %icmp_ln295_21, i1 %and_ln295_7" [/tools/Xilinx/2025.1/Vitis/common/technology/autopilot/etc/hls_sqrt_apfixed.h:295]   --->   Operation 250 'or' 'or_ln295_7' <Predicate = true> <Delay = 0.28> <CoreInst = "LogicGate">   --->   Core 74 'LogicGate' <Latency = 0> <II = 1> <Delay = 0.28> <FuncUnit> <Opcode : 'and' 'or' 'xor'> <InPorts = 2> <OutPorts = 1>
ST_4 : Operation 251 [1/1] (0.23ns)   --->   "%x_l_FH_35 = select i1 %or_ln295_7, i14 %x_l_FH_15, i14 %x_l_FH_34" [/tools/Xilinx/2025.1/Vitis/common/technology/autopilot/etc/hls_sqrt_apfixed.h:308]   --->   Operation 251 'select' 'x_l_FH_35' <Predicate = true> <Delay = 0.23> <CoreInst = "Sel">   --->   Core 73 'Sel' <Latency = 0> <II = 1> <Delay = 0.23> <FuncUnit> <Opcode : 'select'> <InPorts = 3> <OutPorts = 1>

State 5 <SV = 4> <Delay = 7.13>
ST_5 : Operation 252 [1/1] (0.00ns)   --->   "%mul_FL = bitconcatenate i14 @_ssdm_op_BitConcatenate.i14.i1.i13, i1 %tmp_64, i13 4096" [/tools/Xilinx/2025.1/Vitis/common/technology/autopilot/etc/hls_sqrt_apfixed.h:286]   --->   Operation 252 'bitconcatenate' 'mul_FL' <Predicate = (or_ln295_7)> <Delay = 0.00>
ST_5 : Operation 253 [1/1] (0.83ns)   --->   "%x_l_FL = sub i14 0, i14 %mul_FL" [/tools/Xilinx/2025.1/Vitis/common/technology/autopilot/etc/hls_sqrt_apfixed.h:320]   --->   Operation 253 'sub' 'x_l_FL' <Predicate = (or_ln295_7)> <Delay = 0.83> <CoreInst = "Adder">   --->   Core 1 'Adder' <Latency = 0> <II = 1> <Delay = 0.83> <FuncUnit> <Opcode : 'add' 'sub'> <InPorts = 2> <OutPorts = 1>
ST_5 : Operation 254 [1/1] (0.00ns) (grouped into LUT with out node x_l_I_48)   --->   "%x_l_I_47 = select i1 %icmp_ln295_23, i22 %x_l_I_45, i22 %x_l_I_46" [/tools/Xilinx/2025.1/Vitis/common/technology/autopilot/etc/hls_sqrt_apfixed.h:295]   --->   Operation 254 'select' 'x_l_I_47' <Predicate = (or_ln295_7)> <Delay = 0.00> <CoreInst = "Sel">   --->   Core 73 'Sel' <Latency = 0> <II = 1> <Delay = 0.34> <FuncUnit> <Opcode : 'select'> <InPorts = 3> <OutPorts = 1>
ST_5 : Operation 255 [1/1] (0.91ns) (out node of the LUT)   --->   "%x_l_I_48 = sub i22 %x_l_I_47, i22 %zext_ln295_7" [/tools/Xilinx/2025.1/Vitis/common/technology/autopilot/etc/hls_sqrt_apfixed.h:317]   --->   Operation 255 'sub' 'x_l_I_48' <Predicate = (or_ln295_7)> <Delay = 0.91> <CoreInst = "Adder">   --->   Core 1 'Adder' <Latency = 0> <II = 1> <Delay = 0.91> <FuncUnit> <Opcode : 'add' 'sub'> <InPorts = 2> <OutPorts = 1>
ST_5 : Operation 256 [1/1] (0.00ns)   --->   "%res_FH_13 = bitset i14 @_ssdm_op_BitSet.i14.i14.i32.i1, i14 %res_FH_12, i32 6, i1 1" [/tools/Xilinx/2025.1/Vitis/common/technology/autopilot/etc/hls_sqrt_apfixed.h:329]   --->   Operation 256 'bitset' 'res_FH_13' <Predicate = (or_ln295_7)> <Delay = 0.00>
ST_5 : Operation 257 [1/1] (0.34ns)   --->   "%x_l_I_49 = select i1 %or_ln295_7, i22 %x_l_I_48, i22 %x_l_I_45" [/tools/Xilinx/2025.1/Vitis/common/technology/autopilot/etc/hls_sqrt_apfixed.h:295]   --->   Operation 257 'select' 'x_l_I_49' <Predicate = true> <Delay = 0.34> <CoreInst = "Sel">   --->   Core 73 'Sel' <Latency = 0> <II = 1> <Delay = 0.34> <FuncUnit> <Opcode : 'select'> <InPorts = 3> <OutPorts = 1>
ST_5 : Operation 258 [1/1] (0.23ns)   --->   "%x_l_FL_12 = select i1 %or_ln295_7, i14 %x_l_FL, i14 0" [/tools/Xilinx/2025.1/Vitis/common/technology/autopilot/etc/hls_sqrt_apfixed.h:301]   --->   Operation 258 'select' 'x_l_FL_12' <Predicate = true> <Delay = 0.23> <CoreInst = "Sel">   --->   Core 73 'Sel' <Latency = 0> <II = 1> <Delay = 0.23> <FuncUnit> <Opcode : 'select'> <InPorts = 3> <OutPorts = 1>
ST_5 : Operation 259 [1/1] (0.23ns)   --->   "%res_FH_14 = select i1 %or_ln295_7, i14 %res_FH_13, i14 %res_FH_12" [/tools/Xilinx/2025.1/Vitis/common/technology/autopilot/etc/hls_sqrt_apfixed.h:295]   --->   Operation 259 'select' 'res_FH_14' <Predicate = true> <Delay = 0.23> <CoreInst = "Sel">   --->   Core 73 'Sel' <Latency = 0> <II = 1> <Delay = 0.23> <FuncUnit> <Opcode : 'select'> <InPorts = 3> <OutPorts = 1>
ST_5 : Operation 260 [1/1] (0.00ns)   --->   "%tmp_32 = partselect i3 @_ssdm_op_PartSelect.i3.i14.i32.i32, i14 %res_FH_14, i32 5, i32 7" [/tools/Xilinx/2025.1/Vitis/common/technology/autopilot/etc/hls_sqrt_apfixed.h:283]   --->   Operation 260 'partselect' 'tmp_32' <Predicate = true> <Delay = 0.00>
ST_5 : Operation 261 [1/1] (0.00ns)   --->   "%tmp_42 = partselect i6 @_ssdm_op_PartSelect.i6.i14.i32.i32, i14 %res_FH_14, i32 8, i32 13" [/tools/Xilinx/2025.1/Vitis/common/technology/autopilot/etc/hls_sqrt_apfixed.h:285]   --->   Operation 261 'partselect' 'tmp_42' <Predicate = true> <Delay = 0.00>
ST_5 : Operation 262 [1/1] (0.00ns)   --->   "%mul_FH_7 = bitconcatenate i14 @_ssdm_op_BitConcatenate.i14.i8.i6, i8 %trunc_ln283_7, i6 %tmp_42" [/tools/Xilinx/2025.1/Vitis/common/technology/autopilot/etc/hls_sqrt_apfixed.h:285]   --->   Operation 262 'bitconcatenate' 'mul_FH_7' <Predicate = true> <Delay = 0.00>
ST_5 : Operation 263 [1/1] (0.00ns)   --->   "%mul_FL_1 = bitconcatenate i14 @_ssdm_op_BitConcatenate.i14.i3.i11, i3 %tmp_32, i11 1024" [/tools/Xilinx/2025.1/Vitis/common/technology/autopilot/etc/hls_sqrt_apfixed.h:286]   --->   Operation 263 'bitconcatenate' 'mul_FL_1' <Predicate = true> <Delay = 0.00>
ST_5 : Operation 264 [1/1] (0.00ns)   --->   "%zext_ln295_8 = zext i2 %tmp_43" [/tools/Xilinx/2025.1/Vitis/common/technology/autopilot/etc/hls_sqrt_apfixed.h:295]   --->   Operation 264 'zext' 'zext_ln295_8' <Predicate = true> <Delay = 0.00>
ST_5 : Operation 265 [1/1] (0.91ns)   --->   "%icmp_ln295_24 = icmp_ugt  i22 %x_l_I_49, i22 %zext_ln295_8" [/tools/Xilinx/2025.1/Vitis/common/technology/autopilot/etc/hls_sqrt_apfixed.h:295]   --->   Operation 265 'icmp' 'icmp_ln295_24' <Predicate = true> <Delay = 0.91> <CoreInst = "Cmp">   --->   Core 9 'Cmp' <Latency = 0> <II = 1> <Delay = 0.91> <FuncUnit> <Opcode : 'seteq' 'setne' 'setle' 'setge' 'setlt' 'setgt'> <InPorts = 2> <OutPorts = 1>
ST_5 : Operation 266 [1/1] (0.91ns)   --->   "%icmp_ln295_25 = icmp_eq  i22 %x_l_I_49, i22 %zext_ln295_8" [/tools/Xilinx/2025.1/Vitis/common/technology/autopilot/etc/hls_sqrt_apfixed.h:295]   --->   Operation 266 'icmp' 'icmp_ln295_25' <Predicate = true> <Delay = 0.91> <CoreInst = "Cmp">   --->   Core 9 'Cmp' <Latency = 0> <II = 1> <Delay = 0.91> <FuncUnit> <Opcode : 'seteq' 'setne' 'setle' 'setge' 'setlt' 'setgt'> <InPorts = 2> <OutPorts = 1>
ST_5 : Operation 267 [1/1] (0.83ns)   --->   "%icmp_ln295_26 = icmp_ugt  i14 %x_l_FH_35, i14 %mul_FH_7" [/tools/Xilinx/2025.1/Vitis/common/technology/autopilot/etc/hls_sqrt_apfixed.h:295]   --->   Operation 267 'icmp' 'icmp_ln295_26' <Predicate = true> <Delay = 0.83> <CoreInst = "Cmp">   --->   Core 9 'Cmp' <Latency = 0> <II = 1> <Delay = 0.83> <FuncUnit> <Opcode : 'seteq' 'setne' 'setle' 'setge' 'setlt' 'setgt'> <InPorts = 2> <OutPorts = 1>
ST_5 : Operation 268 [1/1] (0.83ns)   --->   "%icmp_ln295_27 = icmp_eq  i14 %x_l_FH_35, i14 %mul_FH_7" [/tools/Xilinx/2025.1/Vitis/common/technology/autopilot/etc/hls_sqrt_apfixed.h:295]   --->   Operation 268 'icmp' 'icmp_ln295_27' <Predicate = true> <Delay = 0.83> <CoreInst = "Cmp">   --->   Core 9 'Cmp' <Latency = 0> <II = 1> <Delay = 0.83> <FuncUnit> <Opcode : 'seteq' 'setne' 'setle' 'setge' 'setlt' 'setgt'> <InPorts = 2> <OutPorts = 1>
ST_5 : Operation 269 [1/1] (0.83ns)   --->   "%icmp_ln295_28 = icmp_ult  i14 %x_l_FL_12, i14 %mul_FL_1" [/tools/Xilinx/2025.1/Vitis/common/technology/autopilot/etc/hls_sqrt_apfixed.h:295]   --->   Operation 269 'icmp' 'icmp_ln295_28' <Predicate = true> <Delay = 0.83> <CoreInst = "Cmp">   --->   Core 9 'Cmp' <Latency = 0> <II = 1> <Delay = 0.83> <FuncUnit> <Opcode : 'seteq' 'setne' 'setle' 'setge' 'setlt' 'setgt'> <InPorts = 2> <OutPorts = 1>
ST_5 : Operation 270 [1/1] (0.00ns) (grouped into LUT with out node or_ln295_9)   --->   "%xor_ln295_6 = xor i1 %icmp_ln295_28, i1 1" [/tools/Xilinx/2025.1/Vitis/common/technology/autopilot/etc/hls_sqrt_apfixed.h:295]   --->   Operation 270 'xor' 'xor_ln295_6' <Predicate = true> <Delay = 0.00> <CoreInst = "LogicGate">   --->   Core 74 'LogicGate' <Latency = 0> <II = 1> <Delay = 0.28> <FuncUnit> <Opcode : 'and' 'or' 'xor'> <InPorts = 2> <OutPorts = 1>
ST_5 : Operation 271 [1/1] (0.00ns) (grouped into LUT with out node or_ln295_9)   --->   "%and_ln295_8 = and i1 %icmp_ln295_27, i1 %xor_ln295_6" [/tools/Xilinx/2025.1/Vitis/common/technology/autopilot/etc/hls_sqrt_apfixed.h:295]   --->   Operation 271 'and' 'and_ln295_8' <Predicate = true> <Delay = 0.00> <CoreInst = "LogicGate">   --->   Core 74 'LogicGate' <Latency = 0> <II = 1> <Delay = 0.28> <FuncUnit> <Opcode : 'and' 'or' 'xor'> <InPorts = 2> <OutPorts = 1>
ST_5 : Operation 272 [1/1] (0.83ns)   --->   "%delta = icmp_ult  i14 %x_l_FL_12, i14 %mul_FL_1" [/tools/Xilinx/2025.1/Vitis/common/technology/autopilot/etc/hls_sqrt_apfixed.h:301]   --->   Operation 272 'icmp' 'delta' <Predicate = true> <Delay = 0.83> <CoreInst = "Cmp">   --->   Core 9 'Cmp' <Latency = 0> <II = 1> <Delay = 0.83> <FuncUnit> <Opcode : 'seteq' 'setne' 'setle' 'setge' 'setlt' 'setgt'> <InPorts = 2> <OutPorts = 1>
ST_5 : Operation 273 [1/1] (0.83ns)   --->   "%x_l_FL_2 = sub i14 %x_l_FL_12, i14 %mul_FL_1" [/tools/Xilinx/2025.1/Vitis/common/technology/autopilot/etc/hls_sqrt_apfixed.h:320]   --->   Operation 273 'sub' 'x_l_FL_2' <Predicate = true> <Delay = 0.83> <CoreInst = "Adder">   --->   Core 1 'Adder' <Latency = 0> <II = 1> <Delay = 0.83> <FuncUnit> <Opcode : 'add' 'sub'> <InPorts = 2> <OutPorts = 1>
ST_5 : Operation 274 [1/1] (0.83ns)   --->   "%icmp_ln308_7 = icmp_ult  i14 %x_l_FH_35, i14 %mul_FH_7" [/tools/Xilinx/2025.1/Vitis/common/technology/autopilot/etc/hls_sqrt_apfixed.h:308]   --->   Operation 274 'icmp' 'icmp_ln308_7' <Predicate = true> <Delay = 0.83> <CoreInst = "Cmp">   --->   Core 9 'Cmp' <Latency = 0> <II = 1> <Delay = 0.83> <FuncUnit> <Opcode : 'seteq' 'setne' 'setle' 'setge' 'setlt' 'setgt'> <InPorts = 2> <OutPorts = 1>
ST_5 : Operation 275 [1/1] (0.00ns) (grouped into LUT with out node x_l_I_52)   --->   "%and_ln308 = and i1 %icmp_ln295_27, i1 %delta" [/tools/Xilinx/2025.1/Vitis/common/technology/autopilot/etc/hls_sqrt_apfixed.h:308]   --->   Operation 275 'and' 'and_ln308' <Predicate = true> <Delay = 0.00> <CoreInst = "LogicGate">   --->   Core 74 'LogicGate' <Latency = 0> <II = 1> <Delay = 0.28> <FuncUnit> <Opcode : 'and' 'or' 'xor'> <InPorts = 2> <OutPorts = 1>
ST_5 : Operation 276 [1/1] (0.00ns) (grouped into LUT with out node x_l_I_52)   --->   "%or_ln308 = or i1 %icmp_ln308_7, i1 %and_ln308" [/tools/Xilinx/2025.1/Vitis/common/technology/autopilot/etc/hls_sqrt_apfixed.h:308]   --->   Operation 276 'or' 'or_ln308' <Predicate = true> <Delay = 0.00> <CoreInst = "LogicGate">   --->   Core 74 'LogicGate' <Latency = 0> <II = 1> <Delay = 0.28> <FuncUnit> <Opcode : 'and' 'or' 'xor'> <InPorts = 2> <OutPorts = 1>
ST_5 : Operation 277 [1/1] (0.91ns)   --->   "%x_l_I_50 = add i22 %x_l_I_49, i22 4194303" [/tools/Xilinx/2025.1/Vitis/common/technology/autopilot/etc/hls_sqrt_apfixed.h:316]   --->   Operation 277 'add' 'x_l_I_50' <Predicate = true> <Delay = 0.91> <CoreInst = "Adder">   --->   Core 1 'Adder' <Latency = 0> <II = 1> <Delay = 0.91> <FuncUnit> <Opcode : 'add' 'sub'> <InPorts = 2> <OutPorts = 1>
ST_5 : Operation 278 [1/1] (0.00ns) (grouped into LUT with out node x_l_I_52)   --->   "%x_l_I_51 = select i1 %or_ln308, i22 %x_l_I_50, i22 %x_l_I_49" [/tools/Xilinx/2025.1/Vitis/common/technology/autopilot/etc/hls_sqrt_apfixed.h:308]   --->   Operation 278 'select' 'x_l_I_51' <Predicate = true> <Delay = 0.00> <CoreInst = "Sel">   --->   Core 73 'Sel' <Latency = 0> <II = 1> <Delay = 0.34> <FuncUnit> <Opcode : 'select'> <InPorts = 3> <OutPorts = 1>
ST_5 : Operation 279 [1/1] (0.17ns)   --->   "%p_neg8 = select i1 %delta, i14 16383, i14 0" [/tools/Xilinx/2025.1/Vitis/common/technology/autopilot/etc/hls_sqrt_apfixed.h:301]   --->   Operation 279 'select' 'p_neg8' <Predicate = true> <Delay = 0.17> <CoreInst = "Sel">   --->   Core 73 'Sel' <Latency = 0> <II = 1> <Delay = 0.17> <FuncUnit> <Opcode : 'select'> <InPorts = 3> <OutPorts = 1>
ST_5 : Operation 280 [1/1] (0.00ns) (grouped into TernaryAdder)   --->   "%sub_ln319 = sub i14 %p_neg8, i14 %mul_FH_7" [/tools/Xilinx/2025.1/Vitis/common/technology/autopilot/etc/hls_sqrt_apfixed.h:319]   --->   Operation 280 'sub' 'sub_ln319' <Predicate = true> <Delay = 0.00> <CoreInst = "TAddSub">   --->   Core 10 'TAddSub' <Latency = 0> <II = 1> <Delay = 0.38> <IPBlock> <Opcode : 'add' 'sub'> <InPorts = 3> <OutPorts = 1> <Sync> <CReg>
ST_5 : Operation 281 [1/1] (0.77ns) (root node of TernaryAdder)   --->   "%x_l_FH_17 = add i14 %sub_ln319, i14 %x_l_FH_35" [/tools/Xilinx/2025.1/Vitis/common/technology/autopilot/etc/hls_sqrt_apfixed.h:319]   --->   Operation 281 'add' 'x_l_FH_17' <Predicate = true> <Delay = 0.77> <CoreInst = "TAddSub">   --->   Core 10 'TAddSub' <Latency = 0> <II = 1> <Delay = 0.38> <IPBlock> <Opcode : 'add' 'sub'> <InPorts = 3> <OutPorts = 1> <Sync> <CReg>
ST_5 : Operation 282 [1/1] (0.91ns) (out node of the LUT)   --->   "%x_l_I_52 = sub i22 %x_l_I_51, i22 %zext_ln295_8" [/tools/Xilinx/2025.1/Vitis/common/technology/autopilot/etc/hls_sqrt_apfixed.h:317]   --->   Operation 282 'sub' 'x_l_I_52' <Predicate = true> <Delay = 0.91> <CoreInst = "Adder">   --->   Core 1 'Adder' <Latency = 0> <II = 1> <Delay = 0.91> <FuncUnit> <Opcode : 'add' 'sub'> <InPorts = 2> <OutPorts = 1>
ST_5 : Operation 283 [1/1] (0.00ns)   --->   "%res_FH_15 = bitset i14 @_ssdm_op_BitSet.i14.i14.i32.i1, i14 %res_FH_14, i32 5, i1 1" [/tools/Xilinx/2025.1/Vitis/common/technology/autopilot/etc/hls_sqrt_apfixed.h:329]   --->   Operation 283 'bitset' 'res_FH_15' <Predicate = true> <Delay = 0.00>
ST_5 : Operation 284 [1/1] (0.00ns) (grouped into LUT with out node or_ln295_9)   --->   "%or_ln295_8 = or i1 %icmp_ln295_26, i1 %and_ln295_8" [/tools/Xilinx/2025.1/Vitis/common/technology/autopilot/etc/hls_sqrt_apfixed.h:295]   --->   Operation 284 'or' 'or_ln295_8' <Predicate = true> <Delay = 0.00> <CoreInst = "LogicGate">   --->   Core 74 'LogicGate' <Latency = 0> <II = 1> <Delay = 0.28> <FuncUnit> <Opcode : 'and' 'or' 'xor'> <InPorts = 2> <OutPorts = 1>
ST_5 : Operation 285 [1/1] (0.00ns) (grouped into LUT with out node or_ln295_9)   --->   "%and_ln295_9 = and i1 %icmp_ln295_25, i1 %or_ln295_8" [/tools/Xilinx/2025.1/Vitis/common/technology/autopilot/etc/hls_sqrt_apfixed.h:295]   --->   Operation 285 'and' 'and_ln295_9' <Predicate = true> <Delay = 0.00> <CoreInst = "LogicGate">   --->   Core 74 'LogicGate' <Latency = 0> <II = 1> <Delay = 0.28> <FuncUnit> <Opcode : 'and' 'or' 'xor'> <InPorts = 2> <OutPorts = 1>
ST_5 : Operation 286 [1/1] (0.28ns) (out node of the LUT)   --->   "%or_ln295_9 = or i1 %and_ln295_9, i1 %icmp_ln295_24" [/tools/Xilinx/2025.1/Vitis/common/technology/autopilot/etc/hls_sqrt_apfixed.h:295]   --->   Operation 286 'or' 'or_ln295_9' <Predicate = true> <Delay = 0.28> <CoreInst = "LogicGate">   --->   Core 74 'LogicGate' <Latency = 0> <II = 1> <Delay = 0.28> <FuncUnit> <Opcode : 'and' 'or' 'xor'> <InPorts = 2> <OutPorts = 1>
ST_5 : Operation 287 [1/1] (0.34ns)   --->   "%x_l_I_53 = select i1 %or_ln295_9, i22 %x_l_I_52, i22 %x_l_I_49" [/tools/Xilinx/2025.1/Vitis/common/technology/autopilot/etc/hls_sqrt_apfixed.h:295]   --->   Operation 287 'select' 'x_l_I_53' <Predicate = true> <Delay = 0.34> <CoreInst = "Sel">   --->   Core 73 'Sel' <Latency = 0> <II = 1> <Delay = 0.34> <FuncUnit> <Opcode : 'select'> <InPorts = 3> <OutPorts = 1>
ST_5 : Operation 288 [1/1] (0.23ns)   --->   "%x_l_FH_36 = select i1 %or_ln295_9, i14 %x_l_FH_17, i14 %x_l_FH_35" [/tools/Xilinx/2025.1/Vitis/common/technology/autopilot/etc/hls_sqrt_apfixed.h:308]   --->   Operation 288 'select' 'x_l_FH_36' <Predicate = true> <Delay = 0.23> <CoreInst = "Sel">   --->   Core 73 'Sel' <Latency = 0> <II = 1> <Delay = 0.23> <FuncUnit> <Opcode : 'select'> <InPorts = 3> <OutPorts = 1>
ST_5 : Operation 289 [1/1] (0.23ns)   --->   "%x_l_FL_13 = select i1 %or_ln295_9, i14 %x_l_FL_2, i14 %x_l_FL_12" [/tools/Xilinx/2025.1/Vitis/common/technology/autopilot/etc/hls_sqrt_apfixed.h:301]   --->   Operation 289 'select' 'x_l_FL_13' <Predicate = true> <Delay = 0.23> <CoreInst = "Sel">   --->   Core 73 'Sel' <Latency = 0> <II = 1> <Delay = 0.23> <FuncUnit> <Opcode : 'select'> <InPorts = 3> <OutPorts = 1>
ST_5 : Operation 290 [1/1] (0.23ns)   --->   "%res_FH_16 = select i1 %or_ln295_9, i14 %res_FH_15, i14 %res_FH_14" [/tools/Xilinx/2025.1/Vitis/common/technology/autopilot/etc/hls_sqrt_apfixed.h:295]   --->   Operation 290 'select' 'res_FH_16' <Predicate = true> <Delay = 0.23> <CoreInst = "Sel">   --->   Core 73 'Sel' <Latency = 0> <II = 1> <Delay = 0.23> <FuncUnit> <Opcode : 'select'> <InPorts = 3> <OutPorts = 1>
ST_5 : Operation 291 [1/1] (0.00ns)   --->   "%tmp_34 = partselect i5 @_ssdm_op_PartSelect.i5.i14.i32.i32, i14 %res_FH_16, i32 4, i32 8" [/tools/Xilinx/2025.1/Vitis/common/technology/autopilot/etc/hls_sqrt_apfixed.h:283]   --->   Operation 291 'partselect' 'tmp_34' <Predicate = true> <Delay = 0.00>
ST_5 : Operation 292 [1/1] (0.00ns)   --->   "%tmp_44 = partselect i5 @_ssdm_op_PartSelect.i5.i14.i32.i32, i14 %res_FH_16, i32 9, i32 13" [/tools/Xilinx/2025.1/Vitis/common/technology/autopilot/etc/hls_sqrt_apfixed.h:285]   --->   Operation 292 'partselect' 'tmp_44' <Predicate = true> <Delay = 0.00>
ST_5 : Operation 293 [1/1] (0.00ns)   --->   "%mul_FH_8 = bitconcatenate i14 @_ssdm_op_BitConcatenate.i14.i9.i5, i9 %trunc_ln283_8, i5 %tmp_44" [/tools/Xilinx/2025.1/Vitis/common/technology/autopilot/etc/hls_sqrt_apfixed.h:285]   --->   Operation 293 'bitconcatenate' 'mul_FH_8' <Predicate = true> <Delay = 0.00>
ST_5 : Operation 294 [1/1] (0.00ns)   --->   "%mul_FL_2 = bitconcatenate i14 @_ssdm_op_BitConcatenate.i14.i5.i9, i5 %tmp_34, i9 256" [/tools/Xilinx/2025.1/Vitis/common/technology/autopilot/etc/hls_sqrt_apfixed.h:286]   --->   Operation 294 'bitconcatenate' 'mul_FL_2' <Predicate = true> <Delay = 0.00>
ST_5 : Operation 295 [1/1] (0.00ns)   --->   "%zext_ln295_9 = zext i1 %tmp_67" [/tools/Xilinx/2025.1/Vitis/common/technology/autopilot/etc/hls_sqrt_apfixed.h:295]   --->   Operation 295 'zext' 'zext_ln295_9' <Predicate = true> <Delay = 0.00>
ST_5 : Operation 296 [1/1] (0.91ns)   --->   "%icmp_ln295_29 = icmp_ugt  i22 %x_l_I_53, i22 %zext_ln295_9" [/tools/Xilinx/2025.1/Vitis/common/technology/autopilot/etc/hls_sqrt_apfixed.h:295]   --->   Operation 296 'icmp' 'icmp_ln295_29' <Predicate = true> <Delay = 0.91> <CoreInst = "Cmp">   --->   Core 9 'Cmp' <Latency = 0> <II = 1> <Delay = 0.91> <FuncUnit> <Opcode : 'seteq' 'setne' 'setle' 'setge' 'setlt' 'setgt'> <InPorts = 2> <OutPorts = 1>
ST_5 : Operation 297 [1/1] (0.91ns)   --->   "%icmp_ln295_30 = icmp_eq  i22 %x_l_I_53, i22 %zext_ln295_9" [/tools/Xilinx/2025.1/Vitis/common/technology/autopilot/etc/hls_sqrt_apfixed.h:295]   --->   Operation 297 'icmp' 'icmp_ln295_30' <Predicate = true> <Delay = 0.91> <CoreInst = "Cmp">   --->   Core 9 'Cmp' <Latency = 0> <II = 1> <Delay = 0.91> <FuncUnit> <Opcode : 'seteq' 'setne' 'setle' 'setge' 'setlt' 'setgt'> <InPorts = 2> <OutPorts = 1>
ST_5 : Operation 298 [1/1] (0.83ns)   --->   "%icmp_ln295_31 = icmp_ugt  i14 %x_l_FH_36, i14 %mul_FH_8" [/tools/Xilinx/2025.1/Vitis/common/technology/autopilot/etc/hls_sqrt_apfixed.h:295]   --->   Operation 298 'icmp' 'icmp_ln295_31' <Predicate = true> <Delay = 0.83> <CoreInst = "Cmp">   --->   Core 9 'Cmp' <Latency = 0> <II = 1> <Delay = 0.83> <FuncUnit> <Opcode : 'seteq' 'setne' 'setle' 'setge' 'setlt' 'setgt'> <InPorts = 2> <OutPorts = 1>
ST_5 : Operation 299 [1/1] (0.83ns)   --->   "%icmp_ln295_32 = icmp_eq  i14 %x_l_FH_36, i14 %mul_FH_8" [/tools/Xilinx/2025.1/Vitis/common/technology/autopilot/etc/hls_sqrt_apfixed.h:295]   --->   Operation 299 'icmp' 'icmp_ln295_32' <Predicate = true> <Delay = 0.83> <CoreInst = "Cmp">   --->   Core 9 'Cmp' <Latency = 0> <II = 1> <Delay = 0.83> <FuncUnit> <Opcode : 'seteq' 'setne' 'setle' 'setge' 'setlt' 'setgt'> <InPorts = 2> <OutPorts = 1>
ST_5 : Operation 300 [1/1] (0.83ns)   --->   "%icmp_ln295_33 = icmp_ult  i14 %x_l_FL_13, i14 %mul_FL_2" [/tools/Xilinx/2025.1/Vitis/common/technology/autopilot/etc/hls_sqrt_apfixed.h:295]   --->   Operation 300 'icmp' 'icmp_ln295_33' <Predicate = true> <Delay = 0.83> <CoreInst = "Cmp">   --->   Core 9 'Cmp' <Latency = 0> <II = 1> <Delay = 0.83> <FuncUnit> <Opcode : 'seteq' 'setne' 'setle' 'setge' 'setlt' 'setgt'> <InPorts = 2> <OutPorts = 1>
ST_5 : Operation 301 [1/1] (0.00ns) (grouped into LUT with out node or_ln295_11)   --->   "%xor_ln295_7 = xor i1 %icmp_ln295_33, i1 1" [/tools/Xilinx/2025.1/Vitis/common/technology/autopilot/etc/hls_sqrt_apfixed.h:295]   --->   Operation 301 'xor' 'xor_ln295_7' <Predicate = true> <Delay = 0.00> <CoreInst = "LogicGate">   --->   Core 74 'LogicGate' <Latency = 0> <II = 1> <Delay = 0.28> <FuncUnit> <Opcode : 'and' 'or' 'xor'> <InPorts = 2> <OutPorts = 1>
ST_5 : Operation 302 [1/1] (0.00ns) (grouped into LUT with out node or_ln295_11)   --->   "%and_ln295_10 = and i1 %icmp_ln295_32, i1 %xor_ln295_7" [/tools/Xilinx/2025.1/Vitis/common/technology/autopilot/etc/hls_sqrt_apfixed.h:295]   --->   Operation 302 'and' 'and_ln295_10' <Predicate = true> <Delay = 0.00> <CoreInst = "LogicGate">   --->   Core 74 'LogicGate' <Latency = 0> <II = 1> <Delay = 0.28> <FuncUnit> <Opcode : 'and' 'or' 'xor'> <InPorts = 2> <OutPorts = 1>
ST_5 : Operation 303 [1/1] (0.83ns)   --->   "%delta_1 = icmp_ult  i14 %x_l_FL_13, i14 %mul_FL_2" [/tools/Xilinx/2025.1/Vitis/common/technology/autopilot/etc/hls_sqrt_apfixed.h:301]   --->   Operation 303 'icmp' 'delta_1' <Predicate = true> <Delay = 0.83> <CoreInst = "Cmp">   --->   Core 9 'Cmp' <Latency = 0> <II = 1> <Delay = 0.83> <FuncUnit> <Opcode : 'seteq' 'setne' 'setle' 'setge' 'setlt' 'setgt'> <InPorts = 2> <OutPorts = 1>
ST_5 : Operation 304 [1/1] (0.83ns)   --->   "%x_l_FL_4 = sub i14 %x_l_FL_13, i14 %mul_FL_2" [/tools/Xilinx/2025.1/Vitis/common/technology/autopilot/etc/hls_sqrt_apfixed.h:320]   --->   Operation 304 'sub' 'x_l_FL_4' <Predicate = true> <Delay = 0.83> <CoreInst = "Adder">   --->   Core 1 'Adder' <Latency = 0> <II = 1> <Delay = 0.83> <FuncUnit> <Opcode : 'add' 'sub'> <InPorts = 2> <OutPorts = 1>
ST_5 : Operation 305 [1/1] (0.83ns)   --->   "%icmp_ln308_8 = icmp_ult  i14 %x_l_FH_36, i14 %mul_FH_8" [/tools/Xilinx/2025.1/Vitis/common/technology/autopilot/etc/hls_sqrt_apfixed.h:308]   --->   Operation 305 'icmp' 'icmp_ln308_8' <Predicate = true> <Delay = 0.83> <CoreInst = "Cmp">   --->   Core 9 'Cmp' <Latency = 0> <II = 1> <Delay = 0.83> <FuncUnit> <Opcode : 'seteq' 'setne' 'setle' 'setge' 'setlt' 'setgt'> <InPorts = 2> <OutPorts = 1>
ST_5 : Operation 306 [1/1] (0.00ns) (grouped into LUT with out node x_l_I_56)   --->   "%and_ln308_1 = and i1 %icmp_ln295_32, i1 %delta_1" [/tools/Xilinx/2025.1/Vitis/common/technology/autopilot/etc/hls_sqrt_apfixed.h:308]   --->   Operation 306 'and' 'and_ln308_1' <Predicate = true> <Delay = 0.00> <CoreInst = "LogicGate">   --->   Core 74 'LogicGate' <Latency = 0> <II = 1> <Delay = 0.28> <FuncUnit> <Opcode : 'and' 'or' 'xor'> <InPorts = 2> <OutPorts = 1>
ST_5 : Operation 307 [1/1] (0.00ns) (grouped into LUT with out node x_l_I_56)   --->   "%or_ln308_1 = or i1 %icmp_ln308_8, i1 %and_ln308_1" [/tools/Xilinx/2025.1/Vitis/common/technology/autopilot/etc/hls_sqrt_apfixed.h:308]   --->   Operation 307 'or' 'or_ln308_1' <Predicate = true> <Delay = 0.00> <CoreInst = "LogicGate">   --->   Core 74 'LogicGate' <Latency = 0> <II = 1> <Delay = 0.28> <FuncUnit> <Opcode : 'and' 'or' 'xor'> <InPorts = 2> <OutPorts = 1>
ST_5 : Operation 308 [1/1] (0.91ns)   --->   "%x_l_I_54 = add i22 %x_l_I_53, i22 4194303" [/tools/Xilinx/2025.1/Vitis/common/technology/autopilot/etc/hls_sqrt_apfixed.h:316]   --->   Operation 308 'add' 'x_l_I_54' <Predicate = true> <Delay = 0.91> <CoreInst = "Adder">   --->   Core 1 'Adder' <Latency = 0> <II = 1> <Delay = 0.91> <FuncUnit> <Opcode : 'add' 'sub'> <InPorts = 2> <OutPorts = 1>
ST_5 : Operation 309 [1/1] (0.00ns) (grouped into LUT with out node x_l_I_56)   --->   "%x_l_I_55 = select i1 %or_ln308_1, i22 %x_l_I_54, i22 %x_l_I_53" [/tools/Xilinx/2025.1/Vitis/common/technology/autopilot/etc/hls_sqrt_apfixed.h:308]   --->   Operation 309 'select' 'x_l_I_55' <Predicate = true> <Delay = 0.00> <CoreInst = "Sel">   --->   Core 73 'Sel' <Latency = 0> <II = 1> <Delay = 0.34> <FuncUnit> <Opcode : 'select'> <InPorts = 3> <OutPorts = 1>
ST_5 : Operation 310 [1/1] (0.17ns)   --->   "%p_neg9 = select i1 %delta_1, i14 16383, i14 0" [/tools/Xilinx/2025.1/Vitis/common/technology/autopilot/etc/hls_sqrt_apfixed.h:301]   --->   Operation 310 'select' 'p_neg9' <Predicate = true> <Delay = 0.17> <CoreInst = "Sel">   --->   Core 73 'Sel' <Latency = 0> <II = 1> <Delay = 0.17> <FuncUnit> <Opcode : 'select'> <InPorts = 3> <OutPorts = 1>
ST_5 : Operation 311 [1/1] (0.00ns) (grouped into TernaryAdder)   --->   "%sub_ln319_1 = sub i14 %p_neg9, i14 %mul_FH_8" [/tools/Xilinx/2025.1/Vitis/common/technology/autopilot/etc/hls_sqrt_apfixed.h:319]   --->   Operation 311 'sub' 'sub_ln319_1' <Predicate = true> <Delay = 0.00> <CoreInst = "TAddSub">   --->   Core 10 'TAddSub' <Latency = 0> <II = 1> <Delay = 0.38> <IPBlock> <Opcode : 'add' 'sub'> <InPorts = 3> <OutPorts = 1> <Sync> <CReg>
ST_5 : Operation 312 [1/1] (0.77ns) (root node of TernaryAdder)   --->   "%x_l_FH_19 = add i14 %sub_ln319_1, i14 %x_l_FH_36" [/tools/Xilinx/2025.1/Vitis/common/technology/autopilot/etc/hls_sqrt_apfixed.h:319]   --->   Operation 312 'add' 'x_l_FH_19' <Predicate = true> <Delay = 0.77> <CoreInst = "TAddSub">   --->   Core 10 'TAddSub' <Latency = 0> <II = 1> <Delay = 0.38> <IPBlock> <Opcode : 'add' 'sub'> <InPorts = 3> <OutPorts = 1> <Sync> <CReg>
ST_5 : Operation 313 [1/1] (0.91ns) (out node of the LUT)   --->   "%x_l_I_56 = sub i22 %x_l_I_55, i22 %zext_ln295_9" [/tools/Xilinx/2025.1/Vitis/common/technology/autopilot/etc/hls_sqrt_apfixed.h:317]   --->   Operation 313 'sub' 'x_l_I_56' <Predicate = true> <Delay = 0.91> <CoreInst = "Adder">   --->   Core 1 'Adder' <Latency = 0> <II = 1> <Delay = 0.91> <FuncUnit> <Opcode : 'add' 'sub'> <InPorts = 2> <OutPorts = 1>
ST_5 : Operation 314 [1/1] (0.00ns)   --->   "%res_FH_17 = bitset i14 @_ssdm_op_BitSet.i14.i14.i32.i1, i14 %res_FH_16, i32 4, i1 1" [/tools/Xilinx/2025.1/Vitis/common/technology/autopilot/etc/hls_sqrt_apfixed.h:329]   --->   Operation 314 'bitset' 'res_FH_17' <Predicate = true> <Delay = 0.00>
ST_5 : Operation 315 [1/1] (0.00ns) (grouped into LUT with out node or_ln295_11)   --->   "%or_ln295_10 = or i1 %icmp_ln295_31, i1 %and_ln295_10" [/tools/Xilinx/2025.1/Vitis/common/technology/autopilot/etc/hls_sqrt_apfixed.h:295]   --->   Operation 315 'or' 'or_ln295_10' <Predicate = true> <Delay = 0.00> <CoreInst = "LogicGate">   --->   Core 74 'LogicGate' <Latency = 0> <II = 1> <Delay = 0.28> <FuncUnit> <Opcode : 'and' 'or' 'xor'> <InPorts = 2> <OutPorts = 1>
ST_5 : Operation 316 [1/1] (0.00ns) (grouped into LUT with out node or_ln295_11)   --->   "%and_ln295_11 = and i1 %icmp_ln295_30, i1 %or_ln295_10" [/tools/Xilinx/2025.1/Vitis/common/technology/autopilot/etc/hls_sqrt_apfixed.h:295]   --->   Operation 316 'and' 'and_ln295_11' <Predicate = true> <Delay = 0.00> <CoreInst = "LogicGate">   --->   Core 74 'LogicGate' <Latency = 0> <II = 1> <Delay = 0.28> <FuncUnit> <Opcode : 'and' 'or' 'xor'> <InPorts = 2> <OutPorts = 1>
ST_5 : Operation 317 [1/1] (0.28ns) (out node of the LUT)   --->   "%or_ln295_11 = or i1 %and_ln295_11, i1 %icmp_ln295_29" [/tools/Xilinx/2025.1/Vitis/common/technology/autopilot/etc/hls_sqrt_apfixed.h:295]   --->   Operation 317 'or' 'or_ln295_11' <Predicate = true> <Delay = 0.28> <CoreInst = "LogicGate">   --->   Core 74 'LogicGate' <Latency = 0> <II = 1> <Delay = 0.28> <FuncUnit> <Opcode : 'and' 'or' 'xor'> <InPorts = 2> <OutPorts = 1>
ST_5 : Operation 318 [1/1] (0.34ns)   --->   "%x_l_I_57 = select i1 %or_ln295_11, i22 %x_l_I_56, i22 %x_l_I_53" [/tools/Xilinx/2025.1/Vitis/common/technology/autopilot/etc/hls_sqrt_apfixed.h:295]   --->   Operation 318 'select' 'x_l_I_57' <Predicate = true> <Delay = 0.34> <CoreInst = "Sel">   --->   Core 73 'Sel' <Latency = 0> <II = 1> <Delay = 0.34> <FuncUnit> <Opcode : 'select'> <InPorts = 3> <OutPorts = 1>
ST_5 : Operation 319 [1/1] (0.23ns)   --->   "%x_l_FH_37 = select i1 %or_ln295_11, i14 %x_l_FH_19, i14 %x_l_FH_36" [/tools/Xilinx/2025.1/Vitis/common/technology/autopilot/etc/hls_sqrt_apfixed.h:308]   --->   Operation 319 'select' 'x_l_FH_37' <Predicate = true> <Delay = 0.23> <CoreInst = "Sel">   --->   Core 73 'Sel' <Latency = 0> <II = 1> <Delay = 0.23> <FuncUnit> <Opcode : 'select'> <InPorts = 3> <OutPorts = 1>
ST_5 : Operation 320 [1/1] (0.23ns)   --->   "%x_l_FL_14 = select i1 %or_ln295_11, i14 %x_l_FL_4, i14 %x_l_FL_13" [/tools/Xilinx/2025.1/Vitis/common/technology/autopilot/etc/hls_sqrt_apfixed.h:301]   --->   Operation 320 'select' 'x_l_FL_14' <Predicate = true> <Delay = 0.23> <CoreInst = "Sel">   --->   Core 73 'Sel' <Latency = 0> <II = 1> <Delay = 0.23> <FuncUnit> <Opcode : 'select'> <InPorts = 3> <OutPorts = 1>
ST_5 : Operation 321 [1/1] (0.23ns)   --->   "%res_FH_18 = select i1 %or_ln295_11, i14 %res_FH_17, i14 %res_FH_16" [/tools/Xilinx/2025.1/Vitis/common/technology/autopilot/etc/hls_sqrt_apfixed.h:295]   --->   Operation 321 'select' 'res_FH_18' <Predicate = true> <Delay = 0.23> <CoreInst = "Sel">   --->   Core 73 'Sel' <Latency = 0> <II = 1> <Delay = 0.23> <FuncUnit> <Opcode : 'select'> <InPorts = 3> <OutPorts = 1>
ST_5 : Operation 322 [1/1] (0.00ns)   --->   "%tmp_36 = partselect i7 @_ssdm_op_PartSelect.i7.i14.i32.i32, i14 %res_FH_18, i32 3, i32 9" [/tools/Xilinx/2025.1/Vitis/common/technology/autopilot/etc/hls_sqrt_apfixed.h:283]   --->   Operation 322 'partselect' 'tmp_36' <Predicate = true> <Delay = 0.00>
ST_5 : Operation 323 [1/1] (0.00ns)   --->   "%tmp_45 = partselect i4 @_ssdm_op_PartSelect.i4.i14.i32.i32, i14 %res_FH_18, i32 10, i32 13" [/tools/Xilinx/2025.1/Vitis/common/technology/autopilot/etc/hls_sqrt_apfixed.h:285]   --->   Operation 323 'partselect' 'tmp_45' <Predicate = true> <Delay = 0.00>
ST_5 : Operation 324 [1/1] (0.00ns)   --->   "%mul_FH_9 = bitconcatenate i14 @_ssdm_op_BitConcatenate.i14.i10.i4, i10 %res_I_15, i4 %tmp_45" [/tools/Xilinx/2025.1/Vitis/common/technology/autopilot/etc/hls_sqrt_apfixed.h:285]   --->   Operation 324 'bitconcatenate' 'mul_FH_9' <Predicate = true> <Delay = 0.00>
ST_5 : Operation 325 [1/1] (0.00ns)   --->   "%mul_FL_3 = bitconcatenate i14 @_ssdm_op_BitConcatenate.i14.i7.i7, i7 %tmp_36, i7 64" [/tools/Xilinx/2025.1/Vitis/common/technology/autopilot/etc/hls_sqrt_apfixed.h:286]   --->   Operation 325 'bitconcatenate' 'mul_FL_3' <Predicate = true> <Delay = 0.00>
ST_5 : Operation 326 [1/1] (0.91ns)   --->   "%icmp_ln295_34 = icmp_ne  i22 %x_l_I_57, i22 0" [/tools/Xilinx/2025.1/Vitis/common/technology/autopilot/etc/hls_sqrt_apfixed.h:295]   --->   Operation 326 'icmp' 'icmp_ln295_34' <Predicate = true> <Delay = 0.91> <CoreInst = "Cmp">   --->   Core 9 'Cmp' <Latency = 0> <II = 1> <Delay = 0.91> <FuncUnit> <Opcode : 'seteq' 'setne' 'setle' 'setge' 'setlt' 'setgt'> <InPorts = 2> <OutPorts = 1>
ST_5 : Operation 327 [1/1] (0.83ns)   --->   "%icmp_ln295_35 = icmp_ugt  i14 %x_l_FH_37, i14 %mul_FH_9" [/tools/Xilinx/2025.1/Vitis/common/technology/autopilot/etc/hls_sqrt_apfixed.h:295]   --->   Operation 327 'icmp' 'icmp_ln295_35' <Predicate = true> <Delay = 0.83> <CoreInst = "Cmp">   --->   Core 9 'Cmp' <Latency = 0> <II = 1> <Delay = 0.83> <FuncUnit> <Opcode : 'seteq' 'setne' 'setle' 'setge' 'setlt' 'setgt'> <InPorts = 2> <OutPorts = 1>
ST_5 : Operation 328 [1/1] (0.83ns)   --->   "%icmp_ln295_36 = icmp_eq  i14 %x_l_FH_37, i14 %mul_FH_9" [/tools/Xilinx/2025.1/Vitis/common/technology/autopilot/etc/hls_sqrt_apfixed.h:295]   --->   Operation 328 'icmp' 'icmp_ln295_36' <Predicate = true> <Delay = 0.83> <CoreInst = "Cmp">   --->   Core 9 'Cmp' <Latency = 0> <II = 1> <Delay = 0.83> <FuncUnit> <Opcode : 'seteq' 'setne' 'setle' 'setge' 'setlt' 'setgt'> <InPorts = 2> <OutPorts = 1>
ST_5 : Operation 329 [1/1] (0.83ns)   --->   "%icmp_ln295_37 = icmp_ult  i14 %x_l_FL_14, i14 %mul_FL_3" [/tools/Xilinx/2025.1/Vitis/common/technology/autopilot/etc/hls_sqrt_apfixed.h:295]   --->   Operation 329 'icmp' 'icmp_ln295_37' <Predicate = true> <Delay = 0.83> <CoreInst = "Cmp">   --->   Core 9 'Cmp' <Latency = 0> <II = 1> <Delay = 0.83> <FuncUnit> <Opcode : 'seteq' 'setne' 'setle' 'setge' 'setlt' 'setgt'> <InPorts = 2> <OutPorts = 1>
ST_5 : Operation 330 [1/1] (0.00ns) (grouped into LUT with out node or_ln295_13)   --->   "%xor_ln295_8 = xor i1 %icmp_ln295_37, i1 1" [/tools/Xilinx/2025.1/Vitis/common/technology/autopilot/etc/hls_sqrt_apfixed.h:295]   --->   Operation 330 'xor' 'xor_ln295_8' <Predicate = true> <Delay = 0.00> <CoreInst = "LogicGate">   --->   Core 74 'LogicGate' <Latency = 0> <II = 1> <Delay = 0.28> <FuncUnit> <Opcode : 'and' 'or' 'xor'> <InPorts = 2> <OutPorts = 1>
ST_5 : Operation 331 [1/1] (0.00ns) (grouped into LUT with out node or_ln295_13)   --->   "%and_ln295_12 = and i1 %icmp_ln295_36, i1 %xor_ln295_8" [/tools/Xilinx/2025.1/Vitis/common/technology/autopilot/etc/hls_sqrt_apfixed.h:295]   --->   Operation 331 'and' 'and_ln295_12' <Predicate = true> <Delay = 0.00> <CoreInst = "LogicGate">   --->   Core 74 'LogicGate' <Latency = 0> <II = 1> <Delay = 0.28> <FuncUnit> <Opcode : 'and' 'or' 'xor'> <InPorts = 2> <OutPorts = 1>
ST_5 : Operation 332 [1/1] (0.83ns)   --->   "%delta_2 = icmp_ult  i14 %x_l_FL_14, i14 %mul_FL_3" [/tools/Xilinx/2025.1/Vitis/common/technology/autopilot/etc/hls_sqrt_apfixed.h:301]   --->   Operation 332 'icmp' 'delta_2' <Predicate = true> <Delay = 0.83> <CoreInst = "Cmp">   --->   Core 9 'Cmp' <Latency = 0> <II = 1> <Delay = 0.83> <FuncUnit> <Opcode : 'seteq' 'setne' 'setle' 'setge' 'setlt' 'setgt'> <InPorts = 2> <OutPorts = 1>
ST_5 : Operation 333 [1/1] (0.83ns)   --->   "%x_l_FL_6 = sub i14 %x_l_FL_14, i14 %mul_FL_3" [/tools/Xilinx/2025.1/Vitis/common/technology/autopilot/etc/hls_sqrt_apfixed.h:320]   --->   Operation 333 'sub' 'x_l_FL_6' <Predicate = true> <Delay = 0.83> <CoreInst = "Adder">   --->   Core 1 'Adder' <Latency = 0> <II = 1> <Delay = 0.83> <FuncUnit> <Opcode : 'add' 'sub'> <InPorts = 2> <OutPorts = 1>
ST_5 : Operation 334 [1/1] (0.83ns)   --->   "%icmp_ln308_9 = icmp_ult  i14 %x_l_FH_37, i14 %mul_FH_9" [/tools/Xilinx/2025.1/Vitis/common/technology/autopilot/etc/hls_sqrt_apfixed.h:308]   --->   Operation 334 'icmp' 'icmp_ln308_9' <Predicate = true> <Delay = 0.83> <CoreInst = "Cmp">   --->   Core 9 'Cmp' <Latency = 0> <II = 1> <Delay = 0.83> <FuncUnit> <Opcode : 'seteq' 'setne' 'setle' 'setge' 'setlt' 'setgt'> <InPorts = 2> <OutPorts = 1>
ST_5 : Operation 335 [1/1] (0.00ns) (grouped into LUT with out node x_l_I_60)   --->   "%and_ln308_2 = and i1 %icmp_ln295_36, i1 %delta_2" [/tools/Xilinx/2025.1/Vitis/common/technology/autopilot/etc/hls_sqrt_apfixed.h:308]   --->   Operation 335 'and' 'and_ln308_2' <Predicate = true> <Delay = 0.00> <CoreInst = "LogicGate">   --->   Core 74 'LogicGate' <Latency = 0> <II = 1> <Delay = 0.28> <FuncUnit> <Opcode : 'and' 'or' 'xor'> <InPorts = 2> <OutPorts = 1>
ST_5 : Operation 336 [1/1] (0.00ns) (grouped into LUT with out node x_l_I_60)   --->   "%or_ln308_2 = or i1 %icmp_ln308_9, i1 %and_ln308_2" [/tools/Xilinx/2025.1/Vitis/common/technology/autopilot/etc/hls_sqrt_apfixed.h:308]   --->   Operation 336 'or' 'or_ln308_2' <Predicate = true> <Delay = 0.00> <CoreInst = "LogicGate">   --->   Core 74 'LogicGate' <Latency = 0> <II = 1> <Delay = 0.28> <FuncUnit> <Opcode : 'and' 'or' 'xor'> <InPorts = 2> <OutPorts = 1>
ST_5 : Operation 337 [1/1] (0.91ns)   --->   "%x_l_I_58 = add i22 %x_l_I_57, i22 4194303" [/tools/Xilinx/2025.1/Vitis/common/technology/autopilot/etc/hls_sqrt_apfixed.h:316]   --->   Operation 337 'add' 'x_l_I_58' <Predicate = true> <Delay = 0.91> <CoreInst = "Adder">   --->   Core 1 'Adder' <Latency = 0> <II = 1> <Delay = 0.91> <FuncUnit> <Opcode : 'add' 'sub'> <InPorts = 2> <OutPorts = 1>
ST_5 : Operation 338 [1/1] (0.00ns) (grouped into LUT with out node x_l_I_60)   --->   "%x_l_I_59 = select i1 %or_ln308_2, i22 %x_l_I_58, i22 %x_l_I_57" [/tools/Xilinx/2025.1/Vitis/common/technology/autopilot/etc/hls_sqrt_apfixed.h:308]   --->   Operation 338 'select' 'x_l_I_59' <Predicate = true> <Delay = 0.00> <CoreInst = "Sel">   --->   Core 73 'Sel' <Latency = 0> <II = 1> <Delay = 0.34> <FuncUnit> <Opcode : 'select'> <InPorts = 3> <OutPorts = 1>
ST_5 : Operation 339 [1/1] (0.17ns)   --->   "%p_neg10 = select i1 %delta_2, i14 16383, i14 0" [/tools/Xilinx/2025.1/Vitis/common/technology/autopilot/etc/hls_sqrt_apfixed.h:301]   --->   Operation 339 'select' 'p_neg10' <Predicate = true> <Delay = 0.17> <CoreInst = "Sel">   --->   Core 73 'Sel' <Latency = 0> <II = 1> <Delay = 0.17> <FuncUnit> <Opcode : 'select'> <InPorts = 3> <OutPorts = 1>
ST_5 : Operation 340 [1/1] (0.00ns) (grouped into TernaryAdder)   --->   "%sub_ln319_2 = sub i14 %p_neg10, i14 %mul_FH_9" [/tools/Xilinx/2025.1/Vitis/common/technology/autopilot/etc/hls_sqrt_apfixed.h:319]   --->   Operation 340 'sub' 'sub_ln319_2' <Predicate = true> <Delay = 0.00> <CoreInst = "TAddSub">   --->   Core 10 'TAddSub' <Latency = 0> <II = 1> <Delay = 0.38> <IPBlock> <Opcode : 'add' 'sub'> <InPorts = 3> <OutPorts = 1> <Sync> <CReg>
ST_5 : Operation 341 [1/1] (0.77ns) (root node of TernaryAdder)   --->   "%x_l_FH_21 = add i14 %sub_ln319_2, i14 %x_l_FH_37" [/tools/Xilinx/2025.1/Vitis/common/technology/autopilot/etc/hls_sqrt_apfixed.h:319]   --->   Operation 341 'add' 'x_l_FH_21' <Predicate = true> <Delay = 0.77> <CoreInst = "TAddSub">   --->   Core 10 'TAddSub' <Latency = 0> <II = 1> <Delay = 0.38> <IPBlock> <Opcode : 'add' 'sub'> <InPorts = 3> <OutPorts = 1> <Sync> <CReg>
ST_5 : Operation 342 [1/1] (0.00ns) (grouped into LUT with out node or_ln295_13)   --->   "%or_ln295_12 = or i1 %icmp_ln295_35, i1 %and_ln295_12" [/tools/Xilinx/2025.1/Vitis/common/technology/autopilot/etc/hls_sqrt_apfixed.h:295]   --->   Operation 342 'or' 'or_ln295_12' <Predicate = true> <Delay = 0.00> <CoreInst = "LogicGate">   --->   Core 74 'LogicGate' <Latency = 0> <II = 1> <Delay = 0.28> <FuncUnit> <Opcode : 'and' 'or' 'xor'> <InPorts = 2> <OutPorts = 1>
ST_5 : Operation 343 [1/1] (0.28ns) (out node of the LUT)   --->   "%or_ln295_13 = or i1 %or_ln295_12, i1 %icmp_ln295_34" [/tools/Xilinx/2025.1/Vitis/common/technology/autopilot/etc/hls_sqrt_apfixed.h:295]   --->   Operation 343 'or' 'or_ln295_13' <Predicate = true> <Delay = 0.28> <CoreInst = "LogicGate">   --->   Core 74 'LogicGate' <Latency = 0> <II = 1> <Delay = 0.28> <FuncUnit> <Opcode : 'and' 'or' 'xor'> <InPorts = 2> <OutPorts = 1>
ST_5 : Operation 344 [1/1] (0.34ns) (out node of the LUT)   --->   "%x_l_I_60 = select i1 %or_ln295_13, i22 %x_l_I_59, i22 0" [/tools/Xilinx/2025.1/Vitis/common/technology/autopilot/etc/hls_sqrt_apfixed.h:295]   --->   Operation 344 'select' 'x_l_I_60' <Predicate = true> <Delay = 0.34> <CoreInst = "Sel">   --->   Core 73 'Sel' <Latency = 0> <II = 1> <Delay = 0.34> <FuncUnit> <Opcode : 'select'> <InPorts = 3> <OutPorts = 1>
ST_5 : Operation 345 [1/1] (0.23ns)   --->   "%x_l_FH_38 = select i1 %or_ln295_13, i14 %x_l_FH_21, i14 %x_l_FH_37" [/tools/Xilinx/2025.1/Vitis/common/technology/autopilot/etc/hls_sqrt_apfixed.h:308]   --->   Operation 345 'select' 'x_l_FH_38' <Predicate = true> <Delay = 0.23> <CoreInst = "Sel">   --->   Core 73 'Sel' <Latency = 0> <II = 1> <Delay = 0.23> <FuncUnit> <Opcode : 'select'> <InPorts = 3> <OutPorts = 1>
ST_5 : Operation 346 [1/1] (0.23ns)   --->   "%x_l_FL_15 = select i1 %or_ln295_13, i14 %x_l_FL_6, i14 %x_l_FL_14" [/tools/Xilinx/2025.1/Vitis/common/technology/autopilot/etc/hls_sqrt_apfixed.h:301]   --->   Operation 346 'select' 'x_l_FL_15' <Predicate = true> <Delay = 0.23> <CoreInst = "Sel">   --->   Core 73 'Sel' <Latency = 0> <II = 1> <Delay = 0.23> <FuncUnit> <Opcode : 'select'> <InPorts = 3> <OutPorts = 1>

State 6 <SV = 5> <Delay = 6.64>
ST_6 : Operation 347 [1/1] (0.00ns)   --->   "%specpipeline_ln21 = specpipeline void @_ssdm_op_SpecPipeline, i32 4294967295, i32 0, i32 0, i32 0, void @empty_21" [/tools/Xilinx/2025.1/Vitis/common/technology/autopilot/etc/hls_sqrt_apfixed.h:21]   --->   Operation 347 'specpipeline' 'specpipeline_ln21' <Predicate = true> <Delay = 0.00>
ST_6 : Operation 348 [1/1] (0.00ns) (grouped into LUT with out node agg_result_0)   --->   "%tmp = bitselect i1 @_ssdm_op_BitSelect.i1.i32.i32, i32 %x_read, i32 31" [/tools/Xilinx/2025.1/Vitis/common/technology/autopilot/etc/hls_sqrt_apfixed.h:200]   --->   Operation 348 'bitselect' 'tmp' <Predicate = true> <Delay = 0.00>
ST_6 : Operation 349 [1/1] (0.00ns)   --->   "%res_FH_19 = bitset i14 @_ssdm_op_BitSet.i14.i14.i32.i1, i14 %res_FH_18, i32 3, i1 1" [/tools/Xilinx/2025.1/Vitis/common/technology/autopilot/etc/hls_sqrt_apfixed.h:329]   --->   Operation 349 'bitset' 'res_FH_19' <Predicate = (or_ln295_13)> <Delay = 0.00>
ST_6 : Operation 350 [1/1] (0.23ns)   --->   "%res_FH_20 = select i1 %or_ln295_13, i14 %res_FH_19, i14 %res_FH_18" [/tools/Xilinx/2025.1/Vitis/common/technology/autopilot/etc/hls_sqrt_apfixed.h:295]   --->   Operation 350 'select' 'res_FH_20' <Predicate = true> <Delay = 0.23> <CoreInst = "Sel">   --->   Core 73 'Sel' <Latency = 0> <II = 1> <Delay = 0.23> <FuncUnit> <Opcode : 'select'> <InPorts = 3> <OutPorts = 1>
ST_6 : Operation 351 [1/1] (0.00ns)   --->   "%tmp_38 = partselect i9 @_ssdm_op_PartSelect.i9.i14.i32.i32, i14 %res_FH_20, i32 2, i32 10" [/tools/Xilinx/2025.1/Vitis/common/technology/autopilot/etc/hls_sqrt_apfixed.h:283]   --->   Operation 351 'partselect' 'tmp_38' <Predicate = true> <Delay = 0.00>
ST_6 : Operation 352 [1/1] (0.00ns)   --->   "%tmp_46 = partselect i3 @_ssdm_op_PartSelect.i3.i14.i32.i32, i14 %res_FH_20, i32 11, i32 13" [/tools/Xilinx/2025.1/Vitis/common/technology/autopilot/etc/hls_sqrt_apfixed.h:285]   --->   Operation 352 'partselect' 'tmp_46' <Predicate = true> <Delay = 0.00>
ST_6 : Operation 353 [1/1] (0.00ns)   --->   "%mul_FH_s = bitconcatenate i13 @_ssdm_op_BitConcatenate.i13.i10.i3, i10 %res_I_15, i3 %tmp_46" [/tools/Xilinx/2025.1/Vitis/common/technology/autopilot/etc/hls_sqrt_apfixed.h:285]   --->   Operation 353 'bitconcatenate' 'mul_FH_s' <Predicate = true> <Delay = 0.00>
ST_6 : Operation 354 [1/1] (0.00ns)   --->   "%zext_ln285 = zext i13 %mul_FH_s" [/tools/Xilinx/2025.1/Vitis/common/technology/autopilot/etc/hls_sqrt_apfixed.h:285]   --->   Operation 354 'zext' 'zext_ln285' <Predicate = true> <Delay = 0.00>
ST_6 : Operation 355 [1/1] (0.00ns)   --->   "%mul_FL_4 = bitconcatenate i14 @_ssdm_op_BitConcatenate.i14.i9.i5, i9 %tmp_38, i5 16" [/tools/Xilinx/2025.1/Vitis/common/technology/autopilot/etc/hls_sqrt_apfixed.h:286]   --->   Operation 355 'bitconcatenate' 'mul_FL_4' <Predicate = true> <Delay = 0.00>
ST_6 : Operation 356 [1/1] (0.91ns)   --->   "%icmp_ln295_38 = icmp_ne  i22 %x_l_I_60, i22 0" [/tools/Xilinx/2025.1/Vitis/common/technology/autopilot/etc/hls_sqrt_apfixed.h:295]   --->   Operation 356 'icmp' 'icmp_ln295_38' <Predicate = true> <Delay = 0.91> <CoreInst = "Cmp">   --->   Core 9 'Cmp' <Latency = 0> <II = 1> <Delay = 0.91> <FuncUnit> <Opcode : 'seteq' 'setne' 'setle' 'setge' 'setlt' 'setgt'> <InPorts = 2> <OutPorts = 1>
ST_6 : Operation 357 [1/1] (0.83ns)   --->   "%icmp_ln295_39 = icmp_ugt  i14 %x_l_FH_38, i14 %zext_ln285" [/tools/Xilinx/2025.1/Vitis/common/technology/autopilot/etc/hls_sqrt_apfixed.h:295]   --->   Operation 357 'icmp' 'icmp_ln295_39' <Predicate = true> <Delay = 0.83> <CoreInst = "Cmp">   --->   Core 9 'Cmp' <Latency = 0> <II = 1> <Delay = 0.83> <FuncUnit> <Opcode : 'seteq' 'setne' 'setle' 'setge' 'setlt' 'setgt'> <InPorts = 2> <OutPorts = 1>
ST_6 : Operation 358 [1/1] (0.83ns)   --->   "%icmp_ln295_40 = icmp_eq  i14 %x_l_FH_38, i14 %zext_ln285" [/tools/Xilinx/2025.1/Vitis/common/technology/autopilot/etc/hls_sqrt_apfixed.h:295]   --->   Operation 358 'icmp' 'icmp_ln295_40' <Predicate = true> <Delay = 0.83> <CoreInst = "Cmp">   --->   Core 9 'Cmp' <Latency = 0> <II = 1> <Delay = 0.83> <FuncUnit> <Opcode : 'seteq' 'setne' 'setle' 'setge' 'setlt' 'setgt'> <InPorts = 2> <OutPorts = 1>
ST_6 : Operation 359 [1/1] (0.83ns)   --->   "%icmp_ln295_41 = icmp_ult  i14 %x_l_FL_15, i14 %mul_FL_4" [/tools/Xilinx/2025.1/Vitis/common/technology/autopilot/etc/hls_sqrt_apfixed.h:295]   --->   Operation 359 'icmp' 'icmp_ln295_41' <Predicate = true> <Delay = 0.83> <CoreInst = "Cmp">   --->   Core 9 'Cmp' <Latency = 0> <II = 1> <Delay = 0.83> <FuncUnit> <Opcode : 'seteq' 'setne' 'setle' 'setge' 'setlt' 'setgt'> <InPorts = 2> <OutPorts = 1>
ST_6 : Operation 360 [1/1] (0.00ns) (grouped into LUT with out node or_ln295_15)   --->   "%xor_ln295_9 = xor i1 %icmp_ln295_41, i1 1" [/tools/Xilinx/2025.1/Vitis/common/technology/autopilot/etc/hls_sqrt_apfixed.h:295]   --->   Operation 360 'xor' 'xor_ln295_9' <Predicate = true> <Delay = 0.00> <CoreInst = "LogicGate">   --->   Core 74 'LogicGate' <Latency = 0> <II = 1> <Delay = 0.28> <FuncUnit> <Opcode : 'and' 'or' 'xor'> <InPorts = 2> <OutPorts = 1>
ST_6 : Operation 361 [1/1] (0.00ns) (grouped into LUT with out node or_ln295_15)   --->   "%and_ln295_13 = and i1 %icmp_ln295_40, i1 %xor_ln295_9" [/tools/Xilinx/2025.1/Vitis/common/technology/autopilot/etc/hls_sqrt_apfixed.h:295]   --->   Operation 361 'and' 'and_ln295_13' <Predicate = true> <Delay = 0.00> <CoreInst = "LogicGate">   --->   Core 74 'LogicGate' <Latency = 0> <II = 1> <Delay = 0.28> <FuncUnit> <Opcode : 'and' 'or' 'xor'> <InPorts = 2> <OutPorts = 1>
ST_6 : Operation 362 [1/1] (0.83ns)   --->   "%delta_3 = icmp_ult  i14 %x_l_FL_15, i14 %mul_FL_4" [/tools/Xilinx/2025.1/Vitis/common/technology/autopilot/etc/hls_sqrt_apfixed.h:301]   --->   Operation 362 'icmp' 'delta_3' <Predicate = true> <Delay = 0.83> <CoreInst = "Cmp">   --->   Core 9 'Cmp' <Latency = 0> <II = 1> <Delay = 0.83> <FuncUnit> <Opcode : 'seteq' 'setne' 'setle' 'setge' 'setlt' 'setgt'> <InPorts = 2> <OutPorts = 1>
ST_6 : Operation 363 [1/1] (0.83ns)   --->   "%x_l_FL_8 = sub i14 %x_l_FL_15, i14 %mul_FL_4" [/tools/Xilinx/2025.1/Vitis/common/technology/autopilot/etc/hls_sqrt_apfixed.h:320]   --->   Operation 363 'sub' 'x_l_FL_8' <Predicate = true> <Delay = 0.83> <CoreInst = "Adder">   --->   Core 1 'Adder' <Latency = 0> <II = 1> <Delay = 0.83> <FuncUnit> <Opcode : 'add' 'sub'> <InPorts = 2> <OutPorts = 1>
ST_6 : Operation 364 [1/1] (0.83ns)   --->   "%icmp_ln308_10 = icmp_ult  i14 %x_l_FH_38, i14 %zext_ln285" [/tools/Xilinx/2025.1/Vitis/common/technology/autopilot/etc/hls_sqrt_apfixed.h:308]   --->   Operation 364 'icmp' 'icmp_ln308_10' <Predicate = true> <Delay = 0.83> <CoreInst = "Cmp">   --->   Core 9 'Cmp' <Latency = 0> <II = 1> <Delay = 0.83> <FuncUnit> <Opcode : 'seteq' 'setne' 'setle' 'setge' 'setlt' 'setgt'> <InPorts = 2> <OutPorts = 1>
ST_6 : Operation 365 [1/1] (0.00ns) (grouped into LUT with out node x_l_I_63)   --->   "%and_ln308_3 = and i1 %icmp_ln295_40, i1 %delta_3" [/tools/Xilinx/2025.1/Vitis/common/technology/autopilot/etc/hls_sqrt_apfixed.h:308]   --->   Operation 365 'and' 'and_ln308_3' <Predicate = true> <Delay = 0.00> <CoreInst = "LogicGate">   --->   Core 74 'LogicGate' <Latency = 0> <II = 1> <Delay = 0.28> <FuncUnit> <Opcode : 'and' 'or' 'xor'> <InPorts = 2> <OutPorts = 1>
ST_6 : Operation 366 [1/1] (0.00ns) (grouped into LUT with out node x_l_I_63)   --->   "%or_ln308_3 = or i1 %icmp_ln308_10, i1 %and_ln308_3" [/tools/Xilinx/2025.1/Vitis/common/technology/autopilot/etc/hls_sqrt_apfixed.h:308]   --->   Operation 366 'or' 'or_ln308_3' <Predicate = true> <Delay = 0.00> <CoreInst = "LogicGate">   --->   Core 74 'LogicGate' <Latency = 0> <II = 1> <Delay = 0.28> <FuncUnit> <Opcode : 'and' 'or' 'xor'> <InPorts = 2> <OutPorts = 1>
ST_6 : Operation 367 [1/1] (0.91ns)   --->   "%x_l_I_61 = add i22 %x_l_I_60, i22 4194303" [/tools/Xilinx/2025.1/Vitis/common/technology/autopilot/etc/hls_sqrt_apfixed.h:316]   --->   Operation 367 'add' 'x_l_I_61' <Predicate = true> <Delay = 0.91> <CoreInst = "Adder">   --->   Core 1 'Adder' <Latency = 0> <II = 1> <Delay = 0.91> <FuncUnit> <Opcode : 'add' 'sub'> <InPorts = 2> <OutPorts = 1>
ST_6 : Operation 368 [1/1] (0.00ns) (grouped into LUT with out node x_l_I_63)   --->   "%x_l_I_62 = select i1 %or_ln308_3, i22 %x_l_I_61, i22 %x_l_I_60" [/tools/Xilinx/2025.1/Vitis/common/technology/autopilot/etc/hls_sqrt_apfixed.h:308]   --->   Operation 368 'select' 'x_l_I_62' <Predicate = true> <Delay = 0.00> <CoreInst = "Sel">   --->   Core 73 'Sel' <Latency = 0> <II = 1> <Delay = 0.34> <FuncUnit> <Opcode : 'select'> <InPorts = 3> <OutPorts = 1>
ST_6 : Operation 369 [1/1] (0.17ns)   --->   "%p_neg11 = select i1 %delta_3, i14 16383, i14 0" [/tools/Xilinx/2025.1/Vitis/common/technology/autopilot/etc/hls_sqrt_apfixed.h:301]   --->   Operation 369 'select' 'p_neg11' <Predicate = true> <Delay = 0.17> <CoreInst = "Sel">   --->   Core 73 'Sel' <Latency = 0> <II = 1> <Delay = 0.17> <FuncUnit> <Opcode : 'select'> <InPorts = 3> <OutPorts = 1>
ST_6 : Operation 370 [1/1] (0.00ns) (grouped into TernaryAdder)   --->   "%sub_ln319_3 = sub i14 %p_neg11, i14 %zext_ln285" [/tools/Xilinx/2025.1/Vitis/common/technology/autopilot/etc/hls_sqrt_apfixed.h:319]   --->   Operation 370 'sub' 'sub_ln319_3' <Predicate = true> <Delay = 0.00> <CoreInst = "TAddSub">   --->   Core 10 'TAddSub' <Latency = 0> <II = 1> <Delay = 0.38> <IPBlock> <Opcode : 'add' 'sub'> <InPorts = 3> <OutPorts = 1> <Sync> <CReg>
ST_6 : Operation 371 [1/1] (0.77ns) (root node of TernaryAdder)   --->   "%x_l_FH_23 = add i14 %sub_ln319_3, i14 %x_l_FH_38" [/tools/Xilinx/2025.1/Vitis/common/technology/autopilot/etc/hls_sqrt_apfixed.h:319]   --->   Operation 371 'add' 'x_l_FH_23' <Predicate = true> <Delay = 0.77> <CoreInst = "TAddSub">   --->   Core 10 'TAddSub' <Latency = 0> <II = 1> <Delay = 0.38> <IPBlock> <Opcode : 'add' 'sub'> <InPorts = 3> <OutPorts = 1> <Sync> <CReg>
ST_6 : Operation 372 [1/1] (0.00ns)   --->   "%res_FH_21 = bitset i14 @_ssdm_op_BitSet.i14.i14.i32.i1, i14 %res_FH_20, i32 2, i1 1" [/tools/Xilinx/2025.1/Vitis/common/technology/autopilot/etc/hls_sqrt_apfixed.h:329]   --->   Operation 372 'bitset' 'res_FH_21' <Predicate = true> <Delay = 0.00>
ST_6 : Operation 373 [1/1] (0.00ns) (grouped into LUT with out node or_ln295_15)   --->   "%or_ln295_14 = or i1 %icmp_ln295_39, i1 %and_ln295_13" [/tools/Xilinx/2025.1/Vitis/common/technology/autopilot/etc/hls_sqrt_apfixed.h:295]   --->   Operation 373 'or' 'or_ln295_14' <Predicate = true> <Delay = 0.00> <CoreInst = "LogicGate">   --->   Core 74 'LogicGate' <Latency = 0> <II = 1> <Delay = 0.28> <FuncUnit> <Opcode : 'and' 'or' 'xor'> <InPorts = 2> <OutPorts = 1>
ST_6 : Operation 374 [1/1] (0.28ns) (out node of the LUT)   --->   "%or_ln295_15 = or i1 %or_ln295_14, i1 %icmp_ln295_38" [/tools/Xilinx/2025.1/Vitis/common/technology/autopilot/etc/hls_sqrt_apfixed.h:295]   --->   Operation 374 'or' 'or_ln295_15' <Predicate = true> <Delay = 0.28> <CoreInst = "LogicGate">   --->   Core 74 'LogicGate' <Latency = 0> <II = 1> <Delay = 0.28> <FuncUnit> <Opcode : 'and' 'or' 'xor'> <InPorts = 2> <OutPorts = 1>
ST_6 : Operation 375 [1/1] (0.34ns) (out node of the LUT)   --->   "%x_l_I_63 = select i1 %or_ln295_15, i22 %x_l_I_62, i22 0" [/tools/Xilinx/2025.1/Vitis/common/technology/autopilot/etc/hls_sqrt_apfixed.h:295]   --->   Operation 375 'select' 'x_l_I_63' <Predicate = true> <Delay = 0.34> <CoreInst = "Sel">   --->   Core 73 'Sel' <Latency = 0> <II = 1> <Delay = 0.34> <FuncUnit> <Opcode : 'select'> <InPorts = 3> <OutPorts = 1>
ST_6 : Operation 376 [1/1] (0.23ns)   --->   "%x_l_FH_39 = select i1 %or_ln295_15, i14 %x_l_FH_23, i14 %x_l_FH_38" [/tools/Xilinx/2025.1/Vitis/common/technology/autopilot/etc/hls_sqrt_apfixed.h:308]   --->   Operation 376 'select' 'x_l_FH_39' <Predicate = true> <Delay = 0.23> <CoreInst = "Sel">   --->   Core 73 'Sel' <Latency = 0> <II = 1> <Delay = 0.23> <FuncUnit> <Opcode : 'select'> <InPorts = 3> <OutPorts = 1>
ST_6 : Operation 377 [1/1] (0.23ns)   --->   "%x_l_FL_16 = select i1 %or_ln295_15, i14 %x_l_FL_8, i14 %x_l_FL_15" [/tools/Xilinx/2025.1/Vitis/common/technology/autopilot/etc/hls_sqrt_apfixed.h:301]   --->   Operation 377 'select' 'x_l_FL_16' <Predicate = true> <Delay = 0.23> <CoreInst = "Sel">   --->   Core 73 'Sel' <Latency = 0> <II = 1> <Delay = 0.23> <FuncUnit> <Opcode : 'select'> <InPorts = 3> <OutPorts = 1>
ST_6 : Operation 378 [1/1] (0.23ns)   --->   "%res_FH_22 = select i1 %or_ln295_15, i14 %res_FH_21, i14 %res_FH_20" [/tools/Xilinx/2025.1/Vitis/common/technology/autopilot/etc/hls_sqrt_apfixed.h:295]   --->   Operation 378 'select' 'res_FH_22' <Predicate = true> <Delay = 0.23> <CoreInst = "Sel">   --->   Core 73 'Sel' <Latency = 0> <II = 1> <Delay = 0.23> <FuncUnit> <Opcode : 'select'> <InPorts = 3> <OutPorts = 1>
ST_6 : Operation 379 [1/1] (0.00ns)   --->   "%tmp_40 = partselect i11 @_ssdm_op_PartSelect.i11.i14.i32.i32, i14 %res_FH_22, i32 1, i32 11" [/tools/Xilinx/2025.1/Vitis/common/technology/autopilot/etc/hls_sqrt_apfixed.h:283]   --->   Operation 379 'partselect' 'tmp_40' <Predicate = true> <Delay = 0.00>
ST_6 : Operation 380 [1/1] (0.00ns)   --->   "%tmp_47 = partselect i2 @_ssdm_op_PartSelect.i2.i14.i32.i32, i14 %res_FH_22, i32 12, i32 13" [/tools/Xilinx/2025.1/Vitis/common/technology/autopilot/etc/hls_sqrt_apfixed.h:285]   --->   Operation 380 'partselect' 'tmp_47' <Predicate = true> <Delay = 0.00>
ST_6 : Operation 381 [1/1] (0.00ns)   --->   "%mul_FH_10 = bitconcatenate i12 @_ssdm_op_BitConcatenate.i12.i10.i2, i10 %res_I_15, i2 %tmp_47" [/tools/Xilinx/2025.1/Vitis/common/technology/autopilot/etc/hls_sqrt_apfixed.h:285]   --->   Operation 381 'bitconcatenate' 'mul_FH_10' <Predicate = true> <Delay = 0.00>
ST_6 : Operation 382 [1/1] (0.00ns)   --->   "%zext_ln285_1 = zext i12 %mul_FH_10" [/tools/Xilinx/2025.1/Vitis/common/technology/autopilot/etc/hls_sqrt_apfixed.h:285]   --->   Operation 382 'zext' 'zext_ln285_1' <Predicate = true> <Delay = 0.00>
ST_6 : Operation 383 [1/1] (0.00ns) (grouped into LUT with out node sub_ln319_4)   --->   "%zext_ln285_2 = zext i12 %mul_FH_10" [/tools/Xilinx/2025.1/Vitis/common/technology/autopilot/etc/hls_sqrt_apfixed.h:285]   --->   Operation 383 'zext' 'zext_ln285_2' <Predicate = true> <Delay = 0.00>
ST_6 : Operation 384 [1/1] (0.00ns)   --->   "%mul_FL_5 = bitconcatenate i14 @_ssdm_op_BitConcatenate.i14.i11.i3, i11 %tmp_40, i3 4" [/tools/Xilinx/2025.1/Vitis/common/technology/autopilot/etc/hls_sqrt_apfixed.h:286]   --->   Operation 384 'bitconcatenate' 'mul_FL_5' <Predicate = true> <Delay = 0.00>
ST_6 : Operation 385 [1/1] (0.91ns)   --->   "%icmp_ln295_42 = icmp_ne  i22 %x_l_I_63, i22 0" [/tools/Xilinx/2025.1/Vitis/common/technology/autopilot/etc/hls_sqrt_apfixed.h:295]   --->   Operation 385 'icmp' 'icmp_ln295_42' <Predicate = true> <Delay = 0.91> <CoreInst = "Cmp">   --->   Core 9 'Cmp' <Latency = 0> <II = 1> <Delay = 0.91> <FuncUnit> <Opcode : 'seteq' 'setne' 'setle' 'setge' 'setlt' 'setgt'> <InPorts = 2> <OutPorts = 1>
ST_6 : Operation 386 [1/1] (0.83ns)   --->   "%icmp_ln295_43 = icmp_ugt  i14 %x_l_FH_39, i14 %zext_ln285_1" [/tools/Xilinx/2025.1/Vitis/common/technology/autopilot/etc/hls_sqrt_apfixed.h:295]   --->   Operation 386 'icmp' 'icmp_ln295_43' <Predicate = true> <Delay = 0.83> <CoreInst = "Cmp">   --->   Core 9 'Cmp' <Latency = 0> <II = 1> <Delay = 0.83> <FuncUnit> <Opcode : 'seteq' 'setne' 'setle' 'setge' 'setlt' 'setgt'> <InPorts = 2> <OutPorts = 1>
ST_6 : Operation 387 [1/1] (0.83ns)   --->   "%icmp_ln295_44 = icmp_eq  i14 %x_l_FH_39, i14 %zext_ln285_1" [/tools/Xilinx/2025.1/Vitis/common/technology/autopilot/etc/hls_sqrt_apfixed.h:295]   --->   Operation 387 'icmp' 'icmp_ln295_44' <Predicate = true> <Delay = 0.83> <CoreInst = "Cmp">   --->   Core 9 'Cmp' <Latency = 0> <II = 1> <Delay = 0.83> <FuncUnit> <Opcode : 'seteq' 'setne' 'setle' 'setge' 'setlt' 'setgt'> <InPorts = 2> <OutPorts = 1>
ST_6 : Operation 388 [1/1] (0.83ns)   --->   "%icmp_ln295_45 = icmp_ult  i14 %x_l_FL_16, i14 %mul_FL_5" [/tools/Xilinx/2025.1/Vitis/common/technology/autopilot/etc/hls_sqrt_apfixed.h:295]   --->   Operation 388 'icmp' 'icmp_ln295_45' <Predicate = true> <Delay = 0.83> <CoreInst = "Cmp">   --->   Core 9 'Cmp' <Latency = 0> <II = 1> <Delay = 0.83> <FuncUnit> <Opcode : 'seteq' 'setne' 'setle' 'setge' 'setlt' 'setgt'> <InPorts = 2> <OutPorts = 1>
ST_6 : Operation 389 [1/1] (0.00ns) (grouped into LUT with out node or_ln295_17)   --->   "%xor_ln295_10 = xor i1 %icmp_ln295_45, i1 1" [/tools/Xilinx/2025.1/Vitis/common/technology/autopilot/etc/hls_sqrt_apfixed.h:295]   --->   Operation 389 'xor' 'xor_ln295_10' <Predicate = true> <Delay = 0.00> <CoreInst = "LogicGate">   --->   Core 74 'LogicGate' <Latency = 0> <II = 1> <Delay = 0.28> <FuncUnit> <Opcode : 'and' 'or' 'xor'> <InPorts = 2> <OutPorts = 1>
ST_6 : Operation 390 [1/1] (0.00ns) (grouped into LUT with out node or_ln295_17)   --->   "%and_ln295_14 = and i1 %icmp_ln295_44, i1 %xor_ln295_10" [/tools/Xilinx/2025.1/Vitis/common/technology/autopilot/etc/hls_sqrt_apfixed.h:295]   --->   Operation 390 'and' 'and_ln295_14' <Predicate = true> <Delay = 0.00> <CoreInst = "LogicGate">   --->   Core 74 'LogicGate' <Latency = 0> <II = 1> <Delay = 0.28> <FuncUnit> <Opcode : 'and' 'or' 'xor'> <InPorts = 2> <OutPorts = 1>
ST_6 : Operation 391 [1/1] (0.83ns)   --->   "%delta_4 = icmp_ult  i14 %x_l_FL_16, i14 %mul_FL_5" [/tools/Xilinx/2025.1/Vitis/common/technology/autopilot/etc/hls_sqrt_apfixed.h:301]   --->   Operation 391 'icmp' 'delta_4' <Predicate = true> <Delay = 0.83> <CoreInst = "Cmp">   --->   Core 9 'Cmp' <Latency = 0> <II = 1> <Delay = 0.83> <FuncUnit> <Opcode : 'seteq' 'setne' 'setle' 'setge' 'setlt' 'setgt'> <InPorts = 2> <OutPorts = 1>
ST_6 : Operation 392 [1/1] (0.83ns)   --->   "%x_l_FL_10 = sub i14 %x_l_FL_16, i14 %mul_FL_5" [/tools/Xilinx/2025.1/Vitis/common/technology/autopilot/etc/hls_sqrt_apfixed.h:320]   --->   Operation 392 'sub' 'x_l_FL_10' <Predicate = true> <Delay = 0.83> <CoreInst = "Adder">   --->   Core 1 'Adder' <Latency = 0> <II = 1> <Delay = 0.83> <FuncUnit> <Opcode : 'add' 'sub'> <InPorts = 2> <OutPorts = 1>
ST_6 : Operation 393 [1/1] (0.83ns)   --->   "%icmp_ln308_11 = icmp_ult  i14 %x_l_FH_39, i14 %zext_ln285_1" [/tools/Xilinx/2025.1/Vitis/common/technology/autopilot/etc/hls_sqrt_apfixed.h:308]   --->   Operation 393 'icmp' 'icmp_ln308_11' <Predicate = true> <Delay = 0.83> <CoreInst = "Cmp">   --->   Core 9 'Cmp' <Latency = 0> <II = 1> <Delay = 0.83> <FuncUnit> <Opcode : 'seteq' 'setne' 'setle' 'setge' 'setlt' 'setgt'> <InPorts = 2> <OutPorts = 1>
ST_6 : Operation 394 [1/1] (0.00ns) (grouped into LUT with out node icmp_ln295_46)   --->   "%and_ln308_4 = and i1 %icmp_ln295_44, i1 %delta_4" [/tools/Xilinx/2025.1/Vitis/common/technology/autopilot/etc/hls_sqrt_apfixed.h:308]   --->   Operation 394 'and' 'and_ln308_4' <Predicate = true> <Delay = 0.00> <CoreInst = "LogicGate">   --->   Core 74 'LogicGate' <Latency = 0> <II = 1> <Delay = 0.28> <FuncUnit> <Opcode : 'and' 'or' 'xor'> <InPorts = 2> <OutPorts = 1>
ST_6 : Operation 395 [1/1] (0.00ns) (grouped into LUT with out node icmp_ln295_46)   --->   "%or_ln308_4 = or i1 %icmp_ln308_11, i1 %and_ln308_4" [/tools/Xilinx/2025.1/Vitis/common/technology/autopilot/etc/hls_sqrt_apfixed.h:308]   --->   Operation 395 'or' 'or_ln308_4' <Predicate = true> <Delay = 0.00> <CoreInst = "LogicGate">   --->   Core 74 'LogicGate' <Latency = 0> <II = 1> <Delay = 0.28> <FuncUnit> <Opcode : 'and' 'or' 'xor'> <InPorts = 2> <OutPorts = 1>
ST_6 : Operation 396 [1/1] (0.91ns)   --->   "%x_l_I_64 = add i22 %x_l_I_63, i22 4194303" [/tools/Xilinx/2025.1/Vitis/common/technology/autopilot/etc/hls_sqrt_apfixed.h:316]   --->   Operation 396 'add' 'x_l_I_64' <Predicate = true> <Delay = 0.91> <CoreInst = "Adder">   --->   Core 1 'Adder' <Latency = 0> <II = 1> <Delay = 0.91> <FuncUnit> <Opcode : 'add' 'sub'> <InPorts = 2> <OutPorts = 1>
ST_6 : Operation 397 [1/1] (0.00ns) (grouped into LUT with out node icmp_ln295_46)   --->   "%x_l_I_65 = select i1 %or_ln308_4, i22 %x_l_I_64, i22 %x_l_I_63" [/tools/Xilinx/2025.1/Vitis/common/technology/autopilot/etc/hls_sqrt_apfixed.h:308]   --->   Operation 397 'select' 'x_l_I_65' <Predicate = true> <Delay = 0.00> <CoreInst = "Sel">   --->   Core 73 'Sel' <Latency = 0> <II = 1> <Delay = 0.34> <FuncUnit> <Opcode : 'select'> <InPorts = 3> <OutPorts = 1>
ST_6 : Operation 398 [1/1] (0.00ns) (grouped into LUT with out node sub_ln319_4)   --->   "%select_ln319 = select i1 %delta_4, i13 8191, i13 0" [/tools/Xilinx/2025.1/Vitis/common/technology/autopilot/etc/hls_sqrt_apfixed.h:319]   --->   Operation 398 'select' 'select_ln319' <Predicate = true> <Delay = 0.00> <CoreInst = "Sel">   --->   Core 73 'Sel' <Latency = 0> <II = 1> <Delay = 0.17> <FuncUnit> <Opcode : 'select'> <InPorts = 3> <OutPorts = 1>
ST_6 : Operation 399 [1/1] (0.82ns) (out node of the LUT)   --->   "%sub_ln319_4 = sub i13 %select_ln319, i13 %zext_ln285_2" [/tools/Xilinx/2025.1/Vitis/common/technology/autopilot/etc/hls_sqrt_apfixed.h:319]   --->   Operation 399 'sub' 'sub_ln319_4' <Predicate = true> <Delay = 0.82> <CoreInst = "Adder">   --->   Core 1 'Adder' <Latency = 0> <II = 1> <Delay = 0.82> <FuncUnit> <Opcode : 'add' 'sub'> <InPorts = 2> <OutPorts = 1>
ST_6 : Operation 400 [1/1] (0.00ns)   --->   "%sext_ln319 = sext i13 %sub_ln319_4" [/tools/Xilinx/2025.1/Vitis/common/technology/autopilot/etc/hls_sqrt_apfixed.h:319]   --->   Operation 400 'sext' 'sext_ln319' <Predicate = true> <Delay = 0.00>
ST_6 : Operation 401 [1/1] (0.83ns)   --->   "%x_l_FH_26 = add i14 %sext_ln319, i14 %x_l_FH_39" [/tools/Xilinx/2025.1/Vitis/common/technology/autopilot/etc/hls_sqrt_apfixed.h:319]   --->   Operation 401 'add' 'x_l_FH_26' <Predicate = true> <Delay = 0.83> <CoreInst = "Adder">   --->   Core 1 'Adder' <Latency = 0> <II = 1> <Delay = 0.83> <FuncUnit> <Opcode : 'add' 'sub'> <InPorts = 2> <OutPorts = 1>
ST_6 : Operation 402 [1/1] (0.00ns)   --->   "%res_FH_23 = bitset i14 @_ssdm_op_BitSet.i14.i14.i32.i1, i14 %res_FH_22, i32 1, i1 1" [/tools/Xilinx/2025.1/Vitis/common/technology/autopilot/etc/hls_sqrt_apfixed.h:329]   --->   Operation 402 'bitset' 'res_FH_23' <Predicate = true> <Delay = 0.00>
ST_6 : Operation 403 [1/1] (0.00ns) (grouped into LUT with out node or_ln295_17)   --->   "%or_ln295_16 = or i1 %icmp_ln295_43, i1 %and_ln295_14" [/tools/Xilinx/2025.1/Vitis/common/technology/autopilot/etc/hls_sqrt_apfixed.h:295]   --->   Operation 403 'or' 'or_ln295_16' <Predicate = true> <Delay = 0.00> <CoreInst = "LogicGate">   --->   Core 74 'LogicGate' <Latency = 0> <II = 1> <Delay = 0.28> <FuncUnit> <Opcode : 'and' 'or' 'xor'> <InPorts = 2> <OutPorts = 1>
ST_6 : Operation 404 [1/1] (0.28ns) (out node of the LUT)   --->   "%or_ln295_17 = or i1 %or_ln295_16, i1 %icmp_ln295_42" [/tools/Xilinx/2025.1/Vitis/common/technology/autopilot/etc/hls_sqrt_apfixed.h:295]   --->   Operation 404 'or' 'or_ln295_17' <Predicate = true> <Delay = 0.28> <CoreInst = "LogicGate">   --->   Core 74 'LogicGate' <Latency = 0> <II = 1> <Delay = 0.28> <FuncUnit> <Opcode : 'and' 'or' 'xor'> <InPorts = 2> <OutPorts = 1>
ST_6 : Operation 405 [1/1] (0.23ns)   --->   "%x_l_FH_25 = select i1 %or_ln295_17, i14 %x_l_FH_26, i14 %x_l_FH_39" [/tools/Xilinx/2025.1/Vitis/common/technology/autopilot/etc/hls_sqrt_apfixed.h:295]   --->   Operation 405 'select' 'x_l_FH_25' <Predicate = true> <Delay = 0.23> <CoreInst = "Sel">   --->   Core 73 'Sel' <Latency = 0> <II = 1> <Delay = 0.23> <FuncUnit> <Opcode : 'select'> <InPorts = 3> <OutPorts = 1>
ST_6 : Operation 406 [1/1] (0.00ns) (grouped into LUT with out node icmp_ln295_49)   --->   "%x_l_FL_11 = select i1 %or_ln295_17, i14 %x_l_FL_10, i14 %x_l_FL_16" [/tools/Xilinx/2025.1/Vitis/common/technology/autopilot/etc/hls_sqrt_apfixed.h:295]   --->   Operation 406 'select' 'x_l_FL_11' <Predicate = true> <Delay = 0.00> <CoreInst = "Sel">   --->   Core 73 'Sel' <Latency = 0> <II = 1> <Delay = 0.23> <FuncUnit> <Opcode : 'select'> <InPorts = 3> <OutPorts = 1>
ST_6 : Operation 407 [1/1] (0.23ns)   --->   "%res_FH_24 = select i1 %or_ln295_17, i14 %res_FH_23, i14 %res_FH_22" [/tools/Xilinx/2025.1/Vitis/common/technology/autopilot/etc/hls_sqrt_apfixed.h:295]   --->   Operation 407 'select' 'res_FH_24' <Predicate = true> <Delay = 0.23> <CoreInst = "Sel">   --->   Core 73 'Sel' <Latency = 0> <II = 1> <Delay = 0.23> <FuncUnit> <Opcode : 'select'> <InPorts = 3> <OutPorts = 1>
ST_6 : Operation 408 [1/1] (0.00ns) (grouped into LUT with out node icmp_ln295_49)   --->   "%trunc_ln283_9 = trunc i14 %res_FH_24" [/tools/Xilinx/2025.1/Vitis/common/technology/autopilot/etc/hls_sqrt_apfixed.h:283]   --->   Operation 408 'trunc' 'trunc_ln283_9' <Predicate = true> <Delay = 0.00>
ST_6 : Operation 409 [1/1] (0.00ns) (grouped into LUT with out node icmp_ln295_49)   --->   "%mul_FL_6 = bitconcatenate i14 @_ssdm_op_BitConcatenate.i14.i13.i1, i13 %trunc_ln283_9, i1 1" [/tools/Xilinx/2025.1/Vitis/common/technology/autopilot/etc/hls_sqrt_apfixed.h:286]   --->   Operation 409 'bitconcatenate' 'mul_FL_6' <Predicate = true> <Delay = 0.00>
ST_6 : Operation 410 [1/1] (0.00ns)   --->   "%tmp_72 = bitselect i1 @_ssdm_op_BitSelect.i1.i14.i32, i14 %res_FH_24, i32 13" [/tools/Xilinx/2025.1/Vitis/common/technology/autopilot/etc/hls_sqrt_apfixed.h:285]   --->   Operation 410 'bitselect' 'tmp_72' <Predicate = true> <Delay = 0.00>
ST_6 : Operation 411 [1/1] (0.00ns)   --->   "%mul_FH_11 = bitconcatenate i11 @_ssdm_op_BitConcatenate.i11.i10.i1, i10 %res_I_15, i1 %tmp_72" [/tools/Xilinx/2025.1/Vitis/common/technology/autopilot/etc/hls_sqrt_apfixed.h:285]   --->   Operation 411 'bitconcatenate' 'mul_FH_11' <Predicate = true> <Delay = 0.00>
ST_6 : Operation 412 [1/1] (0.00ns)   --->   "%zext_ln285_3 = zext i11 %mul_FH_11" [/tools/Xilinx/2025.1/Vitis/common/technology/autopilot/etc/hls_sqrt_apfixed.h:285]   --->   Operation 412 'zext' 'zext_ln285_3' <Predicate = true> <Delay = 0.00>
ST_6 : Operation 413 [1/1] (0.91ns) (out node of the LUT)   --->   "%icmp_ln295_46 = icmp_ne  i22 %x_l_I_65, i22 0" [/tools/Xilinx/2025.1/Vitis/common/technology/autopilot/etc/hls_sqrt_apfixed.h:295]   --->   Operation 413 'icmp' 'icmp_ln295_46' <Predicate = true> <Delay = 0.91> <CoreInst = "Cmp">   --->   Core 9 'Cmp' <Latency = 0> <II = 1> <Delay = 0.91> <FuncUnit> <Opcode : 'seteq' 'setne' 'setle' 'setge' 'setlt' 'setgt'> <InPorts = 2> <OutPorts = 1>
ST_6 : Operation 414 [1/1] (0.00ns) (grouped into LUT with out node or_ln295_19)   --->   "%and_ln295_15 = and i1 %or_ln295_17, i1 %icmp_ln295_46" [/tools/Xilinx/2025.1/Vitis/common/technology/autopilot/etc/hls_sqrt_apfixed.h:295]   --->   Operation 414 'and' 'and_ln295_15' <Predicate = true> <Delay = 0.00> <CoreInst = "LogicGate">   --->   Core 74 'LogicGate' <Latency = 0> <II = 1> <Delay = 0.28> <FuncUnit> <Opcode : 'and' 'or' 'xor'> <InPorts = 2> <OutPorts = 1>
ST_6 : Operation 415 [1/1] (0.83ns)   --->   "%icmp_ln295_47 = icmp_ugt  i14 %x_l_FH_25, i14 %zext_ln285_3" [/tools/Xilinx/2025.1/Vitis/common/technology/autopilot/etc/hls_sqrt_apfixed.h:295]   --->   Operation 415 'icmp' 'icmp_ln295_47' <Predicate = true> <Delay = 0.83> <CoreInst = "Cmp">   --->   Core 9 'Cmp' <Latency = 0> <II = 1> <Delay = 0.83> <FuncUnit> <Opcode : 'seteq' 'setne' 'setle' 'setge' 'setlt' 'setgt'> <InPorts = 2> <OutPorts = 1>
ST_6 : Operation 416 [1/1] (0.83ns)   --->   "%icmp_ln295_48 = icmp_eq  i14 %x_l_FH_25, i14 %zext_ln285_3" [/tools/Xilinx/2025.1/Vitis/common/technology/autopilot/etc/hls_sqrt_apfixed.h:295]   --->   Operation 416 'icmp' 'icmp_ln295_48' <Predicate = true> <Delay = 0.83> <CoreInst = "Cmp">   --->   Core 9 'Cmp' <Latency = 0> <II = 1> <Delay = 0.83> <FuncUnit> <Opcode : 'seteq' 'setne' 'setle' 'setge' 'setlt' 'setgt'> <InPorts = 2> <OutPorts = 1>
ST_6 : Operation 417 [1/1] (0.83ns) (out node of the LUT)   --->   "%icmp_ln295_49 = icmp_ult  i14 %x_l_FL_11, i14 %mul_FL_6" [/tools/Xilinx/2025.1/Vitis/common/technology/autopilot/etc/hls_sqrt_apfixed.h:295]   --->   Operation 417 'icmp' 'icmp_ln295_49' <Predicate = true> <Delay = 0.83> <CoreInst = "Cmp">   --->   Core 9 'Cmp' <Latency = 0> <II = 1> <Delay = 0.83> <FuncUnit> <Opcode : 'seteq' 'setne' 'setle' 'setge' 'setlt' 'setgt'> <InPorts = 2> <OutPorts = 1>
ST_6 : Operation 418 [1/1] (0.00ns) (grouped into LUT with out node or_ln295_19)   --->   "%xor_ln295_11 = xor i1 %icmp_ln295_49, i1 1" [/tools/Xilinx/2025.1/Vitis/common/technology/autopilot/etc/hls_sqrt_apfixed.h:295]   --->   Operation 418 'xor' 'xor_ln295_11' <Predicate = true> <Delay = 0.00> <CoreInst = "LogicGate">   --->   Core 74 'LogicGate' <Latency = 0> <II = 1> <Delay = 0.28> <FuncUnit> <Opcode : 'and' 'or' 'xor'> <InPorts = 2> <OutPorts = 1>
ST_6 : Operation 419 [1/1] (0.00ns) (grouped into LUT with out node or_ln295_19)   --->   "%and_ln295_16 = and i1 %icmp_ln295_48, i1 %xor_ln295_11" [/tools/Xilinx/2025.1/Vitis/common/technology/autopilot/etc/hls_sqrt_apfixed.h:295]   --->   Operation 419 'and' 'and_ln295_16' <Predicate = true> <Delay = 0.00> <CoreInst = "LogicGate">   --->   Core 74 'LogicGate' <Latency = 0> <II = 1> <Delay = 0.28> <FuncUnit> <Opcode : 'and' 'or' 'xor'> <InPorts = 2> <OutPorts = 1>
ST_6 : Operation 420 [1/1] (0.00ns) (grouped into LUT with out node add_ln338)   --->   "%res_FH_25 = bitset i14 @_ssdm_op_BitSet.i14.i14.i32.i1, i14 %res_FH_24, i32 0, i1 1" [/tools/Xilinx/2025.1/Vitis/common/technology/autopilot/etc/hls_sqrt_apfixed.h:329]   --->   Operation 420 'bitset' 'res_FH_25' <Predicate = true> <Delay = 0.00>
ST_6 : Operation 421 [1/1] (0.00ns) (grouped into LUT with out node or_ln295_19)   --->   "%or_ln295_18 = or i1 %icmp_ln295_47, i1 %and_ln295_16" [/tools/Xilinx/2025.1/Vitis/common/technology/autopilot/etc/hls_sqrt_apfixed.h:295]   --->   Operation 421 'or' 'or_ln295_18' <Predicate = true> <Delay = 0.00> <CoreInst = "LogicGate">   --->   Core 74 'LogicGate' <Latency = 0> <II = 1> <Delay = 0.28> <FuncUnit> <Opcode : 'and' 'or' 'xor'> <InPorts = 2> <OutPorts = 1>
ST_6 : Operation 422 [1/1] (0.28ns) (out node of the LUT)   --->   "%or_ln295_19 = or i1 %or_ln295_18, i1 %and_ln295_15" [/tools/Xilinx/2025.1/Vitis/common/technology/autopilot/etc/hls_sqrt_apfixed.h:295]   --->   Operation 422 'or' 'or_ln295_19' <Predicate = true> <Delay = 0.28> <CoreInst = "LogicGate">   --->   Core 74 'LogicGate' <Latency = 0> <II = 1> <Delay = 0.28> <FuncUnit> <Opcode : 'and' 'or' 'xor'> <InPorts = 2> <OutPorts = 1>
ST_6 : Operation 423 [1/1] (0.00ns) (grouped into LUT with out node add_ln338)   --->   "%res_FH_26 = select i1 %or_ln295_19, i14 %res_FH_25, i14 %res_FH_24" [/tools/Xilinx/2025.1/Vitis/common/technology/autopilot/etc/hls_sqrt_apfixed.h:295]   --->   Operation 423 'select' 'res_FH_26' <Predicate = true> <Delay = 0.00> <CoreInst = "Sel">   --->   Core 73 'Sel' <Latency = 0> <II = 1> <Delay = 0.23> <FuncUnit> <Opcode : 'select'> <InPorts = 3> <OutPorts = 1>
ST_6 : Operation 424 [1/1] (0.00ns) (grouped into LUT with out node add_ln338)   --->   "%zext_ln338 = zext i14 %res_FH_26" [/tools/Xilinx/2025.1/Vitis/common/technology/autopilot/etc/hls_sqrt_apfixed.h:338]   --->   Operation 424 'zext' 'zext_ln338' <Predicate = true> <Delay = 0.00>
ST_6 : Operation 425 [1/1] (0.83ns) (out node of the LUT)   --->   "%add_ln338 = add i15 %zext_ln338, i15 1" [/tools/Xilinx/2025.1/Vitis/common/technology/autopilot/etc/hls_sqrt_apfixed.h:338]   --->   Operation 425 'add' 'add_ln338' <Predicate = true> <Delay = 0.83> <CoreInst = "Adder">   --->   Core 1 'Adder' <Latency = 0> <II = 1> <Delay = 0.83> <FuncUnit> <Opcode : 'add' 'sub'> <InPorts = 2> <OutPorts = 1>
ST_6 : Operation 426 [1/1] (0.00ns) (grouped into LUT with out node agg_result_0)   --->   "%tmp_74 = bitselect i1 @_ssdm_op_BitSelect.i1.i15.i32, i15 %add_ln338, i32 14" [/tools/Xilinx/2025.1/Vitis/common/technology/autopilot/etc/hls_sqrt_apfixed.h:340]   --->   Operation 426 'bitselect' 'tmp_74' <Predicate = true> <Delay = 0.00>
ST_6 : Operation 427 [1/1] (0.78ns)   --->   "%res_I_16 = add i10 %res_I_15, i10 1" [/tools/Xilinx/2025.1/Vitis/common/technology/autopilot/etc/hls_sqrt_apfixed.h:340]   --->   Operation 427 'add' 'res_I_16' <Predicate = true> <Delay = 0.78> <CoreInst = "Adder">   --->   Core 1 'Adder' <Latency = 0> <II = 1> <Delay = 0.78> <FuncUnit> <Opcode : 'add' 'sub'> <InPorts = 2> <OutPorts = 1>
ST_6 : Operation 428 [1/1] (0.00ns) (grouped into LUT with out node agg_result_0)   --->   "%res_I_17 = select i1 %tmp_74, i10 %res_I_16, i10 %res_I_15" [/tools/Xilinx/2025.1/Vitis/common/technology/autopilot/etc/hls_sqrt_apfixed.h:340]   --->   Operation 428 'select' 'res_I_17' <Predicate = true> <Delay = 0.00> <CoreInst = "Sel">   --->   Core 73 'Sel' <Latency = 0> <II = 1> <Delay = 0.40> <FuncUnit> <Opcode : 'select'> <InPorts = 3> <OutPorts = 1>
ST_6 : Operation 429 [1/1] (0.00ns) (grouped into LUT with out node agg_result_0)   --->   "%tmp_48 = partselect i13 @_ssdm_op_PartSelect.i13.i15.i32.i32, i15 %add_ln338, i32 1, i32 13" [/tools/Xilinx/2025.1/Vitis/common/technology/autopilot/etc/hls_sqrt_apfixed.h:338]   --->   Operation 429 'partselect' 'tmp_48' <Predicate = true> <Delay = 0.00>
ST_6 : Operation 430 [1/1] (0.00ns) (grouped into LUT with out node agg_result_0)   --->   "%lshr_ln345_cast = bitconcatenate i23 @_ssdm_op_BitConcatenate.i23.i10.i13, i10 %res_I_17, i13 %tmp_48" [/tools/Xilinx/2025.1/Vitis/common/technology/autopilot/etc/hls_sqrt_apfixed.h:340]   --->   Operation 430 'bitconcatenate' 'lshr_ln345_cast' <Predicate = true> <Delay = 0.00>
ST_6 : Operation 431 [1/1] (0.40ns) (out node of the LUT)   --->   "%agg_result_0 = select i1 %tmp, i23 0, i23 %lshr_ln345_cast" [/tools/Xilinx/2025.1/Vitis/common/technology/autopilot/etc/hls_sqrt_apfixed.h:200]   --->   Operation 431 'select' 'agg_result_0' <Predicate = true> <Delay = 0.40> <CoreInst = "Sel">   --->   Core 73 'Sel' <Latency = 0> <II = 1> <Delay = 0.33> <FuncUnit> <Opcode : 'select'> <InPorts = 3> <OutPorts = 1>
ST_6 : Operation 432 [1/1] (0.00ns)   --->   "%ret_ln349 = ret i23 %agg_result_0" [/tools/Xilinx/2025.1/Vitis/common/technology/autopilot/etc/hls_sqrt_apfixed.h:349]   --->   Operation 432 'ret' 'ret_ln349' <Predicate = true> <Delay = 0.00>


============================================================
+ Verbose Summary: Binding
============================================================
STG Binding: 
---------------- STG Properties BEGIN ----------------
- Is combinational: 0
- Is one-state seq: 0
- Is datapath-only: 1
- Is pipelined: 1
- Is top level: 0
Port [ Return ] is wired: 1; IO mode=ap_ctrl_hs:ce=0
Port [ x]:  wired=1; compound=0; hidden=0; nouse=0; global=0; static=0; extern=0; dir=0; type=0; pingpong=0; private_global=0; IO mode=ap_none:ce=0
---------------- STG Properties END ------------------

---------------- Datapath Model BEGIN ----------------

<LifeTime>
<method=bitvector/>
x_read            (read          ) [ 0111111]
tmp_22            (partselect    ) [ 0000000]
zext_ln212        (zext          ) [ 0000000]
trunc_ln213       (trunc         ) [ 0110000]
tmp_1             (partselect    ) [ 0000000]
zext_ln258        (zext          ) [ 0000000]
icmp_ln258        (icmp          ) [ 0000000]
add_ln263         (add           ) [ 0000000]
x_l_I             (partset       ) [ 0000000]
x_l_I_1           (select        ) [ 0000000]
select_ln216      (select        ) [ 0000000]
select_ln216_1    (select        ) [ 0000000]
tmp_3             (bitconcatenate) [ 0000000]
tmp_2             (partselect    ) [ 0000000]
zext_ln258_1      (zext          ) [ 0000000]
icmp_ln258_1      (icmp          ) [ 0000000]
sub_ln263         (sub           ) [ 0000000]
x_l_I_2           (partset       ) [ 0000000]
res_I             (bitset        ) [ 0000000]
x_l_I_5           (select        ) [ 0000000]
res_I_1           (select        ) [ 0000000]
tmp_5             (partselect    ) [ 0000000]
tmp_4             (bitconcatenate) [ 0000000]
tmp_8             (partselect    ) [ 0000000]
zext_ln258_2      (zext          ) [ 0000000]
icmp_ln258_2      (icmp          ) [ 0000000]
sub_ln263_1       (sub           ) [ 0000000]
x_l_I_6           (partset       ) [ 0000000]
res_I_2           (bitset        ) [ 0000000]
x_l_I_7           (select        ) [ 0000000]
res_I_3           (select        ) [ 0000000]
tmp_6             (partselect    ) [ 0000000]
tmp_7             (bitconcatenate) [ 0000000]
tmp_9             (partselect    ) [ 0000000]
zext_ln258_3      (zext          ) [ 0000000]
icmp_ln258_3      (icmp          ) [ 0000000]
sub_ln263_2       (sub           ) [ 0000000]
x_l_I_8           (partset       ) [ 0000000]
res_I_4           (bitset        ) [ 0000000]
x_l_I_9           (select        ) [ 0000000]
res_I_5           (select        ) [ 0000000]
tmp_s             (partselect    ) [ 0000000]
tmp_10            (bitconcatenate) [ 0000000]
tmp_11            (partselect    ) [ 0000000]
zext_ln258_4      (zext          ) [ 0000000]
icmp_ln258_4      (icmp          ) [ 0000000]
sub_ln263_3       (sub           ) [ 0000000]
x_l_I_10          (partset       ) [ 0000000]
res_I_6           (bitset        ) [ 0000000]
x_l_I_11          (select        ) [ 0000000]
res_I_7           (select        ) [ 0000000]
tmp_12            (partselect    ) [ 0000000]
tmp_13            (bitconcatenate) [ 0000000]
tmp_14            (partselect    ) [ 0000000]
zext_ln258_5      (zext          ) [ 0000000]
icmp_ln258_5      (icmp          ) [ 0000000]
sub_ln263_4       (sub           ) [ 0000000]
x_l_I_12          (partset       ) [ 0000000]
res_I_8           (bitset        ) [ 0000000]
x_l_I_13          (select        ) [ 0110000]
res_I_9           (select        ) [ 0110000]
tmp_15            (partselect    ) [ 0110000]
tmp_17            (partselect    ) [ 0110000]
tmp_57            (partselect    ) [ 0110000]
x_l_FH_27         (bitconcatenate) [ 0000000]
tmp_16            (bitconcatenate) [ 0000000]
zext_ln258_6      (zext          ) [ 0000000]
icmp_ln258_6      (icmp          ) [ 0000000]
sub_ln263_5       (sub           ) [ 0000000]
x_l_I_14          (partset       ) [ 0000000]
res_I_10          (bitset        ) [ 0000000]
x_l_I_15          (select        ) [ 0000000]
res_I_11          (select        ) [ 0000000]
tmp_18            (partselect    ) [ 0000000]
tmp_19            (bitconcatenate) [ 0000000]
tmp_20            (partselect    ) [ 0000000]
zext_ln258_7      (zext          ) [ 0000000]
icmp_ln258_7      (icmp          ) [ 0000000]
sub_ln263_6       (sub           ) [ 0000000]
x_l_I_16          (partset       ) [ 0000000]
res_I_12          (bitset        ) [ 0000000]
x_l_I_17          (select        ) [ 0000000]
res_I_13          (select        ) [ 0000000]
tmp_21            (bitconcatenate) [ 0000000]
trunc_ln258       (trunc         ) [ 0000000]
zext_ln258_8      (zext          ) [ 0000000]
icmp_ln258_8      (icmp          ) [ 0000000]
sub_ln263_7       (sub           ) [ 0000000]
x_l_I_18          (partset       ) [ 0000000]
res_I_14          (bitset        ) [ 0000000]
x_l_I_19          (select        ) [ 0000000]
res_I_15          (select        ) [ 0101111]
zext_ln295        (zext          ) [ 0000000]
icmp_ln295        (icmp          ) [ 0000000]
icmp_ln295_1      (icmp          ) [ 0000000]
icmp_ln295_2      (icmp          ) [ 0000000]
and_ln295         (and           ) [ 0000000]
icmp_ln308        (icmp          ) [ 0000000]
x_l_I_20          (add           ) [ 0000000]
x_l_I_3           (select        ) [ 0000000]
x_l_FH            (add           ) [ 0000000]
x_l_I_21          (sub           ) [ 0000000]
or_ln295          (or            ) [ 0000000]
x_l_I_4           (select        ) [ 0101000]
x_l_FH_28         (select        ) [ 0000000]
res_FH            (select        ) [ 0101000]
tmp_23            (partselect    ) [ 0000000]
trunc_ln283       (trunc         ) [ 0000000]
mul_FH            (bitconcatenate) [ 0000000]
tmp_29            (partselect    ) [ 0000000]
zext_ln295_1      (zext          ) [ 0101000]
icmp_ln295_3      (icmp          ) [ 0000000]
icmp_ln295_4      (icmp          ) [ 0000000]
icmp_ln295_5      (icmp          ) [ 0000000]
xor_ln295         (xor           ) [ 0000000]
and_ln295_1       (and           ) [ 0000000]
icmp_ln308_1      (icmp          ) [ 0101000]
x_l_I_22          (add           ) [ 0101000]
x_l_FH_3          (sub           ) [ 0000000]
or_ln295_1        (or            ) [ 0101000]
x_l_FH_29         (select        ) [ 0101000]
trunc_ln283_1     (trunc         ) [ 0101000]
tmp_30            (partselect    ) [ 0101000]
trunc_ln283_2     (trunc         ) [ 0101000]
tmp_31            (partselect    ) [ 0101000]
trunc_ln283_3     (trunc         ) [ 0101000]
tmp_33            (partselect    ) [ 0101000]
trunc_ln283_4     (trunc         ) [ 0101100]
tmp_35            (partselect    ) [ 0101100]
trunc_ln283_5     (trunc         ) [ 0101100]
tmp_37            (partselect    ) [ 0101100]
trunc_ln283_6     (trunc         ) [ 0101100]
tmp_41            (partselect    ) [ 0101100]
trunc_ln283_7     (trunc         ) [ 0101110]
tmp_43            (partselect    ) [ 0101110]
trunc_ln283_8     (trunc         ) [ 0101110]
tmp_67            (bitselect     ) [ 0101110]
x_l_I_23          (select        ) [ 0000000]
x_l_I_24          (sub           ) [ 0000000]
res_FH_1          (bitset        ) [ 0000000]
x_l_I_25          (select        ) [ 0000000]
res_FH_2          (select        ) [ 0000000]
tmp_24            (partselect    ) [ 0000000]
mul_FH_1          (bitconcatenate) [ 0000000]
zext_ln295_2      (zext          ) [ 0000000]
icmp_ln295_6      (icmp          ) [ 0000000]
icmp_ln295_7      (icmp          ) [ 0000000]
icmp_ln295_8      (icmp          ) [ 0000000]
xor_ln295_1       (xor           ) [ 0000000]
and_ln295_2       (and           ) [ 0000000]
icmp_ln308_2      (icmp          ) [ 0000000]
x_l_I_26          (add           ) [ 0000000]
x_l_I_27          (select        ) [ 0000000]
x_l_FH_5          (sub           ) [ 0000000]
x_l_I_28          (sub           ) [ 0000000]
res_FH_3          (bitset        ) [ 0000000]
or_ln295_2        (or            ) [ 0000000]
x_l_I_29          (select        ) [ 0000000]
x_l_FH_30         (select        ) [ 0000000]
res_FH_4          (select        ) [ 0000000]
tmp_25            (partselect    ) [ 0000000]
mul_FH_2          (bitconcatenate) [ 0000000]
zext_ln295_3      (zext          ) [ 0000000]
icmp_ln295_9      (icmp          ) [ 0000000]
icmp_ln295_10     (icmp          ) [ 0000000]
icmp_ln295_11     (icmp          ) [ 0000000]
xor_ln295_2       (xor           ) [ 0000000]
and_ln295_3       (and           ) [ 0000000]
icmp_ln308_3      (icmp          ) [ 0000000]
x_l_I_30          (add           ) [ 0000000]
x_l_I_31          (select        ) [ 0000000]
x_l_FH_7          (sub           ) [ 0000000]
x_l_I_32          (sub           ) [ 0000000]
res_FH_5          (bitset        ) [ 0000000]
or_ln295_3        (or            ) [ 0000000]
x_l_I_33          (select        ) [ 0100100]
x_l_FH_31         (select        ) [ 0000000]
res_FH_6          (select        ) [ 0100100]
tmp_26            (partselect    ) [ 0000000]
mul_FH_3          (bitconcatenate) [ 0000000]
zext_ln295_4      (zext          ) [ 0100100]
icmp_ln295_12     (icmp          ) [ 0000000]
icmp_ln295_13     (icmp          ) [ 0000000]
icmp_ln295_14     (icmp          ) [ 0000000]
xor_ln295_3       (xor           ) [ 0000000]
and_ln295_4       (and           ) [ 0000000]
icmp_ln308_4      (icmp          ) [ 0100100]
x_l_I_34          (add           ) [ 0100100]
x_l_FH_9          (sub           ) [ 0000000]
or_ln295_4        (or            ) [ 0100100]
x_l_FH_32         (select        ) [ 0100100]
x_l_I_35          (select        ) [ 0000000]
x_l_I_36          (sub           ) [ 0000000]
res_FH_7          (bitset        ) [ 0000000]
x_l_I_37          (select        ) [ 0000000]
res_FH_8          (select        ) [ 0000000]
tmp_27            (partselect    ) [ 0000000]
mul_FH_4          (bitconcatenate) [ 0000000]
zext_ln295_5      (zext          ) [ 0000000]
icmp_ln295_15     (icmp          ) [ 0000000]
icmp_ln295_16     (icmp          ) [ 0000000]
icmp_ln295_17     (icmp          ) [ 0000000]
xor_ln295_4       (xor           ) [ 0000000]
and_ln295_5       (and           ) [ 0000000]
icmp_ln308_5      (icmp          ) [ 0000000]
x_l_I_38          (add           ) [ 0000000]
x_l_I_39          (select        ) [ 0000000]
x_l_FH_11         (sub           ) [ 0000000]
x_l_I_40          (sub           ) [ 0000000]
res_FH_9          (bitset        ) [ 0000000]
or_ln295_5        (or            ) [ 0000000]
x_l_I_41          (select        ) [ 0000000]
x_l_FH_33         (select        ) [ 0000000]
res_FH_10         (select        ) [ 0000000]
tmp_28            (partselect    ) [ 0000000]
mul_FH_5          (bitconcatenate) [ 0000000]
zext_ln295_6      (zext          ) [ 0000000]
icmp_ln295_18     (icmp          ) [ 0000000]
icmp_ln295_19     (icmp          ) [ 0000000]
icmp_ln295_20     (icmp          ) [ 0000000]
xor_ln295_5       (xor           ) [ 0000000]
and_ln295_6       (and           ) [ 0000000]
icmp_ln308_6      (icmp          ) [ 0000000]
x_l_I_42          (add           ) [ 0000000]
x_l_I_43          (select        ) [ 0000000]
x_l_FH_13         (sub           ) [ 0000000]
x_l_I_44          (sub           ) [ 0000000]
res_FH_11         (bitset        ) [ 0000000]
or_ln295_6        (or            ) [ 0000000]
x_l_I_45          (select        ) [ 0100010]
x_l_FH_34         (select        ) [ 0000000]
res_FH_12         (select        ) [ 0100010]
tmp_64            (bitselect     ) [ 0100010]
tmp_39            (partselect    ) [ 0000000]
mul_FH_6          (bitconcatenate) [ 0000000]
zext_ln295_7      (zext          ) [ 0100010]
icmp_ln295_21     (icmp          ) [ 0000000]
icmp_ln295_22     (icmp          ) [ 0000000]
icmp_ln295_23     (icmp          ) [ 0100010]
and_ln295_7       (and           ) [ 0000000]
x_l_I_46          (add           ) [ 0100010]
xor_ln319         (xor           ) [ 0000000]
x_l_FH_15         (add           ) [ 0000000]
or_ln295_7        (or            ) [ 0100010]
x_l_FH_35         (select        ) [ 0100010]
mul_FL            (bitconcatenate) [ 0000000]
x_l_FL            (sub           ) [ 0000000]
x_l_I_47          (select        ) [ 0000000]
x_l_I_48          (sub           ) [ 0000000]
res_FH_13         (bitset        ) [ 0000000]
x_l_I_49          (select        ) [ 0000000]
x_l_FL_12         (select        ) [ 0000000]
res_FH_14         (select        ) [ 0000000]
tmp_32            (partselect    ) [ 0000000]
tmp_42            (partselect    ) [ 0000000]
mul_FH_7          (bitconcatenate) [ 0000000]
mul_FL_1          (bitconcatenate) [ 0000000]
zext_ln295_8      (zext          ) [ 0000000]
icmp_ln295_24     (icmp          ) [ 0000000]
icmp_ln295_25     (icmp          ) [ 0000000]
icmp_ln295_26     (icmp          ) [ 0000000]
icmp_ln295_27     (icmp          ) [ 0000000]
icmp_ln295_28     (icmp          ) [ 0000000]
xor_ln295_6       (xor           ) [ 0000000]
and_ln295_8       (and           ) [ 0000000]
delta             (icmp          ) [ 0000000]
x_l_FL_2          (sub           ) [ 0000000]
icmp_ln308_7      (icmp          ) [ 0000000]
and_ln308         (and           ) [ 0000000]
or_ln308          (or            ) [ 0000000]
x_l_I_50          (add           ) [ 0000000]
x_l_I_51          (select        ) [ 0000000]
p_neg8            (select        ) [ 0000000]
sub_ln319         (sub           ) [ 0000000]
x_l_FH_17         (add           ) [ 0000000]
x_l_I_52          (sub           ) [ 0000000]
res_FH_15         (bitset        ) [ 0000000]
or_ln295_8        (or            ) [ 0000000]
and_ln295_9       (and           ) [ 0000000]
or_ln295_9        (or            ) [ 0000000]
x_l_I_53          (select        ) [ 0000000]
x_l_FH_36         (select        ) [ 0000000]
x_l_FL_13         (select        ) [ 0000000]
res_FH_16         (select        ) [ 0000000]
tmp_34            (partselect    ) [ 0000000]
tmp_44            (partselect    ) [ 0000000]
mul_FH_8          (bitconcatenate) [ 0000000]
mul_FL_2          (bitconcatenate) [ 0000000]
zext_ln295_9      (zext          ) [ 0000000]
icmp_ln295_29     (icmp          ) [ 0000000]
icmp_ln295_30     (icmp          ) [ 0000000]
icmp_ln295_31     (icmp          ) [ 0000000]
icmp_ln295_32     (icmp          ) [ 0000000]
icmp_ln295_33     (icmp          ) [ 0000000]
xor_ln295_7       (xor           ) [ 0000000]
and_ln295_10      (and           ) [ 0000000]
delta_1           (icmp          ) [ 0000000]
x_l_FL_4          (sub           ) [ 0000000]
icmp_ln308_8      (icmp          ) [ 0000000]
and_ln308_1       (and           ) [ 0000000]
or_ln308_1        (or            ) [ 0000000]
x_l_I_54          (add           ) [ 0000000]
x_l_I_55          (select        ) [ 0000000]
p_neg9            (select        ) [ 0000000]
sub_ln319_1       (sub           ) [ 0000000]
x_l_FH_19         (add           ) [ 0000000]
x_l_I_56          (sub           ) [ 0000000]
res_FH_17         (bitset        ) [ 0000000]
or_ln295_10       (or            ) [ 0000000]
and_ln295_11      (and           ) [ 0000000]
or_ln295_11       (or            ) [ 0000000]
x_l_I_57          (select        ) [ 0000000]
x_l_FH_37         (select        ) [ 0000000]
x_l_FL_14         (select        ) [ 0000000]
res_FH_18         (select        ) [ 0100001]
tmp_36            (partselect    ) [ 0000000]
tmp_45            (partselect    ) [ 0000000]
mul_FH_9          (bitconcatenate) [ 0000000]
mul_FL_3          (bitconcatenate) [ 0000000]
icmp_ln295_34     (icmp          ) [ 0000000]
icmp_ln295_35     (icmp          ) [ 0000000]
icmp_ln295_36     (icmp          ) [ 0000000]
icmp_ln295_37     (icmp          ) [ 0000000]
xor_ln295_8       (xor           ) [ 0000000]
and_ln295_12      (and           ) [ 0000000]
delta_2           (icmp          ) [ 0000000]
x_l_FL_6          (sub           ) [ 0000000]
icmp_ln308_9      (icmp          ) [ 0000000]
and_ln308_2       (and           ) [ 0000000]
or_ln308_2        (or            ) [ 0000000]
x_l_I_58          (add           ) [ 0000000]
x_l_I_59          (select        ) [ 0000000]
p_neg10           (select        ) [ 0000000]
sub_ln319_2       (sub           ) [ 0000000]
x_l_FH_21         (add           ) [ 0000000]
or_ln295_12       (or            ) [ 0000000]
or_ln295_13       (or            ) [ 0100001]
x_l_I_60          (select        ) [ 0100001]
x_l_FH_38         (select        ) [ 0100001]
x_l_FL_15         (select        ) [ 0100001]
specpipeline_ln21 (specpipeline  ) [ 0000000]
tmp               (bitselect     ) [ 0000000]
res_FH_19         (bitset        ) [ 0000000]
res_FH_20         (select        ) [ 0000000]
tmp_38            (partselect    ) [ 0000000]
tmp_46            (partselect    ) [ 0000000]
mul_FH_s          (bitconcatenate) [ 0000000]
zext_ln285        (zext          ) [ 0000000]
mul_FL_4          (bitconcatenate) [ 0000000]
icmp_ln295_38     (icmp          ) [ 0000000]
icmp_ln295_39     (icmp          ) [ 0000000]
icmp_ln295_40     (icmp          ) [ 0000000]
icmp_ln295_41     (icmp          ) [ 0000000]
xor_ln295_9       (xor           ) [ 0000000]
and_ln295_13      (and           ) [ 0000000]
delta_3           (icmp          ) [ 0000000]
x_l_FL_8          (sub           ) [ 0000000]
icmp_ln308_10     (icmp          ) [ 0000000]
and_ln308_3       (and           ) [ 0000000]
or_ln308_3        (or            ) [ 0000000]
x_l_I_61          (add           ) [ 0000000]
x_l_I_62          (select        ) [ 0000000]
p_neg11           (select        ) [ 0000000]
sub_ln319_3       (sub           ) [ 0000000]
x_l_FH_23         (add           ) [ 0000000]
res_FH_21         (bitset        ) [ 0000000]
or_ln295_14       (or            ) [ 0000000]
or_ln295_15       (or            ) [ 0000000]
x_l_I_63          (select        ) [ 0000000]
x_l_FH_39         (select        ) [ 0000000]
x_l_FL_16         (select        ) [ 0000000]
res_FH_22         (select        ) [ 0000000]
tmp_40            (partselect    ) [ 0000000]
tmp_47            (partselect    ) [ 0000000]
mul_FH_10         (bitconcatenate) [ 0000000]
zext_ln285_1      (zext          ) [ 0000000]
zext_ln285_2      (zext          ) [ 0000000]
mul_FL_5          (bitconcatenate) [ 0000000]
icmp_ln295_42     (icmp          ) [ 0000000]
icmp_ln295_43     (icmp          ) [ 0000000]
icmp_ln295_44     (icmp          ) [ 0000000]
icmp_ln295_45     (icmp          ) [ 0000000]
xor_ln295_10      (xor           ) [ 0000000]
and_ln295_14      (and           ) [ 0000000]
delta_4           (icmp          ) [ 0000000]
x_l_FL_10         (sub           ) [ 0000000]
icmp_ln308_11     (icmp          ) [ 0000000]
and_ln308_4       (and           ) [ 0000000]
or_ln308_4        (or            ) [ 0000000]
x_l_I_64          (add           ) [ 0000000]
x_l_I_65          (select        ) [ 0000000]
select_ln319      (select        ) [ 0000000]
sub_ln319_4       (sub           ) [ 0000000]
sext_ln319        (sext          ) [ 0000000]
x_l_FH_26         (add           ) [ 0000000]
res_FH_23         (bitset        ) [ 0000000]
or_ln295_16       (or            ) [ 0000000]
or_ln295_17       (or            ) [ 0000000]
x_l_FH_25         (select        ) [ 0000000]
x_l_FL_11         (select        ) [ 0000000]
res_FH_24         (select        ) [ 0000000]
trunc_ln283_9     (trunc         ) [ 0000000]
mul_FL_6          (bitconcatenate) [ 0000000]
tmp_72            (bitselect     ) [ 0000000]
mul_FH_11         (bitconcatenate) [ 0000000]
zext_ln285_3      (zext          ) [ 0000000]
icmp_ln295_46     (icmp          ) [ 0000000]
and_ln295_15      (and           ) [ 0000000]
icmp_ln295_47     (icmp          ) [ 0000000]
icmp_ln295_48     (icmp          ) [ 0000000]
icmp_ln295_49     (icmp          ) [ 0000000]
xor_ln295_11      (xor           ) [ 0000000]
and_ln295_16      (and           ) [ 0000000]
res_FH_25         (bitset        ) [ 0000000]
or_ln295_18       (or            ) [ 0000000]
or_ln295_19       (or            ) [ 0000000]
res_FH_26         (select        ) [ 0000000]
zext_ln338        (zext          ) [ 0000000]
add_ln338         (add           ) [ 0000000]
tmp_74            (bitselect     ) [ 0000000]
res_I_16          (add           ) [ 0000000]
res_I_17          (select        ) [ 0000000]
tmp_48            (partselect    ) [ 0000000]
lshr_ln345_cast   (bitconcatenate) [ 0000000]
agg_result_0      (select        ) [ 0000000]
ret_ln349         (ret           ) [ 0000000]
</LifeTime>

<model>

<comp_list>
<comp id="0" class="1000" name="x">
<pin_list>
<pin id="1" dir="1" index="0" bw="1" slack="0"/>
</pin_list>
<bind>
<StgValue><ssdm name="x"/></StgValue>
</bind>
</comp>

<comp id="2" class="1001" name="const_2">
<pin_list>
<pin id="3" dir="1" index="0" bw="1" slack="0"/>
</pin_list>
<bind>
<StgValue><ssdm name="_ssdm_op_Read.ap_auto.i32"/></StgValue>
</bind>
</comp>

<comp id="4" class="1001" name="const_4">
<pin_list>
<pin id="5" dir="1" index="0" bw="1" slack="0"/>
</pin_list>
<bind>
<StgValue><ssdm name="_ssdm_op_PartSelect.i19.i32.i32.i32"/></StgValue>
</bind>
</comp>

<comp id="6" class="1001" name="const_6">
<pin_list>
<pin id="7" dir="1" index="0" bw="1" slack="0"/>
</pin_list>
<bind>
<StgValue><ssdm name=""/></StgValue>
</bind>
</comp>

<comp id="8" class="1001" name="const_8">
<pin_list>
<pin id="9" dir="1" index="0" bw="1" slack="0"/>
</pin_list>
<bind>
<StgValue><ssdm name=""/></StgValue>
</bind>
</comp>

<comp id="10" class="1001" name="const_10">
<pin_list>
<pin id="11" dir="1" index="0" bw="1" slack="0"/>
</pin_list>
<bind>
<StgValue><ssdm name="_ssdm_op_PartSelect.i3.i32.i32.i32"/></StgValue>
</bind>
</comp>

<comp id="12" class="1001" name="const_12">
<pin_list>
<pin id="13" dir="1" index="0" bw="1" slack="0"/>
</pin_list>
<bind>
<StgValue><ssdm name=""/></StgValue>
</bind>
</comp>

<comp id="14" class="1001" name="const_14">
<pin_list>
<pin id="15" dir="1" index="0" bw="1" slack="0"/>
</pin_list>
<bind>
<StgValue><ssdm name=""/></StgValue>
</bind>
</comp>

<comp id="16" class="1001" name="const_16">
<pin_list>
<pin id="17" dir="1" index="0" bw="1" slack="0"/>
</pin_list>
<bind>
<StgValue><ssdm name=""/></StgValue>
</bind>
</comp>

<comp id="18" class="1001" name="const_18">
<pin_list>
<pin id="19" dir="1" index="0" bw="1" slack="0"/>
</pin_list>
<bind>
<StgValue><ssdm name="_ssdm_op_PartSet.i22.i22.i4.i32"/></StgValue>
</bind>
</comp>

<comp id="20" class="1001" name="const_20">
<pin_list>
<pin id="21" dir="1" index="0" bw="1" slack="0"/>
</pin_list>
<bind>
<StgValue><ssdm name=""/></StgValue>
</bind>
</comp>

<comp id="22" class="1001" name="const_22">
<pin_list>
<pin id="23" dir="1" index="0" bw="1" slack="0"/>
</pin_list>
<bind>
<StgValue><ssdm name=""/></StgValue>
</bind>
</comp>

<comp id="24" class="1001" name="const_24">
<pin_list>
<pin id="25" dir="1" index="0" bw="1" slack="0"/>
</pin_list>
<bind>
<StgValue><ssdm name=""/></StgValue>
</bind>
</comp>

<comp id="26" class="1001" name="const_26">
<pin_list>
<pin id="27" dir="1" index="0" bw="1" slack="0"/>
</pin_list>
<bind>
<StgValue><ssdm name=""/></StgValue>
</bind>
</comp>

<comp id="28" class="1001" name="const_28">
<pin_list>
<pin id="29" dir="1" index="0" bw="1" slack="0"/>
</pin_list>
<bind>
<StgValue><ssdm name=""/></StgValue>
</bind>
</comp>

<comp id="30" class="1001" name="const_30">
<pin_list>
<pin id="31" dir="1" index="0" bw="1" slack="0"/>
</pin_list>
<bind>
<StgValue><ssdm name="_ssdm_op_BitConcatenate.i3.i2.i1"/></StgValue>
</bind>
</comp>

<comp id="32" class="1001" name="const_32">
<pin_list>
<pin id="33" dir="1" index="0" bw="1" slack="0"/>
</pin_list>
<bind>
<StgValue><ssdm name=""/></StgValue>
</bind>
</comp>

<comp id="34" class="1001" name="const_34">
<pin_list>
<pin id="35" dir="1" index="0" bw="1" slack="0"/>
</pin_list>
<bind>
<StgValue><ssdm name="_ssdm_op_PartSelect.i5.i22.i32"/></StgValue>
</bind>
</comp>

<comp id="36" class="1001" name="const_36">
<pin_list>
<pin id="37" dir="1" index="0" bw="1" slack="0"/>
</pin_list>
<bind>
<StgValue><ssdm name=""/></StgValue>
</bind>
</comp>

<comp id="38" class="1001" name="const_38">
<pin_list>
<pin id="39" dir="1" index="0" bw="1" slack="0"/>
</pin_list>
<bind>
<StgValue><ssdm name="_ssdm_op_PartSet.i22.i22.i5.i32"/></StgValue>
</bind>
</comp>

<comp id="40" class="1001" name="const_40">
<pin_list>
<pin id="41" dir="1" index="0" bw="1" slack="0"/>
</pin_list>
<bind>
<StgValue><ssdm name="_ssdm_op_BitSet.i10.i10.i32.i1"/></StgValue>
</bind>
</comp>

<comp id="42" class="1001" name="const_42">
<pin_list>
<pin id="43" dir="1" index="0" bw="1" slack="0"/>
</pin_list>
<bind>
<StgValue><ssdm name=""/></StgValue>
</bind>
</comp>

<comp id="44" class="1001" name="const_44">
<pin_list>
<pin id="45" dir="1" index="0" bw="1" slack="0"/>
</pin_list>
<bind>
<StgValue><ssdm name="_ssdm_op_PartSelect.i4.i10.i32"/></StgValue>
</bind>
</comp>

<comp id="46" class="1001" name="const_46">
<pin_list>
<pin id="47" dir="1" index="0" bw="1" slack="0"/>
</pin_list>
<bind>
<StgValue><ssdm name=""/></StgValue>
</bind>
</comp>

<comp id="48" class="1001" name="const_48">
<pin_list>
<pin id="49" dir="1" index="0" bw="1" slack="0"/>
</pin_list>
<bind>
<StgValue><ssdm name="_ssdm_op_BitConcatenate.i5.i4.i1"/></StgValue>
</bind>
</comp>

<comp id="50" class="1001" name="const_50">
<pin_list>
<pin id="51" dir="1" index="0" bw="1" slack="0"/>
</pin_list>
<bind>
<StgValue><ssdm name="_ssdm_op_PartSelect.i6.i22.i32"/></StgValue>
</bind>
</comp>

<comp id="52" class="1001" name="const_52">
<pin_list>
<pin id="53" dir="1" index="0" bw="1" slack="0"/>
</pin_list>
<bind>
<StgValue><ssdm name=""/></StgValue>
</bind>
</comp>

<comp id="54" class="1001" name="const_54">
<pin_list>
<pin id="55" dir="1" index="0" bw="1" slack="0"/>
</pin_list>
<bind>
<StgValue><ssdm name="_ssdm_op_PartSet.i22.i22.i6.i32"/></StgValue>
</bind>
</comp>

<comp id="56" class="1001" name="const_56">
<pin_list>
<pin id="57" dir="1" index="0" bw="1" slack="0"/>
</pin_list>
<bind>
<StgValue><ssdm name="_ssdm_op_PartSelect.i5.i10.i32"/></StgValue>
</bind>
</comp>

<comp id="58" class="1001" name="const_58">
<pin_list>
<pin id="59" dir="1" index="0" bw="1" slack="0"/>
</pin_list>
<bind>
<StgValue><ssdm name=""/></StgValue>
</bind>
</comp>

<comp id="60" class="1001" name="const_60">
<pin_list>
<pin id="61" dir="1" index="0" bw="1" slack="0"/>
</pin_list>
<bind>
<StgValue><ssdm name="_ssdm_op_BitConcatenate.i6.i5.i1"/></StgValue>
</bind>
</comp>

<comp id="62" class="1001" name="const_62">
<pin_list>
<pin id="63" dir="1" index="0" bw="1" slack="0"/>
</pin_list>
<bind>
<StgValue><ssdm name="_ssdm_op_PartSelect.i7.i22.i32"/></StgValue>
</bind>
</comp>

<comp id="64" class="1001" name="const_64">
<pin_list>
<pin id="65" dir="1" index="0" bw="1" slack="0"/>
</pin_list>
<bind>
<StgValue><ssdm name=""/></StgValue>
</bind>
</comp>

<comp id="66" class="1001" name="const_66">
<pin_list>
<pin id="67" dir="1" index="0" bw="1" slack="0"/>
</pin_list>
<bind>
<StgValue><ssdm name="_ssdm_op_PartSet.i22.i22.i7.i32"/></StgValue>
</bind>
</comp>

<comp id="68" class="1001" name="const_68">
<pin_list>
<pin id="69" dir="1" index="0" bw="1" slack="0"/>
</pin_list>
<bind>
<StgValue><ssdm name="_ssdm_op_PartSelect.i6.i10.i32"/></StgValue>
</bind>
</comp>

<comp id="70" class="1001" name="const_70">
<pin_list>
<pin id="71" dir="1" index="0" bw="1" slack="0"/>
</pin_list>
<bind>
<StgValue><ssdm name=""/></StgValue>
</bind>
</comp>

<comp id="72" class="1001" name="const_72">
<pin_list>
<pin id="73" dir="1" index="0" bw="1" slack="0"/>
</pin_list>
<bind>
<StgValue><ssdm name="_ssdm_op_BitConcatenate.i7.i6.i1"/></StgValue>
</bind>
</comp>

<comp id="74" class="1001" name="const_74">
<pin_list>
<pin id="75" dir="1" index="0" bw="1" slack="0"/>
</pin_list>
<bind>
<StgValue><ssdm name="_ssdm_op_PartSelect.i8.i22.i32"/></StgValue>
</bind>
</comp>

<comp id="76" class="1001" name="const_76">
<pin_list>
<pin id="77" dir="1" index="0" bw="1" slack="0"/>
</pin_list>
<bind>
<StgValue><ssdm name=""/></StgValue>
</bind>
</comp>

<comp id="78" class="1001" name="const_78">
<pin_list>
<pin id="79" dir="1" index="0" bw="1" slack="0"/>
</pin_list>
<bind>
<StgValue><ssdm name="_ssdm_op_PartSet.i22.i22.i8.i32"/></StgValue>
</bind>
</comp>

<comp id="80" class="1001" name="const_80">
<pin_list>
<pin id="81" dir="1" index="0" bw="1" slack="0"/>
</pin_list>
<bind>
<StgValue><ssdm name="_ssdm_op_PartSelect.i7.i10.i32"/></StgValue>
</bind>
</comp>

<comp id="82" class="1001" name="const_82">
<pin_list>
<pin id="83" dir="1" index="0" bw="1" slack="0"/>
</pin_list>
<bind>
<StgValue><ssdm name=""/></StgValue>
</bind>
</comp>

<comp id="84" class="1001" name="const_84">
<pin_list>
<pin id="85" dir="1" index="0" bw="1" slack="0"/>
</pin_list>
<bind>
<StgValue><ssdm name="_ssdm_op_BitConcatenate.i8.i7.i1"/></StgValue>
</bind>
</comp>

<comp id="86" class="1001" name="const_86">
<pin_list>
<pin id="87" dir="1" index="0" bw="1" slack="0"/>
</pin_list>
<bind>
<StgValue><ssdm name="_ssdm_op_PartSelect.i9.i22.i32"/></StgValue>
</bind>
</comp>

<comp id="88" class="1001" name="const_88">
<pin_list>
<pin id="89" dir="1" index="0" bw="1" slack="0"/>
</pin_list>
<bind>
<StgValue><ssdm name="_ssdm_op_PartSet.i22.i22.i9.i32"/></StgValue>
</bind>
</comp>

<comp id="90" class="1001" name="const_90">
<pin_list>
<pin id="91" dir="1" index="0" bw="1" slack="0"/>
</pin_list>
<bind>
<StgValue><ssdm name="_ssdm_op_PartSelect.i8.i10.i32"/></StgValue>
</bind>
</comp>

<comp id="92" class="1001" name="const_92">
<pin_list>
<pin id="93" dir="1" index="0" bw="1" slack="0"/>
</pin_list>
<bind>
<StgValue><ssdm name=""/></StgValue>
</bind>
</comp>

<comp id="94" class="1001" name="const_94">
<pin_list>
<pin id="95" dir="1" index="0" bw="1" slack="0"/>
</pin_list>
<bind>
<StgValue><ssdm name="_ssdm_op_PartSelect.i10.i22.i32"/></StgValue>
</bind>
</comp>

<comp id="96" class="1001" name="const_96">
<pin_list>
<pin id="97" dir="1" index="0" bw="1" slack="0"/>
</pin_list>
<bind>
<StgValue><ssdm name="_ssdm_op_PartSelect.i2.i32.i32.i32"/></StgValue>
</bind>
</comp>

<comp id="98" class="1001" name="const_98">
<pin_list>
<pin id="99" dir="1" index="0" bw="1" slack="0"/>
</pin_list>
<bind>
<StgValue><ssdm name=""/></StgValue>
</bind>
</comp>

<comp id="100" class="1001" name="const_100">
<pin_list>
<pin id="101" dir="1" index="0" bw="1" slack="0"/>
</pin_list>
<bind>
<StgValue><ssdm name="_ssdm_op_BitConcatenate.i14.i13.i1"/></StgValue>
</bind>
</comp>

<comp id="102" class="1001" name="const_102">
<pin_list>
<pin id="103" dir="1" index="0" bw="1" slack="0"/>
</pin_list>
<bind>
<StgValue><ssdm name=""/></StgValue>
</bind>
</comp>

<comp id="104" class="1001" name="const_104">
<pin_list>
<pin id="105" dir="1" index="0" bw="1" slack="0"/>
</pin_list>
<bind>
<StgValue><ssdm name="_ssdm_op_BitConcatenate.i9.i8.i1"/></StgValue>
</bind>
</comp>

<comp id="106" class="1001" name="const_106">
<pin_list>
<pin id="107" dir="1" index="0" bw="1" slack="0"/>
</pin_list>
<bind>
<StgValue><ssdm name="_ssdm_op_PartSet.i22.i22.i10.i32"/></StgValue>
</bind>
</comp>

<comp id="108" class="1001" name="const_108">
<pin_list>
<pin id="109" dir="1" index="0" bw="1" slack="0"/>
</pin_list>
<bind>
<StgValue><ssdm name="_ssdm_op_PartSelect.i9.i10.i32"/></StgValue>
</bind>
</comp>

<comp id="110" class="1001" name="const_110">
<pin_list>
<pin id="111" dir="1" index="0" bw="1" slack="0"/>
</pin_list>
<bind>
<StgValue><ssdm name=""/></StgValue>
</bind>
</comp>

<comp id="112" class="1001" name="const_112">
<pin_list>
<pin id="113" dir="1" index="0" bw="1" slack="0"/>
</pin_list>
<bind>
<StgValue><ssdm name="_ssdm_op_BitConcatenate.i10.i9.i1"/></StgValue>
</bind>
</comp>

<comp id="114" class="1001" name="const_114">
<pin_list>
<pin id="115" dir="1" index="0" bw="1" slack="0"/>
</pin_list>
<bind>
<StgValue><ssdm name="_ssdm_op_PartSelect.i11.i22.i32"/></StgValue>
</bind>
</comp>

<comp id="116" class="1001" name="const_116">
<pin_list>
<pin id="117" dir="1" index="0" bw="1" slack="0"/>
</pin_list>
<bind>
<StgValue><ssdm name="_ssdm_op_PartSet.i22.i22.i11.i32"/></StgValue>
</bind>
</comp>

<comp id="118" class="1001" name="const_118">
<pin_list>
<pin id="119" dir="1" index="0" bw="1" slack="0"/>
</pin_list>
<bind>
<StgValue><ssdm name="_ssdm_op_BitConcatenate.i11.i10.i1"/></StgValue>
</bind>
</comp>

<comp id="120" class="1001" name="const_120">
<pin_list>
<pin id="121" dir="1" index="0" bw="1" slack="0"/>
</pin_list>
<bind>
<StgValue><ssdm name="_ssdm_op_PartSet.i22.i22.i12.i32"/></StgValue>
</bind>
</comp>

<comp id="122" class="1001" name="const_122">
<pin_list>
<pin id="123" dir="1" index="0" bw="1" slack="0"/>
</pin_list>
<bind>
<StgValue><ssdm name=""/></StgValue>
</bind>
</comp>

<comp id="124" class="1001" name="const_124">
<pin_list>
<pin id="125" dir="1" index="0" bw="1" slack="0"/>
</pin_list>
<bind>
<StgValue><ssdm name=""/></StgValue>
</bind>
</comp>

<comp id="126" class="1001" name="const_126">
<pin_list>
<pin id="127" dir="1" index="0" bw="1" slack="0"/>
</pin_list>
<bind>
<StgValue><ssdm name=""/></StgValue>
</bind>
</comp>

<comp id="128" class="1001" name="const_128">
<pin_list>
<pin id="129" dir="1" index="0" bw="1" slack="0"/>
</pin_list>
<bind>
<StgValue><ssdm name=""/></StgValue>
</bind>
</comp>

<comp id="130" class="1001" name="const_130">
<pin_list>
<pin id="131" dir="1" index="0" bw="1" slack="0"/>
</pin_list>
<bind>
<StgValue><ssdm name=""/></StgValue>
</bind>
</comp>

<comp id="132" class="1001" name="const_132">
<pin_list>
<pin id="133" dir="1" index="0" bw="1" slack="0"/>
</pin_list>
<bind>
<StgValue><ssdm name="_ssdm_op_PartSelect.i2.i14.i32"/></StgValue>
</bind>
</comp>

<comp id="134" class="1001" name="const_134">
<pin_list>
<pin id="135" dir="1" index="0" bw="1" slack="0"/>
</pin_list>
<bind>
<StgValue><ssdm name="_ssdm_op_BitConcatenate.i14.i1.i2.i11"/></StgValue>
</bind>
</comp>

<comp id="136" class="1001" name="const_136">
<pin_list>
<pin id="137" dir="1" index="0" bw="1" slack="0"/>
</pin_list>
<bind>
<StgValue><ssdm name=""/></StgValue>
</bind>
</comp>

<comp id="138" class="1001" name="const_138">
<pin_list>
<pin id="139" dir="1" index="0" bw="1" slack="0"/>
</pin_list>
<bind>
<StgValue><ssdm name="_ssdm_op_PartSelect.i9.i10.i32.i32"/></StgValue>
</bind>
</comp>

<comp id="140" class="1001" name="const_140">
<pin_list>
<pin id="141" dir="1" index="0" bw="1" slack="0"/>
</pin_list>
<bind>
<StgValue><ssdm name=""/></StgValue>
</bind>
</comp>

<comp id="142" class="1001" name="const_142">
<pin_list>
<pin id="143" dir="1" index="0" bw="1" slack="0"/>
</pin_list>
<bind>
<StgValue><ssdm name="_ssdm_op_PartSelect.i8.i10.i32.i32"/></StgValue>
</bind>
</comp>

<comp id="144" class="1001" name="const_144">
<pin_list>
<pin id="145" dir="1" index="0" bw="1" slack="0"/>
</pin_list>
<bind>
<StgValue><ssdm name="_ssdm_op_PartSelect.i7.i10.i32.i32"/></StgValue>
</bind>
</comp>

<comp id="146" class="1001" name="const_146">
<pin_list>
<pin id="147" dir="1" index="0" bw="1" slack="0"/>
</pin_list>
<bind>
<StgValue><ssdm name="_ssdm_op_PartSelect.i6.i10.i32.i32"/></StgValue>
</bind>
</comp>

<comp id="148" class="1001" name="const_148">
<pin_list>
<pin id="149" dir="1" index="0" bw="1" slack="0"/>
</pin_list>
<bind>
<StgValue><ssdm name="_ssdm_op_PartSelect.i5.i10.i32.i32"/></StgValue>
</bind>
</comp>

<comp id="150" class="1001" name="const_150">
<pin_list>
<pin id="151" dir="1" index="0" bw="1" slack="0"/>
</pin_list>
<bind>
<StgValue><ssdm name="_ssdm_op_PartSelect.i4.i10.i32.i32"/></StgValue>
</bind>
</comp>

<comp id="152" class="1001" name="const_152">
<pin_list>
<pin id="153" dir="1" index="0" bw="1" slack="0"/>
</pin_list>
<bind>
<StgValue><ssdm name="_ssdm_op_PartSelect.i3.i10.i32.i32"/></StgValue>
</bind>
</comp>

<comp id="154" class="1001" name="const_154">
<pin_list>
<pin id="155" dir="1" index="0" bw="1" slack="0"/>
</pin_list>
<bind>
<StgValue><ssdm name="_ssdm_op_PartSelect.i2.i10.i32.i32"/></StgValue>
</bind>
</comp>

<comp id="156" class="1001" name="const_156">
<pin_list>
<pin id="157" dir="1" index="0" bw="1" slack="0"/>
</pin_list>
<bind>
<StgValue><ssdm name="_ssdm_op_BitSelect.i1.i10.i32"/></StgValue>
</bind>
</comp>

<comp id="158" class="1001" name="const_158">
<pin_list>
<pin id="159" dir="1" index="0" bw="1" slack="0"/>
</pin_list>
<bind>
<StgValue><ssdm name="_ssdm_op_BitSet.i14.i14.i32.i1"/></StgValue>
</bind>
</comp>

<comp id="160" class="1001" name="const_160">
<pin_list>
<pin id="161" dir="1" index="0" bw="1" slack="0"/>
</pin_list>
<bind>
<StgValue><ssdm name="_ssdm_op_PartSelect.i3.i14.i32"/></StgValue>
</bind>
</comp>

<comp id="162" class="1001" name="const_162">
<pin_list>
<pin id="163" dir="1" index="0" bw="1" slack="0"/>
</pin_list>
<bind>
<StgValue><ssdm name="_ssdm_op_BitConcatenate.i14.i2.i3.i9"/></StgValue>
</bind>
</comp>

<comp id="164" class="1001" name="const_164">
<pin_list>
<pin id="165" dir="1" index="0" bw="1" slack="0"/>
</pin_list>
<bind>
<StgValue><ssdm name=""/></StgValue>
</bind>
</comp>

<comp id="166" class="1001" name="const_166">
<pin_list>
<pin id="167" dir="1" index="0" bw="1" slack="0"/>
</pin_list>
<bind>
<StgValue><ssdm name="_ssdm_op_PartSelect.i4.i14.i32"/></StgValue>
</bind>
</comp>

<comp id="168" class="1001" name="const_168">
<pin_list>
<pin id="169" dir="1" index="0" bw="1" slack="0"/>
</pin_list>
<bind>
<StgValue><ssdm name="_ssdm_op_BitConcatenate.i14.i3.i4.i7"/></StgValue>
</bind>
</comp>

<comp id="170" class="1001" name="const_170">
<pin_list>
<pin id="171" dir="1" index="0" bw="1" slack="0"/>
</pin_list>
<bind>
<StgValue><ssdm name=""/></StgValue>
</bind>
</comp>

<comp id="172" class="1001" name="const_172">
<pin_list>
<pin id="173" dir="1" index="0" bw="1" slack="0"/>
</pin_list>
<bind>
<StgValue><ssdm name="_ssdm_op_PartSelect.i5.i14.i32"/></StgValue>
</bind>
</comp>

<comp id="174" class="1001" name="const_174">
<pin_list>
<pin id="175" dir="1" index="0" bw="1" slack="0"/>
</pin_list>
<bind>
<StgValue><ssdm name="_ssdm_op_BitConcatenate.i14.i4.i5.i5"/></StgValue>
</bind>
</comp>

<comp id="176" class="1001" name="const_176">
<pin_list>
<pin id="177" dir="1" index="0" bw="1" slack="0"/>
</pin_list>
<bind>
<StgValue><ssdm name=""/></StgValue>
</bind>
</comp>

<comp id="178" class="1001" name="const_178">
<pin_list>
<pin id="179" dir="1" index="0" bw="1" slack="0"/>
</pin_list>
<bind>
<StgValue><ssdm name="_ssdm_op_PartSelect.i6.i14.i32"/></StgValue>
</bind>
</comp>

<comp id="180" class="1001" name="const_180">
<pin_list>
<pin id="181" dir="1" index="0" bw="1" slack="0"/>
</pin_list>
<bind>
<StgValue><ssdm name="_ssdm_op_BitConcatenate.i14.i5.i6.i3"/></StgValue>
</bind>
</comp>

<comp id="182" class="1001" name="const_182">
<pin_list>
<pin id="183" dir="1" index="0" bw="1" slack="0"/>
</pin_list>
<bind>
<StgValue><ssdm name=""/></StgValue>
</bind>
</comp>

<comp id="184" class="1001" name="const_184">
<pin_list>
<pin id="185" dir="1" index="0" bw="1" slack="0"/>
</pin_list>
<bind>
<StgValue><ssdm name="_ssdm_op_PartSelect.i7.i14.i32"/></StgValue>
</bind>
</comp>

<comp id="186" class="1001" name="const_186">
<pin_list>
<pin id="187" dir="1" index="0" bw="1" slack="0"/>
</pin_list>
<bind>
<StgValue><ssdm name="_ssdm_op_BitConcatenate.i14.i6.i7.i1"/></StgValue>
</bind>
</comp>

<comp id="188" class="1001" name="const_188">
<pin_list>
<pin id="189" dir="1" index="0" bw="1" slack="0"/>
</pin_list>
<bind>
<StgValue><ssdm name="_ssdm_op_BitSelect.i1.i14.i32"/></StgValue>
</bind>
</comp>

<comp id="190" class="1001" name="const_190">
<pin_list>
<pin id="191" dir="1" index="0" bw="1" slack="0"/>
</pin_list>
<bind>
<StgValue><ssdm name="_ssdm_op_PartSelect.i7.i14.i32.i32"/></StgValue>
</bind>
</comp>

<comp id="192" class="1001" name="const_192">
<pin_list>
<pin id="193" dir="1" index="0" bw="1" slack="0"/>
</pin_list>
<bind>
<StgValue><ssdm name="_ssdm_op_BitConcatenate.i14.i7.i7"/></StgValue>
</bind>
</comp>

<comp id="194" class="1001" name="const_194">
<pin_list>
<pin id="195" dir="1" index="0" bw="1" slack="0"/>
</pin_list>
<bind>
<StgValue><ssdm name=""/></StgValue>
</bind>
</comp>

<comp id="196" class="1001" name="const_196">
<pin_list>
<pin id="197" dir="1" index="0" bw="1" slack="0"/>
</pin_list>
<bind>
<StgValue><ssdm name="_ssdm_op_BitConcatenate.i14.i1.i13"/></StgValue>
</bind>
</comp>

<comp id="198" class="1001" name="const_198">
<pin_list>
<pin id="199" dir="1" index="0" bw="1" slack="0"/>
</pin_list>
<bind>
<StgValue><ssdm name=""/></StgValue>
</bind>
</comp>

<comp id="200" class="1001" name="const_200">
<pin_list>
<pin id="201" dir="1" index="0" bw="1" slack="0"/>
</pin_list>
<bind>
<StgValue><ssdm name="_ssdm_op_PartSelect.i3.i14.i32.i32"/></StgValue>
</bind>
</comp>

<comp id="202" class="1001" name="const_202">
<pin_list>
<pin id="203" dir="1" index="0" bw="1" slack="0"/>
</pin_list>
<bind>
<StgValue><ssdm name="_ssdm_op_PartSelect.i6.i14.i32.i32"/></StgValue>
</bind>
</comp>

<comp id="204" class="1001" name="const_204">
<pin_list>
<pin id="205" dir="1" index="0" bw="1" slack="0"/>
</pin_list>
<bind>
<StgValue><ssdm name="_ssdm_op_BitConcatenate.i14.i8.i6"/></StgValue>
</bind>
</comp>

<comp id="206" class="1001" name="const_206">
<pin_list>
<pin id="207" dir="1" index="0" bw="1" slack="0"/>
</pin_list>
<bind>
<StgValue><ssdm name="_ssdm_op_BitConcatenate.i14.i3.i11"/></StgValue>
</bind>
</comp>

<comp id="208" class="1001" name="const_208">
<pin_list>
<pin id="209" dir="1" index="0" bw="1" slack="0"/>
</pin_list>
<bind>
<StgValue><ssdm name="_ssdm_op_PartSelect.i5.i14.i32.i32"/></StgValue>
</bind>
</comp>

<comp id="210" class="1001" name="const_210">
<pin_list>
<pin id="211" dir="1" index="0" bw="1" slack="0"/>
</pin_list>
<bind>
<StgValue><ssdm name="_ssdm_op_BitConcatenate.i14.i9.i5"/></StgValue>
</bind>
</comp>

<comp id="212" class="1001" name="const_212">
<pin_list>
<pin id="213" dir="1" index="0" bw="1" slack="0"/>
</pin_list>
<bind>
<StgValue><ssdm name="_ssdm_op_BitConcatenate.i14.i5.i9"/></StgValue>
</bind>
</comp>

<comp id="214" class="1001" name="const_214">
<pin_list>
<pin id="215" dir="1" index="0" bw="1" slack="0"/>
</pin_list>
<bind>
<StgValue><ssdm name="_ssdm_op_PartSelect.i4.i14.i32.i32"/></StgValue>
</bind>
</comp>

<comp id="216" class="1001" name="const_216">
<pin_list>
<pin id="217" dir="1" index="0" bw="1" slack="0"/>
</pin_list>
<bind>
<StgValue><ssdm name="_ssdm_op_BitConcatenate.i14.i10.i4"/></StgValue>
</bind>
</comp>

<comp id="218" class="1001" name="const_218">
<pin_list>
<pin id="219" dir="1" index="0" bw="1" slack="0"/>
</pin_list>
<bind>
<StgValue><ssdm name=""/></StgValue>
</bind>
</comp>

<comp id="220" class="1001" name="const_220">
<pin_list>
<pin id="221" dir="1" index="0" bw="1" slack="2147483647"/>
</pin_list>
<bind>
<StgValue><ssdm name="_ssdm_op_SpecPipeline"/></StgValue>
</bind>
</comp>

<comp id="222" class="1001" name="const_222">
<pin_list>
<pin id="223" dir="1" index="0" bw="1" slack="2147483647"/>
</pin_list>
<bind>
<StgValue><ssdm name=""/></StgValue>
</bind>
</comp>

<comp id="224" class="1001" name="const_224">
<pin_list>
<pin id="225" dir="1" index="0" bw="1" slack="2147483647"/>
</pin_list>
<bind>
<StgValue><ssdm name="empty_21"/></StgValue>
</bind>
</comp>

<comp id="226" class="1001" name="const_226">
<pin_list>
<pin id="227" dir="1" index="0" bw="1" slack="0"/>
</pin_list>
<bind>
<StgValue><ssdm name="_ssdm_op_BitSelect.i1.i32.i32"/></StgValue>
</bind>
</comp>

<comp id="228" class="1001" name="const_228">
<pin_list>
<pin id="229" dir="1" index="0" bw="1" slack="0"/>
</pin_list>
<bind>
<StgValue><ssdm name="_ssdm_op_PartSelect.i9.i14.i32.i32"/></StgValue>
</bind>
</comp>

<comp id="230" class="1001" name="const_230">
<pin_list>
<pin id="231" dir="1" index="0" bw="1" slack="0"/>
</pin_list>
<bind>
<StgValue><ssdm name="_ssdm_op_BitConcatenate.i13.i10.i3"/></StgValue>
</bind>
</comp>

<comp id="232" class="1001" name="const_232">
<pin_list>
<pin id="233" dir="1" index="0" bw="1" slack="0"/>
</pin_list>
<bind>
<StgValue><ssdm name="_ssdm_op_PartSelect.i11.i14.i32.i32"/></StgValue>
</bind>
</comp>

<comp id="234" class="1001" name="const_234">
<pin_list>
<pin id="235" dir="1" index="0" bw="1" slack="0"/>
</pin_list>
<bind>
<StgValue><ssdm name="_ssdm_op_PartSelect.i2.i14.i32.i32"/></StgValue>
</bind>
</comp>

<comp id="236" class="1001" name="const_236">
<pin_list>
<pin id="237" dir="1" index="0" bw="1" slack="0"/>
</pin_list>
<bind>
<StgValue><ssdm name="_ssdm_op_BitConcatenate.i12.i10.i2"/></StgValue>
</bind>
</comp>

<comp id="238" class="1001" name="const_238">
<pin_list>
<pin id="239" dir="1" index="0" bw="1" slack="0"/>
</pin_list>
<bind>
<StgValue><ssdm name="_ssdm_op_BitConcatenate.i14.i11.i3"/></StgValue>
</bind>
</comp>

<comp id="240" class="1001" name="const_240">
<pin_list>
<pin id="241" dir="1" index="0" bw="1" slack="0"/>
</pin_list>
<bind>
<StgValue><ssdm name=""/></StgValue>
</bind>
</comp>

<comp id="242" class="1001" name="const_242">
<pin_list>
<pin id="243" dir="1" index="0" bw="1" slack="0"/>
</pin_list>
<bind>
<StgValue><ssdm name=""/></StgValue>
</bind>
</comp>

<comp id="244" class="1001" name="const_244">
<pin_list>
<pin id="245" dir="1" index="0" bw="1" slack="0"/>
</pin_list>
<bind>
<StgValue><ssdm name=""/></StgValue>
</bind>
</comp>

<comp id="246" class="1001" name="const_246">
<pin_list>
<pin id="247" dir="1" index="0" bw="1" slack="0"/>
</pin_list>
<bind>
<StgValue><ssdm name="_ssdm_op_BitSelect.i1.i15.i32"/></StgValue>
</bind>
</comp>

<comp id="248" class="1001" name="const_248">
<pin_list>
<pin id="249" dir="1" index="0" bw="1" slack="0"/>
</pin_list>
<bind>
<StgValue><ssdm name=""/></StgValue>
</bind>
</comp>

<comp id="250" class="1001" name="const_250">
<pin_list>
<pin id="251" dir="1" index="0" bw="1" slack="0"/>
</pin_list>
<bind>
<StgValue><ssdm name="_ssdm_op_PartSelect.i13.i15.i32.i32"/></StgValue>
</bind>
</comp>

<comp id="252" class="1001" name="const_252">
<pin_list>
<pin id="253" dir="1" index="0" bw="1" slack="0"/>
</pin_list>
<bind>
<StgValue><ssdm name="_ssdm_op_BitConcatenate.i23.i10.i13"/></StgValue>
</bind>
</comp>

<comp id="254" class="1001" name="const_254">
<pin_list>
<pin id="255" dir="1" index="0" bw="1" slack="0"/>
</pin_list>
<bind>
<StgValue><ssdm name=""/></StgValue>
</bind>
</comp>

<comp id="256" class="1004" name="x_read_read_fu_256">
<pin_list>
<pin id="257" dir="0" index="0" bw="32" slack="0"/>
<pin id="258" dir="0" index="1" bw="32" slack="0"/>
<pin id="259" dir="1" index="2" bw="32" slack="0"/>
</pin_list>
<bind>
<opcode="read(1150) " fcode="read"/>
<opset="x_read/1 "/>
</bind>
</comp>

<comp id="262" class="1004" name="tmp_22_fu_262">
<pin_list>
<pin id="263" dir="0" index="0" bw="19" slack="0"/>
<pin id="264" dir="0" index="1" bw="32" slack="0"/>
<pin id="265" dir="0" index="2" bw="5" slack="0"/>
<pin id="266" dir="0" index="3" bw="6" slack="0"/>
<pin id="267" dir="1" index="4" bw="19" slack="0"/>
</pin_list>
<bind>
<opcode="partselect(1002) " fcode="partselect"/>
<opset="tmp_22/1 "/>
</bind>
</comp>

<comp id="272" class="1004" name="zext_ln212_fu_272">
<pin_list>
<pin id="273" dir="0" index="0" bw="19" slack="0"/>
<pin id="274" dir="1" index="1" bw="22" slack="0"/>
</pin_list>
<bind>
<opcode="zext(34) " fcode="zext"/>
<opset="zext_ln212/1 "/>
</bind>
</comp>

<comp id="276" class="1004" name="trunc_ln213_fu_276">
<pin_list>
<pin id="277" dir="0" index="0" bw="32" slack="0"/>
<pin id="278" dir="1" index="1" bw="13" slack="1"/>
</pin_list>
<bind>
<opcode="trunc(33) " fcode="trunc"/>
<opset="trunc_ln213/1 "/>
</bind>
</comp>

<comp id="280" class="1004" name="tmp_1_fu_280">
<pin_list>
<pin id="281" dir="0" index="0" bw="3" slack="0"/>
<pin id="282" dir="0" index="1" bw="32" slack="0"/>
<pin id="283" dir="0" index="2" bw="6" slack="0"/>
<pin id="284" dir="0" index="3" bw="6" slack="0"/>
<pin id="285" dir="1" index="4" bw="3" slack="0"/>
</pin_list>
<bind>
<opcode="partselect(1002) " fcode="partselect"/>
<opset="tmp_1/1 "/>
</bind>
</comp>

<comp id="290" class="1004" name="zext_ln258_fu_290">
<pin_list>
<pin id="291" dir="0" index="0" bw="3" slack="0"/>
<pin id="292" dir="1" index="1" bw="4" slack="0"/>
</pin_list>
<bind>
<opcode="zext(34) " fcode="zext"/>
<opset="zext_ln258/1 "/>
</bind>
</comp>

<comp id="294" class="1004" name="icmp_ln258_fu_294">
<pin_list>
<pin id="295" dir="0" index="0" bw="3" slack="0"/>
<pin id="296" dir="0" index="1" bw="1" slack="0"/>
<pin id="297" dir="1" index="2" bw="1" slack="0"/>
</pin_list>
<bind>
<opcode="icmp(45) " fcode="icmp"/>
<opset="icmp_ln258/1 "/>
</bind>
</comp>

<comp id="300" class="1004" name="add_ln263_fu_300">
<pin_list>
<pin id="301" dir="0" index="0" bw="3" slack="0"/>
<pin id="302" dir="0" index="1" bw="1" slack="0"/>
<pin id="303" dir="1" index="2" bw="4" slack="0"/>
</pin_list>
<bind>
<opcode="add(8) " fcode="add"/>
<opset="add_ln263/1 "/>
</bind>
</comp>

<comp id="306" class="1004" name="x_l_I_fu_306">
<pin_list>
<pin id="307" dir="0" index="0" bw="22" slack="0"/>
<pin id="308" dir="0" index="1" bw="19" slack="0"/>
<pin id="309" dir="0" index="2" bw="4" slack="0"/>
<pin id="310" dir="0" index="3" bw="6" slack="0"/>
<pin id="311" dir="1" index="4" bw="22" slack="0"/>
</pin_list>
<bind>
<opcode="partset(1003) " fcode="partset"/>
<opset="x_l_I/1 "/>
</bind>
</comp>

<comp id="316" class="1004" name="x_l_I_1_fu_316">
<pin_list>
<pin id="317" dir="0" index="0" bw="1" slack="0"/>
<pin id="318" dir="0" index="1" bw="19" slack="0"/>
<pin id="319" dir="0" index="2" bw="22" slack="0"/>
<pin id="320" dir="1" index="3" bw="22" slack="0"/>
</pin_list>
<bind>
<opcode="select(49) " fcode="select"/>
<opset="x_l_I_1/1 "/>
</bind>
</comp>

<comp id="324" class="1004" name="select_ln216_fu_324">
<pin_list>
<pin id="325" dir="0" index="0" bw="1" slack="0"/>
<pin id="326" dir="0" index="1" bw="1" slack="0"/>
<pin id="327" dir="0" index="2" bw="10" slack="0"/>
<pin id="328" dir="1" index="3" bw="10" slack="0"/>
</pin_list>
<bind>
<opcode="select(49) " fcode="select"/>
<opset="select_ln216/1 "/>
</bind>
</comp>

<comp id="332" class="1004" name="select_ln216_1_fu_332">
<pin_list>
<pin id="333" dir="0" index="0" bw="1" slack="0"/>
<pin id="334" dir="0" index="1" bw="1" slack="0"/>
<pin id="335" dir="0" index="2" bw="2" slack="0"/>
<pin id="336" dir="1" index="3" bw="2" slack="0"/>
</pin_list>
<bind>
<opcode="select(49) " fcode="select"/>
<opset="select_ln216_1/1 "/>
</bind>
</comp>

<comp id="340" class="1004" name="tmp_3_fu_340">
<pin_list>
<pin id="341" dir="0" index="0" bw="3" slack="0"/>
<pin id="342" dir="0" index="1" bw="2" slack="0"/>
<pin id="343" dir="0" index="2" bw="1" slack="0"/>
<pin id="344" dir="1" index="3" bw="3" slack="0"/>
</pin_list>
<bind>
<opcode="bitconcatenate(1004) " fcode="bitconcatenate"/>
<opset="tmp_3/1 "/>
</bind>
</comp>

<comp id="348" class="1004" name="tmp_2_fu_348">
<pin_list>
<pin id="349" dir="0" index="0" bw="5" slack="0"/>
<pin id="350" dir="0" index="1" bw="22" slack="0"/>
<pin id="351" dir="0" index="2" bw="5" slack="0"/>
<pin id="352" dir="1" index="3" bw="5" slack="0"/>
</pin_list>
<bind>
<opcode="partselect(1002) " fcode="partselect"/>
<opset="tmp_2/1 "/>
</bind>
</comp>

<comp id="356" class="1004" name="zext_ln258_1_fu_356">
<pin_list>
<pin id="357" dir="0" index="0" bw="3" slack="0"/>
<pin id="358" dir="1" index="1" bw="5" slack="0"/>
</pin_list>
<bind>
<opcode="zext(34) " fcode="zext"/>
<opset="zext_ln258_1/1 "/>
</bind>
</comp>

<comp id="360" class="1004" name="icmp_ln258_1_fu_360">
<pin_list>
<pin id="361" dir="0" index="0" bw="5" slack="0"/>
<pin id="362" dir="0" index="1" bw="3" slack="0"/>
<pin id="363" dir="1" index="2" bw="1" slack="0"/>
</pin_list>
<bind>
<opcode="icmp(45) " fcode="icmp"/>
<opset="icmp_ln258_1/1 "/>
</bind>
</comp>

<comp id="366" class="1004" name="sub_ln263_fu_366">
<pin_list>
<pin id="367" dir="0" index="0" bw="5" slack="0"/>
<pin id="368" dir="0" index="1" bw="3" slack="0"/>
<pin id="369" dir="1" index="2" bw="5" slack="0"/>
</pin_list>
<bind>
<opcode="sub(10) " fcode="sub"/>
<opset="sub_ln263/1 "/>
</bind>
</comp>

<comp id="372" class="1004" name="x_l_I_2_fu_372">
<pin_list>
<pin id="373" dir="0" index="0" bw="22" slack="0"/>
<pin id="374" dir="0" index="1" bw="22" slack="0"/>
<pin id="375" dir="0" index="2" bw="5" slack="0"/>
<pin id="376" dir="0" index="3" bw="5" slack="0"/>
<pin id="377" dir="1" index="4" bw="22" slack="0"/>
</pin_list>
<bind>
<opcode="partset(1003) " fcode="partset"/>
<opset="x_l_I_2/1 "/>
</bind>
</comp>

<comp id="382" class="1004" name="res_I_fu_382">
<pin_list>
<pin id="383" dir="0" index="0" bw="10" slack="0"/>
<pin id="384" dir="0" index="1" bw="10" slack="0"/>
<pin id="385" dir="0" index="2" bw="4" slack="0"/>
<pin id="386" dir="0" index="3" bw="1" slack="0"/>
<pin id="387" dir="1" index="4" bw="10" slack="0"/>
</pin_list>
<bind>
<opcode="bitset(1001) " fcode="bitset"/>
<opset="res_I/1 "/>
</bind>
</comp>

<comp id="392" class="1004" name="x_l_I_5_fu_392">
<pin_list>
<pin id="393" dir="0" index="0" bw="1" slack="0"/>
<pin id="394" dir="0" index="1" bw="22" slack="0"/>
<pin id="395" dir="0" index="2" bw="22" slack="0"/>
<pin id="396" dir="1" index="3" bw="22" slack="0"/>
</pin_list>
<bind>
<opcode="select(49) " fcode="select"/>
<opset="x_l_I_5/1 "/>
</bind>
</comp>

<comp id="400" class="1004" name="res_I_1_fu_400">
<pin_list>
<pin id="401" dir="0" index="0" bw="1" slack="0"/>
<pin id="402" dir="0" index="1" bw="10" slack="0"/>
<pin id="403" dir="0" index="2" bw="10" slack="0"/>
<pin id="404" dir="1" index="3" bw="10" slack="0"/>
</pin_list>
<bind>
<opcode="select(49) " fcode="select"/>
<opset="res_I_1/1 "/>
</bind>
</comp>

<comp id="408" class="1004" name="tmp_5_fu_408">
<pin_list>
<pin id="409" dir="0" index="0" bw="4" slack="0"/>
<pin id="410" dir="0" index="1" bw="10" slack="0"/>
<pin id="411" dir="0" index="2" bw="4" slack="0"/>
<pin id="412" dir="1" index="3" bw="4" slack="0"/>
</pin_list>
<bind>
<opcode="partselect(1002) " fcode="partselect"/>
<opset="tmp_5/1 "/>
</bind>
</comp>

<comp id="416" class="1004" name="tmp_4_fu_416">
<pin_list>
<pin id="417" dir="0" index="0" bw="5" slack="0"/>
<pin id="418" dir="0" index="1" bw="4" slack="0"/>
<pin id="419" dir="0" index="2" bw="1" slack="0"/>
<pin id="420" dir="1" index="3" bw="5" slack="0"/>
</pin_list>
<bind>
<opcode="bitconcatenate(1004) " fcode="bitconcatenate"/>
<opset="tmp_4/1 "/>
</bind>
</comp>

<comp id="424" class="1004" name="tmp_8_fu_424">
<pin_list>
<pin id="425" dir="0" index="0" bw="6" slack="0"/>
<pin id="426" dir="0" index="1" bw="22" slack="0"/>
<pin id="427" dir="0" index="2" bw="5" slack="0"/>
<pin id="428" dir="1" index="3" bw="6" slack="0"/>
</pin_list>
<bind>
<opcode="partselect(1002) " fcode="partselect"/>
<opset="tmp_8/1 "/>
</bind>
</comp>

<comp id="432" class="1004" name="zext_ln258_2_fu_432">
<pin_list>
<pin id="433" dir="0" index="0" bw="5" slack="0"/>
<pin id="434" dir="1" index="1" bw="6" slack="0"/>
</pin_list>
<bind>
<opcode="zext(34) " fcode="zext"/>
<opset="zext_ln258_2/1 "/>
</bind>
</comp>

<comp id="436" class="1004" name="icmp_ln258_2_fu_436">
<pin_list>
<pin id="437" dir="0" index="0" bw="6" slack="0"/>
<pin id="438" dir="0" index="1" bw="5" slack="0"/>
<pin id="439" dir="1" index="2" bw="1" slack="0"/>
</pin_list>
<bind>
<opcode="icmp(45) " fcode="icmp"/>
<opset="icmp_ln258_2/1 "/>
</bind>
</comp>

<comp id="442" class="1004" name="sub_ln263_1_fu_442">
<pin_list>
<pin id="443" dir="0" index="0" bw="6" slack="0"/>
<pin id="444" dir="0" index="1" bw="5" slack="0"/>
<pin id="445" dir="1" index="2" bw="6" slack="0"/>
</pin_list>
<bind>
<opcode="sub(10) " fcode="sub"/>
<opset="sub_ln263_1/1 "/>
</bind>
</comp>

<comp id="448" class="1004" name="x_l_I_6_fu_448">
<pin_list>
<pin id="449" dir="0" index="0" bw="22" slack="0"/>
<pin id="450" dir="0" index="1" bw="22" slack="0"/>
<pin id="451" dir="0" index="2" bw="6" slack="0"/>
<pin id="452" dir="0" index="3" bw="5" slack="0"/>
<pin id="453" dir="1" index="4" bw="22" slack="0"/>
</pin_list>
<bind>
<opcode="partset(1003) " fcode="partset"/>
<opset="x_l_I_6/1 "/>
</bind>
</comp>

<comp id="458" class="1004" name="res_I_2_fu_458">
<pin_list>
<pin id="459" dir="0" index="0" bw="10" slack="0"/>
<pin id="460" dir="0" index="1" bw="10" slack="0"/>
<pin id="461" dir="0" index="2" bw="4" slack="0"/>
<pin id="462" dir="0" index="3" bw="1" slack="0"/>
<pin id="463" dir="1" index="4" bw="10" slack="0"/>
</pin_list>
<bind>
<opcode="bitset(1001) " fcode="bitset"/>
<opset="res_I_2/1 "/>
</bind>
</comp>

<comp id="468" class="1004" name="x_l_I_7_fu_468">
<pin_list>
<pin id="469" dir="0" index="0" bw="1" slack="0"/>
<pin id="470" dir="0" index="1" bw="22" slack="0"/>
<pin id="471" dir="0" index="2" bw="22" slack="0"/>
<pin id="472" dir="1" index="3" bw="22" slack="0"/>
</pin_list>
<bind>
<opcode="select(49) " fcode="select"/>
<opset="x_l_I_7/1 "/>
</bind>
</comp>

<comp id="476" class="1004" name="res_I_3_fu_476">
<pin_list>
<pin id="477" dir="0" index="0" bw="1" slack="0"/>
<pin id="478" dir="0" index="1" bw="10" slack="0"/>
<pin id="479" dir="0" index="2" bw="10" slack="0"/>
<pin id="480" dir="1" index="3" bw="10" slack="0"/>
</pin_list>
<bind>
<opcode="select(49) " fcode="select"/>
<opset="res_I_3/1 "/>
</bind>
</comp>

<comp id="484" class="1004" name="tmp_6_fu_484">
<pin_list>
<pin id="485" dir="0" index="0" bw="5" slack="0"/>
<pin id="486" dir="0" index="1" bw="10" slack="0"/>
<pin id="487" dir="0" index="2" bw="4" slack="0"/>
<pin id="488" dir="1" index="3" bw="5" slack="0"/>
</pin_list>
<bind>
<opcode="partselect(1002) " fcode="partselect"/>
<opset="tmp_6/1 "/>
</bind>
</comp>

<comp id="492" class="1004" name="tmp_7_fu_492">
<pin_list>
<pin id="493" dir="0" index="0" bw="6" slack="0"/>
<pin id="494" dir="0" index="1" bw="5" slack="0"/>
<pin id="495" dir="0" index="2" bw="1" slack="0"/>
<pin id="496" dir="1" index="3" bw="6" slack="0"/>
</pin_list>
<bind>
<opcode="bitconcatenate(1004) " fcode="bitconcatenate"/>
<opset="tmp_7/1 "/>
</bind>
</comp>

<comp id="500" class="1004" name="tmp_9_fu_500">
<pin_list>
<pin id="501" dir="0" index="0" bw="7" slack="0"/>
<pin id="502" dir="0" index="1" bw="22" slack="0"/>
<pin id="503" dir="0" index="2" bw="5" slack="0"/>
<pin id="504" dir="1" index="3" bw="7" slack="0"/>
</pin_list>
<bind>
<opcode="partselect(1002) " fcode="partselect"/>
<opset="tmp_9/1 "/>
</bind>
</comp>

<comp id="508" class="1004" name="zext_ln258_3_fu_508">
<pin_list>
<pin id="509" dir="0" index="0" bw="6" slack="0"/>
<pin id="510" dir="1" index="1" bw="7" slack="0"/>
</pin_list>
<bind>
<opcode="zext(34) " fcode="zext"/>
<opset="zext_ln258_3/1 "/>
</bind>
</comp>

<comp id="512" class="1004" name="icmp_ln258_3_fu_512">
<pin_list>
<pin id="513" dir="0" index="0" bw="7" slack="0"/>
<pin id="514" dir="0" index="1" bw="6" slack="0"/>
<pin id="515" dir="1" index="2" bw="1" slack="0"/>
</pin_list>
<bind>
<opcode="icmp(45) " fcode="icmp"/>
<opset="icmp_ln258_3/1 "/>
</bind>
</comp>

<comp id="518" class="1004" name="sub_ln263_2_fu_518">
<pin_list>
<pin id="519" dir="0" index="0" bw="7" slack="0"/>
<pin id="520" dir="0" index="1" bw="6" slack="0"/>
<pin id="521" dir="1" index="2" bw="7" slack="0"/>
</pin_list>
<bind>
<opcode="sub(10) " fcode="sub"/>
<opset="sub_ln263_2/1 "/>
</bind>
</comp>

<comp id="524" class="1004" name="x_l_I_8_fu_524">
<pin_list>
<pin id="525" dir="0" index="0" bw="22" slack="0"/>
<pin id="526" dir="0" index="1" bw="22" slack="0"/>
<pin id="527" dir="0" index="2" bw="7" slack="0"/>
<pin id="528" dir="0" index="3" bw="5" slack="0"/>
<pin id="529" dir="1" index="4" bw="22" slack="0"/>
</pin_list>
<bind>
<opcode="partset(1003) " fcode="partset"/>
<opset="x_l_I_8/1 "/>
</bind>
</comp>

<comp id="534" class="1004" name="res_I_4_fu_534">
<pin_list>
<pin id="535" dir="0" index="0" bw="10" slack="0"/>
<pin id="536" dir="0" index="1" bw="10" slack="0"/>
<pin id="537" dir="0" index="2" bw="4" slack="0"/>
<pin id="538" dir="0" index="3" bw="1" slack="0"/>
<pin id="539" dir="1" index="4" bw="10" slack="0"/>
</pin_list>
<bind>
<opcode="bitset(1001) " fcode="bitset"/>
<opset="res_I_4/1 "/>
</bind>
</comp>

<comp id="544" class="1004" name="x_l_I_9_fu_544">
<pin_list>
<pin id="545" dir="0" index="0" bw="1" slack="0"/>
<pin id="546" dir="0" index="1" bw="22" slack="0"/>
<pin id="547" dir="0" index="2" bw="22" slack="0"/>
<pin id="548" dir="1" index="3" bw="22" slack="0"/>
</pin_list>
<bind>
<opcode="select(49) " fcode="select"/>
<opset="x_l_I_9/1 "/>
</bind>
</comp>

<comp id="552" class="1004" name="res_I_5_fu_552">
<pin_list>
<pin id="553" dir="0" index="0" bw="1" slack="0"/>
<pin id="554" dir="0" index="1" bw="10" slack="0"/>
<pin id="555" dir="0" index="2" bw="10" slack="0"/>
<pin id="556" dir="1" index="3" bw="10" slack="0"/>
</pin_list>
<bind>
<opcode="select(49) " fcode="select"/>
<opset="res_I_5/1 "/>
</bind>
</comp>

<comp id="560" class="1004" name="tmp_s_fu_560">
<pin_list>
<pin id="561" dir="0" index="0" bw="6" slack="0"/>
<pin id="562" dir="0" index="1" bw="10" slack="0"/>
<pin id="563" dir="0" index="2" bw="4" slack="0"/>
<pin id="564" dir="1" index="3" bw="6" slack="0"/>
</pin_list>
<bind>
<opcode="partselect(1002) " fcode="partselect"/>
<opset="tmp_s/1 "/>
</bind>
</comp>

<comp id="568" class="1004" name="tmp_10_fu_568">
<pin_list>
<pin id="569" dir="0" index="0" bw="7" slack="0"/>
<pin id="570" dir="0" index="1" bw="6" slack="0"/>
<pin id="571" dir="0" index="2" bw="1" slack="0"/>
<pin id="572" dir="1" index="3" bw="7" slack="0"/>
</pin_list>
<bind>
<opcode="bitconcatenate(1004) " fcode="bitconcatenate"/>
<opset="tmp_10/1 "/>
</bind>
</comp>

<comp id="576" class="1004" name="tmp_11_fu_576">
<pin_list>
<pin id="577" dir="0" index="0" bw="8" slack="0"/>
<pin id="578" dir="0" index="1" bw="22" slack="0"/>
<pin id="579" dir="0" index="2" bw="5" slack="0"/>
<pin id="580" dir="1" index="3" bw="8" slack="0"/>
</pin_list>
<bind>
<opcode="partselect(1002) " fcode="partselect"/>
<opset="tmp_11/1 "/>
</bind>
</comp>

<comp id="584" class="1004" name="zext_ln258_4_fu_584">
<pin_list>
<pin id="585" dir="0" index="0" bw="7" slack="0"/>
<pin id="586" dir="1" index="1" bw="8" slack="0"/>
</pin_list>
<bind>
<opcode="zext(34) " fcode="zext"/>
<opset="zext_ln258_4/1 "/>
</bind>
</comp>

<comp id="588" class="1004" name="icmp_ln258_4_fu_588">
<pin_list>
<pin id="589" dir="0" index="0" bw="8" slack="0"/>
<pin id="590" dir="0" index="1" bw="7" slack="0"/>
<pin id="591" dir="1" index="2" bw="1" slack="0"/>
</pin_list>
<bind>
<opcode="icmp(45) " fcode="icmp"/>
<opset="icmp_ln258_4/1 "/>
</bind>
</comp>

<comp id="594" class="1004" name="sub_ln263_3_fu_594">
<pin_list>
<pin id="595" dir="0" index="0" bw="8" slack="0"/>
<pin id="596" dir="0" index="1" bw="7" slack="0"/>
<pin id="597" dir="1" index="2" bw="8" slack="0"/>
</pin_list>
<bind>
<opcode="sub(10) " fcode="sub"/>
<opset="sub_ln263_3/1 "/>
</bind>
</comp>

<comp id="600" class="1004" name="x_l_I_10_fu_600">
<pin_list>
<pin id="601" dir="0" index="0" bw="22" slack="0"/>
<pin id="602" dir="0" index="1" bw="22" slack="0"/>
<pin id="603" dir="0" index="2" bw="8" slack="0"/>
<pin id="604" dir="0" index="3" bw="5" slack="0"/>
<pin id="605" dir="1" index="4" bw="22" slack="0"/>
</pin_list>
<bind>
<opcode="partset(1003) " fcode="partset"/>
<opset="x_l_I_10/1 "/>
</bind>
</comp>

<comp id="610" class="1004" name="res_I_6_fu_610">
<pin_list>
<pin id="611" dir="0" index="0" bw="10" slack="0"/>
<pin id="612" dir="0" index="1" bw="10" slack="0"/>
<pin id="613" dir="0" index="2" bw="4" slack="0"/>
<pin id="614" dir="0" index="3" bw="1" slack="0"/>
<pin id="615" dir="1" index="4" bw="10" slack="0"/>
</pin_list>
<bind>
<opcode="bitset(1001) " fcode="bitset"/>
<opset="res_I_6/1 "/>
</bind>
</comp>

<comp id="620" class="1004" name="x_l_I_11_fu_620">
<pin_list>
<pin id="621" dir="0" index="0" bw="1" slack="0"/>
<pin id="622" dir="0" index="1" bw="22" slack="0"/>
<pin id="623" dir="0" index="2" bw="22" slack="0"/>
<pin id="624" dir="1" index="3" bw="22" slack="0"/>
</pin_list>
<bind>
<opcode="select(49) " fcode="select"/>
<opset="x_l_I_11/1 "/>
</bind>
</comp>

<comp id="628" class="1004" name="res_I_7_fu_628">
<pin_list>
<pin id="629" dir="0" index="0" bw="1" slack="0"/>
<pin id="630" dir="0" index="1" bw="10" slack="0"/>
<pin id="631" dir="0" index="2" bw="10" slack="0"/>
<pin id="632" dir="1" index="3" bw="10" slack="0"/>
</pin_list>
<bind>
<opcode="select(49) " fcode="select"/>
<opset="res_I_7/1 "/>
</bind>
</comp>

<comp id="636" class="1004" name="tmp_12_fu_636">
<pin_list>
<pin id="637" dir="0" index="0" bw="7" slack="0"/>
<pin id="638" dir="0" index="1" bw="10" slack="0"/>
<pin id="639" dir="0" index="2" bw="3" slack="0"/>
<pin id="640" dir="1" index="3" bw="7" slack="0"/>
</pin_list>
<bind>
<opcode="partselect(1002) " fcode="partselect"/>
<opset="tmp_12/1 "/>
</bind>
</comp>

<comp id="644" class="1004" name="tmp_13_fu_644">
<pin_list>
<pin id="645" dir="0" index="0" bw="8" slack="0"/>
<pin id="646" dir="0" index="1" bw="7" slack="0"/>
<pin id="647" dir="0" index="2" bw="1" slack="0"/>
<pin id="648" dir="1" index="3" bw="8" slack="0"/>
</pin_list>
<bind>
<opcode="bitconcatenate(1004) " fcode="bitconcatenate"/>
<opset="tmp_13/1 "/>
</bind>
</comp>

<comp id="652" class="1004" name="tmp_14_fu_652">
<pin_list>
<pin id="653" dir="0" index="0" bw="9" slack="0"/>
<pin id="654" dir="0" index="1" bw="22" slack="0"/>
<pin id="655" dir="0" index="2" bw="4" slack="0"/>
<pin id="656" dir="1" index="3" bw="9" slack="0"/>
</pin_list>
<bind>
<opcode="partselect(1002) " fcode="partselect"/>
<opset="tmp_14/1 "/>
</bind>
</comp>

<comp id="660" class="1004" name="zext_ln258_5_fu_660">
<pin_list>
<pin id="661" dir="0" index="0" bw="8" slack="0"/>
<pin id="662" dir="1" index="1" bw="9" slack="0"/>
</pin_list>
<bind>
<opcode="zext(34) " fcode="zext"/>
<opset="zext_ln258_5/1 "/>
</bind>
</comp>

<comp id="664" class="1004" name="icmp_ln258_5_fu_664">
<pin_list>
<pin id="665" dir="0" index="0" bw="9" slack="0"/>
<pin id="666" dir="0" index="1" bw="8" slack="0"/>
<pin id="667" dir="1" index="2" bw="1" slack="0"/>
</pin_list>
<bind>
<opcode="icmp(45) " fcode="icmp"/>
<opset="icmp_ln258_5/1 "/>
</bind>
</comp>

<comp id="670" class="1004" name="sub_ln263_4_fu_670">
<pin_list>
<pin id="671" dir="0" index="0" bw="9" slack="0"/>
<pin id="672" dir="0" index="1" bw="8" slack="0"/>
<pin id="673" dir="1" index="2" bw="9" slack="0"/>
</pin_list>
<bind>
<opcode="sub(10) " fcode="sub"/>
<opset="sub_ln263_4/1 "/>
</bind>
</comp>

<comp id="676" class="1004" name="x_l_I_12_fu_676">
<pin_list>
<pin id="677" dir="0" index="0" bw="22" slack="0"/>
<pin id="678" dir="0" index="1" bw="22" slack="0"/>
<pin id="679" dir="0" index="2" bw="9" slack="0"/>
<pin id="680" dir="0" index="3" bw="4" slack="0"/>
<pin id="681" dir="1" index="4" bw="22" slack="0"/>
</pin_list>
<bind>
<opcode="partset(1003) " fcode="partset"/>
<opset="x_l_I_12/1 "/>
</bind>
</comp>

<comp id="686" class="1004" name="res_I_8_fu_686">
<pin_list>
<pin id="687" dir="0" index="0" bw="10" slack="0"/>
<pin id="688" dir="0" index="1" bw="10" slack="0"/>
<pin id="689" dir="0" index="2" bw="3" slack="0"/>
<pin id="690" dir="0" index="3" bw="1" slack="0"/>
<pin id="691" dir="1" index="4" bw="10" slack="0"/>
</pin_list>
<bind>
<opcode="bitset(1001) " fcode="bitset"/>
<opset="res_I_8/1 "/>
</bind>
</comp>

<comp id="696" class="1004" name="x_l_I_13_fu_696">
<pin_list>
<pin id="697" dir="0" index="0" bw="1" slack="0"/>
<pin id="698" dir="0" index="1" bw="22" slack="0"/>
<pin id="699" dir="0" index="2" bw="22" slack="0"/>
<pin id="700" dir="1" index="3" bw="22" slack="0"/>
</pin_list>
<bind>
<opcode="select(49) " fcode="select"/>
<opset="x_l_I_13/1 "/>
</bind>
</comp>

<comp id="704" class="1004" name="res_I_9_fu_704">
<pin_list>
<pin id="705" dir="0" index="0" bw="1" slack="0"/>
<pin id="706" dir="0" index="1" bw="10" slack="0"/>
<pin id="707" dir="0" index="2" bw="10" slack="0"/>
<pin id="708" dir="1" index="3" bw="10" slack="0"/>
</pin_list>
<bind>
<opcode="select(49) " fcode="select"/>
<opset="res_I_9/1 "/>
</bind>
</comp>

<comp id="712" class="1004" name="tmp_15_fu_712">
<pin_list>
<pin id="713" dir="0" index="0" bw="8" slack="0"/>
<pin id="714" dir="0" index="1" bw="10" slack="0"/>
<pin id="715" dir="0" index="2" bw="3" slack="0"/>
<pin id="716" dir="1" index="3" bw="8" slack="1"/>
</pin_list>
<bind>
<opcode="partselect(1002) " fcode="partselect"/>
<opset="tmp_15/1 "/>
</bind>
</comp>

<comp id="720" class="1004" name="tmp_17_fu_720">
<pin_list>
<pin id="721" dir="0" index="0" bw="10" slack="0"/>
<pin id="722" dir="0" index="1" bw="22" slack="0"/>
<pin id="723" dir="0" index="2" bw="4" slack="0"/>
<pin id="724" dir="1" index="3" bw="10" slack="1"/>
</pin_list>
<bind>
<opcode="partselect(1002) " fcode="partselect"/>
<opset="tmp_17/1 "/>
</bind>
</comp>

<comp id="728" class="1004" name="tmp_57_fu_728">
<pin_list>
<pin id="729" dir="0" index="0" bw="2" slack="0"/>
<pin id="730" dir="0" index="1" bw="32" slack="0"/>
<pin id="731" dir="0" index="2" bw="5" slack="0"/>
<pin id="732" dir="0" index="3" bw="5" slack="0"/>
<pin id="733" dir="1" index="4" bw="2" slack="1"/>
</pin_list>
<bind>
<opcode="partselect(1002) " fcode="partselect"/>
<opset="tmp_57/1 "/>
</bind>
</comp>

<comp id="738" class="1004" name="x_l_FH_27_fu_738">
<pin_list>
<pin id="739" dir="0" index="0" bw="14" slack="0"/>
<pin id="740" dir="0" index="1" bw="13" slack="1"/>
<pin id="741" dir="0" index="2" bw="1" slack="0"/>
<pin id="742" dir="1" index="3" bw="14" slack="0"/>
</pin_list>
<bind>
<opcode="bitconcatenate(1004) " fcode="bitconcatenate"/>
<opset="x_l_FH_27/2 "/>
</bind>
</comp>

<comp id="745" class="1004" name="tmp_16_fu_745">
<pin_list>
<pin id="746" dir="0" index="0" bw="9" slack="0"/>
<pin id="747" dir="0" index="1" bw="8" slack="1"/>
<pin id="748" dir="0" index="2" bw="1" slack="0"/>
<pin id="749" dir="1" index="3" bw="9" slack="0"/>
</pin_list>
<bind>
<opcode="bitconcatenate(1004) " fcode="bitconcatenate"/>
<opset="tmp_16/2 "/>
</bind>
</comp>

<comp id="752" class="1004" name="zext_ln258_6_fu_752">
<pin_list>
<pin id="753" dir="0" index="0" bw="9" slack="0"/>
<pin id="754" dir="1" index="1" bw="10" slack="0"/>
</pin_list>
<bind>
<opcode="zext(34) " fcode="zext"/>
<opset="zext_ln258_6/2 "/>
</bind>
</comp>

<comp id="756" class="1004" name="icmp_ln258_6_fu_756">
<pin_list>
<pin id="757" dir="0" index="0" bw="10" slack="1"/>
<pin id="758" dir="0" index="1" bw="9" slack="0"/>
<pin id="759" dir="1" index="2" bw="1" slack="0"/>
</pin_list>
<bind>
<opcode="icmp(45) " fcode="icmp"/>
<opset="icmp_ln258_6/2 "/>
</bind>
</comp>

<comp id="761" class="1004" name="sub_ln263_5_fu_761">
<pin_list>
<pin id="762" dir="0" index="0" bw="10" slack="1"/>
<pin id="763" dir="0" index="1" bw="9" slack="0"/>
<pin id="764" dir="1" index="2" bw="10" slack="0"/>
</pin_list>
<bind>
<opcode="sub(10) " fcode="sub"/>
<opset="sub_ln263_5/2 "/>
</bind>
</comp>

<comp id="766" class="1004" name="x_l_I_14_fu_766">
<pin_list>
<pin id="767" dir="0" index="0" bw="22" slack="0"/>
<pin id="768" dir="0" index="1" bw="22" slack="1"/>
<pin id="769" dir="0" index="2" bw="10" slack="0"/>
<pin id="770" dir="0" index="3" bw="4" slack="0"/>
<pin id="771" dir="1" index="4" bw="22" slack="0"/>
</pin_list>
<bind>
<opcode="partset(1003) " fcode="partset"/>
<opset="x_l_I_14/2 "/>
</bind>
</comp>

<comp id="775" class="1004" name="res_I_10_fu_775">
<pin_list>
<pin id="776" dir="0" index="0" bw="10" slack="0"/>
<pin id="777" dir="0" index="1" bw="10" slack="1"/>
<pin id="778" dir="0" index="2" bw="3" slack="0"/>
<pin id="779" dir="0" index="3" bw="1" slack="0"/>
<pin id="780" dir="1" index="4" bw="10" slack="0"/>
</pin_list>
<bind>
<opcode="bitset(1001) " fcode="bitset"/>
<opset="res_I_10/2 "/>
</bind>
</comp>

<comp id="784" class="1004" name="x_l_I_15_fu_784">
<pin_list>
<pin id="785" dir="0" index="0" bw="1" slack="0"/>
<pin id="786" dir="0" index="1" bw="22" slack="1"/>
<pin id="787" dir="0" index="2" bw="22" slack="0"/>
<pin id="788" dir="1" index="3" bw="22" slack="0"/>
</pin_list>
<bind>
<opcode="select(49) " fcode="select"/>
<opset="x_l_I_15/2 "/>
</bind>
</comp>

<comp id="791" class="1004" name="res_I_11_fu_791">
<pin_list>
<pin id="792" dir="0" index="0" bw="1" slack="0"/>
<pin id="793" dir="0" index="1" bw="10" slack="1"/>
<pin id="794" dir="0" index="2" bw="10" slack="0"/>
<pin id="795" dir="1" index="3" bw="10" slack="0"/>
</pin_list>
<bind>
<opcode="select(49) " fcode="select"/>
<opset="res_I_11/2 "/>
</bind>
</comp>

<comp id="798" class="1004" name="tmp_18_fu_798">
<pin_list>
<pin id="799" dir="0" index="0" bw="9" slack="0"/>
<pin id="800" dir="0" index="1" bw="10" slack="0"/>
<pin id="801" dir="0" index="2" bw="1" slack="0"/>
<pin id="802" dir="1" index="3" bw="9" slack="0"/>
</pin_list>
<bind>
<opcode="partselect(1002) " fcode="partselect"/>
<opset="tmp_18/2 "/>
</bind>
</comp>

<comp id="806" class="1004" name="tmp_19_fu_806">
<pin_list>
<pin id="807" dir="0" index="0" bw="10" slack="0"/>
<pin id="808" dir="0" index="1" bw="9" slack="0"/>
<pin id="809" dir="0" index="2" bw="1" slack="0"/>
<pin id="810" dir="1" index="3" bw="10" slack="0"/>
</pin_list>
<bind>
<opcode="bitconcatenate(1004) " fcode="bitconcatenate"/>
<opset="tmp_19/2 "/>
</bind>
</comp>

<comp id="814" class="1004" name="tmp_20_fu_814">
<pin_list>
<pin id="815" dir="0" index="0" bw="11" slack="0"/>
<pin id="816" dir="0" index="1" bw="22" slack="0"/>
<pin id="817" dir="0" index="2" bw="3" slack="0"/>
<pin id="818" dir="1" index="3" bw="11" slack="0"/>
</pin_list>
<bind>
<opcode="partselect(1002) " fcode="partselect"/>
<opset="tmp_20/2 "/>
</bind>
</comp>

<comp id="822" class="1004" name="zext_ln258_7_fu_822">
<pin_list>
<pin id="823" dir="0" index="0" bw="10" slack="0"/>
<pin id="824" dir="1" index="1" bw="11" slack="0"/>
</pin_list>
<bind>
<opcode="zext(34) " fcode="zext"/>
<opset="zext_ln258_7/2 "/>
</bind>
</comp>

<comp id="826" class="1004" name="icmp_ln258_7_fu_826">
<pin_list>
<pin id="827" dir="0" index="0" bw="11" slack="0"/>
<pin id="828" dir="0" index="1" bw="10" slack="0"/>
<pin id="829" dir="1" index="2" bw="1" slack="0"/>
</pin_list>
<bind>
<opcode="icmp(45) " fcode="icmp"/>
<opset="icmp_ln258_7/2 "/>
</bind>
</comp>

<comp id="832" class="1004" name="sub_ln263_6_fu_832">
<pin_list>
<pin id="833" dir="0" index="0" bw="11" slack="0"/>
<pin id="834" dir="0" index="1" bw="10" slack="0"/>
<pin id="835" dir="1" index="2" bw="11" slack="0"/>
</pin_list>
<bind>
<opcode="sub(10) " fcode="sub"/>
<opset="sub_ln263_6/2 "/>
</bind>
</comp>

<comp id="838" class="1004" name="x_l_I_16_fu_838">
<pin_list>
<pin id="839" dir="0" index="0" bw="22" slack="0"/>
<pin id="840" dir="0" index="1" bw="22" slack="0"/>
<pin id="841" dir="0" index="2" bw="11" slack="0"/>
<pin id="842" dir="0" index="3" bw="3" slack="0"/>
<pin id="843" dir="1" index="4" bw="22" slack="0"/>
</pin_list>
<bind>
<opcode="partset(1003) " fcode="partset"/>
<opset="x_l_I_16/2 "/>
</bind>
</comp>

<comp id="848" class="1004" name="res_I_12_fu_848">
<pin_list>
<pin id="849" dir="0" index="0" bw="10" slack="0"/>
<pin id="850" dir="0" index="1" bw="10" slack="0"/>
<pin id="851" dir="0" index="2" bw="1" slack="0"/>
<pin id="852" dir="0" index="3" bw="1" slack="0"/>
<pin id="853" dir="1" index="4" bw="10" slack="0"/>
</pin_list>
<bind>
<opcode="bitset(1001) " fcode="bitset"/>
<opset="res_I_12/2 "/>
</bind>
</comp>

<comp id="858" class="1004" name="x_l_I_17_fu_858">
<pin_list>
<pin id="859" dir="0" index="0" bw="1" slack="0"/>
<pin id="860" dir="0" index="1" bw="22" slack="0"/>
<pin id="861" dir="0" index="2" bw="22" slack="0"/>
<pin id="862" dir="1" index="3" bw="22" slack="0"/>
</pin_list>
<bind>
<opcode="select(49) " fcode="select"/>
<opset="x_l_I_17/2 "/>
</bind>
</comp>

<comp id="866" class="1004" name="res_I_13_fu_866">
<pin_list>
<pin id="867" dir="0" index="0" bw="1" slack="0"/>
<pin id="868" dir="0" index="1" bw="10" slack="0"/>
<pin id="869" dir="0" index="2" bw="10" slack="0"/>
<pin id="870" dir="1" index="3" bw="10" slack="0"/>
</pin_list>
<bind>
<opcode="select(49) " fcode="select"/>
<opset="res_I_13/2 "/>
</bind>
</comp>

<comp id="874" class="1004" name="tmp_21_fu_874">
<pin_list>
<pin id="875" dir="0" index="0" bw="11" slack="0"/>
<pin id="876" dir="0" index="1" bw="10" slack="0"/>
<pin id="877" dir="0" index="2" bw="1" slack="0"/>
<pin id="878" dir="1" index="3" bw="11" slack="0"/>
</pin_list>
<bind>
<opcode="bitconcatenate(1004) " fcode="bitconcatenate"/>
<opset="tmp_21/2 "/>
</bind>
</comp>

<comp id="882" class="1004" name="trunc_ln258_fu_882">
<pin_list>
<pin id="883" dir="0" index="0" bw="22" slack="0"/>
<pin id="884" dir="1" index="1" bw="12" slack="0"/>
</pin_list>
<bind>
<opcode="trunc(33) " fcode="trunc"/>
<opset="trunc_ln258/2 "/>
</bind>
</comp>

<comp id="886" class="1004" name="zext_ln258_8_fu_886">
<pin_list>
<pin id="887" dir="0" index="0" bw="11" slack="0"/>
<pin id="888" dir="1" index="1" bw="12" slack="0"/>
</pin_list>
<bind>
<opcode="zext(34) " fcode="zext"/>
<opset="zext_ln258_8/2 "/>
</bind>
</comp>

<comp id="890" class="1004" name="icmp_ln258_8_fu_890">
<pin_list>
<pin id="891" dir="0" index="0" bw="12" slack="0"/>
<pin id="892" dir="0" index="1" bw="11" slack="0"/>
<pin id="893" dir="1" index="2" bw="1" slack="0"/>
</pin_list>
<bind>
<opcode="icmp(45) " fcode="icmp"/>
<opset="icmp_ln258_8/2 "/>
</bind>
</comp>

<comp id="896" class="1004" name="sub_ln263_7_fu_896">
<pin_list>
<pin id="897" dir="0" index="0" bw="12" slack="0"/>
<pin id="898" dir="0" index="1" bw="11" slack="0"/>
<pin id="899" dir="1" index="2" bw="12" slack="0"/>
</pin_list>
<bind>
<opcode="sub(10) " fcode="sub"/>
<opset="sub_ln263_7/2 "/>
</bind>
</comp>

<comp id="902" class="1004" name="x_l_I_18_fu_902">
<pin_list>
<pin id="903" dir="0" index="0" bw="22" slack="0"/>
<pin id="904" dir="0" index="1" bw="22" slack="0"/>
<pin id="905" dir="0" index="2" bw="12" slack="0"/>
<pin id="906" dir="0" index="3" bw="1" slack="0"/>
<pin id="907" dir="1" index="4" bw="22" slack="0"/>
</pin_list>
<bind>
<opcode="partset(1003) " fcode="partset"/>
<opset="x_l_I_18/2 "/>
</bind>
</comp>

<comp id="912" class="1004" name="res_I_14_fu_912">
<pin_list>
<pin id="913" dir="0" index="0" bw="10" slack="0"/>
<pin id="914" dir="0" index="1" bw="10" slack="0"/>
<pin id="915" dir="0" index="2" bw="1" slack="0"/>
<pin id="916" dir="0" index="3" bw="1" slack="0"/>
<pin id="917" dir="1" index="4" bw="10" slack="0"/>
</pin_list>
<bind>
<opcode="bitset(1001) " fcode="bitset"/>
<opset="res_I_14/2 "/>
</bind>
</comp>

<comp id="922" class="1004" name="x_l_I_19_fu_922">
<pin_list>
<pin id="923" dir="0" index="0" bw="1" slack="0"/>
<pin id="924" dir="0" index="1" bw="22" slack="0"/>
<pin id="925" dir="0" index="2" bw="22" slack="0"/>
<pin id="926" dir="1" index="3" bw="22" slack="0"/>
</pin_list>
<bind>
<opcode="select(49) " fcode="select"/>
<opset="x_l_I_19/2 "/>
</bind>
</comp>

<comp id="930" class="1004" name="res_I_15_fu_930">
<pin_list>
<pin id="931" dir="0" index="0" bw="1" slack="0"/>
<pin id="932" dir="0" index="1" bw="10" slack="0"/>
<pin id="933" dir="0" index="2" bw="10" slack="0"/>
<pin id="934" dir="1" index="3" bw="10" slack="0"/>
</pin_list>
<bind>
<opcode="select(49) " fcode="select"/>
<opset="res_I_15/2 "/>
</bind>
</comp>

<comp id="938" class="1004" name="zext_ln295_fu_938">
<pin_list>
<pin id="939" dir="0" index="0" bw="10" slack="0"/>
<pin id="940" dir="1" index="1" bw="22" slack="0"/>
</pin_list>
<bind>
<opcode="zext(34) " fcode="zext"/>
<opset="zext_ln295/2 "/>
</bind>
</comp>

<comp id="942" class="1004" name="icmp_ln295_fu_942">
<pin_list>
<pin id="943" dir="0" index="0" bw="22" slack="0"/>
<pin id="944" dir="0" index="1" bw="10" slack="0"/>
<pin id="945" dir="1" index="2" bw="1" slack="0"/>
</pin_list>
<bind>
<opcode="icmp(45) " fcode="icmp"/>
<opset="icmp_ln295/2 "/>
</bind>
</comp>

<comp id="948" class="1004" name="icmp_ln295_1_fu_948">
<pin_list>
<pin id="949" dir="0" index="0" bw="22" slack="0"/>
<pin id="950" dir="0" index="1" bw="10" slack="0"/>
<pin id="951" dir="1" index="2" bw="1" slack="0"/>
</pin_list>
<bind>
<opcode="icmp(45) " fcode="icmp"/>
<opset="icmp_ln295_1/2 "/>
</bind>
</comp>

<comp id="954" class="1004" name="icmp_ln295_2_fu_954">
<pin_list>
<pin id="955" dir="0" index="0" bw="2" slack="1"/>
<pin id="956" dir="0" index="1" bw="1" slack="0"/>
<pin id="957" dir="1" index="2" bw="1" slack="0"/>
</pin_list>
<bind>
<opcode="icmp(45) " fcode="icmp"/>
<opset="icmp_ln295_2/2 "/>
</bind>
</comp>

<comp id="959" class="1004" name="and_ln295_fu_959">
<pin_list>
<pin id="960" dir="0" index="0" bw="1" slack="0"/>
<pin id="961" dir="0" index="1" bw="1" slack="0"/>
<pin id="962" dir="1" index="2" bw="1" slack="0"/>
</pin_list>
<bind>
<opcode="and(23) " fcode="and"/>
<opset="and_ln295/2 "/>
</bind>
</comp>

<comp id="965" class="1004" name="icmp_ln308_fu_965">
<pin_list>
<pin id="966" dir="0" index="0" bw="2" slack="1"/>
<pin id="967" dir="0" index="1" bw="1" slack="0"/>
<pin id="968" dir="1" index="2" bw="1" slack="0"/>
</pin_list>
<bind>
<opcode="icmp(45) " fcode="icmp"/>
<opset="icmp_ln308/2 "/>
</bind>
</comp>

<comp id="970" class="1004" name="x_l_I_20_fu_970">
<pin_list>
<pin id="971" dir="0" index="0" bw="22" slack="0"/>
<pin id="972" dir="0" index="1" bw="1" slack="0"/>
<pin id="973" dir="1" index="2" bw="22" slack="0"/>
</pin_list>
<bind>
<opcode="add(8) " fcode="add"/>
<opset="x_l_I_20/2 "/>
</bind>
</comp>

<comp id="976" class="1004" name="x_l_I_3_fu_976">
<pin_list>
<pin id="977" dir="0" index="0" bw="1" slack="0"/>
<pin id="978" dir="0" index="1" bw="22" slack="0"/>
<pin id="979" dir="0" index="2" bw="22" slack="0"/>
<pin id="980" dir="1" index="3" bw="22" slack="0"/>
</pin_list>
<bind>
<opcode="select(49) " fcode="select"/>
<opset="x_l_I_3/2 "/>
</bind>
</comp>

<comp id="984" class="1004" name="x_l_FH_fu_984">
<pin_list>
<pin id="985" dir="0" index="0" bw="14" slack="0"/>
<pin id="986" dir="0" index="1" bw="13" slack="0"/>
<pin id="987" dir="1" index="2" bw="14" slack="0"/>
</pin_list>
<bind>
<opcode="add(8) " fcode="add"/>
<opset="x_l_FH/2 "/>
</bind>
</comp>

<comp id="990" class="1004" name="x_l_I_21_fu_990">
<pin_list>
<pin id="991" dir="0" index="0" bw="22" slack="0"/>
<pin id="992" dir="0" index="1" bw="10" slack="0"/>
<pin id="993" dir="1" index="2" bw="22" slack="0"/>
</pin_list>
<bind>
<opcode="sub(10) " fcode="sub"/>
<opset="x_l_I_21/2 "/>
</bind>
</comp>

<comp id="996" class="1004" name="or_ln295_fu_996">
<pin_list>
<pin id="997" dir="0" index="0" bw="1" slack="0"/>
<pin id="998" dir="0" index="1" bw="1" slack="0"/>
<pin id="999" dir="1" index="2" bw="1" slack="0"/>
</pin_list>
<bind>
<opcode="or(24) " fcode="or"/>
<opset="or_ln295/2 "/>
</bind>
</comp>

<comp id="1002" class="1004" name="x_l_I_4_fu_1002">
<pin_list>
<pin id="1003" dir="0" index="0" bw="1" slack="0"/>
<pin id="1004" dir="0" index="1" bw="22" slack="0"/>
<pin id="1005" dir="0" index="2" bw="22" slack="0"/>
<pin id="1006" dir="1" index="3" bw="22" slack="0"/>
</pin_list>
<bind>
<opcode="select(49) " fcode="select"/>
<opset="x_l_I_4/2 "/>
</bind>
</comp>

<comp id="1010" class="1004" name="x_l_FH_28_fu_1010">
<pin_list>
<pin id="1011" dir="0" index="0" bw="1" slack="0"/>
<pin id="1012" dir="0" index="1" bw="14" slack="0"/>
<pin id="1013" dir="0" index="2" bw="14" slack="0"/>
<pin id="1014" dir="1" index="3" bw="14" slack="0"/>
</pin_list>
<bind>
<opcode="select(49) " fcode="select"/>
<opset="x_l_FH_28/2 "/>
</bind>
</comp>

<comp id="1018" class="1004" name="res_FH_fu_1018">
<pin_list>
<pin id="1019" dir="0" index="0" bw="1" slack="0"/>
<pin id="1020" dir="0" index="1" bw="14" slack="0"/>
<pin id="1021" dir="0" index="2" bw="1" slack="0"/>
<pin id="1022" dir="1" index="3" bw="14" slack="0"/>
</pin_list>
<bind>
<opcode="select(49) " fcode="select"/>
<opset="res_FH/2 "/>
</bind>
</comp>

<comp id="1026" class="1004" name="tmp_23_fu_1026">
<pin_list>
<pin id="1027" dir="0" index="0" bw="2" slack="0"/>
<pin id="1028" dir="0" index="1" bw="14" slack="0"/>
<pin id="1029" dir="0" index="2" bw="5" slack="0"/>
<pin id="1030" dir="1" index="3" bw="2" slack="0"/>
</pin_list>
<bind>
<opcode="partselect(1002) " fcode="partselect"/>
<opset="tmp_23/2 "/>
</bind>
</comp>

<comp id="1034" class="1004" name="trunc_ln283_fu_1034">
<pin_list>
<pin id="1035" dir="0" index="0" bw="10" slack="0"/>
<pin id="1036" dir="1" index="1" bw="1" slack="0"/>
</pin_list>
<bind>
<opcode="trunc(33) " fcode="trunc"/>
<opset="trunc_ln283/2 "/>
</bind>
</comp>

<comp id="1038" class="1004" name="mul_FH_fu_1038">
<pin_list>
<pin id="1039" dir="0" index="0" bw="14" slack="0"/>
<pin id="1040" dir="0" index="1" bw="1" slack="0"/>
<pin id="1041" dir="0" index="2" bw="2" slack="0"/>
<pin id="1042" dir="0" index="3" bw="11" slack="0"/>
<pin id="1043" dir="1" index="4" bw="14" slack="0"/>
</pin_list>
<bind>
<opcode="bitconcatenate(1004) " fcode="bitconcatenate"/>
<opset="mul_FH/2 "/>
</bind>
</comp>

<comp id="1048" class="1004" name="tmp_29_fu_1048">
<pin_list>
<pin id="1049" dir="0" index="0" bw="9" slack="0"/>
<pin id="1050" dir="0" index="1" bw="10" slack="0"/>
<pin id="1051" dir="0" index="2" bw="1" slack="0"/>
<pin id="1052" dir="0" index="3" bw="5" slack="0"/>
<pin id="1053" dir="1" index="4" bw="9" slack="0"/>
</pin_list>
<bind>
<opcode="partselect(1002) " fcode="partselect"/>
<opset="tmp_29/2 "/>
</bind>
</comp>

<comp id="1058" class="1004" name="zext_ln295_1_fu_1058">
<pin_list>
<pin id="1059" dir="0" index="0" bw="9" slack="0"/>
<pin id="1060" dir="1" index="1" bw="22" slack="0"/>
</pin_list>
<bind>
<opcode="zext(34) " fcode="zext"/>
<opset="zext_ln295_1/2 "/>
</bind>
</comp>

<comp id="1062" class="1004" name="icmp_ln295_3_fu_1062">
<pin_list>
<pin id="1063" dir="0" index="0" bw="22" slack="0"/>
<pin id="1064" dir="0" index="1" bw="9" slack="0"/>
<pin id="1065" dir="1" index="2" bw="1" slack="0"/>
</pin_list>
<bind>
<opcode="icmp(45) " fcode="icmp"/>
<opset="icmp_ln295_3/2 "/>
</bind>
</comp>

<comp id="1068" class="1004" name="icmp_ln295_4_fu_1068">
<pin_list>
<pin id="1069" dir="0" index="0" bw="22" slack="0"/>
<pin id="1070" dir="0" index="1" bw="9" slack="0"/>
<pin id="1071" dir="1" index="2" bw="1" slack="0"/>
</pin_list>
<bind>
<opcode="icmp(45) " fcode="icmp"/>
<opset="icmp_ln295_4/2 "/>
</bind>
</comp>

<comp id="1074" class="1004" name="icmp_ln295_5_fu_1074">
<pin_list>
<pin id="1075" dir="0" index="0" bw="14" slack="0"/>
<pin id="1076" dir="0" index="1" bw="14" slack="0"/>
<pin id="1077" dir="1" index="2" bw="1" slack="0"/>
</pin_list>
<bind>
<opcode="icmp(45) " fcode="icmp"/>
<opset="icmp_ln295_5/2 "/>
</bind>
</comp>

<comp id="1080" class="1004" name="xor_ln295_fu_1080">
<pin_list>
<pin id="1081" dir="0" index="0" bw="1" slack="0"/>
<pin id="1082" dir="0" index="1" bw="1" slack="0"/>
<pin id="1083" dir="1" index="2" bw="1" slack="0"/>
</pin_list>
<bind>
<opcode="xor(25) " fcode="xor"/>
<opset="xor_ln295/2 "/>
</bind>
</comp>

<comp id="1086" class="1004" name="and_ln295_1_fu_1086">
<pin_list>
<pin id="1087" dir="0" index="0" bw="1" slack="0"/>
<pin id="1088" dir="0" index="1" bw="1" slack="0"/>
<pin id="1089" dir="1" index="2" bw="1" slack="0"/>
</pin_list>
<bind>
<opcode="and(23) " fcode="and"/>
<opset="and_ln295_1/2 "/>
</bind>
</comp>

<comp id="1092" class="1004" name="icmp_ln308_1_fu_1092">
<pin_list>
<pin id="1093" dir="0" index="0" bw="14" slack="0"/>
<pin id="1094" dir="0" index="1" bw="14" slack="0"/>
<pin id="1095" dir="1" index="2" bw="1" slack="1"/>
</pin_list>
<bind>
<opcode="icmp(45) " fcode="icmp"/>
<opset="icmp_ln308_1/2 "/>
</bind>
</comp>

<comp id="1098" class="1004" name="x_l_I_22_fu_1098">
<pin_list>
<pin id="1099" dir="0" index="0" bw="22" slack="0"/>
<pin id="1100" dir="0" index="1" bw="1" slack="0"/>
<pin id="1101" dir="1" index="2" bw="22" slack="1"/>
</pin_list>
<bind>
<opcode="add(8) " fcode="add"/>
<opset="x_l_I_22/2 "/>
</bind>
</comp>

<comp id="1104" class="1004" name="x_l_FH_3_fu_1104">
<pin_list>
<pin id="1105" dir="0" index="0" bw="14" slack="0"/>
<pin id="1106" dir="0" index="1" bw="14" slack="0"/>
<pin id="1107" dir="1" index="2" bw="14" slack="0"/>
</pin_list>
<bind>
<opcode="sub(10) " fcode="sub"/>
<opset="x_l_FH_3/2 "/>
</bind>
</comp>

<comp id="1110" class="1004" name="or_ln295_1_fu_1110">
<pin_list>
<pin id="1111" dir="0" index="0" bw="1" slack="0"/>
<pin id="1112" dir="0" index="1" bw="1" slack="0"/>
<pin id="1113" dir="1" index="2" bw="1" slack="0"/>
</pin_list>
<bind>
<opcode="or(24) " fcode="or"/>
<opset="or_ln295_1/2 "/>
</bind>
</comp>

<comp id="1116" class="1004" name="x_l_FH_29_fu_1116">
<pin_list>
<pin id="1117" dir="0" index="0" bw="1" slack="0"/>
<pin id="1118" dir="0" index="1" bw="14" slack="0"/>
<pin id="1119" dir="0" index="2" bw="14" slack="0"/>
<pin id="1120" dir="1" index="3" bw="14" slack="1"/>
</pin_list>
<bind>
<opcode="select(49) " fcode="select"/>
<opset="x_l_FH_29/2 "/>
</bind>
</comp>

<comp id="1124" class="1004" name="trunc_ln283_1_fu_1124">
<pin_list>
<pin id="1125" dir="0" index="0" bw="10" slack="0"/>
<pin id="1126" dir="1" index="1" bw="2" slack="1"/>
</pin_list>
<bind>
<opcode="trunc(33) " fcode="trunc"/>
<opset="trunc_ln283_1/2 "/>
</bind>
</comp>

<comp id="1128" class="1004" name="tmp_30_fu_1128">
<pin_list>
<pin id="1129" dir="0" index="0" bw="8" slack="0"/>
<pin id="1130" dir="0" index="1" bw="10" slack="0"/>
<pin id="1131" dir="0" index="2" bw="3" slack="0"/>
<pin id="1132" dir="0" index="3" bw="5" slack="0"/>
<pin id="1133" dir="1" index="4" bw="8" slack="1"/>
</pin_list>
<bind>
<opcode="partselect(1002) " fcode="partselect"/>
<opset="tmp_30/2 "/>
</bind>
</comp>

<comp id="1138" class="1004" name="trunc_ln283_2_fu_1138">
<pin_list>
<pin id="1139" dir="0" index="0" bw="10" slack="0"/>
<pin id="1140" dir="1" index="1" bw="3" slack="1"/>
</pin_list>
<bind>
<opcode="trunc(33) " fcode="trunc"/>
<opset="trunc_ln283_2/2 "/>
</bind>
</comp>

<comp id="1142" class="1004" name="tmp_31_fu_1142">
<pin_list>
<pin id="1143" dir="0" index="0" bw="7" slack="0"/>
<pin id="1144" dir="0" index="1" bw="10" slack="0"/>
<pin id="1145" dir="0" index="2" bw="3" slack="0"/>
<pin id="1146" dir="0" index="3" bw="5" slack="0"/>
<pin id="1147" dir="1" index="4" bw="7" slack="1"/>
</pin_list>
<bind>
<opcode="partselect(1002) " fcode="partselect"/>
<opset="tmp_31/2 "/>
</bind>
</comp>

<comp id="1152" class="1004" name="trunc_ln283_3_fu_1152">
<pin_list>
<pin id="1153" dir="0" index="0" bw="10" slack="0"/>
<pin id="1154" dir="1" index="1" bw="4" slack="1"/>
</pin_list>
<bind>
<opcode="trunc(33) " fcode="trunc"/>
<opset="trunc_ln283_3/2 "/>
</bind>
</comp>

<comp id="1156" class="1004" name="tmp_33_fu_1156">
<pin_list>
<pin id="1157" dir="0" index="0" bw="6" slack="0"/>
<pin id="1158" dir="0" index="1" bw="10" slack="0"/>
<pin id="1159" dir="0" index="2" bw="4" slack="0"/>
<pin id="1160" dir="0" index="3" bw="5" slack="0"/>
<pin id="1161" dir="1" index="4" bw="6" slack="1"/>
</pin_list>
<bind>
<opcode="partselect(1002) " fcode="partselect"/>
<opset="tmp_33/2 "/>
</bind>
</comp>

<comp id="1166" class="1004" name="trunc_ln283_4_fu_1166">
<pin_list>
<pin id="1167" dir="0" index="0" bw="10" slack="0"/>
<pin id="1168" dir="1" index="1" bw="5" slack="2"/>
</pin_list>
<bind>
<opcode="trunc(33) " fcode="trunc"/>
<opset="trunc_ln283_4/2 "/>
</bind>
</comp>

<comp id="1170" class="1004" name="tmp_35_fu_1170">
<pin_list>
<pin id="1171" dir="0" index="0" bw="5" slack="0"/>
<pin id="1172" dir="0" index="1" bw="10" slack="0"/>
<pin id="1173" dir="0" index="2" bw="4" slack="0"/>
<pin id="1174" dir="0" index="3" bw="5" slack="0"/>
<pin id="1175" dir="1" index="4" bw="5" slack="2"/>
</pin_list>
<bind>
<opcode="partselect(1002) " fcode="partselect"/>
<opset="tmp_35/2 "/>
</bind>
</comp>

<comp id="1180" class="1004" name="trunc_ln283_5_fu_1180">
<pin_list>
<pin id="1181" dir="0" index="0" bw="10" slack="0"/>
<pin id="1182" dir="1" index="1" bw="6" slack="2"/>
</pin_list>
<bind>
<opcode="trunc(33) " fcode="trunc"/>
<opset="trunc_ln283_5/2 "/>
</bind>
</comp>

<comp id="1184" class="1004" name="tmp_37_fu_1184">
<pin_list>
<pin id="1185" dir="0" index="0" bw="4" slack="0"/>
<pin id="1186" dir="0" index="1" bw="10" slack="0"/>
<pin id="1187" dir="0" index="2" bw="4" slack="0"/>
<pin id="1188" dir="0" index="3" bw="5" slack="0"/>
<pin id="1189" dir="1" index="4" bw="4" slack="2"/>
</pin_list>
<bind>
<opcode="partselect(1002) " fcode="partselect"/>
<opset="tmp_37/2 "/>
</bind>
</comp>

<comp id="1194" class="1004" name="trunc_ln283_6_fu_1194">
<pin_list>
<pin id="1195" dir="0" index="0" bw="10" slack="0"/>
<pin id="1196" dir="1" index="1" bw="7" slack="2"/>
</pin_list>
<bind>
<opcode="trunc(33) " fcode="trunc"/>
<opset="trunc_ln283_6/2 "/>
</bind>
</comp>

<comp id="1198" class="1004" name="tmp_41_fu_1198">
<pin_list>
<pin id="1199" dir="0" index="0" bw="3" slack="0"/>
<pin id="1200" dir="0" index="1" bw="10" slack="0"/>
<pin id="1201" dir="0" index="2" bw="4" slack="0"/>
<pin id="1202" dir="0" index="3" bw="5" slack="0"/>
<pin id="1203" dir="1" index="4" bw="3" slack="2"/>
</pin_list>
<bind>
<opcode="partselect(1002) " fcode="partselect"/>
<opset="tmp_41/2 "/>
</bind>
</comp>

<comp id="1208" class="1004" name="trunc_ln283_7_fu_1208">
<pin_list>
<pin id="1209" dir="0" index="0" bw="10" slack="0"/>
<pin id="1210" dir="1" index="1" bw="8" slack="3"/>
</pin_list>
<bind>
<opcode="trunc(33) " fcode="trunc"/>
<opset="trunc_ln283_7/2 "/>
</bind>
</comp>

<comp id="1212" class="1004" name="tmp_43_fu_1212">
<pin_list>
<pin id="1213" dir="0" index="0" bw="2" slack="0"/>
<pin id="1214" dir="0" index="1" bw="10" slack="0"/>
<pin id="1215" dir="0" index="2" bw="5" slack="0"/>
<pin id="1216" dir="0" index="3" bw="5" slack="0"/>
<pin id="1217" dir="1" index="4" bw="2" slack="3"/>
</pin_list>
<bind>
<opcode="partselect(1002) " fcode="partselect"/>
<opset="tmp_43/2 "/>
</bind>
</comp>

<comp id="1222" class="1004" name="trunc_ln283_8_fu_1222">
<pin_list>
<pin id="1223" dir="0" index="0" bw="10" slack="0"/>
<pin id="1224" dir="1" index="1" bw="9" slack="3"/>
</pin_list>
<bind>
<opcode="trunc(33) " fcode="trunc"/>
<opset="trunc_ln283_8/2 "/>
</bind>
</comp>

<comp id="1226" class="1004" name="tmp_67_fu_1226">
<pin_list>
<pin id="1227" dir="0" index="0" bw="1" slack="0"/>
<pin id="1228" dir="0" index="1" bw="10" slack="0"/>
<pin id="1229" dir="0" index="2" bw="5" slack="0"/>
<pin id="1230" dir="1" index="3" bw="1" slack="3"/>
</pin_list>
<bind>
<opcode="bitselect(1000) " fcode="bitselect"/>
<opset="tmp_67/2 "/>
</bind>
</comp>

<comp id="1234" class="1004" name="x_l_I_23_fu_1234">
<pin_list>
<pin id="1235" dir="0" index="0" bw="1" slack="1"/>
<pin id="1236" dir="0" index="1" bw="22" slack="1"/>
<pin id="1237" dir="0" index="2" bw="22" slack="1"/>
<pin id="1238" dir="1" index="3" bw="22" slack="0"/>
</pin_list>
<bind>
<opcode="select(49) " fcode="select"/>
<opset="x_l_I_23/3 "/>
</bind>
</comp>

<comp id="1239" class="1004" name="x_l_I_24_fu_1239">
<pin_list>
<pin id="1240" dir="0" index="0" bw="22" slack="0"/>
<pin id="1241" dir="0" index="1" bw="9" slack="1"/>
<pin id="1242" dir="1" index="2" bw="22" slack="0"/>
</pin_list>
<bind>
<opcode="sub(10) " fcode="sub"/>
<opset="x_l_I_24/3 "/>
</bind>
</comp>

<comp id="1244" class="1004" name="res_FH_1_fu_1244">
<pin_list>
<pin id="1245" dir="0" index="0" bw="14" slack="0"/>
<pin id="1246" dir="0" index="1" bw="14" slack="1"/>
<pin id="1247" dir="0" index="2" bw="5" slack="0"/>
<pin id="1248" dir="0" index="3" bw="1" slack="0"/>
<pin id="1249" dir="1" index="4" bw="14" slack="0"/>
</pin_list>
<bind>
<opcode="bitset(1001) " fcode="bitset"/>
<opset="res_FH_1/3 "/>
</bind>
</comp>

<comp id="1253" class="1004" name="x_l_I_25_fu_1253">
<pin_list>
<pin id="1254" dir="0" index="0" bw="1" slack="1"/>
<pin id="1255" dir="0" index="1" bw="22" slack="0"/>
<pin id="1256" dir="0" index="2" bw="22" slack="1"/>
<pin id="1257" dir="1" index="3" bw="22" slack="0"/>
</pin_list>
<bind>
<opcode="select(49) " fcode="select"/>
<opset="x_l_I_25/3 "/>
</bind>
</comp>

<comp id="1259" class="1004" name="res_FH_2_fu_1259">
<pin_list>
<pin id="1260" dir="0" index="0" bw="1" slack="1"/>
<pin id="1261" dir="0" index="1" bw="14" slack="0"/>
<pin id="1262" dir="0" index="2" bw="14" slack="1"/>
<pin id="1263" dir="1" index="3" bw="14" slack="0"/>
</pin_list>
<bind>
<opcode="select(49) " fcode="select"/>
<opset="res_FH_2/3 "/>
</bind>
</comp>

<comp id="1265" class="1004" name="tmp_24_fu_1265">
<pin_list>
<pin id="1266" dir="0" index="0" bw="3" slack="0"/>
<pin id="1267" dir="0" index="1" bw="14" slack="0"/>
<pin id="1268" dir="0" index="2" bw="5" slack="0"/>
<pin id="1269" dir="1" index="3" bw="3" slack="0"/>
</pin_list>
<bind>
<opcode="partselect(1002) " fcode="partselect"/>
<opset="tmp_24/3 "/>
</bind>
</comp>

<comp id="1273" class="1004" name="mul_FH_1_fu_1273">
<pin_list>
<pin id="1274" dir="0" index="0" bw="14" slack="0"/>
<pin id="1275" dir="0" index="1" bw="2" slack="1"/>
<pin id="1276" dir="0" index="2" bw="3" slack="0"/>
<pin id="1277" dir="0" index="3" bw="9" slack="0"/>
<pin id="1278" dir="1" index="4" bw="14" slack="0"/>
</pin_list>
<bind>
<opcode="bitconcatenate(1004) " fcode="bitconcatenate"/>
<opset="mul_FH_1/3 "/>
</bind>
</comp>

<comp id="1282" class="1004" name="zext_ln295_2_fu_1282">
<pin_list>
<pin id="1283" dir="0" index="0" bw="8" slack="1"/>
<pin id="1284" dir="1" index="1" bw="22" slack="0"/>
</pin_list>
<bind>
<opcode="zext(34) " fcode="zext"/>
<opset="zext_ln295_2/3 "/>
</bind>
</comp>

<comp id="1285" class="1004" name="icmp_ln295_6_fu_1285">
<pin_list>
<pin id="1286" dir="0" index="0" bw="22" slack="0"/>
<pin id="1287" dir="0" index="1" bw="8" slack="0"/>
<pin id="1288" dir="1" index="2" bw="1" slack="0"/>
</pin_list>
<bind>
<opcode="icmp(45) " fcode="icmp"/>
<opset="icmp_ln295_6/3 "/>
</bind>
</comp>

<comp id="1291" class="1004" name="icmp_ln295_7_fu_1291">
<pin_list>
<pin id="1292" dir="0" index="0" bw="22" slack="0"/>
<pin id="1293" dir="0" index="1" bw="8" slack="0"/>
<pin id="1294" dir="1" index="2" bw="1" slack="0"/>
</pin_list>
<bind>
<opcode="icmp(45) " fcode="icmp"/>
<opset="icmp_ln295_7/3 "/>
</bind>
</comp>

<comp id="1297" class="1004" name="icmp_ln295_8_fu_1297">
<pin_list>
<pin id="1298" dir="0" index="0" bw="14" slack="1"/>
<pin id="1299" dir="0" index="1" bw="14" slack="0"/>
<pin id="1300" dir="1" index="2" bw="1" slack="0"/>
</pin_list>
<bind>
<opcode="icmp(45) " fcode="icmp"/>
<opset="icmp_ln295_8/3 "/>
</bind>
</comp>

<comp id="1302" class="1004" name="xor_ln295_1_fu_1302">
<pin_list>
<pin id="1303" dir="0" index="0" bw="1" slack="0"/>
<pin id="1304" dir="0" index="1" bw="1" slack="0"/>
<pin id="1305" dir="1" index="2" bw="1" slack="0"/>
</pin_list>
<bind>
<opcode="xor(25) " fcode="xor"/>
<opset="xor_ln295_1/3 "/>
</bind>
</comp>

<comp id="1308" class="1004" name="and_ln295_2_fu_1308">
<pin_list>
<pin id="1309" dir="0" index="0" bw="1" slack="0"/>
<pin id="1310" dir="0" index="1" bw="1" slack="0"/>
<pin id="1311" dir="1" index="2" bw="1" slack="0"/>
</pin_list>
<bind>
<opcode="and(23) " fcode="and"/>
<opset="and_ln295_2/3 "/>
</bind>
</comp>

<comp id="1314" class="1004" name="icmp_ln308_2_fu_1314">
<pin_list>
<pin id="1315" dir="0" index="0" bw="14" slack="1"/>
<pin id="1316" dir="0" index="1" bw="14" slack="0"/>
<pin id="1317" dir="1" index="2" bw="1" slack="0"/>
</pin_list>
<bind>
<opcode="icmp(45) " fcode="icmp"/>
<opset="icmp_ln308_2/3 "/>
</bind>
</comp>

<comp id="1319" class="1004" name="x_l_I_26_fu_1319">
<pin_list>
<pin id="1320" dir="0" index="0" bw="22" slack="0"/>
<pin id="1321" dir="0" index="1" bw="1" slack="0"/>
<pin id="1322" dir="1" index="2" bw="22" slack="0"/>
</pin_list>
<bind>
<opcode="add(8) " fcode="add"/>
<opset="x_l_I_26/3 "/>
</bind>
</comp>

<comp id="1325" class="1004" name="x_l_I_27_fu_1325">
<pin_list>
<pin id="1326" dir="0" index="0" bw="1" slack="0"/>
<pin id="1327" dir="0" index="1" bw="22" slack="0"/>
<pin id="1328" dir="0" index="2" bw="22" slack="0"/>
<pin id="1329" dir="1" index="3" bw="22" slack="0"/>
</pin_list>
<bind>
<opcode="select(49) " fcode="select"/>
<opset="x_l_I_27/3 "/>
</bind>
</comp>

<comp id="1333" class="1004" name="x_l_FH_5_fu_1333">
<pin_list>
<pin id="1334" dir="0" index="0" bw="14" slack="1"/>
<pin id="1335" dir="0" index="1" bw="14" slack="0"/>
<pin id="1336" dir="1" index="2" bw="14" slack="0"/>
</pin_list>
<bind>
<opcode="sub(10) " fcode="sub"/>
<opset="x_l_FH_5/3 "/>
</bind>
</comp>

<comp id="1338" class="1004" name="x_l_I_28_fu_1338">
<pin_list>
<pin id="1339" dir="0" index="0" bw="22" slack="0"/>
<pin id="1340" dir="0" index="1" bw="8" slack="0"/>
<pin id="1341" dir="1" index="2" bw="22" slack="0"/>
</pin_list>
<bind>
<opcode="sub(10) " fcode="sub"/>
<opset="x_l_I_28/3 "/>
</bind>
</comp>

<comp id="1344" class="1004" name="res_FH_3_fu_1344">
<pin_list>
<pin id="1345" dir="0" index="0" bw="14" slack="0"/>
<pin id="1346" dir="0" index="1" bw="14" slack="0"/>
<pin id="1347" dir="0" index="2" bw="5" slack="0"/>
<pin id="1348" dir="0" index="3" bw="1" slack="0"/>
<pin id="1349" dir="1" index="4" bw="14" slack="0"/>
</pin_list>
<bind>
<opcode="bitset(1001) " fcode="bitset"/>
<opset="res_FH_3/3 "/>
</bind>
</comp>

<comp id="1354" class="1004" name="or_ln295_2_fu_1354">
<pin_list>
<pin id="1355" dir="0" index="0" bw="1" slack="0"/>
<pin id="1356" dir="0" index="1" bw="1" slack="0"/>
<pin id="1357" dir="1" index="2" bw="1" slack="0"/>
</pin_list>
<bind>
<opcode="or(24) " fcode="or"/>
<opset="or_ln295_2/3 "/>
</bind>
</comp>

<comp id="1360" class="1004" name="x_l_I_29_fu_1360">
<pin_list>
<pin id="1361" dir="0" index="0" bw="1" slack="0"/>
<pin id="1362" dir="0" index="1" bw="22" slack="0"/>
<pin id="1363" dir="0" index="2" bw="22" slack="0"/>
<pin id="1364" dir="1" index="3" bw="22" slack="0"/>
</pin_list>
<bind>
<opcode="select(49) " fcode="select"/>
<opset="x_l_I_29/3 "/>
</bind>
</comp>

<comp id="1368" class="1004" name="x_l_FH_30_fu_1368">
<pin_list>
<pin id="1369" dir="0" index="0" bw="1" slack="0"/>
<pin id="1370" dir="0" index="1" bw="14" slack="0"/>
<pin id="1371" dir="0" index="2" bw="14" slack="1"/>
<pin id="1372" dir="1" index="3" bw="14" slack="0"/>
</pin_list>
<bind>
<opcode="select(49) " fcode="select"/>
<opset="x_l_FH_30/3 "/>
</bind>
</comp>

<comp id="1375" class="1004" name="res_FH_4_fu_1375">
<pin_list>
<pin id="1376" dir="0" index="0" bw="1" slack="0"/>
<pin id="1377" dir="0" index="1" bw="14" slack="0"/>
<pin id="1378" dir="0" index="2" bw="14" slack="0"/>
<pin id="1379" dir="1" index="3" bw="14" slack="0"/>
</pin_list>
<bind>
<opcode="select(49) " fcode="select"/>
<opset="res_FH_4/3 "/>
</bind>
</comp>

<comp id="1383" class="1004" name="tmp_25_fu_1383">
<pin_list>
<pin id="1384" dir="0" index="0" bw="4" slack="0"/>
<pin id="1385" dir="0" index="1" bw="14" slack="0"/>
<pin id="1386" dir="0" index="2" bw="5" slack="0"/>
<pin id="1387" dir="1" index="3" bw="4" slack="0"/>
</pin_list>
<bind>
<opcode="partselect(1002) " fcode="partselect"/>
<opset="tmp_25/3 "/>
</bind>
</comp>

<comp id="1391" class="1004" name="mul_FH_2_fu_1391">
<pin_list>
<pin id="1392" dir="0" index="0" bw="14" slack="0"/>
<pin id="1393" dir="0" index="1" bw="3" slack="1"/>
<pin id="1394" dir="0" index="2" bw="4" slack="0"/>
<pin id="1395" dir="0" index="3" bw="7" slack="0"/>
<pin id="1396" dir="1" index="4" bw="14" slack="0"/>
</pin_list>
<bind>
<opcode="bitconcatenate(1004) " fcode="bitconcatenate"/>
<opset="mul_FH_2/3 "/>
</bind>
</comp>

<comp id="1400" class="1004" name="zext_ln295_3_fu_1400">
<pin_list>
<pin id="1401" dir="0" index="0" bw="7" slack="1"/>
<pin id="1402" dir="1" index="1" bw="22" slack="0"/>
</pin_list>
<bind>
<opcode="zext(34) " fcode="zext"/>
<opset="zext_ln295_3/3 "/>
</bind>
</comp>

<comp id="1403" class="1004" name="icmp_ln295_9_fu_1403">
<pin_list>
<pin id="1404" dir="0" index="0" bw="22" slack="0"/>
<pin id="1405" dir="0" index="1" bw="7" slack="0"/>
<pin id="1406" dir="1" index="2" bw="1" slack="0"/>
</pin_list>
<bind>
<opcode="icmp(45) " fcode="icmp"/>
<opset="icmp_ln295_9/3 "/>
</bind>
</comp>

<comp id="1409" class="1004" name="icmp_ln295_10_fu_1409">
<pin_list>
<pin id="1410" dir="0" index="0" bw="22" slack="0"/>
<pin id="1411" dir="0" index="1" bw="7" slack="0"/>
<pin id="1412" dir="1" index="2" bw="1" slack="0"/>
</pin_list>
<bind>
<opcode="icmp(45) " fcode="icmp"/>
<opset="icmp_ln295_10/3 "/>
</bind>
</comp>

<comp id="1415" class="1004" name="icmp_ln295_11_fu_1415">
<pin_list>
<pin id="1416" dir="0" index="0" bw="14" slack="0"/>
<pin id="1417" dir="0" index="1" bw="14" slack="0"/>
<pin id="1418" dir="1" index="2" bw="1" slack="0"/>
</pin_list>
<bind>
<opcode="icmp(45) " fcode="icmp"/>
<opset="icmp_ln295_11/3 "/>
</bind>
</comp>

<comp id="1421" class="1004" name="xor_ln295_2_fu_1421">
<pin_list>
<pin id="1422" dir="0" index="0" bw="1" slack="0"/>
<pin id="1423" dir="0" index="1" bw="1" slack="0"/>
<pin id="1424" dir="1" index="2" bw="1" slack="0"/>
</pin_list>
<bind>
<opcode="xor(25) " fcode="xor"/>
<opset="xor_ln295_2/3 "/>
</bind>
</comp>

<comp id="1427" class="1004" name="and_ln295_3_fu_1427">
<pin_list>
<pin id="1428" dir="0" index="0" bw="1" slack="0"/>
<pin id="1429" dir="0" index="1" bw="1" slack="0"/>
<pin id="1430" dir="1" index="2" bw="1" slack="0"/>
</pin_list>
<bind>
<opcode="and(23) " fcode="and"/>
<opset="and_ln295_3/3 "/>
</bind>
</comp>

<comp id="1433" class="1004" name="icmp_ln308_3_fu_1433">
<pin_list>
<pin id="1434" dir="0" index="0" bw="14" slack="0"/>
<pin id="1435" dir="0" index="1" bw="14" slack="0"/>
<pin id="1436" dir="1" index="2" bw="1" slack="0"/>
</pin_list>
<bind>
<opcode="icmp(45) " fcode="icmp"/>
<opset="icmp_ln308_3/3 "/>
</bind>
</comp>

<comp id="1439" class="1004" name="x_l_I_30_fu_1439">
<pin_list>
<pin id="1440" dir="0" index="0" bw="22" slack="0"/>
<pin id="1441" dir="0" index="1" bw="1" slack="0"/>
<pin id="1442" dir="1" index="2" bw="22" slack="0"/>
</pin_list>
<bind>
<opcode="add(8) " fcode="add"/>
<opset="x_l_I_30/3 "/>
</bind>
</comp>

<comp id="1445" class="1004" name="x_l_I_31_fu_1445">
<pin_list>
<pin id="1446" dir="0" index="0" bw="1" slack="0"/>
<pin id="1447" dir="0" index="1" bw="22" slack="0"/>
<pin id="1448" dir="0" index="2" bw="22" slack="0"/>
<pin id="1449" dir="1" index="3" bw="22" slack="0"/>
</pin_list>
<bind>
<opcode="select(49) " fcode="select"/>
<opset="x_l_I_31/3 "/>
</bind>
</comp>

<comp id="1453" class="1004" name="x_l_FH_7_fu_1453">
<pin_list>
<pin id="1454" dir="0" index="0" bw="14" slack="0"/>
<pin id="1455" dir="0" index="1" bw="14" slack="0"/>
<pin id="1456" dir="1" index="2" bw="14" slack="0"/>
</pin_list>
<bind>
<opcode="sub(10) " fcode="sub"/>
<opset="x_l_FH_7/3 "/>
</bind>
</comp>

<comp id="1459" class="1004" name="x_l_I_32_fu_1459">
<pin_list>
<pin id="1460" dir="0" index="0" bw="22" slack="0"/>
<pin id="1461" dir="0" index="1" bw="7" slack="0"/>
<pin id="1462" dir="1" index="2" bw="22" slack="0"/>
</pin_list>
<bind>
<opcode="sub(10) " fcode="sub"/>
<opset="x_l_I_32/3 "/>
</bind>
</comp>

<comp id="1465" class="1004" name="res_FH_5_fu_1465">
<pin_list>
<pin id="1466" dir="0" index="0" bw="14" slack="0"/>
<pin id="1467" dir="0" index="1" bw="14" slack="0"/>
<pin id="1468" dir="0" index="2" bw="5" slack="0"/>
<pin id="1469" dir="0" index="3" bw="1" slack="0"/>
<pin id="1470" dir="1" index="4" bw="14" slack="0"/>
</pin_list>
<bind>
<opcode="bitset(1001) " fcode="bitset"/>
<opset="res_FH_5/3 "/>
</bind>
</comp>

<comp id="1475" class="1004" name="or_ln295_3_fu_1475">
<pin_list>
<pin id="1476" dir="0" index="0" bw="1" slack="0"/>
<pin id="1477" dir="0" index="1" bw="1" slack="0"/>
<pin id="1478" dir="1" index="2" bw="1" slack="0"/>
</pin_list>
<bind>
<opcode="or(24) " fcode="or"/>
<opset="or_ln295_3/3 "/>
</bind>
</comp>

<comp id="1481" class="1004" name="x_l_I_33_fu_1481">
<pin_list>
<pin id="1482" dir="0" index="0" bw="1" slack="0"/>
<pin id="1483" dir="0" index="1" bw="22" slack="0"/>
<pin id="1484" dir="0" index="2" bw="22" slack="0"/>
<pin id="1485" dir="1" index="3" bw="22" slack="0"/>
</pin_list>
<bind>
<opcode="select(49) " fcode="select"/>
<opset="x_l_I_33/3 "/>
</bind>
</comp>

<comp id="1489" class="1004" name="x_l_FH_31_fu_1489">
<pin_list>
<pin id="1490" dir="0" index="0" bw="1" slack="0"/>
<pin id="1491" dir="0" index="1" bw="14" slack="0"/>
<pin id="1492" dir="0" index="2" bw="14" slack="0"/>
<pin id="1493" dir="1" index="3" bw="14" slack="0"/>
</pin_list>
<bind>
<opcode="select(49) " fcode="select"/>
<opset="x_l_FH_31/3 "/>
</bind>
</comp>

<comp id="1497" class="1004" name="res_FH_6_fu_1497">
<pin_list>
<pin id="1498" dir="0" index="0" bw="1" slack="0"/>
<pin id="1499" dir="0" index="1" bw="14" slack="0"/>
<pin id="1500" dir="0" index="2" bw="14" slack="0"/>
<pin id="1501" dir="1" index="3" bw="14" slack="0"/>
</pin_list>
<bind>
<opcode="select(49) " fcode="select"/>
<opset="res_FH_6/3 "/>
</bind>
</comp>

<comp id="1505" class="1004" name="tmp_26_fu_1505">
<pin_list>
<pin id="1506" dir="0" index="0" bw="5" slack="0"/>
<pin id="1507" dir="0" index="1" bw="14" slack="0"/>
<pin id="1508" dir="0" index="2" bw="5" slack="0"/>
<pin id="1509" dir="1" index="3" bw="5" slack="0"/>
</pin_list>
<bind>
<opcode="partselect(1002) " fcode="partselect"/>
<opset="tmp_26/3 "/>
</bind>
</comp>

<comp id="1513" class="1004" name="mul_FH_3_fu_1513">
<pin_list>
<pin id="1514" dir="0" index="0" bw="14" slack="0"/>
<pin id="1515" dir="0" index="1" bw="4" slack="1"/>
<pin id="1516" dir="0" index="2" bw="5" slack="0"/>
<pin id="1517" dir="0" index="3" bw="5" slack="0"/>
<pin id="1518" dir="1" index="4" bw="14" slack="0"/>
</pin_list>
<bind>
<opcode="bitconcatenate(1004) " fcode="bitconcatenate"/>
<opset="mul_FH_3/3 "/>
</bind>
</comp>

<comp id="1522" class="1004" name="zext_ln295_4_fu_1522">
<pin_list>
<pin id="1523" dir="0" index="0" bw="6" slack="1"/>
<pin id="1524" dir="1" index="1" bw="22" slack="0"/>
</pin_list>
<bind>
<opcode="zext(34) " fcode="zext"/>
<opset="zext_ln295_4/3 "/>
</bind>
</comp>

<comp id="1525" class="1004" name="icmp_ln295_12_fu_1525">
<pin_list>
<pin id="1526" dir="0" index="0" bw="22" slack="0"/>
<pin id="1527" dir="0" index="1" bw="6" slack="0"/>
<pin id="1528" dir="1" index="2" bw="1" slack="0"/>
</pin_list>
<bind>
<opcode="icmp(45) " fcode="icmp"/>
<opset="icmp_ln295_12/3 "/>
</bind>
</comp>

<comp id="1531" class="1004" name="icmp_ln295_13_fu_1531">
<pin_list>
<pin id="1532" dir="0" index="0" bw="22" slack="0"/>
<pin id="1533" dir="0" index="1" bw="6" slack="0"/>
<pin id="1534" dir="1" index="2" bw="1" slack="0"/>
</pin_list>
<bind>
<opcode="icmp(45) " fcode="icmp"/>
<opset="icmp_ln295_13/3 "/>
</bind>
</comp>

<comp id="1537" class="1004" name="icmp_ln295_14_fu_1537">
<pin_list>
<pin id="1538" dir="0" index="0" bw="14" slack="0"/>
<pin id="1539" dir="0" index="1" bw="14" slack="0"/>
<pin id="1540" dir="1" index="2" bw="1" slack="0"/>
</pin_list>
<bind>
<opcode="icmp(45) " fcode="icmp"/>
<opset="icmp_ln295_14/3 "/>
</bind>
</comp>

<comp id="1543" class="1004" name="xor_ln295_3_fu_1543">
<pin_list>
<pin id="1544" dir="0" index="0" bw="1" slack="0"/>
<pin id="1545" dir="0" index="1" bw="1" slack="0"/>
<pin id="1546" dir="1" index="2" bw="1" slack="0"/>
</pin_list>
<bind>
<opcode="xor(25) " fcode="xor"/>
<opset="xor_ln295_3/3 "/>
</bind>
</comp>

<comp id="1549" class="1004" name="and_ln295_4_fu_1549">
<pin_list>
<pin id="1550" dir="0" index="0" bw="1" slack="0"/>
<pin id="1551" dir="0" index="1" bw="1" slack="0"/>
<pin id="1552" dir="1" index="2" bw="1" slack="0"/>
</pin_list>
<bind>
<opcode="and(23) " fcode="and"/>
<opset="and_ln295_4/3 "/>
</bind>
</comp>

<comp id="1555" class="1004" name="icmp_ln308_4_fu_1555">
<pin_list>
<pin id="1556" dir="0" index="0" bw="14" slack="0"/>
<pin id="1557" dir="0" index="1" bw="14" slack="0"/>
<pin id="1558" dir="1" index="2" bw="1" slack="1"/>
</pin_list>
<bind>
<opcode="icmp(45) " fcode="icmp"/>
<opset="icmp_ln308_4/3 "/>
</bind>
</comp>

<comp id="1561" class="1004" name="x_l_I_34_fu_1561">
<pin_list>
<pin id="1562" dir="0" index="0" bw="22" slack="0"/>
<pin id="1563" dir="0" index="1" bw="1" slack="0"/>
<pin id="1564" dir="1" index="2" bw="22" slack="1"/>
</pin_list>
<bind>
<opcode="add(8) " fcode="add"/>
<opset="x_l_I_34/3 "/>
</bind>
</comp>

<comp id="1567" class="1004" name="x_l_FH_9_fu_1567">
<pin_list>
<pin id="1568" dir="0" index="0" bw="14" slack="0"/>
<pin id="1569" dir="0" index="1" bw="14" slack="0"/>
<pin id="1570" dir="1" index="2" bw="14" slack="0"/>
</pin_list>
<bind>
<opcode="sub(10) " fcode="sub"/>
<opset="x_l_FH_9/3 "/>
</bind>
</comp>

<comp id="1573" class="1004" name="or_ln295_4_fu_1573">
<pin_list>
<pin id="1574" dir="0" index="0" bw="1" slack="0"/>
<pin id="1575" dir="0" index="1" bw="1" slack="0"/>
<pin id="1576" dir="1" index="2" bw="1" slack="0"/>
</pin_list>
<bind>
<opcode="or(24) " fcode="or"/>
<opset="or_ln295_4/3 "/>
</bind>
</comp>

<comp id="1579" class="1004" name="x_l_FH_32_fu_1579">
<pin_list>
<pin id="1580" dir="0" index="0" bw="1" slack="0"/>
<pin id="1581" dir="0" index="1" bw="14" slack="0"/>
<pin id="1582" dir="0" index="2" bw="14" slack="0"/>
<pin id="1583" dir="1" index="3" bw="14" slack="1"/>
</pin_list>
<bind>
<opcode="select(49) " fcode="select"/>
<opset="x_l_FH_32/3 "/>
</bind>
</comp>

<comp id="1587" class="1004" name="x_l_I_35_fu_1587">
<pin_list>
<pin id="1588" dir="0" index="0" bw="1" slack="1"/>
<pin id="1589" dir="0" index="1" bw="22" slack="1"/>
<pin id="1590" dir="0" index="2" bw="22" slack="1"/>
<pin id="1591" dir="1" index="3" bw="22" slack="0"/>
</pin_list>
<bind>
<opcode="select(49) " fcode="select"/>
<opset="x_l_I_35/4 "/>
</bind>
</comp>

<comp id="1592" class="1004" name="x_l_I_36_fu_1592">
<pin_list>
<pin id="1593" dir="0" index="0" bw="22" slack="0"/>
<pin id="1594" dir="0" index="1" bw="6" slack="1"/>
<pin id="1595" dir="1" index="2" bw="22" slack="0"/>
</pin_list>
<bind>
<opcode="sub(10) " fcode="sub"/>
<opset="x_l_I_36/4 "/>
</bind>
</comp>

<comp id="1597" class="1004" name="res_FH_7_fu_1597">
<pin_list>
<pin id="1598" dir="0" index="0" bw="14" slack="0"/>
<pin id="1599" dir="0" index="1" bw="14" slack="1"/>
<pin id="1600" dir="0" index="2" bw="5" slack="0"/>
<pin id="1601" dir="0" index="3" bw="1" slack="0"/>
<pin id="1602" dir="1" index="4" bw="14" slack="0"/>
</pin_list>
<bind>
<opcode="bitset(1001) " fcode="bitset"/>
<opset="res_FH_7/4 "/>
</bind>
</comp>

<comp id="1606" class="1004" name="x_l_I_37_fu_1606">
<pin_list>
<pin id="1607" dir="0" index="0" bw="1" slack="1"/>
<pin id="1608" dir="0" index="1" bw="22" slack="0"/>
<pin id="1609" dir="0" index="2" bw="22" slack="1"/>
<pin id="1610" dir="1" index="3" bw="22" slack="0"/>
</pin_list>
<bind>
<opcode="select(49) " fcode="select"/>
<opset="x_l_I_37/4 "/>
</bind>
</comp>

<comp id="1612" class="1004" name="res_FH_8_fu_1612">
<pin_list>
<pin id="1613" dir="0" index="0" bw="1" slack="1"/>
<pin id="1614" dir="0" index="1" bw="14" slack="0"/>
<pin id="1615" dir="0" index="2" bw="14" slack="1"/>
<pin id="1616" dir="1" index="3" bw="14" slack="0"/>
</pin_list>
<bind>
<opcode="select(49) " fcode="select"/>
<opset="res_FH_8/4 "/>
</bind>
</comp>

<comp id="1618" class="1004" name="tmp_27_fu_1618">
<pin_list>
<pin id="1619" dir="0" index="0" bw="6" slack="0"/>
<pin id="1620" dir="0" index="1" bw="14" slack="0"/>
<pin id="1621" dir="0" index="2" bw="5" slack="0"/>
<pin id="1622" dir="1" index="3" bw="6" slack="0"/>
</pin_list>
<bind>
<opcode="partselect(1002) " fcode="partselect"/>
<opset="tmp_27/4 "/>
</bind>
</comp>

<comp id="1626" class="1004" name="mul_FH_4_fu_1626">
<pin_list>
<pin id="1627" dir="0" index="0" bw="14" slack="0"/>
<pin id="1628" dir="0" index="1" bw="5" slack="2"/>
<pin id="1629" dir="0" index="2" bw="6" slack="0"/>
<pin id="1630" dir="0" index="3" bw="3" slack="0"/>
<pin id="1631" dir="1" index="4" bw="14" slack="0"/>
</pin_list>
<bind>
<opcode="bitconcatenate(1004) " fcode="bitconcatenate"/>
<opset="mul_FH_4/4 "/>
</bind>
</comp>

<comp id="1635" class="1004" name="zext_ln295_5_fu_1635">
<pin_list>
<pin id="1636" dir="0" index="0" bw="5" slack="2"/>
<pin id="1637" dir="1" index="1" bw="22" slack="0"/>
</pin_list>
<bind>
<opcode="zext(34) " fcode="zext"/>
<opset="zext_ln295_5/4 "/>
</bind>
</comp>

<comp id="1638" class="1004" name="icmp_ln295_15_fu_1638">
<pin_list>
<pin id="1639" dir="0" index="0" bw="22" slack="0"/>
<pin id="1640" dir="0" index="1" bw="5" slack="0"/>
<pin id="1641" dir="1" index="2" bw="1" slack="0"/>
</pin_list>
<bind>
<opcode="icmp(45) " fcode="icmp"/>
<opset="icmp_ln295_15/4 "/>
</bind>
</comp>

<comp id="1644" class="1004" name="icmp_ln295_16_fu_1644">
<pin_list>
<pin id="1645" dir="0" index="0" bw="22" slack="0"/>
<pin id="1646" dir="0" index="1" bw="5" slack="0"/>
<pin id="1647" dir="1" index="2" bw="1" slack="0"/>
</pin_list>
<bind>
<opcode="icmp(45) " fcode="icmp"/>
<opset="icmp_ln295_16/4 "/>
</bind>
</comp>

<comp id="1650" class="1004" name="icmp_ln295_17_fu_1650">
<pin_list>
<pin id="1651" dir="0" index="0" bw="14" slack="1"/>
<pin id="1652" dir="0" index="1" bw="14" slack="0"/>
<pin id="1653" dir="1" index="2" bw="1" slack="0"/>
</pin_list>
<bind>
<opcode="icmp(45) " fcode="icmp"/>
<opset="icmp_ln295_17/4 "/>
</bind>
</comp>

<comp id="1655" class="1004" name="xor_ln295_4_fu_1655">
<pin_list>
<pin id="1656" dir="0" index="0" bw="1" slack="0"/>
<pin id="1657" dir="0" index="1" bw="1" slack="0"/>
<pin id="1658" dir="1" index="2" bw="1" slack="0"/>
</pin_list>
<bind>
<opcode="xor(25) " fcode="xor"/>
<opset="xor_ln295_4/4 "/>
</bind>
</comp>

<comp id="1661" class="1004" name="and_ln295_5_fu_1661">
<pin_list>
<pin id="1662" dir="0" index="0" bw="1" slack="0"/>
<pin id="1663" dir="0" index="1" bw="1" slack="0"/>
<pin id="1664" dir="1" index="2" bw="1" slack="0"/>
</pin_list>
<bind>
<opcode="and(23) " fcode="and"/>
<opset="and_ln295_5/4 "/>
</bind>
</comp>

<comp id="1667" class="1004" name="icmp_ln308_5_fu_1667">
<pin_list>
<pin id="1668" dir="0" index="0" bw="14" slack="1"/>
<pin id="1669" dir="0" index="1" bw="14" slack="0"/>
<pin id="1670" dir="1" index="2" bw="1" slack="0"/>
</pin_list>
<bind>
<opcode="icmp(45) " fcode="icmp"/>
<opset="icmp_ln308_5/4 "/>
</bind>
</comp>

<comp id="1672" class="1004" name="x_l_I_38_fu_1672">
<pin_list>
<pin id="1673" dir="0" index="0" bw="22" slack="0"/>
<pin id="1674" dir="0" index="1" bw="1" slack="0"/>
<pin id="1675" dir="1" index="2" bw="22" slack="0"/>
</pin_list>
<bind>
<opcode="add(8) " fcode="add"/>
<opset="x_l_I_38/4 "/>
</bind>
</comp>

<comp id="1678" class="1004" name="x_l_I_39_fu_1678">
<pin_list>
<pin id="1679" dir="0" index="0" bw="1" slack="0"/>
<pin id="1680" dir="0" index="1" bw="22" slack="0"/>
<pin id="1681" dir="0" index="2" bw="22" slack="0"/>
<pin id="1682" dir="1" index="3" bw="22" slack="0"/>
</pin_list>
<bind>
<opcode="select(49) " fcode="select"/>
<opset="x_l_I_39/4 "/>
</bind>
</comp>

<comp id="1686" class="1004" name="x_l_FH_11_fu_1686">
<pin_list>
<pin id="1687" dir="0" index="0" bw="14" slack="1"/>
<pin id="1688" dir="0" index="1" bw="14" slack="0"/>
<pin id="1689" dir="1" index="2" bw="14" slack="0"/>
</pin_list>
<bind>
<opcode="sub(10) " fcode="sub"/>
<opset="x_l_FH_11/4 "/>
</bind>
</comp>

<comp id="1691" class="1004" name="x_l_I_40_fu_1691">
<pin_list>
<pin id="1692" dir="0" index="0" bw="22" slack="0"/>
<pin id="1693" dir="0" index="1" bw="5" slack="0"/>
<pin id="1694" dir="1" index="2" bw="22" slack="0"/>
</pin_list>
<bind>
<opcode="sub(10) " fcode="sub"/>
<opset="x_l_I_40/4 "/>
</bind>
</comp>

<comp id="1697" class="1004" name="res_FH_9_fu_1697">
<pin_list>
<pin id="1698" dir="0" index="0" bw="14" slack="0"/>
<pin id="1699" dir="0" index="1" bw="14" slack="0"/>
<pin id="1700" dir="0" index="2" bw="5" slack="0"/>
<pin id="1701" dir="0" index="3" bw="1" slack="0"/>
<pin id="1702" dir="1" index="4" bw="14" slack="0"/>
</pin_list>
<bind>
<opcode="bitset(1001) " fcode="bitset"/>
<opset="res_FH_9/4 "/>
</bind>
</comp>

<comp id="1707" class="1004" name="or_ln295_5_fu_1707">
<pin_list>
<pin id="1708" dir="0" index="0" bw="1" slack="0"/>
<pin id="1709" dir="0" index="1" bw="1" slack="0"/>
<pin id="1710" dir="1" index="2" bw="1" slack="0"/>
</pin_list>
<bind>
<opcode="or(24) " fcode="or"/>
<opset="or_ln295_5/4 "/>
</bind>
</comp>

<comp id="1713" class="1004" name="x_l_I_41_fu_1713">
<pin_list>
<pin id="1714" dir="0" index="0" bw="1" slack="0"/>
<pin id="1715" dir="0" index="1" bw="22" slack="0"/>
<pin id="1716" dir="0" index="2" bw="22" slack="0"/>
<pin id="1717" dir="1" index="3" bw="22" slack="0"/>
</pin_list>
<bind>
<opcode="select(49) " fcode="select"/>
<opset="x_l_I_41/4 "/>
</bind>
</comp>

<comp id="1721" class="1004" name="x_l_FH_33_fu_1721">
<pin_list>
<pin id="1722" dir="0" index="0" bw="1" slack="0"/>
<pin id="1723" dir="0" index="1" bw="14" slack="0"/>
<pin id="1724" dir="0" index="2" bw="14" slack="1"/>
<pin id="1725" dir="1" index="3" bw="14" slack="0"/>
</pin_list>
<bind>
<opcode="select(49) " fcode="select"/>
<opset="x_l_FH_33/4 "/>
</bind>
</comp>

<comp id="1728" class="1004" name="res_FH_10_fu_1728">
<pin_list>
<pin id="1729" dir="0" index="0" bw="1" slack="0"/>
<pin id="1730" dir="0" index="1" bw="14" slack="0"/>
<pin id="1731" dir="0" index="2" bw="14" slack="0"/>
<pin id="1732" dir="1" index="3" bw="14" slack="0"/>
</pin_list>
<bind>
<opcode="select(49) " fcode="select"/>
<opset="res_FH_10/4 "/>
</bind>
</comp>

<comp id="1736" class="1004" name="tmp_28_fu_1736">
<pin_list>
<pin id="1737" dir="0" index="0" bw="7" slack="0"/>
<pin id="1738" dir="0" index="1" bw="14" slack="0"/>
<pin id="1739" dir="0" index="2" bw="4" slack="0"/>
<pin id="1740" dir="1" index="3" bw="7" slack="0"/>
</pin_list>
<bind>
<opcode="partselect(1002) " fcode="partselect"/>
<opset="tmp_28/4 "/>
</bind>
</comp>

<comp id="1744" class="1004" name="mul_FH_5_fu_1744">
<pin_list>
<pin id="1745" dir="0" index="0" bw="14" slack="0"/>
<pin id="1746" dir="0" index="1" bw="6" slack="2"/>
<pin id="1747" dir="0" index="2" bw="7" slack="0"/>
<pin id="1748" dir="0" index="3" bw="1" slack="0"/>
<pin id="1749" dir="1" index="4" bw="14" slack="0"/>
</pin_list>
<bind>
<opcode="bitconcatenate(1004) " fcode="bitconcatenate"/>
<opset="mul_FH_5/4 "/>
</bind>
</comp>

<comp id="1753" class="1004" name="zext_ln295_6_fu_1753">
<pin_list>
<pin id="1754" dir="0" index="0" bw="4" slack="2"/>
<pin id="1755" dir="1" index="1" bw="22" slack="0"/>
</pin_list>
<bind>
<opcode="zext(34) " fcode="zext"/>
<opset="zext_ln295_6/4 "/>
</bind>
</comp>

<comp id="1756" class="1004" name="icmp_ln295_18_fu_1756">
<pin_list>
<pin id="1757" dir="0" index="0" bw="22" slack="0"/>
<pin id="1758" dir="0" index="1" bw="4" slack="0"/>
<pin id="1759" dir="1" index="2" bw="1" slack="0"/>
</pin_list>
<bind>
<opcode="icmp(45) " fcode="icmp"/>
<opset="icmp_ln295_18/4 "/>
</bind>
</comp>

<comp id="1762" class="1004" name="icmp_ln295_19_fu_1762">
<pin_list>
<pin id="1763" dir="0" index="0" bw="22" slack="0"/>
<pin id="1764" dir="0" index="1" bw="4" slack="0"/>
<pin id="1765" dir="1" index="2" bw="1" slack="0"/>
</pin_list>
<bind>
<opcode="icmp(45) " fcode="icmp"/>
<opset="icmp_ln295_19/4 "/>
</bind>
</comp>

<comp id="1768" class="1004" name="icmp_ln295_20_fu_1768">
<pin_list>
<pin id="1769" dir="0" index="0" bw="14" slack="0"/>
<pin id="1770" dir="0" index="1" bw="14" slack="0"/>
<pin id="1771" dir="1" index="2" bw="1" slack="0"/>
</pin_list>
<bind>
<opcode="icmp(45) " fcode="icmp"/>
<opset="icmp_ln295_20/4 "/>
</bind>
</comp>

<comp id="1774" class="1004" name="xor_ln295_5_fu_1774">
<pin_list>
<pin id="1775" dir="0" index="0" bw="1" slack="0"/>
<pin id="1776" dir="0" index="1" bw="1" slack="0"/>
<pin id="1777" dir="1" index="2" bw="1" slack="0"/>
</pin_list>
<bind>
<opcode="xor(25) " fcode="xor"/>
<opset="xor_ln295_5/4 "/>
</bind>
</comp>

<comp id="1780" class="1004" name="and_ln295_6_fu_1780">
<pin_list>
<pin id="1781" dir="0" index="0" bw="1" slack="0"/>
<pin id="1782" dir="0" index="1" bw="1" slack="0"/>
<pin id="1783" dir="1" index="2" bw="1" slack="0"/>
</pin_list>
<bind>
<opcode="and(23) " fcode="and"/>
<opset="and_ln295_6/4 "/>
</bind>
</comp>

<comp id="1786" class="1004" name="icmp_ln308_6_fu_1786">
<pin_list>
<pin id="1787" dir="0" index="0" bw="14" slack="0"/>
<pin id="1788" dir="0" index="1" bw="14" slack="0"/>
<pin id="1789" dir="1" index="2" bw="1" slack="0"/>
</pin_list>
<bind>
<opcode="icmp(45) " fcode="icmp"/>
<opset="icmp_ln308_6/4 "/>
</bind>
</comp>

<comp id="1792" class="1004" name="x_l_I_42_fu_1792">
<pin_list>
<pin id="1793" dir="0" index="0" bw="22" slack="0"/>
<pin id="1794" dir="0" index="1" bw="1" slack="0"/>
<pin id="1795" dir="1" index="2" bw="22" slack="0"/>
</pin_list>
<bind>
<opcode="add(8) " fcode="add"/>
<opset="x_l_I_42/4 "/>
</bind>
</comp>

<comp id="1798" class="1004" name="x_l_I_43_fu_1798">
<pin_list>
<pin id="1799" dir="0" index="0" bw="1" slack="0"/>
<pin id="1800" dir="0" index="1" bw="22" slack="0"/>
<pin id="1801" dir="0" index="2" bw="22" slack="0"/>
<pin id="1802" dir="1" index="3" bw="22" slack="0"/>
</pin_list>
<bind>
<opcode="select(49) " fcode="select"/>
<opset="x_l_I_43/4 "/>
</bind>
</comp>

<comp id="1806" class="1004" name="x_l_FH_13_fu_1806">
<pin_list>
<pin id="1807" dir="0" index="0" bw="14" slack="0"/>
<pin id="1808" dir="0" index="1" bw="14" slack="0"/>
<pin id="1809" dir="1" index="2" bw="14" slack="0"/>
</pin_list>
<bind>
<opcode="sub(10) " fcode="sub"/>
<opset="x_l_FH_13/4 "/>
</bind>
</comp>

<comp id="1812" class="1004" name="x_l_I_44_fu_1812">
<pin_list>
<pin id="1813" dir="0" index="0" bw="22" slack="0"/>
<pin id="1814" dir="0" index="1" bw="4" slack="0"/>
<pin id="1815" dir="1" index="2" bw="22" slack="0"/>
</pin_list>
<bind>
<opcode="sub(10) " fcode="sub"/>
<opset="x_l_I_44/4 "/>
</bind>
</comp>

<comp id="1818" class="1004" name="res_FH_11_fu_1818">
<pin_list>
<pin id="1819" dir="0" index="0" bw="14" slack="0"/>
<pin id="1820" dir="0" index="1" bw="14" slack="0"/>
<pin id="1821" dir="0" index="2" bw="4" slack="0"/>
<pin id="1822" dir="0" index="3" bw="1" slack="0"/>
<pin id="1823" dir="1" index="4" bw="14" slack="0"/>
</pin_list>
<bind>
<opcode="bitset(1001) " fcode="bitset"/>
<opset="res_FH_11/4 "/>
</bind>
</comp>

<comp id="1828" class="1004" name="or_ln295_6_fu_1828">
<pin_list>
<pin id="1829" dir="0" index="0" bw="1" slack="0"/>
<pin id="1830" dir="0" index="1" bw="1" slack="0"/>
<pin id="1831" dir="1" index="2" bw="1" slack="0"/>
</pin_list>
<bind>
<opcode="or(24) " fcode="or"/>
<opset="or_ln295_6/4 "/>
</bind>
</comp>

<comp id="1834" class="1004" name="x_l_I_45_fu_1834">
<pin_list>
<pin id="1835" dir="0" index="0" bw="1" slack="0"/>
<pin id="1836" dir="0" index="1" bw="22" slack="0"/>
<pin id="1837" dir="0" index="2" bw="22" slack="0"/>
<pin id="1838" dir="1" index="3" bw="22" slack="0"/>
</pin_list>
<bind>
<opcode="select(49) " fcode="select"/>
<opset="x_l_I_45/4 "/>
</bind>
</comp>

<comp id="1842" class="1004" name="x_l_FH_34_fu_1842">
<pin_list>
<pin id="1843" dir="0" index="0" bw="1" slack="0"/>
<pin id="1844" dir="0" index="1" bw="14" slack="0"/>
<pin id="1845" dir="0" index="2" bw="14" slack="0"/>
<pin id="1846" dir="1" index="3" bw="14" slack="0"/>
</pin_list>
<bind>
<opcode="select(49) " fcode="select"/>
<opset="x_l_FH_34/4 "/>
</bind>
</comp>

<comp id="1850" class="1004" name="res_FH_12_fu_1850">
<pin_list>
<pin id="1851" dir="0" index="0" bw="1" slack="0"/>
<pin id="1852" dir="0" index="1" bw="14" slack="0"/>
<pin id="1853" dir="0" index="2" bw="14" slack="0"/>
<pin id="1854" dir="1" index="3" bw="14" slack="0"/>
</pin_list>
<bind>
<opcode="select(49) " fcode="select"/>
<opset="res_FH_12/4 "/>
</bind>
</comp>

<comp id="1858" class="1004" name="tmp_64_fu_1858">
<pin_list>
<pin id="1859" dir="0" index="0" bw="1" slack="0"/>
<pin id="1860" dir="0" index="1" bw="14" slack="0"/>
<pin id="1861" dir="0" index="2" bw="4" slack="0"/>
<pin id="1862" dir="1" index="3" bw="1" slack="1"/>
</pin_list>
<bind>
<opcode="bitselect(1000) " fcode="bitselect"/>
<opset="tmp_64/4 "/>
</bind>
</comp>

<comp id="1866" class="1004" name="tmp_39_fu_1866">
<pin_list>
<pin id="1867" dir="0" index="0" bw="7" slack="0"/>
<pin id="1868" dir="0" index="1" bw="14" slack="0"/>
<pin id="1869" dir="0" index="2" bw="4" slack="0"/>
<pin id="1870" dir="0" index="3" bw="5" slack="0"/>
<pin id="1871" dir="1" index="4" bw="7" slack="0"/>
</pin_list>
<bind>
<opcode="partselect(1002) " fcode="partselect"/>
<opset="tmp_39/4 "/>
</bind>
</comp>

<comp id="1876" class="1004" name="mul_FH_6_fu_1876">
<pin_list>
<pin id="1877" dir="0" index="0" bw="14" slack="0"/>
<pin id="1878" dir="0" index="1" bw="7" slack="2"/>
<pin id="1879" dir="0" index="2" bw="7" slack="0"/>
<pin id="1880" dir="1" index="3" bw="14" slack="0"/>
</pin_list>
<bind>
<opcode="bitconcatenate(1004) " fcode="bitconcatenate"/>
<opset="mul_FH_6/4 "/>
</bind>
</comp>

<comp id="1883" class="1004" name="zext_ln295_7_fu_1883">
<pin_list>
<pin id="1884" dir="0" index="0" bw="3" slack="2"/>
<pin id="1885" dir="1" index="1" bw="22" slack="0"/>
</pin_list>
<bind>
<opcode="zext(34) " fcode="zext"/>
<opset="zext_ln295_7/4 "/>
</bind>
</comp>

<comp id="1886" class="1004" name="icmp_ln295_21_fu_1886">
<pin_list>
<pin id="1887" dir="0" index="0" bw="22" slack="0"/>
<pin id="1888" dir="0" index="1" bw="3" slack="0"/>
<pin id="1889" dir="1" index="2" bw="1" slack="0"/>
</pin_list>
<bind>
<opcode="icmp(45) " fcode="icmp"/>
<opset="icmp_ln295_21/4 "/>
</bind>
</comp>

<comp id="1892" class="1004" name="icmp_ln295_22_fu_1892">
<pin_list>
<pin id="1893" dir="0" index="0" bw="22" slack="0"/>
<pin id="1894" dir="0" index="1" bw="3" slack="0"/>
<pin id="1895" dir="1" index="2" bw="1" slack="0"/>
</pin_list>
<bind>
<opcode="icmp(45) " fcode="icmp"/>
<opset="icmp_ln295_22/4 "/>
</bind>
</comp>

<comp id="1898" class="1004" name="icmp_ln295_23_fu_1898">
<pin_list>
<pin id="1899" dir="0" index="0" bw="14" slack="0"/>
<pin id="1900" dir="0" index="1" bw="14" slack="0"/>
<pin id="1901" dir="1" index="2" bw="1" slack="0"/>
</pin_list>
<bind>
<opcode="icmp(45) " fcode="icmp"/>
<opset="icmp_ln295_23/4 "/>
</bind>
</comp>

<comp id="1904" class="1004" name="and_ln295_7_fu_1904">
<pin_list>
<pin id="1905" dir="0" index="0" bw="1" slack="0"/>
<pin id="1906" dir="0" index="1" bw="1" slack="0"/>
<pin id="1907" dir="1" index="2" bw="1" slack="0"/>
</pin_list>
<bind>
<opcode="and(23) " fcode="and"/>
<opset="and_ln295_7/4 "/>
</bind>
</comp>

<comp id="1910" class="1004" name="x_l_I_46_fu_1910">
<pin_list>
<pin id="1911" dir="0" index="0" bw="22" slack="0"/>
<pin id="1912" dir="0" index="1" bw="1" slack="0"/>
<pin id="1913" dir="1" index="2" bw="22" slack="1"/>
</pin_list>
<bind>
<opcode="add(8) " fcode="add"/>
<opset="x_l_I_46/4 "/>
</bind>
</comp>

<comp id="1916" class="1004" name="xor_ln319_fu_1916">
<pin_list>
<pin id="1917" dir="0" index="0" bw="14" slack="0"/>
<pin id="1918" dir="0" index="1" bw="1" slack="0"/>
<pin id="1919" dir="1" index="2" bw="14" slack="0"/>
</pin_list>
<bind>
<opcode="xor(25) " fcode="xor"/>
<opset="xor_ln319/4 "/>
</bind>
</comp>

<comp id="1922" class="1004" name="x_l_FH_15_fu_1922">
<pin_list>
<pin id="1923" dir="0" index="0" bw="14" slack="0"/>
<pin id="1924" dir="0" index="1" bw="14" slack="0"/>
<pin id="1925" dir="1" index="2" bw="14" slack="0"/>
</pin_list>
<bind>
<opcode="add(8) " fcode="add"/>
<opset="x_l_FH_15/4 "/>
</bind>
</comp>

<comp id="1928" class="1004" name="or_ln295_7_fu_1928">
<pin_list>
<pin id="1929" dir="0" index="0" bw="1" slack="0"/>
<pin id="1930" dir="0" index="1" bw="1" slack="0"/>
<pin id="1931" dir="1" index="2" bw="1" slack="0"/>
</pin_list>
<bind>
<opcode="or(24) " fcode="or"/>
<opset="or_ln295_7/4 "/>
</bind>
</comp>

<comp id="1934" class="1004" name="x_l_FH_35_fu_1934">
<pin_list>
<pin id="1935" dir="0" index="0" bw="1" slack="0"/>
<pin id="1936" dir="0" index="1" bw="14" slack="0"/>
<pin id="1937" dir="0" index="2" bw="14" slack="0"/>
<pin id="1938" dir="1" index="3" bw="14" slack="1"/>
</pin_list>
<bind>
<opcode="select(49) " fcode="select"/>
<opset="x_l_FH_35/4 "/>
</bind>
</comp>

<comp id="1942" class="1004" name="mul_FL_fu_1942">
<pin_list>
<pin id="1943" dir="0" index="0" bw="14" slack="0"/>
<pin id="1944" dir="0" index="1" bw="1" slack="1"/>
<pin id="1945" dir="0" index="2" bw="13" slack="0"/>
<pin id="1946" dir="1" index="3" bw="14" slack="0"/>
</pin_list>
<bind>
<opcode="bitconcatenate(1004) " fcode="bitconcatenate"/>
<opset="mul_FL/5 "/>
</bind>
</comp>

<comp id="1949" class="1004" name="x_l_FL_fu_1949">
<pin_list>
<pin id="1950" dir="0" index="0" bw="1" slack="0"/>
<pin id="1951" dir="0" index="1" bw="14" slack="0"/>
<pin id="1952" dir="1" index="2" bw="14" slack="0"/>
</pin_list>
<bind>
<opcode="sub(10) " fcode="sub"/>
<opset="x_l_FL/5 "/>
</bind>
</comp>

<comp id="1955" class="1004" name="x_l_I_47_fu_1955">
<pin_list>
<pin id="1956" dir="0" index="0" bw="1" slack="1"/>
<pin id="1957" dir="0" index="1" bw="22" slack="1"/>
<pin id="1958" dir="0" index="2" bw="22" slack="1"/>
<pin id="1959" dir="1" index="3" bw="22" slack="0"/>
</pin_list>
<bind>
<opcode="select(49) " fcode="select"/>
<opset="x_l_I_47/5 "/>
</bind>
</comp>

<comp id="1960" class="1004" name="x_l_I_48_fu_1960">
<pin_list>
<pin id="1961" dir="0" index="0" bw="22" slack="0"/>
<pin id="1962" dir="0" index="1" bw="3" slack="1"/>
<pin id="1963" dir="1" index="2" bw="22" slack="0"/>
</pin_list>
<bind>
<opcode="sub(10) " fcode="sub"/>
<opset="x_l_I_48/5 "/>
</bind>
</comp>

<comp id="1965" class="1004" name="res_FH_13_fu_1965">
<pin_list>
<pin id="1966" dir="0" index="0" bw="14" slack="0"/>
<pin id="1967" dir="0" index="1" bw="14" slack="1"/>
<pin id="1968" dir="0" index="2" bw="4" slack="0"/>
<pin id="1969" dir="0" index="3" bw="1" slack="0"/>
<pin id="1970" dir="1" index="4" bw="14" slack="0"/>
</pin_list>
<bind>
<opcode="bitset(1001) " fcode="bitset"/>
<opset="res_FH_13/5 "/>
</bind>
</comp>

<comp id="1974" class="1004" name="x_l_I_49_fu_1974">
<pin_list>
<pin id="1975" dir="0" index="0" bw="1" slack="1"/>
<pin id="1976" dir="0" index="1" bw="22" slack="0"/>
<pin id="1977" dir="0" index="2" bw="22" slack="1"/>
<pin id="1978" dir="1" index="3" bw="22" slack="0"/>
</pin_list>
<bind>
<opcode="select(49) " fcode="select"/>
<opset="x_l_I_49/5 "/>
</bind>
</comp>

<comp id="1980" class="1004" name="x_l_FL_12_fu_1980">
<pin_list>
<pin id="1981" dir="0" index="0" bw="1" slack="1"/>
<pin id="1982" dir="0" index="1" bw="14" slack="0"/>
<pin id="1983" dir="0" index="2" bw="1" slack="0"/>
<pin id="1984" dir="1" index="3" bw="14" slack="0"/>
</pin_list>
<bind>
<opcode="select(49) " fcode="select"/>
<opset="x_l_FL_12/5 "/>
</bind>
</comp>

<comp id="1987" class="1004" name="res_FH_14_fu_1987">
<pin_list>
<pin id="1988" dir="0" index="0" bw="1" slack="1"/>
<pin id="1989" dir="0" index="1" bw="14" slack="0"/>
<pin id="1990" dir="0" index="2" bw="14" slack="1"/>
<pin id="1991" dir="1" index="3" bw="14" slack="0"/>
</pin_list>
<bind>
<opcode="select(49) " fcode="select"/>
<opset="res_FH_14/5 "/>
</bind>
</comp>

<comp id="1993" class="1004" name="tmp_32_fu_1993">
<pin_list>
<pin id="1994" dir="0" index="0" bw="3" slack="0"/>
<pin id="1995" dir="0" index="1" bw="14" slack="0"/>
<pin id="1996" dir="0" index="2" bw="4" slack="0"/>
<pin id="1997" dir="0" index="3" bw="4" slack="0"/>
<pin id="1998" dir="1" index="4" bw="3" slack="0"/>
</pin_list>
<bind>
<opcode="partselect(1002) " fcode="partselect"/>
<opset="tmp_32/5 "/>
</bind>
</comp>

<comp id="2003" class="1004" name="tmp_42_fu_2003">
<pin_list>
<pin id="2004" dir="0" index="0" bw="6" slack="0"/>
<pin id="2005" dir="0" index="1" bw="14" slack="0"/>
<pin id="2006" dir="0" index="2" bw="5" slack="0"/>
<pin id="2007" dir="0" index="3" bw="5" slack="0"/>
<pin id="2008" dir="1" index="4" bw="6" slack="0"/>
</pin_list>
<bind>
<opcode="partselect(1002) " fcode="partselect"/>
<opset="tmp_42/5 "/>
</bind>
</comp>

<comp id="2013" class="1004" name="mul_FH_7_fu_2013">
<pin_list>
<pin id="2014" dir="0" index="0" bw="14" slack="0"/>
<pin id="2015" dir="0" index="1" bw="8" slack="3"/>
<pin id="2016" dir="0" index="2" bw="6" slack="0"/>
<pin id="2017" dir="1" index="3" bw="14" slack="0"/>
</pin_list>
<bind>
<opcode="bitconcatenate(1004) " fcode="bitconcatenate"/>
<opset="mul_FH_7/5 "/>
</bind>
</comp>

<comp id="2020" class="1004" name="mul_FL_1_fu_2020">
<pin_list>
<pin id="2021" dir="0" index="0" bw="14" slack="0"/>
<pin id="2022" dir="0" index="1" bw="3" slack="0"/>
<pin id="2023" dir="0" index="2" bw="11" slack="0"/>
<pin id="2024" dir="1" index="3" bw="14" slack="0"/>
</pin_list>
<bind>
<opcode="bitconcatenate(1004) " fcode="bitconcatenate"/>
<opset="mul_FL_1/5 "/>
</bind>
</comp>

<comp id="2028" class="1004" name="zext_ln295_8_fu_2028">
<pin_list>
<pin id="2029" dir="0" index="0" bw="2" slack="3"/>
<pin id="2030" dir="1" index="1" bw="22" slack="0"/>
</pin_list>
<bind>
<opcode="zext(34) " fcode="zext"/>
<opset="zext_ln295_8/5 "/>
</bind>
</comp>

<comp id="2031" class="1004" name="icmp_ln295_24_fu_2031">
<pin_list>
<pin id="2032" dir="0" index="0" bw="22" slack="0"/>
<pin id="2033" dir="0" index="1" bw="2" slack="0"/>
<pin id="2034" dir="1" index="2" bw="1" slack="0"/>
</pin_list>
<bind>
<opcode="icmp(45) " fcode="icmp"/>
<opset="icmp_ln295_24/5 "/>
</bind>
</comp>

<comp id="2037" class="1004" name="icmp_ln295_25_fu_2037">
<pin_list>
<pin id="2038" dir="0" index="0" bw="22" slack="0"/>
<pin id="2039" dir="0" index="1" bw="2" slack="0"/>
<pin id="2040" dir="1" index="2" bw="1" slack="0"/>
</pin_list>
<bind>
<opcode="icmp(45) " fcode="icmp"/>
<opset="icmp_ln295_25/5 "/>
</bind>
</comp>

<comp id="2043" class="1004" name="icmp_ln295_26_fu_2043">
<pin_list>
<pin id="2044" dir="0" index="0" bw="14" slack="1"/>
<pin id="2045" dir="0" index="1" bw="14" slack="0"/>
<pin id="2046" dir="1" index="2" bw="1" slack="0"/>
</pin_list>
<bind>
<opcode="icmp(45) " fcode="icmp"/>
<opset="icmp_ln295_26/5 "/>
</bind>
</comp>

<comp id="2048" class="1004" name="icmp_ln295_27_fu_2048">
<pin_list>
<pin id="2049" dir="0" index="0" bw="14" slack="1"/>
<pin id="2050" dir="0" index="1" bw="14" slack="0"/>
<pin id="2051" dir="1" index="2" bw="1" slack="0"/>
</pin_list>
<bind>
<opcode="icmp(45) " fcode="icmp"/>
<opset="icmp_ln295_27/5 "/>
</bind>
</comp>

<comp id="2053" class="1004" name="icmp_ln295_28_fu_2053">
<pin_list>
<pin id="2054" dir="0" index="0" bw="14" slack="0"/>
<pin id="2055" dir="0" index="1" bw="14" slack="0"/>
<pin id="2056" dir="1" index="2" bw="1" slack="0"/>
</pin_list>
<bind>
<opcode="icmp(45) " fcode="icmp"/>
<opset="icmp_ln295_28/5 "/>
</bind>
</comp>

<comp id="2059" class="1004" name="xor_ln295_6_fu_2059">
<pin_list>
<pin id="2060" dir="0" index="0" bw="1" slack="0"/>
<pin id="2061" dir="0" index="1" bw="1" slack="0"/>
<pin id="2062" dir="1" index="2" bw="1" slack="0"/>
</pin_list>
<bind>
<opcode="xor(25) " fcode="xor"/>
<opset="xor_ln295_6/5 "/>
</bind>
</comp>

<comp id="2065" class="1004" name="and_ln295_8_fu_2065">
<pin_list>
<pin id="2066" dir="0" index="0" bw="1" slack="0"/>
<pin id="2067" dir="0" index="1" bw="1" slack="0"/>
<pin id="2068" dir="1" index="2" bw="1" slack="0"/>
</pin_list>
<bind>
<opcode="and(23) " fcode="and"/>
<opset="and_ln295_8/5 "/>
</bind>
</comp>

<comp id="2071" class="1004" name="delta_fu_2071">
<pin_list>
<pin id="2072" dir="0" index="0" bw="14" slack="0"/>
<pin id="2073" dir="0" index="1" bw="14" slack="0"/>
<pin id="2074" dir="1" index="2" bw="1" slack="0"/>
</pin_list>
<bind>
<opcode="icmp(45) " fcode="icmp"/>
<opset="delta/5 "/>
</bind>
</comp>

<comp id="2077" class="1004" name="x_l_FL_2_fu_2077">
<pin_list>
<pin id="2078" dir="0" index="0" bw="14" slack="0"/>
<pin id="2079" dir="0" index="1" bw="14" slack="0"/>
<pin id="2080" dir="1" index="2" bw="14" slack="0"/>
</pin_list>
<bind>
<opcode="sub(10) " fcode="sub"/>
<opset="x_l_FL_2/5 "/>
</bind>
</comp>

<comp id="2083" class="1004" name="icmp_ln308_7_fu_2083">
<pin_list>
<pin id="2084" dir="0" index="0" bw="14" slack="1"/>
<pin id="2085" dir="0" index="1" bw="14" slack="0"/>
<pin id="2086" dir="1" index="2" bw="1" slack="0"/>
</pin_list>
<bind>
<opcode="icmp(45) " fcode="icmp"/>
<opset="icmp_ln308_7/5 "/>
</bind>
</comp>

<comp id="2088" class="1004" name="and_ln308_fu_2088">
<pin_list>
<pin id="2089" dir="0" index="0" bw="1" slack="0"/>
<pin id="2090" dir="0" index="1" bw="1" slack="0"/>
<pin id="2091" dir="1" index="2" bw="1" slack="0"/>
</pin_list>
<bind>
<opcode="and(23) " fcode="and"/>
<opset="and_ln308/5 "/>
</bind>
</comp>

<comp id="2094" class="1004" name="or_ln308_fu_2094">
<pin_list>
<pin id="2095" dir="0" index="0" bw="1" slack="0"/>
<pin id="2096" dir="0" index="1" bw="1" slack="0"/>
<pin id="2097" dir="1" index="2" bw="1" slack="0"/>
</pin_list>
<bind>
<opcode="or(24) " fcode="or"/>
<opset="or_ln308/5 "/>
</bind>
</comp>

<comp id="2100" class="1004" name="x_l_I_50_fu_2100">
<pin_list>
<pin id="2101" dir="0" index="0" bw="22" slack="0"/>
<pin id="2102" dir="0" index="1" bw="1" slack="0"/>
<pin id="2103" dir="1" index="2" bw="22" slack="0"/>
</pin_list>
<bind>
<opcode="add(8) " fcode="add"/>
<opset="x_l_I_50/5 "/>
</bind>
</comp>

<comp id="2106" class="1004" name="x_l_I_51_fu_2106">
<pin_list>
<pin id="2107" dir="0" index="0" bw="1" slack="0"/>
<pin id="2108" dir="0" index="1" bw="22" slack="0"/>
<pin id="2109" dir="0" index="2" bw="22" slack="0"/>
<pin id="2110" dir="1" index="3" bw="22" slack="0"/>
</pin_list>
<bind>
<opcode="select(49) " fcode="select"/>
<opset="x_l_I_51/5 "/>
</bind>
</comp>

<comp id="2114" class="1004" name="p_neg8_fu_2114">
<pin_list>
<pin id="2115" dir="0" index="0" bw="1" slack="0"/>
<pin id="2116" dir="0" index="1" bw="1" slack="0"/>
<pin id="2117" dir="0" index="2" bw="1" slack="0"/>
<pin id="2118" dir="1" index="3" bw="14" slack="0"/>
</pin_list>
<bind>
<opcode="select(49) " fcode="select"/>
<opset="p_neg8/5 "/>
</bind>
</comp>

<comp id="2122" class="1004" name="sub_ln319_fu_2122">
<pin_list>
<pin id="2123" dir="0" index="0" bw="14" slack="0"/>
<pin id="2124" dir="0" index="1" bw="14" slack="0"/>
<pin id="2125" dir="1" index="2" bw="14" slack="0"/>
</pin_list>
<bind>
<opcode="sub(10) " fcode="sub"/>
<opset="sub_ln319/5 "/>
</bind>
</comp>

<comp id="2128" class="1004" name="x_l_FH_17_fu_2128">
<pin_list>
<pin id="2129" dir="0" index="0" bw="14" slack="0"/>
<pin id="2130" dir="0" index="1" bw="14" slack="1"/>
<pin id="2131" dir="1" index="2" bw="14" slack="0"/>
</pin_list>
<bind>
<opcode="add(8) " fcode="add"/>
<opset="x_l_FH_17/5 "/>
</bind>
</comp>

<comp id="2133" class="1004" name="x_l_I_52_fu_2133">
<pin_list>
<pin id="2134" dir="0" index="0" bw="22" slack="0"/>
<pin id="2135" dir="0" index="1" bw="2" slack="0"/>
<pin id="2136" dir="1" index="2" bw="22" slack="0"/>
</pin_list>
<bind>
<opcode="sub(10) " fcode="sub"/>
<opset="x_l_I_52/5 "/>
</bind>
</comp>

<comp id="2139" class="1004" name="res_FH_15_fu_2139">
<pin_list>
<pin id="2140" dir="0" index="0" bw="14" slack="0"/>
<pin id="2141" dir="0" index="1" bw="14" slack="0"/>
<pin id="2142" dir="0" index="2" bw="4" slack="0"/>
<pin id="2143" dir="0" index="3" bw="1" slack="0"/>
<pin id="2144" dir="1" index="4" bw="14" slack="0"/>
</pin_list>
<bind>
<opcode="bitset(1001) " fcode="bitset"/>
<opset="res_FH_15/5 "/>
</bind>
</comp>

<comp id="2149" class="1004" name="or_ln295_8_fu_2149">
<pin_list>
<pin id="2150" dir="0" index="0" bw="1" slack="0"/>
<pin id="2151" dir="0" index="1" bw="1" slack="0"/>
<pin id="2152" dir="1" index="2" bw="1" slack="0"/>
</pin_list>
<bind>
<opcode="or(24) " fcode="or"/>
<opset="or_ln295_8/5 "/>
</bind>
</comp>

<comp id="2155" class="1004" name="and_ln295_9_fu_2155">
<pin_list>
<pin id="2156" dir="0" index="0" bw="1" slack="0"/>
<pin id="2157" dir="0" index="1" bw="1" slack="0"/>
<pin id="2158" dir="1" index="2" bw="1" slack="0"/>
</pin_list>
<bind>
<opcode="and(23) " fcode="and"/>
<opset="and_ln295_9/5 "/>
</bind>
</comp>

<comp id="2161" class="1004" name="or_ln295_9_fu_2161">
<pin_list>
<pin id="2162" dir="0" index="0" bw="1" slack="0"/>
<pin id="2163" dir="0" index="1" bw="1" slack="0"/>
<pin id="2164" dir="1" index="2" bw="1" slack="0"/>
</pin_list>
<bind>
<opcode="or(24) " fcode="or"/>
<opset="or_ln295_9/5 "/>
</bind>
</comp>

<comp id="2167" class="1004" name="x_l_I_53_fu_2167">
<pin_list>
<pin id="2168" dir="0" index="0" bw="1" slack="0"/>
<pin id="2169" dir="0" index="1" bw="22" slack="0"/>
<pin id="2170" dir="0" index="2" bw="22" slack="0"/>
<pin id="2171" dir="1" index="3" bw="22" slack="0"/>
</pin_list>
<bind>
<opcode="select(49) " fcode="select"/>
<opset="x_l_I_53/5 "/>
</bind>
</comp>

<comp id="2175" class="1004" name="x_l_FH_36_fu_2175">
<pin_list>
<pin id="2176" dir="0" index="0" bw="1" slack="0"/>
<pin id="2177" dir="0" index="1" bw="14" slack="0"/>
<pin id="2178" dir="0" index="2" bw="14" slack="1"/>
<pin id="2179" dir="1" index="3" bw="14" slack="0"/>
</pin_list>
<bind>
<opcode="select(49) " fcode="select"/>
<opset="x_l_FH_36/5 "/>
</bind>
</comp>

<comp id="2182" class="1004" name="x_l_FL_13_fu_2182">
<pin_list>
<pin id="2183" dir="0" index="0" bw="1" slack="0"/>
<pin id="2184" dir="0" index="1" bw="14" slack="0"/>
<pin id="2185" dir="0" index="2" bw="14" slack="0"/>
<pin id="2186" dir="1" index="3" bw="14" slack="0"/>
</pin_list>
<bind>
<opcode="select(49) " fcode="select"/>
<opset="x_l_FL_13/5 "/>
</bind>
</comp>

<comp id="2190" class="1004" name="res_FH_16_fu_2190">
<pin_list>
<pin id="2191" dir="0" index="0" bw="1" slack="0"/>
<pin id="2192" dir="0" index="1" bw="14" slack="0"/>
<pin id="2193" dir="0" index="2" bw="14" slack="0"/>
<pin id="2194" dir="1" index="3" bw="14" slack="0"/>
</pin_list>
<bind>
<opcode="select(49) " fcode="select"/>
<opset="res_FH_16/5 "/>
</bind>
</comp>

<comp id="2198" class="1004" name="tmp_34_fu_2198">
<pin_list>
<pin id="2199" dir="0" index="0" bw="5" slack="0"/>
<pin id="2200" dir="0" index="1" bw="14" slack="0"/>
<pin id="2201" dir="0" index="2" bw="4" slack="0"/>
<pin id="2202" dir="0" index="3" bw="5" slack="0"/>
<pin id="2203" dir="1" index="4" bw="5" slack="0"/>
</pin_list>
<bind>
<opcode="partselect(1002) " fcode="partselect"/>
<opset="tmp_34/5 "/>
</bind>
</comp>

<comp id="2208" class="1004" name="tmp_44_fu_2208">
<pin_list>
<pin id="2209" dir="0" index="0" bw="5" slack="0"/>
<pin id="2210" dir="0" index="1" bw="14" slack="0"/>
<pin id="2211" dir="0" index="2" bw="5" slack="0"/>
<pin id="2212" dir="0" index="3" bw="5" slack="0"/>
<pin id="2213" dir="1" index="4" bw="5" slack="0"/>
</pin_list>
<bind>
<opcode="partselect(1002) " fcode="partselect"/>
<opset="tmp_44/5 "/>
</bind>
</comp>

<comp id="2218" class="1004" name="mul_FH_8_fu_2218">
<pin_list>
<pin id="2219" dir="0" index="0" bw="14" slack="0"/>
<pin id="2220" dir="0" index="1" bw="9" slack="3"/>
<pin id="2221" dir="0" index="2" bw="5" slack="0"/>
<pin id="2222" dir="1" index="3" bw="14" slack="0"/>
</pin_list>
<bind>
<opcode="bitconcatenate(1004) " fcode="bitconcatenate"/>
<opset="mul_FH_8/5 "/>
</bind>
</comp>

<comp id="2225" class="1004" name="mul_FL_2_fu_2225">
<pin_list>
<pin id="2226" dir="0" index="0" bw="14" slack="0"/>
<pin id="2227" dir="0" index="1" bw="5" slack="0"/>
<pin id="2228" dir="0" index="2" bw="9" slack="0"/>
<pin id="2229" dir="1" index="3" bw="14" slack="0"/>
</pin_list>
<bind>
<opcode="bitconcatenate(1004) " fcode="bitconcatenate"/>
<opset="mul_FL_2/5 "/>
</bind>
</comp>

<comp id="2233" class="1004" name="zext_ln295_9_fu_2233">
<pin_list>
<pin id="2234" dir="0" index="0" bw="1" slack="3"/>
<pin id="2235" dir="1" index="1" bw="22" slack="0"/>
</pin_list>
<bind>
<opcode="zext(34) " fcode="zext"/>
<opset="zext_ln295_9/5 "/>
</bind>
</comp>

<comp id="2236" class="1004" name="icmp_ln295_29_fu_2236">
<pin_list>
<pin id="2237" dir="0" index="0" bw="22" slack="0"/>
<pin id="2238" dir="0" index="1" bw="1" slack="0"/>
<pin id="2239" dir="1" index="2" bw="1" slack="0"/>
</pin_list>
<bind>
<opcode="icmp(45) " fcode="icmp"/>
<opset="icmp_ln295_29/5 "/>
</bind>
</comp>

<comp id="2242" class="1004" name="icmp_ln295_30_fu_2242">
<pin_list>
<pin id="2243" dir="0" index="0" bw="22" slack="0"/>
<pin id="2244" dir="0" index="1" bw="1" slack="0"/>
<pin id="2245" dir="1" index="2" bw="1" slack="0"/>
</pin_list>
<bind>
<opcode="icmp(45) " fcode="icmp"/>
<opset="icmp_ln295_30/5 "/>
</bind>
</comp>

<comp id="2248" class="1004" name="icmp_ln295_31_fu_2248">
<pin_list>
<pin id="2249" dir="0" index="0" bw="14" slack="0"/>
<pin id="2250" dir="0" index="1" bw="14" slack="0"/>
<pin id="2251" dir="1" index="2" bw="1" slack="0"/>
</pin_list>
<bind>
<opcode="icmp(45) " fcode="icmp"/>
<opset="icmp_ln295_31/5 "/>
</bind>
</comp>

<comp id="2254" class="1004" name="icmp_ln295_32_fu_2254">
<pin_list>
<pin id="2255" dir="0" index="0" bw="14" slack="0"/>
<pin id="2256" dir="0" index="1" bw="14" slack="0"/>
<pin id="2257" dir="1" index="2" bw="1" slack="0"/>
</pin_list>
<bind>
<opcode="icmp(45) " fcode="icmp"/>
<opset="icmp_ln295_32/5 "/>
</bind>
</comp>

<comp id="2260" class="1004" name="icmp_ln295_33_fu_2260">
<pin_list>
<pin id="2261" dir="0" index="0" bw="14" slack="0"/>
<pin id="2262" dir="0" index="1" bw="14" slack="0"/>
<pin id="2263" dir="1" index="2" bw="1" slack="0"/>
</pin_list>
<bind>
<opcode="icmp(45) " fcode="icmp"/>
<opset="icmp_ln295_33/5 "/>
</bind>
</comp>

<comp id="2266" class="1004" name="xor_ln295_7_fu_2266">
<pin_list>
<pin id="2267" dir="0" index="0" bw="1" slack="0"/>
<pin id="2268" dir="0" index="1" bw="1" slack="0"/>
<pin id="2269" dir="1" index="2" bw="1" slack="0"/>
</pin_list>
<bind>
<opcode="xor(25) " fcode="xor"/>
<opset="xor_ln295_7/5 "/>
</bind>
</comp>

<comp id="2272" class="1004" name="and_ln295_10_fu_2272">
<pin_list>
<pin id="2273" dir="0" index="0" bw="1" slack="0"/>
<pin id="2274" dir="0" index="1" bw="1" slack="0"/>
<pin id="2275" dir="1" index="2" bw="1" slack="0"/>
</pin_list>
<bind>
<opcode="and(23) " fcode="and"/>
<opset="and_ln295_10/5 "/>
</bind>
</comp>

<comp id="2278" class="1004" name="delta_1_fu_2278">
<pin_list>
<pin id="2279" dir="0" index="0" bw="14" slack="0"/>
<pin id="2280" dir="0" index="1" bw="14" slack="0"/>
<pin id="2281" dir="1" index="2" bw="1" slack="0"/>
</pin_list>
<bind>
<opcode="icmp(45) " fcode="icmp"/>
<opset="delta_1/5 "/>
</bind>
</comp>

<comp id="2284" class="1004" name="x_l_FL_4_fu_2284">
<pin_list>
<pin id="2285" dir="0" index="0" bw="14" slack="0"/>
<pin id="2286" dir="0" index="1" bw="14" slack="0"/>
<pin id="2287" dir="1" index="2" bw="14" slack="0"/>
</pin_list>
<bind>
<opcode="sub(10) " fcode="sub"/>
<opset="x_l_FL_4/5 "/>
</bind>
</comp>

<comp id="2290" class="1004" name="icmp_ln308_8_fu_2290">
<pin_list>
<pin id="2291" dir="0" index="0" bw="14" slack="0"/>
<pin id="2292" dir="0" index="1" bw="14" slack="0"/>
<pin id="2293" dir="1" index="2" bw="1" slack="0"/>
</pin_list>
<bind>
<opcode="icmp(45) " fcode="icmp"/>
<opset="icmp_ln308_8/5 "/>
</bind>
</comp>

<comp id="2296" class="1004" name="and_ln308_1_fu_2296">
<pin_list>
<pin id="2297" dir="0" index="0" bw="1" slack="0"/>
<pin id="2298" dir="0" index="1" bw="1" slack="0"/>
<pin id="2299" dir="1" index="2" bw="1" slack="0"/>
</pin_list>
<bind>
<opcode="and(23) " fcode="and"/>
<opset="and_ln308_1/5 "/>
</bind>
</comp>

<comp id="2302" class="1004" name="or_ln308_1_fu_2302">
<pin_list>
<pin id="2303" dir="0" index="0" bw="1" slack="0"/>
<pin id="2304" dir="0" index="1" bw="1" slack="0"/>
<pin id="2305" dir="1" index="2" bw="1" slack="0"/>
</pin_list>
<bind>
<opcode="or(24) " fcode="or"/>
<opset="or_ln308_1/5 "/>
</bind>
</comp>

<comp id="2308" class="1004" name="x_l_I_54_fu_2308">
<pin_list>
<pin id="2309" dir="0" index="0" bw="22" slack="0"/>
<pin id="2310" dir="0" index="1" bw="1" slack="0"/>
<pin id="2311" dir="1" index="2" bw="22" slack="0"/>
</pin_list>
<bind>
<opcode="add(8) " fcode="add"/>
<opset="x_l_I_54/5 "/>
</bind>
</comp>

<comp id="2314" class="1004" name="x_l_I_55_fu_2314">
<pin_list>
<pin id="2315" dir="0" index="0" bw="1" slack="0"/>
<pin id="2316" dir="0" index="1" bw="22" slack="0"/>
<pin id="2317" dir="0" index="2" bw="22" slack="0"/>
<pin id="2318" dir="1" index="3" bw="22" slack="0"/>
</pin_list>
<bind>
<opcode="select(49) " fcode="select"/>
<opset="x_l_I_55/5 "/>
</bind>
</comp>

<comp id="2322" class="1004" name="p_neg9_fu_2322">
<pin_list>
<pin id="2323" dir="0" index="0" bw="1" slack="0"/>
<pin id="2324" dir="0" index="1" bw="1" slack="0"/>
<pin id="2325" dir="0" index="2" bw="1" slack="0"/>
<pin id="2326" dir="1" index="3" bw="14" slack="0"/>
</pin_list>
<bind>
<opcode="select(49) " fcode="select"/>
<opset="p_neg9/5 "/>
</bind>
</comp>

<comp id="2330" class="1004" name="sub_ln319_1_fu_2330">
<pin_list>
<pin id="2331" dir="0" index="0" bw="14" slack="0"/>
<pin id="2332" dir="0" index="1" bw="14" slack="0"/>
<pin id="2333" dir="1" index="2" bw="14" slack="0"/>
</pin_list>
<bind>
<opcode="sub(10) " fcode="sub"/>
<opset="sub_ln319_1/5 "/>
</bind>
</comp>

<comp id="2336" class="1004" name="x_l_FH_19_fu_2336">
<pin_list>
<pin id="2337" dir="0" index="0" bw="14" slack="0"/>
<pin id="2338" dir="0" index="1" bw="14" slack="0"/>
<pin id="2339" dir="1" index="2" bw="14" slack="0"/>
</pin_list>
<bind>
<opcode="add(8) " fcode="add"/>
<opset="x_l_FH_19/5 "/>
</bind>
</comp>

<comp id="2342" class="1004" name="x_l_I_56_fu_2342">
<pin_list>
<pin id="2343" dir="0" index="0" bw="22" slack="0"/>
<pin id="2344" dir="0" index="1" bw="1" slack="0"/>
<pin id="2345" dir="1" index="2" bw="22" slack="0"/>
</pin_list>
<bind>
<opcode="sub(10) " fcode="sub"/>
<opset="x_l_I_56/5 "/>
</bind>
</comp>

<comp id="2348" class="1004" name="res_FH_17_fu_2348">
<pin_list>
<pin id="2349" dir="0" index="0" bw="14" slack="0"/>
<pin id="2350" dir="0" index="1" bw="14" slack="0"/>
<pin id="2351" dir="0" index="2" bw="4" slack="0"/>
<pin id="2352" dir="0" index="3" bw="1" slack="0"/>
<pin id="2353" dir="1" index="4" bw="14" slack="0"/>
</pin_list>
<bind>
<opcode="bitset(1001) " fcode="bitset"/>
<opset="res_FH_17/5 "/>
</bind>
</comp>

<comp id="2358" class="1004" name="or_ln295_10_fu_2358">
<pin_list>
<pin id="2359" dir="0" index="0" bw="1" slack="0"/>
<pin id="2360" dir="0" index="1" bw="1" slack="0"/>
<pin id="2361" dir="1" index="2" bw="1" slack="0"/>
</pin_list>
<bind>
<opcode="or(24) " fcode="or"/>
<opset="or_ln295_10/5 "/>
</bind>
</comp>

<comp id="2364" class="1004" name="and_ln295_11_fu_2364">
<pin_list>
<pin id="2365" dir="0" index="0" bw="1" slack="0"/>
<pin id="2366" dir="0" index="1" bw="1" slack="0"/>
<pin id="2367" dir="1" index="2" bw="1" slack="0"/>
</pin_list>
<bind>
<opcode="and(23) " fcode="and"/>
<opset="and_ln295_11/5 "/>
</bind>
</comp>

<comp id="2370" class="1004" name="or_ln295_11_fu_2370">
<pin_list>
<pin id="2371" dir="0" index="0" bw="1" slack="0"/>
<pin id="2372" dir="0" index="1" bw="1" slack="0"/>
<pin id="2373" dir="1" index="2" bw="1" slack="0"/>
</pin_list>
<bind>
<opcode="or(24) " fcode="or"/>
<opset="or_ln295_11/5 "/>
</bind>
</comp>

<comp id="2376" class="1004" name="x_l_I_57_fu_2376">
<pin_list>
<pin id="2377" dir="0" index="0" bw="1" slack="0"/>
<pin id="2378" dir="0" index="1" bw="22" slack="0"/>
<pin id="2379" dir="0" index="2" bw="22" slack="0"/>
<pin id="2380" dir="1" index="3" bw="22" slack="0"/>
</pin_list>
<bind>
<opcode="select(49) " fcode="select"/>
<opset="x_l_I_57/5 "/>
</bind>
</comp>

<comp id="2384" class="1004" name="x_l_FH_37_fu_2384">
<pin_list>
<pin id="2385" dir="0" index="0" bw="1" slack="0"/>
<pin id="2386" dir="0" index="1" bw="14" slack="0"/>
<pin id="2387" dir="0" index="2" bw="14" slack="0"/>
<pin id="2388" dir="1" index="3" bw="14" slack="0"/>
</pin_list>
<bind>
<opcode="select(49) " fcode="select"/>
<opset="x_l_FH_37/5 "/>
</bind>
</comp>

<comp id="2392" class="1004" name="x_l_FL_14_fu_2392">
<pin_list>
<pin id="2393" dir="0" index="0" bw="1" slack="0"/>
<pin id="2394" dir="0" index="1" bw="14" slack="0"/>
<pin id="2395" dir="0" index="2" bw="14" slack="0"/>
<pin id="2396" dir="1" index="3" bw="14" slack="0"/>
</pin_list>
<bind>
<opcode="select(49) " fcode="select"/>
<opset="x_l_FL_14/5 "/>
</bind>
</comp>

<comp id="2400" class="1004" name="res_FH_18_fu_2400">
<pin_list>
<pin id="2401" dir="0" index="0" bw="1" slack="0"/>
<pin id="2402" dir="0" index="1" bw="14" slack="0"/>
<pin id="2403" dir="0" index="2" bw="14" slack="0"/>
<pin id="2404" dir="1" index="3" bw="14" slack="0"/>
</pin_list>
<bind>
<opcode="select(49) " fcode="select"/>
<opset="res_FH_18/5 "/>
</bind>
</comp>

<comp id="2408" class="1004" name="tmp_36_fu_2408">
<pin_list>
<pin id="2409" dir="0" index="0" bw="7" slack="0"/>
<pin id="2410" dir="0" index="1" bw="14" slack="0"/>
<pin id="2411" dir="0" index="2" bw="3" slack="0"/>
<pin id="2412" dir="0" index="3" bw="5" slack="0"/>
<pin id="2413" dir="1" index="4" bw="7" slack="0"/>
</pin_list>
<bind>
<opcode="partselect(1002) " fcode="partselect"/>
<opset="tmp_36/5 "/>
</bind>
</comp>

<comp id="2418" class="1004" name="tmp_45_fu_2418">
<pin_list>
<pin id="2419" dir="0" index="0" bw="4" slack="0"/>
<pin id="2420" dir="0" index="1" bw="14" slack="0"/>
<pin id="2421" dir="0" index="2" bw="5" slack="0"/>
<pin id="2422" dir="0" index="3" bw="5" slack="0"/>
<pin id="2423" dir="1" index="4" bw="4" slack="0"/>
</pin_list>
<bind>
<opcode="partselect(1002) " fcode="partselect"/>
<opset="tmp_45/5 "/>
</bind>
</comp>

<comp id="2428" class="1004" name="mul_FH_9_fu_2428">
<pin_list>
<pin id="2429" dir="0" index="0" bw="14" slack="0"/>
<pin id="2430" dir="0" index="1" bw="10" slack="3"/>
<pin id="2431" dir="0" index="2" bw="4" slack="0"/>
<pin id="2432" dir="1" index="3" bw="14" slack="0"/>
</pin_list>
<bind>
<opcode="bitconcatenate(1004) " fcode="bitconcatenate"/>
<opset="mul_FH_9/5 "/>
</bind>
</comp>

<comp id="2435" class="1004" name="mul_FL_3_fu_2435">
<pin_list>
<pin id="2436" dir="0" index="0" bw="14" slack="0"/>
<pin id="2437" dir="0" index="1" bw="7" slack="0"/>
<pin id="2438" dir="0" index="2" bw="7" slack="0"/>
<pin id="2439" dir="1" index="3" bw="14" slack="0"/>
</pin_list>
<bind>
<opcode="bitconcatenate(1004) " fcode="bitconcatenate"/>
<opset="mul_FL_3/5 "/>
</bind>
</comp>

<comp id="2443" class="1004" name="icmp_ln295_34_fu_2443">
<pin_list>
<pin id="2444" dir="0" index="0" bw="22" slack="0"/>
<pin id="2445" dir="0" index="1" bw="1" slack="0"/>
<pin id="2446" dir="1" index="2" bw="1" slack="0"/>
</pin_list>
<bind>
<opcode="icmp(45) " fcode="icmp"/>
<opset="icmp_ln295_34/5 "/>
</bind>
</comp>

<comp id="2449" class="1004" name="icmp_ln295_35_fu_2449">
<pin_list>
<pin id="2450" dir="0" index="0" bw="14" slack="0"/>
<pin id="2451" dir="0" index="1" bw="14" slack="0"/>
<pin id="2452" dir="1" index="2" bw="1" slack="0"/>
</pin_list>
<bind>
<opcode="icmp(45) " fcode="icmp"/>
<opset="icmp_ln295_35/5 "/>
</bind>
</comp>

<comp id="2455" class="1004" name="icmp_ln295_36_fu_2455">
<pin_list>
<pin id="2456" dir="0" index="0" bw="14" slack="0"/>
<pin id="2457" dir="0" index="1" bw="14" slack="0"/>
<pin id="2458" dir="1" index="2" bw="1" slack="0"/>
</pin_list>
<bind>
<opcode="icmp(45) " fcode="icmp"/>
<opset="icmp_ln295_36/5 "/>
</bind>
</comp>

<comp id="2461" class="1004" name="icmp_ln295_37_fu_2461">
<pin_list>
<pin id="2462" dir="0" index="0" bw="14" slack="0"/>
<pin id="2463" dir="0" index="1" bw="14" slack="0"/>
<pin id="2464" dir="1" index="2" bw="1" slack="0"/>
</pin_list>
<bind>
<opcode="icmp(45) " fcode="icmp"/>
<opset="icmp_ln295_37/5 "/>
</bind>
</comp>

<comp id="2467" class="1004" name="xor_ln295_8_fu_2467">
<pin_list>
<pin id="2468" dir="0" index="0" bw="1" slack="0"/>
<pin id="2469" dir="0" index="1" bw="1" slack="0"/>
<pin id="2470" dir="1" index="2" bw="1" slack="0"/>
</pin_list>
<bind>
<opcode="xor(25) " fcode="xor"/>
<opset="xor_ln295_8/5 "/>
</bind>
</comp>

<comp id="2473" class="1004" name="and_ln295_12_fu_2473">
<pin_list>
<pin id="2474" dir="0" index="0" bw="1" slack="0"/>
<pin id="2475" dir="0" index="1" bw="1" slack="0"/>
<pin id="2476" dir="1" index="2" bw="1" slack="0"/>
</pin_list>
<bind>
<opcode="and(23) " fcode="and"/>
<opset="and_ln295_12/5 "/>
</bind>
</comp>

<comp id="2479" class="1004" name="delta_2_fu_2479">
<pin_list>
<pin id="2480" dir="0" index="0" bw="14" slack="0"/>
<pin id="2481" dir="0" index="1" bw="14" slack="0"/>
<pin id="2482" dir="1" index="2" bw="1" slack="0"/>
</pin_list>
<bind>
<opcode="icmp(45) " fcode="icmp"/>
<opset="delta_2/5 "/>
</bind>
</comp>

<comp id="2485" class="1004" name="x_l_FL_6_fu_2485">
<pin_list>
<pin id="2486" dir="0" index="0" bw="14" slack="0"/>
<pin id="2487" dir="0" index="1" bw="14" slack="0"/>
<pin id="2488" dir="1" index="2" bw="14" slack="0"/>
</pin_list>
<bind>
<opcode="sub(10) " fcode="sub"/>
<opset="x_l_FL_6/5 "/>
</bind>
</comp>

<comp id="2491" class="1004" name="icmp_ln308_9_fu_2491">
<pin_list>
<pin id="2492" dir="0" index="0" bw="14" slack="0"/>
<pin id="2493" dir="0" index="1" bw="14" slack="0"/>
<pin id="2494" dir="1" index="2" bw="1" slack="0"/>
</pin_list>
<bind>
<opcode="icmp(45) " fcode="icmp"/>
<opset="icmp_ln308_9/5 "/>
</bind>
</comp>

<comp id="2497" class="1004" name="and_ln308_2_fu_2497">
<pin_list>
<pin id="2498" dir="0" index="0" bw="1" slack="0"/>
<pin id="2499" dir="0" index="1" bw="1" slack="0"/>
<pin id="2500" dir="1" index="2" bw="1" slack="0"/>
</pin_list>
<bind>
<opcode="and(23) " fcode="and"/>
<opset="and_ln308_2/5 "/>
</bind>
</comp>

<comp id="2503" class="1004" name="or_ln308_2_fu_2503">
<pin_list>
<pin id="2504" dir="0" index="0" bw="1" slack="0"/>
<pin id="2505" dir="0" index="1" bw="1" slack="0"/>
<pin id="2506" dir="1" index="2" bw="1" slack="0"/>
</pin_list>
<bind>
<opcode="or(24) " fcode="or"/>
<opset="or_ln308_2/5 "/>
</bind>
</comp>

<comp id="2509" class="1004" name="x_l_I_58_fu_2509">
<pin_list>
<pin id="2510" dir="0" index="0" bw="22" slack="0"/>
<pin id="2511" dir="0" index="1" bw="1" slack="0"/>
<pin id="2512" dir="1" index="2" bw="22" slack="0"/>
</pin_list>
<bind>
<opcode="add(8) " fcode="add"/>
<opset="x_l_I_58/5 "/>
</bind>
</comp>

<comp id="2515" class="1004" name="x_l_I_59_fu_2515">
<pin_list>
<pin id="2516" dir="0" index="0" bw="1" slack="0"/>
<pin id="2517" dir="0" index="1" bw="22" slack="0"/>
<pin id="2518" dir="0" index="2" bw="22" slack="0"/>
<pin id="2519" dir="1" index="3" bw="22" slack="0"/>
</pin_list>
<bind>
<opcode="select(49) " fcode="select"/>
<opset="x_l_I_59/5 "/>
</bind>
</comp>

<comp id="2523" class="1004" name="p_neg10_fu_2523">
<pin_list>
<pin id="2524" dir="0" index="0" bw="1" slack="0"/>
<pin id="2525" dir="0" index="1" bw="1" slack="0"/>
<pin id="2526" dir="0" index="2" bw="1" slack="0"/>
<pin id="2527" dir="1" index="3" bw="14" slack="0"/>
</pin_list>
<bind>
<opcode="select(49) " fcode="select"/>
<opset="p_neg10/5 "/>
</bind>
</comp>

<comp id="2531" class="1004" name="sub_ln319_2_fu_2531">
<pin_list>
<pin id="2532" dir="0" index="0" bw="14" slack="0"/>
<pin id="2533" dir="0" index="1" bw="14" slack="0"/>
<pin id="2534" dir="1" index="2" bw="14" slack="0"/>
</pin_list>
<bind>
<opcode="sub(10) " fcode="sub"/>
<opset="sub_ln319_2/5 "/>
</bind>
</comp>

<comp id="2537" class="1004" name="x_l_FH_21_fu_2537">
<pin_list>
<pin id="2538" dir="0" index="0" bw="14" slack="0"/>
<pin id="2539" dir="0" index="1" bw="14" slack="0"/>
<pin id="2540" dir="1" index="2" bw="14" slack="0"/>
</pin_list>
<bind>
<opcode="add(8) " fcode="add"/>
<opset="x_l_FH_21/5 "/>
</bind>
</comp>

<comp id="2543" class="1004" name="or_ln295_12_fu_2543">
<pin_list>
<pin id="2544" dir="0" index="0" bw="1" slack="0"/>
<pin id="2545" dir="0" index="1" bw="1" slack="0"/>
<pin id="2546" dir="1" index="2" bw="1" slack="0"/>
</pin_list>
<bind>
<opcode="or(24) " fcode="or"/>
<opset="or_ln295_12/5 "/>
</bind>
</comp>

<comp id="2549" class="1004" name="or_ln295_13_fu_2549">
<pin_list>
<pin id="2550" dir="0" index="0" bw="1" slack="0"/>
<pin id="2551" dir="0" index="1" bw="1" slack="0"/>
<pin id="2552" dir="1" index="2" bw="1" slack="0"/>
</pin_list>
<bind>
<opcode="or(24) " fcode="or"/>
<opset="or_ln295_13/5 "/>
</bind>
</comp>

<comp id="2555" class="1004" name="x_l_I_60_fu_2555">
<pin_list>
<pin id="2556" dir="0" index="0" bw="1" slack="0"/>
<pin id="2557" dir="0" index="1" bw="22" slack="0"/>
<pin id="2558" dir="0" index="2" bw="1" slack="0"/>
<pin id="2559" dir="1" index="3" bw="22" slack="1"/>
</pin_list>
<bind>
<opcode="select(49) " fcode="select"/>
<opset="x_l_I_60/5 "/>
</bind>
</comp>

<comp id="2563" class="1004" name="x_l_FH_38_fu_2563">
<pin_list>
<pin id="2564" dir="0" index="0" bw="1" slack="0"/>
<pin id="2565" dir="0" index="1" bw="14" slack="0"/>
<pin id="2566" dir="0" index="2" bw="14" slack="0"/>
<pin id="2567" dir="1" index="3" bw="14" slack="1"/>
</pin_list>
<bind>
<opcode="select(49) " fcode="select"/>
<opset="x_l_FH_38/5 "/>
</bind>
</comp>

<comp id="2571" class="1004" name="x_l_FL_15_fu_2571">
<pin_list>
<pin id="2572" dir="0" index="0" bw="1" slack="0"/>
<pin id="2573" dir="0" index="1" bw="14" slack="0"/>
<pin id="2574" dir="0" index="2" bw="14" slack="0"/>
<pin id="2575" dir="1" index="3" bw="14" slack="1"/>
</pin_list>
<bind>
<opcode="select(49) " fcode="select"/>
<opset="x_l_FL_15/5 "/>
</bind>
</comp>

<comp id="2579" class="1004" name="tmp_fu_2579">
<pin_list>
<pin id="2580" dir="0" index="0" bw="1" slack="0"/>
<pin id="2581" dir="0" index="1" bw="32" slack="5"/>
<pin id="2582" dir="0" index="2" bw="6" slack="0"/>
<pin id="2583" dir="1" index="3" bw="1" slack="0"/>
</pin_list>
<bind>
<opcode="bitselect(1000) " fcode="bitselect"/>
<opset="tmp/6 "/>
</bind>
</comp>

<comp id="2586" class="1004" name="res_FH_19_fu_2586">
<pin_list>
<pin id="2587" dir="0" index="0" bw="14" slack="0"/>
<pin id="2588" dir="0" index="1" bw="14" slack="1"/>
<pin id="2589" dir="0" index="2" bw="3" slack="0"/>
<pin id="2590" dir="0" index="3" bw="1" slack="0"/>
<pin id="2591" dir="1" index="4" bw="14" slack="0"/>
</pin_list>
<bind>
<opcode="bitset(1001) " fcode="bitset"/>
<opset="res_FH_19/6 "/>
</bind>
</comp>

<comp id="2595" class="1004" name="res_FH_20_fu_2595">
<pin_list>
<pin id="2596" dir="0" index="0" bw="1" slack="1"/>
<pin id="2597" dir="0" index="1" bw="14" slack="0"/>
<pin id="2598" dir="0" index="2" bw="14" slack="1"/>
<pin id="2599" dir="1" index="3" bw="14" slack="0"/>
</pin_list>
<bind>
<opcode="select(49) " fcode="select"/>
<opset="res_FH_20/6 "/>
</bind>
</comp>

<comp id="2601" class="1004" name="tmp_38_fu_2601">
<pin_list>
<pin id="2602" dir="0" index="0" bw="9" slack="0"/>
<pin id="2603" dir="0" index="1" bw="14" slack="0"/>
<pin id="2604" dir="0" index="2" bw="3" slack="0"/>
<pin id="2605" dir="0" index="3" bw="5" slack="0"/>
<pin id="2606" dir="1" index="4" bw="9" slack="0"/>
</pin_list>
<bind>
<opcode="partselect(1002) " fcode="partselect"/>
<opset="tmp_38/6 "/>
</bind>
</comp>

<comp id="2611" class="1004" name="tmp_46_fu_2611">
<pin_list>
<pin id="2612" dir="0" index="0" bw="3" slack="0"/>
<pin id="2613" dir="0" index="1" bw="14" slack="0"/>
<pin id="2614" dir="0" index="2" bw="5" slack="0"/>
<pin id="2615" dir="0" index="3" bw="5" slack="0"/>
<pin id="2616" dir="1" index="4" bw="3" slack="0"/>
</pin_list>
<bind>
<opcode="partselect(1002) " fcode="partselect"/>
<opset="tmp_46/6 "/>
</bind>
</comp>

<comp id="2621" class="1004" name="mul_FH_s_fu_2621">
<pin_list>
<pin id="2622" dir="0" index="0" bw="13" slack="0"/>
<pin id="2623" dir="0" index="1" bw="10" slack="4"/>
<pin id="2624" dir="0" index="2" bw="3" slack="0"/>
<pin id="2625" dir="1" index="3" bw="13" slack="0"/>
</pin_list>
<bind>
<opcode="bitconcatenate(1004) " fcode="bitconcatenate"/>
<opset="mul_FH_s/6 "/>
</bind>
</comp>

<comp id="2628" class="1004" name="zext_ln285_fu_2628">
<pin_list>
<pin id="2629" dir="0" index="0" bw="13" slack="0"/>
<pin id="2630" dir="1" index="1" bw="14" slack="0"/>
</pin_list>
<bind>
<opcode="zext(34) " fcode="zext"/>
<opset="zext_ln285/6 "/>
</bind>
</comp>

<comp id="2632" class="1004" name="mul_FL_4_fu_2632">
<pin_list>
<pin id="2633" dir="0" index="0" bw="14" slack="0"/>
<pin id="2634" dir="0" index="1" bw="9" slack="0"/>
<pin id="2635" dir="0" index="2" bw="5" slack="0"/>
<pin id="2636" dir="1" index="3" bw="14" slack="0"/>
</pin_list>
<bind>
<opcode="bitconcatenate(1004) " fcode="bitconcatenate"/>
<opset="mul_FL_4/6 "/>
</bind>
</comp>

<comp id="2640" class="1004" name="icmp_ln295_38_fu_2640">
<pin_list>
<pin id="2641" dir="0" index="0" bw="22" slack="1"/>
<pin id="2642" dir="0" index="1" bw="1" slack="0"/>
<pin id="2643" dir="1" index="2" bw="1" slack="0"/>
</pin_list>
<bind>
<opcode="icmp(45) " fcode="icmp"/>
<opset="icmp_ln295_38/6 "/>
</bind>
</comp>

<comp id="2645" class="1004" name="icmp_ln295_39_fu_2645">
<pin_list>
<pin id="2646" dir="0" index="0" bw="14" slack="1"/>
<pin id="2647" dir="0" index="1" bw="13" slack="0"/>
<pin id="2648" dir="1" index="2" bw="1" slack="0"/>
</pin_list>
<bind>
<opcode="icmp(45) " fcode="icmp"/>
<opset="icmp_ln295_39/6 "/>
</bind>
</comp>

<comp id="2650" class="1004" name="icmp_ln295_40_fu_2650">
<pin_list>
<pin id="2651" dir="0" index="0" bw="14" slack="1"/>
<pin id="2652" dir="0" index="1" bw="13" slack="0"/>
<pin id="2653" dir="1" index="2" bw="1" slack="0"/>
</pin_list>
<bind>
<opcode="icmp(45) " fcode="icmp"/>
<opset="icmp_ln295_40/6 "/>
</bind>
</comp>

<comp id="2655" class="1004" name="icmp_ln295_41_fu_2655">
<pin_list>
<pin id="2656" dir="0" index="0" bw="14" slack="1"/>
<pin id="2657" dir="0" index="1" bw="14" slack="0"/>
<pin id="2658" dir="1" index="2" bw="1" slack="0"/>
</pin_list>
<bind>
<opcode="icmp(45) " fcode="icmp"/>
<opset="icmp_ln295_41/6 "/>
</bind>
</comp>

<comp id="2660" class="1004" name="xor_ln295_9_fu_2660">
<pin_list>
<pin id="2661" dir="0" index="0" bw="1" slack="0"/>
<pin id="2662" dir="0" index="1" bw="1" slack="0"/>
<pin id="2663" dir="1" index="2" bw="1" slack="0"/>
</pin_list>
<bind>
<opcode="xor(25) " fcode="xor"/>
<opset="xor_ln295_9/6 "/>
</bind>
</comp>

<comp id="2666" class="1004" name="and_ln295_13_fu_2666">
<pin_list>
<pin id="2667" dir="0" index="0" bw="1" slack="0"/>
<pin id="2668" dir="0" index="1" bw="1" slack="0"/>
<pin id="2669" dir="1" index="2" bw="1" slack="0"/>
</pin_list>
<bind>
<opcode="and(23) " fcode="and"/>
<opset="and_ln295_13/6 "/>
</bind>
</comp>

<comp id="2672" class="1004" name="delta_3_fu_2672">
<pin_list>
<pin id="2673" dir="0" index="0" bw="14" slack="1"/>
<pin id="2674" dir="0" index="1" bw="14" slack="0"/>
<pin id="2675" dir="1" index="2" bw="1" slack="0"/>
</pin_list>
<bind>
<opcode="icmp(45) " fcode="icmp"/>
<opset="delta_3/6 "/>
</bind>
</comp>

<comp id="2677" class="1004" name="x_l_FL_8_fu_2677">
<pin_list>
<pin id="2678" dir="0" index="0" bw="14" slack="1"/>
<pin id="2679" dir="0" index="1" bw="14" slack="0"/>
<pin id="2680" dir="1" index="2" bw="14" slack="0"/>
</pin_list>
<bind>
<opcode="sub(10) " fcode="sub"/>
<opset="x_l_FL_8/6 "/>
</bind>
</comp>

<comp id="2682" class="1004" name="icmp_ln308_10_fu_2682">
<pin_list>
<pin id="2683" dir="0" index="0" bw="14" slack="1"/>
<pin id="2684" dir="0" index="1" bw="13" slack="0"/>
<pin id="2685" dir="1" index="2" bw="1" slack="0"/>
</pin_list>
<bind>
<opcode="icmp(45) " fcode="icmp"/>
<opset="icmp_ln308_10/6 "/>
</bind>
</comp>

<comp id="2687" class="1004" name="and_ln308_3_fu_2687">
<pin_list>
<pin id="2688" dir="0" index="0" bw="1" slack="0"/>
<pin id="2689" dir="0" index="1" bw="1" slack="0"/>
<pin id="2690" dir="1" index="2" bw="1" slack="0"/>
</pin_list>
<bind>
<opcode="and(23) " fcode="and"/>
<opset="and_ln308_3/6 "/>
</bind>
</comp>

<comp id="2693" class="1004" name="or_ln308_3_fu_2693">
<pin_list>
<pin id="2694" dir="0" index="0" bw="1" slack="0"/>
<pin id="2695" dir="0" index="1" bw="1" slack="0"/>
<pin id="2696" dir="1" index="2" bw="1" slack="0"/>
</pin_list>
<bind>
<opcode="or(24) " fcode="or"/>
<opset="or_ln308_3/6 "/>
</bind>
</comp>

<comp id="2699" class="1004" name="x_l_I_61_fu_2699">
<pin_list>
<pin id="2700" dir="0" index="0" bw="22" slack="1"/>
<pin id="2701" dir="0" index="1" bw="1" slack="0"/>
<pin id="2702" dir="1" index="2" bw="22" slack="0"/>
</pin_list>
<bind>
<opcode="add(8) " fcode="add"/>
<opset="x_l_I_61/6 "/>
</bind>
</comp>

<comp id="2704" class="1004" name="x_l_I_62_fu_2704">
<pin_list>
<pin id="2705" dir="0" index="0" bw="1" slack="0"/>
<pin id="2706" dir="0" index="1" bw="22" slack="0"/>
<pin id="2707" dir="0" index="2" bw="22" slack="1"/>
<pin id="2708" dir="1" index="3" bw="22" slack="0"/>
</pin_list>
<bind>
<opcode="select(49) " fcode="select"/>
<opset="x_l_I_62/6 "/>
</bind>
</comp>

<comp id="2711" class="1004" name="p_neg11_fu_2711">
<pin_list>
<pin id="2712" dir="0" index="0" bw="1" slack="0"/>
<pin id="2713" dir="0" index="1" bw="1" slack="0"/>
<pin id="2714" dir="0" index="2" bw="1" slack="0"/>
<pin id="2715" dir="1" index="3" bw="14" slack="0"/>
</pin_list>
<bind>
<opcode="select(49) " fcode="select"/>
<opset="p_neg11/6 "/>
</bind>
</comp>

<comp id="2719" class="1004" name="sub_ln319_3_fu_2719">
<pin_list>
<pin id="2720" dir="0" index="0" bw="14" slack="0"/>
<pin id="2721" dir="0" index="1" bw="13" slack="0"/>
<pin id="2722" dir="1" index="2" bw="14" slack="0"/>
</pin_list>
<bind>
<opcode="sub(10) " fcode="sub"/>
<opset="sub_ln319_3/6 "/>
</bind>
</comp>

<comp id="2725" class="1004" name="x_l_FH_23_fu_2725">
<pin_list>
<pin id="2726" dir="0" index="0" bw="14" slack="0"/>
<pin id="2727" dir="0" index="1" bw="14" slack="1"/>
<pin id="2728" dir="1" index="2" bw="14" slack="0"/>
</pin_list>
<bind>
<opcode="add(8) " fcode="add"/>
<opset="x_l_FH_23/6 "/>
</bind>
</comp>

<comp id="2730" class="1004" name="res_FH_21_fu_2730">
<pin_list>
<pin id="2731" dir="0" index="0" bw="14" slack="0"/>
<pin id="2732" dir="0" index="1" bw="14" slack="0"/>
<pin id="2733" dir="0" index="2" bw="3" slack="0"/>
<pin id="2734" dir="0" index="3" bw="1" slack="0"/>
<pin id="2735" dir="1" index="4" bw="14" slack="0"/>
</pin_list>
<bind>
<opcode="bitset(1001) " fcode="bitset"/>
<opset="res_FH_21/6 "/>
</bind>
</comp>

<comp id="2740" class="1004" name="or_ln295_14_fu_2740">
<pin_list>
<pin id="2741" dir="0" index="0" bw="1" slack="0"/>
<pin id="2742" dir="0" index="1" bw="1" slack="0"/>
<pin id="2743" dir="1" index="2" bw="1" slack="0"/>
</pin_list>
<bind>
<opcode="or(24) " fcode="or"/>
<opset="or_ln295_14/6 "/>
</bind>
</comp>

<comp id="2746" class="1004" name="or_ln295_15_fu_2746">
<pin_list>
<pin id="2747" dir="0" index="0" bw="1" slack="0"/>
<pin id="2748" dir="0" index="1" bw="1" slack="0"/>
<pin id="2749" dir="1" index="2" bw="1" slack="0"/>
</pin_list>
<bind>
<opcode="or(24) " fcode="or"/>
<opset="or_ln295_15/6 "/>
</bind>
</comp>

<comp id="2752" class="1004" name="x_l_I_63_fu_2752">
<pin_list>
<pin id="2753" dir="0" index="0" bw="1" slack="0"/>
<pin id="2754" dir="0" index="1" bw="22" slack="0"/>
<pin id="2755" dir="0" index="2" bw="1" slack="0"/>
<pin id="2756" dir="1" index="3" bw="22" slack="0"/>
</pin_list>
<bind>
<opcode="select(49) " fcode="select"/>
<opset="x_l_I_63/6 "/>
</bind>
</comp>

<comp id="2760" class="1004" name="x_l_FH_39_fu_2760">
<pin_list>
<pin id="2761" dir="0" index="0" bw="1" slack="0"/>
<pin id="2762" dir="0" index="1" bw="14" slack="0"/>
<pin id="2763" dir="0" index="2" bw="14" slack="1"/>
<pin id="2764" dir="1" index="3" bw="14" slack="0"/>
</pin_list>
<bind>
<opcode="select(49) " fcode="select"/>
<opset="x_l_FH_39/6 "/>
</bind>
</comp>

<comp id="2767" class="1004" name="x_l_FL_16_fu_2767">
<pin_list>
<pin id="2768" dir="0" index="0" bw="1" slack="0"/>
<pin id="2769" dir="0" index="1" bw="14" slack="0"/>
<pin id="2770" dir="0" index="2" bw="14" slack="1"/>
<pin id="2771" dir="1" index="3" bw="14" slack="0"/>
</pin_list>
<bind>
<opcode="select(49) " fcode="select"/>
<opset="x_l_FL_16/6 "/>
</bind>
</comp>

<comp id="2774" class="1004" name="res_FH_22_fu_2774">
<pin_list>
<pin id="2775" dir="0" index="0" bw="1" slack="0"/>
<pin id="2776" dir="0" index="1" bw="14" slack="0"/>
<pin id="2777" dir="0" index="2" bw="14" slack="0"/>
<pin id="2778" dir="1" index="3" bw="14" slack="0"/>
</pin_list>
<bind>
<opcode="select(49) " fcode="select"/>
<opset="res_FH_22/6 "/>
</bind>
</comp>

<comp id="2782" class="1004" name="tmp_40_fu_2782">
<pin_list>
<pin id="2783" dir="0" index="0" bw="11" slack="0"/>
<pin id="2784" dir="0" index="1" bw="14" slack="0"/>
<pin id="2785" dir="0" index="2" bw="1" slack="0"/>
<pin id="2786" dir="0" index="3" bw="5" slack="0"/>
<pin id="2787" dir="1" index="4" bw="11" slack="0"/>
</pin_list>
<bind>
<opcode="partselect(1002) " fcode="partselect"/>
<opset="tmp_40/6 "/>
</bind>
</comp>

<comp id="2792" class="1004" name="tmp_47_fu_2792">
<pin_list>
<pin id="2793" dir="0" index="0" bw="2" slack="0"/>
<pin id="2794" dir="0" index="1" bw="14" slack="0"/>
<pin id="2795" dir="0" index="2" bw="5" slack="0"/>
<pin id="2796" dir="0" index="3" bw="5" slack="0"/>
<pin id="2797" dir="1" index="4" bw="2" slack="0"/>
</pin_list>
<bind>
<opcode="partselect(1002) " fcode="partselect"/>
<opset="tmp_47/6 "/>
</bind>
</comp>

<comp id="2802" class="1004" name="mul_FH_10_fu_2802">
<pin_list>
<pin id="2803" dir="0" index="0" bw="12" slack="0"/>
<pin id="2804" dir="0" index="1" bw="10" slack="4"/>
<pin id="2805" dir="0" index="2" bw="2" slack="0"/>
<pin id="2806" dir="1" index="3" bw="12" slack="0"/>
</pin_list>
<bind>
<opcode="bitconcatenate(1004) " fcode="bitconcatenate"/>
<opset="mul_FH_10/6 "/>
</bind>
</comp>

<comp id="2809" class="1004" name="zext_ln285_1_fu_2809">
<pin_list>
<pin id="2810" dir="0" index="0" bw="12" slack="0"/>
<pin id="2811" dir="1" index="1" bw="14" slack="0"/>
</pin_list>
<bind>
<opcode="zext(34) " fcode="zext"/>
<opset="zext_ln285_1/6 "/>
</bind>
</comp>

<comp id="2813" class="1004" name="zext_ln285_2_fu_2813">
<pin_list>
<pin id="2814" dir="0" index="0" bw="12" slack="0"/>
<pin id="2815" dir="1" index="1" bw="13" slack="0"/>
</pin_list>
<bind>
<opcode="zext(34) " fcode="zext"/>
<opset="zext_ln285_2/6 "/>
</bind>
</comp>

<comp id="2817" class="1004" name="mul_FL_5_fu_2817">
<pin_list>
<pin id="2818" dir="0" index="0" bw="14" slack="0"/>
<pin id="2819" dir="0" index="1" bw="11" slack="0"/>
<pin id="2820" dir="0" index="2" bw="3" slack="0"/>
<pin id="2821" dir="1" index="3" bw="14" slack="0"/>
</pin_list>
<bind>
<opcode="bitconcatenate(1004) " fcode="bitconcatenate"/>
<opset="mul_FL_5/6 "/>
</bind>
</comp>

<comp id="2825" class="1004" name="icmp_ln295_42_fu_2825">
<pin_list>
<pin id="2826" dir="0" index="0" bw="22" slack="0"/>
<pin id="2827" dir="0" index="1" bw="1" slack="0"/>
<pin id="2828" dir="1" index="2" bw="1" slack="0"/>
</pin_list>
<bind>
<opcode="icmp(45) " fcode="icmp"/>
<opset="icmp_ln295_42/6 "/>
</bind>
</comp>

<comp id="2831" class="1004" name="icmp_ln295_43_fu_2831">
<pin_list>
<pin id="2832" dir="0" index="0" bw="14" slack="0"/>
<pin id="2833" dir="0" index="1" bw="12" slack="0"/>
<pin id="2834" dir="1" index="2" bw="1" slack="0"/>
</pin_list>
<bind>
<opcode="icmp(45) " fcode="icmp"/>
<opset="icmp_ln295_43/6 "/>
</bind>
</comp>

<comp id="2837" class="1004" name="icmp_ln295_44_fu_2837">
<pin_list>
<pin id="2838" dir="0" index="0" bw="14" slack="0"/>
<pin id="2839" dir="0" index="1" bw="12" slack="0"/>
<pin id="2840" dir="1" index="2" bw="1" slack="0"/>
</pin_list>
<bind>
<opcode="icmp(45) " fcode="icmp"/>
<opset="icmp_ln295_44/6 "/>
</bind>
</comp>

<comp id="2843" class="1004" name="icmp_ln295_45_fu_2843">
<pin_list>
<pin id="2844" dir="0" index="0" bw="14" slack="0"/>
<pin id="2845" dir="0" index="1" bw="14" slack="0"/>
<pin id="2846" dir="1" index="2" bw="1" slack="0"/>
</pin_list>
<bind>
<opcode="icmp(45) " fcode="icmp"/>
<opset="icmp_ln295_45/6 "/>
</bind>
</comp>

<comp id="2849" class="1004" name="xor_ln295_10_fu_2849">
<pin_list>
<pin id="2850" dir="0" index="0" bw="1" slack="0"/>
<pin id="2851" dir="0" index="1" bw="1" slack="0"/>
<pin id="2852" dir="1" index="2" bw="1" slack="0"/>
</pin_list>
<bind>
<opcode="xor(25) " fcode="xor"/>
<opset="xor_ln295_10/6 "/>
</bind>
</comp>

<comp id="2855" class="1004" name="and_ln295_14_fu_2855">
<pin_list>
<pin id="2856" dir="0" index="0" bw="1" slack="0"/>
<pin id="2857" dir="0" index="1" bw="1" slack="0"/>
<pin id="2858" dir="1" index="2" bw="1" slack="0"/>
</pin_list>
<bind>
<opcode="and(23) " fcode="and"/>
<opset="and_ln295_14/6 "/>
</bind>
</comp>

<comp id="2861" class="1004" name="delta_4_fu_2861">
<pin_list>
<pin id="2862" dir="0" index="0" bw="14" slack="0"/>
<pin id="2863" dir="0" index="1" bw="14" slack="0"/>
<pin id="2864" dir="1" index="2" bw="1" slack="0"/>
</pin_list>
<bind>
<opcode="icmp(45) " fcode="icmp"/>
<opset="delta_4/6 "/>
</bind>
</comp>

<comp id="2867" class="1004" name="x_l_FL_10_fu_2867">
<pin_list>
<pin id="2868" dir="0" index="0" bw="14" slack="0"/>
<pin id="2869" dir="0" index="1" bw="14" slack="0"/>
<pin id="2870" dir="1" index="2" bw="14" slack="0"/>
</pin_list>
<bind>
<opcode="sub(10) " fcode="sub"/>
<opset="x_l_FL_10/6 "/>
</bind>
</comp>

<comp id="2873" class="1004" name="icmp_ln308_11_fu_2873">
<pin_list>
<pin id="2874" dir="0" index="0" bw="14" slack="0"/>
<pin id="2875" dir="0" index="1" bw="12" slack="0"/>
<pin id="2876" dir="1" index="2" bw="1" slack="0"/>
</pin_list>
<bind>
<opcode="icmp(45) " fcode="icmp"/>
<opset="icmp_ln308_11/6 "/>
</bind>
</comp>

<comp id="2879" class="1004" name="and_ln308_4_fu_2879">
<pin_list>
<pin id="2880" dir="0" index="0" bw="1" slack="0"/>
<pin id="2881" dir="0" index="1" bw="1" slack="0"/>
<pin id="2882" dir="1" index="2" bw="1" slack="0"/>
</pin_list>
<bind>
<opcode="and(23) " fcode="and"/>
<opset="and_ln308_4/6 "/>
</bind>
</comp>

<comp id="2885" class="1004" name="or_ln308_4_fu_2885">
<pin_list>
<pin id="2886" dir="0" index="0" bw="1" slack="0"/>
<pin id="2887" dir="0" index="1" bw="1" slack="0"/>
<pin id="2888" dir="1" index="2" bw="1" slack="0"/>
</pin_list>
<bind>
<opcode="or(24) " fcode="or"/>
<opset="or_ln308_4/6 "/>
</bind>
</comp>

<comp id="2891" class="1004" name="x_l_I_64_fu_2891">
<pin_list>
<pin id="2892" dir="0" index="0" bw="22" slack="0"/>
<pin id="2893" dir="0" index="1" bw="1" slack="0"/>
<pin id="2894" dir="1" index="2" bw="22" slack="0"/>
</pin_list>
<bind>
<opcode="add(8) " fcode="add"/>
<opset="x_l_I_64/6 "/>
</bind>
</comp>

<comp id="2897" class="1004" name="x_l_I_65_fu_2897">
<pin_list>
<pin id="2898" dir="0" index="0" bw="1" slack="0"/>
<pin id="2899" dir="0" index="1" bw="22" slack="0"/>
<pin id="2900" dir="0" index="2" bw="22" slack="0"/>
<pin id="2901" dir="1" index="3" bw="22" slack="0"/>
</pin_list>
<bind>
<opcode="select(49) " fcode="select"/>
<opset="x_l_I_65/6 "/>
</bind>
</comp>

<comp id="2905" class="1004" name="select_ln319_fu_2905">
<pin_list>
<pin id="2906" dir="0" index="0" bw="1" slack="0"/>
<pin id="2907" dir="0" index="1" bw="1" slack="0"/>
<pin id="2908" dir="0" index="2" bw="1" slack="0"/>
<pin id="2909" dir="1" index="3" bw="13" slack="0"/>
</pin_list>
<bind>
<opcode="select(49) " fcode="select"/>
<opset="select_ln319/6 "/>
</bind>
</comp>

<comp id="2913" class="1004" name="sub_ln319_4_fu_2913">
<pin_list>
<pin id="2914" dir="0" index="0" bw="13" slack="0"/>
<pin id="2915" dir="0" index="1" bw="12" slack="0"/>
<pin id="2916" dir="1" index="2" bw="13" slack="0"/>
</pin_list>
<bind>
<opcode="sub(10) " fcode="sub"/>
<opset="sub_ln319_4/6 "/>
</bind>
</comp>

<comp id="2919" class="1004" name="sext_ln319_fu_2919">
<pin_list>
<pin id="2920" dir="0" index="0" bw="13" slack="0"/>
<pin id="2921" dir="1" index="1" bw="14" slack="0"/>
</pin_list>
<bind>
<opcode="sext(35) " fcode="sext"/>
<opset="sext_ln319/6 "/>
</bind>
</comp>

<comp id="2923" class="1004" name="x_l_FH_26_fu_2923">
<pin_list>
<pin id="2924" dir="0" index="0" bw="13" slack="0"/>
<pin id="2925" dir="0" index="1" bw="14" slack="0"/>
<pin id="2926" dir="1" index="2" bw="14" slack="0"/>
</pin_list>
<bind>
<opcode="add(8) " fcode="add"/>
<opset="x_l_FH_26/6 "/>
</bind>
</comp>

<comp id="2929" class="1004" name="res_FH_23_fu_2929">
<pin_list>
<pin id="2930" dir="0" index="0" bw="14" slack="0"/>
<pin id="2931" dir="0" index="1" bw="14" slack="0"/>
<pin id="2932" dir="0" index="2" bw="1" slack="0"/>
<pin id="2933" dir="0" index="3" bw="1" slack="0"/>
<pin id="2934" dir="1" index="4" bw="14" slack="0"/>
</pin_list>
<bind>
<opcode="bitset(1001) " fcode="bitset"/>
<opset="res_FH_23/6 "/>
</bind>
</comp>

<comp id="2939" class="1004" name="or_ln295_16_fu_2939">
<pin_list>
<pin id="2940" dir="0" index="0" bw="1" slack="0"/>
<pin id="2941" dir="0" index="1" bw="1" slack="0"/>
<pin id="2942" dir="1" index="2" bw="1" slack="0"/>
</pin_list>
<bind>
<opcode="or(24) " fcode="or"/>
<opset="or_ln295_16/6 "/>
</bind>
</comp>

<comp id="2945" class="1004" name="or_ln295_17_fu_2945">
<pin_list>
<pin id="2946" dir="0" index="0" bw="1" slack="0"/>
<pin id="2947" dir="0" index="1" bw="1" slack="0"/>
<pin id="2948" dir="1" index="2" bw="1" slack="0"/>
</pin_list>
<bind>
<opcode="or(24) " fcode="or"/>
<opset="or_ln295_17/6 "/>
</bind>
</comp>

<comp id="2951" class="1004" name="x_l_FH_25_fu_2951">
<pin_list>
<pin id="2952" dir="0" index="0" bw="1" slack="0"/>
<pin id="2953" dir="0" index="1" bw="14" slack="0"/>
<pin id="2954" dir="0" index="2" bw="14" slack="0"/>
<pin id="2955" dir="1" index="3" bw="14" slack="0"/>
</pin_list>
<bind>
<opcode="select(49) " fcode="select"/>
<opset="x_l_FH_25/6 "/>
</bind>
</comp>

<comp id="2959" class="1004" name="x_l_FL_11_fu_2959">
<pin_list>
<pin id="2960" dir="0" index="0" bw="1" slack="0"/>
<pin id="2961" dir="0" index="1" bw="14" slack="0"/>
<pin id="2962" dir="0" index="2" bw="14" slack="0"/>
<pin id="2963" dir="1" index="3" bw="14" slack="0"/>
</pin_list>
<bind>
<opcode="select(49) " fcode="select"/>
<opset="x_l_FL_11/6 "/>
</bind>
</comp>

<comp id="2967" class="1004" name="res_FH_24_fu_2967">
<pin_list>
<pin id="2968" dir="0" index="0" bw="1" slack="0"/>
<pin id="2969" dir="0" index="1" bw="14" slack="0"/>
<pin id="2970" dir="0" index="2" bw="14" slack="0"/>
<pin id="2971" dir="1" index="3" bw="14" slack="0"/>
</pin_list>
<bind>
<opcode="select(49) " fcode="select"/>
<opset="res_FH_24/6 "/>
</bind>
</comp>

<comp id="2975" class="1004" name="trunc_ln283_9_fu_2975">
<pin_list>
<pin id="2976" dir="0" index="0" bw="14" slack="0"/>
<pin id="2977" dir="1" index="1" bw="13" slack="0"/>
</pin_list>
<bind>
<opcode="trunc(33) " fcode="trunc"/>
<opset="trunc_ln283_9/6 "/>
</bind>
</comp>

<comp id="2979" class="1004" name="mul_FL_6_fu_2979">
<pin_list>
<pin id="2980" dir="0" index="0" bw="14" slack="0"/>
<pin id="2981" dir="0" index="1" bw="13" slack="0"/>
<pin id="2982" dir="0" index="2" bw="1" slack="0"/>
<pin id="2983" dir="1" index="3" bw="14" slack="0"/>
</pin_list>
<bind>
<opcode="bitconcatenate(1004) " fcode="bitconcatenate"/>
<opset="mul_FL_6/6 "/>
</bind>
</comp>

<comp id="2987" class="1004" name="tmp_72_fu_2987">
<pin_list>
<pin id="2988" dir="0" index="0" bw="1" slack="0"/>
<pin id="2989" dir="0" index="1" bw="14" slack="0"/>
<pin id="2990" dir="0" index="2" bw="5" slack="0"/>
<pin id="2991" dir="1" index="3" bw="1" slack="0"/>
</pin_list>
<bind>
<opcode="bitselect(1000) " fcode="bitselect"/>
<opset="tmp_72/6 "/>
</bind>
</comp>

<comp id="2995" class="1004" name="mul_FH_11_fu_2995">
<pin_list>
<pin id="2996" dir="0" index="0" bw="11" slack="0"/>
<pin id="2997" dir="0" index="1" bw="10" slack="4"/>
<pin id="2998" dir="0" index="2" bw="1" slack="0"/>
<pin id="2999" dir="1" index="3" bw="11" slack="0"/>
</pin_list>
<bind>
<opcode="bitconcatenate(1004) " fcode="bitconcatenate"/>
<opset="mul_FH_11/6 "/>
</bind>
</comp>

<comp id="3002" class="1004" name="zext_ln285_3_fu_3002">
<pin_list>
<pin id="3003" dir="0" index="0" bw="11" slack="0"/>
<pin id="3004" dir="1" index="1" bw="14" slack="0"/>
</pin_list>
<bind>
<opcode="zext(34) " fcode="zext"/>
<opset="zext_ln285_3/6 "/>
</bind>
</comp>

<comp id="3006" class="1004" name="icmp_ln295_46_fu_3006">
<pin_list>
<pin id="3007" dir="0" index="0" bw="22" slack="0"/>
<pin id="3008" dir="0" index="1" bw="1" slack="0"/>
<pin id="3009" dir="1" index="2" bw="1" slack="0"/>
</pin_list>
<bind>
<opcode="icmp(45) " fcode="icmp"/>
<opset="icmp_ln295_46/6 "/>
</bind>
</comp>

<comp id="3012" class="1004" name="and_ln295_15_fu_3012">
<pin_list>
<pin id="3013" dir="0" index="0" bw="1" slack="0"/>
<pin id="3014" dir="0" index="1" bw="1" slack="0"/>
<pin id="3015" dir="1" index="2" bw="1" slack="0"/>
</pin_list>
<bind>
<opcode="and(23) " fcode="and"/>
<opset="and_ln295_15/6 "/>
</bind>
</comp>

<comp id="3018" class="1004" name="icmp_ln295_47_fu_3018">
<pin_list>
<pin id="3019" dir="0" index="0" bw="14" slack="0"/>
<pin id="3020" dir="0" index="1" bw="11" slack="0"/>
<pin id="3021" dir="1" index="2" bw="1" slack="0"/>
</pin_list>
<bind>
<opcode="icmp(45) " fcode="icmp"/>
<opset="icmp_ln295_47/6 "/>
</bind>
</comp>

<comp id="3024" class="1004" name="icmp_ln295_48_fu_3024">
<pin_list>
<pin id="3025" dir="0" index="0" bw="14" slack="0"/>
<pin id="3026" dir="0" index="1" bw="11" slack="0"/>
<pin id="3027" dir="1" index="2" bw="1" slack="0"/>
</pin_list>
<bind>
<opcode="icmp(45) " fcode="icmp"/>
<opset="icmp_ln295_48/6 "/>
</bind>
</comp>

<comp id="3030" class="1004" name="icmp_ln295_49_fu_3030">
<pin_list>
<pin id="3031" dir="0" index="0" bw="14" slack="0"/>
<pin id="3032" dir="0" index="1" bw="14" slack="0"/>
<pin id="3033" dir="1" index="2" bw="1" slack="0"/>
</pin_list>
<bind>
<opcode="icmp(45) " fcode="icmp"/>
<opset="icmp_ln295_49/6 "/>
</bind>
</comp>

<comp id="3036" class="1004" name="xor_ln295_11_fu_3036">
<pin_list>
<pin id="3037" dir="0" index="0" bw="1" slack="0"/>
<pin id="3038" dir="0" index="1" bw="1" slack="0"/>
<pin id="3039" dir="1" index="2" bw="1" slack="0"/>
</pin_list>
<bind>
<opcode="xor(25) " fcode="xor"/>
<opset="xor_ln295_11/6 "/>
</bind>
</comp>

<comp id="3042" class="1004" name="and_ln295_16_fu_3042">
<pin_list>
<pin id="3043" dir="0" index="0" bw="1" slack="0"/>
<pin id="3044" dir="0" index="1" bw="1" slack="0"/>
<pin id="3045" dir="1" index="2" bw="1" slack="0"/>
</pin_list>
<bind>
<opcode="and(23) " fcode="and"/>
<opset="and_ln295_16/6 "/>
</bind>
</comp>

<comp id="3048" class="1004" name="res_FH_25_fu_3048">
<pin_list>
<pin id="3049" dir="0" index="0" bw="14" slack="0"/>
<pin id="3050" dir="0" index="1" bw="14" slack="0"/>
<pin id="3051" dir="0" index="2" bw="1" slack="0"/>
<pin id="3052" dir="0" index="3" bw="1" slack="0"/>
<pin id="3053" dir="1" index="4" bw="14" slack="0"/>
</pin_list>
<bind>
<opcode="bitset(1001) " fcode="bitset"/>
<opset="res_FH_25/6 "/>
</bind>
</comp>

<comp id="3058" class="1004" name="or_ln295_18_fu_3058">
<pin_list>
<pin id="3059" dir="0" index="0" bw="1" slack="0"/>
<pin id="3060" dir="0" index="1" bw="1" slack="0"/>
<pin id="3061" dir="1" index="2" bw="1" slack="0"/>
</pin_list>
<bind>
<opcode="or(24) " fcode="or"/>
<opset="or_ln295_18/6 "/>
</bind>
</comp>

<comp id="3064" class="1004" name="or_ln295_19_fu_3064">
<pin_list>
<pin id="3065" dir="0" index="0" bw="1" slack="0"/>
<pin id="3066" dir="0" index="1" bw="1" slack="0"/>
<pin id="3067" dir="1" index="2" bw="1" slack="0"/>
</pin_list>
<bind>
<opcode="or(24) " fcode="or"/>
<opset="or_ln295_19/6 "/>
</bind>
</comp>

<comp id="3070" class="1004" name="res_FH_26_fu_3070">
<pin_list>
<pin id="3071" dir="0" index="0" bw="1" slack="0"/>
<pin id="3072" dir="0" index="1" bw="14" slack="0"/>
<pin id="3073" dir="0" index="2" bw="14" slack="0"/>
<pin id="3074" dir="1" index="3" bw="14" slack="0"/>
</pin_list>
<bind>
<opcode="select(49) " fcode="select"/>
<opset="res_FH_26/6 "/>
</bind>
</comp>

<comp id="3078" class="1004" name="zext_ln338_fu_3078">
<pin_list>
<pin id="3079" dir="0" index="0" bw="14" slack="0"/>
<pin id="3080" dir="1" index="1" bw="15" slack="0"/>
</pin_list>
<bind>
<opcode="zext(34) " fcode="zext"/>
<opset="zext_ln338/6 "/>
</bind>
</comp>

<comp id="3082" class="1004" name="add_ln338_fu_3082">
<pin_list>
<pin id="3083" dir="0" index="0" bw="14" slack="0"/>
<pin id="3084" dir="0" index="1" bw="1" slack="0"/>
<pin id="3085" dir="1" index="2" bw="15" slack="0"/>
</pin_list>
<bind>
<opcode="add(8) " fcode="add"/>
<opset="add_ln338/6 "/>
</bind>
</comp>

<comp id="3088" class="1004" name="tmp_74_fu_3088">
<pin_list>
<pin id="3089" dir="0" index="0" bw="1" slack="0"/>
<pin id="3090" dir="0" index="1" bw="15" slack="0"/>
<pin id="3091" dir="0" index="2" bw="5" slack="0"/>
<pin id="3092" dir="1" index="3" bw="1" slack="0"/>
</pin_list>
<bind>
<opcode="bitselect(1000) " fcode="bitselect"/>
<opset="tmp_74/6 "/>
</bind>
</comp>

<comp id="3096" class="1004" name="res_I_16_fu_3096">
<pin_list>
<pin id="3097" dir="0" index="0" bw="10" slack="4"/>
<pin id="3098" dir="0" index="1" bw="1" slack="0"/>
<pin id="3099" dir="1" index="2" bw="10" slack="0"/>
</pin_list>
<bind>
<opcode="add(8) " fcode="add"/>
<opset="res_I_16/6 "/>
</bind>
</comp>

<comp id="3101" class="1004" name="res_I_17_fu_3101">
<pin_list>
<pin id="3102" dir="0" index="0" bw="1" slack="0"/>
<pin id="3103" dir="0" index="1" bw="10" slack="0"/>
<pin id="3104" dir="0" index="2" bw="10" slack="4"/>
<pin id="3105" dir="1" index="3" bw="10" slack="0"/>
</pin_list>
<bind>
<opcode="select(49) " fcode="select"/>
<opset="res_I_17/6 "/>
</bind>
</comp>

<comp id="3108" class="1004" name="tmp_48_fu_3108">
<pin_list>
<pin id="3109" dir="0" index="0" bw="13" slack="0"/>
<pin id="3110" dir="0" index="1" bw="15" slack="0"/>
<pin id="3111" dir="0" index="2" bw="1" slack="0"/>
<pin id="3112" dir="0" index="3" bw="5" slack="0"/>
<pin id="3113" dir="1" index="4" bw="13" slack="0"/>
</pin_list>
<bind>
<opcode="partselect(1002) " fcode="partselect"/>
<opset="tmp_48/6 "/>
</bind>
</comp>

<comp id="3118" class="1004" name="lshr_ln345_cast_fu_3118">
<pin_list>
<pin id="3119" dir="0" index="0" bw="23" slack="0"/>
<pin id="3120" dir="0" index="1" bw="10" slack="0"/>
<pin id="3121" dir="0" index="2" bw="13" slack="0"/>
<pin id="3122" dir="1" index="3" bw="23" slack="0"/>
</pin_list>
<bind>
<opcode="bitconcatenate(1004) " fcode="bitconcatenate"/>
<opset="lshr_ln345_cast/6 "/>
</bind>
</comp>

<comp id="3126" class="1004" name="agg_result_0_fu_3126">
<pin_list>
<pin id="3127" dir="0" index="0" bw="1" slack="0"/>
<pin id="3128" dir="0" index="1" bw="1" slack="0"/>
<pin id="3129" dir="0" index="2" bw="23" slack="0"/>
<pin id="3130" dir="1" index="3" bw="23" slack="2147483647"/>
</pin_list>
<bind>
<opcode="select(49) " fcode="select"/>
<opset="agg_result_0/6 "/>
</bind>
</comp>

<comp id="3134" class="1005" name="x_read_reg_3134">
<pin_list>
<pin id="3135" dir="0" index="0" bw="32" slack="5"/>
<pin id="3136" dir="1" index="1" bw="32" slack="5"/>
</pin_list>
<bind>
<opset="x_read "/>
</bind>
</comp>

<comp id="3139" class="1005" name="trunc_ln213_reg_3139">
<pin_list>
<pin id="3140" dir="0" index="0" bw="13" slack="1"/>
<pin id="3141" dir="1" index="1" bw="13" slack="1"/>
</pin_list>
<bind>
<opset="trunc_ln213 "/>
</bind>
</comp>

<comp id="3144" class="1005" name="x_l_I_13_reg_3144">
<pin_list>
<pin id="3145" dir="0" index="0" bw="22" slack="1"/>
<pin id="3146" dir="1" index="1" bw="22" slack="1"/>
</pin_list>
<bind>
<opset="x_l_I_13 "/>
</bind>
</comp>

<comp id="3150" class="1005" name="res_I_9_reg_3150">
<pin_list>
<pin id="3151" dir="0" index="0" bw="10" slack="1"/>
<pin id="3152" dir="1" index="1" bw="10" slack="1"/>
</pin_list>
<bind>
<opset="res_I_9 "/>
</bind>
</comp>

<comp id="3156" class="1005" name="tmp_15_reg_3156">
<pin_list>
<pin id="3157" dir="0" index="0" bw="8" slack="1"/>
<pin id="3158" dir="1" index="1" bw="8" slack="1"/>
</pin_list>
<bind>
<opset="tmp_15 "/>
</bind>
</comp>

<comp id="3161" class="1005" name="tmp_17_reg_3161">
<pin_list>
<pin id="3162" dir="0" index="0" bw="10" slack="1"/>
<pin id="3163" dir="1" index="1" bw="10" slack="1"/>
</pin_list>
<bind>
<opset="tmp_17 "/>
</bind>
</comp>

<comp id="3167" class="1005" name="tmp_57_reg_3167">
<pin_list>
<pin id="3168" dir="0" index="0" bw="2" slack="1"/>
<pin id="3169" dir="1" index="1" bw="2" slack="1"/>
</pin_list>
<bind>
<opset="tmp_57 "/>
</bind>
</comp>

<comp id="3173" class="1005" name="res_I_15_reg_3173">
<pin_list>
<pin id="3174" dir="0" index="0" bw="10" slack="3"/>
<pin id="3175" dir="1" index="1" bw="10" slack="3"/>
</pin_list>
<bind>
<opset="res_I_15 "/>
</bind>
</comp>

<comp id="3183" class="1005" name="x_l_I_4_reg_3183">
<pin_list>
<pin id="3184" dir="0" index="0" bw="22" slack="1"/>
<pin id="3185" dir="1" index="1" bw="22" slack="1"/>
</pin_list>
<bind>
<opset="x_l_I_4 "/>
</bind>
</comp>

<comp id="3189" class="1005" name="res_FH_reg_3189">
<pin_list>
<pin id="3190" dir="0" index="0" bw="14" slack="1"/>
<pin id="3191" dir="1" index="1" bw="14" slack="1"/>
</pin_list>
<bind>
<opset="res_FH "/>
</bind>
</comp>

<comp id="3195" class="1005" name="zext_ln295_1_reg_3195">
<pin_list>
<pin id="3196" dir="0" index="0" bw="22" slack="1"/>
<pin id="3197" dir="1" index="1" bw="22" slack="1"/>
</pin_list>
<bind>
<opset="zext_ln295_1 "/>
</bind>
</comp>

<comp id="3200" class="1005" name="icmp_ln308_1_reg_3200">
<pin_list>
<pin id="3201" dir="0" index="0" bw="1" slack="1"/>
<pin id="3202" dir="1" index="1" bw="1" slack="1"/>
</pin_list>
<bind>
<opset="icmp_ln308_1 "/>
</bind>
</comp>

<comp id="3205" class="1005" name="x_l_I_22_reg_3205">
<pin_list>
<pin id="3206" dir="0" index="0" bw="22" slack="1"/>
<pin id="3207" dir="1" index="1" bw="22" slack="1"/>
</pin_list>
<bind>
<opset="x_l_I_22 "/>
</bind>
</comp>

<comp id="3210" class="1005" name="or_ln295_1_reg_3210">
<pin_list>
<pin id="3211" dir="0" index="0" bw="1" slack="1"/>
<pin id="3212" dir="1" index="1" bw="1" slack="1"/>
</pin_list>
<bind>
<opset="or_ln295_1 "/>
</bind>
</comp>

<comp id="3216" class="1005" name="x_l_FH_29_reg_3216">
<pin_list>
<pin id="3217" dir="0" index="0" bw="14" slack="1"/>
<pin id="3218" dir="1" index="1" bw="14" slack="1"/>
</pin_list>
<bind>
<opset="x_l_FH_29 "/>
</bind>
</comp>

<comp id="3224" class="1005" name="trunc_ln283_1_reg_3224">
<pin_list>
<pin id="3225" dir="0" index="0" bw="2" slack="1"/>
<pin id="3226" dir="1" index="1" bw="2" slack="1"/>
</pin_list>
<bind>
<opset="trunc_ln283_1 "/>
</bind>
</comp>

<comp id="3229" class="1005" name="tmp_30_reg_3229">
<pin_list>
<pin id="3230" dir="0" index="0" bw="8" slack="1"/>
<pin id="3231" dir="1" index="1" bw="8" slack="1"/>
</pin_list>
<bind>
<opset="tmp_30 "/>
</bind>
</comp>

<comp id="3234" class="1005" name="trunc_ln283_2_reg_3234">
<pin_list>
<pin id="3235" dir="0" index="0" bw="3" slack="1"/>
<pin id="3236" dir="1" index="1" bw="3" slack="1"/>
</pin_list>
<bind>
<opset="trunc_ln283_2 "/>
</bind>
</comp>

<comp id="3239" class="1005" name="tmp_31_reg_3239">
<pin_list>
<pin id="3240" dir="0" index="0" bw="7" slack="1"/>
<pin id="3241" dir="1" index="1" bw="7" slack="1"/>
</pin_list>
<bind>
<opset="tmp_31 "/>
</bind>
</comp>

<comp id="3244" class="1005" name="trunc_ln283_3_reg_3244">
<pin_list>
<pin id="3245" dir="0" index="0" bw="4" slack="1"/>
<pin id="3246" dir="1" index="1" bw="4" slack="1"/>
</pin_list>
<bind>
<opset="trunc_ln283_3 "/>
</bind>
</comp>

<comp id="3249" class="1005" name="tmp_33_reg_3249">
<pin_list>
<pin id="3250" dir="0" index="0" bw="6" slack="1"/>
<pin id="3251" dir="1" index="1" bw="6" slack="1"/>
</pin_list>
<bind>
<opset="tmp_33 "/>
</bind>
</comp>

<comp id="3254" class="1005" name="trunc_ln283_4_reg_3254">
<pin_list>
<pin id="3255" dir="0" index="0" bw="5" slack="2"/>
<pin id="3256" dir="1" index="1" bw="5" slack="2"/>
</pin_list>
<bind>
<opset="trunc_ln283_4 "/>
</bind>
</comp>

<comp id="3259" class="1005" name="tmp_35_reg_3259">
<pin_list>
<pin id="3260" dir="0" index="0" bw="5" slack="2"/>
<pin id="3261" dir="1" index="1" bw="5" slack="2"/>
</pin_list>
<bind>
<opset="tmp_35 "/>
</bind>
</comp>

<comp id="3264" class="1005" name="trunc_ln283_5_reg_3264">
<pin_list>
<pin id="3265" dir="0" index="0" bw="6" slack="2"/>
<pin id="3266" dir="1" index="1" bw="6" slack="2"/>
</pin_list>
<bind>
<opset="trunc_ln283_5 "/>
</bind>
</comp>

<comp id="3269" class="1005" name="tmp_37_reg_3269">
<pin_list>
<pin id="3270" dir="0" index="0" bw="4" slack="2"/>
<pin id="3271" dir="1" index="1" bw="4" slack="2"/>
</pin_list>
<bind>
<opset="tmp_37 "/>
</bind>
</comp>

<comp id="3274" class="1005" name="trunc_ln283_6_reg_3274">
<pin_list>
<pin id="3275" dir="0" index="0" bw="7" slack="2"/>
<pin id="3276" dir="1" index="1" bw="7" slack="2"/>
</pin_list>
<bind>
<opset="trunc_ln283_6 "/>
</bind>
</comp>

<comp id="3279" class="1005" name="tmp_41_reg_3279">
<pin_list>
<pin id="3280" dir="0" index="0" bw="3" slack="2"/>
<pin id="3281" dir="1" index="1" bw="3" slack="2"/>
</pin_list>
<bind>
<opset="tmp_41 "/>
</bind>
</comp>

<comp id="3284" class="1005" name="trunc_ln283_7_reg_3284">
<pin_list>
<pin id="3285" dir="0" index="0" bw="8" slack="3"/>
<pin id="3286" dir="1" index="1" bw="8" slack="3"/>
</pin_list>
<bind>
<opset="trunc_ln283_7 "/>
</bind>
</comp>

<comp id="3289" class="1005" name="tmp_43_reg_3289">
<pin_list>
<pin id="3290" dir="0" index="0" bw="2" slack="3"/>
<pin id="3291" dir="1" index="1" bw="2" slack="3"/>
</pin_list>
<bind>
<opset="tmp_43 "/>
</bind>
</comp>

<comp id="3294" class="1005" name="trunc_ln283_8_reg_3294">
<pin_list>
<pin id="3295" dir="0" index="0" bw="9" slack="3"/>
<pin id="3296" dir="1" index="1" bw="9" slack="3"/>
</pin_list>
<bind>
<opset="trunc_ln283_8 "/>
</bind>
</comp>

<comp id="3299" class="1005" name="tmp_67_reg_3299">
<pin_list>
<pin id="3300" dir="0" index="0" bw="1" slack="3"/>
<pin id="3301" dir="1" index="1" bw="1" slack="3"/>
</pin_list>
<bind>
<opset="tmp_67 "/>
</bind>
</comp>

<comp id="3304" class="1005" name="x_l_I_33_reg_3304">
<pin_list>
<pin id="3305" dir="0" index="0" bw="22" slack="1"/>
<pin id="3306" dir="1" index="1" bw="22" slack="1"/>
</pin_list>
<bind>
<opset="x_l_I_33 "/>
</bind>
</comp>

<comp id="3310" class="1005" name="res_FH_6_reg_3310">
<pin_list>
<pin id="3311" dir="0" index="0" bw="14" slack="1"/>
<pin id="3312" dir="1" index="1" bw="14" slack="1"/>
</pin_list>
<bind>
<opset="res_FH_6 "/>
</bind>
</comp>

<comp id="3316" class="1005" name="zext_ln295_4_reg_3316">
<pin_list>
<pin id="3317" dir="0" index="0" bw="22" slack="1"/>
<pin id="3318" dir="1" index="1" bw="22" slack="1"/>
</pin_list>
<bind>
<opset="zext_ln295_4 "/>
</bind>
</comp>

<comp id="3321" class="1005" name="icmp_ln308_4_reg_3321">
<pin_list>
<pin id="3322" dir="0" index="0" bw="1" slack="1"/>
<pin id="3323" dir="1" index="1" bw="1" slack="1"/>
</pin_list>
<bind>
<opset="icmp_ln308_4 "/>
</bind>
</comp>

<comp id="3326" class="1005" name="x_l_I_34_reg_3326">
<pin_list>
<pin id="3327" dir="0" index="0" bw="22" slack="1"/>
<pin id="3328" dir="1" index="1" bw="22" slack="1"/>
</pin_list>
<bind>
<opset="x_l_I_34 "/>
</bind>
</comp>

<comp id="3331" class="1005" name="or_ln295_4_reg_3331">
<pin_list>
<pin id="3332" dir="0" index="0" bw="1" slack="1"/>
<pin id="3333" dir="1" index="1" bw="1" slack="1"/>
</pin_list>
<bind>
<opset="or_ln295_4 "/>
</bind>
</comp>

<comp id="3337" class="1005" name="x_l_FH_32_reg_3337">
<pin_list>
<pin id="3338" dir="0" index="0" bw="14" slack="1"/>
<pin id="3339" dir="1" index="1" bw="14" slack="1"/>
</pin_list>
<bind>
<opset="x_l_FH_32 "/>
</bind>
</comp>

<comp id="3345" class="1005" name="x_l_I_45_reg_3345">
<pin_list>
<pin id="3346" dir="0" index="0" bw="22" slack="1"/>
<pin id="3347" dir="1" index="1" bw="22" slack="1"/>
</pin_list>
<bind>
<opset="x_l_I_45 "/>
</bind>
</comp>

<comp id="3351" class="1005" name="res_FH_12_reg_3351">
<pin_list>
<pin id="3352" dir="0" index="0" bw="14" slack="1"/>
<pin id="3353" dir="1" index="1" bw="14" slack="1"/>
</pin_list>
<bind>
<opset="res_FH_12 "/>
</bind>
</comp>

<comp id="3357" class="1005" name="tmp_64_reg_3357">
<pin_list>
<pin id="3358" dir="0" index="0" bw="1" slack="1"/>
<pin id="3359" dir="1" index="1" bw="1" slack="1"/>
</pin_list>
<bind>
<opset="tmp_64 "/>
</bind>
</comp>

<comp id="3362" class="1005" name="zext_ln295_7_reg_3362">
<pin_list>
<pin id="3363" dir="0" index="0" bw="22" slack="1"/>
<pin id="3364" dir="1" index="1" bw="22" slack="1"/>
</pin_list>
<bind>
<opset="zext_ln295_7 "/>
</bind>
</comp>

<comp id="3367" class="1005" name="icmp_ln295_23_reg_3367">
<pin_list>
<pin id="3368" dir="0" index="0" bw="1" slack="1"/>
<pin id="3369" dir="1" index="1" bw="1" slack="1"/>
</pin_list>
<bind>
<opset="icmp_ln295_23 "/>
</bind>
</comp>

<comp id="3372" class="1005" name="x_l_I_46_reg_3372">
<pin_list>
<pin id="3373" dir="0" index="0" bw="22" slack="1"/>
<pin id="3374" dir="1" index="1" bw="22" slack="1"/>
</pin_list>
<bind>
<opset="x_l_I_46 "/>
</bind>
</comp>

<comp id="3377" class="1005" name="or_ln295_7_reg_3377">
<pin_list>
<pin id="3378" dir="0" index="0" bw="1" slack="1"/>
<pin id="3379" dir="1" index="1" bw="1" slack="1"/>
</pin_list>
<bind>
<opset="or_ln295_7 "/>
</bind>
</comp>

<comp id="3384" class="1005" name="x_l_FH_35_reg_3384">
<pin_list>
<pin id="3385" dir="0" index="0" bw="14" slack="1"/>
<pin id="3386" dir="1" index="1" bw="14" slack="1"/>
</pin_list>
<bind>
<opset="x_l_FH_35 "/>
</bind>
</comp>

<comp id="3393" class="1005" name="res_FH_18_reg_3393">
<pin_list>
<pin id="3394" dir="0" index="0" bw="14" slack="1"/>
<pin id="3395" dir="1" index="1" bw="14" slack="1"/>
</pin_list>
<bind>
<opset="res_FH_18 "/>
</bind>
</comp>

<comp id="3399" class="1005" name="or_ln295_13_reg_3399">
<pin_list>
<pin id="3400" dir="0" index="0" bw="1" slack="1"/>
<pin id="3401" dir="1" index="1" bw="1" slack="1"/>
</pin_list>
<bind>
<opset="or_ln295_13 "/>
</bind>
</comp>

<comp id="3404" class="1005" name="x_l_I_60_reg_3404">
<pin_list>
<pin id="3405" dir="0" index="0" bw="22" slack="1"/>
<pin id="3406" dir="1" index="1" bw="22" slack="1"/>
</pin_list>
<bind>
<opset="x_l_I_60 "/>
</bind>
</comp>

<comp id="3411" class="1005" name="x_l_FH_38_reg_3411">
<pin_list>
<pin id="3412" dir="0" index="0" bw="14" slack="1"/>
<pin id="3413" dir="1" index="1" bw="14" slack="1"/>
</pin_list>
<bind>
<opset="x_l_FH_38 "/>
</bind>
</comp>

<comp id="3420" class="1005" name="x_l_FL_15_reg_3420">
<pin_list>
<pin id="3421" dir="0" index="0" bw="14" slack="1"/>
<pin id="3422" dir="1" index="1" bw="14" slack="1"/>
</pin_list>
<bind>
<opset="x_l_FL_15 "/>
</bind>
</comp>

</comp_list>

<net_list>
<net id="260"><net_src comp="2" pin="0"/><net_sink comp="256" pin=0"/></net>

<net id="261"><net_src comp="0" pin="0"/><net_sink comp="256" pin=1"/></net>

<net id="268"><net_src comp="4" pin="0"/><net_sink comp="262" pin=0"/></net>

<net id="269"><net_src comp="256" pin="2"/><net_sink comp="262" pin=1"/></net>

<net id="270"><net_src comp="6" pin="0"/><net_sink comp="262" pin=2"/></net>

<net id="271"><net_src comp="8" pin="0"/><net_sink comp="262" pin=3"/></net>

<net id="275"><net_src comp="262" pin="4"/><net_sink comp="272" pin=0"/></net>

<net id="279"><net_src comp="256" pin="2"/><net_sink comp="276" pin=0"/></net>

<net id="286"><net_src comp="10" pin="0"/><net_sink comp="280" pin=0"/></net>

<net id="287"><net_src comp="256" pin="2"/><net_sink comp="280" pin=1"/></net>

<net id="288"><net_src comp="12" pin="0"/><net_sink comp="280" pin=2"/></net>

<net id="289"><net_src comp="8" pin="0"/><net_sink comp="280" pin=3"/></net>

<net id="293"><net_src comp="280" pin="4"/><net_sink comp="290" pin=0"/></net>

<net id="298"><net_src comp="280" pin="4"/><net_sink comp="294" pin=0"/></net>

<net id="299"><net_src comp="14" pin="0"/><net_sink comp="294" pin=1"/></net>

<net id="304"><net_src comp="290" pin="1"/><net_sink comp="300" pin=0"/></net>

<net id="305"><net_src comp="16" pin="0"/><net_sink comp="300" pin=1"/></net>

<net id="312"><net_src comp="18" pin="0"/><net_sink comp="306" pin=0"/></net>

<net id="313"><net_src comp="272" pin="1"/><net_sink comp="306" pin=1"/></net>

<net id="314"><net_src comp="300" pin="2"/><net_sink comp="306" pin=2"/></net>

<net id="315"><net_src comp="20" pin="0"/><net_sink comp="306" pin=3"/></net>

<net id="321"><net_src comp="294" pin="2"/><net_sink comp="316" pin=0"/></net>

<net id="322"><net_src comp="272" pin="1"/><net_sink comp="316" pin=1"/></net>

<net id="323"><net_src comp="306" pin="4"/><net_sink comp="316" pin=2"/></net>

<net id="329"><net_src comp="294" pin="2"/><net_sink comp="324" pin=0"/></net>

<net id="330"><net_src comp="22" pin="0"/><net_sink comp="324" pin=1"/></net>

<net id="331"><net_src comp="24" pin="0"/><net_sink comp="324" pin=2"/></net>

<net id="337"><net_src comp="294" pin="2"/><net_sink comp="332" pin=0"/></net>

<net id="338"><net_src comp="26" pin="0"/><net_sink comp="332" pin=1"/></net>

<net id="339"><net_src comp="28" pin="0"/><net_sink comp="332" pin=2"/></net>

<net id="345"><net_src comp="30" pin="0"/><net_sink comp="340" pin=0"/></net>

<net id="346"><net_src comp="332" pin="3"/><net_sink comp="340" pin=1"/></net>

<net id="347"><net_src comp="32" pin="0"/><net_sink comp="340" pin=2"/></net>

<net id="353"><net_src comp="34" pin="0"/><net_sink comp="348" pin=0"/></net>

<net id="354"><net_src comp="316" pin="3"/><net_sink comp="348" pin=1"/></net>

<net id="355"><net_src comp="36" pin="0"/><net_sink comp="348" pin=2"/></net>

<net id="359"><net_src comp="340" pin="3"/><net_sink comp="356" pin=0"/></net>

<net id="364"><net_src comp="348" pin="3"/><net_sink comp="360" pin=0"/></net>

<net id="365"><net_src comp="356" pin="1"/><net_sink comp="360" pin=1"/></net>

<net id="370"><net_src comp="348" pin="3"/><net_sink comp="366" pin=0"/></net>

<net id="371"><net_src comp="356" pin="1"/><net_sink comp="366" pin=1"/></net>

<net id="378"><net_src comp="38" pin="0"/><net_sink comp="372" pin=0"/></net>

<net id="379"><net_src comp="316" pin="3"/><net_sink comp="372" pin=1"/></net>

<net id="380"><net_src comp="366" pin="2"/><net_sink comp="372" pin=2"/></net>

<net id="381"><net_src comp="36" pin="0"/><net_sink comp="372" pin=3"/></net>

<net id="388"><net_src comp="40" pin="0"/><net_sink comp="382" pin=0"/></net>

<net id="389"><net_src comp="324" pin="3"/><net_sink comp="382" pin=1"/></net>

<net id="390"><net_src comp="42" pin="0"/><net_sink comp="382" pin=2"/></net>

<net id="391"><net_src comp="32" pin="0"/><net_sink comp="382" pin=3"/></net>

<net id="397"><net_src comp="360" pin="2"/><net_sink comp="392" pin=0"/></net>

<net id="398"><net_src comp="316" pin="3"/><net_sink comp="392" pin=1"/></net>

<net id="399"><net_src comp="372" pin="4"/><net_sink comp="392" pin=2"/></net>

<net id="405"><net_src comp="360" pin="2"/><net_sink comp="400" pin=0"/></net>

<net id="406"><net_src comp="324" pin="3"/><net_sink comp="400" pin=1"/></net>

<net id="407"><net_src comp="382" pin="4"/><net_sink comp="400" pin=2"/></net>

<net id="413"><net_src comp="44" pin="0"/><net_sink comp="408" pin=0"/></net>

<net id="414"><net_src comp="400" pin="3"/><net_sink comp="408" pin=1"/></net>

<net id="415"><net_src comp="46" pin="0"/><net_sink comp="408" pin=2"/></net>

<net id="421"><net_src comp="48" pin="0"/><net_sink comp="416" pin=0"/></net>

<net id="422"><net_src comp="408" pin="3"/><net_sink comp="416" pin=1"/></net>

<net id="423"><net_src comp="32" pin="0"/><net_sink comp="416" pin=2"/></net>

<net id="429"><net_src comp="50" pin="0"/><net_sink comp="424" pin=0"/></net>

<net id="430"><net_src comp="392" pin="3"/><net_sink comp="424" pin=1"/></net>

<net id="431"><net_src comp="52" pin="0"/><net_sink comp="424" pin=2"/></net>

<net id="435"><net_src comp="416" pin="3"/><net_sink comp="432" pin=0"/></net>

<net id="440"><net_src comp="424" pin="3"/><net_sink comp="436" pin=0"/></net>

<net id="441"><net_src comp="432" pin="1"/><net_sink comp="436" pin=1"/></net>

<net id="446"><net_src comp="424" pin="3"/><net_sink comp="442" pin=0"/></net>

<net id="447"><net_src comp="432" pin="1"/><net_sink comp="442" pin=1"/></net>

<net id="454"><net_src comp="54" pin="0"/><net_sink comp="448" pin=0"/></net>

<net id="455"><net_src comp="392" pin="3"/><net_sink comp="448" pin=1"/></net>

<net id="456"><net_src comp="442" pin="2"/><net_sink comp="448" pin=2"/></net>

<net id="457"><net_src comp="52" pin="0"/><net_sink comp="448" pin=3"/></net>

<net id="464"><net_src comp="40" pin="0"/><net_sink comp="458" pin=0"/></net>

<net id="465"><net_src comp="400" pin="3"/><net_sink comp="458" pin=1"/></net>

<net id="466"><net_src comp="46" pin="0"/><net_sink comp="458" pin=2"/></net>

<net id="467"><net_src comp="32" pin="0"/><net_sink comp="458" pin=3"/></net>

<net id="473"><net_src comp="436" pin="2"/><net_sink comp="468" pin=0"/></net>

<net id="474"><net_src comp="392" pin="3"/><net_sink comp="468" pin=1"/></net>

<net id="475"><net_src comp="448" pin="4"/><net_sink comp="468" pin=2"/></net>

<net id="481"><net_src comp="436" pin="2"/><net_sink comp="476" pin=0"/></net>

<net id="482"><net_src comp="400" pin="3"/><net_sink comp="476" pin=1"/></net>

<net id="483"><net_src comp="458" pin="4"/><net_sink comp="476" pin=2"/></net>

<net id="489"><net_src comp="56" pin="0"/><net_sink comp="484" pin=0"/></net>

<net id="490"><net_src comp="476" pin="3"/><net_sink comp="484" pin=1"/></net>

<net id="491"><net_src comp="58" pin="0"/><net_sink comp="484" pin=2"/></net>

<net id="497"><net_src comp="60" pin="0"/><net_sink comp="492" pin=0"/></net>

<net id="498"><net_src comp="484" pin="3"/><net_sink comp="492" pin=1"/></net>

<net id="499"><net_src comp="32" pin="0"/><net_sink comp="492" pin=2"/></net>

<net id="505"><net_src comp="62" pin="0"/><net_sink comp="500" pin=0"/></net>

<net id="506"><net_src comp="468" pin="3"/><net_sink comp="500" pin=1"/></net>

<net id="507"><net_src comp="64" pin="0"/><net_sink comp="500" pin=2"/></net>

<net id="511"><net_src comp="492" pin="3"/><net_sink comp="508" pin=0"/></net>

<net id="516"><net_src comp="500" pin="3"/><net_sink comp="512" pin=0"/></net>

<net id="517"><net_src comp="508" pin="1"/><net_sink comp="512" pin=1"/></net>

<net id="522"><net_src comp="500" pin="3"/><net_sink comp="518" pin=0"/></net>

<net id="523"><net_src comp="508" pin="1"/><net_sink comp="518" pin=1"/></net>

<net id="530"><net_src comp="66" pin="0"/><net_sink comp="524" pin=0"/></net>

<net id="531"><net_src comp="468" pin="3"/><net_sink comp="524" pin=1"/></net>

<net id="532"><net_src comp="518" pin="2"/><net_sink comp="524" pin=2"/></net>

<net id="533"><net_src comp="64" pin="0"/><net_sink comp="524" pin=3"/></net>

<net id="540"><net_src comp="40" pin="0"/><net_sink comp="534" pin=0"/></net>

<net id="541"><net_src comp="476" pin="3"/><net_sink comp="534" pin=1"/></net>

<net id="542"><net_src comp="58" pin="0"/><net_sink comp="534" pin=2"/></net>

<net id="543"><net_src comp="32" pin="0"/><net_sink comp="534" pin=3"/></net>

<net id="549"><net_src comp="512" pin="2"/><net_sink comp="544" pin=0"/></net>

<net id="550"><net_src comp="468" pin="3"/><net_sink comp="544" pin=1"/></net>

<net id="551"><net_src comp="524" pin="4"/><net_sink comp="544" pin=2"/></net>

<net id="557"><net_src comp="512" pin="2"/><net_sink comp="552" pin=0"/></net>

<net id="558"><net_src comp="476" pin="3"/><net_sink comp="552" pin=1"/></net>

<net id="559"><net_src comp="534" pin="4"/><net_sink comp="552" pin=2"/></net>

<net id="565"><net_src comp="68" pin="0"/><net_sink comp="560" pin=0"/></net>

<net id="566"><net_src comp="552" pin="3"/><net_sink comp="560" pin=1"/></net>

<net id="567"><net_src comp="70" pin="0"/><net_sink comp="560" pin=2"/></net>

<net id="573"><net_src comp="72" pin="0"/><net_sink comp="568" pin=0"/></net>

<net id="574"><net_src comp="560" pin="3"/><net_sink comp="568" pin=1"/></net>

<net id="575"><net_src comp="32" pin="0"/><net_sink comp="568" pin=2"/></net>

<net id="581"><net_src comp="74" pin="0"/><net_sink comp="576" pin=0"/></net>

<net id="582"><net_src comp="544" pin="3"/><net_sink comp="576" pin=1"/></net>

<net id="583"><net_src comp="76" pin="0"/><net_sink comp="576" pin=2"/></net>

<net id="587"><net_src comp="568" pin="3"/><net_sink comp="584" pin=0"/></net>

<net id="592"><net_src comp="576" pin="3"/><net_sink comp="588" pin=0"/></net>

<net id="593"><net_src comp="584" pin="1"/><net_sink comp="588" pin=1"/></net>

<net id="598"><net_src comp="576" pin="3"/><net_sink comp="594" pin=0"/></net>

<net id="599"><net_src comp="584" pin="1"/><net_sink comp="594" pin=1"/></net>

<net id="606"><net_src comp="78" pin="0"/><net_sink comp="600" pin=0"/></net>

<net id="607"><net_src comp="544" pin="3"/><net_sink comp="600" pin=1"/></net>

<net id="608"><net_src comp="594" pin="2"/><net_sink comp="600" pin=2"/></net>

<net id="609"><net_src comp="76" pin="0"/><net_sink comp="600" pin=3"/></net>

<net id="616"><net_src comp="40" pin="0"/><net_sink comp="610" pin=0"/></net>

<net id="617"><net_src comp="552" pin="3"/><net_sink comp="610" pin=1"/></net>

<net id="618"><net_src comp="70" pin="0"/><net_sink comp="610" pin=2"/></net>

<net id="619"><net_src comp="32" pin="0"/><net_sink comp="610" pin=3"/></net>

<net id="625"><net_src comp="588" pin="2"/><net_sink comp="620" pin=0"/></net>

<net id="626"><net_src comp="544" pin="3"/><net_sink comp="620" pin=1"/></net>

<net id="627"><net_src comp="600" pin="4"/><net_sink comp="620" pin=2"/></net>

<net id="633"><net_src comp="588" pin="2"/><net_sink comp="628" pin=0"/></net>

<net id="634"><net_src comp="552" pin="3"/><net_sink comp="628" pin=1"/></net>

<net id="635"><net_src comp="610" pin="4"/><net_sink comp="628" pin=2"/></net>

<net id="641"><net_src comp="80" pin="0"/><net_sink comp="636" pin=0"/></net>

<net id="642"><net_src comp="628" pin="3"/><net_sink comp="636" pin=1"/></net>

<net id="643"><net_src comp="82" pin="0"/><net_sink comp="636" pin=2"/></net>

<net id="649"><net_src comp="84" pin="0"/><net_sink comp="644" pin=0"/></net>

<net id="650"><net_src comp="636" pin="3"/><net_sink comp="644" pin=1"/></net>

<net id="651"><net_src comp="32" pin="0"/><net_sink comp="644" pin=2"/></net>

<net id="657"><net_src comp="86" pin="0"/><net_sink comp="652" pin=0"/></net>

<net id="658"><net_src comp="620" pin="3"/><net_sink comp="652" pin=1"/></net>

<net id="659"><net_src comp="46" pin="0"/><net_sink comp="652" pin=2"/></net>

<net id="663"><net_src comp="644" pin="3"/><net_sink comp="660" pin=0"/></net>

<net id="668"><net_src comp="652" pin="3"/><net_sink comp="664" pin=0"/></net>

<net id="669"><net_src comp="660" pin="1"/><net_sink comp="664" pin=1"/></net>

<net id="674"><net_src comp="652" pin="3"/><net_sink comp="670" pin=0"/></net>

<net id="675"><net_src comp="660" pin="1"/><net_sink comp="670" pin=1"/></net>

<net id="682"><net_src comp="88" pin="0"/><net_sink comp="676" pin=0"/></net>

<net id="683"><net_src comp="620" pin="3"/><net_sink comp="676" pin=1"/></net>

<net id="684"><net_src comp="670" pin="2"/><net_sink comp="676" pin=2"/></net>

<net id="685"><net_src comp="46" pin="0"/><net_sink comp="676" pin=3"/></net>

<net id="692"><net_src comp="40" pin="0"/><net_sink comp="686" pin=0"/></net>

<net id="693"><net_src comp="628" pin="3"/><net_sink comp="686" pin=1"/></net>

<net id="694"><net_src comp="82" pin="0"/><net_sink comp="686" pin=2"/></net>

<net id="695"><net_src comp="32" pin="0"/><net_sink comp="686" pin=3"/></net>

<net id="701"><net_src comp="664" pin="2"/><net_sink comp="696" pin=0"/></net>

<net id="702"><net_src comp="620" pin="3"/><net_sink comp="696" pin=1"/></net>

<net id="703"><net_src comp="676" pin="4"/><net_sink comp="696" pin=2"/></net>

<net id="709"><net_src comp="664" pin="2"/><net_sink comp="704" pin=0"/></net>

<net id="710"><net_src comp="628" pin="3"/><net_sink comp="704" pin=1"/></net>

<net id="711"><net_src comp="686" pin="4"/><net_sink comp="704" pin=2"/></net>

<net id="717"><net_src comp="90" pin="0"/><net_sink comp="712" pin=0"/></net>

<net id="718"><net_src comp="704" pin="3"/><net_sink comp="712" pin=1"/></net>

<net id="719"><net_src comp="92" pin="0"/><net_sink comp="712" pin=2"/></net>

<net id="725"><net_src comp="94" pin="0"/><net_sink comp="720" pin=0"/></net>

<net id="726"><net_src comp="696" pin="3"/><net_sink comp="720" pin=1"/></net>

<net id="727"><net_src comp="70" pin="0"/><net_sink comp="720" pin=2"/></net>

<net id="734"><net_src comp="96" pin="0"/><net_sink comp="728" pin=0"/></net>

<net id="735"><net_src comp="256" pin="2"/><net_sink comp="728" pin=1"/></net>

<net id="736"><net_src comp="98" pin="0"/><net_sink comp="728" pin=2"/></net>

<net id="737"><net_src comp="52" pin="0"/><net_sink comp="728" pin=3"/></net>

<net id="743"><net_src comp="100" pin="0"/><net_sink comp="738" pin=0"/></net>

<net id="744"><net_src comp="102" pin="0"/><net_sink comp="738" pin=2"/></net>

<net id="750"><net_src comp="104" pin="0"/><net_sink comp="745" pin=0"/></net>

<net id="751"><net_src comp="32" pin="0"/><net_sink comp="745" pin=2"/></net>

<net id="755"><net_src comp="745" pin="3"/><net_sink comp="752" pin=0"/></net>

<net id="760"><net_src comp="752" pin="1"/><net_sink comp="756" pin=1"/></net>

<net id="765"><net_src comp="752" pin="1"/><net_sink comp="761" pin=1"/></net>

<net id="772"><net_src comp="106" pin="0"/><net_sink comp="766" pin=0"/></net>

<net id="773"><net_src comp="761" pin="2"/><net_sink comp="766" pin=2"/></net>

<net id="774"><net_src comp="70" pin="0"/><net_sink comp="766" pin=3"/></net>

<net id="781"><net_src comp="40" pin="0"/><net_sink comp="775" pin=0"/></net>

<net id="782"><net_src comp="92" pin="0"/><net_sink comp="775" pin=2"/></net>

<net id="783"><net_src comp="32" pin="0"/><net_sink comp="775" pin=3"/></net>

<net id="789"><net_src comp="756" pin="2"/><net_sink comp="784" pin=0"/></net>

<net id="790"><net_src comp="766" pin="4"/><net_sink comp="784" pin=2"/></net>

<net id="796"><net_src comp="756" pin="2"/><net_sink comp="791" pin=0"/></net>

<net id="797"><net_src comp="775" pin="4"/><net_sink comp="791" pin=2"/></net>

<net id="803"><net_src comp="108" pin="0"/><net_sink comp="798" pin=0"/></net>

<net id="804"><net_src comp="791" pin="3"/><net_sink comp="798" pin=1"/></net>

<net id="805"><net_src comp="110" pin="0"/><net_sink comp="798" pin=2"/></net>

<net id="811"><net_src comp="112" pin="0"/><net_sink comp="806" pin=0"/></net>

<net id="812"><net_src comp="798" pin="3"/><net_sink comp="806" pin=1"/></net>

<net id="813"><net_src comp="32" pin="0"/><net_sink comp="806" pin=2"/></net>

<net id="819"><net_src comp="114" pin="0"/><net_sink comp="814" pin=0"/></net>

<net id="820"><net_src comp="784" pin="3"/><net_sink comp="814" pin=1"/></net>

<net id="821"><net_src comp="92" pin="0"/><net_sink comp="814" pin=2"/></net>

<net id="825"><net_src comp="806" pin="3"/><net_sink comp="822" pin=0"/></net>

<net id="830"><net_src comp="814" pin="3"/><net_sink comp="826" pin=0"/></net>

<net id="831"><net_src comp="822" pin="1"/><net_sink comp="826" pin=1"/></net>

<net id="836"><net_src comp="814" pin="3"/><net_sink comp="832" pin=0"/></net>

<net id="837"><net_src comp="822" pin="1"/><net_sink comp="832" pin=1"/></net>

<net id="844"><net_src comp="116" pin="0"/><net_sink comp="838" pin=0"/></net>

<net id="845"><net_src comp="784" pin="3"/><net_sink comp="838" pin=1"/></net>

<net id="846"><net_src comp="832" pin="2"/><net_sink comp="838" pin=2"/></net>

<net id="847"><net_src comp="92" pin="0"/><net_sink comp="838" pin=3"/></net>

<net id="854"><net_src comp="40" pin="0"/><net_sink comp="848" pin=0"/></net>

<net id="855"><net_src comp="791" pin="3"/><net_sink comp="848" pin=1"/></net>

<net id="856"><net_src comp="110" pin="0"/><net_sink comp="848" pin=2"/></net>

<net id="857"><net_src comp="32" pin="0"/><net_sink comp="848" pin=3"/></net>

<net id="863"><net_src comp="826" pin="2"/><net_sink comp="858" pin=0"/></net>

<net id="864"><net_src comp="784" pin="3"/><net_sink comp="858" pin=1"/></net>

<net id="865"><net_src comp="838" pin="4"/><net_sink comp="858" pin=2"/></net>

<net id="871"><net_src comp="826" pin="2"/><net_sink comp="866" pin=0"/></net>

<net id="872"><net_src comp="791" pin="3"/><net_sink comp="866" pin=1"/></net>

<net id="873"><net_src comp="848" pin="4"/><net_sink comp="866" pin=2"/></net>

<net id="879"><net_src comp="118" pin="0"/><net_sink comp="874" pin=0"/></net>

<net id="880"><net_src comp="866" pin="3"/><net_sink comp="874" pin=1"/></net>

<net id="881"><net_src comp="32" pin="0"/><net_sink comp="874" pin=2"/></net>

<net id="885"><net_src comp="858" pin="3"/><net_sink comp="882" pin=0"/></net>

<net id="889"><net_src comp="874" pin="3"/><net_sink comp="886" pin=0"/></net>

<net id="894"><net_src comp="882" pin="1"/><net_sink comp="890" pin=0"/></net>

<net id="895"><net_src comp="886" pin="1"/><net_sink comp="890" pin=1"/></net>

<net id="900"><net_src comp="882" pin="1"/><net_sink comp="896" pin=0"/></net>

<net id="901"><net_src comp="886" pin="1"/><net_sink comp="896" pin=1"/></net>

<net id="908"><net_src comp="120" pin="0"/><net_sink comp="902" pin=0"/></net>

<net id="909"><net_src comp="858" pin="3"/><net_sink comp="902" pin=1"/></net>

<net id="910"><net_src comp="896" pin="2"/><net_sink comp="902" pin=2"/></net>

<net id="911"><net_src comp="122" pin="0"/><net_sink comp="902" pin=3"/></net>

<net id="918"><net_src comp="40" pin="0"/><net_sink comp="912" pin=0"/></net>

<net id="919"><net_src comp="866" pin="3"/><net_sink comp="912" pin=1"/></net>

<net id="920"><net_src comp="122" pin="0"/><net_sink comp="912" pin=2"/></net>

<net id="921"><net_src comp="32" pin="0"/><net_sink comp="912" pin=3"/></net>

<net id="927"><net_src comp="890" pin="2"/><net_sink comp="922" pin=0"/></net>

<net id="928"><net_src comp="858" pin="3"/><net_sink comp="922" pin=1"/></net>

<net id="929"><net_src comp="902" pin="4"/><net_sink comp="922" pin=2"/></net>

<net id="935"><net_src comp="890" pin="2"/><net_sink comp="930" pin=0"/></net>

<net id="936"><net_src comp="866" pin="3"/><net_sink comp="930" pin=1"/></net>

<net id="937"><net_src comp="912" pin="4"/><net_sink comp="930" pin=2"/></net>

<net id="941"><net_src comp="930" pin="3"/><net_sink comp="938" pin=0"/></net>

<net id="946"><net_src comp="922" pin="3"/><net_sink comp="942" pin=0"/></net>

<net id="947"><net_src comp="938" pin="1"/><net_sink comp="942" pin=1"/></net>

<net id="952"><net_src comp="922" pin="3"/><net_sink comp="948" pin=0"/></net>

<net id="953"><net_src comp="938" pin="1"/><net_sink comp="948" pin=1"/></net>

<net id="958"><net_src comp="26" pin="0"/><net_sink comp="954" pin=1"/></net>

<net id="963"><net_src comp="948" pin="2"/><net_sink comp="959" pin=0"/></net>

<net id="964"><net_src comp="954" pin="2"/><net_sink comp="959" pin=1"/></net>

<net id="969"><net_src comp="26" pin="0"/><net_sink comp="965" pin=1"/></net>

<net id="974"><net_src comp="922" pin="3"/><net_sink comp="970" pin=0"/></net>

<net id="975"><net_src comp="124" pin="0"/><net_sink comp="970" pin=1"/></net>

<net id="981"><net_src comp="965" pin="2"/><net_sink comp="976" pin=0"/></net>

<net id="982"><net_src comp="970" pin="2"/><net_sink comp="976" pin=1"/></net>

<net id="983"><net_src comp="922" pin="3"/><net_sink comp="976" pin=2"/></net>

<net id="988"><net_src comp="738" pin="3"/><net_sink comp="984" pin=0"/></net>

<net id="989"><net_src comp="126" pin="0"/><net_sink comp="984" pin=1"/></net>

<net id="994"><net_src comp="976" pin="3"/><net_sink comp="990" pin=0"/></net>

<net id="995"><net_src comp="938" pin="1"/><net_sink comp="990" pin=1"/></net>

<net id="1000"><net_src comp="942" pin="2"/><net_sink comp="996" pin=0"/></net>

<net id="1001"><net_src comp="959" pin="2"/><net_sink comp="996" pin=1"/></net>

<net id="1007"><net_src comp="996" pin="2"/><net_sink comp="1002" pin=0"/></net>

<net id="1008"><net_src comp="990" pin="2"/><net_sink comp="1002" pin=1"/></net>

<net id="1009"><net_src comp="922" pin="3"/><net_sink comp="1002" pin=2"/></net>

<net id="1015"><net_src comp="996" pin="2"/><net_sink comp="1010" pin=0"/></net>

<net id="1016"><net_src comp="984" pin="2"/><net_sink comp="1010" pin=1"/></net>

<net id="1017"><net_src comp="738" pin="3"/><net_sink comp="1010" pin=2"/></net>

<net id="1023"><net_src comp="996" pin="2"/><net_sink comp="1018" pin=0"/></net>

<net id="1024"><net_src comp="128" pin="0"/><net_sink comp="1018" pin=1"/></net>

<net id="1025"><net_src comp="130" pin="0"/><net_sink comp="1018" pin=2"/></net>

<net id="1031"><net_src comp="132" pin="0"/><net_sink comp="1026" pin=0"/></net>

<net id="1032"><net_src comp="1018" pin="3"/><net_sink comp="1026" pin=1"/></net>

<net id="1033"><net_src comp="52" pin="0"/><net_sink comp="1026" pin=2"/></net>

<net id="1037"><net_src comp="930" pin="3"/><net_sink comp="1034" pin=0"/></net>

<net id="1044"><net_src comp="134" pin="0"/><net_sink comp="1038" pin=0"/></net>

<net id="1045"><net_src comp="1034" pin="1"/><net_sink comp="1038" pin=1"/></net>

<net id="1046"><net_src comp="1026" pin="3"/><net_sink comp="1038" pin=2"/></net>

<net id="1047"><net_src comp="136" pin="0"/><net_sink comp="1038" pin=3"/></net>

<net id="1054"><net_src comp="138" pin="0"/><net_sink comp="1048" pin=0"/></net>

<net id="1055"><net_src comp="930" pin="3"/><net_sink comp="1048" pin=1"/></net>

<net id="1056"><net_src comp="110" pin="0"/><net_sink comp="1048" pin=2"/></net>

<net id="1057"><net_src comp="140" pin="0"/><net_sink comp="1048" pin=3"/></net>

<net id="1061"><net_src comp="1048" pin="4"/><net_sink comp="1058" pin=0"/></net>

<net id="1066"><net_src comp="1002" pin="3"/><net_sink comp="1062" pin=0"/></net>

<net id="1067"><net_src comp="1058" pin="1"/><net_sink comp="1062" pin=1"/></net>

<net id="1072"><net_src comp="1002" pin="3"/><net_sink comp="1068" pin=0"/></net>

<net id="1073"><net_src comp="1058" pin="1"/><net_sink comp="1068" pin=1"/></net>

<net id="1078"><net_src comp="1010" pin="3"/><net_sink comp="1074" pin=0"/></net>

<net id="1079"><net_src comp="1038" pin="4"/><net_sink comp="1074" pin=1"/></net>

<net id="1084"><net_src comp="1074" pin="2"/><net_sink comp="1080" pin=0"/></net>

<net id="1085"><net_src comp="32" pin="0"/><net_sink comp="1080" pin=1"/></net>

<net id="1090"><net_src comp="1068" pin="2"/><net_sink comp="1086" pin=0"/></net>

<net id="1091"><net_src comp="1080" pin="2"/><net_sink comp="1086" pin=1"/></net>

<net id="1096"><net_src comp="1010" pin="3"/><net_sink comp="1092" pin=0"/></net>

<net id="1097"><net_src comp="1038" pin="4"/><net_sink comp="1092" pin=1"/></net>

<net id="1102"><net_src comp="1002" pin="3"/><net_sink comp="1098" pin=0"/></net>

<net id="1103"><net_src comp="124" pin="0"/><net_sink comp="1098" pin=1"/></net>

<net id="1108"><net_src comp="1010" pin="3"/><net_sink comp="1104" pin=0"/></net>

<net id="1109"><net_src comp="1038" pin="4"/><net_sink comp="1104" pin=1"/></net>

<net id="1114"><net_src comp="1062" pin="2"/><net_sink comp="1110" pin=0"/></net>

<net id="1115"><net_src comp="1086" pin="2"/><net_sink comp="1110" pin=1"/></net>

<net id="1121"><net_src comp="1110" pin="2"/><net_sink comp="1116" pin=0"/></net>

<net id="1122"><net_src comp="1104" pin="2"/><net_sink comp="1116" pin=1"/></net>

<net id="1123"><net_src comp="1010" pin="3"/><net_sink comp="1116" pin=2"/></net>

<net id="1127"><net_src comp="930" pin="3"/><net_sink comp="1124" pin=0"/></net>

<net id="1134"><net_src comp="142" pin="0"/><net_sink comp="1128" pin=0"/></net>

<net id="1135"><net_src comp="930" pin="3"/><net_sink comp="1128" pin=1"/></net>

<net id="1136"><net_src comp="92" pin="0"/><net_sink comp="1128" pin=2"/></net>

<net id="1137"><net_src comp="140" pin="0"/><net_sink comp="1128" pin=3"/></net>

<net id="1141"><net_src comp="930" pin="3"/><net_sink comp="1138" pin=0"/></net>

<net id="1148"><net_src comp="144" pin="0"/><net_sink comp="1142" pin=0"/></net>

<net id="1149"><net_src comp="930" pin="3"/><net_sink comp="1142" pin=1"/></net>

<net id="1150"><net_src comp="82" pin="0"/><net_sink comp="1142" pin=2"/></net>

<net id="1151"><net_src comp="140" pin="0"/><net_sink comp="1142" pin=3"/></net>

<net id="1155"><net_src comp="930" pin="3"/><net_sink comp="1152" pin=0"/></net>

<net id="1162"><net_src comp="146" pin="0"/><net_sink comp="1156" pin=0"/></net>

<net id="1163"><net_src comp="930" pin="3"/><net_sink comp="1156" pin=1"/></net>

<net id="1164"><net_src comp="70" pin="0"/><net_sink comp="1156" pin=2"/></net>

<net id="1165"><net_src comp="140" pin="0"/><net_sink comp="1156" pin=3"/></net>

<net id="1169"><net_src comp="930" pin="3"/><net_sink comp="1166" pin=0"/></net>

<net id="1176"><net_src comp="148" pin="0"/><net_sink comp="1170" pin=0"/></net>

<net id="1177"><net_src comp="930" pin="3"/><net_sink comp="1170" pin=1"/></net>

<net id="1178"><net_src comp="58" pin="0"/><net_sink comp="1170" pin=2"/></net>

<net id="1179"><net_src comp="140" pin="0"/><net_sink comp="1170" pin=3"/></net>

<net id="1183"><net_src comp="930" pin="3"/><net_sink comp="1180" pin=0"/></net>

<net id="1190"><net_src comp="150" pin="0"/><net_sink comp="1184" pin=0"/></net>

<net id="1191"><net_src comp="930" pin="3"/><net_sink comp="1184" pin=1"/></net>

<net id="1192"><net_src comp="46" pin="0"/><net_sink comp="1184" pin=2"/></net>

<net id="1193"><net_src comp="140" pin="0"/><net_sink comp="1184" pin=3"/></net>

<net id="1197"><net_src comp="930" pin="3"/><net_sink comp="1194" pin=0"/></net>

<net id="1204"><net_src comp="152" pin="0"/><net_sink comp="1198" pin=0"/></net>

<net id="1205"><net_src comp="930" pin="3"/><net_sink comp="1198" pin=1"/></net>

<net id="1206"><net_src comp="42" pin="0"/><net_sink comp="1198" pin=2"/></net>

<net id="1207"><net_src comp="140" pin="0"/><net_sink comp="1198" pin=3"/></net>

<net id="1211"><net_src comp="930" pin="3"/><net_sink comp="1208" pin=0"/></net>

<net id="1218"><net_src comp="154" pin="0"/><net_sink comp="1212" pin=0"/></net>

<net id="1219"><net_src comp="930" pin="3"/><net_sink comp="1212" pin=1"/></net>

<net id="1220"><net_src comp="76" pin="0"/><net_sink comp="1212" pin=2"/></net>

<net id="1221"><net_src comp="140" pin="0"/><net_sink comp="1212" pin=3"/></net>

<net id="1225"><net_src comp="930" pin="3"/><net_sink comp="1222" pin=0"/></net>

<net id="1231"><net_src comp="156" pin="0"/><net_sink comp="1226" pin=0"/></net>

<net id="1232"><net_src comp="930" pin="3"/><net_sink comp="1226" pin=1"/></net>

<net id="1233"><net_src comp="140" pin="0"/><net_sink comp="1226" pin=2"/></net>

<net id="1243"><net_src comp="1234" pin="3"/><net_sink comp="1239" pin=0"/></net>

<net id="1250"><net_src comp="158" pin="0"/><net_sink comp="1244" pin=0"/></net>

<net id="1251"><net_src comp="52" pin="0"/><net_sink comp="1244" pin=2"/></net>

<net id="1252"><net_src comp="32" pin="0"/><net_sink comp="1244" pin=3"/></net>

<net id="1258"><net_src comp="1239" pin="2"/><net_sink comp="1253" pin=1"/></net>

<net id="1264"><net_src comp="1244" pin="4"/><net_sink comp="1259" pin=1"/></net>

<net id="1270"><net_src comp="160" pin="0"/><net_sink comp="1265" pin=0"/></net>

<net id="1271"><net_src comp="1259" pin="3"/><net_sink comp="1265" pin=1"/></net>

<net id="1272"><net_src comp="98" pin="0"/><net_sink comp="1265" pin=2"/></net>

<net id="1279"><net_src comp="162" pin="0"/><net_sink comp="1273" pin=0"/></net>

<net id="1280"><net_src comp="1265" pin="3"/><net_sink comp="1273" pin=2"/></net>

<net id="1281"><net_src comp="164" pin="0"/><net_sink comp="1273" pin=3"/></net>

<net id="1289"><net_src comp="1253" pin="3"/><net_sink comp="1285" pin=0"/></net>

<net id="1290"><net_src comp="1282" pin="1"/><net_sink comp="1285" pin=1"/></net>

<net id="1295"><net_src comp="1253" pin="3"/><net_sink comp="1291" pin=0"/></net>

<net id="1296"><net_src comp="1282" pin="1"/><net_sink comp="1291" pin=1"/></net>

<net id="1301"><net_src comp="1273" pin="4"/><net_sink comp="1297" pin=1"/></net>

<net id="1306"><net_src comp="1297" pin="2"/><net_sink comp="1302" pin=0"/></net>

<net id="1307"><net_src comp="32" pin="0"/><net_sink comp="1302" pin=1"/></net>

<net id="1312"><net_src comp="1291" pin="2"/><net_sink comp="1308" pin=0"/></net>

<net id="1313"><net_src comp="1302" pin="2"/><net_sink comp="1308" pin=1"/></net>

<net id="1318"><net_src comp="1273" pin="4"/><net_sink comp="1314" pin=1"/></net>

<net id="1323"><net_src comp="1253" pin="3"/><net_sink comp="1319" pin=0"/></net>

<net id="1324"><net_src comp="124" pin="0"/><net_sink comp="1319" pin=1"/></net>

<net id="1330"><net_src comp="1314" pin="2"/><net_sink comp="1325" pin=0"/></net>

<net id="1331"><net_src comp="1319" pin="2"/><net_sink comp="1325" pin=1"/></net>

<net id="1332"><net_src comp="1253" pin="3"/><net_sink comp="1325" pin=2"/></net>

<net id="1337"><net_src comp="1273" pin="4"/><net_sink comp="1333" pin=1"/></net>

<net id="1342"><net_src comp="1325" pin="3"/><net_sink comp="1338" pin=0"/></net>

<net id="1343"><net_src comp="1282" pin="1"/><net_sink comp="1338" pin=1"/></net>

<net id="1350"><net_src comp="158" pin="0"/><net_sink comp="1344" pin=0"/></net>

<net id="1351"><net_src comp="1259" pin="3"/><net_sink comp="1344" pin=1"/></net>

<net id="1352"><net_src comp="98" pin="0"/><net_sink comp="1344" pin=2"/></net>

<net id="1353"><net_src comp="32" pin="0"/><net_sink comp="1344" pin=3"/></net>

<net id="1358"><net_src comp="1285" pin="2"/><net_sink comp="1354" pin=0"/></net>

<net id="1359"><net_src comp="1308" pin="2"/><net_sink comp="1354" pin=1"/></net>

<net id="1365"><net_src comp="1354" pin="2"/><net_sink comp="1360" pin=0"/></net>

<net id="1366"><net_src comp="1338" pin="2"/><net_sink comp="1360" pin=1"/></net>

<net id="1367"><net_src comp="1253" pin="3"/><net_sink comp="1360" pin=2"/></net>

<net id="1373"><net_src comp="1354" pin="2"/><net_sink comp="1368" pin=0"/></net>

<net id="1374"><net_src comp="1333" pin="2"/><net_sink comp="1368" pin=1"/></net>

<net id="1380"><net_src comp="1354" pin="2"/><net_sink comp="1375" pin=0"/></net>

<net id="1381"><net_src comp="1344" pin="4"/><net_sink comp="1375" pin=1"/></net>

<net id="1382"><net_src comp="1259" pin="3"/><net_sink comp="1375" pin=2"/></net>

<net id="1388"><net_src comp="166" pin="0"/><net_sink comp="1383" pin=0"/></net>

<net id="1389"><net_src comp="1375" pin="3"/><net_sink comp="1383" pin=1"/></net>

<net id="1390"><net_src comp="64" pin="0"/><net_sink comp="1383" pin=2"/></net>

<net id="1397"><net_src comp="168" pin="0"/><net_sink comp="1391" pin=0"/></net>

<net id="1398"><net_src comp="1383" pin="3"/><net_sink comp="1391" pin=2"/></net>

<net id="1399"><net_src comp="170" pin="0"/><net_sink comp="1391" pin=3"/></net>

<net id="1407"><net_src comp="1360" pin="3"/><net_sink comp="1403" pin=0"/></net>

<net id="1408"><net_src comp="1400" pin="1"/><net_sink comp="1403" pin=1"/></net>

<net id="1413"><net_src comp="1360" pin="3"/><net_sink comp="1409" pin=0"/></net>

<net id="1414"><net_src comp="1400" pin="1"/><net_sink comp="1409" pin=1"/></net>

<net id="1419"><net_src comp="1368" pin="3"/><net_sink comp="1415" pin=0"/></net>

<net id="1420"><net_src comp="1391" pin="4"/><net_sink comp="1415" pin=1"/></net>

<net id="1425"><net_src comp="1415" pin="2"/><net_sink comp="1421" pin=0"/></net>

<net id="1426"><net_src comp="32" pin="0"/><net_sink comp="1421" pin=1"/></net>

<net id="1431"><net_src comp="1409" pin="2"/><net_sink comp="1427" pin=0"/></net>

<net id="1432"><net_src comp="1421" pin="2"/><net_sink comp="1427" pin=1"/></net>

<net id="1437"><net_src comp="1368" pin="3"/><net_sink comp="1433" pin=0"/></net>

<net id="1438"><net_src comp="1391" pin="4"/><net_sink comp="1433" pin=1"/></net>

<net id="1443"><net_src comp="1360" pin="3"/><net_sink comp="1439" pin=0"/></net>

<net id="1444"><net_src comp="124" pin="0"/><net_sink comp="1439" pin=1"/></net>

<net id="1450"><net_src comp="1433" pin="2"/><net_sink comp="1445" pin=0"/></net>

<net id="1451"><net_src comp="1439" pin="2"/><net_sink comp="1445" pin=1"/></net>

<net id="1452"><net_src comp="1360" pin="3"/><net_sink comp="1445" pin=2"/></net>

<net id="1457"><net_src comp="1368" pin="3"/><net_sink comp="1453" pin=0"/></net>

<net id="1458"><net_src comp="1391" pin="4"/><net_sink comp="1453" pin=1"/></net>

<net id="1463"><net_src comp="1445" pin="3"/><net_sink comp="1459" pin=0"/></net>

<net id="1464"><net_src comp="1400" pin="1"/><net_sink comp="1459" pin=1"/></net>

<net id="1471"><net_src comp="158" pin="0"/><net_sink comp="1465" pin=0"/></net>

<net id="1472"><net_src comp="1375" pin="3"/><net_sink comp="1465" pin=1"/></net>

<net id="1473"><net_src comp="64" pin="0"/><net_sink comp="1465" pin=2"/></net>

<net id="1474"><net_src comp="32" pin="0"/><net_sink comp="1465" pin=3"/></net>

<net id="1479"><net_src comp="1403" pin="2"/><net_sink comp="1475" pin=0"/></net>

<net id="1480"><net_src comp="1427" pin="2"/><net_sink comp="1475" pin=1"/></net>

<net id="1486"><net_src comp="1475" pin="2"/><net_sink comp="1481" pin=0"/></net>

<net id="1487"><net_src comp="1459" pin="2"/><net_sink comp="1481" pin=1"/></net>

<net id="1488"><net_src comp="1360" pin="3"/><net_sink comp="1481" pin=2"/></net>

<net id="1494"><net_src comp="1475" pin="2"/><net_sink comp="1489" pin=0"/></net>

<net id="1495"><net_src comp="1453" pin="2"/><net_sink comp="1489" pin=1"/></net>

<net id="1496"><net_src comp="1368" pin="3"/><net_sink comp="1489" pin=2"/></net>

<net id="1502"><net_src comp="1475" pin="2"/><net_sink comp="1497" pin=0"/></net>

<net id="1503"><net_src comp="1465" pin="4"/><net_sink comp="1497" pin=1"/></net>

<net id="1504"><net_src comp="1375" pin="3"/><net_sink comp="1497" pin=2"/></net>

<net id="1510"><net_src comp="172" pin="0"/><net_sink comp="1505" pin=0"/></net>

<net id="1511"><net_src comp="1497" pin="3"/><net_sink comp="1505" pin=1"/></net>

<net id="1512"><net_src comp="140" pin="0"/><net_sink comp="1505" pin=2"/></net>

<net id="1519"><net_src comp="174" pin="0"/><net_sink comp="1513" pin=0"/></net>

<net id="1520"><net_src comp="1505" pin="3"/><net_sink comp="1513" pin=2"/></net>

<net id="1521"><net_src comp="176" pin="0"/><net_sink comp="1513" pin=3"/></net>

<net id="1529"><net_src comp="1481" pin="3"/><net_sink comp="1525" pin=0"/></net>

<net id="1530"><net_src comp="1522" pin="1"/><net_sink comp="1525" pin=1"/></net>

<net id="1535"><net_src comp="1481" pin="3"/><net_sink comp="1531" pin=0"/></net>

<net id="1536"><net_src comp="1522" pin="1"/><net_sink comp="1531" pin=1"/></net>

<net id="1541"><net_src comp="1489" pin="3"/><net_sink comp="1537" pin=0"/></net>

<net id="1542"><net_src comp="1513" pin="4"/><net_sink comp="1537" pin=1"/></net>

<net id="1547"><net_src comp="1537" pin="2"/><net_sink comp="1543" pin=0"/></net>

<net id="1548"><net_src comp="32" pin="0"/><net_sink comp="1543" pin=1"/></net>

<net id="1553"><net_src comp="1531" pin="2"/><net_sink comp="1549" pin=0"/></net>

<net id="1554"><net_src comp="1543" pin="2"/><net_sink comp="1549" pin=1"/></net>

<net id="1559"><net_src comp="1489" pin="3"/><net_sink comp="1555" pin=0"/></net>

<net id="1560"><net_src comp="1513" pin="4"/><net_sink comp="1555" pin=1"/></net>

<net id="1565"><net_src comp="1481" pin="3"/><net_sink comp="1561" pin=0"/></net>

<net id="1566"><net_src comp="124" pin="0"/><net_sink comp="1561" pin=1"/></net>

<net id="1571"><net_src comp="1489" pin="3"/><net_sink comp="1567" pin=0"/></net>

<net id="1572"><net_src comp="1513" pin="4"/><net_sink comp="1567" pin=1"/></net>

<net id="1577"><net_src comp="1525" pin="2"/><net_sink comp="1573" pin=0"/></net>

<net id="1578"><net_src comp="1549" pin="2"/><net_sink comp="1573" pin=1"/></net>

<net id="1584"><net_src comp="1573" pin="2"/><net_sink comp="1579" pin=0"/></net>

<net id="1585"><net_src comp="1567" pin="2"/><net_sink comp="1579" pin=1"/></net>

<net id="1586"><net_src comp="1489" pin="3"/><net_sink comp="1579" pin=2"/></net>

<net id="1596"><net_src comp="1587" pin="3"/><net_sink comp="1592" pin=0"/></net>

<net id="1603"><net_src comp="158" pin="0"/><net_sink comp="1597" pin=0"/></net>

<net id="1604"><net_src comp="140" pin="0"/><net_sink comp="1597" pin=2"/></net>

<net id="1605"><net_src comp="32" pin="0"/><net_sink comp="1597" pin=3"/></net>

<net id="1611"><net_src comp="1592" pin="2"/><net_sink comp="1606" pin=1"/></net>

<net id="1617"><net_src comp="1597" pin="4"/><net_sink comp="1612" pin=1"/></net>

<net id="1623"><net_src comp="178" pin="0"/><net_sink comp="1618" pin=0"/></net>

<net id="1624"><net_src comp="1612" pin="3"/><net_sink comp="1618" pin=1"/></net>

<net id="1625"><net_src comp="76" pin="0"/><net_sink comp="1618" pin=2"/></net>

<net id="1632"><net_src comp="180" pin="0"/><net_sink comp="1626" pin=0"/></net>

<net id="1633"><net_src comp="1618" pin="3"/><net_sink comp="1626" pin=2"/></net>

<net id="1634"><net_src comp="182" pin="0"/><net_sink comp="1626" pin=3"/></net>

<net id="1642"><net_src comp="1606" pin="3"/><net_sink comp="1638" pin=0"/></net>

<net id="1643"><net_src comp="1635" pin="1"/><net_sink comp="1638" pin=1"/></net>

<net id="1648"><net_src comp="1606" pin="3"/><net_sink comp="1644" pin=0"/></net>

<net id="1649"><net_src comp="1635" pin="1"/><net_sink comp="1644" pin=1"/></net>

<net id="1654"><net_src comp="1626" pin="4"/><net_sink comp="1650" pin=1"/></net>

<net id="1659"><net_src comp="1650" pin="2"/><net_sink comp="1655" pin=0"/></net>

<net id="1660"><net_src comp="32" pin="0"/><net_sink comp="1655" pin=1"/></net>

<net id="1665"><net_src comp="1644" pin="2"/><net_sink comp="1661" pin=0"/></net>

<net id="1666"><net_src comp="1655" pin="2"/><net_sink comp="1661" pin=1"/></net>

<net id="1671"><net_src comp="1626" pin="4"/><net_sink comp="1667" pin=1"/></net>

<net id="1676"><net_src comp="1606" pin="3"/><net_sink comp="1672" pin=0"/></net>

<net id="1677"><net_src comp="124" pin="0"/><net_sink comp="1672" pin=1"/></net>

<net id="1683"><net_src comp="1667" pin="2"/><net_sink comp="1678" pin=0"/></net>

<net id="1684"><net_src comp="1672" pin="2"/><net_sink comp="1678" pin=1"/></net>

<net id="1685"><net_src comp="1606" pin="3"/><net_sink comp="1678" pin=2"/></net>

<net id="1690"><net_src comp="1626" pin="4"/><net_sink comp="1686" pin=1"/></net>

<net id="1695"><net_src comp="1678" pin="3"/><net_sink comp="1691" pin=0"/></net>

<net id="1696"><net_src comp="1635" pin="1"/><net_sink comp="1691" pin=1"/></net>

<net id="1703"><net_src comp="158" pin="0"/><net_sink comp="1697" pin=0"/></net>

<net id="1704"><net_src comp="1612" pin="3"/><net_sink comp="1697" pin=1"/></net>

<net id="1705"><net_src comp="76" pin="0"/><net_sink comp="1697" pin=2"/></net>

<net id="1706"><net_src comp="32" pin="0"/><net_sink comp="1697" pin=3"/></net>

<net id="1711"><net_src comp="1638" pin="2"/><net_sink comp="1707" pin=0"/></net>

<net id="1712"><net_src comp="1661" pin="2"/><net_sink comp="1707" pin=1"/></net>

<net id="1718"><net_src comp="1707" pin="2"/><net_sink comp="1713" pin=0"/></net>

<net id="1719"><net_src comp="1691" pin="2"/><net_sink comp="1713" pin=1"/></net>

<net id="1720"><net_src comp="1606" pin="3"/><net_sink comp="1713" pin=2"/></net>

<net id="1726"><net_src comp="1707" pin="2"/><net_sink comp="1721" pin=0"/></net>

<net id="1727"><net_src comp="1686" pin="2"/><net_sink comp="1721" pin=1"/></net>

<net id="1733"><net_src comp="1707" pin="2"/><net_sink comp="1728" pin=0"/></net>

<net id="1734"><net_src comp="1697" pin="4"/><net_sink comp="1728" pin=1"/></net>

<net id="1735"><net_src comp="1612" pin="3"/><net_sink comp="1728" pin=2"/></net>

<net id="1741"><net_src comp="184" pin="0"/><net_sink comp="1736" pin=0"/></net>

<net id="1742"><net_src comp="1728" pin="3"/><net_sink comp="1736" pin=1"/></net>

<net id="1743"><net_src comp="42" pin="0"/><net_sink comp="1736" pin=2"/></net>

<net id="1750"><net_src comp="186" pin="0"/><net_sink comp="1744" pin=0"/></net>

<net id="1751"><net_src comp="1736" pin="3"/><net_sink comp="1744" pin=2"/></net>

<net id="1752"><net_src comp="32" pin="0"/><net_sink comp="1744" pin=3"/></net>

<net id="1760"><net_src comp="1713" pin="3"/><net_sink comp="1756" pin=0"/></net>

<net id="1761"><net_src comp="1753" pin="1"/><net_sink comp="1756" pin=1"/></net>

<net id="1766"><net_src comp="1713" pin="3"/><net_sink comp="1762" pin=0"/></net>

<net id="1767"><net_src comp="1753" pin="1"/><net_sink comp="1762" pin=1"/></net>

<net id="1772"><net_src comp="1721" pin="3"/><net_sink comp="1768" pin=0"/></net>

<net id="1773"><net_src comp="1744" pin="4"/><net_sink comp="1768" pin=1"/></net>

<net id="1778"><net_src comp="1768" pin="2"/><net_sink comp="1774" pin=0"/></net>

<net id="1779"><net_src comp="32" pin="0"/><net_sink comp="1774" pin=1"/></net>

<net id="1784"><net_src comp="1762" pin="2"/><net_sink comp="1780" pin=0"/></net>

<net id="1785"><net_src comp="1774" pin="2"/><net_sink comp="1780" pin=1"/></net>

<net id="1790"><net_src comp="1721" pin="3"/><net_sink comp="1786" pin=0"/></net>

<net id="1791"><net_src comp="1744" pin="4"/><net_sink comp="1786" pin=1"/></net>

<net id="1796"><net_src comp="1713" pin="3"/><net_sink comp="1792" pin=0"/></net>

<net id="1797"><net_src comp="124" pin="0"/><net_sink comp="1792" pin=1"/></net>

<net id="1803"><net_src comp="1786" pin="2"/><net_sink comp="1798" pin=0"/></net>

<net id="1804"><net_src comp="1792" pin="2"/><net_sink comp="1798" pin=1"/></net>

<net id="1805"><net_src comp="1713" pin="3"/><net_sink comp="1798" pin=2"/></net>

<net id="1810"><net_src comp="1721" pin="3"/><net_sink comp="1806" pin=0"/></net>

<net id="1811"><net_src comp="1744" pin="4"/><net_sink comp="1806" pin=1"/></net>

<net id="1816"><net_src comp="1798" pin="3"/><net_sink comp="1812" pin=0"/></net>

<net id="1817"><net_src comp="1753" pin="1"/><net_sink comp="1812" pin=1"/></net>

<net id="1824"><net_src comp="158" pin="0"/><net_sink comp="1818" pin=0"/></net>

<net id="1825"><net_src comp="1728" pin="3"/><net_sink comp="1818" pin=1"/></net>

<net id="1826"><net_src comp="42" pin="0"/><net_sink comp="1818" pin=2"/></net>

<net id="1827"><net_src comp="32" pin="0"/><net_sink comp="1818" pin=3"/></net>

<net id="1832"><net_src comp="1756" pin="2"/><net_sink comp="1828" pin=0"/></net>

<net id="1833"><net_src comp="1780" pin="2"/><net_sink comp="1828" pin=1"/></net>

<net id="1839"><net_src comp="1828" pin="2"/><net_sink comp="1834" pin=0"/></net>

<net id="1840"><net_src comp="1812" pin="2"/><net_sink comp="1834" pin=1"/></net>

<net id="1841"><net_src comp="1713" pin="3"/><net_sink comp="1834" pin=2"/></net>

<net id="1847"><net_src comp="1828" pin="2"/><net_sink comp="1842" pin=0"/></net>

<net id="1848"><net_src comp="1806" pin="2"/><net_sink comp="1842" pin=1"/></net>

<net id="1849"><net_src comp="1721" pin="3"/><net_sink comp="1842" pin=2"/></net>

<net id="1855"><net_src comp="1828" pin="2"/><net_sink comp="1850" pin=0"/></net>

<net id="1856"><net_src comp="1818" pin="4"/><net_sink comp="1850" pin=1"/></net>

<net id="1857"><net_src comp="1728" pin="3"/><net_sink comp="1850" pin=2"/></net>

<net id="1863"><net_src comp="188" pin="0"/><net_sink comp="1858" pin=0"/></net>

<net id="1864"><net_src comp="1850" pin="3"/><net_sink comp="1858" pin=1"/></net>

<net id="1865"><net_src comp="46" pin="0"/><net_sink comp="1858" pin=2"/></net>

<net id="1872"><net_src comp="190" pin="0"/><net_sink comp="1866" pin=0"/></net>

<net id="1873"><net_src comp="1850" pin="3"/><net_sink comp="1866" pin=1"/></net>

<net id="1874"><net_src comp="42" pin="0"/><net_sink comp="1866" pin=2"/></net>

<net id="1875"><net_src comp="6" pin="0"/><net_sink comp="1866" pin=3"/></net>

<net id="1881"><net_src comp="192" pin="0"/><net_sink comp="1876" pin=0"/></net>

<net id="1882"><net_src comp="1866" pin="4"/><net_sink comp="1876" pin=2"/></net>

<net id="1890"><net_src comp="1834" pin="3"/><net_sink comp="1886" pin=0"/></net>

<net id="1891"><net_src comp="1883" pin="1"/><net_sink comp="1886" pin=1"/></net>

<net id="1896"><net_src comp="1834" pin="3"/><net_sink comp="1892" pin=0"/></net>

<net id="1897"><net_src comp="1883" pin="1"/><net_sink comp="1892" pin=1"/></net>

<net id="1902"><net_src comp="1842" pin="3"/><net_sink comp="1898" pin=0"/></net>

<net id="1903"><net_src comp="1876" pin="3"/><net_sink comp="1898" pin=1"/></net>

<net id="1908"><net_src comp="1892" pin="2"/><net_sink comp="1904" pin=0"/></net>

<net id="1909"><net_src comp="1898" pin="2"/><net_sink comp="1904" pin=1"/></net>

<net id="1914"><net_src comp="1834" pin="3"/><net_sink comp="1910" pin=0"/></net>

<net id="1915"><net_src comp="124" pin="0"/><net_sink comp="1910" pin=1"/></net>

<net id="1920"><net_src comp="1876" pin="3"/><net_sink comp="1916" pin=0"/></net>

<net id="1921"><net_src comp="194" pin="0"/><net_sink comp="1916" pin=1"/></net>

<net id="1926"><net_src comp="1842" pin="3"/><net_sink comp="1922" pin=0"/></net>

<net id="1927"><net_src comp="1916" pin="2"/><net_sink comp="1922" pin=1"/></net>

<net id="1932"><net_src comp="1886" pin="2"/><net_sink comp="1928" pin=0"/></net>

<net id="1933"><net_src comp="1904" pin="2"/><net_sink comp="1928" pin=1"/></net>

<net id="1939"><net_src comp="1928" pin="2"/><net_sink comp="1934" pin=0"/></net>

<net id="1940"><net_src comp="1922" pin="2"/><net_sink comp="1934" pin=1"/></net>

<net id="1941"><net_src comp="1842" pin="3"/><net_sink comp="1934" pin=2"/></net>

<net id="1947"><net_src comp="196" pin="0"/><net_sink comp="1942" pin=0"/></net>

<net id="1948"><net_src comp="198" pin="0"/><net_sink comp="1942" pin=2"/></net>

<net id="1953"><net_src comp="130" pin="0"/><net_sink comp="1949" pin=0"/></net>

<net id="1954"><net_src comp="1942" pin="3"/><net_sink comp="1949" pin=1"/></net>

<net id="1964"><net_src comp="1955" pin="3"/><net_sink comp="1960" pin=0"/></net>

<net id="1971"><net_src comp="158" pin="0"/><net_sink comp="1965" pin=0"/></net>

<net id="1972"><net_src comp="46" pin="0"/><net_sink comp="1965" pin=2"/></net>

<net id="1973"><net_src comp="32" pin="0"/><net_sink comp="1965" pin=3"/></net>

<net id="1979"><net_src comp="1960" pin="2"/><net_sink comp="1974" pin=1"/></net>

<net id="1985"><net_src comp="1949" pin="2"/><net_sink comp="1980" pin=1"/></net>

<net id="1986"><net_src comp="130" pin="0"/><net_sink comp="1980" pin=2"/></net>

<net id="1992"><net_src comp="1965" pin="4"/><net_sink comp="1987" pin=1"/></net>

<net id="1999"><net_src comp="200" pin="0"/><net_sink comp="1993" pin=0"/></net>

<net id="2000"><net_src comp="1987" pin="3"/><net_sink comp="1993" pin=1"/></net>

<net id="2001"><net_src comp="58" pin="0"/><net_sink comp="1993" pin=2"/></net>

<net id="2002"><net_src comp="42" pin="0"/><net_sink comp="1993" pin=3"/></net>

<net id="2009"><net_src comp="202" pin="0"/><net_sink comp="2003" pin=0"/></net>

<net id="2010"><net_src comp="1987" pin="3"/><net_sink comp="2003" pin=1"/></net>

<net id="2011"><net_src comp="76" pin="0"/><net_sink comp="2003" pin=2"/></net>

<net id="2012"><net_src comp="6" pin="0"/><net_sink comp="2003" pin=3"/></net>

<net id="2018"><net_src comp="204" pin="0"/><net_sink comp="2013" pin=0"/></net>

<net id="2019"><net_src comp="2003" pin="4"/><net_sink comp="2013" pin=2"/></net>

<net id="2025"><net_src comp="206" pin="0"/><net_sink comp="2020" pin=0"/></net>

<net id="2026"><net_src comp="1993" pin="4"/><net_sink comp="2020" pin=1"/></net>

<net id="2027"><net_src comp="136" pin="0"/><net_sink comp="2020" pin=2"/></net>

<net id="2035"><net_src comp="1974" pin="3"/><net_sink comp="2031" pin=0"/></net>

<net id="2036"><net_src comp="2028" pin="1"/><net_sink comp="2031" pin=1"/></net>

<net id="2041"><net_src comp="1974" pin="3"/><net_sink comp="2037" pin=0"/></net>

<net id="2042"><net_src comp="2028" pin="1"/><net_sink comp="2037" pin=1"/></net>

<net id="2047"><net_src comp="2013" pin="3"/><net_sink comp="2043" pin=1"/></net>

<net id="2052"><net_src comp="2013" pin="3"/><net_sink comp="2048" pin=1"/></net>

<net id="2057"><net_src comp="1980" pin="3"/><net_sink comp="2053" pin=0"/></net>

<net id="2058"><net_src comp="2020" pin="3"/><net_sink comp="2053" pin=1"/></net>

<net id="2063"><net_src comp="2053" pin="2"/><net_sink comp="2059" pin=0"/></net>

<net id="2064"><net_src comp="32" pin="0"/><net_sink comp="2059" pin=1"/></net>

<net id="2069"><net_src comp="2048" pin="2"/><net_sink comp="2065" pin=0"/></net>

<net id="2070"><net_src comp="2059" pin="2"/><net_sink comp="2065" pin=1"/></net>

<net id="2075"><net_src comp="1980" pin="3"/><net_sink comp="2071" pin=0"/></net>

<net id="2076"><net_src comp="2020" pin="3"/><net_sink comp="2071" pin=1"/></net>

<net id="2081"><net_src comp="1980" pin="3"/><net_sink comp="2077" pin=0"/></net>

<net id="2082"><net_src comp="2020" pin="3"/><net_sink comp="2077" pin=1"/></net>

<net id="2087"><net_src comp="2013" pin="3"/><net_sink comp="2083" pin=1"/></net>

<net id="2092"><net_src comp="2048" pin="2"/><net_sink comp="2088" pin=0"/></net>

<net id="2093"><net_src comp="2071" pin="2"/><net_sink comp="2088" pin=1"/></net>

<net id="2098"><net_src comp="2083" pin="2"/><net_sink comp="2094" pin=0"/></net>

<net id="2099"><net_src comp="2088" pin="2"/><net_sink comp="2094" pin=1"/></net>

<net id="2104"><net_src comp="1974" pin="3"/><net_sink comp="2100" pin=0"/></net>

<net id="2105"><net_src comp="124" pin="0"/><net_sink comp="2100" pin=1"/></net>

<net id="2111"><net_src comp="2094" pin="2"/><net_sink comp="2106" pin=0"/></net>

<net id="2112"><net_src comp="2100" pin="2"/><net_sink comp="2106" pin=1"/></net>

<net id="2113"><net_src comp="1974" pin="3"/><net_sink comp="2106" pin=2"/></net>

<net id="2119"><net_src comp="2071" pin="2"/><net_sink comp="2114" pin=0"/></net>

<net id="2120"><net_src comp="194" pin="0"/><net_sink comp="2114" pin=1"/></net>

<net id="2121"><net_src comp="130" pin="0"/><net_sink comp="2114" pin=2"/></net>

<net id="2126"><net_src comp="2114" pin="3"/><net_sink comp="2122" pin=0"/></net>

<net id="2127"><net_src comp="2013" pin="3"/><net_sink comp="2122" pin=1"/></net>

<net id="2132"><net_src comp="2122" pin="2"/><net_sink comp="2128" pin=0"/></net>

<net id="2137"><net_src comp="2106" pin="3"/><net_sink comp="2133" pin=0"/></net>

<net id="2138"><net_src comp="2028" pin="1"/><net_sink comp="2133" pin=1"/></net>

<net id="2145"><net_src comp="158" pin="0"/><net_sink comp="2139" pin=0"/></net>

<net id="2146"><net_src comp="1987" pin="3"/><net_sink comp="2139" pin=1"/></net>

<net id="2147"><net_src comp="58" pin="0"/><net_sink comp="2139" pin=2"/></net>

<net id="2148"><net_src comp="32" pin="0"/><net_sink comp="2139" pin=3"/></net>

<net id="2153"><net_src comp="2043" pin="2"/><net_sink comp="2149" pin=0"/></net>

<net id="2154"><net_src comp="2065" pin="2"/><net_sink comp="2149" pin=1"/></net>

<net id="2159"><net_src comp="2037" pin="2"/><net_sink comp="2155" pin=0"/></net>

<net id="2160"><net_src comp="2149" pin="2"/><net_sink comp="2155" pin=1"/></net>

<net id="2165"><net_src comp="2155" pin="2"/><net_sink comp="2161" pin=0"/></net>

<net id="2166"><net_src comp="2031" pin="2"/><net_sink comp="2161" pin=1"/></net>

<net id="2172"><net_src comp="2161" pin="2"/><net_sink comp="2167" pin=0"/></net>

<net id="2173"><net_src comp="2133" pin="2"/><net_sink comp="2167" pin=1"/></net>

<net id="2174"><net_src comp="1974" pin="3"/><net_sink comp="2167" pin=2"/></net>

<net id="2180"><net_src comp="2161" pin="2"/><net_sink comp="2175" pin=0"/></net>

<net id="2181"><net_src comp="2128" pin="2"/><net_sink comp="2175" pin=1"/></net>

<net id="2187"><net_src comp="2161" pin="2"/><net_sink comp="2182" pin=0"/></net>

<net id="2188"><net_src comp="2077" pin="2"/><net_sink comp="2182" pin=1"/></net>

<net id="2189"><net_src comp="1980" pin="3"/><net_sink comp="2182" pin=2"/></net>

<net id="2195"><net_src comp="2161" pin="2"/><net_sink comp="2190" pin=0"/></net>

<net id="2196"><net_src comp="2139" pin="4"/><net_sink comp="2190" pin=1"/></net>

<net id="2197"><net_src comp="1987" pin="3"/><net_sink comp="2190" pin=2"/></net>

<net id="2204"><net_src comp="208" pin="0"/><net_sink comp="2198" pin=0"/></net>

<net id="2205"><net_src comp="2190" pin="3"/><net_sink comp="2198" pin=1"/></net>

<net id="2206"><net_src comp="70" pin="0"/><net_sink comp="2198" pin=2"/></net>

<net id="2207"><net_src comp="76" pin="0"/><net_sink comp="2198" pin=3"/></net>

<net id="2214"><net_src comp="208" pin="0"/><net_sink comp="2208" pin=0"/></net>

<net id="2215"><net_src comp="2190" pin="3"/><net_sink comp="2208" pin=1"/></net>

<net id="2216"><net_src comp="140" pin="0"/><net_sink comp="2208" pin=2"/></net>

<net id="2217"><net_src comp="6" pin="0"/><net_sink comp="2208" pin=3"/></net>

<net id="2223"><net_src comp="210" pin="0"/><net_sink comp="2218" pin=0"/></net>

<net id="2224"><net_src comp="2208" pin="4"/><net_sink comp="2218" pin=2"/></net>

<net id="2230"><net_src comp="212" pin="0"/><net_sink comp="2225" pin=0"/></net>

<net id="2231"><net_src comp="2198" pin="4"/><net_sink comp="2225" pin=1"/></net>

<net id="2232"><net_src comp="164" pin="0"/><net_sink comp="2225" pin=2"/></net>

<net id="2240"><net_src comp="2167" pin="3"/><net_sink comp="2236" pin=0"/></net>

<net id="2241"><net_src comp="2233" pin="1"/><net_sink comp="2236" pin=1"/></net>

<net id="2246"><net_src comp="2167" pin="3"/><net_sink comp="2242" pin=0"/></net>

<net id="2247"><net_src comp="2233" pin="1"/><net_sink comp="2242" pin=1"/></net>

<net id="2252"><net_src comp="2175" pin="3"/><net_sink comp="2248" pin=0"/></net>

<net id="2253"><net_src comp="2218" pin="3"/><net_sink comp="2248" pin=1"/></net>

<net id="2258"><net_src comp="2175" pin="3"/><net_sink comp="2254" pin=0"/></net>

<net id="2259"><net_src comp="2218" pin="3"/><net_sink comp="2254" pin=1"/></net>

<net id="2264"><net_src comp="2182" pin="3"/><net_sink comp="2260" pin=0"/></net>

<net id="2265"><net_src comp="2225" pin="3"/><net_sink comp="2260" pin=1"/></net>

<net id="2270"><net_src comp="2260" pin="2"/><net_sink comp="2266" pin=0"/></net>

<net id="2271"><net_src comp="32" pin="0"/><net_sink comp="2266" pin=1"/></net>

<net id="2276"><net_src comp="2254" pin="2"/><net_sink comp="2272" pin=0"/></net>

<net id="2277"><net_src comp="2266" pin="2"/><net_sink comp="2272" pin=1"/></net>

<net id="2282"><net_src comp="2182" pin="3"/><net_sink comp="2278" pin=0"/></net>

<net id="2283"><net_src comp="2225" pin="3"/><net_sink comp="2278" pin=1"/></net>

<net id="2288"><net_src comp="2182" pin="3"/><net_sink comp="2284" pin=0"/></net>

<net id="2289"><net_src comp="2225" pin="3"/><net_sink comp="2284" pin=1"/></net>

<net id="2294"><net_src comp="2175" pin="3"/><net_sink comp="2290" pin=0"/></net>

<net id="2295"><net_src comp="2218" pin="3"/><net_sink comp="2290" pin=1"/></net>

<net id="2300"><net_src comp="2254" pin="2"/><net_sink comp="2296" pin=0"/></net>

<net id="2301"><net_src comp="2278" pin="2"/><net_sink comp="2296" pin=1"/></net>

<net id="2306"><net_src comp="2290" pin="2"/><net_sink comp="2302" pin=0"/></net>

<net id="2307"><net_src comp="2296" pin="2"/><net_sink comp="2302" pin=1"/></net>

<net id="2312"><net_src comp="2167" pin="3"/><net_sink comp="2308" pin=0"/></net>

<net id="2313"><net_src comp="124" pin="0"/><net_sink comp="2308" pin=1"/></net>

<net id="2319"><net_src comp="2302" pin="2"/><net_sink comp="2314" pin=0"/></net>

<net id="2320"><net_src comp="2308" pin="2"/><net_sink comp="2314" pin=1"/></net>

<net id="2321"><net_src comp="2167" pin="3"/><net_sink comp="2314" pin=2"/></net>

<net id="2327"><net_src comp="2278" pin="2"/><net_sink comp="2322" pin=0"/></net>

<net id="2328"><net_src comp="194" pin="0"/><net_sink comp="2322" pin=1"/></net>

<net id="2329"><net_src comp="130" pin="0"/><net_sink comp="2322" pin=2"/></net>

<net id="2334"><net_src comp="2322" pin="3"/><net_sink comp="2330" pin=0"/></net>

<net id="2335"><net_src comp="2218" pin="3"/><net_sink comp="2330" pin=1"/></net>

<net id="2340"><net_src comp="2330" pin="2"/><net_sink comp="2336" pin=0"/></net>

<net id="2341"><net_src comp="2175" pin="3"/><net_sink comp="2336" pin=1"/></net>

<net id="2346"><net_src comp="2314" pin="3"/><net_sink comp="2342" pin=0"/></net>

<net id="2347"><net_src comp="2233" pin="1"/><net_sink comp="2342" pin=1"/></net>

<net id="2354"><net_src comp="158" pin="0"/><net_sink comp="2348" pin=0"/></net>

<net id="2355"><net_src comp="2190" pin="3"/><net_sink comp="2348" pin=1"/></net>

<net id="2356"><net_src comp="70" pin="0"/><net_sink comp="2348" pin=2"/></net>

<net id="2357"><net_src comp="32" pin="0"/><net_sink comp="2348" pin=3"/></net>

<net id="2362"><net_src comp="2248" pin="2"/><net_sink comp="2358" pin=0"/></net>

<net id="2363"><net_src comp="2272" pin="2"/><net_sink comp="2358" pin=1"/></net>

<net id="2368"><net_src comp="2242" pin="2"/><net_sink comp="2364" pin=0"/></net>

<net id="2369"><net_src comp="2358" pin="2"/><net_sink comp="2364" pin=1"/></net>

<net id="2374"><net_src comp="2364" pin="2"/><net_sink comp="2370" pin=0"/></net>

<net id="2375"><net_src comp="2236" pin="2"/><net_sink comp="2370" pin=1"/></net>

<net id="2381"><net_src comp="2370" pin="2"/><net_sink comp="2376" pin=0"/></net>

<net id="2382"><net_src comp="2342" pin="2"/><net_sink comp="2376" pin=1"/></net>

<net id="2383"><net_src comp="2167" pin="3"/><net_sink comp="2376" pin=2"/></net>

<net id="2389"><net_src comp="2370" pin="2"/><net_sink comp="2384" pin=0"/></net>

<net id="2390"><net_src comp="2336" pin="2"/><net_sink comp="2384" pin=1"/></net>

<net id="2391"><net_src comp="2175" pin="3"/><net_sink comp="2384" pin=2"/></net>

<net id="2397"><net_src comp="2370" pin="2"/><net_sink comp="2392" pin=0"/></net>

<net id="2398"><net_src comp="2284" pin="2"/><net_sink comp="2392" pin=1"/></net>

<net id="2399"><net_src comp="2182" pin="3"/><net_sink comp="2392" pin=2"/></net>

<net id="2405"><net_src comp="2370" pin="2"/><net_sink comp="2400" pin=0"/></net>

<net id="2406"><net_src comp="2348" pin="4"/><net_sink comp="2400" pin=1"/></net>

<net id="2407"><net_src comp="2190" pin="3"/><net_sink comp="2400" pin=2"/></net>

<net id="2414"><net_src comp="190" pin="0"/><net_sink comp="2408" pin=0"/></net>

<net id="2415"><net_src comp="2400" pin="3"/><net_sink comp="2408" pin=1"/></net>

<net id="2416"><net_src comp="82" pin="0"/><net_sink comp="2408" pin=2"/></net>

<net id="2417"><net_src comp="140" pin="0"/><net_sink comp="2408" pin=3"/></net>

<net id="2424"><net_src comp="214" pin="0"/><net_sink comp="2418" pin=0"/></net>

<net id="2425"><net_src comp="2400" pin="3"/><net_sink comp="2418" pin=1"/></net>

<net id="2426"><net_src comp="64" pin="0"/><net_sink comp="2418" pin=2"/></net>

<net id="2427"><net_src comp="6" pin="0"/><net_sink comp="2418" pin=3"/></net>

<net id="2433"><net_src comp="216" pin="0"/><net_sink comp="2428" pin=0"/></net>

<net id="2434"><net_src comp="2418" pin="4"/><net_sink comp="2428" pin=2"/></net>

<net id="2440"><net_src comp="192" pin="0"/><net_sink comp="2435" pin=0"/></net>

<net id="2441"><net_src comp="2408" pin="4"/><net_sink comp="2435" pin=1"/></net>

<net id="2442"><net_src comp="170" pin="0"/><net_sink comp="2435" pin=2"/></net>

<net id="2447"><net_src comp="2376" pin="3"/><net_sink comp="2443" pin=0"/></net>

<net id="2448"><net_src comp="218" pin="0"/><net_sink comp="2443" pin=1"/></net>

<net id="2453"><net_src comp="2384" pin="3"/><net_sink comp="2449" pin=0"/></net>

<net id="2454"><net_src comp="2428" pin="3"/><net_sink comp="2449" pin=1"/></net>

<net id="2459"><net_src comp="2384" pin="3"/><net_sink comp="2455" pin=0"/></net>

<net id="2460"><net_src comp="2428" pin="3"/><net_sink comp="2455" pin=1"/></net>

<net id="2465"><net_src comp="2392" pin="3"/><net_sink comp="2461" pin=0"/></net>

<net id="2466"><net_src comp="2435" pin="3"/><net_sink comp="2461" pin=1"/></net>

<net id="2471"><net_src comp="2461" pin="2"/><net_sink comp="2467" pin=0"/></net>

<net id="2472"><net_src comp="32" pin="0"/><net_sink comp="2467" pin=1"/></net>

<net id="2477"><net_src comp="2455" pin="2"/><net_sink comp="2473" pin=0"/></net>

<net id="2478"><net_src comp="2467" pin="2"/><net_sink comp="2473" pin=1"/></net>

<net id="2483"><net_src comp="2392" pin="3"/><net_sink comp="2479" pin=0"/></net>

<net id="2484"><net_src comp="2435" pin="3"/><net_sink comp="2479" pin=1"/></net>

<net id="2489"><net_src comp="2392" pin="3"/><net_sink comp="2485" pin=0"/></net>

<net id="2490"><net_src comp="2435" pin="3"/><net_sink comp="2485" pin=1"/></net>

<net id="2495"><net_src comp="2384" pin="3"/><net_sink comp="2491" pin=0"/></net>

<net id="2496"><net_src comp="2428" pin="3"/><net_sink comp="2491" pin=1"/></net>

<net id="2501"><net_src comp="2455" pin="2"/><net_sink comp="2497" pin=0"/></net>

<net id="2502"><net_src comp="2479" pin="2"/><net_sink comp="2497" pin=1"/></net>

<net id="2507"><net_src comp="2491" pin="2"/><net_sink comp="2503" pin=0"/></net>

<net id="2508"><net_src comp="2497" pin="2"/><net_sink comp="2503" pin=1"/></net>

<net id="2513"><net_src comp="2376" pin="3"/><net_sink comp="2509" pin=0"/></net>

<net id="2514"><net_src comp="124" pin="0"/><net_sink comp="2509" pin=1"/></net>

<net id="2520"><net_src comp="2503" pin="2"/><net_sink comp="2515" pin=0"/></net>

<net id="2521"><net_src comp="2509" pin="2"/><net_sink comp="2515" pin=1"/></net>

<net id="2522"><net_src comp="2376" pin="3"/><net_sink comp="2515" pin=2"/></net>

<net id="2528"><net_src comp="2479" pin="2"/><net_sink comp="2523" pin=0"/></net>

<net id="2529"><net_src comp="194" pin="0"/><net_sink comp="2523" pin=1"/></net>

<net id="2530"><net_src comp="130" pin="0"/><net_sink comp="2523" pin=2"/></net>

<net id="2535"><net_src comp="2523" pin="3"/><net_sink comp="2531" pin=0"/></net>

<net id="2536"><net_src comp="2428" pin="3"/><net_sink comp="2531" pin=1"/></net>

<net id="2541"><net_src comp="2531" pin="2"/><net_sink comp="2537" pin=0"/></net>

<net id="2542"><net_src comp="2384" pin="3"/><net_sink comp="2537" pin=1"/></net>

<net id="2547"><net_src comp="2449" pin="2"/><net_sink comp="2543" pin=0"/></net>

<net id="2548"><net_src comp="2473" pin="2"/><net_sink comp="2543" pin=1"/></net>

<net id="2553"><net_src comp="2543" pin="2"/><net_sink comp="2549" pin=0"/></net>

<net id="2554"><net_src comp="2443" pin="2"/><net_sink comp="2549" pin=1"/></net>

<net id="2560"><net_src comp="2549" pin="2"/><net_sink comp="2555" pin=0"/></net>

<net id="2561"><net_src comp="2515" pin="3"/><net_sink comp="2555" pin=1"/></net>

<net id="2562"><net_src comp="218" pin="0"/><net_sink comp="2555" pin=2"/></net>

<net id="2568"><net_src comp="2549" pin="2"/><net_sink comp="2563" pin=0"/></net>

<net id="2569"><net_src comp="2537" pin="2"/><net_sink comp="2563" pin=1"/></net>

<net id="2570"><net_src comp="2384" pin="3"/><net_sink comp="2563" pin=2"/></net>

<net id="2576"><net_src comp="2549" pin="2"/><net_sink comp="2571" pin=0"/></net>

<net id="2577"><net_src comp="2485" pin="2"/><net_sink comp="2571" pin=1"/></net>

<net id="2578"><net_src comp="2392" pin="3"/><net_sink comp="2571" pin=2"/></net>

<net id="2584"><net_src comp="226" pin="0"/><net_sink comp="2579" pin=0"/></net>

<net id="2585"><net_src comp="8" pin="0"/><net_sink comp="2579" pin=2"/></net>

<net id="2592"><net_src comp="158" pin="0"/><net_sink comp="2586" pin=0"/></net>

<net id="2593"><net_src comp="82" pin="0"/><net_sink comp="2586" pin=2"/></net>

<net id="2594"><net_src comp="32" pin="0"/><net_sink comp="2586" pin=3"/></net>

<net id="2600"><net_src comp="2586" pin="4"/><net_sink comp="2595" pin=1"/></net>

<net id="2607"><net_src comp="228" pin="0"/><net_sink comp="2601" pin=0"/></net>

<net id="2608"><net_src comp="2595" pin="3"/><net_sink comp="2601" pin=1"/></net>

<net id="2609"><net_src comp="92" pin="0"/><net_sink comp="2601" pin=2"/></net>

<net id="2610"><net_src comp="64" pin="0"/><net_sink comp="2601" pin=3"/></net>

<net id="2617"><net_src comp="200" pin="0"/><net_sink comp="2611" pin=0"/></net>

<net id="2618"><net_src comp="2595" pin="3"/><net_sink comp="2611" pin=1"/></net>

<net id="2619"><net_src comp="98" pin="0"/><net_sink comp="2611" pin=2"/></net>

<net id="2620"><net_src comp="6" pin="0"/><net_sink comp="2611" pin=3"/></net>

<net id="2626"><net_src comp="230" pin="0"/><net_sink comp="2621" pin=0"/></net>

<net id="2627"><net_src comp="2611" pin="4"/><net_sink comp="2621" pin=2"/></net>

<net id="2631"><net_src comp="2621" pin="3"/><net_sink comp="2628" pin=0"/></net>

<net id="2637"><net_src comp="210" pin="0"/><net_sink comp="2632" pin=0"/></net>

<net id="2638"><net_src comp="2601" pin="4"/><net_sink comp="2632" pin=1"/></net>

<net id="2639"><net_src comp="176" pin="0"/><net_sink comp="2632" pin=2"/></net>

<net id="2644"><net_src comp="218" pin="0"/><net_sink comp="2640" pin=1"/></net>

<net id="2649"><net_src comp="2628" pin="1"/><net_sink comp="2645" pin=1"/></net>

<net id="2654"><net_src comp="2628" pin="1"/><net_sink comp="2650" pin=1"/></net>

<net id="2659"><net_src comp="2632" pin="3"/><net_sink comp="2655" pin=1"/></net>

<net id="2664"><net_src comp="2655" pin="2"/><net_sink comp="2660" pin=0"/></net>

<net id="2665"><net_src comp="32" pin="0"/><net_sink comp="2660" pin=1"/></net>

<net id="2670"><net_src comp="2650" pin="2"/><net_sink comp="2666" pin=0"/></net>

<net id="2671"><net_src comp="2660" pin="2"/><net_sink comp="2666" pin=1"/></net>

<net id="2676"><net_src comp="2632" pin="3"/><net_sink comp="2672" pin=1"/></net>

<net id="2681"><net_src comp="2632" pin="3"/><net_sink comp="2677" pin=1"/></net>

<net id="2686"><net_src comp="2628" pin="1"/><net_sink comp="2682" pin=1"/></net>

<net id="2691"><net_src comp="2650" pin="2"/><net_sink comp="2687" pin=0"/></net>

<net id="2692"><net_src comp="2672" pin="2"/><net_sink comp="2687" pin=1"/></net>

<net id="2697"><net_src comp="2682" pin="2"/><net_sink comp="2693" pin=0"/></net>

<net id="2698"><net_src comp="2687" pin="2"/><net_sink comp="2693" pin=1"/></net>

<net id="2703"><net_src comp="124" pin="0"/><net_sink comp="2699" pin=1"/></net>

<net id="2709"><net_src comp="2693" pin="2"/><net_sink comp="2704" pin=0"/></net>

<net id="2710"><net_src comp="2699" pin="2"/><net_sink comp="2704" pin=1"/></net>

<net id="2716"><net_src comp="2672" pin="2"/><net_sink comp="2711" pin=0"/></net>

<net id="2717"><net_src comp="194" pin="0"/><net_sink comp="2711" pin=1"/></net>

<net id="2718"><net_src comp="130" pin="0"/><net_sink comp="2711" pin=2"/></net>

<net id="2723"><net_src comp="2711" pin="3"/><net_sink comp="2719" pin=0"/></net>

<net id="2724"><net_src comp="2628" pin="1"/><net_sink comp="2719" pin=1"/></net>

<net id="2729"><net_src comp="2719" pin="2"/><net_sink comp="2725" pin=0"/></net>

<net id="2736"><net_src comp="158" pin="0"/><net_sink comp="2730" pin=0"/></net>

<net id="2737"><net_src comp="2595" pin="3"/><net_sink comp="2730" pin=1"/></net>

<net id="2738"><net_src comp="92" pin="0"/><net_sink comp="2730" pin=2"/></net>

<net id="2739"><net_src comp="32" pin="0"/><net_sink comp="2730" pin=3"/></net>

<net id="2744"><net_src comp="2645" pin="2"/><net_sink comp="2740" pin=0"/></net>

<net id="2745"><net_src comp="2666" pin="2"/><net_sink comp="2740" pin=1"/></net>

<net id="2750"><net_src comp="2740" pin="2"/><net_sink comp="2746" pin=0"/></net>

<net id="2751"><net_src comp="2640" pin="2"/><net_sink comp="2746" pin=1"/></net>

<net id="2757"><net_src comp="2746" pin="2"/><net_sink comp="2752" pin=0"/></net>

<net id="2758"><net_src comp="2704" pin="3"/><net_sink comp="2752" pin=1"/></net>

<net id="2759"><net_src comp="218" pin="0"/><net_sink comp="2752" pin=2"/></net>

<net id="2765"><net_src comp="2746" pin="2"/><net_sink comp="2760" pin=0"/></net>

<net id="2766"><net_src comp="2725" pin="2"/><net_sink comp="2760" pin=1"/></net>

<net id="2772"><net_src comp="2746" pin="2"/><net_sink comp="2767" pin=0"/></net>

<net id="2773"><net_src comp="2677" pin="2"/><net_sink comp="2767" pin=1"/></net>

<net id="2779"><net_src comp="2746" pin="2"/><net_sink comp="2774" pin=0"/></net>

<net id="2780"><net_src comp="2730" pin="4"/><net_sink comp="2774" pin=1"/></net>

<net id="2781"><net_src comp="2595" pin="3"/><net_sink comp="2774" pin=2"/></net>

<net id="2788"><net_src comp="232" pin="0"/><net_sink comp="2782" pin=0"/></net>

<net id="2789"><net_src comp="2774" pin="3"/><net_sink comp="2782" pin=1"/></net>

<net id="2790"><net_src comp="110" pin="0"/><net_sink comp="2782" pin=2"/></net>

<net id="2791"><net_src comp="98" pin="0"/><net_sink comp="2782" pin=3"/></net>

<net id="2798"><net_src comp="234" pin="0"/><net_sink comp="2792" pin=0"/></net>

<net id="2799"><net_src comp="2774" pin="3"/><net_sink comp="2792" pin=1"/></net>

<net id="2800"><net_src comp="52" pin="0"/><net_sink comp="2792" pin=2"/></net>

<net id="2801"><net_src comp="6" pin="0"/><net_sink comp="2792" pin=3"/></net>

<net id="2807"><net_src comp="236" pin="0"/><net_sink comp="2802" pin=0"/></net>

<net id="2808"><net_src comp="2792" pin="4"/><net_sink comp="2802" pin=2"/></net>

<net id="2812"><net_src comp="2802" pin="3"/><net_sink comp="2809" pin=0"/></net>

<net id="2816"><net_src comp="2802" pin="3"/><net_sink comp="2813" pin=0"/></net>

<net id="2822"><net_src comp="238" pin="0"/><net_sink comp="2817" pin=0"/></net>

<net id="2823"><net_src comp="2782" pin="4"/><net_sink comp="2817" pin=1"/></net>

<net id="2824"><net_src comp="182" pin="0"/><net_sink comp="2817" pin=2"/></net>

<net id="2829"><net_src comp="2752" pin="3"/><net_sink comp="2825" pin=0"/></net>

<net id="2830"><net_src comp="218" pin="0"/><net_sink comp="2825" pin=1"/></net>

<net id="2835"><net_src comp="2760" pin="3"/><net_sink comp="2831" pin=0"/></net>

<net id="2836"><net_src comp="2809" pin="1"/><net_sink comp="2831" pin=1"/></net>

<net id="2841"><net_src comp="2760" pin="3"/><net_sink comp="2837" pin=0"/></net>

<net id="2842"><net_src comp="2809" pin="1"/><net_sink comp="2837" pin=1"/></net>

<net id="2847"><net_src comp="2767" pin="3"/><net_sink comp="2843" pin=0"/></net>

<net id="2848"><net_src comp="2817" pin="3"/><net_sink comp="2843" pin=1"/></net>

<net id="2853"><net_src comp="2843" pin="2"/><net_sink comp="2849" pin=0"/></net>

<net id="2854"><net_src comp="32" pin="0"/><net_sink comp="2849" pin=1"/></net>

<net id="2859"><net_src comp="2837" pin="2"/><net_sink comp="2855" pin=0"/></net>

<net id="2860"><net_src comp="2849" pin="2"/><net_sink comp="2855" pin=1"/></net>

<net id="2865"><net_src comp="2767" pin="3"/><net_sink comp="2861" pin=0"/></net>

<net id="2866"><net_src comp="2817" pin="3"/><net_sink comp="2861" pin=1"/></net>

<net id="2871"><net_src comp="2767" pin="3"/><net_sink comp="2867" pin=0"/></net>

<net id="2872"><net_src comp="2817" pin="3"/><net_sink comp="2867" pin=1"/></net>

<net id="2877"><net_src comp="2760" pin="3"/><net_sink comp="2873" pin=0"/></net>

<net id="2878"><net_src comp="2809" pin="1"/><net_sink comp="2873" pin=1"/></net>

<net id="2883"><net_src comp="2837" pin="2"/><net_sink comp="2879" pin=0"/></net>

<net id="2884"><net_src comp="2861" pin="2"/><net_sink comp="2879" pin=1"/></net>

<net id="2889"><net_src comp="2873" pin="2"/><net_sink comp="2885" pin=0"/></net>

<net id="2890"><net_src comp="2879" pin="2"/><net_sink comp="2885" pin=1"/></net>

<net id="2895"><net_src comp="2752" pin="3"/><net_sink comp="2891" pin=0"/></net>

<net id="2896"><net_src comp="124" pin="0"/><net_sink comp="2891" pin=1"/></net>

<net id="2902"><net_src comp="2885" pin="2"/><net_sink comp="2897" pin=0"/></net>

<net id="2903"><net_src comp="2891" pin="2"/><net_sink comp="2897" pin=1"/></net>

<net id="2904"><net_src comp="2752" pin="3"/><net_sink comp="2897" pin=2"/></net>

<net id="2910"><net_src comp="2861" pin="2"/><net_sink comp="2905" pin=0"/></net>

<net id="2911"><net_src comp="240" pin="0"/><net_sink comp="2905" pin=1"/></net>

<net id="2912"><net_src comp="242" pin="0"/><net_sink comp="2905" pin=2"/></net>

<net id="2917"><net_src comp="2905" pin="3"/><net_sink comp="2913" pin=0"/></net>

<net id="2918"><net_src comp="2813" pin="1"/><net_sink comp="2913" pin=1"/></net>

<net id="2922"><net_src comp="2913" pin="2"/><net_sink comp="2919" pin=0"/></net>

<net id="2927"><net_src comp="2919" pin="1"/><net_sink comp="2923" pin=0"/></net>

<net id="2928"><net_src comp="2760" pin="3"/><net_sink comp="2923" pin=1"/></net>

<net id="2935"><net_src comp="158" pin="0"/><net_sink comp="2929" pin=0"/></net>

<net id="2936"><net_src comp="2774" pin="3"/><net_sink comp="2929" pin=1"/></net>

<net id="2937"><net_src comp="110" pin="0"/><net_sink comp="2929" pin=2"/></net>

<net id="2938"><net_src comp="32" pin="0"/><net_sink comp="2929" pin=3"/></net>

<net id="2943"><net_src comp="2831" pin="2"/><net_sink comp="2939" pin=0"/></net>

<net id="2944"><net_src comp="2855" pin="2"/><net_sink comp="2939" pin=1"/></net>

<net id="2949"><net_src comp="2939" pin="2"/><net_sink comp="2945" pin=0"/></net>

<net id="2950"><net_src comp="2825" pin="2"/><net_sink comp="2945" pin=1"/></net>

<net id="2956"><net_src comp="2945" pin="2"/><net_sink comp="2951" pin=0"/></net>

<net id="2957"><net_src comp="2923" pin="2"/><net_sink comp="2951" pin=1"/></net>

<net id="2958"><net_src comp="2760" pin="3"/><net_sink comp="2951" pin=2"/></net>

<net id="2964"><net_src comp="2945" pin="2"/><net_sink comp="2959" pin=0"/></net>

<net id="2965"><net_src comp="2867" pin="2"/><net_sink comp="2959" pin=1"/></net>

<net id="2966"><net_src comp="2767" pin="3"/><net_sink comp="2959" pin=2"/></net>

<net id="2972"><net_src comp="2945" pin="2"/><net_sink comp="2967" pin=0"/></net>

<net id="2973"><net_src comp="2929" pin="4"/><net_sink comp="2967" pin=1"/></net>

<net id="2974"><net_src comp="2774" pin="3"/><net_sink comp="2967" pin=2"/></net>

<net id="2978"><net_src comp="2967" pin="3"/><net_sink comp="2975" pin=0"/></net>

<net id="2984"><net_src comp="100" pin="0"/><net_sink comp="2979" pin=0"/></net>

<net id="2985"><net_src comp="2975" pin="1"/><net_sink comp="2979" pin=1"/></net>

<net id="2986"><net_src comp="32" pin="0"/><net_sink comp="2979" pin=2"/></net>

<net id="2992"><net_src comp="188" pin="0"/><net_sink comp="2987" pin=0"/></net>

<net id="2993"><net_src comp="2967" pin="3"/><net_sink comp="2987" pin=1"/></net>

<net id="2994"><net_src comp="6" pin="0"/><net_sink comp="2987" pin=2"/></net>

<net id="3000"><net_src comp="118" pin="0"/><net_sink comp="2995" pin=0"/></net>

<net id="3001"><net_src comp="2987" pin="3"/><net_sink comp="2995" pin=2"/></net>

<net id="3005"><net_src comp="2995" pin="3"/><net_sink comp="3002" pin=0"/></net>

<net id="3010"><net_src comp="2897" pin="3"/><net_sink comp="3006" pin=0"/></net>

<net id="3011"><net_src comp="218" pin="0"/><net_sink comp="3006" pin=1"/></net>

<net id="3016"><net_src comp="2945" pin="2"/><net_sink comp="3012" pin=0"/></net>

<net id="3017"><net_src comp="3006" pin="2"/><net_sink comp="3012" pin=1"/></net>

<net id="3022"><net_src comp="2951" pin="3"/><net_sink comp="3018" pin=0"/></net>

<net id="3023"><net_src comp="3002" pin="1"/><net_sink comp="3018" pin=1"/></net>

<net id="3028"><net_src comp="2951" pin="3"/><net_sink comp="3024" pin=0"/></net>

<net id="3029"><net_src comp="3002" pin="1"/><net_sink comp="3024" pin=1"/></net>

<net id="3034"><net_src comp="2959" pin="3"/><net_sink comp="3030" pin=0"/></net>

<net id="3035"><net_src comp="2979" pin="3"/><net_sink comp="3030" pin=1"/></net>

<net id="3040"><net_src comp="3030" pin="2"/><net_sink comp="3036" pin=0"/></net>

<net id="3041"><net_src comp="32" pin="0"/><net_sink comp="3036" pin=1"/></net>

<net id="3046"><net_src comp="3024" pin="2"/><net_sink comp="3042" pin=0"/></net>

<net id="3047"><net_src comp="3036" pin="2"/><net_sink comp="3042" pin=1"/></net>

<net id="3054"><net_src comp="158" pin="0"/><net_sink comp="3048" pin=0"/></net>

<net id="3055"><net_src comp="2967" pin="3"/><net_sink comp="3048" pin=1"/></net>

<net id="3056"><net_src comp="122" pin="0"/><net_sink comp="3048" pin=2"/></net>

<net id="3057"><net_src comp="32" pin="0"/><net_sink comp="3048" pin=3"/></net>

<net id="3062"><net_src comp="3018" pin="2"/><net_sink comp="3058" pin=0"/></net>

<net id="3063"><net_src comp="3042" pin="2"/><net_sink comp="3058" pin=1"/></net>

<net id="3068"><net_src comp="3058" pin="2"/><net_sink comp="3064" pin=0"/></net>

<net id="3069"><net_src comp="3012" pin="2"/><net_sink comp="3064" pin=1"/></net>

<net id="3075"><net_src comp="3064" pin="2"/><net_sink comp="3070" pin=0"/></net>

<net id="3076"><net_src comp="3048" pin="4"/><net_sink comp="3070" pin=1"/></net>

<net id="3077"><net_src comp="2967" pin="3"/><net_sink comp="3070" pin=2"/></net>

<net id="3081"><net_src comp="3070" pin="3"/><net_sink comp="3078" pin=0"/></net>

<net id="3086"><net_src comp="3078" pin="1"/><net_sink comp="3082" pin=0"/></net>

<net id="3087"><net_src comp="244" pin="0"/><net_sink comp="3082" pin=1"/></net>

<net id="3093"><net_src comp="246" pin="0"/><net_sink comp="3088" pin=0"/></net>

<net id="3094"><net_src comp="3082" pin="2"/><net_sink comp="3088" pin=1"/></net>

<net id="3095"><net_src comp="36" pin="0"/><net_sink comp="3088" pin=2"/></net>

<net id="3100"><net_src comp="248" pin="0"/><net_sink comp="3096" pin=1"/></net>

<net id="3106"><net_src comp="3088" pin="3"/><net_sink comp="3101" pin=0"/></net>

<net id="3107"><net_src comp="3096" pin="2"/><net_sink comp="3101" pin=1"/></net>

<net id="3114"><net_src comp="250" pin="0"/><net_sink comp="3108" pin=0"/></net>

<net id="3115"><net_src comp="3082" pin="2"/><net_sink comp="3108" pin=1"/></net>

<net id="3116"><net_src comp="110" pin="0"/><net_sink comp="3108" pin=2"/></net>

<net id="3117"><net_src comp="6" pin="0"/><net_sink comp="3108" pin=3"/></net>

<net id="3123"><net_src comp="252" pin="0"/><net_sink comp="3118" pin=0"/></net>

<net id="3124"><net_src comp="3101" pin="3"/><net_sink comp="3118" pin=1"/></net>

<net id="3125"><net_src comp="3108" pin="4"/><net_sink comp="3118" pin=2"/></net>

<net id="3131"><net_src comp="2579" pin="3"/><net_sink comp="3126" pin=0"/></net>

<net id="3132"><net_src comp="254" pin="0"/><net_sink comp="3126" pin=1"/></net>

<net id="3133"><net_src comp="3118" pin="3"/><net_sink comp="3126" pin=2"/></net>

<net id="3137"><net_src comp="256" pin="2"/><net_sink comp="3134" pin=0"/></net>

<net id="3138"><net_src comp="3134" pin="1"/><net_sink comp="2579" pin=1"/></net>

<net id="3142"><net_src comp="276" pin="1"/><net_sink comp="3139" pin=0"/></net>

<net id="3143"><net_src comp="3139" pin="1"/><net_sink comp="738" pin=1"/></net>

<net id="3147"><net_src comp="696" pin="3"/><net_sink comp="3144" pin=0"/></net>

<net id="3148"><net_src comp="3144" pin="1"/><net_sink comp="766" pin=1"/></net>

<net id="3149"><net_src comp="3144" pin="1"/><net_sink comp="784" pin=1"/></net>

<net id="3153"><net_src comp="704" pin="3"/><net_sink comp="3150" pin=0"/></net>

<net id="3154"><net_src comp="3150" pin="1"/><net_sink comp="775" pin=1"/></net>

<net id="3155"><net_src comp="3150" pin="1"/><net_sink comp="791" pin=1"/></net>

<net id="3159"><net_src comp="712" pin="3"/><net_sink comp="3156" pin=0"/></net>

<net id="3160"><net_src comp="3156" pin="1"/><net_sink comp="745" pin=1"/></net>

<net id="3164"><net_src comp="720" pin="3"/><net_sink comp="3161" pin=0"/></net>

<net id="3165"><net_src comp="3161" pin="1"/><net_sink comp="756" pin=0"/></net>

<net id="3166"><net_src comp="3161" pin="1"/><net_sink comp="761" pin=0"/></net>

<net id="3170"><net_src comp="728" pin="4"/><net_sink comp="3167" pin=0"/></net>

<net id="3171"><net_src comp="3167" pin="1"/><net_sink comp="954" pin=0"/></net>

<net id="3172"><net_src comp="3167" pin="1"/><net_sink comp="965" pin=0"/></net>

<net id="3176"><net_src comp="930" pin="3"/><net_sink comp="3173" pin=0"/></net>

<net id="3177"><net_src comp="3173" pin="1"/><net_sink comp="2428" pin=1"/></net>

<net id="3178"><net_src comp="3173" pin="1"/><net_sink comp="2621" pin=1"/></net>

<net id="3179"><net_src comp="3173" pin="1"/><net_sink comp="2802" pin=1"/></net>

<net id="3180"><net_src comp="3173" pin="1"/><net_sink comp="2995" pin=1"/></net>

<net id="3181"><net_src comp="3173" pin="1"/><net_sink comp="3096" pin=0"/></net>

<net id="3182"><net_src comp="3173" pin="1"/><net_sink comp="3101" pin=2"/></net>

<net id="3186"><net_src comp="1002" pin="3"/><net_sink comp="3183" pin=0"/></net>

<net id="3187"><net_src comp="3183" pin="1"/><net_sink comp="1234" pin=2"/></net>

<net id="3188"><net_src comp="3183" pin="1"/><net_sink comp="1253" pin=2"/></net>

<net id="3192"><net_src comp="1018" pin="3"/><net_sink comp="3189" pin=0"/></net>

<net id="3193"><net_src comp="3189" pin="1"/><net_sink comp="1244" pin=1"/></net>

<net id="3194"><net_src comp="3189" pin="1"/><net_sink comp="1259" pin=2"/></net>

<net id="3198"><net_src comp="1058" pin="1"/><net_sink comp="3195" pin=0"/></net>

<net id="3199"><net_src comp="3195" pin="1"/><net_sink comp="1239" pin=1"/></net>

<net id="3203"><net_src comp="1092" pin="2"/><net_sink comp="3200" pin=0"/></net>

<net id="3204"><net_src comp="3200" pin="1"/><net_sink comp="1234" pin=0"/></net>

<net id="3208"><net_src comp="1098" pin="2"/><net_sink comp="3205" pin=0"/></net>

<net id="3209"><net_src comp="3205" pin="1"/><net_sink comp="1234" pin=1"/></net>

<net id="3213"><net_src comp="1110" pin="2"/><net_sink comp="3210" pin=0"/></net>

<net id="3214"><net_src comp="3210" pin="1"/><net_sink comp="1253" pin=0"/></net>

<net id="3215"><net_src comp="3210" pin="1"/><net_sink comp="1259" pin=0"/></net>

<net id="3219"><net_src comp="1116" pin="3"/><net_sink comp="3216" pin=0"/></net>

<net id="3220"><net_src comp="3216" pin="1"/><net_sink comp="1297" pin=0"/></net>

<net id="3221"><net_src comp="3216" pin="1"/><net_sink comp="1314" pin=0"/></net>

<net id="3222"><net_src comp="3216" pin="1"/><net_sink comp="1333" pin=0"/></net>

<net id="3223"><net_src comp="3216" pin="1"/><net_sink comp="1368" pin=2"/></net>

<net id="3227"><net_src comp="1124" pin="1"/><net_sink comp="3224" pin=0"/></net>

<net id="3228"><net_src comp="3224" pin="1"/><net_sink comp="1273" pin=1"/></net>

<net id="3232"><net_src comp="1128" pin="4"/><net_sink comp="3229" pin=0"/></net>

<net id="3233"><net_src comp="3229" pin="1"/><net_sink comp="1282" pin=0"/></net>

<net id="3237"><net_src comp="1138" pin="1"/><net_sink comp="3234" pin=0"/></net>

<net id="3238"><net_src comp="3234" pin="1"/><net_sink comp="1391" pin=1"/></net>

<net id="3242"><net_src comp="1142" pin="4"/><net_sink comp="3239" pin=0"/></net>

<net id="3243"><net_src comp="3239" pin="1"/><net_sink comp="1400" pin=0"/></net>

<net id="3247"><net_src comp="1152" pin="1"/><net_sink comp="3244" pin=0"/></net>

<net id="3248"><net_src comp="3244" pin="1"/><net_sink comp="1513" pin=1"/></net>

<net id="3252"><net_src comp="1156" pin="4"/><net_sink comp="3249" pin=0"/></net>

<net id="3253"><net_src comp="3249" pin="1"/><net_sink comp="1522" pin=0"/></net>

<net id="3257"><net_src comp="1166" pin="1"/><net_sink comp="3254" pin=0"/></net>

<net id="3258"><net_src comp="3254" pin="1"/><net_sink comp="1626" pin=1"/></net>

<net id="3262"><net_src comp="1170" pin="4"/><net_sink comp="3259" pin=0"/></net>

<net id="3263"><net_src comp="3259" pin="1"/><net_sink comp="1635" pin=0"/></net>

<net id="3267"><net_src comp="1180" pin="1"/><net_sink comp="3264" pin=0"/></net>

<net id="3268"><net_src comp="3264" pin="1"/><net_sink comp="1744" pin=1"/></net>

<net id="3272"><net_src comp="1184" pin="4"/><net_sink comp="3269" pin=0"/></net>

<net id="3273"><net_src comp="3269" pin="1"/><net_sink comp="1753" pin=0"/></net>

<net id="3277"><net_src comp="1194" pin="1"/><net_sink comp="3274" pin=0"/></net>

<net id="3278"><net_src comp="3274" pin="1"/><net_sink comp="1876" pin=1"/></net>

<net id="3282"><net_src comp="1198" pin="4"/><net_sink comp="3279" pin=0"/></net>

<net id="3283"><net_src comp="3279" pin="1"/><net_sink comp="1883" pin=0"/></net>

<net id="3287"><net_src comp="1208" pin="1"/><net_sink comp="3284" pin=0"/></net>

<net id="3288"><net_src comp="3284" pin="1"/><net_sink comp="2013" pin=1"/></net>

<net id="3292"><net_src comp="1212" pin="4"/><net_sink comp="3289" pin=0"/></net>

<net id="3293"><net_src comp="3289" pin="1"/><net_sink comp="2028" pin=0"/></net>

<net id="3297"><net_src comp="1222" pin="1"/><net_sink comp="3294" pin=0"/></net>

<net id="3298"><net_src comp="3294" pin="1"/><net_sink comp="2218" pin=1"/></net>

<net id="3302"><net_src comp="1226" pin="3"/><net_sink comp="3299" pin=0"/></net>

<net id="3303"><net_src comp="3299" pin="1"/><net_sink comp="2233" pin=0"/></net>

<net id="3307"><net_src comp="1481" pin="3"/><net_sink comp="3304" pin=0"/></net>

<net id="3308"><net_src comp="3304" pin="1"/><net_sink comp="1587" pin=2"/></net>

<net id="3309"><net_src comp="3304" pin="1"/><net_sink comp="1606" pin=2"/></net>

<net id="3313"><net_src comp="1497" pin="3"/><net_sink comp="3310" pin=0"/></net>

<net id="3314"><net_src comp="3310" pin="1"/><net_sink comp="1597" pin=1"/></net>

<net id="3315"><net_src comp="3310" pin="1"/><net_sink comp="1612" pin=2"/></net>

<net id="3319"><net_src comp="1522" pin="1"/><net_sink comp="3316" pin=0"/></net>

<net id="3320"><net_src comp="3316" pin="1"/><net_sink comp="1592" pin=1"/></net>

<net id="3324"><net_src comp="1555" pin="2"/><net_sink comp="3321" pin=0"/></net>

<net id="3325"><net_src comp="3321" pin="1"/><net_sink comp="1587" pin=0"/></net>

<net id="3329"><net_src comp="1561" pin="2"/><net_sink comp="3326" pin=0"/></net>

<net id="3330"><net_src comp="3326" pin="1"/><net_sink comp="1587" pin=1"/></net>

<net id="3334"><net_src comp="1573" pin="2"/><net_sink comp="3331" pin=0"/></net>

<net id="3335"><net_src comp="3331" pin="1"/><net_sink comp="1606" pin=0"/></net>

<net id="3336"><net_src comp="3331" pin="1"/><net_sink comp="1612" pin=0"/></net>

<net id="3340"><net_src comp="1579" pin="3"/><net_sink comp="3337" pin=0"/></net>

<net id="3341"><net_src comp="3337" pin="1"/><net_sink comp="1650" pin=0"/></net>

<net id="3342"><net_src comp="3337" pin="1"/><net_sink comp="1667" pin=0"/></net>

<net id="3343"><net_src comp="3337" pin="1"/><net_sink comp="1686" pin=0"/></net>

<net id="3344"><net_src comp="3337" pin="1"/><net_sink comp="1721" pin=2"/></net>

<net id="3348"><net_src comp="1834" pin="3"/><net_sink comp="3345" pin=0"/></net>

<net id="3349"><net_src comp="3345" pin="1"/><net_sink comp="1955" pin=1"/></net>

<net id="3350"><net_src comp="3345" pin="1"/><net_sink comp="1974" pin=2"/></net>

<net id="3354"><net_src comp="1850" pin="3"/><net_sink comp="3351" pin=0"/></net>

<net id="3355"><net_src comp="3351" pin="1"/><net_sink comp="1965" pin=1"/></net>

<net id="3356"><net_src comp="3351" pin="1"/><net_sink comp="1987" pin=2"/></net>

<net id="3360"><net_src comp="1858" pin="3"/><net_sink comp="3357" pin=0"/></net>

<net id="3361"><net_src comp="3357" pin="1"/><net_sink comp="1942" pin=1"/></net>

<net id="3365"><net_src comp="1883" pin="1"/><net_sink comp="3362" pin=0"/></net>

<net id="3366"><net_src comp="3362" pin="1"/><net_sink comp="1960" pin=1"/></net>

<net id="3370"><net_src comp="1898" pin="2"/><net_sink comp="3367" pin=0"/></net>

<net id="3371"><net_src comp="3367" pin="1"/><net_sink comp="1955" pin=0"/></net>

<net id="3375"><net_src comp="1910" pin="2"/><net_sink comp="3372" pin=0"/></net>

<net id="3376"><net_src comp="3372" pin="1"/><net_sink comp="1955" pin=2"/></net>

<net id="3380"><net_src comp="1928" pin="2"/><net_sink comp="3377" pin=0"/></net>

<net id="3381"><net_src comp="3377" pin="1"/><net_sink comp="1974" pin=0"/></net>

<net id="3382"><net_src comp="3377" pin="1"/><net_sink comp="1980" pin=0"/></net>

<net id="3383"><net_src comp="3377" pin="1"/><net_sink comp="1987" pin=0"/></net>

<net id="3387"><net_src comp="1934" pin="3"/><net_sink comp="3384" pin=0"/></net>

<net id="3388"><net_src comp="3384" pin="1"/><net_sink comp="2043" pin=0"/></net>

<net id="3389"><net_src comp="3384" pin="1"/><net_sink comp="2048" pin=0"/></net>

<net id="3390"><net_src comp="3384" pin="1"/><net_sink comp="2083" pin=0"/></net>

<net id="3391"><net_src comp="3384" pin="1"/><net_sink comp="2128" pin=1"/></net>

<net id="3392"><net_src comp="3384" pin="1"/><net_sink comp="2175" pin=2"/></net>

<net id="3396"><net_src comp="2400" pin="3"/><net_sink comp="3393" pin=0"/></net>

<net id="3397"><net_src comp="3393" pin="1"/><net_sink comp="2586" pin=1"/></net>

<net id="3398"><net_src comp="3393" pin="1"/><net_sink comp="2595" pin=2"/></net>

<net id="3402"><net_src comp="2549" pin="2"/><net_sink comp="3399" pin=0"/></net>

<net id="3403"><net_src comp="3399" pin="1"/><net_sink comp="2595" pin=0"/></net>

<net id="3407"><net_src comp="2555" pin="3"/><net_sink comp="3404" pin=0"/></net>

<net id="3408"><net_src comp="3404" pin="1"/><net_sink comp="2640" pin=0"/></net>

<net id="3409"><net_src comp="3404" pin="1"/><net_sink comp="2699" pin=0"/></net>

<net id="3410"><net_src comp="3404" pin="1"/><net_sink comp="2704" pin=2"/></net>

<net id="3414"><net_src comp="2563" pin="3"/><net_sink comp="3411" pin=0"/></net>

<net id="3415"><net_src comp="3411" pin="1"/><net_sink comp="2645" pin=0"/></net>

<net id="3416"><net_src comp="3411" pin="1"/><net_sink comp="2650" pin=0"/></net>

<net id="3417"><net_src comp="3411" pin="1"/><net_sink comp="2682" pin=0"/></net>

<net id="3418"><net_src comp="3411" pin="1"/><net_sink comp="2725" pin=1"/></net>

<net id="3419"><net_src comp="3411" pin="1"/><net_sink comp="2760" pin=2"/></net>

<net id="3423"><net_src comp="2571" pin="3"/><net_sink comp="3420" pin=0"/></net>

<net id="3424"><net_src comp="3420" pin="1"/><net_sink comp="2655" pin=0"/></net>

<net id="3425"><net_src comp="3420" pin="1"/><net_sink comp="2672" pin=0"/></net>

<net id="3426"><net_src comp="3420" pin="1"/><net_sink comp="2677" pin=0"/></net>

<net id="3427"><net_src comp="3420" pin="1"/><net_sink comp="2767" pin=2"/></net>

</net_list>

</model> 
---------------- Datapath Model END ------------------

* FSMD analyzer results:
  - Output states:
 - Input state : 
	Port: sqrt_fixed<32, 19> : x | {1 }
  - Chain level:
	State 1
		zext_ln212 : 1
		zext_ln258 : 1
		icmp_ln258 : 1
		add_ln263 : 2
		x_l_I : 3
		x_l_I_1 : 4
		select_ln216 : 2
		select_ln216_1 : 2
		tmp_3 : 3
		tmp_2 : 5
		zext_ln258_1 : 4
		icmp_ln258_1 : 6
		sub_ln263 : 6
		x_l_I_2 : 7
		res_I : 3
		x_l_I_5 : 8
		res_I_1 : 7
		tmp_5 : 8
		tmp_4 : 9
		tmp_8 : 9
		zext_ln258_2 : 10
		icmp_ln258_2 : 11
		sub_ln263_1 : 11
		x_l_I_6 : 12
		res_I_2 : 8
		x_l_I_7 : 13
		res_I_3 : 12
		tmp_6 : 13
		tmp_7 : 14
		tmp_9 : 14
		zext_ln258_3 : 15
		icmp_ln258_3 : 16
		sub_ln263_2 : 16
		x_l_I_8 : 17
		res_I_4 : 13
		x_l_I_9 : 18
		res_I_5 : 17
		tmp_s : 18
		tmp_10 : 19
		tmp_11 : 19
		zext_ln258_4 : 20
		icmp_ln258_4 : 21
		sub_ln263_3 : 21
		x_l_I_10 : 22
		res_I_6 : 18
		x_l_I_11 : 23
		res_I_7 : 22
		tmp_12 : 23
		tmp_13 : 24
		tmp_14 : 24
		zext_ln258_5 : 25
		icmp_ln258_5 : 26
		sub_ln263_4 : 26
		x_l_I_12 : 27
		res_I_8 : 23
		x_l_I_13 : 28
		res_I_9 : 27
		tmp_15 : 28
		tmp_17 : 29
	State 2
		zext_ln258_6 : 1
		icmp_ln258_6 : 2
		sub_ln263_5 : 2
		x_l_I_14 : 3
		x_l_I_15 : 4
		res_I_11 : 3
		tmp_18 : 4
		tmp_19 : 5
		tmp_20 : 5
		zext_ln258_7 : 6
		icmp_ln258_7 : 7
		sub_ln263_6 : 7
		x_l_I_16 : 8
		res_I_12 : 4
		x_l_I_17 : 9
		res_I_13 : 8
		tmp_21 : 9
		trunc_ln258 : 10
		zext_ln258_8 : 10
		icmp_ln258_8 : 11
		sub_ln263_7 : 11
		x_l_I_18 : 12
		res_I_14 : 9
		x_l_I_19 : 13
		res_I_15 : 12
		zext_ln295 : 13
		icmp_ln295 : 14
		icmp_ln295_1 : 14
		and_ln295 : 15
		x_l_I_20 : 14
		x_l_I_3 : 15
		x_l_FH : 1
		x_l_I_21 : 16
		or_ln295 : 15
		x_l_I_4 : 17
		x_l_FH_28 : 15
		res_FH : 15
		tmp_23 : 16
		trunc_ln283 : 13
		mul_FH : 17
		tmp_29 : 13
		zext_ln295_1 : 14
		icmp_ln295_3 : 18
		icmp_ln295_4 : 18
		icmp_ln295_5 : 18
		xor_ln295 : 19
		and_ln295_1 : 19
		icmp_ln308_1 : 18
		x_l_I_22 : 18
		x_l_FH_3 : 18
		or_ln295_1 : 19
		x_l_FH_29 : 19
		trunc_ln283_1 : 13
		tmp_30 : 13
		trunc_ln283_2 : 13
		tmp_31 : 13
		trunc_ln283_3 : 13
		tmp_33 : 13
		trunc_ln283_4 : 13
		tmp_35 : 13
		trunc_ln283_5 : 13
		tmp_37 : 13
		trunc_ln283_6 : 13
		tmp_41 : 13
		trunc_ln283_7 : 13
		tmp_43 : 13
		trunc_ln283_8 : 13
		tmp_67 : 13
	State 3
		x_l_I_24 : 1
		x_l_I_25 : 2
		res_FH_2 : 1
		tmp_24 : 2
		mul_FH_1 : 3
		icmp_ln295_6 : 3
		icmp_ln295_7 : 3
		icmp_ln295_8 : 4
		xor_ln295_1 : 5
		and_ln295_2 : 5
		icmp_ln308_2 : 4
		x_l_I_26 : 3
		x_l_I_27 : 5
		x_l_FH_5 : 4
		x_l_I_28 : 6
		res_FH_3 : 2
		or_ln295_2 : 5
		x_l_I_29 : 5
		x_l_FH_30 : 5
		res_FH_4 : 5
		tmp_25 : 6
		mul_FH_2 : 7
		icmp_ln295_9 : 6
		icmp_ln295_10 : 6
		icmp_ln295_11 : 8
		xor_ln295_2 : 9
		and_ln295_3 : 9
		icmp_ln308_3 : 8
		x_l_I_30 : 6
		x_l_I_31 : 9
		x_l_FH_7 : 8
		x_l_I_32 : 10
		res_FH_5 : 6
		or_ln295_3 : 9
		x_l_I_33 : 9
		x_l_FH_31 : 9
		res_FH_6 : 9
		tmp_26 : 10
		mul_FH_3 : 11
		icmp_ln295_12 : 10
		icmp_ln295_13 : 10
		icmp_ln295_14 : 12
		xor_ln295_3 : 13
		and_ln295_4 : 13
		icmp_ln308_4 : 12
		x_l_I_34 : 10
		x_l_FH_9 : 12
		or_ln295_4 : 13
		x_l_FH_32 : 13
	State 4
		x_l_I_36 : 1
		x_l_I_37 : 2
		res_FH_8 : 1
		tmp_27 : 2
		mul_FH_4 : 3
		icmp_ln295_15 : 3
		icmp_ln295_16 : 3
		icmp_ln295_17 : 4
		xor_ln295_4 : 5
		and_ln295_5 : 5
		icmp_ln308_5 : 4
		x_l_I_38 : 3
		x_l_I_39 : 5
		x_l_FH_11 : 4
		x_l_I_40 : 6
		res_FH_9 : 2
		or_ln295_5 : 5
		x_l_I_41 : 5
		x_l_FH_33 : 5
		res_FH_10 : 5
		tmp_28 : 6
		mul_FH_5 : 7
		icmp_ln295_18 : 6
		icmp_ln295_19 : 6
		icmp_ln295_20 : 8
		xor_ln295_5 : 9
		and_ln295_6 : 9
		icmp_ln308_6 : 8
		x_l_I_42 : 6
		x_l_I_43 : 9
		x_l_FH_13 : 8
		x_l_I_44 : 10
		res_FH_11 : 6
		or_ln295_6 : 9
		x_l_I_45 : 9
		x_l_FH_34 : 9
		res_FH_12 : 9
		tmp_64 : 10
		tmp_39 : 10
		mul_FH_6 : 11
		icmp_ln295_21 : 10
		icmp_ln295_22 : 10
		icmp_ln295_23 : 12
		and_ln295_7 : 13
		x_l_I_46 : 10
		xor_ln319 : 12
		x_l_FH_15 : 12
		or_ln295_7 : 13
		x_l_FH_35 : 13
	State 5
		x_l_FL : 1
		x_l_I_48 : 1
		x_l_I_49 : 2
		x_l_FL_12 : 2
		res_FH_14 : 1
		tmp_32 : 2
		tmp_42 : 2
		mul_FH_7 : 3
		mul_FL_1 : 3
		icmp_ln295_24 : 3
		icmp_ln295_25 : 3
		icmp_ln295_26 : 4
		icmp_ln295_27 : 4
		icmp_ln295_28 : 4
		xor_ln295_6 : 5
		and_ln295_8 : 5
		delta : 4
		x_l_FL_2 : 4
		icmp_ln308_7 : 4
		and_ln308 : 5
		or_ln308 : 5
		x_l_I_50 : 3
		x_l_I_51 : 5
		p_neg8 : 5
		sub_ln319 : 6
		x_l_FH_17 : 7
		x_l_I_52 : 6
		res_FH_15 : 2
		or_ln295_8 : 5
		and_ln295_9 : 5
		or_ln295_9 : 5
		x_l_I_53 : 5
		x_l_FH_36 : 5
		x_l_FL_13 : 5
		res_FH_16 : 5
		tmp_34 : 6
		tmp_44 : 6
		mul_FH_8 : 7
		mul_FL_2 : 7
		icmp_ln295_29 : 6
		icmp_ln295_30 : 6
		icmp_ln295_31 : 8
		icmp_ln295_32 : 8
		icmp_ln295_33 : 8
		xor_ln295_7 : 9
		and_ln295_10 : 9
		delta_1 : 8
		x_l_FL_4 : 8
		icmp_ln308_8 : 8
		and_ln308_1 : 9
		or_ln308_1 : 9
		x_l_I_54 : 6
		x_l_I_55 : 9
		p_neg9 : 9
		sub_ln319_1 : 10
		x_l_FH_19 : 11
		x_l_I_56 : 10
		res_FH_17 : 6
		or_ln295_10 : 9
		and_ln295_11 : 9
		or_ln295_11 : 9
		x_l_I_57 : 9
		x_l_FH_37 : 9
		x_l_FL_14 : 9
		res_FH_18 : 9
		tmp_36 : 10
		tmp_45 : 10
		mul_FH_9 : 11
		mul_FL_3 : 11
		icmp_ln295_34 : 10
		icmp_ln295_35 : 12
		icmp_ln295_36 : 12
		icmp_ln295_37 : 12
		xor_ln295_8 : 13
		and_ln295_12 : 13
		delta_2 : 12
		x_l_FL_6 : 12
		icmp_ln308_9 : 12
		and_ln308_2 : 13
		or_ln308_2 : 13
		x_l_I_58 : 10
		x_l_I_59 : 13
		p_neg10 : 13
		sub_ln319_2 : 14
		x_l_FH_21 : 15
		or_ln295_12 : 13
		or_ln295_13 : 13
		x_l_I_60 : 13
		x_l_FH_38 : 13
		x_l_FL_15 : 13
	State 6
		res_FH_20 : 1
		tmp_38 : 2
		tmp_46 : 2
		mul_FH_s : 3
		zext_ln285 : 4
		mul_FL_4 : 3
		icmp_ln295_39 : 5
		icmp_ln295_40 : 5
		icmp_ln295_41 : 4
		xor_ln295_9 : 5
		and_ln295_13 : 6
		delta_3 : 4
		x_l_FL_8 : 4
		icmp_ln308_10 : 5
		and_ln308_3 : 6
		or_ln308_3 : 6
		x_l_I_62 : 6
		p_neg11 : 5
		sub_ln319_3 : 6
		x_l_FH_23 : 7
		res_FH_21 : 2
		or_ln295_14 : 6
		or_ln295_15 : 6
		x_l_I_63 : 7
		x_l_FH_39 : 6
		x_l_FL_16 : 6
		res_FH_22 : 6
		tmp_40 : 7
		tmp_47 : 7
		mul_FH_10 : 8
		zext_ln285_1 : 9
		zext_ln285_2 : 9
		mul_FL_5 : 8
		icmp_ln295_42 : 8
		icmp_ln295_43 : 10
		icmp_ln295_44 : 10
		icmp_ln295_45 : 9
		xor_ln295_10 : 10
		and_ln295_14 : 11
		delta_4 : 9
		x_l_FL_10 : 9
		icmp_ln308_11 : 10
		and_ln308_4 : 11
		or_ln308_4 : 11
		x_l_I_64 : 8
		x_l_I_65 : 11
		select_ln319 : 10
		sub_ln319_4 : 11
		sext_ln319 : 12
		x_l_FH_26 : 13
		res_FH_23 : 7
		or_ln295_16 : 11
		or_ln295_17 : 11
		x_l_FH_25 : 11
		x_l_FL_11 : 11
		res_FH_24 : 11
		trunc_ln283_9 : 12
		mul_FL_6 : 13
		tmp_72 : 12
		mul_FH_11 : 13
		zext_ln285_3 : 14
		icmp_ln295_46 : 12
		and_ln295_15 : 13
		icmp_ln295_47 : 15
		icmp_ln295_48 : 15
		icmp_ln295_49 : 14
		xor_ln295_11 : 15
		and_ln295_16 : 16
		res_FH_25 : 12
		or_ln295_18 : 16
		or_ln295_19 : 16
		res_FH_26 : 16
		zext_ln338 : 17
		add_ln338 : 18
		tmp_74 : 19
		res_I_17 : 20
		tmp_48 : 19
		lshr_ln345_cast : 21
		agg_result_0 : 22
		ret_ln349 : 23


============================================================
+ Verbose Summary: Datapath Resource usage 
============================================================

* Functional unit list:
|----------|-------------------------|---------|---------|
| Operation|     Functional Unit     |    FF   |   LUT   |
|----------|-------------------------|---------|---------|
|          |    icmp_ln258_fu_294    |    0    |    10   |
|          |   icmp_ln258_1_fu_360   |    0    |    12   |
|          |   icmp_ln258_2_fu_436   |    0    |    13   |
|          |   icmp_ln258_3_fu_512   |    0    |    14   |
|          |   icmp_ln258_4_fu_588   |    0    |    15   |
|          |   icmp_ln258_5_fu_664   |    0    |    16   |
|          |   icmp_ln258_6_fu_756   |    0    |    17   |
|          |   icmp_ln258_7_fu_826   |    0    |    18   |
|          |   icmp_ln258_8_fu_890   |    0    |    19   |
|          |    icmp_ln295_fu_942    |    0    |    29   |
|          |   icmp_ln295_1_fu_948   |    0    |    29   |
|          |   icmp_ln295_2_fu_954   |    0    |    9    |
|          |    icmp_ln308_fu_965    |    0    |    9    |
|          |   icmp_ln295_3_fu_1062  |    0    |    29   |
|          |   icmp_ln295_4_fu_1068  |    0    |    29   |
|          |   icmp_ln295_5_fu_1074  |    0    |    21   |
|          |   icmp_ln308_1_fu_1092  |    0    |    21   |
|          |   icmp_ln295_6_fu_1285  |    0    |    29   |
|          |   icmp_ln295_7_fu_1291  |    0    |    29   |
|          |   icmp_ln295_8_fu_1297  |    0    |    21   |
|          |   icmp_ln308_2_fu_1314  |    0    |    21   |
|          |   icmp_ln295_9_fu_1403  |    0    |    29   |
|          |  icmp_ln295_10_fu_1409  |    0    |    29   |
|          |  icmp_ln295_11_fu_1415  |    0    |    21   |
|          |   icmp_ln308_3_fu_1433  |    0    |    21   |
|          |  icmp_ln295_12_fu_1525  |    0    |    29   |
|          |  icmp_ln295_13_fu_1531  |    0    |    29   |
|          |  icmp_ln295_14_fu_1537  |    0    |    21   |
|          |   icmp_ln308_4_fu_1555  |    0    |    21   |
|          |  icmp_ln295_15_fu_1638  |    0    |    29   |
|          |  icmp_ln295_16_fu_1644  |    0    |    29   |
|          |  icmp_ln295_17_fu_1650  |    0    |    21   |
|          |   icmp_ln308_5_fu_1667  |    0    |    21   |
|          |  icmp_ln295_18_fu_1756  |    0    |    29   |
|          |  icmp_ln295_19_fu_1762  |    0    |    29   |
|          |  icmp_ln295_20_fu_1768  |    0    |    21   |
|          |   icmp_ln308_6_fu_1786  |    0    |    21   |
|   icmp   |  icmp_ln295_21_fu_1886  |    0    |    29   |
|          |  icmp_ln295_22_fu_1892  |    0    |    29   |
|          |  icmp_ln295_23_fu_1898  |    0    |    21   |
|          |  icmp_ln295_24_fu_2031  |    0    |    29   |
|          |  icmp_ln295_25_fu_2037  |    0    |    29   |
|          |  icmp_ln295_26_fu_2043  |    0    |    21   |
|          |  icmp_ln295_27_fu_2048  |    0    |    21   |
|          |  icmp_ln295_28_fu_2053  |    0    |    21   |
|          |      delta_fu_2071      |    0    |    21   |
|          |   icmp_ln308_7_fu_2083  |    0    |    21   |
|          |  icmp_ln295_29_fu_2236  |    0    |    29   |
|          |  icmp_ln295_30_fu_2242  |    0    |    29   |
|          |  icmp_ln295_31_fu_2248  |    0    |    21   |
|          |  icmp_ln295_32_fu_2254  |    0    |    21   |
|          |  icmp_ln295_33_fu_2260  |    0    |    21   |
|          |     delta_1_fu_2278     |    0    |    21   |
|          |   icmp_ln308_8_fu_2290  |    0    |    21   |
|          |  icmp_ln295_34_fu_2443  |    0    |    29   |
|          |  icmp_ln295_35_fu_2449  |    0    |    21   |
|          |  icmp_ln295_36_fu_2455  |    0    |    21   |
|          |  icmp_ln295_37_fu_2461  |    0    |    21   |
|          |     delta_2_fu_2479     |    0    |    21   |
|          |   icmp_ln308_9_fu_2491  |    0    |    21   |
|          |  icmp_ln295_38_fu_2640  |    0    |    29   |
|          |  icmp_ln295_39_fu_2645  |    0    |    21   |
|          |  icmp_ln295_40_fu_2650  |    0    |    21   |
|          |  icmp_ln295_41_fu_2655  |    0    |    21   |
|          |     delta_3_fu_2672     |    0    |    21   |
|          |  icmp_ln308_10_fu_2682  |    0    |    21   |
|          |  icmp_ln295_42_fu_2825  |    0    |    29   |
|          |  icmp_ln295_43_fu_2831  |    0    |    21   |
|          |  icmp_ln295_44_fu_2837  |    0    |    21   |
|          |  icmp_ln295_45_fu_2843  |    0    |    21   |
|          |     delta_4_fu_2861     |    0    |    21   |
|          |  icmp_ln308_11_fu_2873  |    0    |    21   |
|          |  icmp_ln295_46_fu_3006  |    0    |    29   |
|          |  icmp_ln295_47_fu_3018  |    0    |    21   |
|          |  icmp_ln295_48_fu_3024  |    0    |    21   |
|          |  icmp_ln295_49_fu_3030  |    0    |    21   |
|----------|-------------------------|---------|---------|
|          |      x_l_I_1_fu_316     |    0    |    21   |
|          |   select_ln216_fu_324   |    0    |    10   |
|          |  select_ln216_1_fu_332  |    0    |    2    |
|          |      x_l_I_5_fu_392     |    0    |    21   |
|          |      res_I_1_fu_400     |    0    |    10   |
|          |      x_l_I_7_fu_468     |    0    |    21   |
|          |      res_I_3_fu_476     |    0    |    10   |
|          |      x_l_I_9_fu_544     |    0    |    21   |
|          |      res_I_5_fu_552     |    0    |    10   |
|          |     x_l_I_11_fu_620     |    0    |    21   |
|          |      res_I_7_fu_628     |    0    |    10   |
|          |     x_l_I_13_fu_696     |    0    |    21   |
|          |      res_I_9_fu_704     |    0    |    10   |
|          |     x_l_I_15_fu_784     |    0    |    21   |
|          |     res_I_11_fu_791     |    0    |    10   |
|          |     x_l_I_17_fu_858     |    0    |    21   |
|          |     res_I_13_fu_866     |    0    |    10   |
|          |     x_l_I_19_fu_922     |    0    |    21   |
|          |     res_I_15_fu_930     |    0    |    10   |
|          |      x_l_I_3_fu_976     |    0    |    21   |
|          |     x_l_I_4_fu_1002     |    0    |    21   |
|          |    x_l_FH_28_fu_1010    |    0    |    14   |
|          |      res_FH_fu_1018     |    0    |    14   |
|          |    x_l_FH_29_fu_1116    |    0    |    14   |
|          |     x_l_I_23_fu_1234    |    0    |    21   |
|          |     x_l_I_25_fu_1253    |    0    |    21   |
|          |     res_FH_2_fu_1259    |    0    |    14   |
|          |     x_l_I_27_fu_1325    |    0    |    21   |
|          |     x_l_I_29_fu_1360    |    0    |    21   |
|          |    x_l_FH_30_fu_1368    |    0    |    14   |
|          |     res_FH_4_fu_1375    |    0    |    14   |
|          |     x_l_I_31_fu_1445    |    0    |    21   |
|          |     x_l_I_33_fu_1481    |    0    |    21   |
|          |    x_l_FH_31_fu_1489    |    0    |    14   |
|          |     res_FH_6_fu_1497    |    0    |    14   |
|          |    x_l_FH_32_fu_1579    |    0    |    14   |
|          |     x_l_I_35_fu_1587    |    0    |    21   |
|          |     x_l_I_37_fu_1606    |    0    |    21   |
|          |     res_FH_8_fu_1612    |    0    |    14   |
|          |     x_l_I_39_fu_1678    |    0    |    21   |
|          |     x_l_I_41_fu_1713    |    0    |    21   |
|  select  |    x_l_FH_33_fu_1721    |    0    |    14   |
|          |    res_FH_10_fu_1728    |    0    |    14   |
|          |     x_l_I_43_fu_1798    |    0    |    21   |
|          |     x_l_I_45_fu_1834    |    0    |    21   |
|          |    x_l_FH_34_fu_1842    |    0    |    14   |
|          |    res_FH_12_fu_1850    |    0    |    14   |
|          |    x_l_FH_35_fu_1934    |    0    |    14   |
|          |     x_l_I_47_fu_1955    |    0    |    21   |
|          |     x_l_I_49_fu_1974    |    0    |    21   |
|          |    x_l_FL_12_fu_1980    |    0    |    14   |
|          |    res_FH_14_fu_1987    |    0    |    14   |
|          |     x_l_I_51_fu_2106    |    0    |    21   |
|          |      p_neg8_fu_2114     |    0    |    2    |
|          |     x_l_I_53_fu_2167    |    0    |    21   |
|          |    x_l_FH_36_fu_2175    |    0    |    14   |
|          |    x_l_FL_13_fu_2182    |    0    |    14   |
|          |    res_FH_16_fu_2190    |    0    |    14   |
|          |     x_l_I_55_fu_2314    |    0    |    21   |
|          |      p_neg9_fu_2322     |    0    |    2    |
|          |     x_l_I_57_fu_2376    |    0    |    21   |
|          |    x_l_FH_37_fu_2384    |    0    |    14   |
|          |    x_l_FL_14_fu_2392    |    0    |    14   |
|          |    res_FH_18_fu_2400    |    0    |    14   |
|          |     x_l_I_59_fu_2515    |    0    |    21   |
|          |     p_neg10_fu_2523     |    0    |    2    |
|          |     x_l_I_60_fu_2555    |    0    |    21   |
|          |    x_l_FH_38_fu_2563    |    0    |    14   |
|          |    x_l_FL_15_fu_2571    |    0    |    14   |
|          |    res_FH_20_fu_2595    |    0    |    14   |
|          |     x_l_I_62_fu_2704    |    0    |    21   |
|          |     p_neg11_fu_2711     |    0    |    2    |
|          |     x_l_I_63_fu_2752    |    0    |    21   |
|          |    x_l_FH_39_fu_2760    |    0    |    14   |
|          |    x_l_FL_16_fu_2767    |    0    |    14   |
|          |    res_FH_22_fu_2774    |    0    |    14   |
|          |     x_l_I_65_fu_2897    |    0    |    21   |
|          |   select_ln319_fu_2905  |    0    |    2    |
|          |    x_l_FH_25_fu_2951    |    0    |    14   |
|          |    x_l_FL_11_fu_2959    |    0    |    14   |
|          |    res_FH_24_fu_2967    |    0    |    14   |
|          |    res_FH_26_fu_3070    |    0    |    14   |
|          |     res_I_17_fu_3101    |    0    |    10   |
|          |   agg_result_0_fu_3126  |    0    |    22   |
|----------|-------------------------|---------|---------|
|          |     sub_ln263_fu_366    |    0    |    12   |
|          |    sub_ln263_1_fu_442   |    0    |    13   |
|          |    sub_ln263_2_fu_518   |    0    |    14   |
|          |    sub_ln263_3_fu_594   |    0    |    15   |
|          |    sub_ln263_4_fu_670   |    0    |    16   |
|          |    sub_ln263_5_fu_761   |    0    |    17   |
|          |    sub_ln263_6_fu_832   |    0    |    18   |
|          |    sub_ln263_7_fu_896   |    0    |    19   |
|          |     x_l_I_21_fu_990     |    0    |    29   |
|          |     x_l_FH_3_fu_1104    |    0    |    21   |
|          |     x_l_I_24_fu_1239    |    0    |    29   |
|          |     x_l_FH_5_fu_1333    |    0    |    21   |
|          |     x_l_I_28_fu_1338    |    0    |    29   |
|          |     x_l_FH_7_fu_1453    |    0    |    21   |
|          |     x_l_I_32_fu_1459    |    0    |    29   |
|          |     x_l_FH_9_fu_1567    |    0    |    21   |
|          |     x_l_I_36_fu_1592    |    0    |    29   |
|    sub   |    x_l_FH_11_fu_1686    |    0    |    21   |
|          |     x_l_I_40_fu_1691    |    0    |    29   |
|          |    x_l_FH_13_fu_1806    |    0    |    21   |
|          |     x_l_I_44_fu_1812    |    0    |    29   |
|          |      x_l_FL_fu_1949     |    0    |    21   |
|          |     x_l_I_48_fu_1960    |    0    |    29   |
|          |     x_l_FL_2_fu_2077    |    0    |    21   |
|          |    sub_ln319_fu_2122    |    0    |    16   |
|          |     x_l_I_52_fu_2133    |    0    |    29   |
|          |     x_l_FL_4_fu_2284    |    0    |    21   |
|          |   sub_ln319_1_fu_2330   |    0    |    16   |
|          |     x_l_I_56_fu_2342    |    0    |    29   |
|          |     x_l_FL_6_fu_2485    |    0    |    21   |
|          |   sub_ln319_2_fu_2531   |    0    |    16   |
|          |     x_l_FL_8_fu_2677    |    0    |    21   |
|          |   sub_ln319_3_fu_2719   |    0    |    16   |
|          |    x_l_FL_10_fu_2867    |    0    |    21   |
|          |   sub_ln319_4_fu_2913   |    0    |    20   |
|----------|-------------------------|---------|---------|
|          |     add_ln263_fu_300    |    0    |    10   |
|          |     x_l_I_20_fu_970     |    0    |    29   |
|          |      x_l_FH_fu_984      |    0    |    21   |
|          |     x_l_I_22_fu_1098    |    0    |    29   |
|          |     x_l_I_26_fu_1319    |    0    |    29   |
|          |     x_l_I_30_fu_1439    |    0    |    29   |
|          |     x_l_I_34_fu_1561    |    0    |    29   |
|          |     x_l_I_38_fu_1672    |    0    |    29   |
|          |     x_l_I_42_fu_1792    |    0    |    29   |
|          |     x_l_I_46_fu_1910    |    0    |    29   |
|          |    x_l_FH_15_fu_1922    |    0    |    21   |
|    add   |     x_l_I_50_fu_2100    |    0    |    29   |
|          |    x_l_FH_17_fu_2128    |    0    |    16   |
|          |     x_l_I_54_fu_2308    |    0    |    29   |
|          |    x_l_FH_19_fu_2336    |    0    |    16   |
|          |     x_l_I_58_fu_2509    |    0    |    29   |
|          |    x_l_FH_21_fu_2537    |    0    |    16   |
|          |     x_l_I_61_fu_2699    |    0    |    29   |
|          |    x_l_FH_23_fu_2725    |    0    |    16   |
|          |     x_l_I_64_fu_2891    |    0    |    29   |
|          |    x_l_FH_26_fu_2923    |    0    |    21   |
|          |    add_ln338_fu_3082    |    0    |    21   |
|          |     res_I_16_fu_3096    |    0    |    17   |
|----------|-------------------------|---------|---------|
|          |     or_ln295_fu_996     |    0    |    2    |
|          |    or_ln295_1_fu_1110   |    0    |    2    |
|          |    or_ln295_2_fu_1354   |    0    |    2    |
|          |    or_ln295_3_fu_1475   |    0    |    2    |
|          |    or_ln295_4_fu_1573   |    0    |    2    |
|          |    or_ln295_5_fu_1707   |    0    |    2    |
|          |    or_ln295_6_fu_1828   |    0    |    2    |
|          |    or_ln295_7_fu_1928   |    0    |    2    |
|          |     or_ln308_fu_2094    |    0    |    2    |
|          |    or_ln295_8_fu_2149   |    0    |    2    |
|          |    or_ln295_9_fu_2161   |    0    |    2    |
|          |    or_ln308_1_fu_2302   |    0    |    2    |
|    or    |   or_ln295_10_fu_2358   |    0    |    2    |
|          |   or_ln295_11_fu_2370   |    0    |    2    |
|          |    or_ln308_2_fu_2503   |    0    |    2    |
|          |   or_ln295_12_fu_2543   |    0    |    2    |
|          |   or_ln295_13_fu_2549   |    0    |    2    |
|          |    or_ln308_3_fu_2693   |    0    |    2    |
|          |   or_ln295_14_fu_2740   |    0    |    2    |
|          |   or_ln295_15_fu_2746   |    0    |    2    |
|          |    or_ln308_4_fu_2885   |    0    |    2    |
|          |   or_ln295_16_fu_2939   |    0    |    2    |
|          |   or_ln295_17_fu_2945   |    0    |    2    |
|          |   or_ln295_18_fu_3058   |    0    |    2    |
|          |   or_ln295_19_fu_3064   |    0    |    2    |
|----------|-------------------------|---------|---------|
|          |     and_ln295_fu_959    |    0    |    2    |
|          |   and_ln295_1_fu_1086   |    0    |    2    |
|          |   and_ln295_2_fu_1308   |    0    |    2    |
|          |   and_ln295_3_fu_1427   |    0    |    2    |
|          |   and_ln295_4_fu_1549   |    0    |    2    |
|          |   and_ln295_5_fu_1661   |    0    |    2    |
|          |   and_ln295_6_fu_1780   |    0    |    2    |
|          |   and_ln295_7_fu_1904   |    0    |    2    |
|          |   and_ln295_8_fu_2065   |    0    |    2    |
|          |    and_ln308_fu_2088    |    0    |    2    |
|    and   |   and_ln295_9_fu_2155   |    0    |    2    |
|          |   and_ln295_10_fu_2272  |    0    |    2    |
|          |   and_ln308_1_fu_2296   |    0    |    2    |
|          |   and_ln295_11_fu_2364  |    0    |    2    |
|          |   and_ln295_12_fu_2473  |    0    |    2    |
|          |   and_ln308_2_fu_2497   |    0    |    2    |
|          |   and_ln295_13_fu_2666  |    0    |    2    |
|          |   and_ln308_3_fu_2687   |    0    |    2    |
|          |   and_ln295_14_fu_2855  |    0    |    2    |
|          |   and_ln308_4_fu_2879   |    0    |    2    |
|          |   and_ln295_15_fu_3012  |    0    |    2    |
|          |   and_ln295_16_fu_3042  |    0    |    2    |
|----------|-------------------------|---------|---------|
|          |    xor_ln295_fu_1080    |    0    |    2    |
|          |   xor_ln295_1_fu_1302   |    0    |    2    |
|          |   xor_ln295_2_fu_1421   |    0    |    2    |
|          |   xor_ln295_3_fu_1543   |    0    |    2    |
|          |   xor_ln295_4_fu_1655   |    0    |    2    |
|          |   xor_ln295_5_fu_1774   |    0    |    2    |
|    xor   |    xor_ln319_fu_1916    |    0    |    14   |
|          |   xor_ln295_6_fu_2059   |    0    |    2    |
|          |   xor_ln295_7_fu_2266   |    0    |    2    |
|          |   xor_ln295_8_fu_2467   |    0    |    2    |
|          |   xor_ln295_9_fu_2660   |    0    |    2    |
|          |   xor_ln295_10_fu_2849  |    0    |    2    |
|          |   xor_ln295_11_fu_3036  |    0    |    2    |
|----------|-------------------------|---------|---------|
|   read   |    x_read_read_fu_256   |    0    |    0    |
|----------|-------------------------|---------|---------|
|          |      tmp_22_fu_262      |    0    |    0    |
|          |       tmp_1_fu_280      |    0    |    0    |
|          |       tmp_2_fu_348      |    0    |    0    |
|          |       tmp_5_fu_408      |    0    |    0    |
|          |       tmp_8_fu_424      |    0    |    0    |
|          |       tmp_6_fu_484      |    0    |    0    |
|          |       tmp_9_fu_500      |    0    |    0    |
|          |       tmp_s_fu_560      |    0    |    0    |
|          |      tmp_11_fu_576      |    0    |    0    |
|          |      tmp_12_fu_636      |    0    |    0    |
|          |      tmp_14_fu_652      |    0    |    0    |
|          |      tmp_15_fu_712      |    0    |    0    |
|          |      tmp_17_fu_720      |    0    |    0    |
|          |      tmp_57_fu_728      |    0    |    0    |
|          |      tmp_18_fu_798      |    0    |    0    |
|          |      tmp_20_fu_814      |    0    |    0    |
|          |      tmp_23_fu_1026     |    0    |    0    |
|          |      tmp_29_fu_1048     |    0    |    0    |
|          |      tmp_30_fu_1128     |    0    |    0    |
|          |      tmp_31_fu_1142     |    0    |    0    |
|partselect|      tmp_33_fu_1156     |    0    |    0    |
|          |      tmp_35_fu_1170     |    0    |    0    |
|          |      tmp_37_fu_1184     |    0    |    0    |
|          |      tmp_41_fu_1198     |    0    |    0    |
|          |      tmp_43_fu_1212     |    0    |    0    |
|          |      tmp_24_fu_1265     |    0    |    0    |
|          |      tmp_25_fu_1383     |    0    |    0    |
|          |      tmp_26_fu_1505     |    0    |    0    |
|          |      tmp_27_fu_1618     |    0    |    0    |
|          |      tmp_28_fu_1736     |    0    |    0    |
|          |      tmp_39_fu_1866     |    0    |    0    |
|          |      tmp_32_fu_1993     |    0    |    0    |
|          |      tmp_42_fu_2003     |    0    |    0    |
|          |      tmp_34_fu_2198     |    0    |    0    |
|          |      tmp_44_fu_2208     |    0    |    0    |
|          |      tmp_36_fu_2408     |    0    |    0    |
|          |      tmp_45_fu_2418     |    0    |    0    |
|          |      tmp_38_fu_2601     |    0    |    0    |
|          |      tmp_46_fu_2611     |    0    |    0    |
|          |      tmp_40_fu_2782     |    0    |    0    |
|          |      tmp_47_fu_2792     |    0    |    0    |
|          |      tmp_48_fu_3108     |    0    |    0    |
|----------|-------------------------|---------|---------|
|          |    zext_ln212_fu_272    |    0    |    0    |
|          |    zext_ln258_fu_290    |    0    |    0    |
|          |   zext_ln258_1_fu_356   |    0    |    0    |
|          |   zext_ln258_2_fu_432   |    0    |    0    |
|          |   zext_ln258_3_fu_508   |    0    |    0    |
|          |   zext_ln258_4_fu_584   |    0    |    0    |
|          |   zext_ln258_5_fu_660   |    0    |    0    |
|          |   zext_ln258_6_fu_752   |    0    |    0    |
|          |   zext_ln258_7_fu_822   |    0    |    0    |
|          |   zext_ln258_8_fu_886   |    0    |    0    |
|          |    zext_ln295_fu_938    |    0    |    0    |
|          |   zext_ln295_1_fu_1058  |    0    |    0    |
|   zext   |   zext_ln295_2_fu_1282  |    0    |    0    |
|          |   zext_ln295_3_fu_1400  |    0    |    0    |
|          |   zext_ln295_4_fu_1522  |    0    |    0    |
|          |   zext_ln295_5_fu_1635  |    0    |    0    |
|          |   zext_ln295_6_fu_1753  |    0    |    0    |
|          |   zext_ln295_7_fu_1883  |    0    |    0    |
|          |   zext_ln295_8_fu_2028  |    0    |    0    |
|          |   zext_ln295_9_fu_2233  |    0    |    0    |
|          |    zext_ln285_fu_2628   |    0    |    0    |
|          |   zext_ln285_1_fu_2809  |    0    |    0    |
|          |   zext_ln285_2_fu_2813  |    0    |    0    |
|          |   zext_ln285_3_fu_3002  |    0    |    0    |
|          |    zext_ln338_fu_3078   |    0    |    0    |
|----------|-------------------------|---------|---------|
|          |    trunc_ln213_fu_276   |    0    |    0    |
|          |    trunc_ln258_fu_882   |    0    |    0    |
|          |   trunc_ln283_fu_1034   |    0    |    0    |
|          |  trunc_ln283_1_fu_1124  |    0    |    0    |
|          |  trunc_ln283_2_fu_1138  |    0    |    0    |
|   trunc  |  trunc_ln283_3_fu_1152  |    0    |    0    |
|          |  trunc_ln283_4_fu_1166  |    0    |    0    |
|          |  trunc_ln283_5_fu_1180  |    0    |    0    |
|          |  trunc_ln283_6_fu_1194  |    0    |    0    |
|          |  trunc_ln283_7_fu_1208  |    0    |    0    |
|          |  trunc_ln283_8_fu_1222  |    0    |    0    |
|          |  trunc_ln283_9_fu_2975  |    0    |    0    |
|----------|-------------------------|---------|---------|
|          |       x_l_I_fu_306      |    0    |    0    |
|          |      x_l_I_2_fu_372     |    0    |    0    |
|          |      x_l_I_6_fu_448     |    0    |    0    |
|          |      x_l_I_8_fu_524     |    0    |    0    |
|  partset |     x_l_I_10_fu_600     |    0    |    0    |
|          |     x_l_I_12_fu_676     |    0    |    0    |
|          |     x_l_I_14_fu_766     |    0    |    0    |
|          |     x_l_I_16_fu_838     |    0    |    0    |
|          |     x_l_I_18_fu_902     |    0    |    0    |
|----------|-------------------------|---------|---------|
|          |       tmp_3_fu_340      |    0    |    0    |
|          |       tmp_4_fu_416      |    0    |    0    |
|          |       tmp_7_fu_492      |    0    |    0    |
|          |      tmp_10_fu_568      |    0    |    0    |
|          |      tmp_13_fu_644      |    0    |    0    |
|          |     x_l_FH_27_fu_738    |    0    |    0    |
|          |      tmp_16_fu_745      |    0    |    0    |
|          |      tmp_19_fu_806      |    0    |    0    |
|          |      tmp_21_fu_874      |    0    |    0    |
|          |      mul_FH_fu_1038     |    0    |    0    |
|          |     mul_FH_1_fu_1273    |    0    |    0    |
|          |     mul_FH_2_fu_1391    |    0    |    0    |
|          |     mul_FH_3_fu_1513    |    0    |    0    |
|          |     mul_FH_4_fu_1626    |    0    |    0    |
|bitconcatenate|     mul_FH_5_fu_1744    |    0    |    0    |
|          |     mul_FH_6_fu_1876    |    0    |    0    |
|          |      mul_FL_fu_1942     |    0    |    0    |
|          |     mul_FH_7_fu_2013    |    0    |    0    |
|          |     mul_FL_1_fu_2020    |    0    |    0    |
|          |     mul_FH_8_fu_2218    |    0    |    0    |
|          |     mul_FL_2_fu_2225    |    0    |    0    |
|          |     mul_FH_9_fu_2428    |    0    |    0    |
|          |     mul_FL_3_fu_2435    |    0    |    0    |
|          |     mul_FH_s_fu_2621    |    0    |    0    |
|          |     mul_FL_4_fu_2632    |    0    |    0    |
|          |    mul_FH_10_fu_2802    |    0    |    0    |
|          |     mul_FL_5_fu_2817    |    0    |    0    |
|          |     mul_FL_6_fu_2979    |    0    |    0    |
|          |    mul_FH_11_fu_2995    |    0    |    0    |
|          | lshr_ln345_cast_fu_3118 |    0    |    0    |
|----------|-------------------------|---------|---------|
|          |       res_I_fu_382      |    0    |    0    |
|          |      res_I_2_fu_458     |    0    |    0    |
|          |      res_I_4_fu_534     |    0    |    0    |
|          |      res_I_6_fu_610     |    0    |    0    |
|          |      res_I_8_fu_686     |    0    |    0    |
|          |     res_I_10_fu_775     |    0    |    0    |
|          |     res_I_12_fu_848     |    0    |    0    |
|          |     res_I_14_fu_912     |    0    |    0    |
|          |     res_FH_1_fu_1244    |    0    |    0    |
|          |     res_FH_3_fu_1344    |    0    |    0    |
|  bitset  |     res_FH_5_fu_1465    |    0    |    0    |
|          |     res_FH_7_fu_1597    |    0    |    0    |
|          |     res_FH_9_fu_1697    |    0    |    0    |
|          |    res_FH_11_fu_1818    |    0    |    0    |
|          |    res_FH_13_fu_1965    |    0    |    0    |
|          |    res_FH_15_fu_2139    |    0    |    0    |
|          |    res_FH_17_fu_2348    |    0    |    0    |
|          |    res_FH_19_fu_2586    |    0    |    0    |
|          |    res_FH_21_fu_2730    |    0    |    0    |
|          |    res_FH_23_fu_2929    |    0    |    0    |
|          |    res_FH_25_fu_3048    |    0    |    0    |
|----------|-------------------------|---------|---------|
|          |      tmp_67_fu_1226     |    0    |    0    |
|          |      tmp_64_fu_1858     |    0    |    0    |
| bitselect|       tmp_fu_2579       |    0    |    0    |
|          |      tmp_72_fu_2987     |    0    |    0    |
|          |      tmp_74_fu_3088     |    0    |    0    |
|----------|-------------------------|---------|---------|
|   sext   |    sext_ln319_fu_2919   |    0    |    0    |
|----------|-------------------------|---------|---------|
|   Total  |                         |    0    |   4453  |
|----------|-------------------------|---------|---------|

Memories:
N/A

* Register list:
+----------------------+--------+
|                      |   FF   |
+----------------------+--------+
|icmp_ln295_23_reg_3367|    1   |
| icmp_ln308_1_reg_3200|    1   |
| icmp_ln308_4_reg_3321|    1   |
| or_ln295_13_reg_3399 |    1   |
|  or_ln295_1_reg_3210 |    1   |
|  or_ln295_4_reg_3331 |    1   |
|  or_ln295_7_reg_3377 |    1   |
|  res_FH_12_reg_3351  |   14   |
|  res_FH_18_reg_3393  |   14   |
|   res_FH_6_reg_3310  |   14   |
|    res_FH_reg_3189   |   14   |
|   res_I_15_reg_3173  |   10   |
|   res_I_9_reg_3150   |   10   |
|    tmp_15_reg_3156   |    8   |
|    tmp_17_reg_3161   |   10   |
|    tmp_30_reg_3229   |    8   |
|    tmp_31_reg_3239   |    7   |
|    tmp_33_reg_3249   |    6   |
|    tmp_35_reg_3259   |    5   |
|    tmp_37_reg_3269   |    4   |
|    tmp_41_reg_3279   |    3   |
|    tmp_43_reg_3289   |    2   |
|    tmp_57_reg_3167   |    2   |
|    tmp_64_reg_3357   |    1   |
|    tmp_67_reg_3299   |    1   |
| trunc_ln213_reg_3139 |   13   |
|trunc_ln283_1_reg_3224|    2   |
|trunc_ln283_2_reg_3234|    3   |
|trunc_ln283_3_reg_3244|    4   |
|trunc_ln283_4_reg_3254|    5   |
|trunc_ln283_5_reg_3264|    6   |
|trunc_ln283_6_reg_3274|    7   |
|trunc_ln283_7_reg_3284|    8   |
|trunc_ln283_8_reg_3294|    9   |
|  x_l_FH_29_reg_3216  |   14   |
|  x_l_FH_32_reg_3337  |   14   |
|  x_l_FH_35_reg_3384  |   14   |
|  x_l_FH_38_reg_3411  |   14   |
|  x_l_FL_15_reg_3420  |   14   |
|   x_l_I_13_reg_3144  |   22   |
|   x_l_I_22_reg_3205  |   22   |
|   x_l_I_33_reg_3304  |   22   |
|   x_l_I_34_reg_3326  |   22   |
|   x_l_I_45_reg_3345  |   22   |
|   x_l_I_46_reg_3372  |   22   |
|   x_l_I_4_reg_3183   |   22   |
|   x_l_I_60_reg_3404  |   22   |
|    x_read_reg_3134   |   32   |
| zext_ln295_1_reg_3195|   22   |
| zext_ln295_4_reg_3316|   22   |
| zext_ln295_7_reg_3362|   22   |
+----------------------+--------+
|         Total        |   541  |
+----------------------+--------+

* Multiplexer (MUX) list: 
|--------|------|------|------|--------|
|  Comp  |  Pin | Size |  BW  | S x BW |
|--------|------|------|------|--------|
|  Total |      |      |      |    0   |
|--------|------|------|------|--------|



* Summary:
+-----------+--------+--------+
|           |   FF   |   LUT  |
+-----------+--------+--------+
|  Function |    0   |  4453  |
|   Memory  |    -   |    -   |
|Multiplexer|    -   |    -   |
|  Register |   541  |    -   |
+-----------+--------+--------+
|   Total   |   541  |  4453  |
+-----------+--------+--------+
