

================================================================
== Vitis HLS Report for 'headed_compute_controller_Pipeline_VITIS_LOOP_139_1'
================================================================
* Date:           Fri Jan 30 15:25:11 2026

* Version:        2025.1 (Build 6135595 on May 21 2025)
* Project:        headed_compute_controller
* Solution:       hls (Vivado IP Flow Target)
* Product family: zynquplus
* Target device:  xck26-sfvc784-2LV-c


================================================================
== Performance Estimates
================================================================
+ Timing: 
    * Summary: 
    +--------+----------+----------+------------+
    |  Clock |  Target  | Estimated| Uncertainty|
    +--------+----------+----------+------------+
    |ap_clk  |  10.00 ns|  3.265 ns|     2.70 ns|
    +--------+----------+----------+------------+

+ Latency: 
    * Summary: 
    +---------+---------+----------+----------+-----+-----+------------------------------------------------+
    |  Latency (cycles) |  Latency (absolute) |  Interval |                    Pipeline                    |
    |   min   |   max   |    min   |    max   | min | max |                      Type                      |
    +---------+---------+----------+----------+-----+-----+------------------------------------------------+
    |       22|       22|  0.220 us|  0.220 us|   17|   17|  loop auto-rewind stp (delay=0 clock cycles(s))|
    +---------+---------+----------+----------+-----+-----+------------------------------------------------+

    + Detail: 
        * Instance: 
        N/A

        * Loop: 
        +--------------------+---------+---------+----------+-----------+-----------+------+----------+
        |                    |  Latency (cycles) | Iteration|  Initiation Interval  | Trip |          |
        |      Loop Name     |   min   |   max   |  Latency |  achieved |   target  | Count| Pipelined|
        +--------------------+---------+---------+----------+-----------+-----------+------+----------+
        |- VITIS_LOOP_139_1  |       20|       20|         6|          1|          1|    16|       yes|
        +--------------------+---------+---------+----------+-----------+-----------+------+----------+

============================================================
+ Verbose Summary: Synthesis Manager
============================================================
InlineROM: 1
ExposeGlobal: 0
============================================================
+ Verbose Summary: CDFG Model
============================================================
IsTopModel: 0
ResetActiveHigh: 1
IsCombinational: 0
IsDatapathOnly: 0
HasWiredReturn: 1
HasMFsm: 2
HasVarLatency: 1
IsPipeline: 0
IsRtlPipelined: 0
IsInstanceOverlapped: 0
IsDontTouch: 0
HasImplIP: 0
IsGatedGlobalClock: 0

+ Individual pipeline summary: 
  * Pipeline-0: initiation interval (II) = 1, depth = 6


============================================================
+ Verbose Summary: Schedule
============================================================
* Number of FSM states : 6
* Pipeline : 1
  Pipeline-0 : II = 1, D = 6, States = { 1 2 3 4 5 6 }
* Dataflow Pipeline: 0

* FSM state transitions: 
1 --> 2 
2 --> 3 
3 --> 4 
4 --> 5 
5 --> 6 
6 --> 

* FSM state operations: 

State 1 <SV = 0> <Delay = 1.64>
ST_1 : Operation 9 [1/1] (0.00ns)   --->   "%out = alloca i32 1" [/home/luka/Scripting/ELEC_498-Capstone-LiteLM/HLS-Verilog/Transformer_logic/src-hls/headed_compute_controller.cpp:139->/home/luka/Scripting/ELEC_498-Capstone-LiteLM/HLS-Verilog/Transformer_logic/src-hls/headed_compute_controller.cpp:687]   --->   Operation 9 'alloca' 'out' <Predicate = true> <Delay = 0.00>
ST_1 : Operation 10 [1/1] (0.00ns)   --->   "%p_ZZ25headed_compute_controllerbbjRbS_bS_S_RjPKhPhR12ComputeStateS0_RhS6_S6_S6_S_54 = read i8 @_ssdm_op_Read.ap_auto.i8, i8 %p_ZZ25headed_compute_controllerbbjRbS_bS_S_RjPKhPhR12ComputeStateS0_RhS6_S6_S6_S_64"   --->   Operation 10 'read' 'p_ZZ25headed_compute_controllerbbjRbS_bS_S_RjPKhPhR12ComputeStateS0_RhS6_S6_S6_S_54' <Predicate = true> <Delay = 0.00>
ST_1 : Operation 11 [1/1] (0.00ns)   --->   "%p_ZZ25headed_compute_controllerbbjRbS_bS_S_RjPKhPhR12ComputeStateS0_RhS6_S6_S6_S_55 = read i8 @_ssdm_op_Read.ap_auto.i8, i8 %p_ZZ25headed_compute_controllerbbjRbS_bS_S_RjPKhPhR12ComputeStateS0_RhS6_S6_S6_S_63"   --->   Operation 11 'read' 'p_ZZ25headed_compute_controllerbbjRbS_bS_S_RjPKhPhR12ComputeStateS0_RhS6_S6_S6_S_55' <Predicate = true> <Delay = 0.00>
ST_1 : Operation 12 [1/1] (0.00ns)   --->   "%p_ZZ25headed_compute_controllerbbjRbS_bS_S_RjPKhPhR12ComputeStateS0_RhS6_S6_S6_S_56 = read i8 @_ssdm_op_Read.ap_auto.i8, i8 %p_ZZ25headed_compute_controllerbbjRbS_bS_S_RjPKhPhR12ComputeStateS0_RhS6_S6_S6_S_62"   --->   Operation 12 'read' 'p_ZZ25headed_compute_controllerbbjRbS_bS_S_RjPKhPhR12ComputeStateS0_RhS6_S6_S6_S_56' <Predicate = true> <Delay = 0.00>
ST_1 : Operation 13 [1/1] (0.00ns)   --->   "%p_ZZ25headed_compute_controllerbbjRbS_bS_S_RjPKhPhR12ComputeStateS0_RhS6_S6_S6_S_57 = read i8 @_ssdm_op_Read.ap_auto.i8, i8 %p_ZZ25headed_compute_controllerbbjRbS_bS_S_RjPKhPhR12ComputeStateS0_RhS6_S6_S6_S_61"   --->   Operation 13 'read' 'p_ZZ25headed_compute_controllerbbjRbS_bS_S_RjPKhPhR12ComputeStateS0_RhS6_S6_S6_S_57' <Predicate = true> <Delay = 0.00>
ST_1 : Operation 14 [1/1] (0.00ns)   --->   "%p_ZZ25headed_compute_controllerbbjRbS_bS_S_RjPKhPhR12ComputeStateS0_RhS6_S6_S6_S_58 = read i8 @_ssdm_op_Read.ap_auto.i8, i8 %p_ZZ25headed_compute_controllerbbjRbS_bS_S_RjPKhPhR12ComputeStateS0_RhS6_S6_S6_S_60"   --->   Operation 14 'read' 'p_ZZ25headed_compute_controllerbbjRbS_bS_S_RjPKhPhR12ComputeStateS0_RhS6_S6_S6_S_58' <Predicate = true> <Delay = 0.00>
ST_1 : Operation 15 [1/1] (0.00ns)   --->   "%headed_compute_controller_bool_bool_unsigned_int_bool_bool_bool_bool_b_110 = read i8 @_ssdm_op_Read.ap_auto.i8, i8 %headed_compute_controller_bool_bool_unsigned_int_bool_bool_bool_bool_b_137"   --->   Operation 15 'read' 'headed_compute_controller_bool_bool_unsigned_int_bool_bool_bool_bool_b_110' <Predicate = true> <Delay = 0.00>
ST_1 : Operation 16 [1/1] (0.00ns)   --->   "%headed_compute_controller_bool_bool_unsigned_int_bool_bool_bool_bool_b_111 = read i8 @_ssdm_op_Read.ap_auto.i8, i8 %headed_compute_controller_bool_bool_unsigned_int_bool_bool_bool_bool_b_136"   --->   Operation 16 'read' 'headed_compute_controller_bool_bool_unsigned_int_bool_bool_bool_bool_b_111' <Predicate = true> <Delay = 0.00>
ST_1 : Operation 17 [1/1] (0.00ns)   --->   "%headed_compute_controller_bool_bool_unsigned_int_bool_bool_bool_bool_b_112 = read i8 @_ssdm_op_Read.ap_auto.i8, i8 %headed_compute_controller_bool_bool_unsigned_int_bool_bool_bool_bool_b_135"   --->   Operation 17 'read' 'headed_compute_controller_bool_bool_unsigned_int_bool_bool_bool_bool_b_112' <Predicate = true> <Delay = 0.00>
ST_1 : Operation 18 [1/1] (0.00ns)   --->   "%headed_compute_controller_bool_bool_unsigned_int_bool_bool_bool_bool_b_113 = read i8 @_ssdm_op_Read.ap_auto.i8, i8 %headed_compute_controller_bool_bool_unsigned_int_bool_bool_bool_bool_b_134"   --->   Operation 18 'read' 'headed_compute_controller_bool_bool_unsigned_int_bool_bool_bool_bool_b_113' <Predicate = true> <Delay = 0.00>
ST_1 : Operation 19 [1/1] (0.00ns)   --->   "%headed_compute_controller_bool_bool_unsigned_int_bool_bool_bool_bool_b_118 = read i8 @_ssdm_op_Read.ap_auto.i8, i8 %headed_compute_controller_bool_bool_unsigned_int_bool_bool_bool_bool_b_133"   --->   Operation 19 'read' 'headed_compute_controller_bool_bool_unsigned_int_bool_bool_bool_bool_b_118' <Predicate = true> <Delay = 0.00>
ST_1 : Operation 20 [1/1] (0.00ns)   --->   "%headed_compute_controller_bool_bool_unsigned_int_bool_bool_bool_bool_b_119 = read i8 @_ssdm_op_Read.ap_auto.i8, i8 %headed_compute_controller_bool_bool_unsigned_int_bool_bool_bool_bool_b_132"   --->   Operation 20 'read' 'headed_compute_controller_bool_bool_unsigned_int_bool_bool_bool_bool_b_119' <Predicate = true> <Delay = 0.00>
ST_1 : Operation 21 [1/1] (0.00ns)   --->   "%headed_compute_controller_bool_bool_unsigned_int_bool_bool_bool_bool_b_120 = read i8 @_ssdm_op_Read.ap_auto.i8, i8 %headed_compute_controller_bool_bool_unsigned_int_bool_bool_bool_bool_b_131"   --->   Operation 21 'read' 'headed_compute_controller_bool_bool_unsigned_int_bool_bool_bool_bool_b_120' <Predicate = true> <Delay = 0.00>
ST_1 : Operation 22 [1/1] (0.00ns)   --->   "%headed_compute_controller_bool_bool_unsigned_int_bool_bool_bool_bool_b_121 = read i8 @_ssdm_op_Read.ap_auto.i8, i8 %headed_compute_controller_bool_bool_unsigned_int_bool_bool_bool_bool_b_130"   --->   Operation 22 'read' 'headed_compute_controller_bool_bool_unsigned_int_bool_bool_bool_bool_b_121' <Predicate = true> <Delay = 0.00>
ST_1 : Operation 23 [1/1] (0.00ns)   --->   "%headed_compute_controller_bool_bool_unsigned_int_bool_bool_bool_bool_b_122 = read i8 @_ssdm_op_Read.ap_auto.i8, i8 %headed_compute_controller_bool_bool_unsigned_int_bool_bool_bool_bool_b_129"   --->   Operation 23 'read' 'headed_compute_controller_bool_bool_unsigned_int_bool_bool_bool_bool_b_122' <Predicate = true> <Delay = 0.00>
ST_1 : Operation 24 [1/1] (0.00ns)   --->   "%headed_compute_controller_bool_bool_unsigned_int_bool_bool_bool_bool_b_123 = read i8 @_ssdm_op_Read.ap_auto.i8, i8 %headed_compute_controller_bool_bool_unsigned_int_bool_bool_bool_bool_b_128"   --->   Operation 24 'read' 'headed_compute_controller_bool_bool_unsigned_int_bool_bool_bool_bool_b_123' <Predicate = true> <Delay = 0.00>
ST_1 : Operation 25 [1/1] (0.00ns)   --->   "%sext_ln139_read = read i8 @_ssdm_op_Read.ap_auto.i8, i8 %sext_ln139"   --->   Operation 25 'read' 'sext_ln139_read' <Predicate = true> <Delay = 0.00>
ST_1 : Operation 26 [1/1] (0.00ns)   --->   "%headed_compute_controller_bool_bool_unsigned_int_bool_bool_bool_bool_b_124 = read i4 @_ssdm_op_Read.ap_auto.i4, i4 %headed_compute_controller_bool_bool_unsigned_int_bool_bool_bool_bool_b_117"   --->   Operation 26 'read' 'headed_compute_controller_bool_bool_unsigned_int_bool_bool_bool_bool_b_124' <Predicate = true> <Delay = 0.00>
ST_1 : Operation 27 [1/1] (0.00ns)   --->   "%headed_compute_controller_bool_bool_unsigned_int_bool_bool_bool_bool_b_125 = read i4 @_ssdm_op_Read.ap_auto.i4, i4 %headed_compute_controller_bool_bool_unsigned_int_bool_bool_bool_bool_b_116"   --->   Operation 27 'read' 'headed_compute_controller_bool_bool_unsigned_int_bool_bool_bool_bool_b_125' <Predicate = true> <Delay = 0.00>
ST_1 : Operation 28 [1/1] (0.00ns)   --->   "%headed_compute_controller_bool_bool_unsigned_int_bool_bool_bool_bool_b_126 = read i4 @_ssdm_op_Read.ap_auto.i4, i4 %headed_compute_controller_bool_bool_unsigned_int_bool_bool_bool_bool_b_115"   --->   Operation 28 'read' 'headed_compute_controller_bool_bool_unsigned_int_bool_bool_bool_bool_b_126' <Predicate = true> <Delay = 0.00>
ST_1 : Operation 29 [1/1] (0.00ns)   --->   "%headed_compute_controller_bool_bool_unsigned_int_bool_bool_bool_bool_b_127 = read i4 @_ssdm_op_Read.ap_auto.i4, i4 %headed_compute_controller_bool_bool_unsigned_int_bool_bool_bool_bool_b_114"   --->   Operation 29 'read' 'headed_compute_controller_bool_bool_unsigned_int_bool_bool_bool_bool_b_127' <Predicate = true> <Delay = 0.00>
ST_1 : Operation 30 [1/1] (0.00ns)   --->   "%p_ZZ25headed_compute_controllerbbjRbS_bS_S_RjPKhPhR12ComputeStateS0_RhS6_S6_S6_S_59 = sext i8 %p_ZZ25headed_compute_controllerbbjRbS_bS_S_RjPKhPhR12ComputeStateS0_RhS6_S6_S6_S_54"   --->   Operation 30 'sext' 'p_ZZ25headed_compute_controllerbbjRbS_bS_S_RjPKhPhR12ComputeStateS0_RhS6_S6_S6_S_59' <Predicate = true> <Delay = 0.00>
ST_1 : Operation 31 [1/1] (0.00ns)   --->   "%p_ZZ25headed_compute_controllerbbjRbS_bS_S_RjPKhPhR12ComputeStateS0_RhS6_S6_S6_S_65 = sext i8 %p_ZZ25headed_compute_controllerbbjRbS_bS_S_RjPKhPhR12ComputeStateS0_RhS6_S6_S6_S_55"   --->   Operation 31 'sext' 'p_ZZ25headed_compute_controllerbbjRbS_bS_S_RjPKhPhR12ComputeStateS0_RhS6_S6_S6_S_65' <Predicate = true> <Delay = 0.00>
ST_1 : Operation 32 [1/1] (0.00ns)   --->   "%p_ZZ25headed_compute_controllerbbjRbS_bS_S_RjPKhPhR12ComputeStateS0_RhS6_S6_S6_S_66 = sext i8 %p_ZZ25headed_compute_controllerbbjRbS_bS_S_RjPKhPhR12ComputeStateS0_RhS6_S6_S6_S_56"   --->   Operation 32 'sext' 'p_ZZ25headed_compute_controllerbbjRbS_bS_S_RjPKhPhR12ComputeStateS0_RhS6_S6_S6_S_66' <Predicate = true> <Delay = 0.00>
ST_1 : Operation 33 [1/1] (0.00ns)   --->   "%p_ZZ25headed_compute_controllerbbjRbS_bS_S_RjPKhPhR12ComputeStateS0_RhS6_S6_S6_S_67 = sext i8 %p_ZZ25headed_compute_controllerbbjRbS_bS_S_RjPKhPhR12ComputeStateS0_RhS6_S6_S6_S_57"   --->   Operation 33 'sext' 'p_ZZ25headed_compute_controllerbbjRbS_bS_S_RjPKhPhR12ComputeStateS0_RhS6_S6_S6_S_67' <Predicate = true> <Delay = 0.00>
ST_1 : Operation 34 [1/1] (0.00ns)   --->   "%p_ZZ25headed_compute_controllerbbjRbS_bS_S_RjPKhPhR12ComputeStateS0_RhS6_S6_S6_S_68 = sext i8 %p_ZZ25headed_compute_controllerbbjRbS_bS_S_RjPKhPhR12ComputeStateS0_RhS6_S6_S6_S_58"   --->   Operation 34 'sext' 'p_ZZ25headed_compute_controllerbbjRbS_bS_S_RjPKhPhR12ComputeStateS0_RhS6_S6_S6_S_68' <Predicate = true> <Delay = 0.00>
ST_1 : Operation 35 [1/1] (0.00ns)   --->   "%headed_compute_controller_bool_bool_unsigned_int_bool_bool_bool_bool_b_138 = sext i8 %headed_compute_controller_bool_bool_unsigned_int_bool_bool_bool_bool_b_110"   --->   Operation 35 'sext' 'headed_compute_controller_bool_bool_unsigned_int_bool_bool_bool_bool_b_138' <Predicate = true> <Delay = 0.00>
ST_1 : Operation 36 [1/1] (0.00ns)   --->   "%headed_compute_controller_bool_bool_unsigned_int_bool_bool_bool_bool_b_139 = sext i8 %headed_compute_controller_bool_bool_unsigned_int_bool_bool_bool_bool_b_111"   --->   Operation 36 'sext' 'headed_compute_controller_bool_bool_unsigned_int_bool_bool_bool_bool_b_139' <Predicate = true> <Delay = 0.00>
ST_1 : Operation 37 [1/1] (0.00ns)   --->   "%headed_compute_controller_bool_bool_unsigned_int_bool_bool_bool_bool_b_140 = sext i8 %headed_compute_controller_bool_bool_unsigned_int_bool_bool_bool_bool_b_112"   --->   Operation 37 'sext' 'headed_compute_controller_bool_bool_unsigned_int_bool_bool_bool_bool_b_140' <Predicate = true> <Delay = 0.00>
ST_1 : Operation 38 [1/1] (0.00ns)   --->   "%headed_compute_controller_bool_bool_unsigned_int_bool_bool_bool_bool_b_141 = sext i8 %headed_compute_controller_bool_bool_unsigned_int_bool_bool_bool_bool_b_113"   --->   Operation 38 'sext' 'headed_compute_controller_bool_bool_unsigned_int_bool_bool_bool_bool_b_141' <Predicate = true> <Delay = 0.00>
ST_1 : Operation 39 [1/1] (0.00ns)   --->   "%headed_compute_controller_bool_bool_unsigned_int_bool_bool_bool_bool_b_142 = sext i8 %headed_compute_controller_bool_bool_unsigned_int_bool_bool_bool_bool_b_118"   --->   Operation 39 'sext' 'headed_compute_controller_bool_bool_unsigned_int_bool_bool_bool_bool_b_142' <Predicate = true> <Delay = 0.00>
ST_1 : Operation 40 [1/1] (0.00ns)   --->   "%headed_compute_controller_bool_bool_unsigned_int_bool_bool_bool_bool_b_143 = sext i8 %headed_compute_controller_bool_bool_unsigned_int_bool_bool_bool_bool_b_119"   --->   Operation 40 'sext' 'headed_compute_controller_bool_bool_unsigned_int_bool_bool_bool_bool_b_143' <Predicate = true> <Delay = 0.00>
ST_1 : Operation 41 [1/1] (0.00ns)   --->   "%headed_compute_controller_bool_bool_unsigned_int_bool_bool_bool_bool_b_144 = sext i8 %headed_compute_controller_bool_bool_unsigned_int_bool_bool_bool_bool_b_120"   --->   Operation 41 'sext' 'headed_compute_controller_bool_bool_unsigned_int_bool_bool_bool_bool_b_144' <Predicate = true> <Delay = 0.00>
ST_1 : Operation 42 [1/1] (0.00ns)   --->   "%headed_compute_controller_bool_bool_unsigned_int_bool_bool_bool_bool_b_145 = sext i8 %headed_compute_controller_bool_bool_unsigned_int_bool_bool_bool_bool_b_121"   --->   Operation 42 'sext' 'headed_compute_controller_bool_bool_unsigned_int_bool_bool_bool_bool_b_145' <Predicate = true> <Delay = 0.00>
ST_1 : Operation 43 [1/1] (0.00ns)   --->   "%headed_compute_controller_bool_bool_unsigned_int_bool_bool_bool_bool_b_146 = sext i8 %headed_compute_controller_bool_bool_unsigned_int_bool_bool_bool_bool_b_122"   --->   Operation 43 'sext' 'headed_compute_controller_bool_bool_unsigned_int_bool_bool_bool_bool_b_146' <Predicate = true> <Delay = 0.00>
ST_1 : Operation 44 [1/1] (0.00ns)   --->   "%headed_compute_controller_bool_bool_unsigned_int_bool_bool_bool_bool_b_147 = sext i8 %headed_compute_controller_bool_bool_unsigned_int_bool_bool_bool_bool_b_123"   --->   Operation 44 'sext' 'headed_compute_controller_bool_bool_unsigned_int_bool_bool_bool_bool_b_147' <Predicate = true> <Delay = 0.00>
ST_1 : Operation 45 [1/1] (0.00ns)   --->   "%sext_ln139_cast = sext i8 %sext_ln139_read"   --->   Operation 45 'sext' 'sext_ln139_cast' <Predicate = true> <Delay = 0.00>
ST_1 : Operation 46 [1/1] (0.42ns)   --->   "%store_ln139 = store i5 0, i5 %out" [/home/luka/Scripting/ELEC_498-Capstone-LiteLM/HLS-Verilog/Transformer_logic/src-hls/headed_compute_controller.cpp:139->/home/luka/Scripting/ELEC_498-Capstone-LiteLM/HLS-Verilog/Transformer_logic/src-hls/headed_compute_controller.cpp:687]   --->   Operation 46 'store' 'store_ln139' <Predicate = true> <Delay = 0.42>
ST_1 : Operation 47 [1/1] (0.00ns)   --->   "%br_ln0 = br void %for.body.i"   --->   Operation 47 'br' 'br_ln0' <Predicate = true> <Delay = 0.00>
ST_1 : Operation 48 [1/1] (0.00ns)   --->   "%out_1 = load i5 %out" [/home/luka/Scripting/ELEC_498-Capstone-LiteLM/HLS-Verilog/Transformer_logic/src-hls/headed_compute_controller.cpp:139->/home/luka/Scripting/ELEC_498-Capstone-LiteLM/HLS-Verilog/Transformer_logic/src-hls/headed_compute_controller.cpp:687]   --->   Operation 48 'load' 'out_1' <Predicate = true> <Delay = 0.00>
ST_1 : Operation 49 [1/1] (0.78ns)   --->   "%icmp_ln139 = icmp_eq  i5 %out_1, i5 16" [/home/luka/Scripting/ELEC_498-Capstone-LiteLM/HLS-Verilog/Transformer_logic/src-hls/headed_compute_controller.cpp:139->/home/luka/Scripting/ELEC_498-Capstone-LiteLM/HLS-Verilog/Transformer_logic/src-hls/headed_compute_controller.cpp:687]   --->   Operation 49 'icmp' 'icmp_ln139' <Predicate = true> <Delay = 0.78> <CoreInst = "Cmp">   --->   Core 9 'Cmp' <Latency = 0> <II = 1> <Delay = 0.78> <FuncUnit> <Opcode : 'seteq' 'setne' 'setle' 'setge' 'setlt' 'setgt'> <InPorts = 2> <OutPorts = 1>
ST_1 : Operation 50 [1/1] (0.78ns)   --->   "%add_ln139 = add i5 %out_1, i5 1" [/home/luka/Scripting/ELEC_498-Capstone-LiteLM/HLS-Verilog/Transformer_logic/src-hls/headed_compute_controller.cpp:139->/home/luka/Scripting/ELEC_498-Capstone-LiteLM/HLS-Verilog/Transformer_logic/src-hls/headed_compute_controller.cpp:687]   --->   Operation 50 'add' 'add_ln139' <Predicate = true> <Delay = 0.78> <CoreInst = "Adder">   --->   Core 1 'Adder' <Latency = 0> <II = 1> <Delay = 0.78> <FuncUnit> <Opcode : 'add' 'sub'> <InPorts = 2> <OutPorts = 1>
ST_1 : Operation 51 [1/1] (0.00ns)   --->   "%br_ln139 = br i1 %icmp_ln139, void %for.body.i.split, void %for.cond.cleanup.i.exitStub" [/home/luka/Scripting/ELEC_498-Capstone-LiteLM/HLS-Verilog/Transformer_logic/src-hls/headed_compute_controller.cpp:139->/home/luka/Scripting/ELEC_498-Capstone-LiteLM/HLS-Verilog/Transformer_logic/src-hls/headed_compute_controller.cpp:687]   --->   Operation 51 'br' 'br_ln139' <Predicate = true> <Delay = 0.00>
ST_1 : Operation 52 [1/1] (0.00ns)   --->   "%zext_ln139 = zext i5 %out_1" [/home/luka/Scripting/ELEC_498-Capstone-LiteLM/HLS-Verilog/Transformer_logic/src-hls/headed_compute_controller.cpp:139->/home/luka/Scripting/ELEC_498-Capstone-LiteLM/HLS-Verilog/Transformer_logic/src-hls/headed_compute_controller.cpp:687]   --->   Operation 52 'zext' 'zext_ln139' <Predicate = (!icmp_ln139)> <Delay = 0.00>
ST_1 : Operation 53 [1/1] (0.00ns)   --->   "%trunc_ln139 = trunc i5 %out_1" [/home/luka/Scripting/ELEC_498-Capstone-LiteLM/HLS-Verilog/Transformer_logic/src-hls/headed_compute_controller.cpp:139->/home/luka/Scripting/ELEC_498-Capstone-LiteLM/HLS-Verilog/Transformer_logic/src-hls/headed_compute_controller.cpp:687]   --->   Operation 53 'trunc' 'trunc_ln139' <Predicate = (!icmp_ln139)> <Delay = 0.00>
ST_1 : Operation 54 [1/1] (0.48ns)   --->   "%acc = sparsemux i4 @_ssdm_op_SparseMux.ap_auto.16i4.i4.i4, i4 0, i4 %headed_compute_controller_bool_bool_unsigned_int_bool_bool_bool_bool_b_127, i4 1, i4 %headed_compute_controller_bool_bool_unsigned_int_bool_bool_bool_bool_b_126, i4 2, i4 %headed_compute_controller_bool_bool_unsigned_int_bool_bool_bool_bool_b_125, i4 3, i4 %headed_compute_controller_bool_bool_unsigned_int_bool_bool_bool_bool_b_124, i4 4, i4 0, i4 5, i4 0, i4 6, i4 0, i4 7, i4 0, i4 8, i4 0, i4 9, i4 0, i4 10, i4 0, i4 11, i4 0, i4 12, i4 0, i4 13, i4 0, i4 14, i4 0, i4 15, i4 0, i4 0, i4 %trunc_ln139" [/home/luka/Scripting/ELEC_498-Capstone-LiteLM/HLS-Verilog/Transformer_logic/src-hls/headed_compute_controller.cpp:140->/home/luka/Scripting/ELEC_498-Capstone-LiteLM/HLS-Verilog/Transformer_logic/src-hls/headed_compute_controller.cpp:687]   --->   Operation 54 'sparsemux' 'acc' <Predicate = (!icmp_ln139)> <Delay = 0.48> <CoreInst = "BinarySparseMux_DontCare">   --->   Core 149 'BinarySparseMux_DontCare' <Latency = 0> <II = 1> <Delay = 0.48> <FuncUnit> <Opcode : 'sparsemux'> <InPorts = 2> <OutPorts = 1>
ST_1 : Operation 55 [1/1] (0.00ns)   --->   "%p_ZZ25headed_compute_controllerbbjRbS_bS_S_RjPKhPhR12ComputeStateS0_RhS6_S6_S6_S_74 = getelementptr i8 %p_ZZ25headed_compute_controllerbbjRbS_bS_S_RjPKhPhR12ComputeStateS0_RhS6_S6_S6_S_12, i64 0, i64 %zext_ln139" [/home/luka/Scripting/ELEC_498-Capstone-LiteLM/HLS-Verilog/Transformer_logic/src-hls/headed_compute_controller.cpp:139->/home/luka/Scripting/ELEC_498-Capstone-LiteLM/HLS-Verilog/Transformer_logic/src-hls/headed_compute_controller.cpp:687]   --->   Operation 55 'getelementptr' 'p_ZZ25headed_compute_controllerbbjRbS_bS_S_RjPKhPhR12ComputeStateS0_RhS6_S6_S6_S_74' <Predicate = (!icmp_ln139)> <Delay = 0.00>
ST_1 : Operation 56 [2/2] (0.67ns)   --->   "%w_15 = load i4 %p_ZZ25headed_compute_controllerbbjRbS_bS_S_RjPKhPhR12ComputeStateS0_RhS6_S6_S6_S_74" [/home/luka/Scripting/ELEC_498-Capstone-LiteLM/HLS-Verilog/Transformer_logic/src-hls/headed_compute_controller.cpp:139->/home/luka/Scripting/ELEC_498-Capstone-LiteLM/HLS-Verilog/Transformer_logic/src-hls/headed_compute_controller.cpp:687]   --->   Operation 56 'load' 'w_15' <Predicate = (!icmp_ln139)> <Delay = 0.67> <CoreInst = "RAM">   --->   Core 82 'RAM' <Latency = 1> <II = 1> <Delay = 0.67> <Storage> <Opcode : 'load' 'store'> <Ports = 2> <Width = 8> <Depth = 16> <RAM>
ST_1 : Operation 57 [1/1] (0.79ns)   --->   "%switch_ln145 = switch i4 %trunc_ln139, void %arrayidx26.i37.case.15, i4 0, void %arrayidx26.i37.case.0, i4 1, void %arrayidx26.i37.case.1, i4 2, void %arrayidx26.i37.case.2, i4 3, void %arrayidx26.i37.case.3, i4 4, void %arrayidx26.i37.case.4, i4 5, void %arrayidx26.i37.case.5, i4 6, void %arrayidx26.i37.case.6, i4 7, void %arrayidx26.i37.case.7, i4 8, void %arrayidx26.i37.case.8, i4 9, void %arrayidx26.i37.case.9, i4 10, void %arrayidx26.i37.case.10, i4 11, void %arrayidx26.i37.case.11, i4 12, void %arrayidx26.i37.case.12, i4 13, void %arrayidx26.i37.case.13, i4 14, void %arrayidx26.i37.case.14" [/home/luka/Scripting/ELEC_498-Capstone-LiteLM/HLS-Verilog/Transformer_logic/src-hls/headed_compute_controller.cpp:145->/home/luka/Scripting/ELEC_498-Capstone-LiteLM/HLS-Verilog/Transformer_logic/src-hls/headed_compute_controller.cpp:687]   --->   Operation 57 'switch' 'switch_ln145' <Predicate = (!icmp_ln139)> <Delay = 0.79>
ST_1 : Operation 58 [1/1] (0.42ns)   --->   "%store_ln139 = store i5 %add_ln139, i5 %out" [/home/luka/Scripting/ELEC_498-Capstone-LiteLM/HLS-Verilog/Transformer_logic/src-hls/headed_compute_controller.cpp:139->/home/luka/Scripting/ELEC_498-Capstone-LiteLM/HLS-Verilog/Transformer_logic/src-hls/headed_compute_controller.cpp:687]   --->   Operation 58 'store' 'store_ln139' <Predicate = (!icmp_ln139)> <Delay = 0.42>
ST_1 : Operation 59 [1/1] (0.00ns)   --->   "%br_ln139 = br void %for.body.i" [/home/luka/Scripting/ELEC_498-Capstone-LiteLM/HLS-Verilog/Transformer_logic/src-hls/headed_compute_controller.cpp:139->/home/luka/Scripting/ELEC_498-Capstone-LiteLM/HLS-Verilog/Transformer_logic/src-hls/headed_compute_controller.cpp:687]   --->   Operation 59 'br' 'br_ln139' <Predicate = (!icmp_ln139)> <Delay = 0.00>

State 2 <SV = 1> <Delay = 1.67>
ST_2 : Operation 60 [1/1] (0.00ns)   --->   "%headed_compute_controller_bool_bool_unsigned_int_bool_bool_bool_bool_b_149 = getelementptr i8 %headed_compute_controller_bool_bool_unsigned_int_bool_bool_bool_bool_b_32, i64 0, i64 %zext_ln139" [/home/luka/Scripting/ELEC_498-Capstone-LiteLM/HLS-Verilog/Transformer_logic/src-hls/headed_compute_controller.cpp:139->/home/luka/Scripting/ELEC_498-Capstone-LiteLM/HLS-Verilog/Transformer_logic/src-hls/headed_compute_controller.cpp:687]   --->   Operation 60 'getelementptr' 'headed_compute_controller_bool_bool_unsigned_int_bool_bool_bool_bool_b_149' <Predicate = true> <Delay = 0.00>
ST_2 : Operation 61 [1/1] (0.00ns)   --->   "%headed_compute_controller_bool_bool_unsigned_int_bool_bool_bool_bool_b_151 = getelementptr i8 %headed_compute_controller_bool_bool_unsigned_int_bool_bool_bool_bool_b_30, i64 0, i64 %zext_ln139" [/home/luka/Scripting/ELEC_498-Capstone-LiteLM/HLS-Verilog/Transformer_logic/src-hls/headed_compute_controller.cpp:139->/home/luka/Scripting/ELEC_498-Capstone-LiteLM/HLS-Verilog/Transformer_logic/src-hls/headed_compute_controller.cpp:687]   --->   Operation 61 'getelementptr' 'headed_compute_controller_bool_bool_unsigned_int_bool_bool_bool_bool_b_151' <Predicate = true> <Delay = 0.00>
ST_2 : Operation 62 [1/1] (0.00ns)   --->   "%headed_compute_controller_bool_bool_unsigned_int_bool_bool_bool_bool_b_153 = getelementptr i8 %headed_compute_controller_bool_bool_unsigned_int_bool_bool_bool_bool_b_28, i64 0, i64 %zext_ln139" [/home/luka/Scripting/ELEC_498-Capstone-LiteLM/HLS-Verilog/Transformer_logic/src-hls/headed_compute_controller.cpp:139->/home/luka/Scripting/ELEC_498-Capstone-LiteLM/HLS-Verilog/Transformer_logic/src-hls/headed_compute_controller.cpp:687]   --->   Operation 62 'getelementptr' 'headed_compute_controller_bool_bool_unsigned_int_bool_bool_bool_bool_b_153' <Predicate = true> <Delay = 0.00>
ST_2 : Operation 63 [1/1] (0.00ns)   --->   "%headed_compute_controller_bool_bool_unsigned_int_bool_bool_bool_bool_b_154 = getelementptr i8 %headed_compute_controller_bool_bool_unsigned_int_bool_bool_bool_bool_b_27, i64 0, i64 %zext_ln139" [/home/luka/Scripting/ELEC_498-Capstone-LiteLM/HLS-Verilog/Transformer_logic/src-hls/headed_compute_controller.cpp:139->/home/luka/Scripting/ELEC_498-Capstone-LiteLM/HLS-Verilog/Transformer_logic/src-hls/headed_compute_controller.cpp:687]   --->   Operation 63 'getelementptr' 'headed_compute_controller_bool_bool_unsigned_int_bool_bool_bool_bool_b_154' <Predicate = true> <Delay = 0.00>
ST_2 : Operation 64 [1/1] (0.00ns)   --->   "%headed_compute_controller_bool_bool_unsigned_int_bool_bool_bool_bool_b_155 = getelementptr i8 %headed_compute_controller_bool_bool_unsigned_int_bool_bool_bool_bool_b_26, i64 0, i64 %zext_ln139" [/home/luka/Scripting/ELEC_498-Capstone-LiteLM/HLS-Verilog/Transformer_logic/src-hls/headed_compute_controller.cpp:139->/home/luka/Scripting/ELEC_498-Capstone-LiteLM/HLS-Verilog/Transformer_logic/src-hls/headed_compute_controller.cpp:687]   --->   Operation 64 'getelementptr' 'headed_compute_controller_bool_bool_unsigned_int_bool_bool_bool_bool_b_155' <Predicate = true> <Delay = 0.00>
ST_2 : Operation 65 [1/1] (0.00ns)   --->   "%headed_compute_controller_bool_bool_unsigned_int_bool_bool_bool_bool_b_157 = getelementptr i8 %headed_compute_controller_bool_bool_unsigned_int_bool_bool_bool_bool_b_24, i64 0, i64 %zext_ln139" [/home/luka/Scripting/ELEC_498-Capstone-LiteLM/HLS-Verilog/Transformer_logic/src-hls/headed_compute_controller.cpp:139->/home/luka/Scripting/ELEC_498-Capstone-LiteLM/HLS-Verilog/Transformer_logic/src-hls/headed_compute_controller.cpp:687]   --->   Operation 65 'getelementptr' 'headed_compute_controller_bool_bool_unsigned_int_bool_bool_bool_bool_b_157' <Predicate = true> <Delay = 0.00>
ST_2 : Operation 66 [1/1] (0.00ns)   --->   "%p_ZZ25headed_compute_controllerbbjRbS_bS_S_RjPKhPhR12ComputeStateS0_RhS6_S6_S6_S_70 = getelementptr i8 %p_ZZ25headed_compute_controllerbbjRbS_bS_S_RjPKhPhR12ComputeStateS0_RhS6_S6_S6_S_16, i64 0, i64 %zext_ln139" [/home/luka/Scripting/ELEC_498-Capstone-LiteLM/HLS-Verilog/Transformer_logic/src-hls/headed_compute_controller.cpp:139->/home/luka/Scripting/ELEC_498-Capstone-LiteLM/HLS-Verilog/Transformer_logic/src-hls/headed_compute_controller.cpp:687]   --->   Operation 66 'getelementptr' 'p_ZZ25headed_compute_controllerbbjRbS_bS_S_RjPKhPhR12ComputeStateS0_RhS6_S6_S6_S_70' <Predicate = true> <Delay = 0.00>
ST_2 : Operation 67 [1/1] (0.00ns)   --->   "%p_ZZ25headed_compute_controllerbbjRbS_bS_S_RjPKhPhR12ComputeStateS0_RhS6_S6_S6_S_72 = getelementptr i8 %p_ZZ25headed_compute_controllerbbjRbS_bS_S_RjPKhPhR12ComputeStateS0_RhS6_S6_S6_S_14, i64 0, i64 %zext_ln139" [/home/luka/Scripting/ELEC_498-Capstone-LiteLM/HLS-Verilog/Transformer_logic/src-hls/headed_compute_controller.cpp:139->/home/luka/Scripting/ELEC_498-Capstone-LiteLM/HLS-Verilog/Transformer_logic/src-hls/headed_compute_controller.cpp:687]   --->   Operation 67 'getelementptr' 'p_ZZ25headed_compute_controllerbbjRbS_bS_S_RjPKhPhR12ComputeStateS0_RhS6_S6_S6_S_72' <Predicate = true> <Delay = 0.00>
ST_2 : Operation 68 [2/2] (0.67ns)   --->   "%w_1 = load i4 %headed_compute_controller_bool_bool_unsigned_int_bool_bool_bool_bool_b_149" [/home/luka/Scripting/ELEC_498-Capstone-LiteLM/HLS-Verilog/Transformer_logic/src-hls/headed_compute_controller.cpp:139->/home/luka/Scripting/ELEC_498-Capstone-LiteLM/HLS-Verilog/Transformer_logic/src-hls/headed_compute_controller.cpp:687]   --->   Operation 68 'load' 'w_1' <Predicate = true> <Delay = 0.67> <CoreInst = "RAM">   --->   Core 82 'RAM' <Latency = 1> <II = 1> <Delay = 0.67> <Storage> <Opcode : 'load' 'store'> <Ports = 2> <Width = 8> <Depth = 16> <RAM>
ST_2 : Operation 69 [2/2] (0.67ns)   --->   "%w_3 = load i4 %headed_compute_controller_bool_bool_unsigned_int_bool_bool_bool_bool_b_151" [/home/luka/Scripting/ELEC_498-Capstone-LiteLM/HLS-Verilog/Transformer_logic/src-hls/headed_compute_controller.cpp:139->/home/luka/Scripting/ELEC_498-Capstone-LiteLM/HLS-Verilog/Transformer_logic/src-hls/headed_compute_controller.cpp:687]   --->   Operation 69 'load' 'w_3' <Predicate = true> <Delay = 0.67> <CoreInst = "RAM">   --->   Core 82 'RAM' <Latency = 1> <II = 1> <Delay = 0.67> <Storage> <Opcode : 'load' 'store'> <Ports = 2> <Width = 8> <Depth = 16> <RAM>
ST_2 : Operation 70 [2/2] (0.67ns)   --->   "%w_5 = load i4 %headed_compute_controller_bool_bool_unsigned_int_bool_bool_bool_bool_b_153" [/home/luka/Scripting/ELEC_498-Capstone-LiteLM/HLS-Verilog/Transformer_logic/src-hls/headed_compute_controller.cpp:139->/home/luka/Scripting/ELEC_498-Capstone-LiteLM/HLS-Verilog/Transformer_logic/src-hls/headed_compute_controller.cpp:687]   --->   Operation 70 'load' 'w_5' <Predicate = true> <Delay = 0.67> <CoreInst = "RAM">   --->   Core 82 'RAM' <Latency = 1> <II = 1> <Delay = 0.67> <Storage> <Opcode : 'load' 'store'> <Ports = 2> <Width = 8> <Depth = 16> <RAM>
ST_2 : Operation 71 [2/2] (0.67ns)   --->   "%w_6 = load i4 %headed_compute_controller_bool_bool_unsigned_int_bool_bool_bool_bool_b_154" [/home/luka/Scripting/ELEC_498-Capstone-LiteLM/HLS-Verilog/Transformer_logic/src-hls/headed_compute_controller.cpp:139->/home/luka/Scripting/ELEC_498-Capstone-LiteLM/HLS-Verilog/Transformer_logic/src-hls/headed_compute_controller.cpp:687]   --->   Operation 71 'load' 'w_6' <Predicate = true> <Delay = 0.67> <CoreInst = "RAM">   --->   Core 82 'RAM' <Latency = 1> <II = 1> <Delay = 0.67> <Storage> <Opcode : 'load' 'store'> <Ports = 2> <Width = 8> <Depth = 16> <RAM>
ST_2 : Operation 72 [2/2] (0.67ns)   --->   "%w_7 = load i4 %headed_compute_controller_bool_bool_unsigned_int_bool_bool_bool_bool_b_155" [/home/luka/Scripting/ELEC_498-Capstone-LiteLM/HLS-Verilog/Transformer_logic/src-hls/headed_compute_controller.cpp:139->/home/luka/Scripting/ELEC_498-Capstone-LiteLM/HLS-Verilog/Transformer_logic/src-hls/headed_compute_controller.cpp:687]   --->   Operation 72 'load' 'w_7' <Predicate = true> <Delay = 0.67> <CoreInst = "RAM">   --->   Core 82 'RAM' <Latency = 1> <II = 1> <Delay = 0.67> <Storage> <Opcode : 'load' 'store'> <Ports = 2> <Width = 8> <Depth = 16> <RAM>
ST_2 : Operation 73 [2/2] (0.67ns)   --->   "%w_9 = load i4 %headed_compute_controller_bool_bool_unsigned_int_bool_bool_bool_bool_b_157" [/home/luka/Scripting/ELEC_498-Capstone-LiteLM/HLS-Verilog/Transformer_logic/src-hls/headed_compute_controller.cpp:139->/home/luka/Scripting/ELEC_498-Capstone-LiteLM/HLS-Verilog/Transformer_logic/src-hls/headed_compute_controller.cpp:687]   --->   Operation 73 'load' 'w_9' <Predicate = true> <Delay = 0.67> <CoreInst = "RAM">   --->   Core 82 'RAM' <Latency = 1> <II = 1> <Delay = 0.67> <Storage> <Opcode : 'load' 'store'> <Ports = 2> <Width = 8> <Depth = 16> <RAM>
ST_2 : Operation 74 [2/2] (0.67ns)   --->   "%w_11 = load i4 %p_ZZ25headed_compute_controllerbbjRbS_bS_S_RjPKhPhR12ComputeStateS0_RhS6_S6_S6_S_70" [/home/luka/Scripting/ELEC_498-Capstone-LiteLM/HLS-Verilog/Transformer_logic/src-hls/headed_compute_controller.cpp:139->/home/luka/Scripting/ELEC_498-Capstone-LiteLM/HLS-Verilog/Transformer_logic/src-hls/headed_compute_controller.cpp:687]   --->   Operation 74 'load' 'w_11' <Predicate = true> <Delay = 0.67> <CoreInst = "RAM">   --->   Core 82 'RAM' <Latency = 1> <II = 1> <Delay = 0.67> <Storage> <Opcode : 'load' 'store'> <Ports = 2> <Width = 8> <Depth = 16> <RAM>
ST_2 : Operation 75 [2/2] (0.67ns)   --->   "%w_13 = load i4 %p_ZZ25headed_compute_controllerbbjRbS_bS_S_RjPKhPhR12ComputeStateS0_RhS6_S6_S6_S_72" [/home/luka/Scripting/ELEC_498-Capstone-LiteLM/HLS-Verilog/Transformer_logic/src-hls/headed_compute_controller.cpp:139->/home/luka/Scripting/ELEC_498-Capstone-LiteLM/HLS-Verilog/Transformer_logic/src-hls/headed_compute_controller.cpp:687]   --->   Operation 75 'load' 'w_13' <Predicate = true> <Delay = 0.67> <CoreInst = "RAM">   --->   Core 82 'RAM' <Latency = 1> <II = 1> <Delay = 0.67> <Storage> <Opcode : 'load' 'store'> <Ports = 2> <Width = 8> <Depth = 16> <RAM>
ST_2 : Operation 76 [1/2] ( I:0.67ns O:0.67ns )   --->   "%w_15 = load i4 %p_ZZ25headed_compute_controllerbbjRbS_bS_S_RjPKhPhR12ComputeStateS0_RhS6_S6_S6_S_74" [/home/luka/Scripting/ELEC_498-Capstone-LiteLM/HLS-Verilog/Transformer_logic/src-hls/headed_compute_controller.cpp:139->/home/luka/Scripting/ELEC_498-Capstone-LiteLM/HLS-Verilog/Transformer_logic/src-hls/headed_compute_controller.cpp:687]   --->   Operation 76 'load' 'w_15' <Predicate = true> <Delay = 0.67> <CoreInst = "RAM">   --->   Core 82 'RAM' <Latency = 1> <II = 1> <Delay = 0.67> <Storage> <Opcode : 'load' 'store'> <Ports = 2> <Width = 8> <Depth = 16> <RAM>
ST_2 : Operation 77 [1/1] (0.00ns)   --->   "%sext_ln143 = sext i8 %w_15" [/home/luka/Scripting/ELEC_498-Capstone-LiteLM/HLS-Verilog/Transformer_logic/src-hls/headed_compute_controller.cpp:143->/home/luka/Scripting/ELEC_498-Capstone-LiteLM/HLS-Verilog/Transformer_logic/src-hls/headed_compute_controller.cpp:687]   --->   Operation 77 'sext' 'sext_ln143' <Predicate = true> <Delay = 0.00>
ST_2 : Operation 78 [3/3] (0.99ns) (grouped into DSP with root node add_ln143_11)   --->   "%mul_ln143 = mul i16 %sext_ln143, i16 %sext_ln139_cast" [/home/luka/Scripting/ELEC_498-Capstone-LiteLM/HLS-Verilog/Transformer_logic/src-hls/headed_compute_controller.cpp:143->/home/luka/Scripting/ELEC_498-Capstone-LiteLM/HLS-Verilog/Transformer_logic/src-hls/headed_compute_controller.cpp:687]   --->   Operation 78 'mul' 'mul_ln143' <Predicate = true> <Delay = 0.99> <CoreInst = "DSP48">   --->   Core 124 'DSP48' <Latency = 3> <II = 1> <Delay = 0.53> <IPBlock> <Opcode : 'add' 'sub' 'mul' 'select'> <InPorts = 0> <OutPorts = 1> <Sync> <CReg>

State 3 <SV = 2> <Delay = 1.67>
ST_3 : Operation 79 [1/2] ( I:0.67ns O:0.67ns )   --->   "%w_1 = load i4 %headed_compute_controller_bool_bool_unsigned_int_bool_bool_bool_bool_b_149" [/home/luka/Scripting/ELEC_498-Capstone-LiteLM/HLS-Verilog/Transformer_logic/src-hls/headed_compute_controller.cpp:139->/home/luka/Scripting/ELEC_498-Capstone-LiteLM/HLS-Verilog/Transformer_logic/src-hls/headed_compute_controller.cpp:687]   --->   Operation 79 'load' 'w_1' <Predicate = true> <Delay = 0.67> <CoreInst = "RAM">   --->   Core 82 'RAM' <Latency = 1> <II = 1> <Delay = 0.67> <Storage> <Opcode : 'load' 'store'> <Ports = 2> <Width = 8> <Depth = 16> <RAM>
ST_3 : Operation 80 [1/2] ( I:0.67ns O:0.67ns )   --->   "%w_3 = load i4 %headed_compute_controller_bool_bool_unsigned_int_bool_bool_bool_bool_b_151" [/home/luka/Scripting/ELEC_498-Capstone-LiteLM/HLS-Verilog/Transformer_logic/src-hls/headed_compute_controller.cpp:139->/home/luka/Scripting/ELEC_498-Capstone-LiteLM/HLS-Verilog/Transformer_logic/src-hls/headed_compute_controller.cpp:687]   --->   Operation 80 'load' 'w_3' <Predicate = true> <Delay = 0.67> <CoreInst = "RAM">   --->   Core 82 'RAM' <Latency = 1> <II = 1> <Delay = 0.67> <Storage> <Opcode : 'load' 'store'> <Ports = 2> <Width = 8> <Depth = 16> <RAM>
ST_3 : Operation 81 [1/2] ( I:0.67ns O:0.67ns )   --->   "%w_5 = load i4 %headed_compute_controller_bool_bool_unsigned_int_bool_bool_bool_bool_b_153" [/home/luka/Scripting/ELEC_498-Capstone-LiteLM/HLS-Verilog/Transformer_logic/src-hls/headed_compute_controller.cpp:139->/home/luka/Scripting/ELEC_498-Capstone-LiteLM/HLS-Verilog/Transformer_logic/src-hls/headed_compute_controller.cpp:687]   --->   Operation 81 'load' 'w_5' <Predicate = true> <Delay = 0.67> <CoreInst = "RAM">   --->   Core 82 'RAM' <Latency = 1> <II = 1> <Delay = 0.67> <Storage> <Opcode : 'load' 'store'> <Ports = 2> <Width = 8> <Depth = 16> <RAM>
ST_3 : Operation 82 [1/2] ( I:0.67ns O:0.67ns )   --->   "%w_6 = load i4 %headed_compute_controller_bool_bool_unsigned_int_bool_bool_bool_bool_b_154" [/home/luka/Scripting/ELEC_498-Capstone-LiteLM/HLS-Verilog/Transformer_logic/src-hls/headed_compute_controller.cpp:139->/home/luka/Scripting/ELEC_498-Capstone-LiteLM/HLS-Verilog/Transformer_logic/src-hls/headed_compute_controller.cpp:687]   --->   Operation 82 'load' 'w_6' <Predicate = true> <Delay = 0.67> <CoreInst = "RAM">   --->   Core 82 'RAM' <Latency = 1> <II = 1> <Delay = 0.67> <Storage> <Opcode : 'load' 'store'> <Ports = 2> <Width = 8> <Depth = 16> <RAM>
ST_3 : Operation 83 [1/2] ( I:0.67ns O:0.67ns )   --->   "%w_7 = load i4 %headed_compute_controller_bool_bool_unsigned_int_bool_bool_bool_bool_b_155" [/home/luka/Scripting/ELEC_498-Capstone-LiteLM/HLS-Verilog/Transformer_logic/src-hls/headed_compute_controller.cpp:139->/home/luka/Scripting/ELEC_498-Capstone-LiteLM/HLS-Verilog/Transformer_logic/src-hls/headed_compute_controller.cpp:687]   --->   Operation 83 'load' 'w_7' <Predicate = true> <Delay = 0.67> <CoreInst = "RAM">   --->   Core 82 'RAM' <Latency = 1> <II = 1> <Delay = 0.67> <Storage> <Opcode : 'load' 'store'> <Ports = 2> <Width = 8> <Depth = 16> <RAM>
ST_3 : Operation 84 [1/2] ( I:0.67ns O:0.67ns )   --->   "%w_9 = load i4 %headed_compute_controller_bool_bool_unsigned_int_bool_bool_bool_bool_b_157" [/home/luka/Scripting/ELEC_498-Capstone-LiteLM/HLS-Verilog/Transformer_logic/src-hls/headed_compute_controller.cpp:139->/home/luka/Scripting/ELEC_498-Capstone-LiteLM/HLS-Verilog/Transformer_logic/src-hls/headed_compute_controller.cpp:687]   --->   Operation 84 'load' 'w_9' <Predicate = true> <Delay = 0.67> <CoreInst = "RAM">   --->   Core 82 'RAM' <Latency = 1> <II = 1> <Delay = 0.67> <Storage> <Opcode : 'load' 'store'> <Ports = 2> <Width = 8> <Depth = 16> <RAM>
ST_3 : Operation 85 [1/2] ( I:0.67ns O:0.67ns )   --->   "%w_11 = load i4 %p_ZZ25headed_compute_controllerbbjRbS_bS_S_RjPKhPhR12ComputeStateS0_RhS6_S6_S6_S_70" [/home/luka/Scripting/ELEC_498-Capstone-LiteLM/HLS-Verilog/Transformer_logic/src-hls/headed_compute_controller.cpp:139->/home/luka/Scripting/ELEC_498-Capstone-LiteLM/HLS-Verilog/Transformer_logic/src-hls/headed_compute_controller.cpp:687]   --->   Operation 85 'load' 'w_11' <Predicate = true> <Delay = 0.67> <CoreInst = "RAM">   --->   Core 82 'RAM' <Latency = 1> <II = 1> <Delay = 0.67> <Storage> <Opcode : 'load' 'store'> <Ports = 2> <Width = 8> <Depth = 16> <RAM>
ST_3 : Operation 86 [1/2] ( I:0.67ns O:0.67ns )   --->   "%w_13 = load i4 %p_ZZ25headed_compute_controllerbbjRbS_bS_S_RjPKhPhR12ComputeStateS0_RhS6_S6_S6_S_72" [/home/luka/Scripting/ELEC_498-Capstone-LiteLM/HLS-Verilog/Transformer_logic/src-hls/headed_compute_controller.cpp:139->/home/luka/Scripting/ELEC_498-Capstone-LiteLM/HLS-Verilog/Transformer_logic/src-hls/headed_compute_controller.cpp:687]   --->   Operation 86 'load' 'w_13' <Predicate = true> <Delay = 0.67> <CoreInst = "RAM">   --->   Core 82 'RAM' <Latency = 1> <II = 1> <Delay = 0.67> <Storage> <Opcode : 'load' 'store'> <Ports = 2> <Width = 8> <Depth = 16> <RAM>
ST_3 : Operation 87 [1/1] (0.00ns)   --->   "%sext_ln142_1 = sext i8 %w_1" [/home/luka/Scripting/ELEC_498-Capstone-LiteLM/HLS-Verilog/Transformer_logic/src-hls/headed_compute_controller.cpp:142->/home/luka/Scripting/ELEC_498-Capstone-LiteLM/HLS-Verilog/Transformer_logic/src-hls/headed_compute_controller.cpp:687]   --->   Operation 87 'sext' 'sext_ln142_1' <Predicate = true> <Delay = 0.00>
ST_3 : Operation 88 [1/1] (0.00ns)   --->   "%sext_ln142_3 = sext i8 %w_3" [/home/luka/Scripting/ELEC_498-Capstone-LiteLM/HLS-Verilog/Transformer_logic/src-hls/headed_compute_controller.cpp:142->/home/luka/Scripting/ELEC_498-Capstone-LiteLM/HLS-Verilog/Transformer_logic/src-hls/headed_compute_controller.cpp:687]   --->   Operation 88 'sext' 'sext_ln142_3' <Predicate = true> <Delay = 0.00>
ST_3 : Operation 89 [1/1] (0.00ns)   --->   "%sext_ln142_5 = sext i8 %w_5" [/home/luka/Scripting/ELEC_498-Capstone-LiteLM/HLS-Verilog/Transformer_logic/src-hls/headed_compute_controller.cpp:142->/home/luka/Scripting/ELEC_498-Capstone-LiteLM/HLS-Verilog/Transformer_logic/src-hls/headed_compute_controller.cpp:687]   --->   Operation 89 'sext' 'sext_ln142_5' <Predicate = true> <Delay = 0.00>
ST_3 : Operation 90 [1/1] (0.00ns)   --->   "%sext_ln142_6 = sext i8 %w_6" [/home/luka/Scripting/ELEC_498-Capstone-LiteLM/HLS-Verilog/Transformer_logic/src-hls/headed_compute_controller.cpp:142->/home/luka/Scripting/ELEC_498-Capstone-LiteLM/HLS-Verilog/Transformer_logic/src-hls/headed_compute_controller.cpp:687]   --->   Operation 90 'sext' 'sext_ln142_6' <Predicate = true> <Delay = 0.00>
ST_3 : Operation 91 [1/1] (0.00ns)   --->   "%sext_ln142_7 = sext i8 %w_7" [/home/luka/Scripting/ELEC_498-Capstone-LiteLM/HLS-Verilog/Transformer_logic/src-hls/headed_compute_controller.cpp:142->/home/luka/Scripting/ELEC_498-Capstone-LiteLM/HLS-Verilog/Transformer_logic/src-hls/headed_compute_controller.cpp:687]   --->   Operation 91 'sext' 'sext_ln142_7' <Predicate = true> <Delay = 0.00>
ST_3 : Operation 92 [1/1] (0.00ns)   --->   "%sext_ln142_9 = sext i8 %w_9" [/home/luka/Scripting/ELEC_498-Capstone-LiteLM/HLS-Verilog/Transformer_logic/src-hls/headed_compute_controller.cpp:142->/home/luka/Scripting/ELEC_498-Capstone-LiteLM/HLS-Verilog/Transformer_logic/src-hls/headed_compute_controller.cpp:687]   --->   Operation 92 'sext' 'sext_ln142_9' <Predicate = true> <Delay = 0.00>
ST_3 : Operation 93 [1/1] (0.00ns)   --->   "%sext_ln142_11 = sext i8 %w_11" [/home/luka/Scripting/ELEC_498-Capstone-LiteLM/HLS-Verilog/Transformer_logic/src-hls/headed_compute_controller.cpp:142->/home/luka/Scripting/ELEC_498-Capstone-LiteLM/HLS-Verilog/Transformer_logic/src-hls/headed_compute_controller.cpp:687]   --->   Operation 93 'sext' 'sext_ln142_11' <Predicate = true> <Delay = 0.00>
ST_3 : Operation 94 [1/1] (0.00ns)   --->   "%sext_ln142_13 = sext i8 %w_13" [/home/luka/Scripting/ELEC_498-Capstone-LiteLM/HLS-Verilog/Transformer_logic/src-hls/headed_compute_controller.cpp:142->/home/luka/Scripting/ELEC_498-Capstone-LiteLM/HLS-Verilog/Transformer_logic/src-hls/headed_compute_controller.cpp:687]   --->   Operation 94 'sext' 'sext_ln142_13' <Predicate = true> <Delay = 0.00>
ST_3 : Operation 95 [2/3] (0.99ns) (grouped into DSP with root node add_ln143_11)   --->   "%mul_ln143 = mul i16 %sext_ln143, i16 %sext_ln139_cast" [/home/luka/Scripting/ELEC_498-Capstone-LiteLM/HLS-Verilog/Transformer_logic/src-hls/headed_compute_controller.cpp:143->/home/luka/Scripting/ELEC_498-Capstone-LiteLM/HLS-Verilog/Transformer_logic/src-hls/headed_compute_controller.cpp:687]   --->   Operation 95 'mul' 'mul_ln143' <Predicate = true> <Delay = 0.99> <CoreInst = "DSP48">   --->   Core 124 'DSP48' <Latency = 3> <II = 1> <Delay = 0.53> <IPBlock> <Opcode : 'add' 'sub' 'mul' 'select'> <InPorts = 0> <OutPorts = 1> <Sync> <CReg>
ST_3 : Operation 96 [3/3] (0.99ns) (grouped into DSP with root node add_ln143_4)   --->   "%mul_ln143_2 = mul i16 %sext_ln142_1, i16 %headed_compute_controller_bool_bool_unsigned_int_bool_bool_bool_bool_b_146" [/home/luka/Scripting/ELEC_498-Capstone-LiteLM/HLS-Verilog/Transformer_logic/src-hls/headed_compute_controller.cpp:143->/home/luka/Scripting/ELEC_498-Capstone-LiteLM/HLS-Verilog/Transformer_logic/src-hls/headed_compute_controller.cpp:687]   --->   Operation 96 'mul' 'mul_ln143_2' <Predicate = true> <Delay = 0.99> <CoreInst = "DSP48">   --->   Core 124 'DSP48' <Latency = 3> <II = 1> <Delay = 0.53> <IPBlock> <Opcode : 'add' 'sub' 'mul' 'select'> <InPorts = 0> <OutPorts = 1> <Sync> <CReg>
ST_3 : Operation 97 [3/3] (0.99ns) (grouped into DSP with root node add_ln143_7)   --->   "%mul_ln143_4 = mul i16 %sext_ln142_3, i16 %headed_compute_controller_bool_bool_unsigned_int_bool_bool_bool_bool_b_144" [/home/luka/Scripting/ELEC_498-Capstone-LiteLM/HLS-Verilog/Transformer_logic/src-hls/headed_compute_controller.cpp:143->/home/luka/Scripting/ELEC_498-Capstone-LiteLM/HLS-Verilog/Transformer_logic/src-hls/headed_compute_controller.cpp:687]   --->   Operation 97 'mul' 'mul_ln143_4' <Predicate = true> <Delay = 0.99> <CoreInst = "DSP48">   --->   Core 124 'DSP48' <Latency = 3> <II = 1> <Delay = 0.53> <IPBlock> <Opcode : 'add' 'sub' 'mul' 'select'> <InPorts = 0> <OutPorts = 1> <Sync> <CReg>
ST_3 : Operation 98 [3/3] (0.99ns) (grouped into DSP with root node add_ln143_8)   --->   "%mul_ln143_6 = mul i16 %sext_ln142_5, i16 %headed_compute_controller_bool_bool_unsigned_int_bool_bool_bool_bool_b_142" [/home/luka/Scripting/ELEC_498-Capstone-LiteLM/HLS-Verilog/Transformer_logic/src-hls/headed_compute_controller.cpp:143->/home/luka/Scripting/ELEC_498-Capstone-LiteLM/HLS-Verilog/Transformer_logic/src-hls/headed_compute_controller.cpp:687]   --->   Operation 98 'mul' 'mul_ln143_6' <Predicate = true> <Delay = 0.99> <CoreInst = "DSP48">   --->   Core 124 'DSP48' <Latency = 3> <II = 1> <Delay = 0.53> <IPBlock> <Opcode : 'add' 'sub' 'mul' 'select'> <InPorts = 0> <OutPorts = 1> <Sync> <CReg>
ST_3 : Operation 99 [3/3] (0.99ns) (grouped into DSP with root node add_ln143_12)   --->   "%mul_ln143_7 = mul i16 %sext_ln142_6, i16 %headed_compute_controller_bool_bool_unsigned_int_bool_bool_bool_bool_b_141" [/home/luka/Scripting/ELEC_498-Capstone-LiteLM/HLS-Verilog/Transformer_logic/src-hls/headed_compute_controller.cpp:143->/home/luka/Scripting/ELEC_498-Capstone-LiteLM/HLS-Verilog/Transformer_logic/src-hls/headed_compute_controller.cpp:687]   --->   Operation 99 'mul' 'mul_ln143_7' <Predicate = true> <Delay = 0.99> <CoreInst = "DSP48">   --->   Core 124 'DSP48' <Latency = 3> <II = 1> <Delay = 0.53> <IPBlock> <Opcode : 'add' 'sub' 'mul' 'select'> <InPorts = 0> <OutPorts = 1> <Sync> <CReg>
ST_3 : Operation 100 [3/3] (0.99ns) (grouped into DSP with root node add_ln143_10)   --->   "%mul_ln143_8 = mul i16 %sext_ln142_7, i16 %headed_compute_controller_bool_bool_unsigned_int_bool_bool_bool_bool_b_140" [/home/luka/Scripting/ELEC_498-Capstone-LiteLM/HLS-Verilog/Transformer_logic/src-hls/headed_compute_controller.cpp:143->/home/luka/Scripting/ELEC_498-Capstone-LiteLM/HLS-Verilog/Transformer_logic/src-hls/headed_compute_controller.cpp:687]   --->   Operation 100 'mul' 'mul_ln143_8' <Predicate = true> <Delay = 0.99> <CoreInst = "DSP48">   --->   Core 124 'DSP48' <Latency = 3> <II = 1> <Delay = 0.53> <IPBlock> <Opcode : 'add' 'sub' 'mul' 'select'> <InPorts = 0> <OutPorts = 1> <Sync> <CReg>
ST_3 : Operation 101 [3/3] (0.99ns) (grouped into DSP with root node add_ln143_1)   --->   "%mul_ln143_10 = mul i16 %sext_ln142_9, i16 %headed_compute_controller_bool_bool_unsigned_int_bool_bool_bool_bool_b_138" [/home/luka/Scripting/ELEC_498-Capstone-LiteLM/HLS-Verilog/Transformer_logic/src-hls/headed_compute_controller.cpp:143->/home/luka/Scripting/ELEC_498-Capstone-LiteLM/HLS-Verilog/Transformer_logic/src-hls/headed_compute_controller.cpp:687]   --->   Operation 101 'mul' 'mul_ln143_10' <Predicate = true> <Delay = 0.99> <CoreInst = "DSP48">   --->   Core 124 'DSP48' <Latency = 3> <II = 1> <Delay = 0.53> <IPBlock> <Opcode : 'add' 'sub' 'mul' 'select'> <InPorts = 0> <OutPorts = 1> <Sync> <CReg>
ST_3 : Operation 102 [3/3] (0.99ns) (grouped into DSP with root node add_ln143_3)   --->   "%mul_ln143_12 = mul i16 %sext_ln142_11, i16 %p_ZZ25headed_compute_controllerbbjRbS_bS_S_RjPKhPhR12ComputeStateS0_RhS6_S6_S6_S_67" [/home/luka/Scripting/ELEC_498-Capstone-LiteLM/HLS-Verilog/Transformer_logic/src-hls/headed_compute_controller.cpp:143->/home/luka/Scripting/ELEC_498-Capstone-LiteLM/HLS-Verilog/Transformer_logic/src-hls/headed_compute_controller.cpp:687]   --->   Operation 102 'mul' 'mul_ln143_12' <Predicate = true> <Delay = 0.99> <CoreInst = "DSP48">   --->   Core 124 'DSP48' <Latency = 3> <II = 1> <Delay = 0.53> <IPBlock> <Opcode : 'add' 'sub' 'mul' 'select'> <InPorts = 0> <OutPorts = 1> <Sync> <CReg>
ST_3 : Operation 103 [3/3] (0.99ns) (grouped into DSP with root node add_ln143)   --->   "%mul_ln143_14 = mul i16 %sext_ln142_13, i16 %p_ZZ25headed_compute_controllerbbjRbS_bS_S_RjPKhPhR12ComputeStateS0_RhS6_S6_S6_S_65" [/home/luka/Scripting/ELEC_498-Capstone-LiteLM/HLS-Verilog/Transformer_logic/src-hls/headed_compute_controller.cpp:143->/home/luka/Scripting/ELEC_498-Capstone-LiteLM/HLS-Verilog/Transformer_logic/src-hls/headed_compute_controller.cpp:687]   --->   Operation 103 'mul' 'mul_ln143_14' <Predicate = true> <Delay = 0.99> <CoreInst = "DSP48">   --->   Core 124 'DSP48' <Latency = 3> <II = 1> <Delay = 0.53> <IPBlock> <Opcode : 'add' 'sub' 'mul' 'select'> <InPorts = 0> <OutPorts = 1> <Sync> <CReg>

State 4 <SV = 3> <Delay = 0.99>
ST_4 : Operation 104 [1/1] (0.00ns)   --->   "%sext_ln140 = sext i4 %acc" [/home/luka/Scripting/ELEC_498-Capstone-LiteLM/HLS-Verilog/Transformer_logic/src-hls/headed_compute_controller.cpp:140->/home/luka/Scripting/ELEC_498-Capstone-LiteLM/HLS-Verilog/Transformer_logic/src-hls/headed_compute_controller.cpp:687]   --->   Operation 104 'sext' 'sext_ln140' <Predicate = true> <Delay = 0.00>
ST_4 : Operation 105 [1/1] (0.00ns)   --->   "%headed_compute_controller_bool_bool_unsigned_int_bool_bool_bool_bool_b_148 = getelementptr i8 %headed_compute_controller_bool_bool_unsigned_int_bool_bool_bool_bool_b_33, i64 0, i64 %zext_ln139" [/home/luka/Scripting/ELEC_498-Capstone-LiteLM/HLS-Verilog/Transformer_logic/src-hls/headed_compute_controller.cpp:139->/home/luka/Scripting/ELEC_498-Capstone-LiteLM/HLS-Verilog/Transformer_logic/src-hls/headed_compute_controller.cpp:687]   --->   Operation 105 'getelementptr' 'headed_compute_controller_bool_bool_unsigned_int_bool_bool_bool_bool_b_148' <Predicate = true> <Delay = 0.00>
ST_4 : Operation 106 [1/1] (0.00ns)   --->   "%headed_compute_controller_bool_bool_unsigned_int_bool_bool_bool_bool_b_150 = getelementptr i8 %headed_compute_controller_bool_bool_unsigned_int_bool_bool_bool_bool_b_31, i64 0, i64 %zext_ln139" [/home/luka/Scripting/ELEC_498-Capstone-LiteLM/HLS-Verilog/Transformer_logic/src-hls/headed_compute_controller.cpp:139->/home/luka/Scripting/ELEC_498-Capstone-LiteLM/HLS-Verilog/Transformer_logic/src-hls/headed_compute_controller.cpp:687]   --->   Operation 106 'getelementptr' 'headed_compute_controller_bool_bool_unsigned_int_bool_bool_bool_bool_b_150' <Predicate = true> <Delay = 0.00>
ST_4 : Operation 107 [1/1] (0.00ns)   --->   "%headed_compute_controller_bool_bool_unsigned_int_bool_bool_bool_bool_b_152 = getelementptr i8 %headed_compute_controller_bool_bool_unsigned_int_bool_bool_bool_bool_b_29, i64 0, i64 %zext_ln139" [/home/luka/Scripting/ELEC_498-Capstone-LiteLM/HLS-Verilog/Transformer_logic/src-hls/headed_compute_controller.cpp:139->/home/luka/Scripting/ELEC_498-Capstone-LiteLM/HLS-Verilog/Transformer_logic/src-hls/headed_compute_controller.cpp:687]   --->   Operation 107 'getelementptr' 'headed_compute_controller_bool_bool_unsigned_int_bool_bool_bool_bool_b_152' <Predicate = true> <Delay = 0.00>
ST_4 : Operation 108 [1/1] (0.00ns)   --->   "%headed_compute_controller_bool_bool_unsigned_int_bool_bool_bool_bool_b_156 = getelementptr i8 %headed_compute_controller_bool_bool_unsigned_int_bool_bool_bool_bool_b_25, i64 0, i64 %zext_ln139" [/home/luka/Scripting/ELEC_498-Capstone-LiteLM/HLS-Verilog/Transformer_logic/src-hls/headed_compute_controller.cpp:139->/home/luka/Scripting/ELEC_498-Capstone-LiteLM/HLS-Verilog/Transformer_logic/src-hls/headed_compute_controller.cpp:687]   --->   Operation 108 'getelementptr' 'headed_compute_controller_bool_bool_unsigned_int_bool_bool_bool_bool_b_156' <Predicate = true> <Delay = 0.00>
ST_4 : Operation 109 [1/1] (0.00ns)   --->   "%p_ZZ25headed_compute_controllerbbjRbS_bS_S_RjPKhPhR12ComputeStateS0_RhS6_S6_S6_S_69 = getelementptr i8 %p_ZZ25headed_compute_controllerbbjRbS_bS_S_RjPKhPhR12ComputeStateS0_RhS6_S6_S6_S_17, i64 0, i64 %zext_ln139" [/home/luka/Scripting/ELEC_498-Capstone-LiteLM/HLS-Verilog/Transformer_logic/src-hls/headed_compute_controller.cpp:139->/home/luka/Scripting/ELEC_498-Capstone-LiteLM/HLS-Verilog/Transformer_logic/src-hls/headed_compute_controller.cpp:687]   --->   Operation 109 'getelementptr' 'p_ZZ25headed_compute_controllerbbjRbS_bS_S_RjPKhPhR12ComputeStateS0_RhS6_S6_S6_S_69' <Predicate = true> <Delay = 0.00>
ST_4 : Operation 110 [1/1] (0.00ns)   --->   "%p_ZZ25headed_compute_controllerbbjRbS_bS_S_RjPKhPhR12ComputeStateS0_RhS6_S6_S6_S_71 = getelementptr i8 %p_ZZ25headed_compute_controllerbbjRbS_bS_S_RjPKhPhR12ComputeStateS0_RhS6_S6_S6_S_15, i64 0, i64 %zext_ln139" [/home/luka/Scripting/ELEC_498-Capstone-LiteLM/HLS-Verilog/Transformer_logic/src-hls/headed_compute_controller.cpp:139->/home/luka/Scripting/ELEC_498-Capstone-LiteLM/HLS-Verilog/Transformer_logic/src-hls/headed_compute_controller.cpp:687]   --->   Operation 110 'getelementptr' 'p_ZZ25headed_compute_controllerbbjRbS_bS_S_RjPKhPhR12ComputeStateS0_RhS6_S6_S6_S_71' <Predicate = true> <Delay = 0.00>
ST_4 : Operation 111 [1/1] (0.00ns)   --->   "%p_ZZ25headed_compute_controllerbbjRbS_bS_S_RjPKhPhR12ComputeStateS0_RhS6_S6_S6_S_73 = getelementptr i8 %p_ZZ25headed_compute_controllerbbjRbS_bS_S_RjPKhPhR12ComputeStateS0_RhS6_S6_S6_S_13, i64 0, i64 %zext_ln139" [/home/luka/Scripting/ELEC_498-Capstone-LiteLM/HLS-Verilog/Transformer_logic/src-hls/headed_compute_controller.cpp:139->/home/luka/Scripting/ELEC_498-Capstone-LiteLM/HLS-Verilog/Transformer_logic/src-hls/headed_compute_controller.cpp:687]   --->   Operation 111 'getelementptr' 'p_ZZ25headed_compute_controllerbbjRbS_bS_S_RjPKhPhR12ComputeStateS0_RhS6_S6_S6_S_73' <Predicate = true> <Delay = 0.00>
ST_4 : Operation 112 [2/2] (0.67ns)   --->   "%w = load i4 %headed_compute_controller_bool_bool_unsigned_int_bool_bool_bool_bool_b_148" [/home/luka/Scripting/ELEC_498-Capstone-LiteLM/HLS-Verilog/Transformer_logic/src-hls/headed_compute_controller.cpp:139->/home/luka/Scripting/ELEC_498-Capstone-LiteLM/HLS-Verilog/Transformer_logic/src-hls/headed_compute_controller.cpp:687]   --->   Operation 112 'load' 'w' <Predicate = true> <Delay = 0.67> <CoreInst = "RAM">   --->   Core 82 'RAM' <Latency = 1> <II = 1> <Delay = 0.67> <Storage> <Opcode : 'load' 'store'> <Ports = 2> <Width = 8> <Depth = 16> <RAM>
ST_4 : Operation 113 [2/2] (0.67ns)   --->   "%w_2 = load i4 %headed_compute_controller_bool_bool_unsigned_int_bool_bool_bool_bool_b_150" [/home/luka/Scripting/ELEC_498-Capstone-LiteLM/HLS-Verilog/Transformer_logic/src-hls/headed_compute_controller.cpp:139->/home/luka/Scripting/ELEC_498-Capstone-LiteLM/HLS-Verilog/Transformer_logic/src-hls/headed_compute_controller.cpp:687]   --->   Operation 113 'load' 'w_2' <Predicate = true> <Delay = 0.67> <CoreInst = "RAM">   --->   Core 82 'RAM' <Latency = 1> <II = 1> <Delay = 0.67> <Storage> <Opcode : 'load' 'store'> <Ports = 2> <Width = 8> <Depth = 16> <RAM>
ST_4 : Operation 114 [2/2] (0.67ns)   --->   "%w_4 = load i4 %headed_compute_controller_bool_bool_unsigned_int_bool_bool_bool_bool_b_152" [/home/luka/Scripting/ELEC_498-Capstone-LiteLM/HLS-Verilog/Transformer_logic/src-hls/headed_compute_controller.cpp:139->/home/luka/Scripting/ELEC_498-Capstone-LiteLM/HLS-Verilog/Transformer_logic/src-hls/headed_compute_controller.cpp:687]   --->   Operation 114 'load' 'w_4' <Predicate = true> <Delay = 0.67> <CoreInst = "RAM">   --->   Core 82 'RAM' <Latency = 1> <II = 1> <Delay = 0.67> <Storage> <Opcode : 'load' 'store'> <Ports = 2> <Width = 8> <Depth = 16> <RAM>
ST_4 : Operation 115 [2/2] (0.67ns)   --->   "%w_8 = load i4 %headed_compute_controller_bool_bool_unsigned_int_bool_bool_bool_bool_b_156" [/home/luka/Scripting/ELEC_498-Capstone-LiteLM/HLS-Verilog/Transformer_logic/src-hls/headed_compute_controller.cpp:139->/home/luka/Scripting/ELEC_498-Capstone-LiteLM/HLS-Verilog/Transformer_logic/src-hls/headed_compute_controller.cpp:687]   --->   Operation 115 'load' 'w_8' <Predicate = true> <Delay = 0.67> <CoreInst = "RAM">   --->   Core 82 'RAM' <Latency = 1> <II = 1> <Delay = 0.67> <Storage> <Opcode : 'load' 'store'> <Ports = 2> <Width = 8> <Depth = 16> <RAM>
ST_4 : Operation 116 [2/2] (0.67ns)   --->   "%w_10 = load i4 %p_ZZ25headed_compute_controllerbbjRbS_bS_S_RjPKhPhR12ComputeStateS0_RhS6_S6_S6_S_69" [/home/luka/Scripting/ELEC_498-Capstone-LiteLM/HLS-Verilog/Transformer_logic/src-hls/headed_compute_controller.cpp:139->/home/luka/Scripting/ELEC_498-Capstone-LiteLM/HLS-Verilog/Transformer_logic/src-hls/headed_compute_controller.cpp:687]   --->   Operation 116 'load' 'w_10' <Predicate = true> <Delay = 0.67> <CoreInst = "RAM">   --->   Core 82 'RAM' <Latency = 1> <II = 1> <Delay = 0.67> <Storage> <Opcode : 'load' 'store'> <Ports = 2> <Width = 8> <Depth = 16> <RAM>
ST_4 : Operation 117 [2/2] (0.67ns)   --->   "%w_12 = load i4 %p_ZZ25headed_compute_controllerbbjRbS_bS_S_RjPKhPhR12ComputeStateS0_RhS6_S6_S6_S_71" [/home/luka/Scripting/ELEC_498-Capstone-LiteLM/HLS-Verilog/Transformer_logic/src-hls/headed_compute_controller.cpp:139->/home/luka/Scripting/ELEC_498-Capstone-LiteLM/HLS-Verilog/Transformer_logic/src-hls/headed_compute_controller.cpp:687]   --->   Operation 117 'load' 'w_12' <Predicate = true> <Delay = 0.67> <CoreInst = "RAM">   --->   Core 82 'RAM' <Latency = 1> <II = 1> <Delay = 0.67> <Storage> <Opcode : 'load' 'store'> <Ports = 2> <Width = 8> <Depth = 16> <RAM>
ST_4 : Operation 118 [2/2] (0.67ns)   --->   "%w_14 = load i4 %p_ZZ25headed_compute_controllerbbjRbS_bS_S_RjPKhPhR12ComputeStateS0_RhS6_S6_S6_S_73" [/home/luka/Scripting/ELEC_498-Capstone-LiteLM/HLS-Verilog/Transformer_logic/src-hls/headed_compute_controller.cpp:139->/home/luka/Scripting/ELEC_498-Capstone-LiteLM/HLS-Verilog/Transformer_logic/src-hls/headed_compute_controller.cpp:687]   --->   Operation 118 'load' 'w_14' <Predicate = true> <Delay = 0.67> <CoreInst = "RAM">   --->   Core 82 'RAM' <Latency = 1> <II = 1> <Delay = 0.67> <Storage> <Opcode : 'load' 'store'> <Ports = 2> <Width = 8> <Depth = 16> <RAM>
ST_4 : Operation 119 [1/3] (0.00ns) (grouped into DSP with root node add_ln143_11)   --->   "%mul_ln143 = mul i16 %sext_ln143, i16 %sext_ln139_cast" [/home/luka/Scripting/ELEC_498-Capstone-LiteLM/HLS-Verilog/Transformer_logic/src-hls/headed_compute_controller.cpp:143->/home/luka/Scripting/ELEC_498-Capstone-LiteLM/HLS-Verilog/Transformer_logic/src-hls/headed_compute_controller.cpp:687]   --->   Operation 119 'mul' 'mul_ln143' <Predicate = true> <Delay = 0.00> <CoreInst = "DSP48">   --->   Core 124 'DSP48' <Latency = 3> <II = 1> <Delay = 0.53> <IPBlock> <Opcode : 'add' 'sub' 'mul' 'select'> <InPorts = 0> <OutPorts = 1> <Sync> <CReg>
ST_4 : Operation 120 [2/3] (0.99ns) (grouped into DSP with root node add_ln143_4)   --->   "%mul_ln143_2 = mul i16 %sext_ln142_1, i16 %headed_compute_controller_bool_bool_unsigned_int_bool_bool_bool_bool_b_146" [/home/luka/Scripting/ELEC_498-Capstone-LiteLM/HLS-Verilog/Transformer_logic/src-hls/headed_compute_controller.cpp:143->/home/luka/Scripting/ELEC_498-Capstone-LiteLM/HLS-Verilog/Transformer_logic/src-hls/headed_compute_controller.cpp:687]   --->   Operation 120 'mul' 'mul_ln143_2' <Predicate = true> <Delay = 0.99> <CoreInst = "DSP48">   --->   Core 124 'DSP48' <Latency = 3> <II = 1> <Delay = 0.53> <IPBlock> <Opcode : 'add' 'sub' 'mul' 'select'> <InPorts = 0> <OutPorts = 1> <Sync> <CReg>
ST_4 : Operation 121 [2/3] (0.99ns) (grouped into DSP with root node add_ln143_7)   --->   "%mul_ln143_4 = mul i16 %sext_ln142_3, i16 %headed_compute_controller_bool_bool_unsigned_int_bool_bool_bool_bool_b_144" [/home/luka/Scripting/ELEC_498-Capstone-LiteLM/HLS-Verilog/Transformer_logic/src-hls/headed_compute_controller.cpp:143->/home/luka/Scripting/ELEC_498-Capstone-LiteLM/HLS-Verilog/Transformer_logic/src-hls/headed_compute_controller.cpp:687]   --->   Operation 121 'mul' 'mul_ln143_4' <Predicate = true> <Delay = 0.99> <CoreInst = "DSP48">   --->   Core 124 'DSP48' <Latency = 3> <II = 1> <Delay = 0.53> <IPBlock> <Opcode : 'add' 'sub' 'mul' 'select'> <InPorts = 0> <OutPorts = 1> <Sync> <CReg>
ST_4 : Operation 122 [2/3] (0.99ns) (grouped into DSP with root node add_ln143_8)   --->   "%mul_ln143_6 = mul i16 %sext_ln142_5, i16 %headed_compute_controller_bool_bool_unsigned_int_bool_bool_bool_bool_b_142" [/home/luka/Scripting/ELEC_498-Capstone-LiteLM/HLS-Verilog/Transformer_logic/src-hls/headed_compute_controller.cpp:143->/home/luka/Scripting/ELEC_498-Capstone-LiteLM/HLS-Verilog/Transformer_logic/src-hls/headed_compute_controller.cpp:687]   --->   Operation 122 'mul' 'mul_ln143_6' <Predicate = true> <Delay = 0.99> <CoreInst = "DSP48">   --->   Core 124 'DSP48' <Latency = 3> <II = 1> <Delay = 0.53> <IPBlock> <Opcode : 'add' 'sub' 'mul' 'select'> <InPorts = 0> <OutPorts = 1> <Sync> <CReg>
ST_4 : Operation 123 [2/3] (0.99ns) (grouped into DSP with root node add_ln143_12)   --->   "%mul_ln143_7 = mul i16 %sext_ln142_6, i16 %headed_compute_controller_bool_bool_unsigned_int_bool_bool_bool_bool_b_141" [/home/luka/Scripting/ELEC_498-Capstone-LiteLM/HLS-Verilog/Transformer_logic/src-hls/headed_compute_controller.cpp:143->/home/luka/Scripting/ELEC_498-Capstone-LiteLM/HLS-Verilog/Transformer_logic/src-hls/headed_compute_controller.cpp:687]   --->   Operation 123 'mul' 'mul_ln143_7' <Predicate = true> <Delay = 0.99> <CoreInst = "DSP48">   --->   Core 124 'DSP48' <Latency = 3> <II = 1> <Delay = 0.53> <IPBlock> <Opcode : 'add' 'sub' 'mul' 'select'> <InPorts = 0> <OutPorts = 1> <Sync> <CReg>
ST_4 : Operation 124 [2/3] (0.99ns) (grouped into DSP with root node add_ln143_10)   --->   "%mul_ln143_8 = mul i16 %sext_ln142_7, i16 %headed_compute_controller_bool_bool_unsigned_int_bool_bool_bool_bool_b_140" [/home/luka/Scripting/ELEC_498-Capstone-LiteLM/HLS-Verilog/Transformer_logic/src-hls/headed_compute_controller.cpp:143->/home/luka/Scripting/ELEC_498-Capstone-LiteLM/HLS-Verilog/Transformer_logic/src-hls/headed_compute_controller.cpp:687]   --->   Operation 124 'mul' 'mul_ln143_8' <Predicate = true> <Delay = 0.99> <CoreInst = "DSP48">   --->   Core 124 'DSP48' <Latency = 3> <II = 1> <Delay = 0.53> <IPBlock> <Opcode : 'add' 'sub' 'mul' 'select'> <InPorts = 0> <OutPorts = 1> <Sync> <CReg>
ST_4 : Operation 125 [2/3] (0.99ns) (grouped into DSP with root node add_ln143_1)   --->   "%mul_ln143_10 = mul i16 %sext_ln142_9, i16 %headed_compute_controller_bool_bool_unsigned_int_bool_bool_bool_bool_b_138" [/home/luka/Scripting/ELEC_498-Capstone-LiteLM/HLS-Verilog/Transformer_logic/src-hls/headed_compute_controller.cpp:143->/home/luka/Scripting/ELEC_498-Capstone-LiteLM/HLS-Verilog/Transformer_logic/src-hls/headed_compute_controller.cpp:687]   --->   Operation 125 'mul' 'mul_ln143_10' <Predicate = true> <Delay = 0.99> <CoreInst = "DSP48">   --->   Core 124 'DSP48' <Latency = 3> <II = 1> <Delay = 0.53> <IPBlock> <Opcode : 'add' 'sub' 'mul' 'select'> <InPorts = 0> <OutPorts = 1> <Sync> <CReg>
ST_4 : Operation 126 [2/3] (0.99ns) (grouped into DSP with root node add_ln143_3)   --->   "%mul_ln143_12 = mul i16 %sext_ln142_11, i16 %p_ZZ25headed_compute_controllerbbjRbS_bS_S_RjPKhPhR12ComputeStateS0_RhS6_S6_S6_S_67" [/home/luka/Scripting/ELEC_498-Capstone-LiteLM/HLS-Verilog/Transformer_logic/src-hls/headed_compute_controller.cpp:143->/home/luka/Scripting/ELEC_498-Capstone-LiteLM/HLS-Verilog/Transformer_logic/src-hls/headed_compute_controller.cpp:687]   --->   Operation 126 'mul' 'mul_ln143_12' <Predicate = true> <Delay = 0.99> <CoreInst = "DSP48">   --->   Core 124 'DSP48' <Latency = 3> <II = 1> <Delay = 0.53> <IPBlock> <Opcode : 'add' 'sub' 'mul' 'select'> <InPorts = 0> <OutPorts = 1> <Sync> <CReg>
ST_4 : Operation 127 [2/3] (0.99ns) (grouped into DSP with root node add_ln143)   --->   "%mul_ln143_14 = mul i16 %sext_ln142_13, i16 %p_ZZ25headed_compute_controllerbbjRbS_bS_S_RjPKhPhR12ComputeStateS0_RhS6_S6_S6_S_65" [/home/luka/Scripting/ELEC_498-Capstone-LiteLM/HLS-Verilog/Transformer_logic/src-hls/headed_compute_controller.cpp:143->/home/luka/Scripting/ELEC_498-Capstone-LiteLM/HLS-Verilog/Transformer_logic/src-hls/headed_compute_controller.cpp:687]   --->   Operation 127 'mul' 'mul_ln143_14' <Predicate = true> <Delay = 0.99> <CoreInst = "DSP48">   --->   Core 124 'DSP48' <Latency = 3> <II = 1> <Delay = 0.53> <IPBlock> <Opcode : 'add' 'sub' 'mul' 'select'> <InPorts = 0> <OutPorts = 1> <Sync> <CReg>
ST_4 : Operation 128 [2/2] (0.64ns) (root node of the DSP)   --->   "%add_ln143_11 = add i16 %mul_ln143, i16 %sext_ln140" [/home/luka/Scripting/ELEC_498-Capstone-LiteLM/HLS-Verilog/Transformer_logic/src-hls/headed_compute_controller.cpp:143->/home/luka/Scripting/ELEC_498-Capstone-LiteLM/HLS-Verilog/Transformer_logic/src-hls/headed_compute_controller.cpp:687]   --->   Operation 128 'add' 'add_ln143_11' <Predicate = true> <Delay = 0.64> <CoreInst = "DSP48">   --->   Core 124 'DSP48' <Latency = 3> <II = 1> <Delay = 0.53> <IPBlock> <Opcode : 'add' 'sub' 'mul' 'select'> <InPorts = 0> <OutPorts = 1> <Sync> <CReg>

State 5 <SV = 4> <Delay = 2.97>
ST_5 : Operation 129 [1/2] ( I:0.67ns O:0.67ns )   --->   "%w = load i4 %headed_compute_controller_bool_bool_unsigned_int_bool_bool_bool_bool_b_148" [/home/luka/Scripting/ELEC_498-Capstone-LiteLM/HLS-Verilog/Transformer_logic/src-hls/headed_compute_controller.cpp:139->/home/luka/Scripting/ELEC_498-Capstone-LiteLM/HLS-Verilog/Transformer_logic/src-hls/headed_compute_controller.cpp:687]   --->   Operation 129 'load' 'w' <Predicate = true> <Delay = 0.67> <CoreInst = "RAM">   --->   Core 82 'RAM' <Latency = 1> <II = 1> <Delay = 0.67> <Storage> <Opcode : 'load' 'store'> <Ports = 2> <Width = 8> <Depth = 16> <RAM>
ST_5 : Operation 130 [1/2] ( I:0.67ns O:0.67ns )   --->   "%w_2 = load i4 %headed_compute_controller_bool_bool_unsigned_int_bool_bool_bool_bool_b_150" [/home/luka/Scripting/ELEC_498-Capstone-LiteLM/HLS-Verilog/Transformer_logic/src-hls/headed_compute_controller.cpp:139->/home/luka/Scripting/ELEC_498-Capstone-LiteLM/HLS-Verilog/Transformer_logic/src-hls/headed_compute_controller.cpp:687]   --->   Operation 130 'load' 'w_2' <Predicate = true> <Delay = 0.67> <CoreInst = "RAM">   --->   Core 82 'RAM' <Latency = 1> <II = 1> <Delay = 0.67> <Storage> <Opcode : 'load' 'store'> <Ports = 2> <Width = 8> <Depth = 16> <RAM>
ST_5 : Operation 131 [1/2] ( I:0.67ns O:0.67ns )   --->   "%w_4 = load i4 %headed_compute_controller_bool_bool_unsigned_int_bool_bool_bool_bool_b_152" [/home/luka/Scripting/ELEC_498-Capstone-LiteLM/HLS-Verilog/Transformer_logic/src-hls/headed_compute_controller.cpp:139->/home/luka/Scripting/ELEC_498-Capstone-LiteLM/HLS-Verilog/Transformer_logic/src-hls/headed_compute_controller.cpp:687]   --->   Operation 131 'load' 'w_4' <Predicate = true> <Delay = 0.67> <CoreInst = "RAM">   --->   Core 82 'RAM' <Latency = 1> <II = 1> <Delay = 0.67> <Storage> <Opcode : 'load' 'store'> <Ports = 2> <Width = 8> <Depth = 16> <RAM>
ST_5 : Operation 132 [1/2] ( I:0.67ns O:0.67ns )   --->   "%w_8 = load i4 %headed_compute_controller_bool_bool_unsigned_int_bool_bool_bool_bool_b_156" [/home/luka/Scripting/ELEC_498-Capstone-LiteLM/HLS-Verilog/Transformer_logic/src-hls/headed_compute_controller.cpp:139->/home/luka/Scripting/ELEC_498-Capstone-LiteLM/HLS-Verilog/Transformer_logic/src-hls/headed_compute_controller.cpp:687]   --->   Operation 132 'load' 'w_8' <Predicate = true> <Delay = 0.67> <CoreInst = "RAM">   --->   Core 82 'RAM' <Latency = 1> <II = 1> <Delay = 0.67> <Storage> <Opcode : 'load' 'store'> <Ports = 2> <Width = 8> <Depth = 16> <RAM>
ST_5 : Operation 133 [1/2] ( I:0.67ns O:0.67ns )   --->   "%w_10 = load i4 %p_ZZ25headed_compute_controllerbbjRbS_bS_S_RjPKhPhR12ComputeStateS0_RhS6_S6_S6_S_69" [/home/luka/Scripting/ELEC_498-Capstone-LiteLM/HLS-Verilog/Transformer_logic/src-hls/headed_compute_controller.cpp:139->/home/luka/Scripting/ELEC_498-Capstone-LiteLM/HLS-Verilog/Transformer_logic/src-hls/headed_compute_controller.cpp:687]   --->   Operation 133 'load' 'w_10' <Predicate = true> <Delay = 0.67> <CoreInst = "RAM">   --->   Core 82 'RAM' <Latency = 1> <II = 1> <Delay = 0.67> <Storage> <Opcode : 'load' 'store'> <Ports = 2> <Width = 8> <Depth = 16> <RAM>
ST_5 : Operation 134 [1/2] ( I:0.67ns O:0.67ns )   --->   "%w_12 = load i4 %p_ZZ25headed_compute_controllerbbjRbS_bS_S_RjPKhPhR12ComputeStateS0_RhS6_S6_S6_S_71" [/home/luka/Scripting/ELEC_498-Capstone-LiteLM/HLS-Verilog/Transformer_logic/src-hls/headed_compute_controller.cpp:139->/home/luka/Scripting/ELEC_498-Capstone-LiteLM/HLS-Verilog/Transformer_logic/src-hls/headed_compute_controller.cpp:687]   --->   Operation 134 'load' 'w_12' <Predicate = true> <Delay = 0.67> <CoreInst = "RAM">   --->   Core 82 'RAM' <Latency = 1> <II = 1> <Delay = 0.67> <Storage> <Opcode : 'load' 'store'> <Ports = 2> <Width = 8> <Depth = 16> <RAM>
ST_5 : Operation 135 [1/2] ( I:0.67ns O:0.67ns )   --->   "%w_14 = load i4 %p_ZZ25headed_compute_controllerbbjRbS_bS_S_RjPKhPhR12ComputeStateS0_RhS6_S6_S6_S_73" [/home/luka/Scripting/ELEC_498-Capstone-LiteLM/HLS-Verilog/Transformer_logic/src-hls/headed_compute_controller.cpp:139->/home/luka/Scripting/ELEC_498-Capstone-LiteLM/HLS-Verilog/Transformer_logic/src-hls/headed_compute_controller.cpp:687]   --->   Operation 135 'load' 'w_14' <Predicate = true> <Delay = 0.67> <CoreInst = "RAM">   --->   Core 82 'RAM' <Latency = 1> <II = 1> <Delay = 0.67> <Storage> <Opcode : 'load' 'store'> <Ports = 2> <Width = 8> <Depth = 16> <RAM>
ST_5 : Operation 136 [1/1] (0.00ns)   --->   "%sext_ln142 = sext i8 %w" [/home/luka/Scripting/ELEC_498-Capstone-LiteLM/HLS-Verilog/Transformer_logic/src-hls/headed_compute_controller.cpp:142->/home/luka/Scripting/ELEC_498-Capstone-LiteLM/HLS-Verilog/Transformer_logic/src-hls/headed_compute_controller.cpp:687]   --->   Operation 136 'sext' 'sext_ln142' <Predicate = true> <Delay = 0.00>
ST_5 : Operation 137 [1/1] (0.00ns)   --->   "%sext_ln142_2 = sext i8 %w_2" [/home/luka/Scripting/ELEC_498-Capstone-LiteLM/HLS-Verilog/Transformer_logic/src-hls/headed_compute_controller.cpp:142->/home/luka/Scripting/ELEC_498-Capstone-LiteLM/HLS-Verilog/Transformer_logic/src-hls/headed_compute_controller.cpp:687]   --->   Operation 137 'sext' 'sext_ln142_2' <Predicate = true> <Delay = 0.00>
ST_5 : Operation 138 [1/1] (0.00ns)   --->   "%sext_ln142_4 = sext i8 %w_4" [/home/luka/Scripting/ELEC_498-Capstone-LiteLM/HLS-Verilog/Transformer_logic/src-hls/headed_compute_controller.cpp:142->/home/luka/Scripting/ELEC_498-Capstone-LiteLM/HLS-Verilog/Transformer_logic/src-hls/headed_compute_controller.cpp:687]   --->   Operation 138 'sext' 'sext_ln142_4' <Predicate = true> <Delay = 0.00>
ST_5 : Operation 139 [1/1] (0.00ns)   --->   "%sext_ln142_8 = sext i8 %w_8" [/home/luka/Scripting/ELEC_498-Capstone-LiteLM/HLS-Verilog/Transformer_logic/src-hls/headed_compute_controller.cpp:142->/home/luka/Scripting/ELEC_498-Capstone-LiteLM/HLS-Verilog/Transformer_logic/src-hls/headed_compute_controller.cpp:687]   --->   Operation 139 'sext' 'sext_ln142_8' <Predicate = true> <Delay = 0.00>
ST_5 : Operation 140 [1/1] (0.00ns)   --->   "%sext_ln142_10 = sext i8 %w_10" [/home/luka/Scripting/ELEC_498-Capstone-LiteLM/HLS-Verilog/Transformer_logic/src-hls/headed_compute_controller.cpp:142->/home/luka/Scripting/ELEC_498-Capstone-LiteLM/HLS-Verilog/Transformer_logic/src-hls/headed_compute_controller.cpp:687]   --->   Operation 140 'sext' 'sext_ln142_10' <Predicate = true> <Delay = 0.00>
ST_5 : Operation 141 [1/1] (0.00ns)   --->   "%sext_ln142_12 = sext i8 %w_12" [/home/luka/Scripting/ELEC_498-Capstone-LiteLM/HLS-Verilog/Transformer_logic/src-hls/headed_compute_controller.cpp:142->/home/luka/Scripting/ELEC_498-Capstone-LiteLM/HLS-Verilog/Transformer_logic/src-hls/headed_compute_controller.cpp:687]   --->   Operation 141 'sext' 'sext_ln142_12' <Predicate = true> <Delay = 0.00>
ST_5 : Operation 142 [1/1] (0.00ns)   --->   "%sext_ln142_14 = sext i8 %w_14" [/home/luka/Scripting/ELEC_498-Capstone-LiteLM/HLS-Verilog/Transformer_logic/src-hls/headed_compute_controller.cpp:142->/home/luka/Scripting/ELEC_498-Capstone-LiteLM/HLS-Verilog/Transformer_logic/src-hls/headed_compute_controller.cpp:687]   --->   Operation 142 'sext' 'sext_ln142_14' <Predicate = true> <Delay = 0.00>
ST_5 : Operation 143 [1/1] (1.65ns)   --->   "%mul_ln143_1 = mul i16 %sext_ln142, i16 %headed_compute_controller_bool_bool_unsigned_int_bool_bool_bool_bool_b_147" [/home/luka/Scripting/ELEC_498-Capstone-LiteLM/HLS-Verilog/Transformer_logic/src-hls/headed_compute_controller.cpp:143->/home/luka/Scripting/ELEC_498-Capstone-LiteLM/HLS-Verilog/Transformer_logic/src-hls/headed_compute_controller.cpp:687]   --->   Operation 143 'mul' 'mul_ln143_1' <Predicate = true> <Delay = 1.65> <CoreInst = "Multiplier">   --->   Core 3 'Multiplier' <Latency = 0> <II = 1> <Delay = 1.65> <FuncUnit> <Opcode : 'mul'> <InPorts = 2> <OutPorts = 1>
ST_5 : Operation 144 [1/1] (0.00ns)   --->   "%sext_ln143_1 = sext i16 %mul_ln143_1" [/home/luka/Scripting/ELEC_498-Capstone-LiteLM/HLS-Verilog/Transformer_logic/src-hls/headed_compute_controller.cpp:143->/home/luka/Scripting/ELEC_498-Capstone-LiteLM/HLS-Verilog/Transformer_logic/src-hls/headed_compute_controller.cpp:687]   --->   Operation 144 'sext' 'sext_ln143_1' <Predicate = true> <Delay = 0.00>
ST_5 : Operation 145 [1/3] (0.00ns) (grouped into DSP with root node add_ln143_4)   --->   "%mul_ln143_2 = mul i16 %sext_ln142_1, i16 %headed_compute_controller_bool_bool_unsigned_int_bool_bool_bool_bool_b_146" [/home/luka/Scripting/ELEC_498-Capstone-LiteLM/HLS-Verilog/Transformer_logic/src-hls/headed_compute_controller.cpp:143->/home/luka/Scripting/ELEC_498-Capstone-LiteLM/HLS-Verilog/Transformer_logic/src-hls/headed_compute_controller.cpp:687]   --->   Operation 145 'mul' 'mul_ln143_2' <Predicate = true> <Delay = 0.00> <CoreInst = "DSP48">   --->   Core 124 'DSP48' <Latency = 3> <II = 1> <Delay = 0.53> <IPBlock> <Opcode : 'add' 'sub' 'mul' 'select'> <InPorts = 0> <OutPorts = 1> <Sync> <CReg>
ST_5 : Operation 146 [1/1] (0.00ns) (grouped into DSP with root node add_ln143_4)   --->   "%sext_ln143_2 = sext i16 %mul_ln143_2" [/home/luka/Scripting/ELEC_498-Capstone-LiteLM/HLS-Verilog/Transformer_logic/src-hls/headed_compute_controller.cpp:143->/home/luka/Scripting/ELEC_498-Capstone-LiteLM/HLS-Verilog/Transformer_logic/src-hls/headed_compute_controller.cpp:687]   --->   Operation 146 'sext' 'sext_ln143_2' <Predicate = true> <Delay = 0.00>
ST_5 : Operation 147 [1/1] (1.65ns)   --->   "%mul_ln143_3 = mul i16 %sext_ln142_2, i16 %headed_compute_controller_bool_bool_unsigned_int_bool_bool_bool_bool_b_145" [/home/luka/Scripting/ELEC_498-Capstone-LiteLM/HLS-Verilog/Transformer_logic/src-hls/headed_compute_controller.cpp:143->/home/luka/Scripting/ELEC_498-Capstone-LiteLM/HLS-Verilog/Transformer_logic/src-hls/headed_compute_controller.cpp:687]   --->   Operation 147 'mul' 'mul_ln143_3' <Predicate = true> <Delay = 1.65> <CoreInst = "Multiplier">   --->   Core 3 'Multiplier' <Latency = 0> <II = 1> <Delay = 1.65> <FuncUnit> <Opcode : 'mul'> <InPorts = 2> <OutPorts = 1>
ST_5 : Operation 148 [1/1] (0.00ns)   --->   "%sext_ln143_3 = sext i16 %mul_ln143_3" [/home/luka/Scripting/ELEC_498-Capstone-LiteLM/HLS-Verilog/Transformer_logic/src-hls/headed_compute_controller.cpp:143->/home/luka/Scripting/ELEC_498-Capstone-LiteLM/HLS-Verilog/Transformer_logic/src-hls/headed_compute_controller.cpp:687]   --->   Operation 148 'sext' 'sext_ln143_3' <Predicate = true> <Delay = 0.00>
ST_5 : Operation 149 [1/3] (0.00ns) (grouped into DSP with root node add_ln143_7)   --->   "%mul_ln143_4 = mul i16 %sext_ln142_3, i16 %headed_compute_controller_bool_bool_unsigned_int_bool_bool_bool_bool_b_144" [/home/luka/Scripting/ELEC_498-Capstone-LiteLM/HLS-Verilog/Transformer_logic/src-hls/headed_compute_controller.cpp:143->/home/luka/Scripting/ELEC_498-Capstone-LiteLM/HLS-Verilog/Transformer_logic/src-hls/headed_compute_controller.cpp:687]   --->   Operation 149 'mul' 'mul_ln143_4' <Predicate = true> <Delay = 0.00> <CoreInst = "DSP48">   --->   Core 124 'DSP48' <Latency = 3> <II = 1> <Delay = 0.53> <IPBlock> <Opcode : 'add' 'sub' 'mul' 'select'> <InPorts = 0> <OutPorts = 1> <Sync> <CReg>
ST_5 : Operation 150 [1/1] (0.00ns) (grouped into DSP with root node add_ln143_7)   --->   "%sext_ln143_4 = sext i16 %mul_ln143_4" [/home/luka/Scripting/ELEC_498-Capstone-LiteLM/HLS-Verilog/Transformer_logic/src-hls/headed_compute_controller.cpp:143->/home/luka/Scripting/ELEC_498-Capstone-LiteLM/HLS-Verilog/Transformer_logic/src-hls/headed_compute_controller.cpp:687]   --->   Operation 150 'sext' 'sext_ln143_4' <Predicate = true> <Delay = 0.00>
ST_5 : Operation 151 [1/1] (1.65ns)   --->   "%mul_ln143_5 = mul i16 %sext_ln142_4, i16 %headed_compute_controller_bool_bool_unsigned_int_bool_bool_bool_bool_b_143" [/home/luka/Scripting/ELEC_498-Capstone-LiteLM/HLS-Verilog/Transformer_logic/src-hls/headed_compute_controller.cpp:143->/home/luka/Scripting/ELEC_498-Capstone-LiteLM/HLS-Verilog/Transformer_logic/src-hls/headed_compute_controller.cpp:687]   --->   Operation 151 'mul' 'mul_ln143_5' <Predicate = true> <Delay = 1.65> <CoreInst = "Multiplier">   --->   Core 3 'Multiplier' <Latency = 0> <II = 1> <Delay = 1.65> <FuncUnit> <Opcode : 'mul'> <InPorts = 2> <OutPorts = 1>
ST_5 : Operation 152 [1/1] (0.00ns)   --->   "%sext_ln143_5 = sext i16 %mul_ln143_5" [/home/luka/Scripting/ELEC_498-Capstone-LiteLM/HLS-Verilog/Transformer_logic/src-hls/headed_compute_controller.cpp:143->/home/luka/Scripting/ELEC_498-Capstone-LiteLM/HLS-Verilog/Transformer_logic/src-hls/headed_compute_controller.cpp:687]   --->   Operation 152 'sext' 'sext_ln143_5' <Predicate = true> <Delay = 0.00>
ST_5 : Operation 153 [1/3] (0.00ns) (grouped into DSP with root node add_ln143_8)   --->   "%mul_ln143_6 = mul i16 %sext_ln142_5, i16 %headed_compute_controller_bool_bool_unsigned_int_bool_bool_bool_bool_b_142" [/home/luka/Scripting/ELEC_498-Capstone-LiteLM/HLS-Verilog/Transformer_logic/src-hls/headed_compute_controller.cpp:143->/home/luka/Scripting/ELEC_498-Capstone-LiteLM/HLS-Verilog/Transformer_logic/src-hls/headed_compute_controller.cpp:687]   --->   Operation 153 'mul' 'mul_ln143_6' <Predicate = true> <Delay = 0.00> <CoreInst = "DSP48">   --->   Core 124 'DSP48' <Latency = 3> <II = 1> <Delay = 0.53> <IPBlock> <Opcode : 'add' 'sub' 'mul' 'select'> <InPorts = 0> <OutPorts = 1> <Sync> <CReg>
ST_5 : Operation 154 [1/1] (0.00ns) (grouped into DSP with root node add_ln143_8)   --->   "%sext_ln143_6 = sext i16 %mul_ln143_6" [/home/luka/Scripting/ELEC_498-Capstone-LiteLM/HLS-Verilog/Transformer_logic/src-hls/headed_compute_controller.cpp:143->/home/luka/Scripting/ELEC_498-Capstone-LiteLM/HLS-Verilog/Transformer_logic/src-hls/headed_compute_controller.cpp:687]   --->   Operation 154 'sext' 'sext_ln143_6' <Predicate = true> <Delay = 0.00>
ST_5 : Operation 155 [1/3] (0.00ns) (grouped into DSP with root node add_ln143_12)   --->   "%mul_ln143_7 = mul i16 %sext_ln142_6, i16 %headed_compute_controller_bool_bool_unsigned_int_bool_bool_bool_bool_b_141" [/home/luka/Scripting/ELEC_498-Capstone-LiteLM/HLS-Verilog/Transformer_logic/src-hls/headed_compute_controller.cpp:143->/home/luka/Scripting/ELEC_498-Capstone-LiteLM/HLS-Verilog/Transformer_logic/src-hls/headed_compute_controller.cpp:687]   --->   Operation 155 'mul' 'mul_ln143_7' <Predicate = true> <Delay = 0.00> <CoreInst = "DSP48">   --->   Core 124 'DSP48' <Latency = 3> <II = 1> <Delay = 0.53> <IPBlock> <Opcode : 'add' 'sub' 'mul' 'select'> <InPorts = 0> <OutPorts = 1> <Sync> <CReg>
ST_5 : Operation 156 [1/1] (0.00ns) (grouped into DSP with root node add_ln143_12)   --->   "%sext_ln143_7 = sext i16 %mul_ln143_7" [/home/luka/Scripting/ELEC_498-Capstone-LiteLM/HLS-Verilog/Transformer_logic/src-hls/headed_compute_controller.cpp:143->/home/luka/Scripting/ELEC_498-Capstone-LiteLM/HLS-Verilog/Transformer_logic/src-hls/headed_compute_controller.cpp:687]   --->   Operation 156 'sext' 'sext_ln143_7' <Predicate = true> <Delay = 0.00>
ST_5 : Operation 157 [1/3] (0.00ns) (grouped into DSP with root node add_ln143_10)   --->   "%mul_ln143_8 = mul i16 %sext_ln142_7, i16 %headed_compute_controller_bool_bool_unsigned_int_bool_bool_bool_bool_b_140" [/home/luka/Scripting/ELEC_498-Capstone-LiteLM/HLS-Verilog/Transformer_logic/src-hls/headed_compute_controller.cpp:143->/home/luka/Scripting/ELEC_498-Capstone-LiteLM/HLS-Verilog/Transformer_logic/src-hls/headed_compute_controller.cpp:687]   --->   Operation 157 'mul' 'mul_ln143_8' <Predicate = true> <Delay = 0.00> <CoreInst = "DSP48">   --->   Core 124 'DSP48' <Latency = 3> <II = 1> <Delay = 0.53> <IPBlock> <Opcode : 'add' 'sub' 'mul' 'select'> <InPorts = 0> <OutPorts = 1> <Sync> <CReg>
ST_5 : Operation 158 [1/1] (0.00ns) (grouped into DSP with root node add_ln143_10)   --->   "%sext_ln143_8 = sext i16 %mul_ln143_8" [/home/luka/Scripting/ELEC_498-Capstone-LiteLM/HLS-Verilog/Transformer_logic/src-hls/headed_compute_controller.cpp:143->/home/luka/Scripting/ELEC_498-Capstone-LiteLM/HLS-Verilog/Transformer_logic/src-hls/headed_compute_controller.cpp:687]   --->   Operation 158 'sext' 'sext_ln143_8' <Predicate = true> <Delay = 0.00>
ST_5 : Operation 159 [1/1] (1.65ns)   --->   "%mul_ln143_9 = mul i16 %sext_ln142_8, i16 %headed_compute_controller_bool_bool_unsigned_int_bool_bool_bool_bool_b_139" [/home/luka/Scripting/ELEC_498-Capstone-LiteLM/HLS-Verilog/Transformer_logic/src-hls/headed_compute_controller.cpp:143->/home/luka/Scripting/ELEC_498-Capstone-LiteLM/HLS-Verilog/Transformer_logic/src-hls/headed_compute_controller.cpp:687]   --->   Operation 159 'mul' 'mul_ln143_9' <Predicate = true> <Delay = 1.65> <CoreInst = "Multiplier">   --->   Core 3 'Multiplier' <Latency = 0> <II = 1> <Delay = 1.65> <FuncUnit> <Opcode : 'mul'> <InPorts = 2> <OutPorts = 1>
ST_5 : Operation 160 [1/1] (0.00ns)   --->   "%sext_ln143_9 = sext i16 %mul_ln143_9" [/home/luka/Scripting/ELEC_498-Capstone-LiteLM/HLS-Verilog/Transformer_logic/src-hls/headed_compute_controller.cpp:143->/home/luka/Scripting/ELEC_498-Capstone-LiteLM/HLS-Verilog/Transformer_logic/src-hls/headed_compute_controller.cpp:687]   --->   Operation 160 'sext' 'sext_ln143_9' <Predicate = true> <Delay = 0.00>
ST_5 : Operation 161 [1/3] (0.00ns) (grouped into DSP with root node add_ln143_1)   --->   "%mul_ln143_10 = mul i16 %sext_ln142_9, i16 %headed_compute_controller_bool_bool_unsigned_int_bool_bool_bool_bool_b_138" [/home/luka/Scripting/ELEC_498-Capstone-LiteLM/HLS-Verilog/Transformer_logic/src-hls/headed_compute_controller.cpp:143->/home/luka/Scripting/ELEC_498-Capstone-LiteLM/HLS-Verilog/Transformer_logic/src-hls/headed_compute_controller.cpp:687]   --->   Operation 161 'mul' 'mul_ln143_10' <Predicate = true> <Delay = 0.00> <CoreInst = "DSP48">   --->   Core 124 'DSP48' <Latency = 3> <II = 1> <Delay = 0.53> <IPBlock> <Opcode : 'add' 'sub' 'mul' 'select'> <InPorts = 0> <OutPorts = 1> <Sync> <CReg>
ST_5 : Operation 162 [1/1] (0.00ns) (grouped into DSP with root node add_ln143_1)   --->   "%sext_ln143_10 = sext i16 %mul_ln143_10" [/home/luka/Scripting/ELEC_498-Capstone-LiteLM/HLS-Verilog/Transformer_logic/src-hls/headed_compute_controller.cpp:143->/home/luka/Scripting/ELEC_498-Capstone-LiteLM/HLS-Verilog/Transformer_logic/src-hls/headed_compute_controller.cpp:687]   --->   Operation 162 'sext' 'sext_ln143_10' <Predicate = true> <Delay = 0.00>
ST_5 : Operation 163 [1/1] (1.65ns)   --->   "%mul_ln143_11 = mul i16 %sext_ln142_10, i16 %p_ZZ25headed_compute_controllerbbjRbS_bS_S_RjPKhPhR12ComputeStateS0_RhS6_S6_S6_S_68" [/home/luka/Scripting/ELEC_498-Capstone-LiteLM/HLS-Verilog/Transformer_logic/src-hls/headed_compute_controller.cpp:143->/home/luka/Scripting/ELEC_498-Capstone-LiteLM/HLS-Verilog/Transformer_logic/src-hls/headed_compute_controller.cpp:687]   --->   Operation 163 'mul' 'mul_ln143_11' <Predicate = true> <Delay = 1.65> <CoreInst = "Multiplier">   --->   Core 3 'Multiplier' <Latency = 0> <II = 1> <Delay = 1.65> <FuncUnit> <Opcode : 'mul'> <InPorts = 2> <OutPorts = 1>
ST_5 : Operation 164 [1/1] (0.00ns)   --->   "%sext_ln143_11 = sext i16 %mul_ln143_11" [/home/luka/Scripting/ELEC_498-Capstone-LiteLM/HLS-Verilog/Transformer_logic/src-hls/headed_compute_controller.cpp:143->/home/luka/Scripting/ELEC_498-Capstone-LiteLM/HLS-Verilog/Transformer_logic/src-hls/headed_compute_controller.cpp:687]   --->   Operation 164 'sext' 'sext_ln143_11' <Predicate = true> <Delay = 0.00>
ST_5 : Operation 165 [1/3] (0.00ns) (grouped into DSP with root node add_ln143_3)   --->   "%mul_ln143_12 = mul i16 %sext_ln142_11, i16 %p_ZZ25headed_compute_controllerbbjRbS_bS_S_RjPKhPhR12ComputeStateS0_RhS6_S6_S6_S_67" [/home/luka/Scripting/ELEC_498-Capstone-LiteLM/HLS-Verilog/Transformer_logic/src-hls/headed_compute_controller.cpp:143->/home/luka/Scripting/ELEC_498-Capstone-LiteLM/HLS-Verilog/Transformer_logic/src-hls/headed_compute_controller.cpp:687]   --->   Operation 165 'mul' 'mul_ln143_12' <Predicate = true> <Delay = 0.00> <CoreInst = "DSP48">   --->   Core 124 'DSP48' <Latency = 3> <II = 1> <Delay = 0.53> <IPBlock> <Opcode : 'add' 'sub' 'mul' 'select'> <InPorts = 0> <OutPorts = 1> <Sync> <CReg>
ST_5 : Operation 166 [1/1] (0.00ns) (grouped into DSP with root node add_ln143_3)   --->   "%sext_ln143_12 = sext i16 %mul_ln143_12" [/home/luka/Scripting/ELEC_498-Capstone-LiteLM/HLS-Verilog/Transformer_logic/src-hls/headed_compute_controller.cpp:143->/home/luka/Scripting/ELEC_498-Capstone-LiteLM/HLS-Verilog/Transformer_logic/src-hls/headed_compute_controller.cpp:687]   --->   Operation 166 'sext' 'sext_ln143_12' <Predicate = true> <Delay = 0.00>
ST_5 : Operation 167 [1/1] (1.65ns)   --->   "%mul_ln143_13 = mul i16 %sext_ln142_12, i16 %p_ZZ25headed_compute_controllerbbjRbS_bS_S_RjPKhPhR12ComputeStateS0_RhS6_S6_S6_S_66" [/home/luka/Scripting/ELEC_498-Capstone-LiteLM/HLS-Verilog/Transformer_logic/src-hls/headed_compute_controller.cpp:143->/home/luka/Scripting/ELEC_498-Capstone-LiteLM/HLS-Verilog/Transformer_logic/src-hls/headed_compute_controller.cpp:687]   --->   Operation 167 'mul' 'mul_ln143_13' <Predicate = true> <Delay = 1.65> <CoreInst = "Multiplier">   --->   Core 3 'Multiplier' <Latency = 0> <II = 1> <Delay = 1.65> <FuncUnit> <Opcode : 'mul'> <InPorts = 2> <OutPorts = 1>
ST_5 : Operation 168 [1/1] (0.00ns)   --->   "%sext_ln143_13 = sext i16 %mul_ln143_13" [/home/luka/Scripting/ELEC_498-Capstone-LiteLM/HLS-Verilog/Transformer_logic/src-hls/headed_compute_controller.cpp:143->/home/luka/Scripting/ELEC_498-Capstone-LiteLM/HLS-Verilog/Transformer_logic/src-hls/headed_compute_controller.cpp:687]   --->   Operation 168 'sext' 'sext_ln143_13' <Predicate = true> <Delay = 0.00>
ST_5 : Operation 169 [1/3] (0.00ns) (grouped into DSP with root node add_ln143)   --->   "%mul_ln143_14 = mul i16 %sext_ln142_13, i16 %p_ZZ25headed_compute_controllerbbjRbS_bS_S_RjPKhPhR12ComputeStateS0_RhS6_S6_S6_S_65" [/home/luka/Scripting/ELEC_498-Capstone-LiteLM/HLS-Verilog/Transformer_logic/src-hls/headed_compute_controller.cpp:143->/home/luka/Scripting/ELEC_498-Capstone-LiteLM/HLS-Verilog/Transformer_logic/src-hls/headed_compute_controller.cpp:687]   --->   Operation 169 'mul' 'mul_ln143_14' <Predicate = true> <Delay = 0.00> <CoreInst = "DSP48">   --->   Core 124 'DSP48' <Latency = 3> <II = 1> <Delay = 0.53> <IPBlock> <Opcode : 'add' 'sub' 'mul' 'select'> <InPorts = 0> <OutPorts = 1> <Sync> <CReg>
ST_5 : Operation 170 [1/1] (0.00ns) (grouped into DSP with root node add_ln143)   --->   "%sext_ln143_14 = sext i16 %mul_ln143_14" [/home/luka/Scripting/ELEC_498-Capstone-LiteLM/HLS-Verilog/Transformer_logic/src-hls/headed_compute_controller.cpp:143->/home/luka/Scripting/ELEC_498-Capstone-LiteLM/HLS-Verilog/Transformer_logic/src-hls/headed_compute_controller.cpp:687]   --->   Operation 170 'sext' 'sext_ln143_14' <Predicate = true> <Delay = 0.00>
ST_5 : Operation 171 [1/1] (1.65ns)   --->   "%mul_ln143_15 = mul i16 %sext_ln142_14, i16 %p_ZZ25headed_compute_controllerbbjRbS_bS_S_RjPKhPhR12ComputeStateS0_RhS6_S6_S6_S_59" [/home/luka/Scripting/ELEC_498-Capstone-LiteLM/HLS-Verilog/Transformer_logic/src-hls/headed_compute_controller.cpp:143->/home/luka/Scripting/ELEC_498-Capstone-LiteLM/HLS-Verilog/Transformer_logic/src-hls/headed_compute_controller.cpp:687]   --->   Operation 171 'mul' 'mul_ln143_15' <Predicate = true> <Delay = 1.65> <CoreInst = "Multiplier">   --->   Core 3 'Multiplier' <Latency = 0> <II = 1> <Delay = 1.65> <FuncUnit> <Opcode : 'mul'> <InPorts = 2> <OutPorts = 1>
ST_5 : Operation 172 [1/1] (0.00ns)   --->   "%sext_ln143_15 = sext i16 %mul_ln143_15" [/home/luka/Scripting/ELEC_498-Capstone-LiteLM/HLS-Verilog/Transformer_logic/src-hls/headed_compute_controller.cpp:143->/home/luka/Scripting/ELEC_498-Capstone-LiteLM/HLS-Verilog/Transformer_logic/src-hls/headed_compute_controller.cpp:687]   --->   Operation 172 'sext' 'sext_ln143_15' <Predicate = true> <Delay = 0.00>
ST_5 : Operation 173 [2/2] (0.64ns) (root node of the DSP)   --->   "%add_ln143 = add i17 %sext_ln143_15, i17 %sext_ln143_14" [/home/luka/Scripting/ELEC_498-Capstone-LiteLM/HLS-Verilog/Transformer_logic/src-hls/headed_compute_controller.cpp:143->/home/luka/Scripting/ELEC_498-Capstone-LiteLM/HLS-Verilog/Transformer_logic/src-hls/headed_compute_controller.cpp:687]   --->   Operation 173 'add' 'add_ln143' <Predicate = true> <Delay = 0.64> <CoreInst = "DSP48">   --->   Core 124 'DSP48' <Latency = 3> <II = 1> <Delay = 0.53> <IPBlock> <Opcode : 'add' 'sub' 'mul' 'select'> <InPorts = 0> <OutPorts = 1> <Sync> <CReg>
ST_5 : Operation 174 [2/2] (0.64ns) (root node of the DSP)   --->   "%add_ln143_1 = add i17 %sext_ln143_13, i17 %sext_ln143_10" [/home/luka/Scripting/ELEC_498-Capstone-LiteLM/HLS-Verilog/Transformer_logic/src-hls/headed_compute_controller.cpp:143->/home/luka/Scripting/ELEC_498-Capstone-LiteLM/HLS-Verilog/Transformer_logic/src-hls/headed_compute_controller.cpp:687]   --->   Operation 174 'add' 'add_ln143_1' <Predicate = true> <Delay = 0.64> <CoreInst = "DSP48">   --->   Core 124 'DSP48' <Latency = 3> <II = 1> <Delay = 0.53> <IPBlock> <Opcode : 'add' 'sub' 'mul' 'select'> <InPorts = 0> <OutPorts = 1> <Sync> <CReg>
ST_5 : Operation 175 [2/2] (0.64ns) (root node of the DSP)   --->   "%add_ln143_3 = add i17 %sext_ln143_9, i17 %sext_ln143_12" [/home/luka/Scripting/ELEC_498-Capstone-LiteLM/HLS-Verilog/Transformer_logic/src-hls/headed_compute_controller.cpp:143->/home/luka/Scripting/ELEC_498-Capstone-LiteLM/HLS-Verilog/Transformer_logic/src-hls/headed_compute_controller.cpp:687]   --->   Operation 175 'add' 'add_ln143_3' <Predicate = true> <Delay = 0.64> <CoreInst = "DSP48">   --->   Core 124 'DSP48' <Latency = 3> <II = 1> <Delay = 0.53> <IPBlock> <Opcode : 'add' 'sub' 'mul' 'select'> <InPorts = 0> <OutPorts = 1> <Sync> <CReg>
ST_5 : Operation 176 [2/2] (0.64ns) (root node of the DSP)   --->   "%add_ln143_4 = add i17 %sext_ln143_11, i17 %sext_ln143_2" [/home/luka/Scripting/ELEC_498-Capstone-LiteLM/HLS-Verilog/Transformer_logic/src-hls/headed_compute_controller.cpp:143->/home/luka/Scripting/ELEC_498-Capstone-LiteLM/HLS-Verilog/Transformer_logic/src-hls/headed_compute_controller.cpp:687]   --->   Operation 176 'add' 'add_ln143_4' <Predicate = true> <Delay = 0.64> <CoreInst = "DSP48">   --->   Core 124 'DSP48' <Latency = 3> <II = 1> <Delay = 0.53> <IPBlock> <Opcode : 'add' 'sub' 'mul' 'select'> <InPorts = 0> <OutPorts = 1> <Sync> <CReg>
ST_5 : Operation 177 [2/2] (0.64ns) (root node of the DSP)   --->   "%add_ln143_7 = add i17 %sext_ln143_1, i17 %sext_ln143_4" [/home/luka/Scripting/ELEC_498-Capstone-LiteLM/HLS-Verilog/Transformer_logic/src-hls/headed_compute_controller.cpp:143->/home/luka/Scripting/ELEC_498-Capstone-LiteLM/HLS-Verilog/Transformer_logic/src-hls/headed_compute_controller.cpp:687]   --->   Operation 177 'add' 'add_ln143_7' <Predicate = true> <Delay = 0.64> <CoreInst = "DSP48">   --->   Core 124 'DSP48' <Latency = 3> <II = 1> <Delay = 0.53> <IPBlock> <Opcode : 'add' 'sub' 'mul' 'select'> <InPorts = 0> <OutPorts = 1> <Sync> <CReg>
ST_5 : Operation 178 [2/2] (0.64ns) (root node of the DSP)   --->   "%add_ln143_8 = add i17 %sext_ln143_3, i17 %sext_ln143_6" [/home/luka/Scripting/ELEC_498-Capstone-LiteLM/HLS-Verilog/Transformer_logic/src-hls/headed_compute_controller.cpp:143->/home/luka/Scripting/ELEC_498-Capstone-LiteLM/HLS-Verilog/Transformer_logic/src-hls/headed_compute_controller.cpp:687]   --->   Operation 178 'add' 'add_ln143_8' <Predicate = true> <Delay = 0.64> <CoreInst = "DSP48">   --->   Core 124 'DSP48' <Latency = 3> <II = 1> <Delay = 0.53> <IPBlock> <Opcode : 'add' 'sub' 'mul' 'select'> <InPorts = 0> <OutPorts = 1> <Sync> <CReg>
ST_5 : Operation 179 [2/2] (0.64ns) (root node of the DSP)   --->   "%add_ln143_10 = add i17 %sext_ln143_5, i17 %sext_ln143_8" [/home/luka/Scripting/ELEC_498-Capstone-LiteLM/HLS-Verilog/Transformer_logic/src-hls/headed_compute_controller.cpp:143->/home/luka/Scripting/ELEC_498-Capstone-LiteLM/HLS-Verilog/Transformer_logic/src-hls/headed_compute_controller.cpp:687]   --->   Operation 179 'add' 'add_ln143_10' <Predicate = true> <Delay = 0.64> <CoreInst = "DSP48">   --->   Core 124 'DSP48' <Latency = 3> <II = 1> <Delay = 0.53> <IPBlock> <Opcode : 'add' 'sub' 'mul' 'select'> <InPorts = 0> <OutPorts = 1> <Sync> <CReg>
ST_5 : Operation 180 [1/2] (0.64ns) (root node of the DSP)   --->   "%add_ln143_11 = add i16 %mul_ln143, i16 %sext_ln140" [/home/luka/Scripting/ELEC_498-Capstone-LiteLM/HLS-Verilog/Transformer_logic/src-hls/headed_compute_controller.cpp:143->/home/luka/Scripting/ELEC_498-Capstone-LiteLM/HLS-Verilog/Transformer_logic/src-hls/headed_compute_controller.cpp:687]   --->   Operation 180 'add' 'add_ln143_11' <Predicate = true> <Delay = 0.64> <CoreInst = "DSP48">   --->   Core 124 'DSP48' <Latency = 3> <II = 1> <Delay = 0.53> <IPBlock> <Opcode : 'add' 'sub' 'mul' 'select'> <InPorts = 0> <OutPorts = 1> <Sync> <CReg>
ST_5 : Operation 181 [1/1] (0.00ns)   --->   "%sext_ln143_27 = sext i16 %add_ln143_11" [/home/luka/Scripting/ELEC_498-Capstone-LiteLM/HLS-Verilog/Transformer_logic/src-hls/headed_compute_controller.cpp:143->/home/luka/Scripting/ELEC_498-Capstone-LiteLM/HLS-Verilog/Transformer_logic/src-hls/headed_compute_controller.cpp:687]   --->   Operation 181 'sext' 'sext_ln143_27' <Predicate = true> <Delay = 0.00>
ST_5 : Operation 182 [2/2] (0.64ns) (root node of the DSP)   --->   "%add_ln143_12 = add i17 %sext_ln143_27, i17 %sext_ln143_7" [/home/luka/Scripting/ELEC_498-Capstone-LiteLM/HLS-Verilog/Transformer_logic/src-hls/headed_compute_controller.cpp:143->/home/luka/Scripting/ELEC_498-Capstone-LiteLM/HLS-Verilog/Transformer_logic/src-hls/headed_compute_controller.cpp:687]   --->   Operation 182 'add' 'add_ln143_12' <Predicate = true> <Delay = 0.64> <CoreInst = "DSP48">   --->   Core 124 'DSP48' <Latency = 3> <II = 1> <Delay = 0.53> <IPBlock> <Opcode : 'add' 'sub' 'mul' 'select'> <InPorts = 0> <OutPorts = 1> <Sync> <CReg>
ST_5 : Operation 247 [1/1] (0.42ns)   --->   "%ret_ln0 = ret"   --->   Operation 247 'ret' 'ret_ln0' <Predicate = (icmp_ln139)> <Delay = 0.42>

State 6 <SV = 5> <Delay = 3.26>
ST_6 : Operation 183 [1/1] (0.00ns)   --->   "%specpipeline_ln139 = specpipeline void @_ssdm_op_SpecPipeline, i32 4294967295, i32 0, i32 0, i32 0, void @empty_0" [/home/luka/Scripting/ELEC_498-Capstone-LiteLM/HLS-Verilog/Transformer_logic/src-hls/headed_compute_controller.cpp:139->/home/luka/Scripting/ELEC_498-Capstone-LiteLM/HLS-Verilog/Transformer_logic/src-hls/headed_compute_controller.cpp:687]   --->   Operation 183 'specpipeline' 'specpipeline_ln139' <Predicate = true> <Delay = 0.00>
ST_6 : Operation 184 [1/1] (0.00ns)   --->   "%speclooptripcount_ln139 = speclooptripcount void @_ssdm_op_SpecLoopTripCount, i64 16, i64 16, i64 16" [/home/luka/Scripting/ELEC_498-Capstone-LiteLM/HLS-Verilog/Transformer_logic/src-hls/headed_compute_controller.cpp:139->/home/luka/Scripting/ELEC_498-Capstone-LiteLM/HLS-Verilog/Transformer_logic/src-hls/headed_compute_controller.cpp:687]   --->   Operation 184 'speclooptripcount' 'speclooptripcount_ln139' <Predicate = true> <Delay = 0.00>
ST_6 : Operation 185 [1/1] (0.00ns)   --->   "%specloopname_ln139 = specloopname void @_ssdm_op_SpecLoopName, void @empty_8" [/home/luka/Scripting/ELEC_498-Capstone-LiteLM/HLS-Verilog/Transformer_logic/src-hls/headed_compute_controller.cpp:139->/home/luka/Scripting/ELEC_498-Capstone-LiteLM/HLS-Verilog/Transformer_logic/src-hls/headed_compute_controller.cpp:687]   --->   Operation 185 'specloopname' 'specloopname_ln139' <Predicate = true> <Delay = 0.00>
ST_6 : Operation 186 [1/2] (0.64ns) (root node of the DSP)   --->   "%add_ln143 = add i17 %sext_ln143_15, i17 %sext_ln143_14" [/home/luka/Scripting/ELEC_498-Capstone-LiteLM/HLS-Verilog/Transformer_logic/src-hls/headed_compute_controller.cpp:143->/home/luka/Scripting/ELEC_498-Capstone-LiteLM/HLS-Verilog/Transformer_logic/src-hls/headed_compute_controller.cpp:687]   --->   Operation 186 'add' 'add_ln143' <Predicate = true> <Delay = 0.64> <CoreInst = "DSP48">   --->   Core 124 'DSP48' <Latency = 3> <II = 1> <Delay = 0.53> <IPBlock> <Opcode : 'add' 'sub' 'mul' 'select'> <InPorts = 0> <OutPorts = 1> <Sync> <CReg>
ST_6 : Operation 187 [1/1] (0.00ns)   --->   "%sext_ln143_16 = sext i17 %add_ln143" [/home/luka/Scripting/ELEC_498-Capstone-LiteLM/HLS-Verilog/Transformer_logic/src-hls/headed_compute_controller.cpp:143->/home/luka/Scripting/ELEC_498-Capstone-LiteLM/HLS-Verilog/Transformer_logic/src-hls/headed_compute_controller.cpp:687]   --->   Operation 187 'sext' 'sext_ln143_16' <Predicate = true> <Delay = 0.00>
ST_6 : Operation 188 [1/2] (0.64ns) (root node of the DSP)   --->   "%add_ln143_1 = add i17 %sext_ln143_13, i17 %sext_ln143_10" [/home/luka/Scripting/ELEC_498-Capstone-LiteLM/HLS-Verilog/Transformer_logic/src-hls/headed_compute_controller.cpp:143->/home/luka/Scripting/ELEC_498-Capstone-LiteLM/HLS-Verilog/Transformer_logic/src-hls/headed_compute_controller.cpp:687]   --->   Operation 188 'add' 'add_ln143_1' <Predicate = true> <Delay = 0.64> <CoreInst = "DSP48">   --->   Core 124 'DSP48' <Latency = 3> <II = 1> <Delay = 0.53> <IPBlock> <Opcode : 'add' 'sub' 'mul' 'select'> <InPorts = 0> <OutPorts = 1> <Sync> <CReg>
ST_6 : Operation 189 [1/1] (0.00ns)   --->   "%sext_ln143_17 = sext i17 %add_ln143_1" [/home/luka/Scripting/ELEC_498-Capstone-LiteLM/HLS-Verilog/Transformer_logic/src-hls/headed_compute_controller.cpp:143->/home/luka/Scripting/ELEC_498-Capstone-LiteLM/HLS-Verilog/Transformer_logic/src-hls/headed_compute_controller.cpp:687]   --->   Operation 189 'sext' 'sext_ln143_17' <Predicate = true> <Delay = 0.00>
ST_6 : Operation 190 [1/1] (0.86ns)   --->   "%add_ln143_2 = add i18 %sext_ln143_17, i18 %sext_ln143_16" [/home/luka/Scripting/ELEC_498-Capstone-LiteLM/HLS-Verilog/Transformer_logic/src-hls/headed_compute_controller.cpp:143->/home/luka/Scripting/ELEC_498-Capstone-LiteLM/HLS-Verilog/Transformer_logic/src-hls/headed_compute_controller.cpp:687]   --->   Operation 190 'add' 'add_ln143_2' <Predicate = true> <Delay = 0.86> <CoreInst = "Adder">   --->   Core 1 'Adder' <Latency = 0> <II = 1> <Delay = 0.86> <FuncUnit> <Opcode : 'add' 'sub'> <InPorts = 2> <OutPorts = 1>
ST_6 : Operation 191 [1/1] (0.00ns)   --->   "%sext_ln143_18 = sext i18 %add_ln143_2" [/home/luka/Scripting/ELEC_498-Capstone-LiteLM/HLS-Verilog/Transformer_logic/src-hls/headed_compute_controller.cpp:143->/home/luka/Scripting/ELEC_498-Capstone-LiteLM/HLS-Verilog/Transformer_logic/src-hls/headed_compute_controller.cpp:687]   --->   Operation 191 'sext' 'sext_ln143_18' <Predicate = true> <Delay = 0.00>
ST_6 : Operation 192 [1/2] (0.64ns) (root node of the DSP)   --->   "%add_ln143_3 = add i17 %sext_ln143_9, i17 %sext_ln143_12" [/home/luka/Scripting/ELEC_498-Capstone-LiteLM/HLS-Verilog/Transformer_logic/src-hls/headed_compute_controller.cpp:143->/home/luka/Scripting/ELEC_498-Capstone-LiteLM/HLS-Verilog/Transformer_logic/src-hls/headed_compute_controller.cpp:687]   --->   Operation 192 'add' 'add_ln143_3' <Predicate = true> <Delay = 0.64> <CoreInst = "DSP48">   --->   Core 124 'DSP48' <Latency = 3> <II = 1> <Delay = 0.53> <IPBlock> <Opcode : 'add' 'sub' 'mul' 'select'> <InPorts = 0> <OutPorts = 1> <Sync> <CReg>
ST_6 : Operation 193 [1/1] (0.00ns)   --->   "%sext_ln143_19 = sext i17 %add_ln143_3" [/home/luka/Scripting/ELEC_498-Capstone-LiteLM/HLS-Verilog/Transformer_logic/src-hls/headed_compute_controller.cpp:143->/home/luka/Scripting/ELEC_498-Capstone-LiteLM/HLS-Verilog/Transformer_logic/src-hls/headed_compute_controller.cpp:687]   --->   Operation 193 'sext' 'sext_ln143_19' <Predicate = true> <Delay = 0.00>
ST_6 : Operation 194 [1/2] (0.64ns) (root node of the DSP)   --->   "%add_ln143_4 = add i17 %sext_ln143_11, i17 %sext_ln143_2" [/home/luka/Scripting/ELEC_498-Capstone-LiteLM/HLS-Verilog/Transformer_logic/src-hls/headed_compute_controller.cpp:143->/home/luka/Scripting/ELEC_498-Capstone-LiteLM/HLS-Verilog/Transformer_logic/src-hls/headed_compute_controller.cpp:687]   --->   Operation 194 'add' 'add_ln143_4' <Predicate = true> <Delay = 0.64> <CoreInst = "DSP48">   --->   Core 124 'DSP48' <Latency = 3> <II = 1> <Delay = 0.53> <IPBlock> <Opcode : 'add' 'sub' 'mul' 'select'> <InPorts = 0> <OutPorts = 1> <Sync> <CReg>
ST_6 : Operation 195 [1/1] (0.00ns)   --->   "%sext_ln143_20 = sext i17 %add_ln143_4" [/home/luka/Scripting/ELEC_498-Capstone-LiteLM/HLS-Verilog/Transformer_logic/src-hls/headed_compute_controller.cpp:143->/home/luka/Scripting/ELEC_498-Capstone-LiteLM/HLS-Verilog/Transformer_logic/src-hls/headed_compute_controller.cpp:687]   --->   Operation 195 'sext' 'sext_ln143_20' <Predicate = true> <Delay = 0.00>
ST_6 : Operation 196 [1/1] (0.86ns)   --->   "%add_ln143_5 = add i18 %sext_ln143_20, i18 %sext_ln143_19" [/home/luka/Scripting/ELEC_498-Capstone-LiteLM/HLS-Verilog/Transformer_logic/src-hls/headed_compute_controller.cpp:143->/home/luka/Scripting/ELEC_498-Capstone-LiteLM/HLS-Verilog/Transformer_logic/src-hls/headed_compute_controller.cpp:687]   --->   Operation 196 'add' 'add_ln143_5' <Predicate = true> <Delay = 0.86> <CoreInst = "Adder">   --->   Core 1 'Adder' <Latency = 0> <II = 1> <Delay = 0.86> <FuncUnit> <Opcode : 'add' 'sub'> <InPorts = 2> <OutPorts = 1>
ST_6 : Operation 197 [1/1] (0.00ns)   --->   "%sext_ln143_21 = sext i18 %add_ln143_5" [/home/luka/Scripting/ELEC_498-Capstone-LiteLM/HLS-Verilog/Transformer_logic/src-hls/headed_compute_controller.cpp:143->/home/luka/Scripting/ELEC_498-Capstone-LiteLM/HLS-Verilog/Transformer_logic/src-hls/headed_compute_controller.cpp:687]   --->   Operation 197 'sext' 'sext_ln143_21' <Predicate = true> <Delay = 0.00>
ST_6 : Operation 198 [1/1] (0.87ns)   --->   "%add_ln143_6 = add i19 %sext_ln143_21, i19 %sext_ln143_18" [/home/luka/Scripting/ELEC_498-Capstone-LiteLM/HLS-Verilog/Transformer_logic/src-hls/headed_compute_controller.cpp:143->/home/luka/Scripting/ELEC_498-Capstone-LiteLM/HLS-Verilog/Transformer_logic/src-hls/headed_compute_controller.cpp:687]   --->   Operation 198 'add' 'add_ln143_6' <Predicate = true> <Delay = 0.87> <CoreInst = "Adder">   --->   Core 1 'Adder' <Latency = 0> <II = 1> <Delay = 0.87> <FuncUnit> <Opcode : 'add' 'sub'> <InPorts = 2> <OutPorts = 1>
ST_6 : Operation 199 [1/1] (0.00ns)   --->   "%sext_ln143_22 = sext i19 %add_ln143_6" [/home/luka/Scripting/ELEC_498-Capstone-LiteLM/HLS-Verilog/Transformer_logic/src-hls/headed_compute_controller.cpp:143->/home/luka/Scripting/ELEC_498-Capstone-LiteLM/HLS-Verilog/Transformer_logic/src-hls/headed_compute_controller.cpp:687]   --->   Operation 199 'sext' 'sext_ln143_22' <Predicate = true> <Delay = 0.00>
ST_6 : Operation 200 [1/2] (0.64ns) (root node of the DSP)   --->   "%add_ln143_7 = add i17 %sext_ln143_1, i17 %sext_ln143_4" [/home/luka/Scripting/ELEC_498-Capstone-LiteLM/HLS-Verilog/Transformer_logic/src-hls/headed_compute_controller.cpp:143->/home/luka/Scripting/ELEC_498-Capstone-LiteLM/HLS-Verilog/Transformer_logic/src-hls/headed_compute_controller.cpp:687]   --->   Operation 200 'add' 'add_ln143_7' <Predicate = true> <Delay = 0.64> <CoreInst = "DSP48">   --->   Core 124 'DSP48' <Latency = 3> <II = 1> <Delay = 0.53> <IPBlock> <Opcode : 'add' 'sub' 'mul' 'select'> <InPorts = 0> <OutPorts = 1> <Sync> <CReg>
ST_6 : Operation 201 [1/1] (0.00ns)   --->   "%sext_ln143_23 = sext i17 %add_ln143_7" [/home/luka/Scripting/ELEC_498-Capstone-LiteLM/HLS-Verilog/Transformer_logic/src-hls/headed_compute_controller.cpp:143->/home/luka/Scripting/ELEC_498-Capstone-LiteLM/HLS-Verilog/Transformer_logic/src-hls/headed_compute_controller.cpp:687]   --->   Operation 201 'sext' 'sext_ln143_23' <Predicate = true> <Delay = 0.00>
ST_6 : Operation 202 [1/2] (0.64ns) (root node of the DSP)   --->   "%add_ln143_8 = add i17 %sext_ln143_3, i17 %sext_ln143_6" [/home/luka/Scripting/ELEC_498-Capstone-LiteLM/HLS-Verilog/Transformer_logic/src-hls/headed_compute_controller.cpp:143->/home/luka/Scripting/ELEC_498-Capstone-LiteLM/HLS-Verilog/Transformer_logic/src-hls/headed_compute_controller.cpp:687]   --->   Operation 202 'add' 'add_ln143_8' <Predicate = true> <Delay = 0.64> <CoreInst = "DSP48">   --->   Core 124 'DSP48' <Latency = 3> <II = 1> <Delay = 0.53> <IPBlock> <Opcode : 'add' 'sub' 'mul' 'select'> <InPorts = 0> <OutPorts = 1> <Sync> <CReg>
ST_6 : Operation 203 [1/1] (0.00ns)   --->   "%sext_ln143_24 = sext i17 %add_ln143_8" [/home/luka/Scripting/ELEC_498-Capstone-LiteLM/HLS-Verilog/Transformer_logic/src-hls/headed_compute_controller.cpp:143->/home/luka/Scripting/ELEC_498-Capstone-LiteLM/HLS-Verilog/Transformer_logic/src-hls/headed_compute_controller.cpp:687]   --->   Operation 203 'sext' 'sext_ln143_24' <Predicate = true> <Delay = 0.00>
ST_6 : Operation 204 [1/1] (0.86ns)   --->   "%add_ln143_9 = add i18 %sext_ln143_24, i18 %sext_ln143_23" [/home/luka/Scripting/ELEC_498-Capstone-LiteLM/HLS-Verilog/Transformer_logic/src-hls/headed_compute_controller.cpp:143->/home/luka/Scripting/ELEC_498-Capstone-LiteLM/HLS-Verilog/Transformer_logic/src-hls/headed_compute_controller.cpp:687]   --->   Operation 204 'add' 'add_ln143_9' <Predicate = true> <Delay = 0.86> <CoreInst = "Adder">   --->   Core 1 'Adder' <Latency = 0> <II = 1> <Delay = 0.86> <FuncUnit> <Opcode : 'add' 'sub'> <InPorts = 2> <OutPorts = 1>
ST_6 : Operation 205 [1/1] (0.00ns)   --->   "%sext_ln143_25 = sext i18 %add_ln143_9" [/home/luka/Scripting/ELEC_498-Capstone-LiteLM/HLS-Verilog/Transformer_logic/src-hls/headed_compute_controller.cpp:143->/home/luka/Scripting/ELEC_498-Capstone-LiteLM/HLS-Verilog/Transformer_logic/src-hls/headed_compute_controller.cpp:687]   --->   Operation 205 'sext' 'sext_ln143_25' <Predicate = true> <Delay = 0.00>
ST_6 : Operation 206 [1/2] (0.64ns) (root node of the DSP)   --->   "%add_ln143_10 = add i17 %sext_ln143_5, i17 %sext_ln143_8" [/home/luka/Scripting/ELEC_498-Capstone-LiteLM/HLS-Verilog/Transformer_logic/src-hls/headed_compute_controller.cpp:143->/home/luka/Scripting/ELEC_498-Capstone-LiteLM/HLS-Verilog/Transformer_logic/src-hls/headed_compute_controller.cpp:687]   --->   Operation 206 'add' 'add_ln143_10' <Predicate = true> <Delay = 0.64> <CoreInst = "DSP48">   --->   Core 124 'DSP48' <Latency = 3> <II = 1> <Delay = 0.53> <IPBlock> <Opcode : 'add' 'sub' 'mul' 'select'> <InPorts = 0> <OutPorts = 1> <Sync> <CReg>
ST_6 : Operation 207 [1/1] (0.00ns)   --->   "%sext_ln143_26 = sext i17 %add_ln143_10" [/home/luka/Scripting/ELEC_498-Capstone-LiteLM/HLS-Verilog/Transformer_logic/src-hls/headed_compute_controller.cpp:143->/home/luka/Scripting/ELEC_498-Capstone-LiteLM/HLS-Verilog/Transformer_logic/src-hls/headed_compute_controller.cpp:687]   --->   Operation 207 'sext' 'sext_ln143_26' <Predicate = true> <Delay = 0.00>
ST_6 : Operation 208 [1/2] (0.64ns) (root node of the DSP)   --->   "%add_ln143_12 = add i17 %sext_ln143_27, i17 %sext_ln143_7" [/home/luka/Scripting/ELEC_498-Capstone-LiteLM/HLS-Verilog/Transformer_logic/src-hls/headed_compute_controller.cpp:143->/home/luka/Scripting/ELEC_498-Capstone-LiteLM/HLS-Verilog/Transformer_logic/src-hls/headed_compute_controller.cpp:687]   --->   Operation 208 'add' 'add_ln143_12' <Predicate = true> <Delay = 0.64> <CoreInst = "DSP48">   --->   Core 124 'DSP48' <Latency = 3> <II = 1> <Delay = 0.53> <IPBlock> <Opcode : 'add' 'sub' 'mul' 'select'> <InPorts = 0> <OutPorts = 1> <Sync> <CReg>
ST_6 : Operation 209 [1/1] (0.00ns)   --->   "%sext_ln143_28 = sext i17 %add_ln143_12" [/home/luka/Scripting/ELEC_498-Capstone-LiteLM/HLS-Verilog/Transformer_logic/src-hls/headed_compute_controller.cpp:143->/home/luka/Scripting/ELEC_498-Capstone-LiteLM/HLS-Verilog/Transformer_logic/src-hls/headed_compute_controller.cpp:687]   --->   Operation 209 'sext' 'sext_ln143_28' <Predicate = true> <Delay = 0.00>
ST_6 : Operation 210 [1/1] (0.86ns)   --->   "%add_ln143_13 = add i18 %sext_ln143_28, i18 %sext_ln143_26" [/home/luka/Scripting/ELEC_498-Capstone-LiteLM/HLS-Verilog/Transformer_logic/src-hls/headed_compute_controller.cpp:143->/home/luka/Scripting/ELEC_498-Capstone-LiteLM/HLS-Verilog/Transformer_logic/src-hls/headed_compute_controller.cpp:687]   --->   Operation 210 'add' 'add_ln143_13' <Predicate = true> <Delay = 0.86> <CoreInst = "Adder">   --->   Core 1 'Adder' <Latency = 0> <II = 1> <Delay = 0.86> <FuncUnit> <Opcode : 'add' 'sub'> <InPorts = 2> <OutPorts = 1>
ST_6 : Operation 211 [1/1] (0.00ns)   --->   "%sext_ln143_29 = sext i18 %add_ln143_13" [/home/luka/Scripting/ELEC_498-Capstone-LiteLM/HLS-Verilog/Transformer_logic/src-hls/headed_compute_controller.cpp:143->/home/luka/Scripting/ELEC_498-Capstone-LiteLM/HLS-Verilog/Transformer_logic/src-hls/headed_compute_controller.cpp:687]   --->   Operation 211 'sext' 'sext_ln143_29' <Predicate = true> <Delay = 0.00>
ST_6 : Operation 212 [1/1] (0.87ns)   --->   "%add_ln143_14 = add i19 %sext_ln143_29, i19 %sext_ln143_25" [/home/luka/Scripting/ELEC_498-Capstone-LiteLM/HLS-Verilog/Transformer_logic/src-hls/headed_compute_controller.cpp:143->/home/luka/Scripting/ELEC_498-Capstone-LiteLM/HLS-Verilog/Transformer_logic/src-hls/headed_compute_controller.cpp:687]   --->   Operation 212 'add' 'add_ln143_14' <Predicate = true> <Delay = 0.87> <CoreInst = "Adder">   --->   Core 1 'Adder' <Latency = 0> <II = 1> <Delay = 0.87> <FuncUnit> <Opcode : 'add' 'sub'> <InPorts = 2> <OutPorts = 1>
ST_6 : Operation 213 [1/1] (0.00ns)   --->   "%sext_ln143_30 = sext i19 %add_ln143_14" [/home/luka/Scripting/ELEC_498-Capstone-LiteLM/HLS-Verilog/Transformer_logic/src-hls/headed_compute_controller.cpp:143->/home/luka/Scripting/ELEC_498-Capstone-LiteLM/HLS-Verilog/Transformer_logic/src-hls/headed_compute_controller.cpp:687]   --->   Operation 213 'sext' 'sext_ln143_30' <Predicate = true> <Delay = 0.00>
ST_6 : Operation 214 [1/1] (0.88ns)   --->   "%acc_1 = add i20 %sext_ln143_30, i20 %sext_ln143_22" [/home/luka/Scripting/ELEC_498-Capstone-LiteLM/HLS-Verilog/Transformer_logic/src-hls/headed_compute_controller.cpp:143->/home/luka/Scripting/ELEC_498-Capstone-LiteLM/HLS-Verilog/Transformer_logic/src-hls/headed_compute_controller.cpp:687]   --->   Operation 214 'add' 'acc_1' <Predicate = true> <Delay = 0.88> <CoreInst = "Adder">   --->   Core 1 'Adder' <Latency = 0> <II = 1> <Delay = 0.88> <FuncUnit> <Opcode : 'add' 'sub'> <InPorts = 2> <OutPorts = 1>
ST_6 : Operation 215 [1/1] (0.00ns)   --->   "%store_ln145 = store i20 %acc_1, i20 %p_ZZ25headed_compute_controllerbbjRbS_bS_S_RjPKhPhR12ComputeStateS0_RhS6_S6_S6_S_7" [/home/luka/Scripting/ELEC_498-Capstone-LiteLM/HLS-Verilog/Transformer_logic/src-hls/headed_compute_controller.cpp:145->/home/luka/Scripting/ELEC_498-Capstone-LiteLM/HLS-Verilog/Transformer_logic/src-hls/headed_compute_controller.cpp:687]   --->   Operation 215 'store' 'store_ln145' <Predicate = (trunc_ln139 == 14)> <Delay = 0.00>
ST_6 : Operation 216 [1/1] (0.00ns)   --->   "%br_ln145 = br void %arrayidx26.i37.exit" [/home/luka/Scripting/ELEC_498-Capstone-LiteLM/HLS-Verilog/Transformer_logic/src-hls/headed_compute_controller.cpp:145->/home/luka/Scripting/ELEC_498-Capstone-LiteLM/HLS-Verilog/Transformer_logic/src-hls/headed_compute_controller.cpp:687]   --->   Operation 216 'br' 'br_ln145' <Predicate = (trunc_ln139 == 14)> <Delay = 0.00>
ST_6 : Operation 217 [1/1] (0.00ns)   --->   "%store_ln145 = store i20 %acc_1, i20 %p_ZZ25headed_compute_controllerbbjRbS_bS_S_RjPKhPhR12ComputeStateS0_RhS6_S6_S6_S_8" [/home/luka/Scripting/ELEC_498-Capstone-LiteLM/HLS-Verilog/Transformer_logic/src-hls/headed_compute_controller.cpp:145->/home/luka/Scripting/ELEC_498-Capstone-LiteLM/HLS-Verilog/Transformer_logic/src-hls/headed_compute_controller.cpp:687]   --->   Operation 217 'store' 'store_ln145' <Predicate = (trunc_ln139 == 13)> <Delay = 0.00>
ST_6 : Operation 218 [1/1] (0.00ns)   --->   "%br_ln145 = br void %arrayidx26.i37.exit" [/home/luka/Scripting/ELEC_498-Capstone-LiteLM/HLS-Verilog/Transformer_logic/src-hls/headed_compute_controller.cpp:145->/home/luka/Scripting/ELEC_498-Capstone-LiteLM/HLS-Verilog/Transformer_logic/src-hls/headed_compute_controller.cpp:687]   --->   Operation 218 'br' 'br_ln145' <Predicate = (trunc_ln139 == 13)> <Delay = 0.00>
ST_6 : Operation 219 [1/1] (0.00ns)   --->   "%store_ln145 = store i20 %acc_1, i20 %p_ZZ25headed_compute_controllerbbjRbS_bS_S_RjPKhPhR12ComputeStateS0_RhS6_S6_S6_S_9" [/home/luka/Scripting/ELEC_498-Capstone-LiteLM/HLS-Verilog/Transformer_logic/src-hls/headed_compute_controller.cpp:145->/home/luka/Scripting/ELEC_498-Capstone-LiteLM/HLS-Verilog/Transformer_logic/src-hls/headed_compute_controller.cpp:687]   --->   Operation 219 'store' 'store_ln145' <Predicate = (trunc_ln139 == 12)> <Delay = 0.00>
ST_6 : Operation 220 [1/1] (0.00ns)   --->   "%br_ln145 = br void %arrayidx26.i37.exit" [/home/luka/Scripting/ELEC_498-Capstone-LiteLM/HLS-Verilog/Transformer_logic/src-hls/headed_compute_controller.cpp:145->/home/luka/Scripting/ELEC_498-Capstone-LiteLM/HLS-Verilog/Transformer_logic/src-hls/headed_compute_controller.cpp:687]   --->   Operation 220 'br' 'br_ln145' <Predicate = (trunc_ln139 == 12)> <Delay = 0.00>
ST_6 : Operation 221 [1/1] (0.00ns)   --->   "%store_ln145 = store i20 %acc_1, i20 %p_ZZ25headed_compute_controllerbbjRbS_bS_S_RjPKhPhR12ComputeStateS0_RhS6_S6_S6_S_10" [/home/luka/Scripting/ELEC_498-Capstone-LiteLM/HLS-Verilog/Transformer_logic/src-hls/headed_compute_controller.cpp:145->/home/luka/Scripting/ELEC_498-Capstone-LiteLM/HLS-Verilog/Transformer_logic/src-hls/headed_compute_controller.cpp:687]   --->   Operation 221 'store' 'store_ln145' <Predicate = (trunc_ln139 == 11)> <Delay = 0.00>
ST_6 : Operation 222 [1/1] (0.00ns)   --->   "%br_ln145 = br void %arrayidx26.i37.exit" [/home/luka/Scripting/ELEC_498-Capstone-LiteLM/HLS-Verilog/Transformer_logic/src-hls/headed_compute_controller.cpp:145->/home/luka/Scripting/ELEC_498-Capstone-LiteLM/HLS-Verilog/Transformer_logic/src-hls/headed_compute_controller.cpp:687]   --->   Operation 222 'br' 'br_ln145' <Predicate = (trunc_ln139 == 11)> <Delay = 0.00>
ST_6 : Operation 223 [1/1] (0.00ns)   --->   "%store_ln145 = store i20 %acc_1, i20 %p_ZZ25headed_compute_controllerbbjRbS_bS_S_RjPKhPhR12ComputeStateS0_RhS6_S6_S6_S_11" [/home/luka/Scripting/ELEC_498-Capstone-LiteLM/HLS-Verilog/Transformer_logic/src-hls/headed_compute_controller.cpp:145->/home/luka/Scripting/ELEC_498-Capstone-LiteLM/HLS-Verilog/Transformer_logic/src-hls/headed_compute_controller.cpp:687]   --->   Operation 223 'store' 'store_ln145' <Predicate = (trunc_ln139 == 10)> <Delay = 0.00>
ST_6 : Operation 224 [1/1] (0.00ns)   --->   "%br_ln145 = br void %arrayidx26.i37.exit" [/home/luka/Scripting/ELEC_498-Capstone-LiteLM/HLS-Verilog/Transformer_logic/src-hls/headed_compute_controller.cpp:145->/home/luka/Scripting/ELEC_498-Capstone-LiteLM/HLS-Verilog/Transformer_logic/src-hls/headed_compute_controller.cpp:687]   --->   Operation 224 'br' 'br_ln145' <Predicate = (trunc_ln139 == 10)> <Delay = 0.00>
ST_6 : Operation 225 [1/1] (0.00ns)   --->   "%store_ln145 = store i20 %acc_1, i20 %headed_compute_controller_bool_bool_unsigned_int_bool_bool_bool_bool_b_14" [/home/luka/Scripting/ELEC_498-Capstone-LiteLM/HLS-Verilog/Transformer_logic/src-hls/headed_compute_controller.cpp:145->/home/luka/Scripting/ELEC_498-Capstone-LiteLM/HLS-Verilog/Transformer_logic/src-hls/headed_compute_controller.cpp:687]   --->   Operation 225 'store' 'store_ln145' <Predicate = (trunc_ln139 == 9)> <Delay = 0.00>
ST_6 : Operation 226 [1/1] (0.00ns)   --->   "%br_ln145 = br void %arrayidx26.i37.exit" [/home/luka/Scripting/ELEC_498-Capstone-LiteLM/HLS-Verilog/Transformer_logic/src-hls/headed_compute_controller.cpp:145->/home/luka/Scripting/ELEC_498-Capstone-LiteLM/HLS-Verilog/Transformer_logic/src-hls/headed_compute_controller.cpp:687]   --->   Operation 226 'br' 'br_ln145' <Predicate = (trunc_ln139 == 9)> <Delay = 0.00>
ST_6 : Operation 227 [1/1] (0.00ns)   --->   "%store_ln145 = store i20 %acc_1, i20 %headed_compute_controller_bool_bool_unsigned_int_bool_bool_bool_bool_b_15" [/home/luka/Scripting/ELEC_498-Capstone-LiteLM/HLS-Verilog/Transformer_logic/src-hls/headed_compute_controller.cpp:145->/home/luka/Scripting/ELEC_498-Capstone-LiteLM/HLS-Verilog/Transformer_logic/src-hls/headed_compute_controller.cpp:687]   --->   Operation 227 'store' 'store_ln145' <Predicate = (trunc_ln139 == 8)> <Delay = 0.00>
ST_6 : Operation 228 [1/1] (0.00ns)   --->   "%br_ln145 = br void %arrayidx26.i37.exit" [/home/luka/Scripting/ELEC_498-Capstone-LiteLM/HLS-Verilog/Transformer_logic/src-hls/headed_compute_controller.cpp:145->/home/luka/Scripting/ELEC_498-Capstone-LiteLM/HLS-Verilog/Transformer_logic/src-hls/headed_compute_controller.cpp:687]   --->   Operation 228 'br' 'br_ln145' <Predicate = (trunc_ln139 == 8)> <Delay = 0.00>
ST_6 : Operation 229 [1/1] (0.00ns)   --->   "%store_ln145 = store i20 %acc_1, i20 %headed_compute_controller_bool_bool_unsigned_int_bool_bool_bool_bool_b_16" [/home/luka/Scripting/ELEC_498-Capstone-LiteLM/HLS-Verilog/Transformer_logic/src-hls/headed_compute_controller.cpp:145->/home/luka/Scripting/ELEC_498-Capstone-LiteLM/HLS-Verilog/Transformer_logic/src-hls/headed_compute_controller.cpp:687]   --->   Operation 229 'store' 'store_ln145' <Predicate = (trunc_ln139 == 7)> <Delay = 0.00>
ST_6 : Operation 230 [1/1] (0.00ns)   --->   "%br_ln145 = br void %arrayidx26.i37.exit" [/home/luka/Scripting/ELEC_498-Capstone-LiteLM/HLS-Verilog/Transformer_logic/src-hls/headed_compute_controller.cpp:145->/home/luka/Scripting/ELEC_498-Capstone-LiteLM/HLS-Verilog/Transformer_logic/src-hls/headed_compute_controller.cpp:687]   --->   Operation 230 'br' 'br_ln145' <Predicate = (trunc_ln139 == 7)> <Delay = 0.00>
ST_6 : Operation 231 [1/1] (0.00ns)   --->   "%store_ln145 = store i20 %acc_1, i20 %headed_compute_controller_bool_bool_unsigned_int_bool_bool_bool_bool_b_17" [/home/luka/Scripting/ELEC_498-Capstone-LiteLM/HLS-Verilog/Transformer_logic/src-hls/headed_compute_controller.cpp:145->/home/luka/Scripting/ELEC_498-Capstone-LiteLM/HLS-Verilog/Transformer_logic/src-hls/headed_compute_controller.cpp:687]   --->   Operation 231 'store' 'store_ln145' <Predicate = (trunc_ln139 == 6)> <Delay = 0.00>
ST_6 : Operation 232 [1/1] (0.00ns)   --->   "%br_ln145 = br void %arrayidx26.i37.exit" [/home/luka/Scripting/ELEC_498-Capstone-LiteLM/HLS-Verilog/Transformer_logic/src-hls/headed_compute_controller.cpp:145->/home/luka/Scripting/ELEC_498-Capstone-LiteLM/HLS-Verilog/Transformer_logic/src-hls/headed_compute_controller.cpp:687]   --->   Operation 232 'br' 'br_ln145' <Predicate = (trunc_ln139 == 6)> <Delay = 0.00>
ST_6 : Operation 233 [1/1] (0.00ns)   --->   "%store_ln145 = store i20 %acc_1, i20 %headed_compute_controller_bool_bool_unsigned_int_bool_bool_bool_bool_b_18" [/home/luka/Scripting/ELEC_498-Capstone-LiteLM/HLS-Verilog/Transformer_logic/src-hls/headed_compute_controller.cpp:145->/home/luka/Scripting/ELEC_498-Capstone-LiteLM/HLS-Verilog/Transformer_logic/src-hls/headed_compute_controller.cpp:687]   --->   Operation 233 'store' 'store_ln145' <Predicate = (trunc_ln139 == 5)> <Delay = 0.00>
ST_6 : Operation 234 [1/1] (0.00ns)   --->   "%br_ln145 = br void %arrayidx26.i37.exit" [/home/luka/Scripting/ELEC_498-Capstone-LiteLM/HLS-Verilog/Transformer_logic/src-hls/headed_compute_controller.cpp:145->/home/luka/Scripting/ELEC_498-Capstone-LiteLM/HLS-Verilog/Transformer_logic/src-hls/headed_compute_controller.cpp:687]   --->   Operation 234 'br' 'br_ln145' <Predicate = (trunc_ln139 == 5)> <Delay = 0.00>
ST_6 : Operation 235 [1/1] (0.00ns)   --->   "%store_ln145 = store i20 %acc_1, i20 %headed_compute_controller_bool_bool_unsigned_int_bool_bool_bool_bool_b_19" [/home/luka/Scripting/ELEC_498-Capstone-LiteLM/HLS-Verilog/Transformer_logic/src-hls/headed_compute_controller.cpp:145->/home/luka/Scripting/ELEC_498-Capstone-LiteLM/HLS-Verilog/Transformer_logic/src-hls/headed_compute_controller.cpp:687]   --->   Operation 235 'store' 'store_ln145' <Predicate = (trunc_ln139 == 4)> <Delay = 0.00>
ST_6 : Operation 236 [1/1] (0.00ns)   --->   "%br_ln145 = br void %arrayidx26.i37.exit" [/home/luka/Scripting/ELEC_498-Capstone-LiteLM/HLS-Verilog/Transformer_logic/src-hls/headed_compute_controller.cpp:145->/home/luka/Scripting/ELEC_498-Capstone-LiteLM/HLS-Verilog/Transformer_logic/src-hls/headed_compute_controller.cpp:687]   --->   Operation 236 'br' 'br_ln145' <Predicate = (trunc_ln139 == 4)> <Delay = 0.00>
ST_6 : Operation 237 [1/1] (0.00ns)   --->   "%store_ln145 = store i20 %acc_1, i20 %headed_compute_controller_bool_bool_unsigned_int_bool_bool_bool_bool_b_20" [/home/luka/Scripting/ELEC_498-Capstone-LiteLM/HLS-Verilog/Transformer_logic/src-hls/headed_compute_controller.cpp:145->/home/luka/Scripting/ELEC_498-Capstone-LiteLM/HLS-Verilog/Transformer_logic/src-hls/headed_compute_controller.cpp:687]   --->   Operation 237 'store' 'store_ln145' <Predicate = (trunc_ln139 == 3)> <Delay = 0.00>
ST_6 : Operation 238 [1/1] (0.00ns)   --->   "%br_ln145 = br void %arrayidx26.i37.exit" [/home/luka/Scripting/ELEC_498-Capstone-LiteLM/HLS-Verilog/Transformer_logic/src-hls/headed_compute_controller.cpp:145->/home/luka/Scripting/ELEC_498-Capstone-LiteLM/HLS-Verilog/Transformer_logic/src-hls/headed_compute_controller.cpp:687]   --->   Operation 238 'br' 'br_ln145' <Predicate = (trunc_ln139 == 3)> <Delay = 0.00>
ST_6 : Operation 239 [1/1] (0.00ns)   --->   "%store_ln145 = store i20 %acc_1, i20 %headed_compute_controller_bool_bool_unsigned_int_bool_bool_bool_bool_b_21" [/home/luka/Scripting/ELEC_498-Capstone-LiteLM/HLS-Verilog/Transformer_logic/src-hls/headed_compute_controller.cpp:145->/home/luka/Scripting/ELEC_498-Capstone-LiteLM/HLS-Verilog/Transformer_logic/src-hls/headed_compute_controller.cpp:687]   --->   Operation 239 'store' 'store_ln145' <Predicate = (trunc_ln139 == 2)> <Delay = 0.00>
ST_6 : Operation 240 [1/1] (0.00ns)   --->   "%br_ln145 = br void %arrayidx26.i37.exit" [/home/luka/Scripting/ELEC_498-Capstone-LiteLM/HLS-Verilog/Transformer_logic/src-hls/headed_compute_controller.cpp:145->/home/luka/Scripting/ELEC_498-Capstone-LiteLM/HLS-Verilog/Transformer_logic/src-hls/headed_compute_controller.cpp:687]   --->   Operation 240 'br' 'br_ln145' <Predicate = (trunc_ln139 == 2)> <Delay = 0.00>
ST_6 : Operation 241 [1/1] (0.00ns)   --->   "%store_ln145 = store i20 %acc_1, i20 %headed_compute_controller_bool_bool_unsigned_int_bool_bool_bool_bool_b_22" [/home/luka/Scripting/ELEC_498-Capstone-LiteLM/HLS-Verilog/Transformer_logic/src-hls/headed_compute_controller.cpp:145->/home/luka/Scripting/ELEC_498-Capstone-LiteLM/HLS-Verilog/Transformer_logic/src-hls/headed_compute_controller.cpp:687]   --->   Operation 241 'store' 'store_ln145' <Predicate = (trunc_ln139 == 1)> <Delay = 0.00>
ST_6 : Operation 242 [1/1] (0.00ns)   --->   "%br_ln145 = br void %arrayidx26.i37.exit" [/home/luka/Scripting/ELEC_498-Capstone-LiteLM/HLS-Verilog/Transformer_logic/src-hls/headed_compute_controller.cpp:145->/home/luka/Scripting/ELEC_498-Capstone-LiteLM/HLS-Verilog/Transformer_logic/src-hls/headed_compute_controller.cpp:687]   --->   Operation 242 'br' 'br_ln145' <Predicate = (trunc_ln139 == 1)> <Delay = 0.00>
ST_6 : Operation 243 [1/1] (0.00ns)   --->   "%store_ln145 = store i20 %acc_1, i20 %headed_compute_controller_bool_bool_unsigned_int_bool_bool_bool_bool_b_23" [/home/luka/Scripting/ELEC_498-Capstone-LiteLM/HLS-Verilog/Transformer_logic/src-hls/headed_compute_controller.cpp:145->/home/luka/Scripting/ELEC_498-Capstone-LiteLM/HLS-Verilog/Transformer_logic/src-hls/headed_compute_controller.cpp:687]   --->   Operation 243 'store' 'store_ln145' <Predicate = (trunc_ln139 == 0)> <Delay = 0.00>
ST_6 : Operation 244 [1/1] (0.00ns)   --->   "%br_ln145 = br void %arrayidx26.i37.exit" [/home/luka/Scripting/ELEC_498-Capstone-LiteLM/HLS-Verilog/Transformer_logic/src-hls/headed_compute_controller.cpp:145->/home/luka/Scripting/ELEC_498-Capstone-LiteLM/HLS-Verilog/Transformer_logic/src-hls/headed_compute_controller.cpp:687]   --->   Operation 244 'br' 'br_ln145' <Predicate = (trunc_ln139 == 0)> <Delay = 0.00>
ST_6 : Operation 245 [1/1] (0.00ns)   --->   "%store_ln145 = store i20 %acc_1, i20 %p_ZZ25headed_compute_controllerbbjRbS_bS_S_RjPKhPhR12ComputeStateS0_RhS6_S6_S6_S_6" [/home/luka/Scripting/ELEC_498-Capstone-LiteLM/HLS-Verilog/Transformer_logic/src-hls/headed_compute_controller.cpp:145->/home/luka/Scripting/ELEC_498-Capstone-LiteLM/HLS-Verilog/Transformer_logic/src-hls/headed_compute_controller.cpp:687]   --->   Operation 245 'store' 'store_ln145' <Predicate = (trunc_ln139 == 15)> <Delay = 0.00>
ST_6 : Operation 246 [1/1] (0.00ns)   --->   "%br_ln145 = br void %arrayidx26.i37.exit" [/home/luka/Scripting/ELEC_498-Capstone-LiteLM/HLS-Verilog/Transformer_logic/src-hls/headed_compute_controller.cpp:145->/home/luka/Scripting/ELEC_498-Capstone-LiteLM/HLS-Verilog/Transformer_logic/src-hls/headed_compute_controller.cpp:687]   --->   Operation 246 'br' 'br_ln145' <Predicate = (trunc_ln139 == 15)> <Delay = 0.00>


============================================================
+ Verbose Summary: Timing violations
============================================================
Target clock period: 10.000ns, clock uncertainty: 2.700ns.

 <State 1>: 1.643ns
The critical path consists of the following:
	'store' operation 0 bit ('store_ln139', /home/luka/Scripting/ELEC_498-Capstone-LiteLM/HLS-Verilog/Transformer_logic/src-hls/headed_compute_controller.cpp:139->/home/luka/Scripting/ELEC_498-Capstone-LiteLM/HLS-Verilog/Transformer_logic/src-hls/headed_compute_controller.cpp:687) of constant 0 on local variable 'out', /home/luka/Scripting/ELEC_498-Capstone-LiteLM/HLS-Verilog/Transformer_logic/src-hls/headed_compute_controller.cpp:139->/home/luka/Scripting/ELEC_498-Capstone-LiteLM/HLS-Verilog/Transformer_logic/src-hls/headed_compute_controller.cpp:687 [90]  (0.427 ns)
	'load' operation 5 bit ('out', /home/luka/Scripting/ELEC_498-Capstone-LiteLM/HLS-Verilog/Transformer_logic/src-hls/headed_compute_controller.cpp:139->/home/luka/Scripting/ELEC_498-Capstone-LiteLM/HLS-Verilog/Transformer_logic/src-hls/headed_compute_controller.cpp:687) on local variable 'out', /home/luka/Scripting/ELEC_498-Capstone-LiteLM/HLS-Verilog/Transformer_logic/src-hls/headed_compute_controller.cpp:139->/home/luka/Scripting/ELEC_498-Capstone-LiteLM/HLS-Verilog/Transformer_logic/src-hls/headed_compute_controller.cpp:687 [93]  (0.000 ns)
	'icmp' operation 1 bit ('icmp_ln139', /home/luka/Scripting/ELEC_498-Capstone-LiteLM/HLS-Verilog/Transformer_logic/src-hls/headed_compute_controller.cpp:139->/home/luka/Scripting/ELEC_498-Capstone-LiteLM/HLS-Verilog/Transformer_logic/src-hls/headed_compute_controller.cpp:687) [94]  (0.789 ns)
	'store' operation 0 bit ('store_ln139', /home/luka/Scripting/ELEC_498-Capstone-LiteLM/HLS-Verilog/Transformer_logic/src-hls/headed_compute_controller.cpp:139->/home/luka/Scripting/ELEC_498-Capstone-LiteLM/HLS-Verilog/Transformer_logic/src-hls/headed_compute_controller.cpp:687) of variable 'add_ln139', /home/luka/Scripting/ELEC_498-Capstone-LiteLM/HLS-Verilog/Transformer_logic/src-hls/headed_compute_controller.cpp:139->/home/luka/Scripting/ELEC_498-Capstone-LiteLM/HLS-Verilog/Transformer_logic/src-hls/headed_compute_controller.cpp:687 on local variable 'out', /home/luka/Scripting/ELEC_498-Capstone-LiteLM/HLS-Verilog/Transformer_logic/src-hls/headed_compute_controller.cpp:139->/home/luka/Scripting/ELEC_498-Capstone-LiteLM/HLS-Verilog/Transformer_logic/src-hls/headed_compute_controller.cpp:687 [265]  (0.427 ns)

 <State 2>: 1.673ns
The critical path consists of the following:
	'load' operation 8 bit ('w', /home/luka/Scripting/ELEC_498-Capstone-LiteLM/HLS-Verilog/Transformer_logic/src-hls/headed_compute_controller.cpp:139->/home/luka/Scripting/ELEC_498-Capstone-LiteLM/HLS-Verilog/Transformer_logic/src-hls/headed_compute_controller.cpp:687) on array 'p_ZZ25headed_compute_controllerbbjRbS_bS_S_RjPKhPhR12ComputeStateS0_RhS6_S6_S6_S_12' [136]  (0.677 ns)
	'mul' operation 16 bit of DSP[206] ('mul_ln143', /home/luka/Scripting/ELEC_498-Capstone-LiteLM/HLS-Verilog/Transformer_logic/src-hls/headed_compute_controller.cpp:143->/home/luka/Scripting/ELEC_498-Capstone-LiteLM/HLS-Verilog/Transformer_logic/src-hls/headed_compute_controller.cpp:687) [153]  (0.996 ns)

 <State 3>: 1.673ns
The critical path consists of the following:
	'load' operation 8 bit ('w', /home/luka/Scripting/ELEC_498-Capstone-LiteLM/HLS-Verilog/Transformer_logic/src-hls/headed_compute_controller.cpp:139->/home/luka/Scripting/ELEC_498-Capstone-LiteLM/HLS-Verilog/Transformer_logic/src-hls/headed_compute_controller.cpp:687) on array 'headed_compute_controller_bool_bool_unsigned_int_bool_bool_bool_bool_b_32' [122]  (0.677 ns)
	'mul' operation 16 bit of DSP[192] ('mul_ln143_2', /home/luka/Scripting/ELEC_498-Capstone-LiteLM/HLS-Verilog/Transformer_logic/src-hls/headed_compute_controller.cpp:143->/home/luka/Scripting/ELEC_498-Capstone-LiteLM/HLS-Verilog/Transformer_logic/src-hls/headed_compute_controller.cpp:687) [156]  (0.996 ns)

 <State 4>: 0.996ns
The critical path consists of the following:
	'mul' operation 16 bit of DSP[192] ('mul_ln143_2', /home/luka/Scripting/ELEC_498-Capstone-LiteLM/HLS-Verilog/Transformer_logic/src-hls/headed_compute_controller.cpp:143->/home/luka/Scripting/ELEC_498-Capstone-LiteLM/HLS-Verilog/Transformer_logic/src-hls/headed_compute_controller.cpp:687) [156]  (0.996 ns)

 <State 5>: 2.972ns
The critical path consists of the following:
	'load' operation 8 bit ('w', /home/luka/Scripting/ELEC_498-Capstone-LiteLM/HLS-Verilog/Transformer_logic/src-hls/headed_compute_controller.cpp:139->/home/luka/Scripting/ELEC_498-Capstone-LiteLM/HLS-Verilog/Transformer_logic/src-hls/headed_compute_controller.cpp:687) on array 'p_ZZ25headed_compute_controllerbbjRbS_bS_S_RjPKhPhR12ComputeStateS0_RhS6_S6_S6_S_13' [135]  (0.677 ns)
	'mul' operation 16 bit ('mul_ln143_15', /home/luka/Scripting/ELEC_498-Capstone-LiteLM/HLS-Verilog/Transformer_logic/src-hls/headed_compute_controller.cpp:143->/home/luka/Scripting/ELEC_498-Capstone-LiteLM/HLS-Verilog/Transformer_logic/src-hls/headed_compute_controller.cpp:687) [182]  (1.650 ns)
	'add' operation 17 bit of DSP[184] ('add_ln143', /home/luka/Scripting/ELEC_498-Capstone-LiteLM/HLS-Verilog/Transformer_logic/src-hls/headed_compute_controller.cpp:143->/home/luka/Scripting/ELEC_498-Capstone-LiteLM/HLS-Verilog/Transformer_logic/src-hls/headed_compute_controller.cpp:687) [184]  (0.645 ns)

 <State 6>: 3.265ns
The critical path consists of the following:
	'add' operation 17 bit of DSP[184] ('add_ln143', /home/luka/Scripting/ELEC_498-Capstone-LiteLM/HLS-Verilog/Transformer_logic/src-hls/headed_compute_controller.cpp:143->/home/luka/Scripting/ELEC_498-Capstone-LiteLM/HLS-Verilog/Transformer_logic/src-hls/headed_compute_controller.cpp:687) [184]  (0.645 ns)
	'add' operation 18 bit ('add_ln143_2', /home/luka/Scripting/ELEC_498-Capstone-LiteLM/HLS-Verilog/Transformer_logic/src-hls/headed_compute_controller.cpp:143->/home/luka/Scripting/ELEC_498-Capstone-LiteLM/HLS-Verilog/Transformer_logic/src-hls/headed_compute_controller.cpp:687) [188]  (0.863 ns)
	'add' operation 19 bit ('add_ln143_6', /home/luka/Scripting/ELEC_498-Capstone-LiteLM/HLS-Verilog/Transformer_logic/src-hls/headed_compute_controller.cpp:143->/home/luka/Scripting/ELEC_498-Capstone-LiteLM/HLS-Verilog/Transformer_logic/src-hls/headed_compute_controller.cpp:687) [196]  (0.873 ns)
	'add' operation 20 bit ('acc', /home/luka/Scripting/ELEC_498-Capstone-LiteLM/HLS-Verilog/Transformer_logic/src-hls/headed_compute_controller.cpp:143->/home/luka/Scripting/ELEC_498-Capstone-LiteLM/HLS-Verilog/Transformer_logic/src-hls/headed_compute_controller.cpp:687) [214]  (0.884 ns)
	'store' operation 0 bit ('store_ln145', /home/luka/Scripting/ELEC_498-Capstone-LiteLM/HLS-Verilog/Transformer_logic/src-hls/headed_compute_controller.cpp:145->/home/luka/Scripting/ELEC_498-Capstone-LiteLM/HLS-Verilog/Transformer_logic/src-hls/headed_compute_controller.cpp:687) of variable 'acc', /home/luka/Scripting/ELEC_498-Capstone-LiteLM/HLS-Verilog/Transformer_logic/src-hls/headed_compute_controller.cpp:143->/home/luka/Scripting/ELEC_498-Capstone-LiteLM/HLS-Verilog/Transformer_logic/src-hls/headed_compute_controller.cpp:687 on static variable 'p_ZZ25headed_compute_controllerbbjRbS_bS_S_RjPKhPhR12ComputeStateS0_RhS6_S6_S6_S_7' [217]  (0.000 ns)


============================================================
+ Verbose Summary: Binding
============================================================
N/A
* FSMD analyzer results:
  - Output states:
 - Input state : 
  - Chain level:
	State 1
	State 2
	State 3
	State 4
	State 5
	State 6


============================================================
+ Verbose Summary: Datapath Resource usage 
============================================================
N/A
